Price,Close,High,Low,Open,Volume
Ticker,CCL.VN,CCL.VN,CCL.VN,CCL.VN,CCL.VN
Date,,,,,
2017-01-03,2145.780029296875,2221.0706496805683,2040.373483567856,2040.373483567856,72302
2017-01-04,2010.257080078125,2175.896397406882,2010.257080078125,2175.896397406882,10875
2017-01-05,2115.663818359375,2145.779973498823,2115.663818359375,2130.721895929099,627
2017-01-06,2108.134765625,2145.779959300212,2108.134765625,2145.779959300212,576
2017-01-09,2070.48974609375,2108.134942935209,2070.48974609375,2108.134942935209,14073
2017-01-10,2032.844482421875,2062.9606389049645,2032.844482421875,2032.844482421875,16570
2017-01-11,2032.844482421875,2032.844482421875,2017.786173603075,2025.315212723848,23419
2017-01-12,2032.844482421875,2070.489678025737,2017.786173603075,2032.844482421875,22565
2017-01-13,2062.960693359375,2070.489732678886,2032.8445360813323,2070.489732678886,14851
2017-01-16,2047.9024658203125,2138.250931085334,2032.8443882761424,2138.250931085334,10373
2017-01-17,2032.844482421875,2047.90256066342,2032.844482421875,2047.90256066342,12732
2017-01-18,2040.37353515625,2047.9025743272568,2017.786187065972,2032.844495985243,1354
2017-01-19,2047.9024658203125,2047.9024658203125,2017.786080154728,2017.786080154728,25276
2017-01-20,2047.9024658203125,2047.9024658203125,2032.8443882761424,2047.9024658203125,9169
2017-01-23,2040.37353515625,2047.9025743272568,2010.257147894965,2040.37353515625,7826
2017-01-24,2138.2509765625,2145.780015494716,2010.257084137584,2017.7861230697995,79691
2017-01-25,2108.134765625,2123.1928430950848,2108.134765625,2108.134765625,44505
2017-02-03,2108.134765625,2138.250920565169,2070.489571949788,2130.721881830127,6409
2017-02-06,2062.960693359375,2108.1349292764394,2062.960693359375,2108.1349292764394,22466
2017-02-07,2078.0185546875,2145.779901476885,2032.8443234945769,2145.779901476885,43552
2017-02-08,2070.48974609375,2130.722061040085,2040.3735886205825,2130.722061040085,20082
2017-02-09,2108.134765625,2130.721881830127,2078.0186106848305,2100.6057268899576,155984
2017-02-10,2100.605712890625,2138.250906314953,2047.9024420965657,2138.250906314953,12418
2017-02-13,2100.605712890625,2108.1347515754906,2047.9024420965657,2047.9024420965657,44442
2017-02-14,2123.19287109375,2130.7219099280783,2100.605754590765,2130.7219099280783,427586
2017-02-15,2213.54150390625,2251.186696993256,2153.309194967041,2183.4253494366453,87594
2017-02-16,2168.367431640625,2221.0707058376734,2145.780083550347,2221.0707058376734,114903
2017-02-17,2153.309326171875,2190.954521552667,2108.1348611376707,2175.89644340035,169142
2017-02-20,2213.54150390625,2213.54150390625,2153.309194967041,2175.8963108192443,309635
2017-02-21,2228.599609375,2266.2448029389298,2221.0705706622143,2251.186725513358,690646
2017-02-22,2258.7158203125,2303.890284288189,2228.59966471354,2243.65774251302,96676
2017-02-23,2183.425537109375,2273.774008283942,2183.425537109375,2273.774008283942,167699
2017-02-24,2175.896484375,2213.5416804646948,2145.780096925986,2183.425523592939,198759
2017-02-27,2183.425537109375,2206.012654903017,2153.309380051186,2206.012654903017,83642
2017-02-28,2145.780029296875,2251.1868056031453,2145.780029296875,2190.954493757992,145723
2017-03-01,2145.780029296875,2221.0706496805683,2108.134834393654,2145.780029296875,408570
2017-03-02,2108.134765625,2145.779959300212,2100.6057268899576,2145.779959300212,241935
2017-03-03,2130.721923828125,2183.4254265894874,2085.5476905274554,2108.13480717779,62845
2017-03-06,2115.663818359375,2145.779973498823,2108.134779574513,2138.2509347139608,27283
2017-03-07,2123.19287109375,2130.7219099280783,2115.6638322594217,2115.6638322594217,45258
2017-03-08,2175.896484375,2175.896484375,2130.722018490108,2145.780096925986,62493
2017-03-09,2206.012451171875,2236.128605448757,2153.3091811873323,2175.8962968949936,371616
2017-03-10,2221.070556640625,2251.1867113016456,2153.3092086533284,2206.0124793101145,35210
2017-03-13,2145.780029296875,2213.541610699924,2108.134834393654,2108.134834393654,6899
2017-03-14,2206.012451171875,2206.012451171875,2115.663757763992,2160.8382197565525,171024
2017-03-15,2175.896484375,2206.012641246756,2130.722018490108,2206.012641246756,13095
2017-03-16,2175.896484375,2213.5416804646948,2130.722018490108,2138.251057708047,59570
2017-03-17,2138.2509765625,2175.896401800828,2130.721937630284,2130.721937630284,109746
2017-03-20,2168.367431640625,2168.367431640625,2138.2510443793403,2138.2510443793403,42887
2017-03-21,2168.367431640625,2183.4255099826387,2130.722005208333,2183.4255099826387,9758
2017-03-22,2115.663818359375,2153.3092428609298,2115.663818359375,2130.721895929099,31184
2017-03-23,2115.663818359375,2145.779973498823,2100.605740789651,2100.605740789651,68502
2017-03-24,2078.0185546875,2175.8962861827376,2078.0185546875,2175.8962861827376,88322
2017-03-27,2108.134765625,2175.8963448176246,2100.6057268899576,2108.134765625,12932
2017-03-28,2108.134765625,2108.134765625,2085.547649419873,2108.134765625,60599
2017-03-29,2130.721923828125,2130.721923828125,2085.5476905274554,2085.5476905274554,316070
2017-03-30,2108.134765625,2130.721881830127,2108.134765625,2130.721881830127,337182
2017-03-31,2138.2509765625,2138.2509765625,2100.605781901422,2100.605781901422,30895
2017-04-03,2115.663818359375,2115.663818359375,2062.9605468653413,2062.9605468653413,5657
2017-04-04,2130.721923828125,2175.8963877060423,2108.13480717779,2138.2509627115696,20082
2017-04-05,2115.663818359375,2138.2509347139608,2100.605740789651,2138.2509347139608,5568
2017-04-07,2108.134765625,2115.6638043600424,2100.6057268899576,2115.6638043600424,12732
2017-04-10,2108.134765625,2138.250920565169,2085.547649419873,2138.250920565169,25701
2017-04-11,2108.134765625,2108.134765625,1995.1989540221207,2093.0766881549152,75626
2017-04-12,2070.48974609375,2100.6059035669177,1965.0829643604,2040.3735886205825,311617
2017-04-13,2017.7861328125,2100.60579204401,2002.7280548753624,2100.60579204401,30280
2017-04-14,2062.960693359375,2062.960693359375,1995.1991089065173,2017.7862268650488,96048
2017-04-17,2085.547607421875,2108.134723172151,2025.3150681772336,2025.3150681772336,7889
2017-04-18,2085.547607421875,2085.547607421875,2002.7279524269577,2085.547607421875,12920
2017-04-19,2062.960693359375,2070.489732678886,2017.7862268650488,2070.489732678886,12117
2017-04-20,2085.547607421875,2085.547607421875,2040.373375921324,2040.373375921324,627
2017-04-21,2047.9024658203125,2047.9024658203125,1980.1408862943017,2010.2570413826425,55807
2017-04-24,2040.37353515625,2040.37353515625,2025.315226236979,2040.37353515625,52559
2017-04-25,2032.844482421875,2040.3735215426475,2002.7280953615304,2002.7280953615304,83492
2017-04-26,2032.844482421875,2032.844482421875,2017.786173603075,2032.844482421875,94317
2017-04-27,2108.134765625,2138.250920565169,2025.3151089622904,2025.3151089622904,90616
2017-04-28,2062.960693359375,2130.722047234972,2055.4316540398645,2055.4316540398645,101643
2017-05-03,2040.37353515625,2123.192966037326,2032.844495985243,2070.489691840278,109182
2017-05-04,2032.844482421875,2108.1348736295986,2032.844482421875,2108.1348736295986,5042
2017-05-05,2070.48974609375,2115.6639823035016,2040.3735886205825,2070.48974609375,19894
2017-05-08,2115.663818359375,2115.663818359375,2047.9024692956173,2070.4895856502035,39224
2017-05-09,2115.663818359375,2123.192857144237,2078.018624435065,2115.663818359375,94268
2017-05-10,2153.309326171875,2175.89644340035,2108.1348611376707,2108.1348611376707,144707
2017-05-11,2303.890380859375,2303.890380859375,2183.425522836811,2183.425522836811,891012
2017-05-12,2446.9423828125,2462.000461404914,2371.651759273169,2462.000461404914,1076299
2017-05-15,2439.413330078125,2484.5875656065127,2371.651746208284,2484.5875656065127,325893
2017-05-16,2364.12255859375,2492.116448469223,2364.12255859375,2409.297021864488,418266
2017-05-17,2221.070556640625,2364.122521857715,2206.0124793101145,2364.122521857715,577839
2017-05-18,2213.54150390625,2243.6576583758547,2183.4253494366453,2221.070542523651,296803
2017-05-19,2364.12255859375,2364.12255859375,2236.128668718277,2258.715785065023,687373
2017-05-22,2318.948486328125,2409.297188542795,2206.0126662041025,2401.7681492396778,335740
2017-05-23,2311.41943359375,2356.593669149955,2183.425535607243,2281.3032765562803,371063
2017-05-24,2334.00634765625,2356.5934634629148,2243.657653852351,2273.7738082612377,295636
2017-05-25,2334.00634765625,2356.5934634629148,2273.7738082612377,2281.303077440699,123795
2017-05-26,2296.361328125,2334.0065239800347,2258.7159016927085,2334.0065239800347,112218
2017-05-29,2409.297119140625,2454.471353658041,2288.8322631835936,2296.3613022698296,518931
2017-05-30,2318.948486328125,2462.0004636646167,2318.948486328125,2462.0004636646167,226745
2017-05-31,2341.535400390625,2409.2969787968286,2296.36116850465,2318.948284447637,213523
2017-06-01,2311.41943359375,2356.593669149955,2258.715928200918,2356.593669149955,642591
2017-06-02,2341.535400390625,2401.767940149166,2318.948284447637,2386.7096322766,194181
2017-06-05,2371.651611328125,2394.2387278077485,2334.0064171954195,2371.651611328125,187871
2017-06-06,2326.4775390625,2371.651775142005,2326.4775390625,2371.651775142005,139664
2017-06-07,2364.12255859375,2371.651597375999,2326.4773646825065,2334.006403464756,322568
2017-06-08,2401.76806640625,2401.76806640625,2341.535523481381,2371.651679655189,197930
2017-06-09,2567.4072265625,2567.4072265625,2386.709823394605,2386.709823394605,1687518
2017-06-12,2574.936279296875,2717.9882563838246,2567.4072400068912,2710.459217093841,654256
2017-06-13,2710.458984375,2740.5751389491743,2492.116402557753,2627.63932871878,715295
2017-06-14,2883.627197265625,2883.627197265625,2710.459072271288,2823.394886164029,769335
2017-06-15,2785.749755859375,2936.3307676573063,2755.6333690379856,2861.040146469714,817053
2017-06-16,2808.3369140625,2808.3369140625,2710.459174262153,2785.749796549479,361065
2017-06-19,3004.092041015625,3004.092041015625,2928.801652364956,2936.330691230023,1194551
2017-06-20,3199.84765625,3207.376695452921,3004.0921758195464,3169.7314994383173,1258853
2017-06-21,3418.190185546875,3418.190185546875,3124.556970806376,3199.8475918986906,1556584
2017-06-22,3651.5908203125,3651.5908203125,3644.061781337253,3651.5908203125,827251
2017-06-23,3764.526611328125,3900.0495425889767,3689.235991482208,3900.0495425889767,1693715
2017-06-26,4028.04345703125,4028.04345703125,3741.939284508255,3839.817021671983,1220606
2017-06-27,4306.61865234375,4306.61865234375,4103.333905555711,4140.979331513758,900533
2017-06-28,4607.78076171875,4607.78076171875,4517.431829980254,4592.722683288087,445261
2017-06-29,4924.00048828125,4924.00048828125,4924.00048828125,4924.00048828125,173645
2017-06-30,5262.80810546875,5262.80810546875,4924.000663266163,5262.80810546875,3300689
2017-07-03,5624.20263671875,5624.20263671875,5262.808295355902,5270.337103949652,413337
2017-07-04,6015.71337890625,6015.71337890625,5872.66140924039,6015.71337890625,2011317
2017-07-05,6429.81103515625,6429.81103515625,6015.713215224662,6015.713215224662,1923258
2017-07-06,5985.59716796875,6858.96705568796,5985.59716796875,6858.96705568796,1679014
2017-07-07,5571.49951171875,5571.49951171875,5571.49951171875,5571.49951171875,228588
2017-07-10,5187.517578125,5187.517578125,5187.517578125,5187.517578125,223269
2017-07-11,4826.123046875,4826.123046875,4826.123046875,4826.123046875,258305
2017-07-12,4494.8447265625,4494.8447265625,4494.8447265625,4494.8447265625,88033
2017-07-13,4464.728515625,4803.5359515253895,4186.153389799038,4186.153389799038,3577723
2017-07-14,4186.1533203125,4668.012715218449,4186.1533203125,4592.722328875169,794272
2017-07-17,3900.049560546875,4028.043453470212,3900.049560546875,3990.398028085289,1682049
2017-07-18,3629.003662109375,3629.003662109375,3629.003662109375,3629.003662109375,290618
2017-07-19,3388.073974609375,3764.526612835167,3380.5447051022447,3380.5447051022447,2934304
2017-07-20,3621.474365234375,3621.474365234375,3275.138117778979,3598.88724873649,1351590
2017-07-21,3869.933349609375,3869.933349609375,3854.875041323422,3854.875041323422,369947
2017-07-24,3613.9453125,4065.688793606213,3606.4162736963335,4065.688793606213,1694680
2017-07-25,3448.306396484375,3538.655097113716,3365.486735026041,3388.07408311632,1822016
2017-07-26,3568.771240234375,3606.4164359463366,3252.5509045221306,3606.4164359463366,887237
2017-07-27,3320.3125,3568.771253797743,3320.3125,3501.009670681424,1215388
2017-07-28,3260.080078125,3320.3123894883124,3177.2604194231967,3199.8475361844385,950671
2017-07-31,3162.202392578125,3260.080130699197,3109.4988887080463,3199.847587787286,852163
2017-08-01,3184.78955078125,3305.2544075815827,3004.092150292123,3071.8537331198595,1098891
2017-08-02,3403.132080078125,3403.132080078125,3184.789488185708,3184.789488185708,1027528
2017-08-03,3636.53271484375,3636.53271484375,3576.30017292031,3636.53271484375,1941773
2017-08-04,3884.991455078125,3884.991455078125,3764.5266019704527,3764.5266019704527,1009290
2017-08-07,4156.037109375,4156.037109375,4156.037109375,4156.037109375,285250
2017-08-08,4442.14111328125,4442.14111328125,4442.14111328125,4442.14111328125,204279
2017-08-09,4133.4501953125,4750.832802953766,4133.4501953125,4750.832802953766,1851694
2017-08-10,3877.462158203125,4404.495800359866,3847.346002783253,3847.346002783253,2313765
2017-08-11,3915.107666015625,4028.04348181048,3847.346084307812,3877.462240365839,456288
2017-08-14,4186.1533203125,4186.1533203125,3915.107468322214,3915.107468322214,898350
2017-08-15,4140.9794921875,4186.153728397251,3907.578580038661,4186.153728397251,645225
2017-08-16,4065.68896484375,4216.269747259197,3960.2819559984255,4216.269747259197,410953
2017-08-17,3787.11376953125,4065.688904604056,3787.11376953125,4005.456131375812,517138
2017-08-18,3915.107666015625,3952.7530916654114,3538.6550235585264,3621.474452718102,738590
2017-08-21,3644.061767578125,3990.39802028632,3644.061767578125,3772.055660251306,601910
2017-08-22,3689.236083984375,3892.5203706840816,3644.061849290497,3651.590888406143,881767
2017-08-23,3689.236083984375,3832.288057758911,3613.945462250656,3832.288057758911,216270
2017-08-24,3598.88720703125,3764.526520584077,3538.654897068217,3689.235902553042,570199
2017-08-25,3629.003662109375,3824.7589038164783,3448.306267604243,3598.887275973688,865548
2017-08-28,3629.003662109375,3794.642748258039,3538.654964856809,3621.4743926425167,280119
2017-08-29,3689.236083984375,3749.468396909546,3636.5328101748505,3719.35224044696,524740
2017-08-30,3666.64892578125,3726.881238035273,3606.416382949974,3689.2360428765087,454957
2017-08-31,3719.35205078125,3824.758823602411,3613.945277960089,3666.648779659291,622658
2017-09-01,3726.881103515625,3817.229799212828,3696.764948475639,3817.229799212828,720639
2017-09-05,3982.869140625,3982.869140625,3726.8811292834703,3764.52655392098,3685589
2017-09-06,3794.642822265625,4201.211621965682,3787.113783229175,3975.339989717677,2894251
2017-09-07,3952.753173828125,3975.3400607638887,3877.4623209635415,3915.107747395833,1031216
2017-09-08,3967.81103515625,4133.449887859017,3907.578263928028,3990.397920856656,987977
2017-09-11,3847.345947265625,4050.6302239935903,3832.287869772979,3967.811028361281,209359
2017-09-12,3847.345947265625,3877.462102250917,3719.3520580008894,3847.345947265625,1240789
2017-09-13,3749.46826171875,3877.4621526470464,3734.410184030391,3764.526569984356,500655
2017-09-14,3726.881103515625,3764.526527892852,3704.293987235635,3764.526527892852,363086
2017-09-15,3621.474365234375,3794.64271953932,3613.945326401747,3794.64271953932,736733
2017-09-18,3869.933349609375,3869.933349609375,3689.235955950408,3726.881150222173,488024
2017-09-19,3982.869140625,4133.449916866054,3915.10756073928,4103.333761617843,765985
2017-09-20,3839.817138671875,3975.340074805965,3764.526746695858,3967.81126618562,591775
2017-09-21,3802.171875,3907.578421890043,3787.113796872851,3839.817070317873,422544
2017-09-22,3952.753173828125,3990.398139105903,3802.171929253472,3802.171929253472,478879
2017-09-25,3839.817138671875,3990.398153201168,3839.817138671875,3990.398153201168,250101
2017-09-26,3869.933349609375,3930.1656604442,3726.881150222173,3802.171769342952,351394
2017-09-27,3854.875,3975.339850955539,3802.1717285844966,3877.4621163209295,477963
2017-09-28,3591.358154296875,3967.8110124084496,3591.358154296875,3915.107510818842,1607751
2017-09-29,3403.132080078125,3576.300207447516,3342.899537573173,3342.899537573173,2155284
2017-10-02,3169.7314453125,3538.655051687708,3169.7314453125,3403.1321177720456,800231
2017-10-03,2951.388916015625,3162.202475895958,2951.388916015625,2996.563151456872,1789464
2017-10-04,2951.388916015625,3056.7956959557914,2755.633434615708,2763.162473855916,919036
2017-10-05,3154.67333984375,3154.67333984375,2951.388825442109,2951.388825442109,600643
2017-10-06,3101.9697265625,3154.6732283410056,3011.6210310688075,3154.6732283410056,373860
2017-10-09,2898.685546875,3101.969830313462,2898.685546875,3086.9117523237423,473473
2017-10-10,2702.93017578125,3011.621247594106,2702.93017578125,2989.0341297410573,1304976
2017-10-11,2808.3369140625,2845.9821099175347,2635.168551974826,2710.459174262153,938993
2017-10-12,2748.104248046875,2898.6854859327354,2748.104248046875,2830.923905826374,780688
2017-10-13,2800.807861328125,2838.453057000857,2748.104356809045,2748.104356809045,291132
2017-10-16,2996.56298828125,2996.56298828125,2996.56298828125,2996.56298828125,773174
2017-10-17,2861.0400390625,3199.8474758215084,2861.0400390625,3199.8474758215084,2084523
2017-10-18,2868.569091796875,3004.092021044368,2861.040052981861,2861.040052981861,624916
2017-10-19,3034.20849609375,3056.7956132029,2906.214601897983,2958.917875152665,824203
2017-10-20,2823.39501953125,3034.208579499422,2823.39501953125,3034.208579499422,3079087
2017-10-23,2943.85986328125,2958.9179416926418,2823.395005412859,2823.395005412859,1107809
2017-10-24,3011.62109375,3034.208441026469,2943.859743652339,2943.859743652339,534611
2017-10-25,2958.917724609375,3011.62099518263,2951.388685956053,2951.388685956053,1289962
2017-10-26,2966.44677734375,2989.0338934109323,2936.330622587507,2951.3886999656283,882670
2017-10-27,2921.272705078125,2973.9759787857747,2891.156548673754,2943.859822381404,264539
2017-10-30,2876.09814453125,2928.80164706866,2845.981989125444,2928.80164706866,440331
2017-10-31,2808.3369140625,2906.214653862847,2800.807874891493,2876.0982666015625,92686
2017-11-01,2748.104248046875,2853.511022336079,2748.104248046875,2785.749672806964,163586
2017-11-02,2567.4072265625,2785.7498259831814,2559.8781873119424,2785.7498259831814,459724
2017-11-03,2484.58740234375,2635.168408120925,2484.58740234375,2567.407059280956,255495
2017-11-06,2657.755859375,2657.755859375,2484.587499938525,2582.465238240369,323609
2017-11-07,2717.988037109375,2838.452886607838,2657.7557276487646,2778.220577147228,270084
2017-11-08,2635.16845703125,2763.16234890408,2620.11037923177,2763.16234890408,119844
2017-11-09,2559.878173828125,2770.691732887817,2559.878173828125,2770.691732887817,245674
2017-11-10,2710.458984375,2710.458984375,2522.2327877091684,2559.8779809268867,148482
2017-11-13,2559.878173828125,2710.4591886233657,2522.232977773629,2710.4591886233657,311328
2017-11-14,2446.9423828125,2597.5233993139013,2431.884304220086,2559.878202832866,399249
2017-11-15,2522.23291015625,2582.4652222287027,2454.4713284974887,2507.1746015608846,181372
2017-11-16,2695.401123046875,2695.401123046875,2522.23298979368,2567.407225274359,510076
2017-11-17,2861.0400390625,2883.627155397652,2717.988071695961,2838.4529227273483,896519
2017-11-20,2800.807861328125,2906.2146397890297,2785.7497830590323,2906.2146397890297,237294
2017-11-21,2898.685546875,2906.2145858698595,2785.7497313748536,2785.7497313748536,414164
2017-11-22,2800.807861328125,2913.743678923576,2785.7497830590323,2898.685600654484,171175
2017-11-23,2861.0400390625,2876.098116619268,2793.278690057045,2853.511000284116,201192
2017-11-24,2800.807861328125,2898.685600654484,2793.278822193579,2861.040174404496,180583
2017-11-27,2921.272705078125,2996.563096089053,2800.8078488833853,2800.8078488833853,631364
2017-11-28,2891.156494140625,2996.5630395677413,2861.040107727056,2996.5630395677413,340280
2017-11-29,2868.569091796875,2913.743555264203,2861.040052981861,2861.040052981861,195735
2017-11-30,2876.09814453125,2936.330685920111,2815.865833719636,2815.865833719636,309899
2017-12-01,2868.569091796875,2921.272594079217,2861.040052981861,2921.272594079217,224800
2017-12-04,2830.924072265625,2936.3308527520367,2830.924072265625,2861.040229382525,196000
2017-12-05,2785.749755859375,2861.040146469714,2785.749755859375,2861.040146469714,237369
2017-12-06,2973.975830078125,2973.975830078125,2748.104207185085,2748.104207185085,992957
2017-12-07,3177.260498046875,3177.260498046875,3011.6211765443995,3011.6211765443995,1213820
2017-12-08,3395.60302734375,3395.60302734375,3177.260436335055,3275.1381733986686,962689
2017-12-11,3613.9453125,3613.9453125,3425.7191118310943,3531.1258856596696,720276
2017-12-12,3583.829345703125,3764.526747645674,3388.074095938832,3395.603135138333,1323404
2017-12-13,3335.37060546875,3606.4164789839433,3335.37060546875,3606.4164789839433,786483
2017-12-14,3117.02783203125,3335.3704186939617,3101.9697544099936,3169.731334282894,635353
2017-12-15,3237.49267578125,3305.254255490951,3117.027824524084,3117.027824524084,190806
2017-12-18,3101.9697265625,3312.7832725220346,3101.9697265625,3214.9055382853044,279466
2017-12-19,3094.440673828125,3222.4345624582875,2943.859669070977,3162.202252786325,732531
2017-12-20,3305.25439453125,3305.25439453125,3034.2085254450017,3139.615303551266,536770
2017-12-21,3237.49267578125,3327.841371868436,3199.8474818187747,3327.841371868436,122692
2017-12-22,3132.0859375,3237.4927123632174,3086.9117042345847,3237.4927123632174,292977
2017-12-25,3132.0859375,3199.847517975371,3101.969781989723,3199.847517975371,241409
2017-12-26,3162.202392578125,3199.847587787286,3064.3246544570525,3064.3246544570525,262106
2017-12-27,3101.9697265625,3192.3184220561925,3101.9697265625,3169.73130582708,93740
2017-12-28,3117.02783203125,3154.6732566616374,3101.9697544099936,3101.9697544099936,97366
2017-12-29,3019.150390625,3162.20236159547,2906.2145755267866,3162.20236159547,149988
2018-01-02,3011.62109375,3154.6732939995586,2989.03397705078,3019.1503632269887,421904
2018-01-03,3041.737548828125,3117.027939531016,2958.917888477692,2958.917888477692,89902
2018-01-04,2996.56298828125,3101.9697624815685,2996.56298828125,3041.737451839813,202773
2018-01-05,3011.62109375,3086.9117133246496,2996.56301595052,3064.324596625429,320548
2018-01-08,3086.91162109375,3117.0277757928984,3019.150273020666,3019.150273020666,221413
2018-01-09,3041.737548828125,3109.4989004607264,3041.737548828125,3086.911783249859,269507
2018-01-10,3011.62109375,3064.324596625429,2996.56301595052,3041.737479926209,248885
2018-01-11,3086.91162109375,3139.615122394501,2973.975810394702,3011.6210037686374,262683
2018-01-12,3252.55078125,3260.080050684288,3086.911695817858,3086.911695817858,595249
2018-01-15,3282.667236328125,3403.132091152802,3260.080119281733,3260.080119281733,479707
2018-01-16,3162.202392578125,3297.7253259083586,3139.615275452628,3260.080130699197,458483
2018-01-17,3139.615234375,3162.2023512049745,3086.911731194475,3132.085964854425,469433
2018-01-18,3124.556884765625,3124.556884765625,2951.388760772252,2951.388760772252,350641
2018-01-19,3011.62109375,3117.0278689236097,3011.62109375,3019.1503632269887,225064
2018-01-22,3222.4345703125,3222.4345703125,3222.4345703125,3222.4345703125,165354
2018-01-25,3177.260498046875,3440.7773279367843,3177.260498046875,3440.7773279367843,1029109
2018-01-26,3275.13818359375,3395.603037913823,3184.7894852093823,3184.7894852093823,614692
2018-01-29,3237.49267578125,3388.073912785642,3192.31844302628,3388.073912785642,143088
2018-01-30,3132.0859375,3154.673284709956,3056.7955487243075,3132.0859375,268704
2018-01-31,3124.556884765625,3124.556884765625,3026.679379791293,3026.679379791293,217023
2018-02-01,3011.62109375,3094.4407522243896,3011.62109375,3026.6794021267287,283205
2018-02-02,3049.2666015625,3124.5569926027747,3011.621175465108,3011.621175465108,94606
2018-02-05,2898.685546875,3049.266557349444,2898.685546875,3011.6211317978946,142423
2018-02-06,3011.62109375,3094.4407522243896,2702.9300377061595,2710.4590766059,239388
2018-02-07,2951.388916015625,3086.911852916622,2936.33083753521,3011.6212299372864,75527
2018-02-08,2913.74365234375,2981.505003936533,2898.6855742120206,2958.9178867389383,26893
2018-02-09,3109.498779296875,3117.0278180737896,2710.459032388664,2898.68546296602,566825
2018-02-12,3011.62109375,3117.0278689236097,2928.801665852859,3117.0278689236097,22628
2018-02-13,3011.62109375,3086.9117133246496,2989.03397705078,2989.03397705078,66846
2018-02-21,3214.905517578125,3222.434556272668,3011.6210116709817,3011.6210116709817,210838
2018-02-22,3162.202392578125,3237.492782996447,3071.8536934988847,3214.9056658709505,34558
2018-02-23,3192.318603515625,3199.847642686632,3064.32470703125,3162.202446831597,66232
2018-02-26,3162.202392578125,3192.318548745454,3086.911771582549,3192.318548745454,107978
2018-02-27,3139.615234375,3162.2023512049745,3086.911731194475,3147.144273318325,82112
2018-02-28,3282.667236328125,3350.428587467301,3124.556955848876,3139.6152644570566,412145
2018-03-01,3222.4345703125,3290.196149435859,3199.8474541304613,3290.196149435859,239000
2018-03-02,3177.260498046875,3290.1963152250155,3169.7314589401494,3222.434732687229,237783
2018-03-05,3162.202392578125,3214.9056658709505,3132.086005833543,3207.3766268291183,119468
2018-03-06,3154.67333984375,3207.3766129078226,3124.556953229885,3207.3766129078226,132489
2018-03-07,3290.1962890625,3320.3124452499296,3086.911773642845,3199.8475899229584,187356
2018-03-08,3275.13818359375,3282.6672225776765,3162.202368257603,3162.202368257603,220523
2018-03-09,3501.009521484375,3501.009521484375,3252.550778274809,3275.1381254025177,1926494
2018-03-12,3651.5908203125,3741.939288015468,3613.945394859012,3681.706976213489,599415
2018-03-13,3674.177978515625,3802.171873110023,3463.3644236858217,3651.590861336129,780424
2018-03-14,3433.248291015625,3674.17800373873,3425.7192519041064,3523.5969909311034,413964
2018-03-15,3327.841552734375,3425.719292933645,3282.667317524216,3282.667317524216,187482
2018-03-16,3440.77734375,3493.4806177392948,3297.7253694875144,3297.7253694875144,297956
2018-03-19,3388.073974609375,3463.364363908184,3350.428549382721,3455.8353249783027,234635
2018-03-20,3531.1259765625,3576.300210547432,3357.957618465756,3357.957618465756,329241
2018-03-21,3455.83544921875,3531.126071801575,3448.3064100181937,3531.126071801575,175163
2018-03-22,3561.2421875,3561.2421875,3388.074057308642,3463.3644484452084,1066477
2018-03-23,3388.073974609375,3531.125944854361,3380.5447051022447,3403.132052469137,323107
2018-03-26,3312.783447265625,3463.3644606465045,3312.783447265625,3448.306382366142,223734
2018-03-27,3297.725341796875,3312.78341995309,3199.8476032042254,3312.78341995309,77408
2018-03-28,3312.783447265625,3312.783447265625,3237.492825286557,3312.783447265625,39738
2018-03-29,3290.1962890625,3357.9576404842164,3222.434707063531,3350.428601437359,91557
2018-03-30,3162.202392578125,3312.783403992023,3162.202392578125,3222.4347049127828,141057
2018-04-02,3169.7314453125,3312.783418302519,3162.202406238144,3275.1382229307387,84621
2018-04-03,3162.202392578125,3237.492782996447,2951.388838252316,3199.847587787286,187068
2018-04-04,3079.3828125,3162.202474687904,3011.621228786759,3162.202474687904,405960
2018-04-05,3011.62109375,3079.382674424909,2989.03397705078,3026.6794021267287,421879
2018-04-06,3222.4345703125,3222.4345703125,3086.911642643025,3162.20226049373,428327
2018-04-09,3440.77734375,3440.77734375,3282.667291204859,3282.667291204859,576257
2018-04-10,3410.6611328125,3523.59694870927,3327.8414730009345,3440.7772888977047,312546
2018-04-11,3177.260498046875,3403.132132403156,3177.260498046875,3327.841510758644,327259
2018-04-12,2989.033935546875,3162.202288990884,2958.917780366089,3094.4407092568704,1022059
2018-04-13,2800.807861328125,3162.202431518117,2793.278822193579,3124.5570052681296,726297
2018-04-16,2928.8017578125,2951.388875220919,2770.691705376309,2861.0401750099863,373220
2018-04-17,2838.452880859375,2913.743498109901,2815.86576485739,2913.743498109901,251707
2018-04-18,2785.749755859375,2861.040146469714,2785.749755859375,2808.336873042477,286003
2018-04-19,2785.749755859375,2861.040146469714,2733.046251854884,2755.6333690379856,216420
2018-04-20,2973.975830078125,2973.975830078125,2830.9238637331314,2845.981941182368,500279
2018-04-23,3162.202392578125,3177.260470661789,3109.4988887080463,3177.260470661789,957156
2018-04-24,3019.150390625,3199.847556435791,3011.621121079685,3162.20236159547,196627
2018-04-26,3011.62109375,3162.2023328992987,2981.50493815104,3019.1503632269887,145045
2018-04-27,2951.388916015625,3086.911852916622,2936.33083753521,3086.911852916622,195899
2018-05-02,2898.685546875,3011.6211317978946,2898.685546875,2951.3888198390173,129077
2018-05-03,2958.917724609375,3011.62099518263,2861.0399915389467,2891.156376729476,232151
2018-05-04,2936.330810546875,2996.5631239149307,2921.272732204861,2996.5631239149307,74987
2018-05-07,2951.388916015625,2951.388916015625,2861.040214555874,2936.33083753521,254429
2018-05-08,2898.685546875,2951.3888198390173,2861.04012132345,2951.3888198390173,229667
2018-05-09,2989.033935546875,3086.911670461674,2861.04004545129,2898.685470004518,304568
2018-05-10,2928.8017578125,3064.3246928402714,2921.2727186763605,3064.3246928402714,20307
2018-05-11,2906.214599609375,2936.330755731192,2785.749744544856,2785.749744544856,186792
2018-05-14,2928.8017578125,2958.917914357059,2861.0401750099863,2936.33079694864,148533
2018-05-15,2928.8017578125,2989.034070901618,2883.627292418406,2883.627292418406,52207
2018-05-16,3019.150390625,3041.7375075291925,2921.272653462915,2928.801692430979,414704
2018-05-17,2996.56298828125,3071.853607160691,2943.859716469714,2951.388755299933,169807
2018-05-18,2936.330810546875,3011.6212022569443,2868.569227430556,2996.5631239149307,80268
2018-05-21,2883.627197265625,2981.504933382967,2876.0981583779258,2981.504933382967,51266
2018-05-22,2815.865966796875,2936.330824690494,2687.872069695984,2936.330824690494,100012
2018-05-23,2785.749755859375,2845.982068347646,2778.220716798341,2785.749755859375,167474
2018-05-24,2748.104248046875,2838.452944662942,2717.9880927006016,2755.633286883444,102923
2018-05-25,2725.51708984375,2823.394823799107,2710.459012400964,2748.1042060079303,210801
2018-05-28,2537.291015625,2763.162418917625,2537.291015625,2702.9301061935257,225917
2018-05-29,2597.523193359375,2687.87188832748,2537.2908837654672,2597.523193359375,233731
2018-05-30,2605.05224609375,2612.581284833552,2567.407052394738,2597.523207353948,173508
2018-05-31,2672.81396484375,2672.81396484375,2589.9943038056904,2612.5814212040914,86653
2018-06-01,2680.343017578125,2680.343017578125,2597.5233561197915,2672.813978407118,148156
2018-06-04,2861.0400390625,2861.0400390625,2710.4590329175776,2710.4590329175776,424337
2018-06-05,2800.807861328125,2928.801757192669,2800.807861328125,2928.801757192669,83843
2018-06-06,2845.98193359375,2845.98193359375,2785.749623957408,2800.8077013664933,206110
2018-06-07,2823.39501953125,2845.982137261284,2740.5753572771982,2800.807901801216,181611
2018-06-08,2823.39501953125,2838.45309801794,2755.633435763888,2815.865980287905,91344
2018-06-11,2808.3369140625,2853.511149088541,2785.749796549479,2853.511149088541,70271
2018-06-12,2808.3369140625,2823.3949924045137,2748.1043701171875,2808.3369140625,166244
2018-06-13,2800.807861328125,2823.394978731764,2763.1624350781376,2823.394978731764,28286
2018-06-14,2906.214599609375,2913.743638639829,2823.3949396971266,2823.3949396971266,193590
2018-06-15,2913.74365234375,2943.859808607209,2861.040148305443,2921.2726914096147,221213
2018-06-18,2823.39501953125,2936.330838758681,2823.39501953125,2936.330838758681,54653
2018-06-19,2778.220703125,2891.156519061935,2635.168500514897,2891.156519061935,128713
2018-06-20,2778.220703125,2793.2787811729577,2710.4591213319377,2710.4591213319377,106899
2018-06-21,2778.220703125,2808.336859220916,2717.9881603559165,2778.220703125,30255
2018-06-22,2778.220703125,2785.749742148979,2710.4591213319377,2710.4591213319377,48343
2018-06-25,2748.104248046875,2785.749672806964,2748.104248046875,2778.220633970396,82313
2018-06-26,2770.691650390625,2770.691650390625,2710.4591079195948,2770.691650390625,6585
2018-06-27,2785.749755859375,2808.336873042477,2748.104329976952,2808.336873042477,24485
2018-06-28,2635.16845703125,2800.807773980029,2635.16845703125,2785.7496961805487,137217
2018-06-29,2763.162353515625,2763.162353515625,2635.168461429181,2635.168461429181,68339
2018-07-02,2612.581298828125,2740.5751886676226,2612.581298828125,2710.4590335470925,125363
2018-07-03,2635.16845703125,2740.57523220486,2529.761912434889,2740.57523220486,205256
2018-07-04,2567.4072265625,2672.814006647562,2559.8781873119424,2559.8781873119424,89977
2018-07-05,2544.820068359375,2635.16853792992,2394.2388245872894,2627.6394987990407,255244
2018-07-06,2582.465087890625,2582.465087890625,2371.6515454489136,2514.703509756775,294871
2018-07-09,2552.34912109375,2612.5814344618057,2424.355224609375,2424.355224609375,98632
2018-07-10,2544.820068359375,2559.878146621132,2431.8842508189387,2484.5875247350896,33843
2018-07-11,2439.413330078125,2507.1746833707066,2371.651746208284,2507.1746833707066,117675
2018-07-12,2409.297119140625,2424.355197313097,2296.3613022698296,2379.1807322184263,81761
2018-07-13,2379.1806640625,2401.768011251407,2288.8321976158622,2288.8321976158622,71412
2018-07-16,2462.000244140625,2544.819899667572,2371.651549981887,2371.651549981887,55632
2018-07-17,2469.529296875,2492.1164128993614,2446.9421808506386,2462.000258200213,77772
2018-07-18,2574.936279296875,2635.168593616744,2416.8262236299583,2477.058537949827,205169
2018-07-19,2635.16845703125,2672.813882107199,2559.878068033849,2635.16845703125,130482
2018-07-20,2665.284912109375,2665.284912109375,2559.87813421083,2559.87813421083,82300
2018-07-23,2845.98193359375,2845.98193359375,2665.2847741074806,2710.4590063347373,607743
2018-07-24,3041.737548828125,3041.737548828125,2958.917888477692,2973.975966618269,707744
2018-07-25,3041.737548828125,3252.5508733734723,3041.737548828125,3237.492795232894,733421
2018-07-26,2838.452880859375,3154.6731966188936,2830.9238421920463,3154.6731966188936,290606
2018-07-27,2770.691650390625,2913.7436217156023,2770.691650390625,2785.74972836407,139827
2018-07-30,2680.343017578125,2861.0401882595484,2672.813978407118,2763.162448459201,426207
2018-07-31,2748.104248046875,2778.220633970396,2657.755782008055,2680.34289851776,113234
2018-08-01,2838.452880859375,2928.801575444558,2748.104186274192,2748.104186274192,138522
2018-08-02,2770.691650390625,2815.86588431096,2672.8139129859824,2785.74972836407,172366
2018-08-03,2740.5751953125,2770.691581083296,2687.8719237237865,2770.691581083296,143239
2018-08-06,2748.104248046875,2778.220633970396,2680.34289851776,2710.459053864033,90730
2018-08-07,2695.401123046875,2748.104397774334,2695.401123046875,2717.988240787214,75966
2018-08-08,2695.401123046875,2748.104397774334,2687.872083800095,2687.872083800095,62218
2018-08-09,2657.755859375,2672.8139374864754,2605.0523554075826,2650.2268203192625,222680
2018-08-10,2574.936279296875,2695.401138513874,2574.936279296875,2574.936279296875,94881
2018-08-13,2522.23291015625,2702.93007695086,2492.116523542772,2702.93007695086,132827
2018-08-14,2574.936279296875,2635.168593616744,2559.878200716908,2627.6395543267604,107263
2018-08-15,2559.878173828125,2627.6395267262174,2522.232977773629,2574.936252249923,73557
2018-08-16,2582.465087890625,2589.994126508026,2544.81989480362,2559.877972038422,83705
2018-08-17,2559.878173828125,2605.05240909352,2559.878173828125,2589.9943306717214,42022
2018-08-20,2605.05224609375,2702.929980288425,2559.878013654936,2702.929980288425,56547
2018-08-21,2559.878173828125,2620.1104875153183,2537.291056195428,2537.291056195428,175126
2018-08-22,2574.936279296875,2597.523397166826,2537.2910828469567,2559.878200716908,123896
2018-08-23,2559.878173828125,2605.05240909352,2522.232977773629,2574.936252249923,98080
2018-08-24,2552.34912109375,2582.465277777778,2537.291042751736,2537.291042751736,47479
2018-08-27,2567.4072265625,2589.994344314172,2552.349148061385,2589.994344314172,48644
2018-08-28,2552.34912109375,2574.936238606771,2552.34912109375,2574.936238606771,132137
2018-08-29,2544.820068359375,2589.994303144648,2537.2910292284964,2559.878146621132,96275
2018-08-30,2559.878173828125,2582.4652914608223,2529.7620169845286,2582.4652914608223,76755
2018-08-31,2507.174560546875,2559.878063325365,2484.5874438892,2559.878063325365,145610
2018-09-04,2514.70361328125,2552.3490384952697,2507.174574353896,2507.174574353896,42749
2018-09-05,2492.116455078125,2529.7618796664465,2446.942222264834,2529.7618796664465,71600
2018-09-06,2522.23291015625,2559.878105201533,2492.116523542772,2492.116523542772,58291
2018-09-07,2522.23291015625,2552.3490661924766,2522.23291015625,2522.23291015625,40754
2018-09-10,2477.058349609375,2522.232812491746,2469.5293108918536,2522.232812491746,100765
2018-09-11,2559.878173828125,2559.878173828125,2469.529472720077,2477.0585119309767,329869
2018-09-12,2559.878173828125,2597.5233698826205,2507.174668774573,2559.878173828125,347580
2018-09-13,2597.523193359375,2597.523193359375,2522.23280636699,2582.465115960898,244946
2018-09-14,2778.220703125,2778.220703125,2597.523305395003,2597.523305395003,827765
2018-09-17,2778.220703125,2845.9820543408096,2710.4591213319377,2785.749742148979,187306
2018-09-18,2680.343017578125,2763.162448459201,2657.755900065104,2657.755900065104,83856
2018-09-19,2733.046142578125,2770.691566955352,2597.5232143209428,2650.226716218163,466999
2018-09-20,2710.458984375,2763.162254879805,2597.5231741446046,2763.162254879805,177083
2018-09-21,2635.16845703125,2710.4590766059,2559.878068033849,2710.4590766059,279968
2018-09-24,2582.465087890625,2657.755704641876,2559.877972038422,2605.052203742828,208593
2018-09-25,2627.639404296875,2642.697482017073,2597.523248856477,2612.581326576676,56171
2018-09-26,2627.639404296875,2665.284829174619,2582.4651711362785,2635.1684431569743,215981
2018-09-27,2605.05224609375,2665.2847865894128,2605.05224609375,2627.639362313157,158957
2018-09-28,2612.581298828125,2650.2267233060325,2589.994182487728,2635.168415168522,129930
2018-10-01,2612.581298828125,2635.168415168522,2589.994182487728,2597.52322126786,151719
2018-10-02,2597.523193359375,2627.639348156329,2589.9941546601367,2620.1103094570904,158354
2018-10-03,2559.878173828125,2620.1104875153183,2552.349134617226,2605.05240909352,160901
2018-10-04,2650.226806640625,2702.930079758771,2484.5874871148035,2559.8781078608363,689329
2018-10-05,2763.162353515625,2800.807778654402,2612.5813446922643,2612.5813446922643,656025
2018-10-08,2710.458984375,2763.162254879805,2642.6974060058665,2748.104177592718,239979
2018-10-09,2589.994140625,2710.4589897372616,2589.994140625,2710.4589897372616,250615
2018-10-10,2574.936279296875,2635.168593616744,2567.4072400068912,2582.4653185868588,147517
2018-10-11,2462.000244140625,2522.2327837721973,2401.767935086293,2522.2327837721973,1003882
2018-10-12,2484.58740234375,2484.58740234375,2364.1225516065606,2371.651590366557,355333
2018-10-15,2477.058349609375,2484.5873883268964,2431.884117304247,2477.058349609375,43088
2018-10-16,2477.058349609375,2484.5873883268964,2446.94219473929,2446.94219473929,110913
2018-10-17,2537.291015625,2559.878132896537,2469.5294332331346,2477.058472323647,220410
2018-10-18,2484.58740234375,2559.87802052096,2477.0583635837534,2559.87802052096,111779
2018-10-19,2499.6455078125,2522.232854922285,2454.471274747424,2454.471274747424,219520
2018-10-22,2492.116455078125,2552.348996073092,2446.942222264834,2499.64549388034,77483
2018-10-23,2431.88427734375,2522.2329784769927,2401.768120491756,2409.297159704754,286679
2018-10-24,2349.064453125,2522.2328042141644,2334.0063757393755,2522.2328042141644,581226
2018-10-25,2401.76806640625,2401.76806640625,2258.715863426156,2334.006484437929,126430
2018-10-26,2356.593505859375,2409.297007600332,2296.3611959579885,2409.297007600332,43012
2018-10-29,2364.12255859375,2394.2387137227447,2334.006403464756,2334.006403464756,95120
2018-10-30,2371.651611328125,2379.180650154666,2356.593533675043,2379.180650154666,49109
2018-10-31,2477.058349609375,2537.2908899267886,2454.4712334568108,2537.2908899267886,313448
2018-11-01,2469.529296875,2484.587374224574,2424.3550648262776,2477.058335549787,213234
2018-11-02,2462.000244140625,2484.587360036,2431.88408961346,2469.5292827724165,72065
2018-11-05,2446.9423828125,2462.000461404914,2416.826225627672,2462.000461404914,60624
2018-11-06,2416.826171875,2469.5294457762748,2416.826171875,2446.942328390014,72867
2018-11-07,2431.88427734375,2484.587551834741,2409.297159704754,2416.8261989177527,86240
2018-11-08,2439.413330078125,2469.52948709705,2424.3552515686624,2469.52948709705,54352
2018-11-09,2439.413330078125,2469.52948709705,2386.7098247177464,2469.52948709705,125916
2018-11-12,2409.297119140625,2431.884236399333,2349.064575873482,2349.064575873482,117361
2018-11-13,2356.593505859375,2394.238699547742,2356.593505859375,2394.238699547742,94568
2018-11-14,2424.355224609375,2462.0004204644097,2364.1226806640625,2401.768107096354,99047
2018-11-15,2401.76806640625,2424.355183536606,2311.419367307573,2424.355183536606,38496
2018-11-16,2401.76806640625,2409.297105449702,2364.122640611737,2409.297105449702,4502
2018-11-19,2409.297119140625,2439.413275485569,2379.1807322184263,2401.768080054389,60148
2018-11-20,2439.413330078125,2439.413330078125,2371.651746208284,2424.3552515686624,140893
2018-11-21,2446.9423828125,2477.0585399973284,2409.2971863314647,2439.413343516293,130043
2018-11-22,2514.70361328125,2574.936155277332,2439.413224007709,2462.000340789771,622771
2018-11-23,2492.116455078125,2567.407073677522,2469.52933867148,2537.2909184686614,287320
2018-11-26,2499.6455078125,2522.232854922285,2477.0583912799616,2522.232854922285,61352
2018-11-27,2416.826171875,2499.645602291289,2416.826171875,2424.355211003753,146927
2018-11-28,2401.76806640625,2492.1165349276744,2394.238796785545,2492.1165349276744,28524
2018-11-29,2386.709716796875,2454.471297602712,2379.180677882588,2409.297064116987,73971
2018-11-30,2349.064453125,2446.9421867088004,2334.0063757393755,2446.9421867088004,169393
2018-12-03,2371.651611328125,2454.4712689973235,2371.651611328125,2446.9422301707823,55005
2018-12-04,2409.297119140625,2446.942314571805,2371.6516931321903,2424.355197313097,72591
2018-12-05,2416.826171875,2431.884250132507,2371.651706525224,2401.768093617493,59319
2018-12-06,2349.064453125,2439.413148015988,2349.064453125,2439.413148015988,84595
2018-12-07,2364.12255859375,2416.826060646736,2364.12255859375,2409.297021864488,446364
2018-12-10,2401.76806640625,2401.76806640625,2341.535523481381,2371.651679655189,43326
2018-12-11,2409.297119140625,2416.826158226861,2401.768080054389,2409.297119140625,8554
2018-12-12,2424.355224609375,2446.942342122396,2401.768107096354,2409.297146267361,103563
2018-12-13,2379.1806640625,2439.413205604173,2379.1806640625,2409.29705012196,446666
2018-12-14,2386.709716796875,2409.297064116987,2349.064522225437,2409.297064116987,70572
2018-12-17,2349.064453125,2409.2969932447395,2341.535414432188,2409.2969932447395,252610
2018-12-18,2371.651611328125,2386.709688981208,2318.9483395423376,2341.5354560219607,88058
2018-12-19,2364.12255859375,2379.180636158248,2326.4773646825065,2341.535442247004,95496
2018-12-20,2334.00634765625,2364.1225020651364,2303.890193247364,2326.4773090540284,145371
2018-12-21,2356.593505859375,2364.1225445970485,2318.9483121710086,2356.593505859375,215103
2018-12-24,2349.064453125,2379.1806078962486,2318.9482983537514,2371.6515692034363,20835
2018-12-25,2288.832275390625,2318.948431896188,2258.715888307807,2318.948431896188,72980
2018-12-26,2266.244873046875,2311.419337298338,2266.244873046875,2288.832220461232,28072
2018-12-27,2273.77392578125,2318.9483903066616,2258.71584779853,2318.9483903066616,32877
2018-12-28,2251.186767578125,2318.9483478366064,2251.186767578125,2318.9483478366064,72265
2019-01-02,2296.361328125,2303.890367296007,2243.6578233506943,2266.244940863716,10624
2019-01-03,2138.2509765625,2281.3031774290976,2138.2509765625,2258.715830055201,437622
2019-01-04,2138.2509765625,2190.9544796652594,2108.134820833637,2138.2509765625,119945
2019-01-07,2183.425537109375,2236.128811961206,2138.251070944832,2138.251070944832,78926
2019-01-08,2183.425537109375,2206.012654903017,2055.431639034812,2055.431639034812,121689
2019-01-09,2130.721923828125,2251.186776540492,2123.19288494468,2251.186776540492,93690
2019-01-10,2183.425537109375,2221.0707334321114,2130.7220316802845,2183.425537109375,98432
2019-01-11,2221.070556640625,2243.6576726363905,2183.425363314349,2213.54151797537,84658
2019-01-14,2296.361328125,2296.361328125,2221.0707058376734,2258.7159016927085,70346
2019-01-15,2409.297119140625,2431.884236399333,2258.715876261395,2258.715876261395,397481
2019-01-16,2364.12255859375,2439.413176993482,2364.12255859375,2409.297021864488,106723
2019-01-17,2401.76806640625,2409.297105449702,2296.361289220669,2296.361289220669,68150
2019-01-18,2409.297119140625,2409.297119140625,2349.064575873482,2349.064575873482,113284
2019-01-21,2409.297119140625,2409.297119140625,2371.6516931321903,2409.297119140625,75075
2019-01-22,2469.529296875,2529.7618368505387,2386.7096408751004,2409.296987476703,264929
2019-01-23,2477.058349609375,2484.5873883268964,2424.355078586725,2469.5293108918536,114826
2019-01-24,2446.9423828125,2492.1166185897423,2416.826225627672,2484.587579293536,20295
2019-01-25,2446.9423828125,2477.0585399973284,2379.180798569376,2446.9423828125,16507
2019-01-28,2364.12255859375,2424.3550994289844,2364.12255859375,2409.297021864488,72917
2019-01-29,2364.12255859375,2401.7679830822385,2303.89024833576,2303.89024833576,40566
2019-01-30,2394.23876953125,2409.2970780239943,2326.4774189115287,2326.4774189115287,141771
2019-01-31,2401.76806640625,2552.349077852544,2401.76806640625,2462.0003787538662,134195
2019-02-01,2462.000244140625,2492.116398667791,2416.826012349876,2492.116398667791,29102
2019-02-11,2477.058349609375,2507.17450447946,2424.355078586725,2469.5293108918536,44304
2019-02-12,2439.413330078125,2484.5875656065127,2416.826212313931,2424.3552515686624,115304
2019-02-13,2484.58740234375,2492.116441103746,2439.4131697837706,2439.4131697837706,92937
2019-02-14,2469.529296875,2507.1744902489354,2446.9421808506386,2446.9421808506386,74699
2019-02-15,2477.058349609375,2484.5873883268964,2446.94219473929,2484.5873883268964,97102
2019-02-18,2484.58740234375,2484.58740234375,2446.942208543768,2477.0583635837534,85724
2019-02-19,2424.355224609375,2469.5294596354165,2424.355224609375,2446.942342122396,50388
2019-02-20,2446.9423828125,2469.529500701121,2409.2971863314647,2439.413343516293,28988
2019-02-21,2409.297119140625,2477.058470916749,2409.297119140625,2424.355197313097,43665
2019-02-22,2394.23876953125,2446.9422728127283,2394.23876953125,2409.2970780239943,43364
2019-02-25,2439.413330078125,2446.9423693328563,2439.413330078125,2446.9423693328563,990
2019-02-26,2431.88427734375,2492.11659104774,2409.297159704754,2439.4133165567487,84344
2019-02-27,2409.297119140625,2446.942314571805,2409.297119140625,2439.413275485569,51304
2019-02-28,2446.9423828125,2469.529500701121,2371.651759273169,2371.651759273169,22189
2019-03-01,2446.9423828125,2462.000461404914,2371.651759273169,2416.826225627672,71964
2019-03-04,2469.529296875,2469.529296875,2409.296987476703,2446.9421808506386,95723
2019-03-05,2574.936279296875,2635.168593616744,2416.8262236299583,2469.529498659844,421578
2019-03-06,2635.16845703125,2695.4009988064195,2597.52326253255,2597.52326253255,203249
2019-03-07,2574.936279296875,2657.7559420639554,2567.4072400068912,2635.168593616744,184885
2019-03-08,2514.70361328125,2559.878077422624,2484.587457571833,2529.761921713208,134081
2019-03-11,2484.58740234375,2537.29090424097,2446.942208543768,2514.703557383736,167412
2019-03-12,2574.936279296875,2605.0524364568096,2484.587577239811,2484.587577239811,184208
2019-03-13,2544.820068359375,2635.16853792992,2544.820068359375,2544.820068359375,109646
2019-03-14,2635.16845703125,2680.342921006939,2589.9942236328093,2627.63941813151,510666
2019-03-15,2605.05224609375,2665.2847865894128,2567.407052394738,2635.16840105296,55544
2019-03-18,2567.4072265625,2605.0524228152867,2559.8781873119424,2605.0524228152867,80632
2019-03-19,2544.820068359375,2582.4652640137683,2514.7036812586043,2582.4652640137683,311793
2019-03-20,2537.291015625,2552.349093806025,2484.5875114141595,2484.5875114141595,65089
2019-03-21,2454.47119140625,2544.8198850458743,2454.47119140625,2544.8198850458743,214602
2019-03-22,2454.47119140625,2484.5873457603784,2409.2969598750574,2484.5873457603784,98784
2019-03-25,2409.297119140625,2446.942314571805,2356.5936149597183,2446.942314571805,78286
2019-03-26,2439.413330078125,2469.52948709705,2394.2388639724777,2469.52948709705,318478
2019-03-27,2431.88427734375,2484.587551834741,2431.88427734375,2446.942355769748,68025
2019-03-28,2439.413330078125,2477.058526351781,2409.2971730592,2409.2971730592,23595
2019-03-29,2446.9423828125,2537.291084944245,2416.826225627672,2537.291084944245,40930
2019-04-01,2469.529296875,2484.587374224574,2454.471219525426,2454.471219525426,19229
2019-04-02,2446.9423828125,2484.587579293536,2446.9423828125,2462.000461404914,62142
2019-04-03,2552.34912109375,2605.0523952907984,2446.942342122396,2446.942342122396,68678
2019-04-04,2499.6455078125,2567.4070879873616,2499.6455078125,2567.4070879873616,40804
2019-04-05,2552.34912109375,2642.697591145833,2492.116577148437,2492.116577148437,88233
2019-04-08,2672.81396484375,2687.8720431093507,2552.3491081416887,2552.3491081416887,251280
2019-04-09,2620.1103515625,2710.459047982516,2605.0522739220382,2672.813853881362,223821
2019-04-10,2620.1103515625,2680.342892701593,2612.5813127422693,2620.1103515625,53061
2019-04-11,2793.27880859375,2800.807847691639,2544.820057208897,2687.8720306460464,828881
2019-04-12,2958.917724609375,2981.504840569341,2793.278643659048,2808.336720965692,1079585
2019-04-16,3079.3828125,3162.202474687904,2898.685640226789,3011.621228786759,597018
2019-04-17,3049.2666015625,3079.38275797861,2943.8598235288605,3079.38275797861,311379
2019-04-18,2838.452880859375,3041.7373860317257,2838.452880859375,3041.7373860317257,763929
2019-04-19,3004.092041015625,3004.092041015625,2785.7496833514383,2785.7496833514383,385012
2019-04-22,2936.330810546875,3049.266628689236,2906.214653862847,3011.6212022569443,152986
2019-04-23,2861.0400390625,2928.8016186452,2845.981961505732,2845.981961505732,144155
2019-04-24,2936.330810546875,2958.9179280598955,2861.0401882595484,2921.272732204861,168891
2019-04-25,2951.388916015625,3079.3828136764146,2906.214680574379,2906.214680574379,369985
2019-04-26,2973.975830078125,3101.9697189738818,2951.388713904269,2951.388713904269,373609
2019-05-02,3154.67333984375,3169.7314178620563,3011.621137515335,3011.621137515335,343692
2019-05-03,3305.25439453125,3335.37055096811,3169.731459988126,3222.4347337526306,486881
2019-05-06,3154.67333984375,3312.7833896132192,3086.9117581841188,3312.7833896132192,326281
2019-05-07,3132.0859375,3237.4927123632174,3101.969781989723,3162.202323587525,321476
2019-05-08,3237.49267578125,3237.49267578125,3094.440708146599,3132.085902109074,253012
2019-05-09,3124.556884765625,3245.0217368497424,3086.911690544728,3237.492698005563,222731
2019-05-10,3056.795654296875,3162.202432800527,3011.621188894021,3101.969889122473,390582
2019-05-13,2996.56298828125,3139.615187209912,2996.56298828125,3056.795529500252,262595
2019-05-14,3056.795654296875,3094.440849984873,2958.917914930823,2989.034071481222,281750
2019-05-15,3132.0859375,3184.7894402202323,3041.737470969169,3124.5568986224307,235487
2019-05-16,3132.0859375,3237.4927123632174,3132.0859375,3177.2604013426635,380923
2019-05-17,3101.9697265625,3192.3184220561925,3101.9697265625,3101.9697265625,144907
2019-05-20,3049.2666015625,3139.615301388085,3026.6794842504178,3101.9698752906925,542603
2019-05-21,3019.150390625,3132.0859751459625,3011.621121079685,3132.0859751459625,294595
2019-05-22,3049.2666015625,3079.38275797861,3011.621175465108,3079.38275797861,407027
2019-05-23,3049.2666015625,3086.9117970826373,2973.9759799449703,3026.6794842504178,201280
2019-05-24,3109.498779296875,3109.498779296875,3011.62104461974,3049.2664690815577,143728
2019-05-27,3064.32470703125,3086.9118245442705,3011.6212022569443,3086.9118245442705,258180
2019-05-28,3071.853759765625,3086.911838174126,3041.737602948623,3086.911838174126,44141
2019-05-29,3282.667236328125,3282.667236328125,3011.621140039664,3041.737526678772,234785
2019-05-30,3380.544677734375,3508.538799660647,3350.4285222586627,3455.835297000903,721919
2019-05-31,3388.073974609375,3501.009558557588,3342.8995104528403,3342.8995104528403,510954
2019-06-03,3199.84765625,3388.074097477533,3177.260538641238,3388.074097477533,702049
2019-06-04,3177.260498046875,3237.4928109006805,3049.266602655283,3199.847615367052,480635
2019-06-05,3192.318603515625,3365.486735026041,3132.0860595703125,3132.0860595703125,271326
2019-06-06,3192.318603515625,3312.783460828993,3177.260525173611,3199.847642686632,367476
2019-06-07,3177.260498046875,3222.434732687229,3132.0860328292656,3169.7314589401494,288160
2019-06-10,3395.60302734375,3395.60302734375,3357.957601964052,3388.0739883832607,457203
2019-06-11,3621.474365234375,3629.00363464425,3546.183976908092,3629.00363464425,1232622
2019-06-12,3644.061767578125,3764.526621304487,3583.829225426319,3651.5908065249446,788766
2019-06-13,3613.9453125,3719.3520863285753,3598.8872348926675,3629.0036206845775,510502
2019-06-14,3591.358154296875,3613.945270445031,3538.6548832845106,3613.945270445031,234346
2019-06-17,3764.526611328125,3839.817000596793,3711.823108262808,3817.229883816193,1161247
2019-06-18,3681.70703125,3839.817082670976,3621.4744879703753,3839.817082670976,840033
2019-06-19,3704.294189453125,3726.8813069661455,3629.003797743056,3629.003797743056,215580
2019-06-20,3839.817138671875,3960.2819964107607,3659.119967352176,3659.119967352176,1396874
2019-06-21,4103.333984375,4103.333984375,3922.636581921746,3922.636581921746,1380115
2019-06-24,4344.263671875,4366.851019965277,4140.979383680556,4148.508192274306,776310
2019-06-25,4253.9150390625,4344.263505657731,4216.269614070572,4344.263505657731,1217031
2019-06-26,4547.5478515625,4547.5478515625,4186.153518822716,4216.269674788156,880888
2019-06-27,4630.36767578125,4698.129259691524,4412.0253066865,4412.0253066865,488688
2019-06-28,4547.5478515625,4780.948752026415,4517.43169559706,4630.367511044712,737134
2019-07-01,4517.431640625,4668.012879774299,4442.1412516276,4592.722490776898,490958
2019-07-02,4630.36767578125,4668.013102654629,4487.315699278738,4517.431856315633,314791
2019-07-03,4479.78662109375,4668.012821827956,4419.553849489032,4630.367397219318,752626
2019-07-04,4216.26953125,4577.664312841007,4216.26953125,4479.786578708213,1493726
2019-07-05,4125.92138671875,4148.508274100021,3997.927487709807,4140.979465357772,680360
2019-07-08,4412.02490234375,4412.02490234375,4065.688667005134,4201.211361251101,748650
2019-07-09,4442.14111328125,4630.367310489871,4412.024958620229,4630.367310489871,389867
2019-07-10,4329.20556640625,4449.670653542043,4314.14748815859,4442.141383840957,281512
2019-07-11,4472.25732421875,4472.25732421875,4193.6826595216335,4306.618471498826,434548
2019-07-12,4336.73486328125,4472.257568359375,4329.205593532986,4472.257568359375,470311
2019-07-15,4359.32177734375,4412.025282446013,4299.089463600887,4389.4379342151815,184182
2019-07-16,4306.61865234375,4351.7928868007,4276.502034884608,4299.0893826903375,245736
2019-07-17,4374.3798828125,4502.373780884326,4291.560220326992,4306.618760010284,484862
2019-07-18,4502.37353515625,4502.37353515625,4389.437721776945,4419.553877190828,394772
2019-07-19,4803.5361328125,4803.5361328125,4517.431726852312,4517.431726852312,690233
2019-07-22,4969.1748046875,5044.465653441954,4728.245103213121,4735.774372550362,548072
2019-07-23,4924.00048828125,5074.581722071561,4863.768179226919,4969.174720071999,377323
2019-07-24,4856.2392578125,4999.291232638889,4600.25146484375,4893.884684244792,395587
2019-07-25,5187.517578125,5195.046386246311,4954.116686738104,4969.174764135212,899655
2019-07-26,5195.04638671875,5262.807965589139,5119.755999726365,5187.517578596754,477085
2019-07-29,5315.51171875,5413.389457051844,5195.046632703689,5232.692058559632,437120
2019-07-30,5323.04052734375,5420.918265647713,5195.046632816184,5420.918265647713,576546
2019-07-31,4961.64599609375,5262.8080076231545,4961.64599609375,5051.9944612062245,945064
2019-08-01,5014.34912109375,5149.872282194296,4893.884498919484,4961.646079469757,399638
2019-08-02,5307.982421875,5307.982421875,5014.349208476473,5014.349208476473,503214
2019-08-05,5646.7900390625,5646.7900390625,5134.814448206019,5307.982581380208,607981
2019-08-06,5910.306640625,5985.597027151626,5428.447244545625,5646.789596050084,535038
2019-08-07,5797.37109375,6030.7715331679,5729.609512219012,6030.7715331679,852539
2019-08-08,5835.01611328125,5910.306965095761,5752.196452977992,5910.306965095761,767114
2019-08-09,5752.1962890625,5872.661371840222,5714.551325382488,5827.4871387315125,420449
2019-08-12,5752.1962890625,5902.777527246029,5744.667480788296,5759.725558491199,435326
2019-08-13,5428.447265625,5797.370852769772,5428.447265625,5797.370852769772,635353
2019-08-14,5639.2607421875,5646.790011971983,5443.505722799672,5571.4996198997405,282339
2019-08-15,5631.73193359375,5639.260742223764,5428.447644420133,5428.447644420133,188423
2019-08-16,5940.4228515625,6015.713238803027,5609.144225395208,5714.551228686432,785052
2019-08-19,5955.48095703125,6211.468736007956,5947.951687694529,6023.242075289299,816049
2019-08-20,6106.06201171875,6151.23670749792,5955.481229636549,5955.481229636549,312269
2019-08-21,6098.533203125,6249.113985205549,6068.41704670889,6249.113985205549,437810
2019-08-22,6106.06201171875,6173.823594232996,6030.7716206776495,6098.533203191895,191596
2019-08-23,6106.06201171875,6173.823594232996,6098.533203191895,6166.29478570614,353690
2019-08-26,6339.462890625,6384.637125071136,6060.887753142064,6060.887753142064,414929
2019-08-27,6693.328125,6776.1477817592095,6339.46261230896,6459.927232210001,814368
2019-08-28,6813.79296875,7002.019174106289,6693.328344891415,6768.618734803031,551822
2019-08-29,6791.2060546875,6919.199947593071,6663.212161781929,6776.147976766521,374801
2019-08-30,6919.19970703125,7077.309750281721,6700.856893036493,6919.19970703125,491498
2019-09-03,6911.6708984375,7077.310222004264,6813.7931582530055,6896.612820036387,230571
2019-09-04,6813.79296875,6851.438394283059,6437.340558037421,6776.148004371444,379003
2019-09-05,6753.560546875,6934.257940875686,6474.98541700538,6474.98541700538,296101
2019-09-06,6663.21240234375,6919.200197396814,6550.276583281838,6776.148221405661,222367
2019-09-09,6663.21240234375,6821.322456799522,6625.56697560494,6663.21240234375,149260
2019-09-10,6776.14794921875,6851.438338517559,6625.566709466633,6670.740943045918,263938
2019-09-11,6776.14794921875,6813.792913290905,6700.857098765442,6776.14794921875,167349
2019-09-12,7002.01904296875,7002.01904296875,6753.560530336432,6889.083690793692,306951
2019-09-13,7227.890625,7227.890625,7009.548269116429,7077.309848926672,214314
2019-09-16,7566.6982421875,7566.6982421875,7242.948874226958,7446.233618474463,409422
2019-09-17,7378.47216796875,7641.989228748138,7378.47216796875,7566.698376437164,253438
2019-09-18,7453.76220703125,7453.76220703125,7242.948660596858,7378.471819431284,268077
2019-09-19,7792.5703125,7830.215276729409,7386.001286279064,7453.762406353803,424626
2019-09-20,7679.63427734375,7867.860487861051,7641.989311932999,7830.2155224503,170572
2019-09-23,7830.21533203125,7980.796112321386,7604.34370044154,7792.570367535968,398446
2019-09-24,7754.92431640625,7905.506015814597,7604.343539306892,7905.506015814597,201205
2019-09-25,7679.63427734375,7830.2155224503,7604.343885367733,7830.2155224503,176593
2019-09-26,7604.34375,7830.215383061743,7604.34375,7679.634140635745,268203
2019-09-27,7679.63427734375,7792.570557039549,7604.343885367733,7641.989311932999,209183
2019-09-30,7529.05322265625,7792.570276828336,7491.407797444667,7792.570276828336,298408
2019-10-01,7002.01904296875,7641.988959272541,7002.01904296875,7529.053145942989,1314033
2019-10-02,6512.630859375,6881.554456656179,6512.630859375,6761.089373281459,653391
2019-10-03,6060.8876953125,6060.8876953125,6060.8876953125,6060.8876953125,489704
2019-10-04,6023.2421875,6474.985443793399,5639.26051188151,5639.26051188151,758773
2019-10-07,6324.40478515625,6444.8694098255655,6181.352812784184,6444.8694098255655,295912
2019-10-08,6610.5087890625,6663.21229340426,6324.4048417578215,6324.4048417578215,252209
2019-10-09,6369.5791015625,6610.508815163165,6369.5791015625,6602.979545446968,251632
2019-10-10,6098.533203125,6527.689123786331,6098.533203125,6377.107880551272,180407
2019-10-11,6136.17822265625,6324.404893663194,6098.533257378472,6324.404893663194,280496
2019-10-14,6203.939453125,6249.113685583224,6113.590988208551,6136.17787386042,141069
2019-10-15,5963.009765625,6241.584891476606,5774.783566047841,6203.939467099378,194832
2019-10-16,5563.97021484375,5955.481166410005,5563.97021484375,5955.481166410005,353427
2019-10-17,5571.49951171875,5646.789902329088,5496.208659953903,5563.970242080462,318842
2019-10-18,5270.3369140625,5646.789781358499,5270.3369140625,5420.918153211799,549539
2019-10-21,4893.884765625,5179.988720035389,4893.884765625,4969.175158587071,109019
2019-10-22,5232.69189453125,5232.69189453125,4743.30321836282,4750.8324877597925,159496
2019-10-23,5420.91796875,5556.441125488266,5232.691772084168,5232.691772084168,217624
2019-10-24,5496.20849609375,5646.789733979611,5428.447377141882,5609.144309219522,106498
2019-10-25,5413.38916015625,5616.673434089362,5307.982158002428,5496.20835464992,107652
2019-10-28,5345.6279296875,5413.389512459959,5300.453694890698,5383.272894774246,69593
2019-10-29,5383.27294921875,5458.56380246273,5270.337130507297,5270.337130507297,108028
2019-10-30,5624.20263671875,5684.435411241319,5420.918348524306,5420.918348524306,160575
2019-10-31,5383.27294921875,5684.435439885638,5353.156792382964,5684.435439885638,202045
2019-11-01,5270.3369140625,5481.15046440972,5270.3369140625,5481.15046440972,64413
2019-11-04,5187.517578125,5345.627621371873,5044.465612275235,5345.627621371873,151418
2019-11-05,5187.517578125,5270.336773231849,5044.465612275235,5270.336773231849,137217
2019-11-06,5187.517578125,5345.627621371873,5187.517578125,5195.046386246311,61816
2019-11-07,5195.04638671875,5330.569544459528,5195.04638671875,5195.04638671875,59169
2019-11-08,5044.4658203125,5323.040494224846,5044.4658203125,5307.9824162067325,76354
2019-11-11,5021.87841796875,5195.046543866742,5021.87841796875,5195.046543866742,76731
2019-11-12,5036.9365234375,5164.930416475279,4954.116864209319,5021.878445500967,97428
2019-11-13,4908.9423828125,5082.110500925977,4743.303072710315,4976.703960686528,177409
2019-11-14,4780.94873046875,5029.407246640563,4750.832574639106,4893.884545407165,151242
2019-11-15,4675.5419921875,4780.948533242978,4509.902680802982,4750.832378655698,364941
2019-11-18,4592.72265625,4743.303439670139,4555.077229817708,4668.013047960069,116370
2019-11-19,4668.0126953125,4698.128849721386,4592.722309290284,4592.722309290284,133818
2019-11-20,4577.66455078125,4652.954942045157,4524.96104631926,4600.251437583167,108680
2019-11-21,4600.25146484375,4668.013047960069,4562.606499565972,4668.013047960069,85963
2019-11-22,4818.59423828125,4856.239203135176,4570.1352567036965,4600.251413048642,450354
2019-11-25,5119.75634765625,5149.872504499846,4976.704372071908,5142.34323471169,318178
2019-11-26,5420.91796875,5458.563392544958,5119.755961853773,5119.755961853773,287721
2019-11-27,5797.37109375,5797.37109375,5496.208611646608,5496.208611646608,390055
2019-11-28,5940.4228515625,6060.887471147344,5420.918026716648,6060.887471147344,293616
2019-11-29,5932.8935546875,6023.242018956229,5594.086121948039,5722.080010239314,183079
2019-12-02,5518.7958984375,5917.8356525027375,5518.7958984375,5789.841760422293,236165
2019-12-03,5526.32470703125,5571.499401659581,5157.401108596529,5157.401108596529,101204
2019-12-04,5496.20849609375,5571.499345613927,5285.394947515343,5345.627719362384,50037
2019-12-05,5443.50537109375,5496.208411561907,5202.575670874575,5202.575670874575,45245
2019-12-06,5315.51171875,5443.505613274795,5270.337023261067,5443.505613274795,68915
2019-12-09,5420.91796875,5556.441125488266,5307.982158519605,5556.441125488266,61703
2019-12-10,5473.62158203125,5533.853892414251,5390.801924677378,5518.795814818501,134484
2019-12-11,5473.62158203125,5774.7835951007455,5443.50542683975,5443.50542683975,80720
2019-12-12,5722.080078125,5722.080078125,5473.621567861088,5563.970033201694,58291
2019-12-13,5714.55126953125,5835.015889977115,5654.318498153827,5835.015889977115,85850
2019-12-16,5496.20849609375,5714.551314085973,5435.976185401203,5646.789733979611,51141
2019-12-17,5420.91796875,5571.499202775353,5420.91796875,5571.499202775353,90780
2019-12-18,5420.91796875,5571.499202775353,5383.272544955041,5496.208355185436,85487
2019-12-19,5428.447265625,5563.96996189918,5420.917996365859,5420.917996365859,50000
2019-12-20,5383.27294921875,5548.912272970087,5323.04063554718,5443.505724044838,73206
2019-12-23,5390.80224609375,5571.499649170984,5360.686089106631,5533.854222359825,45120
2019-12-24,5443.50537109375,5533.853835743008,5345.627637146477,5533.853835743008,44229
2019-12-25,5428.447265625,5556.441153794523,5383.272572379123,5435.9760737296565,124386
2019-12-26,5804.89990234375,5804.89990234375,5541.383306938415,5571.499462918768,488073
2019-12-27,6136.17822265625,6173.823649088541,6023.242404513889,6023.242404513889,112582
2019-12-30,6136.17822265625,6286.759467230902,6023.242404513889,6173.823649088541,215505
2019-12-31,6098.533203125,6136.178168067882,5722.080325614606,5880.190377376439,201430
2020-01-02,5985.59716796875,6136.177944564565,5722.080117194333,5872.661354944642,103751
2020-01-03,5978.06787109375,6098.532952971384,5850.073980998165,5947.951715912965,46437
2020-01-06,5797.37109375,6136.178079095936,5797.37109375,6098.533114698888,114413
2020-01-07,5812.42919921875,6015.713483618266,5797.371121157842,5797.371121157842,106774
2020-01-08,5646.7900390625,5812.429363570604,5413.389591941553,5812.429363570604,119932
2020-01-09,5541.38330078125,5759.725661973452,5496.208605706413,5759.725661973452,70246
2020-01-10,5518.7958984375,5722.080179637471,5451.034317652677,5722.080179637471,48858
2020-01-13,5360.68603515625,5609.144558376736,5360.68603515625,5518.796088324652,126204
2020-01-14,5496.20849609375,5563.970076200112,5360.68579703552,5360.68579703552,33768
2020-01-15,5443.50537109375,5571.499259924109,5435.976101795735,5571.499259924109,26881
2020-01-16,5443.50537109375,5481.150334120364,5443.50537109375,5443.50537109375,29565
2020-01-17,5571.49951171875,5571.49951171875,5420.918269343565,5443.50561710392,108856
2020-01-20,5496.20849609375,5571.499345613927,5496.20849609375,5571.499345613927,50451
2020-01-21,5345.6279296875,5496.208712343507,5345.6279296875,5496.208712343507,135399
2020-01-22,5345.6279296875,5383.272894774246,5195.046685876981,5383.272894774246,86602
2020-01-30,5270.3369140625,5360.685842013878,5119.756136067698,5345.627764214398,48043
2020-01-31,4969.1748046875,5195.0464286418855,4901.413225270287,5195.0464286418855,181172
2020-02-03,4630.36767578125,4735.774686564902,4622.838867099286,4630.36767578125,156849
2020-02-04,4442.14111328125,4893.884355505526,4442.14111328125,4818.593968852975,169657
2020-02-05,4585.193359375,4698.129176849215,4442.141385394929,4517.431776659569,164978
2020-02-06,4645.42578125,4705.658556827749,4517.431882523382,4698.129286947584,83015
2020-02-07,4660.48388671875,4690.600505258477,4630.367729333548,4690.600505258477,39236
2020-02-10,4517.431640625,4630.36745469835,4449.670521104588,4630.36745469835,68351
2020-02-11,4479.78662109375,4622.838588990286,4404.4957718764745,4622.838588990286,168666
2020-02-12,4479.78662109375,4509.902776318864,4291.559959205052,4479.78662109375,338022
2020-02-13,4472.25732421875,4509.902748595977,4442.141169178763,4479.786593555991,62293
2020-02-14,4472.25732421875,4472.25732421875,4366.850781578798,4472.25732421875,103411
2020-02-17,4434.6123046875,4472.257267432242,4329.205302231466,4472.257267432242,283405
2020-02-18,4306.61865234375,4427.083277562285,4306.61865234375,4427.083277562285,235086
2020-02-19,4607.78076171875,4607.78076171875,4261.444035504464,4261.444035504464,378891
2020-02-20,4924.00048828125,4924.00048828125,4863.768179226919,4893.884333754084,197341
2020-02-21,4758.361328125,5164.930349443861,4728.245172642787,4893.884488949452,170861
2020-02-24,4427.0830078125,4690.600051153259,4427.0830078125,4630.36728105957,419659
2020-02-25,4502.37353515625,4509.902804586967,4291.559986104582,4291.559986104582,138121
2020-02-26,4396.96728515625,4494.845027371993,4366.851127729025,4366.851127729025,178663
2020-02-27,4472.25732421875,4502.373479258737,4366.850781578798,4502.373479258737,81961
2020-02-28,4366.85107421875,4472.257623922412,4178.62440087329,4472.257623922412,147467
2020-03-02,4540.01904296875,4668.012936394057,4299.08933410026,4442.141305507691,259020
2020-03-03,4585.193359375,4668.013020343359,4442.141385394929,4668.013020343359,84571
2020-03-04,4570.13525390625,4592.7226017283865,4457.199437104584,4457.199437104584,104453
2020-03-05,4750.83251953125,4878.826410899806,4517.43162282712,4570.135125494906,280646
2020-03-06,4818.59423828125,4976.704289669461,4698.129151746964,4976.704289669461,225628
2020-03-09,4487.3154296875,4592.722434138456,4487.3154296875,4494.844699071636,177384
2020-03-10,4494.8447265625,4668.012850757335,4178.624172430089,4178.624172430089,223081
2020-03-11,4186.1533203125,4555.07690512629,4186.1533203125,4412.024940496819,323408
2020-03-12,3900.049560546875,3900.049560546875,3900.049560546875,3900.049560546875,137168
2020-03-13,3659.119873046875,3839.817039709525,3629.003717032642,3629.003717032642,640608
2020-03-16,3839.817138671875,3915.10776122515,3659.119967352176,3659.119967352176,273006
2020-03-17,3802.171875,4088.275820570339,3787.113796872851,3839.817070317873,128337
2020-03-18,3907.578369140625,3960.281872451442,3839.8170184831824,3839.8170184831824,93238
2020-03-19,3832.2880859375,3877.4623209635415,3764.5267333984375,3839.817125108507,92373
2020-03-20,3832.2880859375,3930.165825737847,3787.113850911458,3930.165825737847,29666
2020-03-23,3568.771240234375,3802.171914803048,3568.771240234375,3802.171914803048,107639
2020-03-24,3538.655029296875,3568.77118540374,3320.3124363676043,3327.84147539432,155118
2020-03-25,3613.9453125,3681.7068923102433,3538.654924463336,3681.7068923102433,39851
2020-03-26,3388.073974609375,3659.119837239585,3388.073974609375,3659.119837239585,92900
2020-03-27,3199.84765625,3395.603136680454,3154.673421032476,3395.603136680454,350504
2020-03-30,2996.56298828125,3162.2023037005706,2981.504910620811,3154.673264870351,207953
2020-03-31,2958.917724609375,3124.5568055597028,2793.278643659048,2996.562917875985,201418
2020-04-01,3086.91162109375,3124.5568144676854,2755.633227671393,2763.16226634618,227647
2020-04-03,3297.725341796875,3297.725341796875,3237.492798594762,3297.725341796875,199812
2020-04-06,3523.596923828125,3523.596923828125,3523.596923828125,3523.596923828125,29151
2020-04-07,3764.526611328125,3764.526611328125,3764.526611328125,3764.526611328125,268002
2020-04-08,4028.04345703125,4028.04345703125,3772.055670958268,4028.04345703125,361880
2020-04-09,4178.6240234375,4261.443678444062,3990.397828248161,4261.443678444062,307728
2020-04-10,4065.68896484375,4140.979356051474,3990.398112481516,4028.043538662633,180043
2020-04-13,4065.68896484375,4178.62432107808,3915.107721273792,4065.68896484375,285475
2020-04-14,4110.86328125,4178.624404106089,4005.456270310271,4140.979438331488,115203
2020-04-15,4396.96728515625,4396.96728515625,4118.392137222634,4118.392137222634,507605
2020-04-16,4479.78662109375,4668.012821827956,4396.966963647442,4396.966963647442,658546
2020-04-17,4216.26953125,4660.48350834923,4216.26953125,4660.48350834923,504218
2020-04-20,4479.78662109375,4509.902776318864,4216.269571142268,4216.269571142268,766814
2020-04-21,4351.79296875,4479.78686603222,4253.915228339536,4404.496012698314,595638
2020-04-22,4442.14111328125,4517.431499933802,4231.327569499622,4351.792649298188,502399
2020-04-23,4479.78662109375,4728.245132278184,4404.4957718764745,4728.245132278184,649653
2020-04-24,4524.9609375,4645.425560625238,4404.495853220262,4479.786703828036,520726
2020-04-27,4524.9609375,4660.483638515892,4442.141278524149,4660.483638515892,333921
2020-04-28,4652.955078125,4652.955078125,4547.548066118296,4592.722763352326,251681
2020-04-29,4976.7041015625,4976.7041015625,4969.174832183598,4969.174832183598,203049
2020-05-04,5270.3369140625,5323.040416937929,5006.820321994349,5270.3369140625,574828
2020-05-05,5247.75,5338.09846631584,5164.930341966566,5164.930341966566,112882
2020-05-06,5556.44140625,5609.1444488406,5292.924348678983,5300.453618280214,319783
2020-05-07,5563.97021484375,5767.254499073803,5458.5636685052605,5571.49948444518,197103
2020-05-08,5496.20849609375,5722.080122345295,5420.918107728066,5563.970076200112,226544
2020-05-11,5609.14453125,5609.14453125,5443.505670288903,5496.208713653815,203476
2020-05-12,5579.0283203125,5616.673746195665,5533.854085945406,5609.14447655723,163661
2020-05-13,5707.02197265625,5797.370898709467,5511.266504221184,5511.266504221184,232966
2020-05-14,5556.44140625,5797.371116171827,5541.383328202042,5646.789874537746,173295
2020-05-15,5496.20849609375,5707.022044672158,5496.20849609375,5496.20849609375,128424
2020-05-18,5405.8603515625,5571.499676972713,5270.3371832896855,5571.499676972713,313323
2020-05-19,5270.3369140625,5646.789781358499,5179.988447265619,5496.2085422092,451144
2020-05-20,5413.38916015625,5420.917968221819,5119.7559613549365,5119.7559613549365,448334
2020-05-21,5451.0341796875,5533.85383620007,5277.86605851821,5496.208412015861,144381
2020-05-22,5285.39501953125,5458.563606863562,5270.33694165294,5353.156600560894,165680
2020-05-25,5345.6279296875,5345.6279296875,5210.104764142582,5285.395155470585,304668
2020-05-26,5714.55126953125,5714.55126953125,5270.3368287508965,5345.627677684052,740810
2020-05-27,5609.14453125,6023.242375384508,5511.266791923005,5797.371201346649,367790
2020-05-28,5609.14453125,5835.01616644237,5420.918322307862,5609.14453125,299023
2020-05-29,5571.49951171875,5646.789902329088,5556.441433596682,5646.789902329088,301293
2020-06-01,5722.080078125,5722.080078125,5420.918065835155,5579.0281107584615,534423
2020-06-02,5353.15673828125,5722.080347522868,5353.15673828125,5722.080347522868,468367
2020-06-03,5353.15673828125,5601.615721397202,5270.3370772426,5353.15673828125,403740
2020-06-04,5353.15673828125,5413.389512498594,5345.627929725652,5353.15673828125,175114
2020-06-05,5345.6279296875,5383.272894774246,5270.337077204985,5338.098659977444,464114
2020-06-08,5383.27294921875,5496.208767930204,5345.627983751277,5345.627983751277,271802
2020-06-09,5345.6279296875,5458.563747256761,5285.395155470585,5458.563747256761,653968
2020-06-10,5496.20849609375,5526.324651440023,5292.924216929158,5353.156527621705,478829
2020-06-11,5270.3369140625,5804.899828830289,5270.3369140625,5722.080170355899,608671
2020-06-12,5051.99462890625,5195.046600660163,4901.413387565787,4901.413387565787,552512
2020-06-15,5051.99462890625,5157.401175036422,4893.884579133742,5051.99462890625,315004
2020-06-16,5119.75634765625,5157.401313133488,5044.465955547259,5051.994764180899,155921
2020-06-17,5082.11083984375,5157.401230750066,5044.465874967847,5119.756265874163,207966
2020-06-18,5044.4658203125,5082.110784780531,4931.530004599399,4931.530004599399,131184
2020-06-19,5307.982421875,5307.982421875,5044.465825699364,5044.465825699364,310325
2020-06-22,5210.1044921875,5383.272613780199,5195.046414707896,5307.982226382175,281374
2020-06-23,5202.57568359375,5285.394879147469,5187.517606115393,5285.394879147469,382252
2020-06-24,5195.04638671875,5285.394851109612,5195.04638671875,5202.575655995231,384209
2020-06-25,5195.04638671875,5232.691810792185,4969.17476458711,5195.04638671875,153049
2020-06-26,5210.1044921875,5262.807993943361,5164.930259748686,5195.046414707896,135726
2020-06-29,5112.22705078125,5210.104790581597,4984.233154296875,5210.104790581597,161992
2020-06-30,5059.52392578125,5187.5178202069,4969.174996027876,5172.4597421070885,60385
2020-07-01,5119.75634765625,5172.459852709802,4969.175102283752,5059.524033969057,95534
2020-07-02,5112.22705078125,5164.930555555556,4773.419596354167,5127.285129123264,61063
2020-07-03,5466.09228515625,5466.09228515625,5112.226771704679,5149.872196081906,1088267
2020-07-06,5819.9580078125,5842.545355481661,5496.208637763394,5639.260609922731,910330
2020-07-07,5797.37109375,6023.242263595789,5752.196398626339,5872.661483698596,495575
2020-07-08,5707.02197265625,5714.551241975055,5511.266504221184,5511.266504221184,259710
2020-07-09,5910.306640625,6023.241989837698,5571.499209523457,5646.789596050084,458483
2020-07-10,6023.2421875,6023.2421875,5819.957906629769,5910.306834581147,388738
2020-07-13,6241.5849609375,6362.049582438062,6023.24214273599,6023.24214273599,722383
2020-07-14,6316.87548828125,6324.404757867848,6106.061934865055,6173.823516526422,346627
2020-07-15,6234.0556640625,6324.404590944531,6203.939508819987,6309.346513323275,332064
2020-07-16,6136.17822265625,6234.055962456597,6060.887830946181,6226.527153862847,276945
2020-07-17,5985.59716796875,6211.468794016966,5985.59716796875,6136.177944564565,453753
2020-07-20,6128.6494140625,6158.765570746527,5978.068169487847,5985.597439236111,328313
2020-07-21,6030.771484375,6128.649221093531,6023.242214863805,6128.649221093531,195272
2020-07-22,5910.306640625,6098.532837518807,5872.661216784445,6030.771259067602,322769
2020-07-23,5827.4873046875,5985.597355647913,5654.318714440849,5887.719617214418,248470
2020-07-24,5420.91796875,5857.603132384493,5420.91796875,5857.603132384493,460100
2020-07-27,5044.4658203125,5164.930444457405,5044.4658203125,5044.4658203125,313574
2020-07-28,5225.16259765625,5225.16259765625,4826.1228505774925,4893.88443017593,448711
2020-07-29,4969.1748046875,5255.278738721858,4863.768262047548,5255.278738721858,426809
2020-07-30,5044.4658203125,5195.046600493632,4969.174969067431,4969.174969067431,77935
2020-07-31,4969.1748046875,5164.930273601899,4893.884417087535,5044.465653441954,157577
2020-08-03,5149.87255859375,5157.401367306473,4931.530188606964,4931.530188606964,172555
2020-08-04,5119.75634765625,5307.982558505986,5119.75634765625,5149.872504499846,205157
2020-08-05,5142.34326171875,5232.692193878559,5119.756374544687,5195.046767049095,280320
2020-08-06,5097.1689453125,5187.517876038267,5082.110867050624,5142.343180098128,168001
2020-08-07,5082.11083984375,5127.28507438754,5051.994683481224,5097.168918025013,251845
2020-08-10,5172.45947265625,5195.046358052087,5082.110547609455,5082.110547609455,225792
2020-08-11,5533.85400390625,5533.85400390625,5179.988481544962,5247.750062668294,436806
2020-08-12,5609.14453125,5699.493462019655,5571.499566154279,5646.789957500232,255633
2020-08-13,5518.7958984375,5609.144365380932,5420.918162004867,5420.918162004867,202610
2020-08-14,5315.51171875,5571.49950779959,5315.51171875,5518.796003832173,339026
2020-08-17,5420.91796875,5420.91796875,5270.336734724646,5315.511427740389,247994
2020-08-18,5420.91796875,5533.853778980395,5345.627582314563,5420.91796875,190379
2020-08-19,5428.447265625,5488.679575080191,5345.62760954687,5390.801841638263,127923
2020-08-20,5443.50537109375,5458.563448535293,5375.743792029563,5435.976101795735,155319
2020-08-21,5481.150390625,5526.324623415326,5458.563504807083,5488.679660000634,319119
2020-08-24,5503.73779296875,5533.853948465289,5466.092368020828,5533.853948465289,247016
2020-08-25,5609.14453125,5797.371201346649,5511.266791923005,5511.266791923005,301732
2020-08-26,5684.43505859375,5744.667368225149,5609.144210400015,5609.144210400015,452574
2020-08-27,5932.8935546875,5947.951632065621,5646.789623348707,5752.196164995557,566926
2020-08-28,5797.37109375,6015.713455178181,5797.37109375,6015.713455178181,448497
2020-08-31,5684.43505859375,5910.306680865984,5669.3769811859,5910.306680865984,183367
2020-09-01,5722.080078125,5782.31284950656,5654.3184985423,5661.847767897929,327523
2020-09-03,5571.49951171875,5759.725718821851,5571.49951171875,5722.080292939428,380508
2020-09-04,5571.49951171875,5646.789902329088,5496.208659953903,5503.737929592191,273044
2020-09-07,5511.2666015625,5609.144337508773,5503.737793265207,5571.499373713319,342827
2020-09-08,5631.73193359375,5684.435438621917,5511.266845122873,5511.266845122873,334196
2020-09-09,5571.49951171875,5631.731824207021,5511.266738075971,5631.731824207021,185613
2020-09-10,5624.20263671875,5722.080376519097,5579.028401692708,5639.260715060764,215793
2020-09-11,5624.20263671875,5684.435411241319,5594.086480034722,5646.789984809027,240681
2020-09-14,5699.4931640625,5714.551241544487,5624.202315498078,5646.789662298303,268240
2020-09-15,5804.89990234375,5940.423065409839,5707.022164830353,5759.725668373221,756389
2020-09-16,6173.8232421875,6173.8232421875,5812.428924643236,5812.428924643236,756440
2020-09-17,5947.95166015625,6173.82328304929,5872.661272910065,6143.707128150816,509774
2020-09-18,5910.306640625,6136.17780020488,5887.71929408977,6023.241989837698,304718
2020-09-21,5932.8935546875,6008.183941578108,5895.248130664954,5910.30666919756,546340
2020-09-22,6030.771484375,6166.294646340505,5842.545280449131,5872.66143618491,417589
2020-09-23,6196.41064453125,6316.875264411528,6030.771331041379,6030.771331041379,720175
2020-09-24,6173.8232421875,6218.997474236223,6068.41670074048,6218.997474236223,443380
2020-09-25,6399.6953125,6550.27655771293,6324.4049204707935,6437.340739091862,910267
2020-09-28,6392.166015625,6474.985677083333,6377.107937282986,6474.985677083333,360765
2020-09-29,6234.0556640625,6452.398481302458,6181.352622965348,6452.398481302458,484160
2020-09-30,6301.8173828125,6324.404730319402,6136.178064173889,6249.113879399396,363487
2020-10-01,6346.99169921875,6392.165933665574,6294.288656274709,6324.404812572592,495613
2020-10-02,6286.75927734375,6384.637014187769,5902.777599488522,6384.637014187769,844072
2020-10-05,6512.630859375,6542.747014930056,6286.759231557584,6286.759231557584,743030
2020-10-06,6474.9853515625,6535.218123056951,6437.34038817727,6520.160045471961,295197
2020-10-07,6474.9853515625,6542.7469312722005,6459.92727397751,6542.7469312722005,572959
2020-10-08,6331.93359375,6474.985566124984,6264.172011794874,6467.456757660251,648273
2020-10-09,6331.93359375,6399.695175705126,6331.93359375,6399.695175705126,241108
2020-10-12,6286.75927734375,6369.578936300573,6256.643121569359,6331.933511005335,634198
2020-10-13,6384.63720703125,6535.218451605902,6256.643310546875,6324.404893663194,702978
2020-10-14,5819.9580078125,5865.132241996316,5684.435305261052,5722.08026983698,628177
2020-10-15,5624.20263671875,5819.958116319444,5624.20263671875,5819.958116319444,271112
2020-10-16,5624.20263671875,5714.551567925347,5345.627956814236,5496.208740234375,468618
2020-10-19,5752.1962890625,5880.190180114427,5661.84782284508,5661.84782284508,323233
2020-10-20,5759.7255859375,5835.015974810792,5722.080160923606,5804.899819261475,331649
2020-10-21,5797.37109375,5835.016058147046,5691.964086667462,5759.72566819845,709638
2020-10-22,5767.25439453125,5812.429089011944,5684.435197343804,5797.371011236545,649603
2020-10-23,6166.29443359375,6166.29443359375,5872.661233568957,5872.661233568957,1838121
2020-10-26,6166.29443359375,6399.69486307061,6098.532854948878,6399.69486307061,218164
2020-10-27,5917.83544921875,6166.294416510104,5737.138060384537,6166.294416510104,234823
2020-10-28,5511.2666015625,5887.719467598513,5511.2666015625,5887.719467598513,948451
2020-10-29,5511.2666015625,5609.144337508773,5368.214632368984,5420.918135068015,263523
2020-10-30,5435.97607421875,5571.499231659608,5383.272572863474,5511.266461044514,198257
2020-11-02,5473.62158203125,5541.383161789371,5353.156500110757,5435.976157464629,123068
2020-11-03,5496.20849609375,5556.441267940791,5466.092340747477,5466.092340747477,133982
2020-11-04,5631.73193359375,5646.790012008295,5488.679958078314,5496.208766708328,199674
2020-11-05,5488.6796875,5616.673578291109,5458.563532155561,5518.795842844438,182076
2020-11-06,5533.85400390625,5556.441351332194,5435.97626698466,5503.737848107991,140228
2020-11-09,5496.20849609375,5541.383190267654,5473.621610161292,5541.383190267654,150326
2020-11-10,5548.912109375,5579.02826532289,5496.208605888942,5571.499456913169,236817
2020-11-11,5511.2666015625,5548.91202651245,5481.150446064338,5496.208523813419,165655
2020-11-12,5503.73779296875,5541.383217916672,5496.208523517367,5511.266601265637,203199
2020-11-13,5722.080078125,5729.6093474806285,5496.208453618994,5503.737722974623,429970
2020-11-16,5579.0283203125,5759.725718935382,5511.266738184606,5722.080293052218,187219
2020-11-17,5684.43505859375,5722.080021536132,5579.028055584315,5579.028055584315,200051
2020-11-18,5661.84814453125,5707.022380206601,5646.7900659728,5684.435492946186,233806
2020-11-19,5797.37109375,5835.016058147046,5631.731774708584,5646.789852698304,241709
2020-11-20,5767.25439453125,5835.015975097795,5744.6675084454,5797.371011236545,171701
2020-11-23,5842.54541015625,5872.661566560621,5789.841905871346,5789.841905871346,570325
2020-11-24,5865.13232421875,5887.719672204559,5691.96419350925,5850.074245946381,276156
2020-11-25,5789.841796875,5872.661456005159,5759.7256410375785,5865.132186468553,232351
2020-11-26,5789.841796875,5842.545300167738,5722.080215663552,5759.7256410375785,422569
2020-11-27,5857.603515625,6023.2423766200745,5797.371202535882,5819.958089367045,196990
2020-11-30,5797.37109375,5872.661483698596,5752.196398626339,5857.603405708877,88033
2020-12-01,5669.376953125,5729.609262458277,5639.260337303879,5646.78960654778,354556
2020-12-02,5646.7900390625,5797.371285083914,5616.6738820891205,5684.435465856483,336291
2020-12-03,5654.31884765625,5752.196588395739,5609.144612196759,5646.790038990261,280370
2020-12-04,5789.841796875,5797.371066411606,5624.202478614682,5722.080215663552,513563
2020-12-07,5872.66162109375,5947.952012803819,5797.371229383681,5917.835856119791,503578
2020-12-08,5797.37109375,5872.661483698596,5737.13832063662,5872.661483698596,527336
2020-12-09,5722.080078125,5797.370927063328,5722.080078125,5797.370927063328,317851
2020-12-10,5722.080078125,6015.7132822137055,5722.080078125,5722.080078125,537785
2020-12-11,5812.42919921875,5872.661511462384,5737.138347759704,5797.371121157842,316046
2020-12-14,5835.01611328125,5872.661539188506,5767.254531109992,5827.487304792503,383444
2020-12-15,5835.01611328125,5857.603461056505,5729.609566357244,5835.01611328125,273320
2020-12-16,5872.66162109375,5887.719699435764,5774.783881293402,5872.66162109375,518380
2020-12-17,6060.8876953125,6098.533120902343,5865.132220092523,5872.661489672293,906002
2020-12-18,6369.5791015625,6399.6952581182695,6083.475153128181,6173.8236227954885,786521
2020-12-21,6798.73486328125,6813.792941202695,6369.578950788312,6369.578950788312,1250272
2020-12-22,6708.38623046875,6798.73469577138,6655.682728464971,6798.73469577138,700080
2020-12-23,6324.40478515625,6768.618780356112,6324.40478515625,6738.502624188783,665421
2020-12-24,6023.2421875,6399.695054795999,5887.719487304678,6362.04962972005,728492
2020-12-25,6444.869140625,6444.869140625,6023.242049584639,6023.242049584639,678541
2020-12-28,6889.083984375,6889.083984375,6550.276529947916,6700.857313368056,1471812
2020-12-29,7370.94287109375,7370.94287109375,7009.548533720942,7265.536323863413,1220304
2020-12-30,7227.890625,7830.215112756787,7205.303739166247,7830.215112756787,1224381
2020-12-31,7303.181640625,7378.472030377474,6926.728769553628,7152.60039996555,1054197
2021-01-04,7679.63427734375,7792.570557039549,7242.949081573819,7340.826821719899,631464
2021-01-05,7679.63427734375,7867.860487861051,7468.820718656386,7529.053493391716,763051
2021-01-06,7529.05322265625,7754.924390462253,7529.05322265625,7641.989037136502,794286
2021-01-07,7754.92431640625,7905.506015814597,7453.76230105304,7529.053150757213,622056
2021-01-08,7717.279296875,7943.150922044375,7604.343484290312,7604.343484290312,716889
2021-01-11,7717.279296875,7830.215109459687,7679.633872295274,7754.924260300235,612523
2021-01-12,7679.63427734375,7717.279703909016,7521.524223616856,7717.279703909016,575895
2021-01-13,7754.92431640625,8018.441829216362,7679.633927856571,7679.633927856571,1051312
2021-01-14,7867.8603515625,7980.796168147344,7529.053362962472,7754.924534977655,883975
2021-01-15,8394.89453125,8394.89453125,8056.087079012519,8131.377931390522,1078282
2021-01-18,8432.5390625,8733.701534210668,8281.958287799152,8620.76572260779,566361
2021-01-19,7867.8603515625,8432.539434486724,7867.8603515625,8432.539434486724,777351
2021-01-20,7491.40771484375,7717.279341313772,7318.239590857932,7521.523870219154,1478310
2021-01-21,7980.7958984375,7980.7958984375,7453.762259237419,7529.053108519211,647144
2021-01-22,7679.63427734375,8244.313831204685,7604.343885367733,8244.313831204685,622056
2021-01-25,8206.66796875,8206.66796875,7679.6343009863185,7830.215546556448,1085056
2021-01-26,8056.0869140625,8658.410953826751,7830.21528386228,8281.95854426272,1071383
2021-01-27,7980.7958984375,8357.24830022849,7529.053108519211,7980.7958984375,955476
2021-01-28,7423.646484375,7943.1513419590865,7423.646484375,7423.646484375,1195443
2021-01-29,7754.92431640625,7943.150979512189,6934.257928328514,6934.257928328514,857758
2021-02-01,7212.83251953125,8131.377555802892,7212.83251953125,7754.924233610245,565483
2021-02-02,7227.890625,7378.47186222782,6776.147835625525,7190.2456615589135,562472
2021-02-03,7529.05322265625,7717.279426405169,7220.361934922964,7521.523953152134,740597
2021-02-04,7521.52392578125,7679.633973247338,7423.64618951091,7529.053195257967,510791
2021-02-05,7453.76220703125,7754.924218585601,7348.355664391298,7521.523786448463,550054
2021-02-08,7679.63427734375,7943.151340991584,7521.524223616856,7641.989311932999,981944
2021-02-09,8206.66796875,8206.66796875,7529.053516570704,7679.6343009863185,1820887
2021-02-17,8771.3466796875,8771.3466796875,8583.120015665994,8733.701715806796,739845
2021-02-18,9336.025390625,9373.670353058867,9034.862924227178,9336.025390625,2949345
2021-02-19,9411.31640625,9787.768804253486,9034.863085937535,9034.863085937535,804948
2021-02-22,9298.380859375,9637.188303917846,9034.86334319123,9486.60660258169,1209994
2021-02-23,9938.349609375,9938.349609375,9110.153962311912,9298.38062304356,1724298
2021-02-24,9787.76953125,10503.029417275971,9561.897891209268,10164.221957214872,1123315
2021-02-25,9938.349609375,10164.221233329385,9486.606361466227,9938.349609375,1300812
2021-02-26,10390.0927734375,10390.0927734375,9448.96132199199,9787.76875518945,1605130
2021-03-01,10314.802734375,10540.67437422382,10013.641162782602,10540.67437422382,743232
2021-03-02,10126.576171875,10239.511982756672,10013.640360993328,10239.511982756672,714882
2021-03-03,10013.640625,10126.57643885919,9825.413961131682,10126.57643885919,1001638
2021-03-04,9863.0595703125,10051.285306585996,9486.606253147573,9938.349495898312,978557
2021-03-05,9863.0595703125,9900.704533105403,9448.961290354668,9637.187948937131,925621
2021-03-08,10540.673828125,10540.673828125,9863.059865993897,9863.059865993897,1945323
2021-03-09,11255.9345703125,11255.9345703125,10390.09302383816,10653.609615239484,1708116
2021-03-10,10917.126953125,11670.031751376944,10503.028668470146,11670.031751376944,759915
2021-03-11,11105.3525390625,11293.579197195715,10879.480918226229,10917.126803238249,692177
2021-03-12,10804.19140625,11105.352964016543,10653.609705057728,11105.352964016543,957483
2021-03-15,11180.6435546875,11293.579366801696,10804.191155076503,10804.191155076503,774968
2021-03-16,11067.7080078125,11218.288786803792,10691.255599179767,11180.64382263322,742228
2021-03-17,11406.515625,11519.451441530871,10917.127394135894,11067.708175407384,656176
2021-03-18,11368.8701171875,11632.386702402116,11142.998494915266,11519.450891266,679508
2021-03-19,11444.16015625,11670.031780756006,11218.288531743994,11293.579380682322,805199
2021-03-22,11368.8701171875,11519.450891266,11218.28842080003,11444.160043072265,653166
2021-03-23,10992.4169921875,11368.8703174794,10917.12706497631,11368.8703174794,1018447
2021-03-24,10503.029296875,10841.836753052195,10239.512693951305,10615.965115600731,1527232
2021-03-25,10013.640625,10503.028844286831,9938.349774990877,10503.028844286831,804321
2021-03-26,10239.5126953125,10390.093479530482,9787.76942034952,10013.64105783101,896394
2021-03-29,10691.255859375,10691.255859375,10314.802519271449,10503.029189323224,576773
2021-03-30,10427.73828125,10841.836584232722,10427.73828125,10841.836584232722,518945
2021-03-31,10691.255859375,10992.417424687012,9712.478466338398,10427.73833684071,891376
2021-04-01,10691.255859375,10879.481607117754,10615.965006892486,10841.836642031009,456852
2021-04-02,10766.5458984375,11030.063423636911,10691.255967502551,10917.12760492546,646894
2021-04-05,10992.4169921875,11067.707841707675,10766.545365935955,10917.12706497631,983700
2021-04-06,11745.3232421875,11745.3232421875,10992.41748046875,11067.708333333334,1723921
2021-04-07,11895.9033203125,12046.48409480487,11745.32254582013,12046.48409480487,905802
2021-04-08,11519.451171875,11895.903577395957,11519.451171875,11519.451171875,620928
2021-04-09,11557.0966796875,11745.32335246166,11481.806748425064,11519.451714056282,661946
2021-04-12,11557.0966796875,11670.03249889019,11218.289222079433,11594.742567627754,796544
2021-04-13,11142.9990234375,11670.03221886438,11067.708171672652,11670.03221886438,919976
2021-04-14,11105.3525390625,11105.3525390625,10578.31937198384,10578.31937198384,869926
2021-04-15,10728.900390625,11142.998679070706,10540.673728184409,11142.998679070706,1186913
2021-04-16,10352.4482421875,10804.191505287246,10088.931646148983,10540.673986939722,898150
2021-04-19,10390.0927734375,10503.02858450332,9863.05960333632,10352.44781051855,841702
2021-04-20,10201.8662109375,10653.60945948326,10088.931321110038,10390.09287193456,869675
2021-04-22,9599.5419921875,10239.51188874418,9561.897029675563,10201.866003923284,1243486
2021-04-23,10239.5126953125,10239.5126953125,9260.735292123032,9260.735292123032,673487
2021-04-26,9787.76953125,10314.802743139013,9712.478677133407,10314.802743139013,795791
2021-04-27,9750.1240234375,9938.34976480389,9637.18820969407,9712.478137317028,511544
2021-04-28,9938.349609375,10314.802008529316,9750.12387095233,9750.12387095233,354618
2021-04-29,9787.76953125,10314.802743139013,9750.124565346228,10164.221957214872,222279
2021-05-04,9712.478515625,9712.478515625,9373.671061197916,9411.316948784724,288637
2021-05-05,9863.0595703125,10013.640343793091,9674.832911730036,9712.477874522943,451960
2021-05-06,9825.4140625,10051.28569254869,9787.769098261551,9863.05994904745,320875
2021-05-07,9561.8974609375,9787.76909081433,9561.8974609375,9787.76909081433,410439
2021-05-10,9637.1884765625,9938.35004001194,9336.02599080404,9373.670955657966,655925
2021-05-11,9561.8974609375,9900.704905752746,9411.31668178928,9637.18831166611,716513
2021-05-12,9750.1240234375,9787.76898724898,9448.961546018689,9448.961546018689,356625
2021-05-13,9750.1240234375,9975.99565092436,9674.833173505547,9674.833173505547,336931
2021-05-14,10051.2861328125,10164.22195278363,9674.833707011749,9750.124561095514,772835
2021-05-17,9975.99609375,10164.221843471563,9825.41438720191,10013.641059232506,328652
2021-05-18,9712.478515625,9975.996039496527,9637.188585069443,9975.996039496527,303313
2021-05-19,9524.2529296875,9712.478681602017,9524.2529296875,9712.478681602017,505774
2021-05-20,9373.6708984375,9561.897566176156,9336.025933813373,9561.897566176156,448448
2021-05-21,9298.380859375,9637.188303917846,9110.154193859307,9373.670787734076,648023
2021-05-24,9637.1884765625,9825.414223141146,9336.02599080404,9336.02599080404,367037
2021-05-25,9674.8330078125,9787.76881962177,9599.542159169994,9787.76881962177,298798
2021-05-26,9900.705078125,9938.350042990209,9561.897627411085,9637.188479450517,777226
2021-05-27,9750.1240234375,10051.28557854732,9637.18820969407,10051.28557854732,362145
2021-05-28,9637.1884765625,9787.76925828722,9599.542589399556,9787.76925828722,304442
2021-05-31,9561.8974609375,9599.542425147303,9336.02583106067,9561.8974609375,375567
2021-06-01,9411.31640625,9486.606332465311,9260.734709201424,9448.961369357656,478553
2021-06-02,9373.6708984375,9411.316785370638,9298.380969189246,9411.316785370638,319119
2021-06-03,9599.5419921875,9750.123686853163,9486.60618234273,9750.123686853163,333921
2021-06-04,10239.5126953125,10239.5126953125,9599.542748345268,9599.542748345268,1657313
2021-06-07,10691.255859375,10954.772459600268,10465.38422423648,10917.127494513525,1159818
2021-06-08,10013.640625,10766.545435855282,10013.640625,10766.545435855282,472908
2021-06-09,9863.0595703125,10013.640343793091,9448.961290354668,9637.187948937131,658685
2021-06-10,10051.2861328125,10051.2861328125,9599.54285292798,9599.54285292798,512798
2021-06-11,10051.2861328125,10314.802738642124,9825.41449287024,10051.2861328125,356751
2021-06-14,9900.705078125,10239.512528838915,9787.76926122036,10164.221676799483,316234
2021-06-15,9938.349609375,9975.995494906716,9750.12387095233,9787.768834175067,369420
2021-06-16,10578.3193359375,10615.96429851228,9938.34943831248,9938.34943831248,1195066
2021-06-17,10503.029296875,10540.674262347233,10239.512693951305,10239.512693951305,391121
2021-06-18,10503.029296875,10917.127606305694,10503.029296875,10503.029296875,1000509
2021-06-21,10503.029296875,10841.836753052195,10314.802624895769,10503.029296875,610767
2021-06-22,10201.8662109375,10615.964496207442,10013.64047224942,10503.028684071,740096
2021-06-23,10088.931640625,10277.157385274162,10013.64078937993,10201.866534029094,532618
2021-06-24,9938.349609375,10164.221233329385,9787.768834175067,10088.931306883907,676497
2021-06-25,9825.4140625,9975.995764071797,9750.124134023104,9975.995764071797,586432
2021-06-28,9900.705078125,10088.931747069071,9787.76926122036,9863.060113259791,426872
2021-06-29,9975.99609375,10164.221843471563,9900.705240475956,9900.705240475956,193177
2021-06-30,9938.349609375,10164.221233329385,9900.70464615226,10164.221233329385,391247
2021-07-01,10013.640625,10088.931475009123,9787.768997281615,10088.931475009123,462748
2021-07-02,9825.4140625,10013.640728310242,9787.769098261551,10013.640728310242,387860
2021-07-05,9561.8974609375,9825.414055024135,9411.31668178928,9825.414055024135,805073
2021-07-06,9034.86328125,9561.897387695297,9034.86328125,9524.252423773843,663577
2021-07-07,9034.86328125,9260.7349093967,8808.9916531033,9034.86328125,442050
2021-07-08,9072.5087890625,9260.734523127783,8959.572979699748,9034.862904402278,288637
2021-07-09,8733.7021484375,9147.799538564856,8658.411294637508,9072.509607073904,292400
2021-07-12,8281.958984375,8733.702268781568,8131.378197009161,8733.702268781568,737085
2021-07-13,8131.3779296875,8432.539494518394,8056.087077325266,8281.958712102947,373184
2021-07-14,8056.0869140625,8281.95854426272,8018.441949798797,8169.02272916261,194181
2021-07-15,8281.958984375,8281.958984375,7980.796487334271,7980.796487334271,199324
2021-07-16,8545.4755859375,8658.411406947886,8319.603943916727,8319.603943916727,361643
2021-07-19,8131.3779296875,8470.184459545,7980.796224963032,8093.732042351872,500254
2021-07-20,8507.830078125,8507.830078125,8206.66760049857,8206.66760049857,366159
2021-07-21,8545.4755859375,8771.347227958273,8507.830619703722,8507.830619703722,228802
2021-07-22,9110.154296875,9110.154296875,8470.184364732202,8545.475216251652,773337
2021-07-23,8921.927734375,9336.026039148572,8921.927734375,9185.4452566441,582919
2021-07-26,9110.154296875,9185.44514839445,8658.411032376322,8921.92762923088,420474
2021-07-27,9034.86328125,9260.7349093967,8884.2825032552,9260.7349093967,399526
2021-07-28,8808.9921875,9110.154684068591,8658.411400370229,9110.154684068591,539266
2021-07-29,8808.9921875,8808.9921875,8658.411400370229,8808.9921875,282616
2021-07-30,9034.86328125,9147.79909532335,8733.701725260396,8808.9916531033,345210
2021-08-02,8959.5732421875,9110.15401831307,8884.282392970224,9110.15401831307,335677
2021-08-03,9110.154296875,9298.38096451912,8959.57351614511,8959.57351614511,435151
2021-08-04,9298.380859375,9486.60660258169,8921.927528343615,9034.86334319123,910568
2021-08-05,9298.380859375,9411.316674222617,9034.86334319123,9298.380859375,421227
2021-08-06,9298.380859375,9637.188303917846,9223.090008706922,9298.380859375,625569
2021-08-09,9561.8974609375,9599.542425147303,9298.380866850865,9336.02583106067,957985
2021-08-10,9599.5419921875,9712.47780203227,9448.961219830791,9637.187877008397,784250
2021-08-11,10239.5126953125,10239.5126953125,9863.060273613028,9863.060273613028,2429647
2021-08-12,10277.1572265625,10615.964668469547,9863.059856882102,10390.093040531516,1798433
2021-08-13,10164.2216796875,10277.157496624228,9863.060116062235,10277.157496624228,751385
2021-08-16,10766.5458984375,10804.191786214007,10239.51269265674,10277.157658124212,2129344
2021-08-17,10390.0927734375,10728.90020663496,10352.44781051855,10653.609358488093,1143385
2021-08-18,10503.029296875,10691.25596885423,9900.705237774107,10390.093478149269,787888
2021-08-19,10615.96484375,10691.255695075472,10239.512431740664,10503.029027916298,859389
2021-08-20,10164.2216796875,10917.127433368694,9900.70508093814,10691.255799495237,2109148
2021-08-23,9486.6064453125,10088.931396053758,9486.6064453125,10088.931396053758,1816496
2021-08-24,9298.380859375,9486.60660258169,9034.86334319123,9072.509229679768,888867
2021-08-25,9336.025390625,9373.670353058867,9034.862924227178,9336.025390625,725544
2021-08-26,9260.7353515625,9674.833663706107,9072.509600659165,9486.606990493734,704471
2021-08-27,9561.8974609375,9599.542425147303,9072.509236974034,9185.44505191245,696944
2021-08-30,10201.8662109375,10201.8662109375,9637.188072564277,9750.123884700715,1170355
2021-08-31,10051.2861328125,10390.09359272589,10051.2861328125,10352.448626838528,941050
2021-09-01,10728.900390625,10728.900390625,10051.285512609657,10051.285512609657,2458624
2021-09-06,11444.16015625,11444.16015625,11105.352719490991,11293.579380682322,1847480
2021-09-07,10766.5458984375,11632.387482661656,10653.610079726046,11444.160810706222,2310855
2021-09-08,10540.673828125,10841.836306423598,10390.0930501302,10766.5454562717,1439800
2021-09-09,11255.9345703125,11255.9345703125,10540.673801451916,10540.673801451916,1465766
2021-09-10,11293.580078125,11557.096682219326,11218.289224537031,11444.160862991896,1797555
2021-09-13,10917.126953125,11368.870200999756,10841.836104376214,11142.99857706238,968396
2021-09-14,10390.0927734375,10954.7718287666,10390.0927734375,10728.90020663496,1508416
2021-09-15,10691.255859375,10766.545789548492,10051.28591904618,10390.093371753965,1002641
2021-09-16,10728.900390625,10879.481167192082,10540.673728184409,10615.964577622442,469020
2021-09-17,10954.7724609375,11142.999131012251,10691.255860680065,10766.545790862749,997122
2021-09-20,10841.8359375,11293.57917842158,10653.609279679687,11105.352520601267,1110144
2021-09-21,10766.5458984375,10841.83675168148,10352.448511368191,10540.674261014594,1254274
2021-09-22,11519.451171875,11519.451171875,10766.545438524096,10766.545438524096,2472673
2021-09-23,11142.9990234375,12159.420449563344,11142.9990234375,12159.420449563344,2192565
2021-09-24,11067.7080078125,11293.57963745394,10917.127228821208,11067.7080078125,683522
2021-09-27,10314.802734375,11142.9993620267,10314.802734375,11030.06354210229,1760926
2021-09-28,10540.673828125,10615.964678276898,10013.640643988698,10051.28560791015,1489349
2021-09-29,10691.255859375,10766.545789548492,10390.093371753965,10465.38422423648,634224
2021-09-30,10540.673828125,10917.127156575496,10503.028864203548,10691.255528428796,573135
2021-10-01,10314.802734375,10691.256082329062,10314.802734375,10465.38444248024,841075
2021-10-04,10691.255859375,10728.900824461743,10390.093371753965,10578.32004180574,1142507
2021-10-05,10691.255859375,10766.545789548492,10578.32004180574,10691.255859375,653166
2021-10-06,11142.9990234375,11255.934839930262,10728.900722194368,10728.900722194368,1213130
2021-10-07,11105.3525390625,11293.579197195715,10992.416728644364,11293.579197195715,980062
2021-10-08,11067.7080078125,11519.451267095375,11067.7080078125,11293.57963745394,1382976
2021-10-11,11030.0634765625,11218.289227112064,11030.0634765625,11218.289227112064,867793
2021-10-12,10992.4169921875,11142.998691227856,10917.12706497631,11142.998691227856,835555
2021-10-13,11142.9990234375,11331.224769386094,10992.417319907809,10992.417319907809,920980
2021-10-14,11632.38671875,11707.677567049546,11142.998510575377,11142.998510575377,2154306
2021-10-15,11670.0322265625,12046.484641017028,11519.451445242492,12046.484641017028,1618928
2021-10-18,11519.451171875,11745.322799649372,11481.806208015603,11670.031949621583,981317
2021-10-19,12310.001953125,12310.001953125,11331.224585317665,11519.451250517652,4458263
2021-10-20,12874.6806640625,13138.1972500787,12422.937418143889,12724.098967216982,3080179
2021-10-21,13025.26171875,13326.424196609552,12422.937685339888,12648.809313157304,3342223
2021-10-22,12422.9375,12724.09905105748,11895.903402185942,12347.64665108114,2227187
2021-10-25,12987.6171875,13288.77875308223,12121.775611255787,12422.93809914704,1993492
2021-10-26,13025.26171875,13175.84249652528,12573.518463115168,12648.809313157304,1718904
2021-10-27,12949.970703125,13552.295651142567,12837.034890660329,13025.261552204442,2568384
2021-10-28,12874.6806640625,13477.004684517658,12535.87322962354,12799.38981563974,1939678
2021-10-29,12799.390625,13100.55311542586,12611.16395319521,13100.55311542586,2254658
2021-11-01,12761.7451171875,13401.7141139688,12573.518453382356,12686.454267203644,1732702
2021-11-02,13627.5859375,13627.5859375,12761.745300630168,12949.971044831957,3131358
2021-11-03,12686.4541015625,14380.491286763554,12686.4541015625,14305.200437762736,3125588
2021-11-04,13251.1337890625,13326.424641618823,12310.002282499065,12310.002282499065,1885614
2021-11-05,12987.6171875,13401.71457075282,12799.39051727934,13251.133787961706,2242616
2021-11-08,13100.552734375,13364.069329389671,12799.39025270894,13062.906847723614,1615165
2021-11-09,13702.876953125,13740.521917955635,12949.971200349137,13100.552904289718,2456867
2021-11-10,14644.0078125,14644.0078125,13552.29557933222,13778.167203064722,3020093
2021-11-11,15133.396484375,15585.1406679169,14606.363294475956,14681.653223142104,2472422
2021-11-12,14869.8798828125,15058.106549012164,14455.781586096837,14982.8156980705,1908945
2021-11-15,15058.1064453125,15660.430481770842,14531.07233696833,14832.234816351998,2735344
2021-11-16,14380.4912109375,14832.234457942475,14004.037890227368,14756.943609338656,1870812
2021-11-17,14154.6201171875,14606.363381099474,14079.329265765837,14079.329265765837,1169602
2021-11-18,14568.7177734375,14644.008626302082,13778.16796875,14154.62038845486,1856261
2021-11-19,13552.2958984375,14568.717306857665,13552.2958984375,14568.717306857665,2206489
2021-11-22,12611.1630859375,13477.0046099256,12611.1630859375,13175.842140210398,1956111
2021-11-23,12573.5185546875,12573.5185546875,11745.322887428263,11745.322887428263,1085181
2021-11-24,12046.484375,12912.325923665348,11820.613669162294,12611.163445366748,1488596
2021-11-25,12535.8740234375,12761.745660699762,12046.484861163244,12422.938204806367,1196070
2021-11-26,12761.7451171875,12912.32589484622,12046.48434811335,12799.39008102493,1358013
2021-11-29,13175.8427734375,13477.005257626482,12046.484610615084,12046.484610615084,1027102
2021-11-30,13251.1337890625,13702.877059782391,13175.842936506177,13477.005424422448,1011171
2021-12-01,12912.326171875,13100.55283971847,12874.68120722991,13062.906952764368,687536
2021-12-02,13326.4248046875,13477.005589333705,12686.45485590032,12912.326494024144,1151037
2021-12-03,12761.7451171875,13552.295813936513,12648.809303366212,13552.295813936513,1020328
2021-12-06,12159.419921875,12648.809053644718,12159.419921875,12648.809053644718,758535
2021-12-07,12724.099609375,12761.745496640771,12121.775558521838,12234.71137570112,798927
2021-12-08,12648.8095703125,13100.552835131446,12648.8095703125,12799.390351149144,598850
2021-12-09,13025.26171875,13025.26171875,12498.227613073032,12573.518463115168,764055
2021-12-10,12799.390625,13062.907227679483,12761.745659562655,13025.262262242137,703091
2021-12-13,13665.2314453125,13665.2314453125,12949.97068578784,13025.26153476648,1732577
2021-12-14,13589.9404296875,14041.683673401909,13439.359655885688,13966.392825346516,1408314
2021-12-15,13740.521484375,14192.264737324009,13589.940707494994,13853.457297612253,1316743
2021-12-16,14116.9736328125,14154.619518084452,13439.359687933978,13627.585425057858,1824775
2021-12-17,13702.876953125,14455.781783591849,13665.231988294365,14455.781783591849,1595345
2021-12-20,13364.0693359375,14004.038341616551,13326.424371576675,13702.87678211194,1521963
2021-12-21,13552.2958984375,13853.457455632732,13100.55264033565,13138.197604407806,1417722
2021-12-22,14493.427734375,14493.427734375,13589.941196000182,13589.941196000182,3414351
2021-12-23,15020.4609375,15321.623424473726,13778.16786921731,15321.623424473726,3127720
2021-12-24,14418.13671875,15058.106650285792,14229.91005128441,15058.106650285792,1520458
2021-12-27,14041.6845703125,14305.201171875,13552.296332465276,14154.62038845486,1536640
2021-12-28,14267.5556640625,14531.07225560458,14079.32900021302,14154.61985021461,1851368
2021-12-29,13815.8125,14644.0081662563,13702.876685405552,14305.20072247295,1407813
2021-12-30,13589.9404296875,13928.747862473308,13552.29546681429,13815.812051544704,1288143
2021-12-31,13100.552734375,13552.295995719587,12912.326068045088,13552.295995719587,2000140
2022-01-04,13439.3603515625,13928.748583482877,13100.55290123862,13100.55290123862,974041
2022-01-05,13740.521484375,14192.264737324009,13175.842418188742,13439.359930614988,1745246
2022-01-06,14079.3291015625,14154.61995210607,13514.65002825823,13740.52165757994,1854630
2022-01-07,14531.072265625,14681.653043423028,14154.619859975432,14305.20063777346,2111029
2022-01-10,13778.16796875,14606.363661024305,13778.16796875,14606.363661024305,2371066
2022-01-11,13552.2958984375,13928.74830608604,13251.133418933268,13552.2958984375,1495621
2022-01-12,12686.4541015625,13439.35982464374,12611.163252561682,13251.133163296185,2195200
2022-01-13,11820.61328125,12799.389689559592,11820.61328125,12611.163031511302,1986593
2022-01-14,12234.7109375,12422.93760016024,11105.352806156528,11105.352806156528,1003645
2022-01-17,11406.515625,12573.518755049334,11406.515625,12573.518755049334,941301
2022-01-18,10841.8359375,11406.514988651974,10766.545089910082,11030.062595320313,784501
2022-01-19,11594.7421875,11594.7421875,10728.900627895877,10728.900627895877,690421
2022-01-20,12121.775390625,12272.356170675364,11594.742199294222,11933.549646139298,722785
2022-01-21,11971.1943359375,12272.35588912913,11745.322709889284,12159.420076105023,490721
2022-01-24,11142.9990234375,11745.323070629223,11142.9990234375,11745.323070629223,695564
2022-01-25,11218.2890625,11368.870767500928,10841.836644615723,10841.836644615723,352235
2022-01-26,10992.4169921875,11594.741943730942,10992.4169921875,11218.288618439045,335050
2022-01-27,10691.255859375,10992.417424687012,10540.67415440997,10992.417424687012,332917
2022-01-28,10314.802734375,10917.127722177882,9975.996196910814,10691.256082329062,627701
2022-02-07,11030.0634765625,11030.0634765625,10540.674311591942,10578.320199549084,247116
2022-02-08,11255.9345703125,11594.7420116752,11067.70790656356,11293.579534138693,392878
2022-02-09,11444.16015625,11557.095968503005,10917.12698060864,11218.288531743994,382592
2022-02-10,11444.16015625,11670.031780756006,11368.87022962065,11444.16015625,345838
2022-02-11,11406.515625,11444.16058974062,11293.579808469129,11293.579808469129,220523
2022-02-14,11293.580078125,11293.580078125,11142.999293258104,11142.999293258104,319872
2022-02-15,11293.580078125,11293.580078125,11142.999293258104,11255.935112485537,329405
2022-02-16,11670.0322265625,11820.613930191525,11331.22477686072,11594.742297057002,419095
2022-02-17,11670.0322265625,11820.613930191525,11557.09640999524,11670.0322265625,444308
2022-02-18,11971.1943359375,12008.839299509207,11519.451083841068,11594.741933293468,569372
2022-02-21,12046.484375,12197.066075303796,11971.194447157097,12197.066075303796,643507
2022-02-22,11707.677734375,11971.19432372612,11519.451072090496,11933.549360192814,513049
2022-02-23,11782.9677734375,11895.903587419847,11594.742031672911,11820.613659637613,569999
2022-02-24,11368.8701171875,11858.25832467435,10992.416798527796,11707.67755059585,1302819
2022-02-25,11519.451171875,11632.386985762188,11406.515357987812,11406.515357987812,451333
2022-02-28,11406.515625,11594.742293321124,11368.87066025938,11557.09640627149,529231
2022-03-01,11707.677734375,11782.967661441617,11406.515259181588,11406.515259181588,619422
2022-03-02,12498.2275390625,12498.2275390625,11745.322732335571,11895.90350921916,2434163
2022-03-03,12874.6806640625,13025.261438599047,12724.098967216982,13025.261438599047,1563609
2022-03-04,12799.390625,12949.971409058417,12460.583169136797,12724.099771816278,944563
2022-03-07,12347.646484375,12761.744764374498,12121.774862976905,12573.518105773095,1060595
2022-03-08,12197.06640625,12460.583005468216,12159.420518998098,12197.06640625,933148
2022-03-09,12234.7109375,12347.646750634349,11594.741944611356,12197.065973891547,1262679
2022-03-10,12347.646484375,12573.518105773095,12272.355636472646,12422.937332277354,674741
2022-03-11,11971.1943359375,12310.001775009823,11933.549372365793,12234.710925557423,746368
2022-03-14,11745.3232421875,11971.194878472224,11406.515787760416,11670.032389322916,880463
2022-03-15,12084.1298828125,12084.1298828125,11557.095792871423,11557.095792871423,460364
2022-03-16,12046.484375,12272.3560031467,12008.839411078548,12272.3560031467,364904
2022-03-17,12046.484375,12234.711039225249,12008.839411078548,12197.066075303796,550807
2022-03-18,12385.2919921875,12385.2919921875,12046.484545181109,12046.484545181109,714004
2022-03-21,12648.8095703125,12724.099499576316,12460.582902534934,12498.227867166845,1502394
2022-03-22,12498.2275390625,12761.745051495012,12460.58257541885,12761.745051495012,720778
2022-03-23,12234.7109375,12573.518376903045,12234.7109375,12422.93760016024,863779
2022-03-24,12347.646484375,12422.937332277354,12046.48401507455,12272.355636472646,682268
2022-03-25,12611.1630859375,12648.808971095004,12347.646501379802,12347.646501379802,953344
2022-03-28,12234.7109375,12498.227527377148,12084.1301607572,12422.93760016024,652288
2022-03-29,12573.5185546875,12573.5185546875,12234.711110493858,12234.711110493858,713251
2022-03-30,12084.1298828125,12573.51808770202,12046.483997760944,12422.9373144227,651409
2022-03-31,11858.2587890625,12234.711200155703,11782.967937920255,12046.4845334546,707857
2022-04-01,11971.1943359375,12046.484263080914,11670.031860436882,11745.322709889284,416084
2022-04-04,11933.5498046875,12121.775551673956,11858.258952507507,12046.484699493962,408307
2022-04-05,12046.484375,12197.066075303796,11820.613669162294,11858.258633083746,545287
2022-04-06,12008.83984375,12008.83984375,11670.032389322916,11895.90402560764,682142
2022-04-07,11820.61328125,12046.483979675397,11745.32243356889,12008.839016989325,388864
2022-04-08,11557.0966796875,11820.614206033131,11368.870929222374,11820.614206033131,676623
2022-04-12,10992.4169921875,11557.09605781636,10954.772028581903,11557.09605781636,520199
2022-04-13,11331.224609375,11406.515460076644,10653.609719987198,11105.352979579066,447820
2022-04-14,11180.6435546875,11519.45099103009,10540.673645270726,11519.45099103009,219394
2022-04-15,10879.4814453125,11218.288892981363,10691.255700369138,11218.288892981363,242726
2022-04-18,10164.2216796875,10691.255799495237,10126.576714811596,10691.255799495237,812224
2022-04-19,9863.0595703125,10427.737701441956,9863.0595703125,10239.51196516846,412948
2022-04-20,9185.4453125,9938.350151909724,9185.4453125,9486.606879340276,470274
2022-04-21,8620.765625,9110.153828968432,8545.474777347563,8583.1197400193,707983
2022-04-22,8733.7021484375,9147.799538564856,8620.766328892032,8620.766328892032,539266
2022-04-25,8357.248046875,9072.508787596127,8281.958122184638,8959.57297825163,344709
2022-04-26,8884.2822265625,8884.2822265625,7980.795742113946,8169.022400477051,398899
2022-04-27,9072.5087890625,9110.153751413764,8696.05547631402,8771.346323325508,240217
2022-04-28,9072.5087890625,9260.734523127783,8959.572979699748,9110.153751413764,216760
2022-04-29,9110.154296875,9185.44514839445,8884.282664625662,8997.21848075033,276846
2022-05-04,8959.5732421875,9110.15401831307,8808.991543752949,9110.15401831307,206976
2022-05-05,8846.6376953125,9034.86344054744,8733.701879247932,8921.92762448287,110888
2022-05-06,8507.830078125,8771.346669605005,8357.248378157288,8357.248378157288,224286
2022-05-09,7943.15087890625,8281.958314820298,7943.15087890625,8281.958314820298,259535
2022-05-10,7453.76220703125,7792.570104117316,7393.529896951278,7416.117243808511,269068
2022-05-11,7943.15087890625,7943.15087890625,7529.053055396133,7529.053055396133,436405
2022-05-12,7604.34375,8056.087016123486,7529.053359364254,8056.087016123486,268817
2022-05-13,7077.31005859375,7830.215344728872,7077.31005859375,7529.053322505724,374187
2022-05-16,7227.890625,7566.698062896726,7077.309848926672,7077.309848926672,199198
2022-05-17,7717.279296875,7717.279296875,7227.890621956524,7227.890621956524,225164
2022-05-18,7717.279296875,7905.50595861914,7641.988908870039,7792.570146034453,206976
2022-05-19,7641.9892578125,7717.279649255312,7378.472196030892,7468.820665762266,244984
2022-05-20,7717.279296875,7830.215109459687,7529.053096285352,7566.698059710587,290644
2022-05-23,7513.9951171875,7792.570248189516,7453.762344839431,7717.279398043054,223534
2022-05-24,7513.9951171875,7641.989009051089,7453.762344839431,7566.698158904627,132590
2022-05-25,7867.8603515625,7905.506238630125,7529.053362962472,7679.634144305927,339566
2022-05-26,7905.50634765625,7980.796278211806,7830.215494791666,7905.50634765625,258406
2022-05-27,8093.73193359375,8169.022784944277,7905.506188680948,7905.506188680948,342074
2022-05-30,8244.3134765625,8244.3134765625,7905.506035512987,8056.086812987551,227799
2022-05-31,8206.66796875,8319.60378763897,8093.732149861031,8169.023003223355,192048
2022-06-01,8056.0869140625,8244.313579999018,7867.860248125982,8206.667693426312,219143
2022-06-02,7792.5703125,8131.377757491696,7792.5703125,8131.377757491696,131586
2022-06-03,7641.9892578125,7905.506319594108,7529.053440071027,7604.343831513838,147768
2022-06-06,7604.34375,7792.570418321124,7566.698324104873,7792.570418321124,124812
2022-06-07,7529.05322265625,7641.989037136502,7446.233563883467,7566.6981867133345,161566
2022-06-08,7717.279296875,7717.279296875,7476.349594104633,7566.698059710587,340945
2022-06-09,7754.92431640625,7830.215166110423,7679.633927856571,7679.633927856571,154667
2022-06-10,7754.92431640625,7754.92431640625,7641.988964158979,7717.279352708658,114150
2022-06-13,7212.83251953125,7566.698033668411,7212.83251953125,7566.698033668411,319119
2022-06-14,7122.484375,7212.83284436388,6843.909236062938,6851.43850575385,195686
2022-06-15,6715.9150390625,7303.181447027673,6625.566573754546,7303.181447027673,260538
2022-06-16,6723.4443359375,6994.490194125366,6595.45044565005,6595.45044565005,282867
2022-06-17,6512.630859375,6723.444409414888,6316.87538711264,6700.857062171348,273584
2022-06-20,6060.8876953125,6399.695142157575,6060.8876953125,6264.171978957744,256524
2022-06-21,6482.5146484375,6482.5146484375,5646.789724883858,5646.789724883858,847974
2022-06-22,6934.2578125,6934.2578125,6512.630721355587,6776.147768609467,1148528
2022-06-23,7416.11767578125,7416.11767578125,6881.554739798144,7152.600612100341,346088
2022-06-24,7310.71044921875,7438.704342378633,7220.361981513362,7333.297796722348,250127
2022-06-27,7754.92431640625,7792.570202412831,7114.954860847744,7295.6522545214675,494484
2022-06-28,7905.50634765625,7905.50634765625,7604.343858506944,7792.570529513889,160437
2022-06-29,7905.50634765625,7905.50634765625,7641.989284939236,7641.989284939236,119669
2022-06-30,7566.6982421875,7980.79607793282,7355.884689535182,7679.634057495724,417285
2022-07-01,7423.646484375,7566.698459724115,7227.891004058996,7566.698459724115,85675
2022-07-04,7393.5302734375,7521.524169452267,7265.536377422733,7416.117621444905,162946
2022-07-05,7190.24560546875,7378.471804669328,7190.24560546875,7378.471804669328,140618
2022-07-06,7084.8388671875,7227.890839275271,7084.8388671875,7152.600449006577,71500
2022-07-07,7137.54248046875,7370.942924460168,7039.664741040395,7092.368245614396,50176
2022-07-08,7416.11767578125,7529.053494336709,7303.181857225792,7303.181857225792,105871
2022-07-11,7401.0595703125,7529.053466796875,7401.0595703125,7529.053466796875,99850
2022-07-12,7679.63427734375,7717.279703909016,7416.117674850432,7416.117674850432,153538
2022-07-13,7679.63427734375,7830.2155224503,7604.343885367733,7679.63427734375,214753
2022-07-14,7833.8291015625,7875.992458767361,7808.532009548611,7842.261773003472,66416
2022-07-15,7918.15478515625,8255.456104318742,7833.828994211119,7833.828994211119,115136
2022-07-18,7951.88427734375,7994.04763253493,7867.559411579357,7926.587186538026,95648
2022-07-19,7926.58740234375,7977.182507641662,7859.126954510198,7951.884493838202,63280
2022-07-20,7977.1826171875,8019.345051796583,7926.587511194796,7935.020182578417,149632
2022-07-21,7935.02001953125,8010.912215806377,7909.722005900206,7985.615124484336,51296
2022-07-22,7850.6943359375,7926.58745554828,7850.6943359375,7926.58745554828,73360
2022-07-25,7631.4482421875,7918.154921809058,7606.150688929174,7918.154921809058,91840
2022-07-26,7606.150390625,7673.610837437826,7606.150390625,7606.150390625,54768
2022-07-27,7665.17822265625,7707.341117512896,7555.555341645272,7707.341117512896,31584
2022-07-28,7859.126953125,7926.587400946662,7673.610952192681,7673.610952192681,99680
2022-07-29,7825.39599609375,7968.74955802126,7825.39599609375,7951.884216074735,71456
2022-08-01,7918.15478515625,7935.020127807079,7825.396322885705,7842.261665536534,106064
2022-08-02,8187.99560546875,8263.888724619874,7926.587407540004,7951.88449905104,260176
2022-08-03,8179.56298828125,8255.456107934204,8095.238119608205,8213.29367359768,140112
2022-08-04,8095.23779296875,8221.726013183586,8069.939780002191,8221.726013183586,88368
2022-08-05,8112.103515625,8137.400607469703,8010.912381319124,8019.345052703698,139552
2022-08-08,8474.7021484375,8474.7021484375,8112.103725675025,8120.535474968905,719600
2022-08-09,8559.02734375,8601.18977650778,8432.539123167682,8432.539123167682,179872
2022-08-10,8474.7021484375,8559.027942157709,8415.674369526068,8432.53971273192,196000
2022-08-11,8432.5390625,8601.189714626744,8263.888410373256,8516.864849717858,371728
2022-08-12,8432.5390625,8432.5390625,8263.888410373256,8432.5390625,127456
2022-08-15,8516.865234375,8516.865234375,8314.483889297138,8432.539443348636,209328
2022-08-16,8398.8095703125,8516.865122817659,8398.8095703125,8474.701766702243,130592
2022-08-17,8474.7021484375,8812.00440100929,8390.377277026337,8432.53971273192,325136
2022-08-18,8356.646484375,8516.865398175598,8356.646484375,8474.702040697002,134400
2022-08-19,8272.3212890625,8424.106603095548,8272.3212890625,8356.646156088971,90720
2022-08-22,8019.3447265625,8263.888497533657,8019.3447265625,8247.02315545041,217728
2022-08-23,8348.21484375,8415.674371974943,7842.261925899611,8010.912591080058,129472
2022-08-24,8474.7021484375,8474.7021484375,8297.618811703203,8373.511933820486,176736
2022-08-25,8432.5390625,8474.701494954443,8348.214197591114,8432.5390625,141232
2022-08-26,8179.56298828125,8474.70187325494,8179.56298828125,8432.539438918417,157472
2022-08-29,8010.912109375,8145.833002330033,7842.261454335704,8103.670569147456,143024
2022-08-30,7994.0478515625,8171.131181290381,7994.0478515625,8010.912271792054,98000
2022-08-31,8044.64306640625,8095.23817240184,7884.424154726358,8095.23817240184,91168
2022-09-05,7926.58740234375,8053.075626743034,7926.58740234375,8053.075626743034,69328
2022-09-06,7909.72216796875,8078.372828704321,7842.261719212716,7926.587510735013,182784
2022-09-07,7757.9365234375,7951.884267849425,7757.9365234375,7842.2613891012115,71120
2022-09-08,7749.50390625,7842.261443586324,7639.880565585673,7698.908340883967,69776
2022-09-09,7631.4482421875,7766.368679950074,7538.690700625145,7639.880913658447,88592
2022-09-12,7648.3134765625,7757.936820665174,7631.448133860007,7639.880805211254,78624
2022-09-13,7589.28564453125,7673.610973970391,7589.28564453125,7648.313421254099,53088
2022-09-14,7462.79736328125,7538.69048200991,7437.499810756531,7504.960258258783,89712
2022-09-15,7673.61083984375,7960.317047156407,7462.797289353443,7462.797289353443,68432
2022-09-16,7504.96044921875,7682.043782552083,7504.96044921875,7682.043782552083,38864
2022-09-19,7167.65869140625,7589.285808887358,6999.0080288756135,7589.285808887358,123200
2022-09-20,7167.65869140625,7294.146918881485,7083.333360140932,7184.524034352024,36288
2022-09-21,7142.36083984375,7167.65839205135,7083.333064307852,7167.65839205135,24528
2022-09-22,7150.79345703125,7251.983665098446,7049.602787809561,7049.602787809561,22736
2022-09-23,7159.2255859375,7251.983583052668,7142.3607051686,7150.793376130294,49728
2022-09-26,6889.384765625,7209.821191280082,6813.491648850026,7159.225626378603,125216
2022-09-27,6914.6826171875,7142.361055071245,6872.519721467968,7142.361055071245,59808
2022-09-28,6889.384765625,7007.440315137636,6746.03120308438,7007.440315137636,64288
2022-09-29,6880.9521484375,6990.5750277982615,6408.729946693305,6880.9521484375,93520
2022-09-30,6602.67822265625,6872.519549507711,6400.297342806279,6872.519549507711,149296
2022-10-03,6147.3212890625,6577.380596256832,6147.3212890625,6577.380596256832,114352
2022-10-04,5944.9404296875,6324.404633939128,5734.126880402263,6130.455965688732,197904
2022-10-05,6105.15869140625,6122.024034363131,5944.9407002429725,6003.968478283025,133504
2022-10-06,5987.10302734375,6138.888805445519,5818.452367743787,6138.888805445519,80976
2022-10-07,5607.638671875,5970.237995950157,5582.341119685605,5970.237995950157,103488
2022-10-10,5793.15478515625,5860.614771956947,5219.741899846041,5245.039452540616,256704
2022-10-11,5388.392578125,5801.587016329021,5388.392578125,5801.587016329021,38528
2022-10-12,5228.17431640625,5472.718082463519,5084.821217351656,5379.960086333021,137984
2022-10-13,5304.0673828125,5354.662950821344,5177.579615676686,5177.579615676686,61152
2022-10-14,5354.66259765625,5649.80147009822,5304.067032984421,5388.392359231485,253120
2022-10-17,5379.96044921875,5464.285780164931,5354.662896050347,5363.095106336806,49280
2022-10-18,5750.99169921875,5750.99169921875,5396.82505092826,5396.82505092826,115360
2022-10-19,5759.42431640625,5810.019419645135,5641.368768079195,5810.019419645135,54320
2022-10-20,5565.47607421875,5742.559410141454,5565.47607421875,5742.559410141454,33152
2022-10-21,5245.03955078125,5658.233995225694,5245.03955078125,5658.233995225694,61488
2022-10-24,4882.4404296875,5354.662628296813,4882.4404296875,5312.499734354771,212464
2022-10-25,4595.73388671875,5059.523887704264,4545.138781576513,4604.166557960623,174160
2022-10-26,4595.73388671875,4907.738111123051,4570.436334147632,4671.627005586608,52752
2022-10-27,4789.6826171875,4890.872828714914,4595.733943169109,4595.733943169109,54768
2022-10-28,4966.765625,5101.686051966552,4890.8725101433,4907.737851735668,67648
2022-10-31,4924.60302734375,5101.68635775074,4857.1425792398,4975.19813284446,44240
2022-11-01,4823.41259765625,5059.523694160657,4823.41259765625,4874.007700863056,55888
2022-11-02,4764.384765625,4975.197846809349,4764.384765625,4975.197846809349,47824
2022-11-03,4612.59912109375,4941.468219119358,4553.571346093116,4806.547327029625,96432
2022-11-04,4477.67822265625,4680.059099349452,4427.083118771573,4612.599114554712,95312
2022-11-07,4165.67431640625,4511.408282363635,4165.67431640625,4393.3527368021405,119840
2022-11-08,4030.753662109375,4174.1072281288025,3878.968347184984,4174.1072281288025,208768
2022-11-09,4300.59521484375,4309.027886497484,3937.996328742008,3937.996328742008,198464
2022-11-10,4131.9443359375,4595.733874539403,4131.9443359375,4595.733874539403,183456
2022-11-11,4089.781494140625,4216.269719459208,4047.619059804103,4216.269719459208,43792
2022-11-14,3819.9404296875,3963.293768479714,3819.9404296875,3836.805541932305,86352
2022-11-15,3558.53173828125,3963.29373723372,3558.53173828125,3566.9641790485443,95424
2022-11-16,3803.0751953125,3803.0751953125,3313.987878228504,3313.987878228504,204624
2022-11-17,4064.48388671875,4064.48388671875,3836.8054531267976,3836.8054531267976,115920
2022-11-18,4300.59521484375,4300.59521484375,3887.400759974128,3887.400759974128,164192
2022-11-21,4553.5712890625,4595.733721446614,4216.269524217153,4216.269524217153,104496
2022-11-22,4637.89697265625,4806.547637507889,4595.734075866079,4629.464301067312,143248
2022-11-23,4486.11083984375,4637.896610830458,4427.083065635279,4519.841062413517,76272
2022-11-24,4460.8134765625,4469.246147849632,4368.055475867564,4469.246147849632,46928
2022-11-25,4604.16650390625,4604.16650390625,4469.246071392793,4595.733832763378,34720
2022-11-28,4840.27783203125,4848.710503566742,4680.0593786294985,4680.0593786294985,127344
2022-11-29,4941.46826171875,5059.523812737752,4840.277591779107,5034.22579938697,101360
2022-11-30,4933.03564453125,4949.900525794981,4755.952316066818,4890.872749640171,162064
2022-12-01,5042.65869140625,5228.17469717853,4941.468478188292,4941.468478188292,321216
2022-12-02,5219.74169921875,5219.74169921875,4941.468169119716,4975.197930646365,149184
2022-12-05,5304.0673828125,5388.392714621215,5067.95626928629,5067.95626928629,453264
2022-12-06,5076.388671875,5312.499772892442,5076.388671875,5245.039326557603,144032
2022-12-07,4730.65478515625,5051.091219863697,4730.65478515625,4739.0869952492985,210896
2022-12-08,4764.384765625,4975.197846809349,4739.086753174578,4739.086753174578,104944
2022-12-09,4772.8173828125,4899.305611246842,4570.436494010264,4890.872939710014,71680
2022-12-12,4882.4404296875,4933.035533494357,4772.817089899987,4772.817089899987,113904
2022-12-13,4933.03564453125,4933.03564453125,4730.6547635939705,4882.440539585556,92512
2022-12-14,4916.17041015625,5017.361083426019,4865.575304098621,5017.361083426019,50288
2022-12-15,4865.5751953125,4933.03564265071,4798.11474797429,4933.03564265071,92848
2022-12-16,4865.5751953125,4899.305418981605,4747.519643047883,4848.710314055198,120400
2022-12-19,5017.36083984375,5093.253495245765,4865.575067885231,4916.170171486574,303072
2022-12-20,4874.0078125,5017.360915639045,4739.086919318902,5017.360915639045,127456
2022-12-21,4646.32958984375,4874.008030843147,4536.706243934637,4874.008030843147,92848
2022-12-22,4705.357421875,4840.277861491465,4637.8969714895065,4654.7618535086185,51744
2022-12-23,4637.89697265625,4722.222305082069,4553.571640230431,4705.357423058715,39424
2022-12-26,4317.46044921875,4696.924669053819,4317.46044921875,4696.924669053819,55440
2022-12-27,4401.78564453125,4528.273867630254,4317.460316183414,4317.460316183414,31920
2022-12-28,4410.21826171875,4486.11091795631,4393.352919562963,4486.11091795631,68208
2022-12-29,4359.62255859375,4469.245895677579,4359.62255859375,4410.21812230724,27776
2022-12-30,4384.92041015625,4384.92041015625,4342.757975521249,4384.92041015625,49280
2023-01-03,4486.11083984375,4536.705943121157,4384.92017213445,4536.705943121157,155904
2023-01-04,4469.24609375,4536.706079766946,4460.813422564944,4502.975856181222,73584
2023-01-05,4401.78564453125,4621.031406004724,4401.78564453125,4595.733853615823,92624
2023-01-06,4384.92041015625,4460.81353034647,4384.92041015625,4460.81353034647,61376
2023-01-09,4384.92041015625,4427.083305945762,4342.757975521249,4384.92041015625,58352
2023-01-10,4342.7578125,4427.083139759055,4334.3251414277465,4384.92024555228,23184
2023-01-11,4325.892578125,4384.920354792326,4325.892578125,4342.757920689667,65184
2023-01-12,4317.46044921875,4384.920437282986,4224.702446831597,4368.055555555556,55888
2023-01-13,4317.46044921875,4368.055555555556,4258.432671440972,4368.055555555556,45920
2023-01-16,4258.4326171875,4351.190618392893,4241.567274520425,4275.297498700068,49168
2023-01-17,4300.59521484375,4368.055665764573,4165.67477415663,4266.864989383338,91840
2023-01-18,4384.92041015625,4427.083305945762,4309.027751120541,4368.055528533152,114800
2023-01-19,4477.67822265625,4502.975774598589,4401.785566829234,4401.785566829234,92288
2023-01-27,4604.16650390625,4722.222055288461,4511.408504798155,4722.222055288461,123312
2023-01-30,4806.54736328125,4848.710257665913,4595.733813666928,4604.16648477476,168224
2023-01-31,4772.8173828125,4806.5476078052925,4696.924722444606,4806.5476078052925,122864
2023-02-01,4646.32958984375,4848.710477527049,4646.32958984375,4764.385146088551,173824
2023-02-02,4621.03125,4671.626814224209,4595.733698465137,4671.626814224209,60928
2023-02-03,4637.89697265625,4696.924751469775,4604.166747455018,4604.166747455018,43680
2023-02-06,4713.78955078125,4739.087103949652,4562.003770616319,4595.733995225694,109760
2023-02-07,4604.16650390625,4747.519607562578,4595.733832763378,4747.519607562578,56896
2023-02-08,4604.16650390625,4671.626950740228,4553.571399358016,4637.896727323238,50512
2023-02-09,4595.73388671875,4629.464110531742,4553.571452818387,4629.464110531742,62496
2023-02-10,4553.5712890625,4595.733721446614,4511.408395523899,4595.733721446614,43120
2023-02-13,4393.35302734375,4486.111028012701,4309.027697959568,4469.246146597668,40208
2023-02-14,4410.21826171875,4587.301587427552,4325.892473248801,4325.892473248801,32144
2023-02-15,4469.24609375,4545.138750952001,4317.460318191498,4317.460318191498,41888
2023-02-16,4511.40869140625,4536.706244726765,4410.21847812419,4494.5438095774125,27776
2023-02-17,4536.7060546875,4570.436278086758,4469.246069043482,4469.246069043482,73696
2023-02-20,4789.6826171875,4806.5474987239,4587.301732978163,4587.301732978163,241696
2023-02-21,4730.65478515625,4848.710338003967,4705.357232568097,4814.980114168262,163072
2023-02-22,4621.03125,4789.682362156557,4595.733698465137,4637.896591792898,204736
2023-02-23,4519.84130859375,4612.599310424197,4384.920410966005,4578.869086017261,117152
2023-02-24,4519.84130859375,4570.436414626899,4460.81353117024,4545.138861610325,31696
2023-02-27,4410.21826171875,4587.301587427552,4410.21826171875,4435.515813797937,28784
2023-02-28,4351.1904296875,4469.245978619086,4241.5670905692505,4410.218204153293,34832
2023-03-01,4325.892578125,4418.650578767157,4325.892578125,4325.892578125,58912
2023-03-02,4368.0556640625,4469.246340404304,4334.325438615232,4334.325438615232,27216
2023-03-03,4384.92041015625,4393.353081545054,4334.325304132444,4393.353081545054,52976
2023-03-06,4435.51611328125,4519.841446290298,4401.785887846726,4401.785887846726,65632
2023-03-07,4384.92041015625,4427.083305945762,4300.595079731737,4401.785752933859,56560
2023-03-08,4376.48828125,4384.920491640989,4342.758056222486,4384.920491640989,253120
2023-03-09,4443.9482421875,4443.9482421875,4359.622910726581,4376.4882537114745,62720
2023-03-10,4410.21826171875,4452.38069479923,4384.920248485069,4443.9480237213365,261856
2023-03-13,4418.650390625,4427.083061548278,4376.48795831758,4393.352839009651,79856
2023-03-14,4351.1904296875,4393.3528622176445,4292.162655221708,4368.0553104686605,81648
2023-03-15,4469.24609375,4469.24609375,4359.622751807777,4401.785646578554,117936
2023-03-16,4384.92041015625,4443.94818756886,4351.190646910053,4443.94818756886,42672
2023-03-17,4393.35302734375,4435.515922613094,4359.622803359176,4384.92035605898,51296
2023-03-20,4384.92041015625,4418.650634556957,4359.622857144347,4393.353081545054,97888
2023-03-21,4384.92041015625,4384.92041015625,4325.892632743639,4384.92041015625,38864
2023-03-22,4376.48828125,4418.650716668503,4351.190727767995,4384.920491640989,32816
2023-03-23,4359.62255859375,4368.055229405079,4216.269460573567,4359.62255859375,74368
2023-03-24,4384.92041015625,4418.650634556957,4342.757975521249,4342.757975521249,48944
2023-03-27,4376.48828125,4401.785834732006,4351.190727767995,4351.190727767995,64064
2023-03-28,4384.92041015625,4418.650634556957,4368.055528533152,4384.92041015625,149968
2023-03-29,4368.0556640625,4384.920546208871,4359.622992412052,4384.920546208871,24416
2023-03-30,4376.48828125,4418.650716668503,4368.055609704492,4401.785834732006,92848
2023-03-31,4359.62255859375,4384.920109873256,4351.1903489369015,4376.487900216407,66080
2023-04-03,4477.67822265625,4477.67822265625,4376.488014886895,4376.488014886895,109200
2023-04-04,4553.5712890625,4553.5712890625,4477.678172923916,4494.54351480115,106960
2023-04-05,4646.32958984375,4671.627143159848,4486.111137302441,4486.111137302441,241136
2023-04-06,4646.32958984375,4823.412924210951,4646.32958984375,4663.194471669643,433440
2023-04-07,4646.32958984375,4646.32958984375,4536.706243934637,4646.32958984375,254800
2023-04-10,4562.00341796875,4722.221857189603,4435.51566190437,4722.221857189603,244384
2023-04-11,4536.7060546875,4553.5713969643775,4477.678279027423,4553.5713969643775,92288
2023-04-12,4570.4365234375,4621.031630675191,4536.706298227532,4562.003851846377,171136
2023-04-13,4646.32958984375,4806.547581230542,4587.30181172135,4595.734022057038,313488
2023-04-14,4562.00341796875,4713.789186400484,4553.57120833411,4637.896532761856,147056
2023-04-17,4443.9482421875,4545.138916633313,4435.51603184957,4519.841363310488,119168
2023-04-18,4469.24609375,4528.273869736389,4427.083198979221,4443.948080194833,92512
2023-04-19,4418.650390625,4486.110835702256,4410.218180856207,4469.245955010184,173040
2023-04-20,4452.380859375,4477.678412389274,4418.650634971131,4418.650634971131,57008
2023-04-21,4553.5712890625,4637.896614985215,4494.54351480115,4494.54351480115,261520
2023-04-24,4865.5751953125,4865.5751953125,4553.571433393656,4629.464090783266,666064
2023-04-25,5143.84912109375,5202.8768963812045,4933.035572045056,5202.8768963812045,725872
2023-04-26,5152.28125,5186.011472655891,4899.305271812549,5186.011472655891,461776
2023-04-27,5135.41650390625,5177.579398620299,5025.793623266023,5152.28138509917,229040
2023-04-28,5186.01171875,5270.337048814011,5084.821507134991,5084.821507134991,234752
2023-05-04,5481.150390625,5481.150390625,5160.713964426413,5169.146635450044,456512
2023-05-05,5278.76953125,5481.150408391715,5261.904650302563,5481.150408391715,485072
2023-05-08,5548.61083984375,5641.3688376960345,5329.36462117885,5438.9879610885455,521136
2023-05-09,5422.12255859375,5649.801445749546,5396.825006944104,5649.801445749546,312368
2023-05-10,5514.880859375,5641.369085749355,5388.392633000646,5388.392633000646,313040
2023-05-11,5565.47607421875,5607.638970885617,5514.880967142127,5548.611192244715,447552
2023-05-12,5523.3134765625,5582.341253470566,5506.448133929049,5565.4759108371145,236432
2023-05-15,5632.9365234375,5734.127198727548,5523.313637739172,5565.476073244135,382592
2023-05-16,5540.17822265625,5624.50355029933,5506.447999368119,5624.50355029933,248752
2023-05-17,5531.74609375,5599.206080160175,5396.825198620645,5523.313422515789,313376
2023-05-18,5498.015625,5531.745847279467,5464.285402720533,5523.313176420979,149184
2023-05-19,5405.2578125,5582.341139612382,5371.527589075571,5455.852917059396,225568
2023-05-22,5481.150390625,5531.745955612297,5405.257734875792,5405.257734875792,345296
2023-05-23,5843.75,5852.182671440972,5464.285780164931,5481.150661892361,648368
2023-05-24,5944.9404296875,6105.158413559223,5869.047312144477,6105.158413559223,551152
2023-05-25,5953.37255859375,6020.833004123871,5776.289234943048,5944.940348768351,278320
2023-05-26,6071.42822265625,6138.88866946373,5953.37267132041,5953.37267132041,237216
2023-05-29,6012.400390625,6282.24171417079,6012.400390625,6113.591059887606,531552
2023-05-30,6113.59130859375,6113.59130859375,5944.940647449712,6071.4284127304845,366688
2023-05-31,6231.646484375,6493.055131585598,6113.5909365279895,6155.753368670788,428176
2023-06-01,6231.646484375,6315.9718098150815,6113.5909365279895,6315.9718098150815,393792
2023-06-02,6088.29345703125,6290.674332712352,6046.130563235212,6290.674332712352,548688
2023-06-05,6046.130859375,6130.4561899428445,6037.698187971862,6096.725965484804,263984
2023-06-06,6071.42822265625,6071.42822265625,6037.69799925251,6071.42822265625,174944
2023-06-07,6223.2138671875,6240.079209113745,6071.4280956237335,6071.4280956237335,413616
2023-06-08,6079.86083984375,6240.079284301129,6071.428168779022,6240.079284301129,227584
2023-06-09,6096.7255859375,6138.888479173857,5987.102709139248,6071.428034457479,238336
2023-06-12,6138.888671875,6189.483776423234,6062.9960150526485,6088.293567326766,273952
2023-06-13,6408.72998046875,6408.72998046875,6197.916430556986,6197.916430556986,583744
2023-06-14,6223.2138671875,6467.757635882151,6223.2138671875,6408.729861449268,305984
2023-06-15,6206.34912109375,6450.892433940512,6113.591121950013,6450.892433940512,215824
2023-06-16,6130.4560546875,6324.404725753542,6130.4560546875,6240.079397046155,363888
2023-06-19,5995.53564453125,6164.186302608321,5995.53564453125,6130.456078762006,335664
2023-06-20,6088.29345703125,6147.321231653009,6029.265682409491,6029.265682409491,149520
2023-06-21,6138.888671875,6206.349118708978,6071.428225041022,6122.023790743754,193760
2023-06-22,6206.34912109375,6240.079344523699,6147.321345379963,6155.753555371577,295792
2023-06-23,6189.48388671875,6307.53944020469,6113.5912285440045,6307.53944020469,246288
2023-06-26,6113.59130859375,6147.32153305346,6029.265978021731,6096.725965786639,159264
2023-06-27,6105.15869140625,6147.321587643937,6046.130913366197,6147.321587643937,115360
2023-06-28,6105.15869140625,6138.888916165497,6071.428466647003,6071.428466647003,169344
2023-06-29,6046.130859375,6105.158636887943,6037.698187971862,6105.158636887943,126112
2023-06-30,6003.96826171875,6062.996037629659,6003.96826171875,6003.96826171875,120624
2023-07-03,6003.96826171875,6113.5911423662965,5987.102919370204,6003.96826171875,92064
2023-07-04,6071.42822265625,6071.42822265625,6003.968237003268,6012.400446988329,171472
2023-07-05,6079.86083984375,6130.455943923135,6062.995958868786,6105.158391883443,240464
2023-07-06,6071.42822265625,6096.725774920431,5987.102894724149,6037.69799925251,192080
2023-07-07,6071.42822265625,6071.42822265625,5944.940461335347,6003.968237003268,139216
2023-07-10,6240.07958984375,6282.242024922871,6029.266030984598,6071.428466063719,467936
2023-07-11,6670.138671875,6670.138671875,6476.190463124369,6568.948001339128,1616832
2023-07-12,6703.869140625,6889.385146149984,6577.380913116646,6889.385146149984,544656
2023-07-13,6611.11083984375,6847.221941266741,6442.460184871469,6712.301509519815,1026928
2023-07-14,6535.21826171875,6670.138695081491,6442.460262026772,6670.138695081491,432768
2023-07-17,6450.892578125,6644.841251893549,6265.37703684555,6602.6783563751005,647808
2023-07-18,6375.0,6552.083333333333,6256.944444444444,6552.083333333333,358848
2023-07-19,6417.16259765625,6417.16259765625,6307.539257484571,6374.999703566452,363888
2023-07-20,6408.72998046875,6509.92018928752,6324.404652734944,6442.460203793172,179424
2023-07-21,6408.72998046875,6484.622637082827,6366.567086024599,6408.72998046875,509376
2023-07-24,6467.7578125,6568.948022202764,6408.730036455221,6568.948022202764,445648
2023-07-25,6400.29736328125,6518.352915334275,6391.864692090462,6450.892468116975,346864
2023-07-26,6375.0,6450.892659505208,6315.972222222222,6400.297553168402,342272
2023-07-27,6552.0830078125,6619.543453679677,6240.079252697163,6400.297235188596,1222928
2023-07-28,6602.67822265625,6678.571340821552,6552.083117982382,6585.813341483127,1005424
2023-07-31,6535.21826171875,6661.706023885538,6493.055366893487,6619.543590214776,471408
2023-08-01,6501.48828125,6568.948269877174,6493.055609738659,6543.650716497669,575568
2023-08-02,6493.05517578125,6509.920056522265,6434.027401455965,6509.920056522265,265888
2023-08-03,6585.8134765625,6661.706135129911,6442.460369609941,6484.622803984777,721504
2023-08-04,6788.1943359375,6805.059217395352,6594.246123976932,6644.841229504992,779408
2023-08-07,6788.1943359375,6897.8172182998,6670.138782269022,6805.059217395352,561344
2023-08-08,6813.49169921875,6864.086803339764,6661.705925701216,6864.086803339764,656992
2023-08-09,6864.0869140625,6864.0869140625,6678.571375574784,6746.031361772817,326928
2023-08-10,6931.54736328125,7125.496034183377,6864.086915910554,6864.086915910554,524832
2023-08-11,6939.97998046875,7041.1701895826045,6788.194205643471,6931.547309324429,459088
2023-08-14,7074.900390625,7083.3330617426445,6956.844839595956,6956.844839595956,479024
2023-08-15,7024.30517578125,7100.197831183265,6746.031183664883,7091.765621352701,332752
2023-08-16,7032.73779296875,7058.035344575906,6914.682244699032,6999.007570441047,187936
2023-08-17,6939.97998046875,7041.1701895826045,6914.682428190286,7032.737979592782,243712
2023-08-18,6459.3251953125,7024.305408058353,6459.3251953125,6914.682526245644,705376
2023-08-21,6493.05517578125,6493.05517578125,6240.079197739098,6442.460072403717,255584
2023-08-22,6450.892578125,6493.055473643448,6181.051706963162,6493.055473643448,493136
2023-08-23,6838.78955078125,6897.817328559027,6442.46044921875,6459.325330946181,616784
2023-08-24,6830.35693359375,6872.519365977864,6678.571162471068,6796.626710993766,360080
2023-08-25,6821.92431640625,6897.816971988319,6746.031199669691,6830.35698741131,391328
2023-08-28,6889.384765625,6906.249646489167,6821.924319859354,6821.924319859354,215376
2023-08-29,6847.22216796875,6914.682616652983,6746.031494942403,6914.682616652983,333984
2023-08-30,6847.22216796875,6864.087049562553,6746.031494942403,6847.22216796875,202384
2023-08-31,6830.35693359375,6906.249588577847,6821.924262655132,6847.221814316498,431088
2023-09-05,6897.81689453125,6906.249565441618,6838.789120467647,6897.81689453125,412944
2023-09-06,7378.47216796875,7378.47216796875,6906.24994921875,6906.24994921875,999264
2023-09-07,7656.74609375,7892.856739524069,7606.150527154944,7606.150527154944,910560
2023-09-08,7504.96044921875,7732.638888888889,7462.797553168402,7656.746229383681,648144
2023-09-11,7142.36083984375,7597.718163044039,7024.305288771952,7513.392374146044,953680
2023-09-12,7294.146484375,7403.769362374314,7125.495831890748,7125.495831890748,376992
2023-09-13,7319.4443359375,7437.499889742944,6914.6825689344105,7302.579454460083,506576
2023-09-14,7196.66650390625,7470.555386600845,7177.777615444554,7461.110942369996,311500
2023-09-15,7130.55517578125,7196.666283371274,7083.332956074089,7196.666283371274,161700
2023-09-18,6951.11083984375,7215.555273968241,6941.666395767876,7215.555273968241,231200
2023-09-19,6847.22216796875,6988.888833512931,6752.77772427263,6960.555500404095,255900
2023-09-20,6932.22216796875,6941.66661233928,6781.111058040276,6922.77772359822,241700
2023-09-21,6903.888671875,6979.444225055575,6799.99978625171,6903.888671875,234700
2023-09-22,6601.66650390625,6894.4442744657545,6516.666506001878,6752.777611291801,316000
2023-09-25,6148.3330078125,6573.33298531106,6148.3330078125,6469.444101922523,338100
2023-09-26,6138.888671875,6403.333106971154,6091.666451322115,6148.333115985577,201300
2023-09-27,6110.55517578125,6138.888507353651,5949.999630204308,6138.888507353651,112300
2023-09-28,6120.0,6148.333333333333,5950.0,6138.888888888889,93700
2023-09-29,6280.55517578125,6280.55517578125,6119.99962993421,6119.99962993421,167900
2023-10-02,6337.22216796875,6393.888834150289,6280.555501787211,6280.555501787211,110000
2023-10-03,6006.66650390625,6374.999827258992,5997.222059717718,6374.999827258992,109300
2023-10-04,6138.888671875,6138.888671875,5949.999789663461,5949.999789663461,85900
2023-10-05,6044.4443359375,6289.999887084961,5997.222114562988,6289.999887084961,58800
2023-10-06,6063.3330078125,6138.888559311721,5959.444124501071,6044.444119937694,151700
2023-10-09,6176.66650390625,6186.110948101825,5968.888731603593,6063.3331735593465,127800
2023-10-10,6157.77783203125,6233.333388252492,6120.0000539206285,6186.111165614216,139100
2023-10-11,6138.888671875,6186.110892427884,6119.999783653846,6138.888671875,36800
2023-10-12,6157.77783203125,6327.777833529045,6157.77783203125,6233.333388252492,164400
2023-10-13,6233.3330078125,6233.3330078125,6138.888568300189,6138.888568300189,40600
2023-10-16,6308.888671875,6374.9997807120135,6204.999786559693,6233.333118918413,83500
2023-10-17,6148.3330078125,6308.888554867512,6148.3330078125,6308.888554867512,109000
2023-10-18,5761.11083984375,6091.6663798347845,5761.11083984375,6044.444159836065,159300
2023-10-19,5780.0,5808.333333333333,5572.222222222222,5808.333333333333,92500
2023-10-20,5987.77783203125,5987.77783203125,5572.222272710469,5685.5556070706825,150000
2023-10-23,5883.888671875,6053.888665604935,5855.555339586677,5883.888671875,78500
2023-10-24,5968.888671875,5978.333115976068,5883.888674965388,5949.999783672864,31900
2023-10-25,6044.4443359375,6223.888777160644,5949.999893188477,5949.999893188477,103800
2023-10-26,5666.66650390625,6044.444270833334,5657.222059733073,6044.444270833334,166400
2023-10-27,5893.3330078125,5893.3330078125,5666.666353665865,5846.110788198617,99600
2023-10-30,5855.55517578125,6034.999608587449,5789.444068957913,5893.332951108871,40000
2023-10-31,5676.11083984375,6082.221931546381,5666.666395850665,5855.555275712354,171700
2023-11-01,5751.66650390625,5751.66650390625,5562.777620362531,5591.110952894089,132500
2023-11-02,5959.4443359375,6034.999890117374,5789.444339032785,5940.555447392532,157900
2023-11-03,5959.4443359375,6110.555444297247,5808.333227577754,6110.555444297247,87400
2023-11-06,5978.3330078125,5997.221895672887,5902.777456370952,5968.888563882306,173200
2023-11-07,5902.77783203125,5978.33338828125,5855.555609375,5950.0000546875,68700
2023-11-08,6233.3330078125,6233.3330078125,5855.555249763258,5874.44413766572,217200
2023-11-09,6271.11083984375,6374.999724238752,6138.88862334102,6233.333063700113,282100
2023-11-10,6233.3330078125,6374.999667080966,6176.666344105114,6186.110788056345,179900
2023-11-13,6214.4443359375,6346.666555851064,6167.222114539799,6346.666555851064,125800
2023-11-14,6223.888671875,6327.777557141502,6167.222007184181,6233.333115990137,120900
2023-11-15,6233.3330078125,6488.332994495739,6204.999675958807,6488.332994495739,82600
2023-11-16,6280.55517578125,6280.55517578125,6204.999624794407,6223.888512541118,85700
2023-11-17,6346.66650390625,6469.444278535389,6233.333173479353,6289.999838692801,406800
2023-11-20,6356.11083984375,6365.555283885123,6195.555291140416,6233.333067305906,111800
2023-11-21,6582.77783203125,6705.555610820929,6356.111163496458,6356.111163496458,324500
2023-11-22,6648.888671875,6686.6664484197445,6516.666453968395,6582.777562921698,159000
2023-11-23,6545.0,6667.777777777777,6545.0,6611.111111111111,145500
2023-11-24,6422.22216796875,6544.999944709329,6138.888837028952,6544.999944709329,127700
2023-11-27,6280.55517578125,6431.666277754934,6186.1107370476975,6374.9996145148025,132100
2023-11-28,6318.3330078125,6374.999671559698,6242.777456149571,6280.555231981036,62800
2023-11-29,6299.4443359375,6374.999890191623,6289.999891655734,6327.777668782796,60700
2023-11-30,6299.4443359375,6441.111000163981,6252.222114528673,6289.999891655734,85700
2023-12-01,6299.4443359375,6422.222111600449,6233.333225965142,6252.222114528673,101100
2023-12-04,6375.0,6441.111111111111,6299.444444444444,6299.444444444444,260500
2023-12-05,6384.4443359375,6441.111001641087,6374.999891653569,6422.222113073224,283500
2023-12-06,6535.55517578125,6535.55517578125,6393.888517346685,6507.221844094337,260800
2023-12-07,6611.11083984375,6648.888616071428,6422.221958705357,6611.11083984375,473800
2023-12-08,6762.22216796875,6828.33327854945,6620.555502438679,6620.555502438679,446100
2023-12-11,6771.66650390625,6847.222057645789,6686.666505949267,6837.777613428347,247100
2023-12-12,6743.3330078125,6828.3330037092965,6724.444119835434,6828.3330037092965,151500
2023-12-13,6875.55517578125,7130.555161696214,6611.11074594351,6743.33296086238,658900
2023-12-15,6960.55517578125,7017.221839356132,6799.999628985754,6884.999624348076,193500
2023-12-18,6894.4443359375,6988.888778895548,6799.999892979452,6988.888778895548,137700
2023-12-19,6752.77783203125,6903.888944356425,6658.333386828015,6894.444499836101,206000
2023-12-20,6743.3330078125,6781.110783766632,6611.110791973039,6771.6663397780985,291500
2023-12-21,6705.55517578125,6724.444063600353,6611.11073668574,6724.444063600353,165300
2023-12-22,6639.4443359375,6771.666555998844,6611.111003067212,6705.555445968172,194100
2023-12-25,6752.77783203125,6752.77783203125,6639.444497787368,6639.444497787368,160900
2023-12-26,6733.888671875,6790.555336715463,6658.333118754383,6781.110892575385,139400
2023-12-27,6733.888671875,6762.222004295231,6686.666451174614,6762.222004295231,105900
2023-12-28,6809.4443359375,6809.4443359375,6724.444337291955,6733.888781585904,144800
2023-12-29,6800.0,6988.888888888889,6800.0,6988.888888888889,100200
2024-01-02,6828.3330078125,6922.777447754582,6762.2218998530425,6922.777447754582,94500
2024-01-03,6856.66650390625,6875.555392346763,6781.110950144198,6847.222059685993,128200
2024-01-04,6903.888671875,6932.222004317716,6828.333118694426,6828.333118694426,305500
2024-01-05,6837.77734375,6941.666226044544,6818.888456060083,6932.2217821995855,169800
2024-01-08,6847.22216796875,6894.444389816811,6828.333279229526,6894.444389816811,139700
2024-01-09,6828.3330078125,6903.888559766166,6799.999675829876,6847.221895800916,118800
2024-01-10,6743.3330078125,6837.777447697829,6743.3330078125,6799.999671743698,129300
2024-01-11,6762.22216796875,6809.444389812107,6733.888834862736,6743.333279231407,125500
2024-01-12,6781.11083984375,6856.666392376828,6705.555287310673,6762.22195171048,291900
2024-01-15,6648.888671875,6781.110889781606,6611.110895330256,6781.110889781606,117700
2024-01-16,6696.11083984375,6752.777504214783,6648.888619534556,6658.333063596395,92600
2024-01-17,6715.0,6771.666666666666,6611.111111111111,6743.333333333333,119300
2024-01-19,6771.66650390625,6847.222057645789,6762.222059688807,6799.999836558577,99700
2024-01-22,6733.888671875,6809.444224995616,6648.888674614305,6799.99978085554,297400
2024-01-23,6733.888671875,6771.666448435309,6686.666451174614,6771.666448435309,109200
2024-01-24,6733.888671875,6752.777560155154,6696.110895314691,6733.888671875,169300
2024-01-25,6752.77783203125,6762.2222765515735,6733.888942990603,6733.888942990603,106500
2024-01-26,6771.66650390625,6781.110948123692,6724.444282819038,6781.110948123692,165400
2024-01-29,6781.11083984375,6799.99972797702,6762.22195171048,6771.666395777115,145000
2024-01-30,6790.55517578125,6818.8885075299895,6743.332956200017,6818.8885075299895,119800
2024-01-31,6743.3330078125,6790.555227755165,6714.9996758469015,6790.555227755165,94400
2024-02-01,6733.888671875,6799.99978085554,6696.110895314691,6733.888671875,136500
2024-02-02,6800.0,6818.888888888889,6733.888888888889,6733.888888888889,103800
2024-02-05,7092.77734375,7224.999557881159,6799.99958388815,6799.99958388815,660000
2024-02-06,7111.66650390625,7168.33316927602,7045.555394308184,7092.77761544966,325200
2024-02-07,7111.66650390625,7139.999836591135,7036.110950079888,7130.55539236284,456200
2024-02-15,7055.0,7168.333333333333,7055.0,7168.333333333333,179200
2024-02-16,7262.77734375,7272.221787630039,7054.999578389142,7054.999578389142,566500
2024-02-19,7763.3330078125,7763.3330078125,7347.777469681417,7366.666357778285,771600
2024-02-20,8301.666015625,8301.666015625,8093.888254141781,8292.221571921218,2112000
2024-02-21,8377.2216796875,8783.332764497603,8292.221685192362,8490.555005681017,1004300
2024-02-22,8462.2216796875,8528.332786560059,8197.777252197266,8386.666128976005,1018400
2024-02-23,8226.111328125,8783.33356504736,8216.6668834314,8490.55577954578,866300
2024-02-26,8518.888671875,8594.44422550582,8263.88867837098,8263.88867837098,530600
2024-02-27,8877.77734375,8972.221783577128,8518.888472406914,8518.888472406914,962500
2024-02-28,8773.888671875,9066.666442411197,8594.444231868945,9066.666442411197,596000
2024-02-29,8783.3330078125,8858.888560567877,8499.999684979839,8858.888560567877,439600
2024-03-01,8603.888671875,8783.33311179336,8566.110895050082,8783.33311179336,318900
2024-03-04,8594.4443359375,8688.888779189561,8471.666559709822,8594.4443359375,755100
2024-03-05,8367.77734375,8594.443998659706,8216.666240476861,8594.443998659706,529200
2024-03-06,8065.55517578125,8367.777383773053,8065.55517578125,8320.555163774334,261300
2024-03-07,8122.22216796875,8197.777723019622,8074.999946061955,8197.777723019622,296400
2024-03-08,8594.4443359375,8679.444334864354,8112.777675351992,8197.777674278846,485200
2024-03-11,8216.666015625,8688.888200431034,8216.666015625,8509.443770204742,421000
2024-03-12,8311.111328125,8386.666885653409,8207.222436523438,8226.11132590554,221000
2024-03-13,8443.3330078125,8499.999672294463,8311.110790687919,8311.110790687919,149300
2024-03-14,8216.666015625,8452.777108028018,8216.666015625,8452.777108028018,412800
2024-03-15,8311.111328125,8594.444668856533,8131.666878995028,8226.11132590554,403300
2024-03-18,8263.888671875,8490.555332589287,8197.777562500001,8216.666450892857,338900
2024-03-19,8226.111328125,8386.666887916188,8226.111328125,8386.666887916188,165900
2024-03-20,8254.4443359375,8292.222113218679,8188.333225695438,8216.666558656321,143400
2024-03-21,8830.5556640625,8830.5556640625,8216.666767630348,8386.666769719252,973400
2024-03-22,8783.3330078125,9132.777439306115,8783.3330078125,8934.444113323252,562400
2024-03-25,8773.888671875,8972.222000302745,8754.99978345331,8830.55533714007,365500
2024-03-26,8651.111328125,8783.333553664028,8160.000204694323,8764.444664301309,381400
2024-03-27,8773.888671875,8924.99977924852,8651.110897134015,8830.55533714007,184900
2024-03-28,8783.3330078125,8858.888560567877,8688.88856686828,8773.888563718077,175300
2024-03-29,8736.111328125,8802.222440878379,8679.444660050676,8802.222440878379,79900
2024-04-01,8764.4443359375,8764.4443359375,8641.666559679754,8745.555447282462,247700
2024-04-02,8688.888671875,8773.888669752037,8641.666450832201,8773.888669752037,354500
2024-04-03,8594.4443359375,8736.11100081559,8547.22211431147,8688.888779189561,164100
2024-04-04,8585.0,8688.888888888889,8518.888888888889,8518.888888888889,195500
2024-04-05,8594.4443359375,8641.66655756353,8424.444338083791,8499.999892685439,225200
2024-04-08,8688.888671875,8830.555335003397,8490.555343495244,8499.999787703804,386400
2024-04-09,8688.888671875,8783.333113960598,8641.666450832201,8688.888671875,86300
2024-04-10,8688.888671875,8745.555337126358,8594.444229789402,8651.110895040762,264500
2024-04-11,8547.2216796875,8622.77723044717,8509.443904307665,8509.443904307665,181500
2024-04-12,8273.3330078125,8547.221885925013,8263.888563739654,8537.77744185217,743300
2024-04-15,7697.22216796875,8301.666608152798,7697.22216796875,8301.666608152798,579300
2024-04-16,7404.4443359375,7744.444330955038,7253.333227040816,7744.444330955038,486200
2024-04-17,6988.888671875,7564.999765097129,6988.888671875,7461.110879434122,560300
2024-04-19,7092.77734375,7177.777338548602,6894.444022553263,6988.888461218376,301600
2024-04-22,7130.55517578125,7300.555166727028,7083.332956074089,7130.55517578125,334900
2024-04-23,7083.3330078125,7253.333,7083.3330078125,7253.333,256700
2024-04-24,7555.55517578125,7555.55517578125,6941.666317749024,7102.221865234375,355100
2024-04-25,7158.888671875,7631.110879782322,7158.888671875,7631.110879782322,164500
2024-04-26,7083.3330078125,7366.666328125,7083.3330078125,7262.777444010417,185100
2024-05-02,7083.3330078125,7272.221888020834,7036.110787760417,7168.33300390625,360800
2024-05-03,7177.77734375,7366.666221217105,7073.888461143092,7262.777338610197,344100
2024-05-06,7225.0,7253.333333333333,7177.777777777777,7215.555555555556,364300
2024-05-07,7253.3330078125,7394.999668121338,7130.55523554484,7243.88856379191,417600
2024-05-08,7404.4443359375,7461.1110017737565,7177.777672592474,7234.444338428731,349000
2024-05-09,7281.66650390625,7461.110944339738,7262.777615439568,7461.110944339738,438100
2024-05-10,7253.3330078125,7319.444115956624,7130.55523554484,7281.666339874268,332200
2024-05-13,7328.888671875,7413.888669358086,7253.333118556701,7262.777562721489,393100
2024-05-14,7772.77734375,7838.888451169501,7366.666255315918,7413.888474901276,910800
2024-05-15,7697.22216796875,7838.888833636886,7631.11105732362,7838.888833636886,369900
2024-05-16,7725.55517578125,7886.110723444186,7706.666287820905,7706.666287820905,462700
2024-05-17,7838.888671875,7838.888671875,7716.110897496235,7819.999783509036,391200
2024-05-20,8122.22216796875,8150.555501112827,7867.222169672057,7980.555502248365,656300
2024-05-21,8688.888671875,8688.888671875,8122.222019361413,8207.222017238451,2369100
2024-05-22,8736.111328125,9066.666891891891,8660.555770692567,9066.666891891891,851300
2024-05-23,8622.77734375,8736.110671378698,8311.110692771084,8736.110671378698,887400
2024-05-24,8311.111328125,8783.333562677557,8245.000215287642,8556.666890092329,775800
2024-05-27,8887.2216796875,8887.2216796875,8773.888353272781,8783.332797140674,2701100
2024-05-28,9491.666015625,9491.666015625,9161.110482742535,9161.110482742535,2699900
2024-05-29,10152.77734375,10152.77734375,9822.22180232558,10152.77734375,3581400
2024-05-30,10388.888671875,10388.888671875,9444.44424715909,10011.110901988635,2379100
2024-05-31,10011.1103515625,10955.554724351416,10011.1103515625,10813.888068433078,1979800
2024-06-03,10672.2216796875,10672.2216796875,10388.888360757745,10672.2216796875,2131700
2024-06-04,10766.666015625,11002.777112458882,10388.888260690788,10672.221576891448,1052300
2024-06-05,10388.888671875,10861.110884232954,10199.999786931818,10861.110884232954,1427800
2024-06-06,10152.77734375,10577.777325581395,10058.332903343024,10577.777325581395,1234600
2024-06-07,10294.4443359375,10388.888779386469,10058.33322731508,10105.555449039564,1172900
2024-06-10,10058.3330078125,10341.666331976232,9633.3330215669,10294.444111282275,1682200
2024-06-11,10577.77734375,10577.77734375,9822.22181919643,10199.999581473214,944400
2024-06-12,10294.4443359375,10766.666553182338,10152.777670764048,10766.666553182338,825100
2024-06-13,10200.0,10388.888888888889,10152.777777777776,10388.888888888889,779800
2024-06-14,9727.77734375,10199.999544902912,9727.77734375,10105.55510467233,1204100
2024-06-17,9963.888671875,10199.999777843605,9680.55534471268,9869.44422948756,929700
2024-06-18,10625.0,10625.0,10011.111111111111,10247.222222222224,1666200
2024-06-19,10200.0,10766.666666666666,10152.777777777776,10672.222222222224,957300
2024-06-20,10247.2216796875,10388.888338853689,9869.443921911005,10388.888338853689,1065000
2024-06-21,10530.5556640625,10672.2223321889,10247.222327809695,10247.222327809695,1166800
2024-06-24,10908.3330078125,11238.888553503788,10672.221903747297,10672.221903747297,2878900
2024-06-25,10577.77734375,11097.22176688058,10388.888462611609,11097.22176688058,1036000
2024-06-26,10247.2216796875,10813.888316352248,10058.332800799251,10483.332778297812,1393400
2024-06-27,10011.1103515625,10247.221444759727,10011.1103515625,10058.332570201948,629200
2024-06-28,9444.4443359375,10152.777661132812,9444.4443359375,10152.777661132812,1722500
2024-07-01,9680.5556640625,9869.444555068598,9387.77788300305,9387.77788300305,807500
2024-07-02,9680.5556640625,9822.222332317073,9491.666773056402,9491.666773056402,436000
2024-07-03,9680.5556640625,9822.222332317073,9538.888995807927,9775.000109565548,467800
2024-07-04,9538.888671875,9822.221998762376,9538.888671875,9633.333114170791,800700
2024-07-05,9321.666015625,9774.999317296732,9255.554909131206,9633.332660524316,1741200
2024-07-08,9246.111328125,9444.44466611338,9085.555768801072,9444.44466611338,1049700
2024-07-09,9633.3330078125,9727.777449065565,9170.555245672487,9246.11079867494,899100
2024-07-10,9586.111328125,9916.666891163792,9444.444658251232,9916.666891163792,682000
2024-07-11,9680.5556640625,9963.889000571646,9586.111218559452,9633.333441310975,698800
2024-07-12,10341.666015625,10341.666015625,9916.666042380137,9963.888261629569,2486000
2024-07-15,10388.888671875,10577.777556818182,10152.777565696022,10388.888671875,1065600
2024-07-16,10058.3330078125,10766.66631822183,10058.3330078125,10436.110773364142,1168400
2024-07-17,9680.5556640625,10483.333450838414,9444.444550304876,10247.222337080791,1596000
2024-07-18,10200.0,10200.0,9444.444444444443,9680.555555555557,1216800
2024-07-19,9727.77734375,10199.999544902912,9633.332903519418,10199.999544902912,749200
2024-07-22,9397.2216796875,9727.77721615892,9170.555026107098,9727.77721615892,1265200
2024-07-23,8783.3330078125,9538.888535366264,8783.3330078125,9434.999650327622,969700
2024-07-24,9066.666015625,9208.33267211914,8641.666046142578,8783.332702636719,645500
2024-07-25,9236.666015625,9255.554903182516,8849.443820695935,8877.777152032208,334900
2024-07-26,9236.666015625,9302.777122076304,9094.999358943634,9236.666015625,232600
2024-07-29,9255.5556640625,9633.333446269133,9170.555663066008,9274.444553172832,499200
2024-07-30,9132.77734375,9255.555115692863,8972.221795824717,9255.555115692863,349400
2024-07-31,9095.0,9246.111111111111,9028.888888888889,9198.888888888889,320700
2024-08-01,8500.0,9208.333333333334,8490.555555555555,9208.333333333334,799600
2024-08-02,8500.0,8500.0,8216.666666666666,8216.666666666666,622200
2024-08-05,7905.0,8405.555555555555,7905.0,8037.222222222222,998900
2024-08-06,8027.77734375,8226.110666360295,7942.777348345588,8027.77734375,696500
2024-08-07,8084.4443359375,8188.333223432024,8008.888781396028,8027.777670031396,313900
2024-08-08,7895.55517578125,8074.9996115944605,7886.110731791081,8046.666279623953,385900
2024-08-09,8093.888671875,8093.888671875,7961.666453197929,7971.110897389148,384600
2024-08-12,8131.66650390625,8159.999836672474,8065.555394118394,8103.333171140026,237400
2024-08-13,8197.77734375,8377.221778693836,7989.999576972927,8122.221792194701,523200
2024-08-14,8150.55517578125,8301.666279851355,8065.555179741817,8301.666279851355,295800
2024-08-15,7942.77734375,8169.443998030619,7895.555124108205,8169.443998030619,464500
2024-08-16,8490.5556640625,8490.5556640625,7990.000102109983,7990.000102109983,1152700
2024-08-19,8547.2216796875,8783.332775811465,8509.443904307665,8783.332775811465,404900
2024-08-20,8953.3330078125,8962.777451913567,8547.221911466575,8547.221911466575,832900
2024-08-21,8896.666015625,8953.332678144905,8736.110471818603,8887.221571871683,505900
2024-08-22,8868.3330078125,8972.221892888047,8754.999678639178,8972.221892888047,394800
2024-08-23,9189.4443359375,9321.666556598471,8773.888785288733,8821.111006953366,857300
2024-08-26,8925.0,9293.333333333334,8925.0,9283.888888888889,500100
2024-08-28,8622.77734375,8991.110658543264,8499.999572152246,8792.777335193045,560100
2024-08-29,8622.77734375,8773.888447254929,8575.55512390471,8651.110675657173,338400
2024-08-30,8632.2216796875,8924.99943906421,8584.999460433191,8707.777230494392,1114700
2024-09-04,8594.4443359375,8613.333224587912,8452.77767105941,8499.999892685439,605800
2024-09-05,8622.77734375,8802.221779162102,8528.33290405942,8613.332899780942,401500
2024-09-06,8556.666015625,8632.221565431842,8462.221578366445,8632.221565431842,262900
2024-09-09,8358.3330078125,8575.55522157486,8301.666343352756,8499.999668961866,617300
2024-09-10,8131.66650390625,8443.333164334712,8084.44428262921,8443.333164334712,599700
2024-09-11,8226.111328125,8396.111332609787,8131.666881189007,8131.666881189007,421700
2024-09-12,8537.77734375,8736.110667000828,8292.221800677544,8292.221800677544,745800
2024-09-13,8547.2216796875,8566.110567377416,8358.332802788329,8509.443904307665,180700
2024-09-16,8481.111328125,8585.000219672189,8377.222436577811,8462.222438752784,343100
2024-09-17,8518.888671875,8594.44422550582,8311.110899390244,8481.11089505959,446500
2024-09-18,8717.2216796875,8877.777225250542,8528.33280255451,8528.33280255451,414100
2024-09-19,8670.0,8783.333333333334,8613.333333333334,8783.333333333334,198900
2024-09-20,8632.2216796875,8773.888337450424,8556.666128880606,8669.999455090945,366100
2024-09-23,8528.3330078125,8622.777448652063,8405.555234721069,8584.999672316239,249600
2024-09-24,8528.3330078125,8584.999672316239,8424.444122888981,8424.444122888981,161800
2024-09-25,8670.0,8736.111111111111,8528.333333333334,8641.666666666666,423000
2024-09-26,8641.666015625,8849.443777749317,8556.666022028689,8669.99934682377,537400
2024-09-27,8821.111328125,9161.11133648956,8736.11132603386,9161.11133648956,1123600
2024-09-30,8670.0,8792.777777777777,8670.0,8783.333333333334,264400
2024-10-01,8717.2216796875,8811.666118253996,8679.443904260903,8679.443904260903,423200
2024-10-02,8858.888671875,8924.999781366605,8632.222010760926,8717.222008678704,512400
2024-10-03,8717.2216796875,8924.999444533789,8707.77723583085,8858.888337537242,458400
2024-10-04,8518.888671875,8736.11088856361,8518.888671875,8698.3331117482,438000
2024-10-07,8528.3330078125,8736.110777659538,8490.555231476676,8736.110777659538,472000
2024-10-08,8462.2216796875,8547.221674237933,8452.777235848564,8528.332786560059,300400
2024-10-09,8518.888671875,8575.555337098116,8443.33311824418,8443.33311824418,111900
2024-10-10,8509.4443359375,8641.66655647371,8499.999891613485,8632.222112149695,267000
2024-10-11,8509.4443359375,8566.11100188159,8490.55544728947,8509.4443359375,191500
2024-10-14,8509.4443359375,8594.444334853635,8481.111002965456,8509.4443359375,238600
2024-10-15,8452.77734375,8584.999559182961,8452.77734375,8547.221783344972,308500
2024-10-16,8509.4443359375,8547.22211323356,8452.77766999341,8462.222114317425,110200
2024-10-17,8707.77734375,8783.332895539588,8490.555132354935,8547.221796197126,488700
2024-10-18,8670.0,8792.777777777777,8670.0,8717.222222222223,221500
2024-10-21,8528.3330078125,8622.777448652063,8528.3330078125,8622.777448652063,356800
2024-10-22,8443.3330078125,8660.555221660024,8405.555231491191,8660.555221660024,530800
2024-10-23,8500.0,8537.777777777777,8443.333333333334,8500.0,272700
2024-10-24,8300.0,8600.0,8100.0,8100.0,216200
2024-10-25,8150.0,8340.0,8150.0,8310.0,218800
2024-10-28,8070.0,8200.0,7920.0,8200.0,339100
2024-10-29,8120.0,8120.0,8000.0,8030.0,261100
2024-10-31,7980.0,8040.0,7980.0,8040.0,154600
2024-11-01,7710.0,8050.0,7680.0,8050.0,577800
2024-11-04,7530.0,7710.0,7500.0,7710.0,323800
2024-11-06,7620.0,7780.0,7560.0,7570.0,274800
2024-11-07,7720.0,7770.0,7660.0,7660.0,146500
2024-11-08,7650.0,7740.0,7630.0,7730.0,171700
2024-11-11,7510.0,7620.0,7320.0,7620.0,414400
2024-11-12,7520.0,7580.0,7440.0,7520.0,161100
2024-11-13,7490.0,7520.0,7400.0,7520.0,383400
2024-11-14,7530.0,7700.0,7500.0,7530.0,278400
2024-11-15,7350.0,7530.0,7350.0,7500.0,255700
2024-11-18,7390.0,7400.0,7210.0,7350.0,168000
2024-11-19,7230.0,7450.0,7230.0,7390.0,146600
2024-11-20,7370.0,7420.0,7240.0,7290.0,220300
2024-11-21,7380.0,7400.0,7300.0,7370.0,130800
2024-11-22,7310.0,7430.0,7310.0,7380.0,135200
2024-11-25,7290.0,7350.0,7280.0,7310.0,212400
2024-11-26,7390.0,7480.0,7290.0,7290.0,210900
2024-11-27,7320.0,7390.0,7290.0,7390.0,251100
2024-11-28,7830.0,7830.0,7330.0,7330.0,892900
2024-11-29,7970.0,8210.0,7960.0,8000.0,582400
2024-12-02,8310.0,8510.0,8150.0,8350.0,718400
2024-12-03,8370.0,8440.0,8150.0,8310.0,564000
2024-12-04,8530.0,8610.0,8330.0,8340.0,736900
2024-12-05,9120.0,9120.0,8460.0,8460.0,1503200
2024-12-06,9200.0,9520.0,9140.0,9140.0,734600
2024-12-09,8950.0,9450.0,8910.0,9350.0,744600
2024-12-10,9020.0,9160.0,8750.0,8940.0,758000
2024-12-11,9300.0,9300.0,8870.0,9020.0,550100
2024-12-12,9330.0,9480.0,9300.0,9390.0,568500
2024-12-13,9020.0,9300.0,9000.0,9210.0,334200
2024-12-16,9000.0,9100.0,8800.0,9020.0,403300
2024-12-17,9030.0,9090.0,8850.0,9000.0,246000
2024-12-18,9070.0,9120.0,8950.0,9000.0,291300
2024-12-19,8990.0,9070.0,8750.0,9000.0,441200
2024-12-20,9160.0,9250.0,9000.0,9000.0,696300
2024-12-23,9430.0,9600.0,9180.0,9290.0,621000
2024-12-24,9300.0,9590.0,9250.0,9420.0,818000
2024-12-25,9260.0,9400.0,9140.0,9300.0,427100
2024-12-26,9070.0,9260.0,9070.0,9260.0,545300
2024-12-27,8970.0,9110.0,8900.0,9090.0,377000
2024-12-30,8910.0,9000.0,8840.0,8960.0,353600
2024-12-31,9010.0,9200.0,8920.0,9200.0,185100
2025-01-02,9050.0,9120.0,8910.0,9010.0,195900
2025-01-03,9000.0,9130.0,8820.0,9120.0,234100
2025-01-06,8650.0,9040.0,8650.0,9040.0,478700
2025-01-07,8570.0,8790.0,8210.0,8660.0,603800
2025-01-08,8200.0,8600.0,7980.0,8600.0,1005100
2025-01-09,8380.0,8460.0,8200.0,8300.0,221700
2025-01-10,8300.0,8400.0,8180.0,8380.0,451400
2025-01-13,8300.0,8350.0,8210.0,8300.0,134600
2025-01-14,8250.0,8360.0,8180.0,8350.0,209900
2025-01-15,8260.0,8300.0,8190.0,8190.0,85300
2025-01-16,8210.0,8370.0,8180.0,8270.0,263500
2025-01-17,8150.0,8280.0,8100.0,8140.0,266700
2025-01-20,8350.0,8390.0,8000.0,8020.0,693700
2025-01-21,8130.0,8350.0,8130.0,8200.0,246500
2025-01-22,8030.0,8280.0,8030.0,8280.0,222100
2025-01-23,8050.0,8120.0,7910.0,8100.0,308700
2025-01-24,8060.0,8150.0,8040.0,8100.0,357800
2025-02-03,8150.0,8150.0,8060.0,8120.0,156100
2025-02-04,8150.0,8290.0,8120.0,8290.0,180100
2025-02-05,8280.0,8320.0,8160.0,8160.0,335800
2025-02-06,8370.0,8490.0,8260.0,8490.0,249800
2025-02-07,8300.0,8420.0,8300.0,8390.0,317900
2025-02-10,8080.0,8290.0,8080.0,8290.0,404500
2025-02-11,8160.0,8310.0,8070.0,8310.0,202800
2025-02-12,8120.0,8270.0,8090.0,8270.0,155100
2025-02-13,8110.0,8170.0,8060.0,8170.0,351600
2025-02-14,8080.0,8150.0,8070.0,8110.0,193100
2025-02-17,8070.0,8150.0,8060.0,8080.0,323100
2025-02-18,8100.0,8190.0,8080.0,8080.0,465000
2025-02-19,8360.0,8450.0,8120.0,8120.0,620800
2025-02-20,8250.0,8450.0,8250.0,8360.0,287600
2025-02-21,8250.0,8290.0,8180.0,8230.0,251700
2025-02-24,8130.0,8260.0,8130.0,8250.0,240800
2025-02-25,8200.0,8250.0,8140.0,8150.0,298000
2025-02-26,8170.0,8260.0,8150.0,8260.0,240900
2025-02-27,8350.0,8480.0,8160.0,8170.0,473200
2025-02-28,8350.0,8440.0,8300.0,8300.0,289900
2025-03-03,8300.0,8390.0,8260.0,8310.0,344700
2025-03-04,8290.0,8290.0,8140.0,8290.0,452600
2025-03-05,8100.0,8320.0,8100.0,8320.0,299500
2025-03-06,8130.0,8170.0,8090.0,8100.0,220400
2025-03-07,8140.0,8220.0,8130.0,8220.0,159700
2025-03-10,8140.0,8200.0,8120.0,8150.0,193600
2025-03-11,8030.0,8090.0,7910.0,7910.0,376900
2025-03-12,8080.0,8140.0,8000.0,8030.0,286200
2025-03-13,8000.0,8080.0,7950.0,8080.0,425700
2025-03-14,7990.0,8000.0,7900.0,7950.0,329200
2025-03-17,7810.0,8050.0,7750.0,8050.0,571500
2025-03-18,7900.0,7970.0,7800.0,7810.0,220200
2025-03-19,7800.0,7900.0,7640.0,7900.0,351100
2025-03-20,7690.0,7800.0,7650.0,7800.0,461000
2025-03-21,7640.0,7790.0,7630.0,7690.0,122700
2025-03-24,7690.0,7780.0,7600.0,7700.0,463100
2025-03-25,7950.0,8000.0,7660.0,7700.0,748300
2025-03-26,7880.0,8000.0,7840.0,7950.0,248500
2025-03-27,7730.0,7870.0,7700.0,7850.0,257100
2025-03-28,7650.0,7730.0,7610.0,7730.0,277200
2025-03-31,7510.0,7660.0,7510.0,7660.0,353000
2025-04-01,7550.0,7600.0,7510.0,7540.0,241300
2025-04-02,7570.0,7710.0,7550.0,7550.0,165500
2025-04-03,7050.0,7500.0,7050.0,7280.0,469300
2025-04-04,6560.0,6980.0,6560.0,6560.0,1323700
2025-04-08,6110.0,6470.0,6110.0,6200.0,550000
2025-04-09,5690.0,6110.0,5690.0,5690.0,919900
2025-04-10,6080.0,6080.0,6080.0,6080.0,205100
2025-04-11,6310.0,6370.0,6080.0,6300.0,1108400
2025-04-14,6310.0,6400.0,6270.0,6400.0,196200
2025-04-15,6330.0,6380.0,6240.0,6280.0,331200
2025-04-16,6150.0,6350.0,6150.0,6350.0,219500
2025-04-17,6250.0,6280.0,6150.0,6280.0,109300
2025-04-18,6340.0,6480.0,6300.0,6480.0,137600
2025-04-21,6300.0,6400.0,6280.0,6360.0,118500
2025-04-22,6060.0,6250.0,5860.0,6210.0,319000
2025-04-23,6150.0,6220.0,5980.0,6080.0,201400
2025-04-24,6270.0,6270.0,6150.0,6250.0,162400
2025-04-25,6270.0,6340.0,6210.0,6270.0,65000
2025-04-28,6200.0,6260.0,6180.0,6260.0,139100
2025-04-29,6150.0,6200.0,6140.0,6190.0,225100
2025-05-05,6190.0,6230.0,6140.0,6140.0,185514
2025-05-06,6250.0,6300.0,6190.0,6190.0,248499
2025-05-07,6300.0,6340.0,6210.0,6210.0,211437
2025-05-08,6490.0,6510.0,6320.0,6330.0,298742
2025-05-09,6500.0,6620.0,6490.0,6510.0,372504
2025-05-12,6480.0,6500.0,6400.0,6500.0,230745
2025-05-13,6550.0,6590.0,6460.0,6590.0,154136
2025-05-14,6570.0,6600.0,6500.0,6570.0,239950
2025-05-15,7020.0,7020.0,6510.0,6570.0,419061
2025-05-16,7070.0,7300.0,7030.0,7300.0,478333
2025-05-19,7020.0,7200.0,6990.0,7050.0,280500
2025-05-20,6900.0,7080.0,6890.0,7080.0,266197
2025-05-21,6760.0,7000.0,6700.0,6900.0,253967
2025-05-22,6620.0,6810.0,6580.0,6810.0,394488
2025-05-23,6620.0,6690.0,6580.0,6580.0,115793
2025-05-26,6900.0,6970.0,6600.0,6780.0,354212
2025-05-27,6970.0,7050.0,6850.0,6990.0,333621
2025-05-28,6990.0,7050.0,6870.0,6870.0,246957
2025-05-29,6980.0,7050.0,6900.0,7050.0,281816
2025-05-30,6860.0,6960.0,6750.0,6960.0,260888
2025-06-02,7320.0,7340.0,6850.0,6860.0,1242730
2025-06-03,7380.0,7460.0,7300.0,7330.0,676736
2025-06-04,7590.0,7790.0,7380.0,7400.0,1206298
2025-06-05,7450.0,7620.0,7390.0,7620.0,525483
2025-06-06,7140.0,7450.0,7140.0,7450.0,690997
2025-06-09,7300.0,7310.0,7100.0,7100.0,259524
2025-06-10,7230.0,7310.0,7150.0,7290.0,174904
2025-06-11,7100.0,7260.0,7100.0,7250.0,464321
2025-06-12,7180.0,7210.0,7090.0,7100.0,161096
2025-06-13,6700.0,7170.0,6680.0,7170.0,1250975
2025-06-16,6830.0,6920.0,6720.0,6720.0,279547
2025-06-17,6860.0,6930.0,6800.0,6850.0,165748
2025-06-18,6880.0,6950.0,6800.0,6860.0,155554
2025-06-19,6840.0,6900.0,6810.0,6880.0,129053
2025-06-20,6830.0,6890.0,6800.0,6840.0,275885
2025-06-23,6770.0,6780.0,6670.0,6670.0,128953
2025-06-24,6840.0,6950.0,6780.0,6780.0,176199
2025-06-25,6860.0,6930.0,6840.0,6840.0,139362
2025-06-26,6860.0,6880.0,6800.0,6860.0,47510
2025-06-27,6880.0,6910.0,6850.0,6880.0,100846
2025-06-30,6850.0,6930.0,6850.0,6880.0,84241
2025-07-01,6770.0,6860.0,6770.0,6860.0,299046
2025-07-02,6840.0,6900.0,6760.0,6780.0,129288
2025-07-03,6880.0,6920.0,6840.0,6850.0,320467
2025-07-04,6930.0,6940.0,6880.0,6880.0,257240
2025-07-07,7000.0,7090.0,6920.0,6930.0,281606
2025-07-08,7050.0,7100.0,6980.0,7020.0,363591
2025-07-09,7110.0,7170.0,7050.0,7100.0,319951
2025-07-10,7260.0,7450.0,7110.0,7110.0,599941
2025-07-11,7260.0,7350.0,7090.0,7350.0,344109
2025-07-14,7200.0,7280.0,7050.0,7260.0,635108
2025-07-15,7380.0,7550.0,7200.0,7200.0,1066896
2025-07-16,7300.0,7380.0,7260.0,7380.0,435142
2025-07-17,7290.0,7520.0,7250.0,7390.0,838811
2025-07-18,7360.0,7440.0,7270.0,7440.0,598552
2025-07-21,7250.0,7490.0,7210.0,7290.0,621706
2025-07-22,7300.0,7320.0,7200.0,7230.0,297820
2025-07-23,7240.0,7340.0,7200.0,7340.0,593587
2025-07-24,7250.0,7280.0,7180.0,7220.0,448893
2025-07-25,7300.0,7310.0,7190.0,7250.0,818797
2025-07-28,7600.0,7670.0,7330.0,7330.0,1524030
2025-07-29,7240.0,7760.0,7240.0,7690.0,1397280
2025-07-30,7240.0,7390.0,7150.0,7290.0,525583
2025-07-31,7350.0,7390.0,7230.0,7290.0,534930
2025-08-01,7250.0,7350.0,7230.0,7350.0,311754
2025-08-04,7340.0,7380.0,7220.0,7240.0,427490
2025-08-05,7340.0,7650.0,7290.0,7420.0,1238547
2025-08-06,7370.0,7480.0,7310.0,7330.0,742654
2025-08-07,7560.0,7630.0,7400.0,7420.0,992338
2025-08-08,7820.0,7950.0,7500.0,7560.0,1558877
2025-08-11,7780.0,8100.0,7760.0,7990.0,913854
2025-08-12,7600.0,7830.0,7550.0,7820.0,855603
2025-08-13,7710.0,7750.0,7560.0,7710.0,803681
2025-08-14,7700.0,7890.0,7620.0,7710.0,777401
2025-08-15,7470.0,7780.0,7450.0,7710.0,772444
2025-08-18,7480.0,7610.0,7440.0,7500.0,365701
2025-08-19,7730.0,7970.0,7490.0,7490.0,1874044
2025-08-20,7600.0,7890.0,7540.0,7890.0,733447
2025-08-21,7560.0,7700.0,7400.0,7610.0,542503
2025-08-22,7100.0,7500.0,7040.0,7400.0,1303580
2025-08-25,6910.0,7200.0,6910.0,7200.0,475149
2025-08-26,7040.0,7070.0,6900.0,6910.0,371435
2025-08-27,6970.0,7150.0,6950.0,7090.0,511825
2025-08-28,6970.0,7020.0,6960.0,7000.0,417743
2025-08-29,7030.0,7110.0,6970.0,6980.0,433609
2025-09-03,7130.0,7200.0,7040.0,7100.0,319458
2025-09-04,7200.0,7300.0,7130.0,7170.0,324632
2025-09-05,7130.0,7300.0,7130.0,7250.0,489762
2025-09-08,6990.0,7130.0,6980.0,7110.0,556867
2025-09-09,7010.0,7080.0,6990.0,7010.0,275053
2025-09-10,7060.0,7120.0,6990.0,7120.0,162442
2025-09-11,6990.0,7010.0,6860.0,7000.0,241600
2025-09-12,7070.0,7090.0,6990.0,7000.0,327732
2025-09-15,7170.0,7180.0,7070.0,7070.0,282007
2025-09-16,7120.0,7200.0,7120.0,7170.0,191798
2025-09-17,7070.0,7150.0,7070.0,7120.0,170627
2025-09-18,7060.0,7090.0,6980.0,7070.0,262170
2025-09-19,7000.0,7080.0,7000.0,7080.0,205593
2025-09-22,6930.0,7080.0,6900.0,7000.0,189300
2025-09-23,6930.0,7000.0,6920.0,7000.0,74920
2025-09-24,7040.0,7040.0,6910.0,6910.0,143963
2025-09-25,7050.0,7100.0,7040.0,7080.0,141916
2025-09-26,6970.0,7090.0,6970.0,7090.0,178374
2025-09-29,6970.0,7030.0,6960.0,7030.0,107940
2025-09-30,6880.0,6960.0,6860.0,6960.0,352033
2025-10-01,6890.0,6910.0,6880.0,6910.0,124172
2025-10-02,6860.0,6950.0,6830.0,6950.0,343043
2025-10-03,6820.0,6860.0,6790.0,6850.0,327561
2025-10-06,6850.0,6890.0,6770.0,6820.0,208997
2025-10-07,6820.0,6850.0,6800.0,6820.0,79183
2025-10-08,6820.0,6900.0,6800.0,6830.0,198567
2025-10-09,6820.0,6860.0,6800.0,6820.0,136686
2025-10-10,6830.0,6870.0,6800.0,6870.0,141629
2025-10-13,6850.0,6870.0,6710.0,6800.0,183228
2025-10-14,6860.0,6930.0,6790.0,6840.0,293328
2025-10-15,6750.0,6860.0,6390.0,6860.0,211947
2025-10-16,6780.0,6900.0,6700.0,6750.0,160699
2025-10-17,6700.0,6710.0,6500.0,6500.0,123061
2025-10-20,6240.0,6700.0,6240.0,6700.0,594811
2025-10-21,6210.0,6290.0,5900.0,6290.0,321000
2025-10-22,6050.0,6300.0,6050.0,6270.0,166906
2025-10-23,6160.0,6200.0,6090.0,6120.0,109535
2025-10-24,6140.0,6200.0,6090.0,6160.0,129801
2025-10-27,6100.0,6180.0,6050.0,6140.0,74268
2025-10-28,6120.0,6180.0,6030.0,6100.0,137009
2025-10-29,6260.0,6350.0,6110.0,6120.0,194336
2025-10-30,6200.0,6280.0,6200.0,6280.0,73351
2025-10-31,6300.0,6320.0,6200.0,6200.0,112808
2025-11-03,6250.0,6350.0,6250.0,6340.0,93034
2025-11-04,6250.0,6250.0,5820.0,6210.0,243765
2025-11-05,6230.0,6300.0,6130.0,6290.0,87047
2025-11-06,6230.0,6290.0,6120.0,6120.0,146808
2025-11-07,6530.0,6600.0,6270.0,6270.0,342914
2025-11-10,6550.0,6600.0,6420.0,6450.0,210797
2025-11-11,6540.0,6550.0,6440.0,6540.0,164248
2025-11-12,6450.0,6510.0,6420.0,6510.0,135912
2025-11-13,6490.0,6520.0,6420.0,6450.0,144443
2025-11-14,6350.0,6530.0,6350.0,6530.0,168452
2025-11-17,6400.0,6450.0,6350.0,6350.0,144590
2025-11-18,6490.0,6490.0,6350.0,6400.0,172389
2025-11-19,6450.0,6550.0,6330.0,6480.0,122311
2025-11-20,6450.0,6450.0,6380.0,6400.0,28046
2025-11-21,6320.0,6450.0,6210.0,6450.0,220115
2025-11-24,6230.0,6320.0,6150.0,6320.0,216131
2025-11-25,6160.0,6220.0,6150.0,6200.0,102870
2025-11-26,6230.0,6250.0,6160.0,6160.0,58527
2025-11-27,6230.0,6280.0,6230.0,6230.0,37554
2025-11-28,6290.0,6350.0,6230.0,6230.0,109421
2025-12-01,6230.0,6300.0,6230.0,6300.0,38693
2025-12-02,6280.0,6290.0,6210.0,6290.0,78481
2025-12-03,6270.0,6290.0,6180.0,6280.0,100149
2025-12-04,6230.0,6310.0,6220.0,6280.0,99735
2025-12-05,6280.0,6320.0,6210.0,6320.0,182569
2025-12-08,6190.0,6280.0,6190.0,6280.0,217307
2025-12-09,6230.0,6250.0,6150.0,6200.0,73203
2025-12-10,6210.0,6250.0,6180.0,6230.0,67140
2025-12-11,6210.0,6240.0,6180.0,6210.0,88687
2025-12-12,6130.0,6200.0,6120.0,6190.0,141633
2025-12-15,6100.0,6220.0,6050.0,6050.0,66797
2025-12-16,6160.0,6160.0,6060.0,6110.0,175658
2025-12-17,6130.0,6170.0,6010.0,6170.0,145345
2025-12-18,6080.0,6150.0,6080.0,6150.0,42741
2025-12-19,6110.0,6140.0,6050.0,6080.0,50867
2025-12-22,6150.0,6150.0,6100.0,6100.0,101918
2025-12-23,6130.0,6200.0,6130.0,6200.0,26539
2025-12-24,6150.0,6150.0,6080.0,6110.0,135945
2025-12-25,6140.0,6150.0,6110.0,6110.0,22055
2025-12-26,6200.0,6200.0,6080.0,6140.0,131622
2025-12-29,6200.0,6240.0,6110.0,6240.0,694105
2025-12-30,6180.0,6200.0,6050.0,6200.0,33637
2025-12-31,6170.0,6180.0,6110.0,6110.0,68415
2026-01-05,6090.0,6170.0,6080.0,6170.0,115863
2026-01-06,6080.0,6110.0,6050.0,6100.0,266507
2026-01-07,6140.0,6140.0,6080.0,6120.0,86729
2026-01-08,6150.0,6180.0,6080.0,6120.0,73291
2026-01-09,6100.0,6170.0,6080.0,6150.0,148478
2026-01-12,6110.0,6130.0,6050.0,6090.0,100372
2026-01-13,6140.0,6190.0,6100.0,6190.0,129176
2026-01-14,6060.0,6140.0,6060.0,6140.0,120467
2026-01-15,6060.0,6130.0,6060.0,6080.0,590970
2026-01-16,6090.0,6170.0,6060.0,6170.0,103858
2026-01-19,6120.0,6180.0,6070.0,6090.0,64700
2026-01-20,6100.0,6160.0,6070.0,6160.0,100211
2026-01-21,6000.0,6080.0,5970.0,6070.0,749090
2026-01-22,6020.0,6040.0,5920.0,5960.0,393419
2026-01-23,6010.0,6010.0,5920.0,5920.0,118057
2026-01-26,5800.0,6010.0,5700.0,6000.0,269642
2026-01-27,5750.0,5830.0,5750.0,5800.0,71040
2026-01-28,5760.0,5830.0,5750.0,5750.0,45216
2026-01-29,5760.0,5770.0,5720.0,5720.0,104501
2026-01-30,5820.0,5830.0,5720.0,5800.0,59435
2026-02-02,5720.0,5820.0,5690.0,5820.0,164762
2026-02-03,5720.0,5780.0,5720.0,5750.0,86749
2026-02-04,5710.0,5780.0,5700.0,5780.0,253636
2026-02-05,5690.0,5740.0,5690.0,5710.0,154897
2026-02-06,5700.0,5700.0,5650.0,5690.0,154259
2026-02-09,5720.0,5790.0,5690.0,5730.0,6612
2026-02-10,5720.0,5720.0,5650.0,5720.0,56901
2026-02-11,5720.0,5780.0,5700.0,5750.0,248082
2026-02-12,5710.0,5750.0,5690.0,5690.0,102335
2026-02-13,6000.0,6000.0,5650.0,5650.0,84289
2026-02-23,5800.0,5970.0,5800.0,5950.0,261777
2026-02-24,5790.0,5880.0,5770.0,5880.0,37992
2026-02-25,5800.0,5850.0,5700.0,5810.0,48804
2026-02-26,5760.0,5800.0,5690.0,5800.0,136987
2026-02-27,5700.0,5790.0,5700.0,5790.0,131000
2026-03-02,5490.0,5680.0,5400.0,5400.0,386346
2026-03-03,5450.0,5520.0,5450.0,5490.0,75546
2026-03-04,5460.0,5520.0,5350.0,5450.0,271580
2026-03-05,5440.0,5460.0,5370.0,5450.0,141791
2026-03-06,5330.0,5440.0,5100.0,5440.0,169286
2026-03-09,4960.0,5100.0,4960.0,5100.0,227907
2026-03-10,4790.0,4880.0,4690.0,4700.0,449585
2026-03-11,4980.0,4980.0,4800.0,4800.0,119675
2026-03-12,4860.0,4970.0,4840.0,4970.0,72859
2026-03-13,4940.0,4950.0,4800.0,4860.0,44098
2026-03-16,5040.0,5040.0,4940.0,4940.0,108242
2026-03-17,5030.0,5030.0,4950.0,5000.0,58114
2026-03-18,4950.0,5030.0,4930.0,4950.0,36403
2026-03-19,4950.0,5000.0,4880.0,5000.0,68346
2026-03-20,4880.0,4900.0,4870.0,4870.0,62043
2026-03-23,4780.0,4850.0,4740.0,4820.0,266811
2026-03-24,4880.0,4940.0,4840.0,4940.0,60282
2026-03-25,4910.0,4920.0,4860.0,4880.0,73088
2026-03-26,4870.0,4950.0,4860.0,4950.0,101653
2026-03-27,4900.0,4910.0,4850.0,4870.0,101065
2026-03-30,4910.0,4910.0,4880.0,4900.0,36354
2026-03-31,4950.0,5100.0,4900.0,4910.0,55473
2026-04-01,4990.0,5100.0,4990.0,5040.0,122282
2026-04-02,4960.0,4990.0,4920.0,4990.0,21364
2026-04-03,4950.0,4960.0,4880.0,4960.0,37688
2026-04-06,4950.0,4990.0,4900.0,4990.0,43565
2026-04-07,4900.0,4940.0,4840.0,4940.0,73156
2026-04-08,5100.0,5100.0,4920.0,4920.0,107794
2026-04-09,5020.0,5050.0,4960.0,5050.0,51821
2026-04-10,4980.0,5020.0,4950.0,5020.0,90843
2026-04-13,5000.0,5020.0,4850.0,4910.0,119076
2026-04-14,5000.0,5000.0,4950.0,5000.0,59844
2026-04-15,5000.0,5020.0,4970.0,5000.0,37867
2026-04-16,4990.0,5000.0,4910.0,5000.0,92340
2026-04-17,5000.0,5000.0,4940.0,4980.0,71503
2026-04-20,5000.0,5000.0,4950.0,5000.0,27634
2026-04-21,5000.0,5000.0,4960.0,5000.0,31505
2026-04-22,4970.0,4990.0,4930.0,4930.0,55222
2026-04-23,4990.0,4990.0,4900.0,4970.0,90570
2026-04-24,4960.0,4980.0,4900.0,4980.0,27552
2026-04-28,4960.0,4990.0,4900.0,4970.0,62992
2026-04-29,4960.0,4960.0,4920.0,4950.0,15852
2026-05-04,4940.0,5050.0,4940.0,4990.0,53454
2026-05-05,4970.0,4990.0,4860.0,4990.0,34138
2026-05-06,4920.0,4970.0,4910.0,4960.0,39657
2026-05-07,4920.0,4980.0,4920.0,4920.0,42909
2026-05-08,4960.0,4980.0,4580.0,4980.0,131326
2026-05-11,4880.0,4950.0,4870.0,4920.0,30806
2026-05-12,4880.0,4900.0,4830.0,4880.0,77234
2026-05-13,4880.0,4880.0,4800.0,4880.0,56591
2026-05-14,4890.0,4900.0,4800.0,4870.0,15360
2026-05-15,4850.0,4870.0,4810.0,4870.0,41288
2026-05-18,4870.0,4890.0,4830.0,4880.0,53510
2026-05-19,4870.0,4900.0,4840.0,4900.0,11716
2026-05-20,4750.0,4900.0,4740.0,4900.0,70394
2026-05-21,4700.0,4790.0,4700.0,4770.0,34215
2026-05-22,4700.0,4710.0,4600.0,4710.0,76487
2026-05-25,4620.0,4710.0,4380.0,4630.0,502058
2026-05-26,4610.0,4630.0,4590.0,4600.0,19500
2026-05-27,4390.0,4500.0,4290.0,4290.0,1225600
