Price,Close,High,Low,Open,Volume
Ticker,CLW.VN,CLW.VN,CLW.VN,CLW.VN,CLW.VN
Date,,,,,
2017-01-03,10868.1142578125,10868.1142578125,10868.1142578125,10868.1142578125,0
2017-01-04,10801.0244140625,10801.0244140625,10801.0244140625,10801.0244140625,10020
2017-01-05,10801.0244140625,10801.0244140625,10733.93730590062,10733.93730590062,1000
2017-01-06,10599.763671875,10868.11211926424,10599.763671875,10868.11211926424,10300
2017-01-09,10599.763671875,10599.763671875,10599.763671875,10599.763671875,10
2017-01-10,10599.763671875,10599.763671875,10599.763671875,10599.763671875,0
2017-01-11,10599.763671875,10599.763671875,10599.763671875,10599.763671875,0
2017-01-12,10599.763671875,10633.307227798654,10599.763671875,10633.307227798654,150
2017-01-13,10733.9375,10868.11171875,10733.9375,10868.11171875,510
2017-01-16,10868.1142578125,10868.1142578125,10868.1142578125,10868.1142578125,100
2017-01-17,10868.1142578125,10868.1142578125,10868.1142578125,10868.1142578125,0
2017-01-18,10801.0244140625,10801.0244140625,10801.0244140625,10801.0244140625,30
2017-01-19,10801.0244140625,10801.0244140625,10801.0244140625,10801.0244140625,0
2017-01-20,10801.0244140625,10801.0244140625,10801.0244140625,10801.0244140625,50
2017-01-23,10599.763671875,10801.025007416927,10599.763671875,10801.025007416927,60
2017-01-24,10733.9375,10733.9375,10733.9375,10733.9375,40
2017-01-25,10733.9375,10733.9375,10733.9375,10733.9375,0
2017-01-26,10733.9375,10733.9375,10733.9375,10733.9375,0
2017-02-03,10801.0244140625,10801.0244140625,10801.0244140625,10801.0244140625,110
2017-02-06,10801.0244140625,10801.0244140625,10733.93730590062,10733.93730590062,60
2017-02-07,11538.982421875,11538.982421875,10801.02424373183,10801.02424373183,800
2017-02-08,11069.375,12075.681818181818,10733.939393939394,10801.026515151516,91840
2017-02-09,11069.375,11069.375,11069.375,11069.375,0
2017-02-10,11337.7216796875,11337.7216796875,11337.7216796875,11337.7216796875,260
2017-02-13,11740.2451171875,11740.2451171875,11471.896657366073,11471.896657366073,2850
2017-02-14,12276.9404296875,12276.9404296875,11941.504898821722,11941.504898821722,7260
2017-02-15,13081.986328125,13081.986328125,12075.6796875,12075.6796875,5030
2017-02-16,13081.986328125,13081.986328125,13081.986328125,13081.986328125,0
2017-02-17,12176.310546875,12176.310546875,12176.310546875,12176.310546875,10
2017-02-20,11404.8095703125,11471.896685431986,11404.8095703125,11404.8095703125,38420
2017-02-21,11404.8095703125,11740.245145909928,11404.8095703125,11740.245145909928,13780
2017-02-22,11941.505859375,11941.505859375,11941.505859375,11941.505859375,10
2017-02-23,12075.6796875,12075.6796875,11471.895703125,11941.50546875,8110
2017-02-24,12075.6796875,12075.6796875,12075.6796875,12075.6796875,0
2017-02-27,12276.9404296875,12276.9404296875,12276.9404296875,12276.9404296875,10
2017-02-28,11740.2451171875,12679.4647265625,11740.2451171875,11740.2451171875,1140
2017-03-01,12075.6796875,12075.6796875,11907.9619140625,11907.9619140625,16000
2017-03-02,11471.896484375,11471.896484375,11438.352927403144,11438.352927403144,320
2017-03-03,12075.6796875,12075.6796875,12042.1361328125,12042.1361328125,3660
2017-03-06,12746.55078125,12746.55078125,12075.6796875,12075.6796875,750
2017-03-07,12746.55078125,12746.55078125,12511.7458984375,12511.7458984375,2000
2017-03-08,12947.8125,12947.8125,11975.049384715025,11975.049384715025,60
2017-03-09,12880.7275390625,12947.814661661783,12880.7275390625,12947.814661661783,20
2017-03-10,12075.6796875,12880.725,12075.6796875,12880.725,20
2017-03-13,12377.572265625,12377.572265625,12377.572265625,12377.572265625,30
2017-03-14,12411.1162109375,12411.1162109375,11606.070835092904,11606.070835092904,300
2017-03-15,12075.6796875,12075.6796875,12075.6796875,12075.6796875,3000
2017-03-16,12075.6796875,12142.766796875,12075.6796875,12075.6796875,4960
2017-03-17,12411.1162109375,12411.1162109375,12411.1162109375,12411.1162109375,500
2017-03-20,12411.1162109375,12411.1162109375,12411.1162109375,12411.1162109375,20
2017-03-21,13081.986328125,13081.986328125,11572.5263671875,11572.5263671875,710
2017-03-22,12746.55078125,13417.421875,12746.55078125,13417.421875,8020
2017-03-23,13417.421875,13417.421875,13417.421875,13417.421875,60
2017-03-24,12746.55078125,12746.55078125,12478.20234375,12478.20234375,1970
2017-03-27,12411.1162109375,12411.1162109375,12411.1162109375,12411.1162109375,30
2017-03-28,12411.1162109375,12411.1162109375,12411.1162109375,12411.1162109375,10
2017-03-29,12411.1162109375,12411.1162109375,12411.1162109375,12411.1162109375,0
2017-03-30,12411.1162109375,12411.1162109375,12411.1162109375,12411.1162109375,0
2017-03-31,12411.1162109375,12411.1162109375,12411.1162109375,12411.1162109375,0
2017-04-03,12411.1162109375,12411.1162109375,12411.1162109375,12411.1162109375,0
2017-04-04,12411.1162109375,12478.203325591216,12411.1162109375,12478.203325591216,2100
2017-04-05,12411.1162109375,12411.1162109375,12411.1162109375,12411.1162109375,0
2017-04-07,12411.1162109375,12411.1162109375,12411.1162109375,12411.1162109375,0
2017-04-10,12746.55078125,12746.55078125,12411.115234375,12411.115234375,9030
2017-04-11,12411.1162109375,12411.1162109375,12411.1162109375,12411.1162109375,5500
2017-04-12,12411.1162109375,13081.987357474662,12411.1162109375,13081.987357474662,260
2017-04-13,12545.2900390625,12545.2900390625,12545.2900390625,12545.2900390625,400
2017-04-14,12545.2900390625,12545.2900390625,12545.2900390625,12545.2900390625,5000
2017-04-17,12545.2900390625,12545.2900390625,12545.2900390625,12545.2900390625,0
2017-04-18,12075.6796875,12075.6796875,12075.6796875,12075.6796875,20
2017-04-19,12075.6796875,12075.6796875,12075.6796875,12075.6796875,0
2017-04-20,12075.6796875,12075.6796875,12075.6796875,12075.6796875,0
2017-04-21,12075.6796875,12075.6796875,12075.6796875,12075.6796875,0
2017-04-24,12075.6796875,12075.6796875,12075.6796875,12075.6796875,0
2017-04-25,11740.2451171875,11740.2451171875,11740.2451171875,11740.2451171875,5000
2017-04-26,11471.896484375,11471.896484375,11471.896484375,11471.896484375,70
2017-04-27,11471.896484375,11471.896484375,11471.896484375,11471.896484375,0
2017-04-28,11471.896484375,11471.896484375,11471.896484375,11471.896484375,0
2017-05-03,12243.3994140625,12243.3994140625,12243.3994140625,12243.3994140625,60
2017-05-04,11740.2451171875,11740.2451171875,11740.2451171875,11740.2451171875,3000
2017-05-05,11404.8095703125,12243.398509306067,11404.8095703125,12243.398509306067,2130
2017-05-08,11740.2451171875,11740.2451171875,11404.809542410714,11404.809542410714,3000
2017-05-09,12075.6796875,12075.6796875,12075.6796875,12075.6796875,60
2017-05-10,11740.2451171875,11740.2451171875,11740.2451171875,11740.2451171875,3000
2017-05-11,11740.2451171875,11740.2451171875,11740.2451171875,11740.2451171875,0
2017-05-12,12411.1162109375,12411.1162109375,11438.353048458615,11438.353048458615,400
2017-05-15,12411.1162109375,12411.1162109375,12411.1162109375,12411.1162109375,3980
2017-05-16,12411.1162109375,12411.1162109375,12411.1162109375,12411.1162109375,10
2017-05-17,13249.7041015625,13249.7041015625,12411.115234375,12411.115234375,20
2017-05-18,14121.8359375,14121.8359375,13249.703551811164,13249.703551811164,20
2017-05-19,14725.62109375,14725.621093750002,14088.29352932802,14088.29352932802,20
2017-05-22,14725.62109375,14725.621093750002,13752.857969105924,13752.857969105924,110
2017-05-23,13719.3154296875,13719.3154296875,13719.3154296875,13719.3154296875,250
2017-05-24,13417.421875,13417.421875,13417.421875,13417.421875,10
2017-05-25,13417.421875,13417.421875,13417.421875,13417.421875,0
2017-05-26,12478.201171875,12478.201171875,12478.201171875,12478.201171875,30
2017-05-29,13216.1611328125,13216.161132812498,11606.07043642925,11606.07043642925,230
2017-05-30,13216.1611328125,13216.161132812498,13216.161132812498,13216.161132812498,0
2017-05-31,13752.85546875,13752.85546875,13752.85546875,13752.85546875,10
2017-06-01,13752.85546875,13752.85546875,13752.85546875,13752.85546875,0
2017-06-02,12813.6396484375,12813.6396484375,12813.6396484375,12813.6396484375,10
2017-06-05,12813.6396484375,12813.6396484375,12813.6396484375,12813.6396484375,0
2017-06-06,12411.1162109375,12411.1162109375,11941.506408361489,11941.506408361489,2180
2017-06-07,12411.1162109375,12411.1162109375,12411.1162109375,12411.1162109375,0
2017-06-08,12411.1162109375,12411.1162109375,12411.1162109375,12411.1162109375,5000
2017-06-09,13249.7041015625,13249.7041015625,13249.7041015625,13249.7041015625,20
2017-06-12,13249.7041015625,13249.7041015625,13249.7041015625,13249.7041015625,0
2017-06-13,14088.2939453125,14088.2939453125,14088.2939453125,14088.2939453125,10
2017-06-14,14088.2939453125,14088.2939453125,14088.2939453125,14088.2939453125,0
2017-06-15,14088.2939453125,14088.2939453125,14088.2939453125,14088.2939453125,0
2017-06-16,13417.421875,13417.421875,13417.421875,13417.421875,3350
2017-06-19,14088.2939453125,14088.2939453125,12478.203208705358,12478.203208705358,30
2017-06-20,13115.5283203125,13115.5283203125,13115.5283203125,13115.5283203125,50
2017-06-21,13954.1162109375,13954.116210937498,12243.395233154297,12243.395233154297,60
2017-06-22,13014.8984375,14490.81475515464,12981.35488482603,12981.35488482603,30
2017-06-23,13536.8857421875,13536.8857421875,13536.8857421875,13536.8857421875,20
2017-06-26,13536.8857421875,13536.8857421875,13536.8857421875,13536.8857421875,0
2017-06-27,13223.6943359375,13223.6943359375,13223.6943359375,13223.6943359375,480
2017-06-28,14093.6748046875,14093.674804687502,14093.674804687502,14093.674804687502,10
2017-06-29,14058.8759765625,14058.875976562498,14058.875976562498,14058.875976562498,10
2017-06-30,13223.6943359375,13223.6943359375,13223.6943359375,13223.6943359375,2000
2017-07-03,13989.2763671875,14093.673952017258,13989.2763671875,14093.673952017258,20
2017-07-04,13571.6875,13571.687500000002,13571.687500000002,13571.687500000002,10
2017-07-05,13571.6875,13571.687500000002,13571.687500000002,13571.687500000002,1000
2017-07-06,13432.4892578125,13571.686037686206,13432.4892578125,13571.686037686206,5010
2017-07-07,13919.6787109375,13919.6787109375,13571.686743164062,13571.686743164062,1100
2017-07-10,14685.2578125,14685.2578125,13919.675651658768,13919.675651658768,110
2017-07-11,14859.2578125,14859.2578125,14859.2578125,14859.2578125,20
2017-07-12,13850.0791015625,13850.0791015625,13850.0791015625,13850.0791015625,20
2017-07-13,14615.662109375,14615.662109375,12945.300725446428,12945.300725446428,7500
2017-07-14,15102.8505859375,15207.24817063292,15102.8505859375,15207.24817063292,20
2017-07-17,15659.638671875,15659.638671875002,14058.875607638887,14058.875607638887,110
2017-07-18,14580.865234375,14580.865234375,14580.865234375,14580.865234375,10
2017-07-19,13571.6875,14580.864262820514,13571.687500000002,14580.864262820514,50
2017-07-20,13223.6943359375,13571.686292146382,13223.6943359375,13571.686292146382,1110
2017-07-21,14093.6748046875,14093.674804687502,12318.915755208334,13223.694878472224,1190
2017-07-24,14615.662109375,14615.662109375,14615.662109375,14615.662109375,10
2017-07-25,14615.662109375,14615.662109375,14615.662109375,14615.662109375,0
2017-07-26,13606.484375,13606.484375,13606.484375,13606.484375,10
2017-07-27,13223.6943359375,14093.674226459703,13223.6943359375,13641.284683388158,930
2017-07-28,14093.6748046875,14093.674804687502,12875.702907986111,12945.301302083337,7410
2017-07-31,14476.462890625,14476.462890625,14476.462890625,14476.462890625,100
2017-08-01,13467.287109375,13467.287109375,13467.287109375,13467.287109375,20
2017-08-02,13571.6875,13571.687500000002,13571.687500000002,13571.687500000002,1000
2017-08-03,13223.6943359375,13919.678248355263,13223.6943359375,13919.678248355263,1120
2017-08-04,13223.6943359375,13223.6943359375,13223.6943359375,13223.6943359375,10
2017-08-07,13223.6943359375,13223.6943359375,13223.6943359375,13223.6943359375,1490
2017-08-08,13223.6943359375,13223.6943359375,13223.6943359375,13223.6943359375,5000
2017-08-09,13223.6943359375,13223.6943359375,13223.6943359375,13223.6943359375,70
2017-08-10,13223.6943359375,13223.6943359375,13223.6943359375,13223.6943359375,0
2017-08-11,13223.6943359375,13223.6943359375,13014.89916221217,13014.89916221217,40
2017-08-14,13223.6943359375,13223.6943359375,12527.710423519737,12875.702379728618,2700
2017-08-15,13710.8828125,13710.8828125,13710.8828125,13710.8828125,100
2017-08-16,13710.8828125,13710.8828125,13710.8828125,13710.8828125,0
2017-08-17,13710.8828125,13710.8828125,13710.8828125,13710.8828125,0
2017-08-18,13710.8828125,13710.8828125,13710.8828125,13710.8828125,0
2017-08-21,13710.8828125,13710.8828125,13710.8828125,13710.8828125,0
2017-08-22,13710.8828125,13710.8828125,13710.8828125,13710.8828125,0
2017-08-23,13223.6943359375,13223.6943359375,13223.6943359375,13223.6943359375,200000
2017-08-24,12318.9140625,12318.9140625,12318.9140625,12318.9140625,160000
2017-08-25,13154.095703125,13154.095703125,13119.296508143188,13119.296508143188,240
2017-08-28,12875.703125,14058.875844594597,12875.703125,13432.490287162163,5040
2017-08-29,12875.703125,12875.703125,12875.703125,12875.703125,0
2017-08-30,12875.703125,12875.703125,12875.703125,12875.703125,0
2017-08-31,12875.703125,12875.703125,12875.703125,12875.703125,0
2017-09-01,12875.703125,12875.703125,12875.703125,12875.703125,4510
2017-09-04,12875.703125,12875.703125,12875.703125,12875.703125,0
2017-09-05,13710.8828125,13710.8828125,12527.710184010151,12527.710184010151,1210
2017-09-06,13850.0791015625,13919.677489007538,12875.701677331972,13919.677489007538,3030
2017-09-07,13850.0791015625,13850.0791015625,13850.0791015625,13850.0791015625,0
2017-09-08,14789.658203125,14789.658203125,13850.07991727941,13850.07991727941,30
2017-09-11,13780.482421875,15276.84793738163,13780.482421875002,13919.679214015152,190
2017-09-12,13223.6943359375,14580.862965152137,13223.6943359375,14580.862965152137,2510
2017-09-13,13223.6943359375,13223.6943359375,13223.6943359375,13223.6943359375,0
2017-09-14,12388.5146484375,12388.5146484375,12388.5146484375,12388.5146484375,10
2017-09-15,12632.1083984375,13223.694742165975,11553.333301050276,11553.333301050276,5170
2017-09-18,12875.703125,12875.703125,12875.703125,12875.703125,2100
2017-09-19,12875.703125,12875.703125,12875.703125,12875.703125,0
2017-09-20,12075.322265625,12075.322265625,12075.322265625,12075.322265625,10
2017-09-21,11379.3369140625,11379.3369140625,11379.3369140625,11379.3369140625,10
2017-09-22,12144.9189453125,12144.9189453125,12144.9189453125,12144.9189453125,10
2017-09-25,12980.1005859375,12980.1005859375,11379.337510996147,11379.337510996147,4120
2017-09-26,13850.0791015625,13884.87829528502,13014.898452222047,13014.898452222047,1140
2017-09-27,14546.064453125,14615.66284763756,13571.686929949165,13571.686929949165,140
2017-09-28,13536.8857421875,15520.43969412757,13536.8857421875,14754.85746706298,1480
2017-09-29,13571.6875,14372.069070512822,12875.703525641027,13223.695512820514,6140
2017-10-02,13154.095703125,14511.264307415677,12875.702143270502,13919.677992724868,4280
2017-10-03,12875.703125,14024.07664695946,12875.703125,14024.07664695946,1270
2017-10-04,13328.0908203125,13328.0908203125,12875.701314662208,12875.701314662208,1010
2017-10-05,13536.8857421875,14232.869584973489,13536.8857421875,14232.869584973489,30
2017-10-06,13223.6943359375,13884.879052734375,13223.6943359375,13884.879052734375,13510
2017-10-09,12980.1005859375,13223.694966906838,12980.1005859375,13223.694966906838,3010
2017-10-10,12980.1005859375,12980.1005859375,12980.1005859375,12980.1005859375,0
2017-10-11,12875.703125,13014.899915540542,12875.703125,13014.899915540542,12000
2017-10-12,12875.703125,12875.703125,12875.703125,12875.703125,3300
2017-10-13,12875.703125,12875.703125,12875.703125,12875.703125,400
2017-10-16,13223.6943359375,13223.6943359375,13154.095944695724,13154.095944695724,1970
2017-10-17,13223.6943359375,13223.6943359375,13223.6943359375,13223.6943359375,0
2017-10-18,13919.6787109375,13919.6787109375,13223.694775390624,13223.694775390624,3910
2017-10-19,13223.6943359375,13223.6943359375,13223.6943359375,13223.6943359375,10
2017-10-20,13223.6943359375,13223.6943359375,13223.6943359375,13223.6943359375,100
2017-10-23,13223.6943359375,13223.6943359375,13223.6943359375,13223.6943359375,0
2017-10-24,12318.9140625,12875.701138771186,12318.9140625,12875.701138771186,16000
2017-10-25,12527.7099609375,12527.7099609375,12527.7099609375,12527.7099609375,3000
2017-10-26,12875.703125,12875.703125,12875.703125,12875.703125,4000
2017-10-27,12875.703125,12875.703125,12875.703125,12875.703125,0
2017-10-30,12945.2998046875,12945.299804687498,12945.299804687498,12945.299804687498,600
2017-10-31,12875.703125,12875.703125,12875.703125,12875.703125,600
2017-11-01,12875.703125,12875.703125,12875.703125,12875.703125,0
2017-11-02,13223.6943359375,13223.6943359375,12875.702379728618,12875.702379728618,5000
2017-11-03,13223.6943359375,13223.6943359375,13223.6943359375,13223.6943359375,700
2017-11-06,13223.6943359375,13293.292727179276,13223.6943359375,13223.6943359375,890
2017-11-07,13223.6943359375,13223.6943359375,13223.6943359375,13223.6943359375,0
2017-11-08,13571.6875,13571.687500000002,13571.687500000002,13571.687500000002,2000
2017-11-09,13571.6875,13571.687500000002,13571.687500000002,13571.687500000002,0
2017-11-10,13328.0908203125,13919.677096932115,13328.0908203125,13919.677096932115,120
2017-11-13,13919.6787109375,13919.6787109375,12458.112446289062,12527.71083984375,1110
2017-11-14,13919.6787109375,13919.6787109375,13919.6787109375,13919.6787109375,0
2017-11-15,13919.6787109375,13919.6787109375,13919.6787109375,13919.6787109375,0
2017-11-16,12945.2998046875,12945.299804687498,12945.299804687498,12945.299804687498,1090
2017-11-17,12945.2998046875,12945.299804687498,12945.299804687498,12945.299804687498,0
2017-11-20,12527.7099609375,12875.701904296877,12527.7099609375,12875.701904296877,1810
2017-11-21,12527.7099609375,12527.7099609375,12527.7099609375,12527.7099609375,0
2017-11-22,12388.5146484375,12388.5146484375,12353.715449986832,12388.5146484375,250
2017-11-23,13223.6943359375,13223.6943359375,13223.6943359375,13223.6943359375,10
2017-11-24,12562.509765625,12562.509765625,12562.509765625,12562.509765625,10
2017-11-27,12423.314453125,12527.712053571428,12353.71605282738,12353.71605282738,2810
2017-11-28,13258.494140625,13258.494140625,13154.096548966534,13258.494140625,180
2017-11-29,14128.47265625,14128.47265625,14128.47265625,14128.47265625,10
2017-11-30,13154.095703125,14128.47316261574,13154.095703125,13154.095703125,266550
2017-12-01,12423.314453125,12423.314453125,12353.71605282738,12353.71605282738,20
2017-12-04,13223.6943359375,13223.6943359375,12527.710423519737,12527.710423519737,1370
2017-12-05,12736.5048828125,12736.5048828125,12736.5048828125,12736.5048828125,10
2017-12-06,12736.5048828125,12736.5048828125,12736.5048828125,12736.5048828125,0
2017-12-07,12736.5048828125,12736.5048828125,12736.5048828125,12736.5048828125,0
2017-12-08,12736.5048828125,12736.5048828125,12736.5048828125,12736.5048828125,0
2017-12-11,12736.5048828125,12736.5048828125,12736.5048828125,12736.5048828125,0
2017-12-12,12736.5048828125,12736.5048828125,12736.5048828125,12736.5048828125,0
2017-12-13,13502.0859375,13502.0859375,13502.0859375,13502.0859375,10
2017-12-14,12562.509765625,12562.509765625,12562.509765625,12562.509765625,10
2017-12-15,13432.4892578125,13432.4892578125,12527.71018863342,12527.71018863342,1780
2017-12-18,13362.8935546875,13362.8935546875,12562.511909484863,12562.511909484863,30
2017-12-19,13362.8935546875,13362.8935546875,13362.8935546875,13362.8935546875,0
2017-12-20,12701.7080078125,12701.7080078125,12701.7080078125,12701.7080078125,10
2017-12-21,12423.314453125,12632.109654017857,12423.314453125,12632.109654017857,780
2017-12-22,12423.314453125,12423.314453125,12423.314453125,12423.314453125,0
2017-12-25,12423.314453125,12423.314453125,12423.314453125,12423.314453125,0
2017-12-26,11692.53125,11692.53125,11692.53125,11692.53125,30
2017-12-27,12492.9130859375,12492.9130859375,12492.9130859375,12492.9130859375,10
2017-12-28,13223.6943359375,13223.6943359375,13223.6943359375,13223.6943359375,200
2017-12-29,12632.1083984375,14128.47385610365,12388.514021608124,12388.514021608124,13470
2018-01-01,12632.1083984375,12632.1083984375,12632.1083984375,12632.1083984375,0
2018-01-02,12632.1083984375,12632.1083984375,12632.1083984375,12632.1083984375,150
2018-01-03,12632.1083984375,12632.1083984375,12632.1083984375,12632.1083984375,0
2018-01-04,13502.0859375,13502.0859375,13502.0859375,13502.0859375,1420
2018-01-05,13502.0859375,13502.0859375,13502.0859375,13502.0859375,30
2018-01-08,12666.90625,12666.90625,12666.90625,12666.90625,10
2018-01-09,12666.90625,12666.90625,12666.90625,12666.90625,0
2018-01-10,12666.90625,12666.90625,12666.90625,12666.90625,0
2018-01-11,12875.703125,12875.703125,12179.719172297298,12179.719172297298,300
2018-01-12,13641.2841796875,13641.2841796875,12040.521240234377,12040.521240234377,20
2018-01-15,12736.5048828125,12736.5048828125,12736.5048828125,12736.5048828125,10
2018-01-16,12736.5048828125,12736.5048828125,12736.5048828125,12736.5048828125,0
2018-01-17,12736.5048828125,12736.5048828125,12736.5048828125,12736.5048828125,0
2018-01-18,12736.5048828125,12736.5048828125,12736.5048828125,12736.5048828125,0
2018-01-19,12875.703125,12875.703125,12040.522381756757,12040.522381756757,150
2018-01-22,12875.703125,12875.703125,12875.703125,12875.703125,0
2018-01-23,12875.703125,12875.703125,12875.703125,12875.703125,0
2018-01-24,12875.703125,12875.703125,12875.703125,12875.703125,0
2018-01-25,13223.6943359375,13223.6943359375,12005.722489206417,12005.722489206417,1730
2018-01-26,13223.6943359375,13223.6943359375,13223.6943359375,13223.6943359375,0
2018-01-29,12492.9130859375,12492.9130859375,12492.9130859375,12492.9130859375,10
2018-01-30,12527.7099609375,12527.7099609375,11622.930908203123,11622.930908203123,20
2018-01-31,12110.123046875,12875.70553834411,12110.123046875,12875.70553834411,9270
2018-02-01,12214.5185546875,12945.30171607906,12110.12096020299,12110.12096020299,2780
2018-02-02,12249.3173828125,12318.915777033026,12249.3173828125,12318.915777033026,120
2018-02-05,12249.3173828125,12249.3173828125,12249.3173828125,12249.3173828125,10
2018-02-06,12249.3173828125,12249.3173828125,12249.3173828125,12249.3173828125,0
2018-02-07,12249.3173828125,12249.3173828125,12249.3173828125,12249.3173828125,0
2018-02-08,12249.3173828125,12249.3173828125,12249.3173828125,12249.3173828125,0
2018-02-09,12249.3173828125,12249.3173828125,12249.3173828125,12249.3173828125,20
2018-02-12,12284.1162109375,13014.899328302054,12284.1162109375,13014.899328302054,30
2018-02-13,12284.1162109375,12284.1162109375,12284.1162109375,12284.1162109375,0
2018-02-14,12284.1162109375,12284.1162109375,12284.1162109375,12284.1162109375,0
2018-02-15,12284.1162109375,12284.1162109375,12284.1162109375,12284.1162109375,0
2018-02-16,12284.1162109375,12284.1162109375,12284.1162109375,12284.1162109375,0
2018-02-19,12284.1162109375,12284.1162109375,12284.1162109375,12284.1162109375,0
2018-02-20,12284.1162109375,12284.1162109375,12284.1162109375,12284.1162109375,0
2018-02-21,13119.2958984375,13119.2958984375,13119.2958984375,13119.2958984375,10
2018-02-22,13989.2763671875,13989.2763671875,13989.2763671875,13989.2763671875,10
2018-02-23,13014.8984375,13223.69359959893,13014.898437499998,13223.69359959893,4040
2018-02-26,13223.6943359375,13919.678248355263,13223.6943359375,13223.6943359375,3980
2018-02-27,13223.6943359375,13223.6943359375,13223.6943359375,13223.6943359375,0
2018-02-28,13710.8828125,13710.8828125,12736.505353743654,12736.505353743654,4000
2018-03-01,13571.6875,13571.687500000002,13223.695512820514,13223.695512820514,2210
2018-03-02,13571.6875,13571.687500000002,13571.687500000002,13571.687500000002,0
2018-03-05,13571.6875,14511.265865384616,13571.687500000002,14511.265865384616,90
2018-03-06,13571.6875,13571.687500000002,13571.687500000002,13571.687500000002,10
2018-03-07,13571.6875,14128.47467948718,13571.687500000002,13710.884294871796,1300
2018-03-08,13641.2841796875,14058.87451171875,13536.886596679688,13571.685791015623,280
2018-03-09,13571.6875,13571.687500000002,12945.301923076924,12945.301923076924,50
2018-03-12,13223.6943359375,13223.6943359375,12875.702379728618,12875.702379728618,5550
2018-03-13,13223.6943359375,13328.091922800164,13223.6943359375,13223.6943359375,110
2018-03-14,13223.6943359375,13223.6943359375,13223.6943359375,13223.6943359375,0
2018-03-15,13223.6943359375,13223.6943359375,13223.6943359375,13223.6943359375,40
2018-03-16,13641.2841796875,13780.48095703125,13293.292236328123,13293.292236328123,200
2018-03-19,13641.2841796875,13641.2841796875,13641.2841796875,13641.2841796875,0
2018-03-20,13641.2841796875,13641.2841796875,13641.2841796875,13641.2841796875,0
2018-03-21,13641.2841796875,13641.2841796875,13641.2841796875,13641.2841796875,0
2018-03-22,13641.2841796875,13641.2841796875,13641.2841796875,13641.2841796875,0
2018-03-23,13223.6943359375,13293.292727179276,13223.6943359375,13293.292727179276,2010
2018-03-26,13223.6943359375,13293.292727179276,13223.6943359375,13258.493531558388,1300
2018-03-27,13362.8935546875,13362.8935546875,12458.114303588867,12458.114303588867,20
2018-03-28,13362.8935546875,13362.8935546875,13362.8935546875,13362.8935546875,0
2018-03-29,12875.703125,12875.703125,12875.703125,12875.703125,10
2018-03-30,12875.703125,12875.703125,12875.703125,12875.703125,0
2018-04-02,13223.6943359375,13223.6943359375,12040.521684827305,12040.521684827305,1020
2018-04-03,13223.6943359375,13223.6943359375,12527.710423519737,12527.710423519737,1510
2018-04-04,13223.6943359375,13223.6943359375,13223.6943359375,13223.6943359375,1250
2018-04-05,12597.3095703125,12597.3095703125,12597.3095703125,12597.3095703125,10
2018-04-06,13432.4892578125,13432.4892578125,13432.4892578125,13432.4892578125,10
2018-04-09,12666.90625,12666.90625,12666.90625,12666.90625,10
2018-04-10,12666.90625,12666.90625,12666.90625,12666.90625,0
2018-04-11,13223.6943359375,13223.6943359375,13223.6943359375,13223.6943359375,10
2018-04-12,12527.7099609375,12527.7099609375,12527.7099609375,12527.7099609375,10
2018-04-13,12527.7099609375,12527.7099609375,12527.7099609375,12527.7099609375,0
2018-04-16,12527.7099609375,12527.7099609375,12527.7099609375,12527.7099609375,0
2018-04-17,11831.7265625,11831.7265625,11831.7265625,11831.7265625,10
2018-04-18,11831.7265625,11831.7265625,11831.7265625,11831.7265625,0
2018-04-19,11483.7353515625,11483.735351562502,11483.735351562502,11483.735351562502,10
2018-04-20,11483.7353515625,11483.735351562502,11483.735351562502,11483.735351562502,0
2018-04-23,12284.1162109375,12284.1162109375,12284.1162109375,12284.1162109375,30
2018-04-24,12284.1162109375,12284.1162109375,12284.1162109375,12284.1162109375,0
2018-04-25,12284.1162109375,12284.1162109375,12284.1162109375,12284.1162109375,0
2018-04-26,11483.7353515625,11483.735351562502,11483.735351562502,11483.735351562502,10
2018-04-27,11483.7353515625,11483.735351562502,11483.735351562502,11483.735351562502,0
2018-04-30,11483.7353515625,11483.735351562502,11483.735351562502,11483.735351562502,0
2018-05-01,11483.7353515625,11483.735351562502,11483.735351562502,11483.735351562502,0
2018-05-02,11831.7265625,11831.7265625,10718.152297794117,10718.152297794117,30
2018-05-03,11031.34375,11031.34375,11031.34375,11031.34375,10
2018-05-04,11031.34375,11031.34375,11031.34375,11031.34375,0
2018-05-07,11031.34375,11031.34375,11031.34375,11031.34375,0
2018-05-08,11031.34375,11031.34375,11031.34375,11031.34375,0
2018-05-09,10578.9560546875,10787.751239977384,10578.9560546875,10787.751239977384,30
2018-05-10,10578.9560546875,10578.9560546875,10578.9560546875,10578.9560546875,0
2018-05-11,10578.9560546875,10578.9560546875,10578.9560546875,10578.9560546875,0
2018-05-14,10578.9560546875,10578.9560546875,10578.9560546875,10578.9560546875,0
2018-05-15,11309.73828125,11309.73828125,11309.73828125,11309.73828125,10
2018-05-16,11309.73828125,11309.73828125,11309.73828125,11309.73828125,0
2018-05-17,11309.73828125,11309.73828125,11309.73828125,11309.73828125,0
2018-05-18,11309.73828125,11309.73828125,11309.73828125,11309.73828125,0
2018-05-21,12073.41796875,12073.41796875,11018.812182323045,11018.812182323045,20
2018-05-22,11418.8359375,11418.8359375,11418.8359375,11418.8359375,20
2018-05-23,12182.515625,12182.515625,12182.515625,12182.515625,10
2018-05-24,12982.5625,12982.5625,12982.5625,12982.5625,20
2018-05-25,12364.3447265625,12364.3447265625,12364.3447265625,12364.3447265625,10
2018-05-28,12364.3447265625,12364.3447265625,11527.933171530332,11564.298891314338,2520
2018-05-29,12364.3447265625,12364.3447265625,12364.3447265625,12364.3447265625,0
2018-05-30,12000.6884765625,12000.6884765625,11600.66552734375,11600.66552734375,110
2018-05-31,12000.6884765625,12364.345703125,12000.6884765625,12364.345703125,360
2018-06-01,12837.0986328125,12837.0986328125,11273.372737030808,12327.978573720786,620
2018-06-04,13709.875,13709.875,13709.875,13709.875,20
2018-06-05,12764.3681640625,14655.385669849536,12764.3681640625,12764.3681640625,2440
2018-06-06,12764.3681640625,12764.3681640625,12764.3681640625,12764.3681640625,600
2018-06-07,11891.58984375,11891.58984375,11891.58984375,11891.58984375,20
2018-06-08,11891.58984375,11891.58984375,11891.58984375,11891.58984375,0
2018-06-11,12364.3447265625,12364.3447265625,11164.27597369026,11164.27597369026,90
2018-06-12,12364.3447265625,12364.3447265625,12364.3447265625,12364.3447265625,0
2018-06-13,11673.3955078125,11673.3955078125,11673.3955078125,11673.3955078125,10
2018-06-14,11673.3955078125,11673.3955078125,11673.3955078125,11673.3955078125,0
2018-06-15,11673.3955078125,11673.3955078125,11673.3955078125,11673.3955078125,0
2018-06-18,11673.3955078125,11673.3955078125,11673.3955078125,11673.3955078125,0
2018-06-19,11673.3955078125,11673.3955078125,11673.3955078125,11673.3955078125,0
2018-06-20,11673.3955078125,11673.3955078125,11673.3955078125,11673.3955078125,0
2018-06-21,10946.0830078125,10946.0830078125,10946.0830078125,10946.0830078125,10
2018-06-22,10946.0830078125,10946.0830078125,10946.0830078125,10946.0830078125,0
2018-06-25,11709.76171875,11709.76171875,10946.08160665761,10946.08160665761,20
2018-06-26,12509.8056640625,12509.8056640625,11055.177098473838,11055.177098473838,30
2018-06-27,12509.8056640625,12509.8056640625,12509.8056640625,12509.8056640625,10
2018-06-28,12509.8056640625,12509.8056640625,12509.8056640625,12509.8056640625,0
2018-06-29,13309.8525390625,13309.8525390625,13309.8525390625,13309.8525390625,10
2018-07-02,12437.0771484375,12437.0771484375,12437.0771484375,12437.0771484375,10
2018-07-03,13237.12109375,13237.12109375,13237.12109375,13237.12109375,10
2018-07-04,12364.3447265625,12364.3447265625,12364.3447265625,12364.3447265625,10
2018-07-05,13091.6591796875,13091.6591796875,11564.298942057292,11564.298942057292,20
2018-07-06,13746.2421875,13746.2421875,12327.979104662698,12327.979104662698,20
2018-07-09,14182.630859375,14473.55662059295,12837.099213741987,12837.099213741987,170
2018-07-10,13891.7060546875,13891.7060546875,13200.75732421875,13200.75732421875,20
2018-07-11,13491.681640625,14473.55604573787,13455.315921917116,14473.55604573787,1110
2018-07-12,14037.1669921875,14037.1669921875,12800.732593911918,12800.732593911918,20
2018-07-13,13746.2421875,13746.2421875,13055.293506117723,13055.293506117723,20
2018-07-16,14037.1669921875,14037.1669921875,13018.92689948996,13018.92689948996,20
2018-07-17,13200.755859375,13200.755859375,13200.755859375,13200.755859375,10
2018-07-18,13237.12109375,13309.852528331045,13237.12109375,13309.852528331045,1000
2018-07-19,13237.12109375,13237.12109375,13237.12109375,13237.12109375,0
2018-07-20,13746.2421875,13746.2421875,12509.807705026456,12509.807705026456,20
2018-07-23,14473.5556640625,14473.5556640625,13091.658389604272,13091.658389604272,630
2018-07-24,14473.5556640625,14473.5556640625,14473.5556640625,14473.5556640625,0
2018-07-25,12909.8291015625,12909.8291015625,12909.8291015625,12909.8291015625,10
2018-07-26,12909.8291015625,12909.8291015625,12909.8291015625,12909.8291015625,0
2018-07-27,13528.0458984375,13528.0458984375,13528.0458984375,13528.0458984375,20
2018-07-30,13964.4384765625,13964.4384765625,12800.735270182293,12800.735270182293,5110
2018-07-31,14109.8974609375,14909.9431932587,13018.92600777223,13018.92600777223,130
2018-08-01,13818.9736328125,13891.705072985198,13200.756391344572,13200.756391344572,5040
2018-08-02,13818.9736328125,13818.9736328125,13818.9736328125,13818.9736328125,5700
2018-08-03,13818.9736328125,13818.9736328125,13818.9736328125,13818.9736328125,560
2018-08-06,12946.1962890625,12946.1962890625,12946.1962890625,12946.1962890625,10
2018-08-07,13818.9736328125,13818.9736328125,13818.9736328125,13818.9736328125,10
2018-08-08,13746.2421875,13746.2421875,13091.659226190475,13091.659226190475,30
2018-08-09,13746.2421875,13746.2421875,13746.2421875,13746.2421875,20
2018-08-10,13746.2421875,13746.2421875,13018.927786044973,13018.927786044973,20
2018-08-13,13164.390625,13528.047824585636,13091.659185082874,13091.659185082874,30
2018-08-14,13164.390625,13164.390625,13164.390625,13164.390625,10
2018-08-15,13528.0458984375,13600.777327998992,12546.171599357358,12546.171599357358,30
2018-08-16,13673.509765625,13673.509765625,13091.6582862367,13091.6582862367,20
2018-08-17,13673.509765625,13673.509765625,12837.09826400432,12873.46398146609,30
2018-08-20,13091.6591796875,13091.6591796875,13091.6591796875,13091.6591796875,10
2018-08-21,13091.6591796875,13091.6591796875,13091.6591796875,13091.6591796875,0
2018-08-22,13528.0458984375,13528.0458984375,12946.194461945564,12946.194461945564,20
2018-08-23,13746.2421875,13746.2421875,13455.316426917989,13455.316426917989,30
2018-08-24,13128.0244140625,13128.0244140625,13128.0244140625,13128.0244140625,10
2018-08-27,13128.0244140625,13128.0244140625,13128.0244140625,13128.0244140625,0
2018-08-28,12255.24609375,12255.24609375,12255.24609375,12255.24609375,10
2018-08-29,12255.24609375,12255.24609375,12255.24609375,12255.24609375,0
2018-08-30,12255.24609375,12255.24609375,12255.24609375,12255.24609375,0
2018-08-31,12255.24609375,12255.24609375,12255.24609375,12255.24609375,10
2018-09-03,12255.24609375,12255.24609375,12255.24609375,12255.24609375,0
2018-09-04,13091.6591796875,13091.6591796875,13091.6591796875,13091.6591796875,100
2018-09-05,13200.755859375,13200.755859375,12182.515737990703,12182.515737990703,20
2018-09-06,13200.755859375,13746.241638688018,13200.755859375,13200.755859375,5010
2018-09-07,13200.755859375,13200.755859375,13200.755859375,13200.755859375,0
2018-09-10,12509.8056640625,12509.8056640625,12509.8056640625,12509.8056640625,10
2018-09-11,12509.8056640625,12509.8056640625,12509.8056640625,12509.8056640625,0
2018-09-12,12218.8828125,12218.8828125,12218.8828125,12218.8828125,10
2018-09-13,12000.6884765625,12000.6884765625,12000.6884765625,12000.6884765625,100
2018-09-14,12837.0986328125,12837.0986328125,11346.10417404391,11346.10417404391,20
2018-09-17,12364.3447265625,12364.3447265625,12364.3447265625,12364.3447265625,10
2018-09-18,12364.3447265625,12364.3447265625,12364.3447265625,12364.3447265625,0
2018-09-19,13200.755859375,13200.755859375,12000.687144886364,12000.687144886364,1070
2018-09-20,13818.9736328125,13818.9736328125,13818.9736328125,13818.9736328125,20
2018-09-21,13164.390625,13164.390625,13164.390625,13164.390625,10
2018-09-24,13164.390625,13164.390625,13164.390625,13164.390625,0
2018-09-25,13164.390625,13164.390625,13164.390625,13164.390625,0
2018-09-26,13164.390625,13164.390625,13164.390625,13164.390625,0
2018-09-27,13746.2421875,13746.2421875,12655.27058531746,12655.27058531746,20
2018-09-28,13673.509765625,13673.509765625,12800.732546542553,12800.732546542553,20
2018-10-01,13091.6591796875,13091.6591796875,12800.73342013889,12800.73342013889,1210
2018-10-02,13818.9736328125,13818.9736328125,13818.9736328125,13818.9736328125,400
2018-10-03,12909.8291015625,12909.8291015625,12909.8291015625,12909.8291015625,10
2018-10-04,12909.8291015625,12909.8291015625,12909.8291015625,12909.8291015625,0
2018-10-05,12218.8828125,12218.8828125,12218.8828125,12218.8828125,10
2018-10-08,12218.8828125,12218.8828125,12218.8828125,12218.8828125,0
2018-10-09,12218.8828125,12218.8828125,12218.8828125,12218.8828125,10
2018-10-10,13055.2958984375,13055.2958984375,13055.2958984375,13055.2958984375,10
2018-10-11,13055.2958984375,13055.2958984375,13055.2958984375,13055.2958984375,0
2018-10-12,13055.2958984375,13055.2958984375,13055.2958984375,13055.2958984375,0
2018-10-15,12509.8056640625,12509.8056640625,12509.8056640625,12509.8056640625,10
2018-10-16,12509.8056640625,12509.8056640625,12509.8056640625,12509.8056640625,0
2018-10-17,12509.8056640625,12509.8056640625,12509.8056640625,12509.8056640625,0
2018-10-18,12509.8056640625,12509.8056640625,12509.8056640625,12509.8056640625,10
2018-10-19,12509.8056640625,12509.8056640625,12509.8056640625,12509.8056640625,0
2018-10-22,12509.8056640625,12509.8056640625,12509.8056640625,12509.8056640625,0
2018-10-23,11709.76171875,11709.76171875,11709.76171875,11709.76171875,10
2018-10-24,11709.76171875,11709.76171875,11709.76171875,11709.76171875,0
2018-10-25,11709.76171875,11709.76171875,11709.76171875,11709.76171875,0
2018-10-26,12509.8056640625,12509.8056640625,12509.8056640625,12509.8056640625,10
2018-10-29,11709.76171875,11709.76171875,11709.76171875,11709.76171875,10
2018-10-30,11709.76171875,11709.76171875,11709.76171875,11709.76171875,0
2018-10-31,12509.8056640625,12509.8056640625,12509.8056640625,12509.8056640625,160
2018-11-01,11637.029296875,12073.417895507811,11637.029296875,12073.417895507811,150
2018-11-02,12437.0771484375,12437.0771484375,10982.4482421875,10982.4482421875,110
2018-11-05,11709.76171875,11709.76171875,11709.76171875,11709.76171875,10
2018-11-06,12509.8056640625,12509.8056640625,12437.074235783068,12437.074235783068,2780
2018-11-07,13309.8525390625,13382.583973702183,12546.172475345798,12546.172475345798,40
2018-11-08,13818.9736328125,14218.996553762336,13309.85355160362,13309.85355160362,2620
2018-11-09,13782.6083984375,13782.6083984375,12873.465364239775,12873.465364239775,20
2018-11-12,14437.189453125,14728.115185177896,12837.097926834069,12837.097926834069,80
2018-11-13,14546.2890625,15419.06640625,13455.3173828125,13455.3173828125,60
2018-11-14,14546.2890625,14546.2890625,14546.2890625,14546.2890625,0
2018-11-15,15237.23828125,15237.23828125,13528.049261634844,13528.049261634844,60
2018-11-16,14182.630859375,14182.630859375,14182.630859375,14182.630859375,3920
2018-11-19,14909.943359375,14909.943359375,13200.754730373475,13200.754730373475,130
2018-11-20,13891.7060546875,13891.7060546875,13891.7060546875,13891.7060546875,9710
2018-11-21,13891.7060546875,13891.7060546875,13891.7060546875,13891.7060546875,0
2018-11-22,13018.927734375,13018.927734375,13018.927734375,13018.927734375,10
2018-11-23,13018.927734375,13018.927734375,13018.927734375,13018.927734375,0
2018-11-26,12291.6123046875,12327.978021565274,12291.6123046875,12291.6123046875,50
2018-11-27,12291.6123046875,12291.6123046875,12291.6123046875,12291.6123046875,0
2018-11-28,11600.6650390625,11600.6650390625,11600.6650390625,11600.6650390625,10
2018-11-29,10946.0830078125,10946.0830078125,10946.0830078125,10946.0830078125,10
2018-11-30,10582.42578125,10582.42578125,10582.42578125,10582.42578125,10
2018-12-03,11309.73828125,11309.73828125,11309.73828125,11309.73828125,30
2018-12-04,11346.1044921875,11418.835931239984,10946.081577398838,10946.081577398838,240
2018-12-05,10946.0830078125,10946.0830078125,10946.0830078125,10946.0830078125,10
2018-12-06,10291.4990234375,10909.716279262368,10291.4990234375,10909.716279262368,20
2018-12-07,10982.4482421875,10982.4482421875,10982.4482421875,10982.4482421875,10
2018-12-10,10982.4482421875,10982.4482421875,10982.4482421875,10982.4482421875,0
2018-12-11,10982.4482421875,10982.4482421875,10982.4482421875,10982.4482421875,0
2018-12-12,10982.4482421875,10982.4482421875,10982.4482421875,10982.4482421875,0
2018-12-13,10982.4482421875,10982.4482421875,10982.4482421875,10982.4482421875,0
2018-12-14,10727.88671875,11746.126814088984,10582.42384798729,10582.42384798729,30
2018-12-17,10255.1337890625,10255.1337890625,10255.1337890625,10255.1337890625,10
2018-12-18,10255.1337890625,10255.1337890625,10255.1337890625,10255.1337890625,0
2018-12-19,10364.23046875,10946.08200383772,10364.23046875,10946.08200383772,20
2018-12-20,9709.6474609375,11055.179131554309,9709.6474609375,11055.179131554309,210
2018-12-21,9709.6474609375,9709.6474609375,9709.6474609375,9709.6474609375,0
2018-12-24,10364.23046875,10364.23046875,9964.207538377192,9964.207538377192,700
2018-12-25,10364.23046875,10364.23046875,10364.23046875,10364.23046875,0
2018-12-26,11055.1796875,11055.1796875,11055.1796875,11055.1796875,10
2018-12-27,11818.859375,11818.859375,11818.859375,11818.859375,10
2018-12-28,12618.9052734375,12618.9052734375,11891.590848455511,11891.590848455511,20
2018-12-31,12618.9052734375,12618.9052734375,12618.9052734375,12618.9052734375,0
2019-01-01,12618.9052734375,12618.9052734375,12618.9052734375,12618.9052734375,0
2019-01-02,13455.3154296875,13491.681147065034,11746.126712943413,11746.126712943413,370
2019-01-03,12546.1728515625,14218.9958984375,12546.1728515625,12546.1728515625,590
2019-01-04,11709.76171875,11709.76171875,11709.76171875,11709.76171875,30
2019-01-07,11709.76171875,11709.76171875,11709.76171875,11709.76171875,50
2019-01-08,11237.0068359375,11237.0068359375,11237.0068359375,11237.0068359375,10
2019-01-09,10946.0830078125,11855.22611477367,10946.0830078125,10946.0830078125,40
2019-01-10,10873.349609375,11709.76111778846,10291.498125261289,11564.298246760034,40
2019-01-11,11600.6650390625,11600.6650390625,10218.767636290164,10218.767636290164,30
2019-01-14,10909.71484375,10909.71484375,10909.71484375,10909.71484375,10
2019-01-15,10982.4482421875,10982.4482421875,10982.4482421875,10982.4482421875,10
2019-01-16,10291.4990234375,10291.4990234375,10291.4990234375,10291.4990234375,10
2019-01-17,9673.28125,9673.28125,9673.28125,9673.28125,10
2019-01-18,9673.28125,9673.28125,9673.28125,9673.28125,0
2019-01-21,9673.28125,9673.28125,9673.28125,9673.28125,0
2019-01-22,9673.28125,9673.28125,9673.28125,9673.28125,0
2019-01-23,10327.865234375,10327.865234375,10327.865234375,10327.865234375,10
2019-01-24,10327.865234375,10327.865234375,10327.865234375,10327.865234375,0
2019-01-25,11018.8134765625,11018.8134765625,11018.8134765625,11018.8134765625,10
2019-01-28,11782.4931640625,11782.4931640625,11782.4931640625,11782.4931640625,60
2019-01-29,12582.5380859375,12582.5380859375,12582.5380859375,12582.5380859375,90
2019-01-30,13455.3154296875,13455.3154296875,11782.492430320946,11782.492430320946,30
2019-01-31,12764.3681640625,13382.5854255698,12582.539557736824,12582.539557736824,30
2019-02-01,12764.3681640625,12764.3681640625,12764.3681640625,12764.3681640625,0
2019-02-04,12764.3681640625,12764.3681640625,12764.3681640625,12764.3681640625,0
2019-02-05,12764.3681640625,12764.3681640625,12764.3681640625,12764.3681640625,0
2019-02-06,12764.3681640625,12764.3681640625,12764.3681640625,12764.3681640625,0
2019-02-07,12764.3681640625,12764.3681640625,12764.3681640625,12764.3681640625,0
2019-02-08,12764.3681640625,12764.3681640625,12764.3681640625,12764.3681640625,0
2019-02-11,12073.41796875,12073.41796875,12073.41796875,12073.41796875,50
2019-02-12,11782.4931640625,11782.4931640625,11709.761724778164,11782.4931640625,100
2019-02-13,11782.4931640625,11782.4931640625,11782.4931640625,11782.4931640625,0
2019-02-14,12582.5380859375,12582.5380859375,12582.5380859375,12582.5380859375,10
2019-02-15,13455.3154296875,13455.3154296875,12255.246756228886,12255.246756228886,20
2019-02-18,13455.3154296875,13455.3154296875,13455.3154296875,13455.3154296875,0
2019-02-19,13237.12109375,13237.12109375,13237.12109375,13237.12109375,0
2019-02-20,13818.9736328125,13818.9736328125,12327.979109272204,12327.979109272204,15020
2019-02-21,13818.9736328125,13964.436513157894,13018.927790912829,13018.927790912829,10120
2019-02-22,12873.4638671875,12873.4638671875,12873.4638671875,12873.4638671875,10
2019-02-25,13746.2421875,13746.2421875,13746.2421875,13746.2421875,50
2019-02-26,14182.630859375,14182.630859375,12946.196374198718,12946.196374198718,65740
2019-02-27,14255.3623046875,14255.3623046875,13818.97366270727,13818.97366270727,60150
2019-02-28,14255.3623046875,14255.3623046875,14255.3623046875,14255.3623046875,80000
2019-03-01,13382.5859375,14400.826171875,13382.5859375,14400.826171875,5010
2019-03-04,14255.3623046875,14255.3623046875,13528.047901387115,14255.3623046875,40060
2019-03-05,14255.3623046875,14255.3623046875,14255.3623046875,14255.3623046875,48000
2019-03-06,14255.3623046875,14255.3623046875,14255.3623046875,14255.3623046875,10440
2019-03-07,14546.2890625,14546.2890625,14255.36328125,14255.36328125,110310
2019-03-08,14546.2890625,14546.2890625,14546.2890625,14546.2890625,0
2019-03-11,14909.943359375,14909.943359375,14691.749066310977,14909.943359375,260
2019-03-12,14691.751953125,14800.84912109375,13891.7060546875,13891.7060546875,1630
2019-03-13,14546.2890625,14691.751953125,14546.2890625,14691.751953125,6070
2019-03-14,14509.9208984375,14509.9208984375,13528.04655192669,13528.04655192669,20
2019-03-15,14400.826171875,14473.5576171875,13818.974609375,14473.5576171875,2380
2019-03-18,14837.2138671875,14837.2138671875,13491.682217467063,13491.682217467063,40650
2019-03-19,14400.826171875,14400.826171875,14400.826171875,14400.826171875,29000
2019-03-20,14691.751953125,14837.21484375,13528.048828125,13528.048828125,4310
2019-03-21,13818.9736328125,14619.019474712171,13673.510752467106,13673.510752467106,1240
2019-03-22,13818.9736328125,13818.9736328125,13818.9736328125,13818.9736328125,0
2019-03-25,13818.9736328125,13818.9736328125,12946.196350740132,12946.196350740132,2780
2019-03-26,14764.482421875,14764.482421875,14364.45949911484,14364.45949911484,11360
2019-03-27,14691.751953125,14691.751953125,13782.60888671875,13782.60888671875,20
2019-03-28,14837.2138671875,14837.2138671875,13673.510818780638,13673.510818780638,2270
2019-03-29,14691.751953125,14691.751953125,13855.34033203125,13855.34033203125,20
2019-04-01,15709.9912109375,15709.9912109375,14691.751039858216,14691.751039858216,11050
2019-04-02,16000.9169921875,16000.9169921875,14619.019615589488,14619.019615589488,56510
2019-04-03,17091.890625,17091.890625,14909.947140957447,14909.947140957447,9130
2019-04-04,17455.544921875,17455.544921875,15928.184741210936,15928.184741210936,440
2019-04-05,17455.544921875,17455.544921875,16291.841927083333,16291.841927083333,20770
2019-04-08,16255.4765625,16255.476562500002,16255.476562500002,16255.476562500002,50
2019-04-09,17019.15625,17019.15625,15128.138888888889,15128.138888888889,30
2019-04-10,16728.23046875,17455.54483695652,15855.453226902173,15855.453226902173,120
2019-04-11,15564.5283203125,15637.259761061625,15564.5283203125,15564.5283203125,40
2019-04-12,15564.5283203125,15564.5283203125,15564.5283203125,15564.5283203125,0
2019-04-15,15564.5283203125,15564.5283203125,15564.5283203125,15564.5283203125,0
2019-04-16,14509.9208984375,14546.286614974935,14509.9208984375,14509.9208984375,1490
2019-04-17,15237.23828125,15237.23828125,13528.049261634844,13528.049261634844,60
2019-04-18,15237.23828125,15237.23828125,14182.632290423628,14218.998014245226,350
2019-04-19,16291.841796875,16291.841796875,14182.630135672434,14182.630135672434,50
2019-04-22,16219.1083984375,16219.1083984375,15164.502695400084,15164.502695400084,40
2019-04-23,16219.1083984375,16219.1083984375,15091.7712676044,15091.7712676044,550
2019-04-24,16000.9169921875,16219.11131480824,15091.773981267756,15091.773981267756,1540
2019-04-25,14909.943359375,16328.20626429116,14909.943359375,14909.943359375,8930
2019-04-26,14546.2890625,14546.2890625,14000.80322265625,14000.80322265625,550
2019-04-29,14546.2890625,14546.2890625,14546.2890625,14546.2890625,0
2019-04-30,14546.2890625,14546.2890625,14546.2890625,14546.2890625,0
2019-05-01,14546.2890625,14546.2890625,14546.2890625,14546.2890625,0
2019-05-02,14546.2890625,14546.2890625,14546.2890625,14546.2890625,1000
2019-05-03,14473.5556640625,14909.94427704931,14473.5556640625,14909.94427704931,4010
2019-05-06,13818.9736328125,13928.070793071549,13818.9736328125,13818.9736328125,1670
2019-05-07,13818.9736328125,13818.9736328125,13818.9736328125,13818.9736328125,0
2019-05-08,13455.3154296875,13455.3154296875,13455.3154296875,13455.3154296875,10
2019-05-09,12946.1962890625,13455.316367845857,12946.1962890625,13455.316367845857,1410
2019-05-10,12946.1962890625,12946.1962890625,12946.1962890625,12946.1962890625,0
2019-05-13,12946.1962890625,12946.1962890625,12946.1962890625,12946.1962890625,0
2019-05-14,12946.1962890625,12946.1962890625,12946.1962890625,12946.1962890625,0
2019-05-15,12946.1962890625,12946.1962890625,12946.1962890625,12946.1962890625,0
2019-05-16,13746.2421875,13746.2421875,13091.659226190475,13091.659226190475,1180
2019-05-17,14691.751953125,14691.751953125,12873.4658203125,12873.4658203125,50
2019-05-20,14237.365234375,14237.365234375,14237.365234375,14237.365234375,10
2019-05-21,14237.365234375,14237.365234375,14237.365234375,14237.365234375,0
2019-05-22,14237.365234375,14237.365234375,13252.866574551195,13252.866574551195,50
2019-05-23,14237.365234375,14237.365234375,14237.365234375,14237.365234375,0
2019-05-24,13290.732421875,13290.732421875,13290.732421875,13290.732421875,10
2019-05-27,12419.830078125,13290.732797017912,12419.830078125,13290.732797017912,2110
2019-05-28,12419.830078125,12419.830078125,12419.830078125,12419.830078125,0
2019-05-29,12419.830078125,12419.830078125,12419.830078125,12419.830078125,0
2019-05-30,12419.830078125,12419.830078125,12419.830078125,12419.830078125,0
2019-05-31,13252.8681640625,13252.8681640625,11965.446685267856,11965.446685267856,20
2019-06-03,12495.5625,12495.5625,12495.5625,12495.5625,10
2019-06-04,12495.5625,12495.5625,12495.5625,12495.5625,0
2019-06-05,13025.67578125,13025.67578125,11662.52366460756,11662.52366460756,600
2019-06-06,12154.7724609375,12154.7724609375,12154.7724609375,12154.7724609375,10
2019-06-07,12154.7724609375,12154.7724609375,12154.7724609375,12154.7724609375,0
2019-06-10,11624.658203125,12874.21429662052,11624.658203125,12874.21429662052,60
2019-06-11,12419.830078125,12419.830078125,12419.830078125,12419.830078125,500
2019-06-12,12571.291015625,13252.867034544428,12571.291015625,13252.867034544428,30
2019-06-13,12571.291015625,12571.291015625,12571.291015625,12571.291015625,10
2019-06-14,13442.1923828125,13442.1923828125,13442.1923828125,13442.1923828125,70
2019-06-17,12571.291015625,12571.291015625,12571.291015625,12571.291015625,10
2019-06-18,12571.291015625,12571.291015625,12571.291015625,12571.291015625,0
2019-06-19,13442.1923828125,13442.1923828125,12874.212422975352,12874.212422975352,30
2019-06-20,14350.962890625,14350.962890625,12533.426693395448,12533.426693395448,20
2019-06-21,13404.3291015625,13404.3291015625,13404.3291015625,13404.3291015625,10
2019-06-24,12647.0224609375,12647.0224609375,12571.291787518712,12571.291787518712,60
2019-06-25,12647.0224609375,12647.0224609375,12647.0224609375,12647.0224609375,0
2019-06-26,12647.0224609375,12647.0224609375,12647.0224609375,12647.0224609375,0
2019-06-27,12874.2138671875,12874.2138671875,12874.2138671875,12874.2138671875,50
2019-06-28,12874.2138671875,12874.2138671875,12874.2138671875,12874.2138671875,0
2019-07-01,12874.2138671875,12874.2138671875,12874.2138671875,12874.2138671875,0
2019-07-02,13631.5205078125,13631.5205078125,13631.5205078125,13631.5205078125,370
2019-07-03,13631.5205078125,13631.5205078125,13631.5205078125,13631.5205078125,0
2019-07-04,12684.88671875,12684.88671875,12684.88671875,12684.88671875,10
2019-07-05,12684.88671875,12684.88671875,12684.88671875,12684.88671875,0
2019-07-08,12684.88671875,12684.88671875,12684.88671875,12684.88671875,0
2019-07-09,13555.791015625,13555.791015625,13555.791015625,13555.791015625,480
2019-07-10,13631.5205078125,13631.5205078125,13555.789838324654,13555.789838324654,150
2019-07-11,14010.173828125,14010.173828125,13252.867134712838,13252.867134712838,90
2019-07-12,14010.173828125,14010.173828125,14010.173828125,14010.173828125,0
2019-07-15,13934.4443359375,14085.905687415085,13252.868254288383,13252.868254288383,470
2019-07-16,13631.5205078125,13631.5205078125,13631.5205078125,13631.5205078125,700
2019-07-17,14010.173828125,14010.173828125,14010.173828125,14010.173828125,10
2019-07-18,14956.806640625,14956.806640625002,14010.173308939877,14881.07597409019,1130
2019-07-19,15221.8662109375,15524.788921602922,14010.175368275808,15146.135533271145,50430
2019-07-22,15146.134765625,15146.134765624998,14388.828027343749,14388.828027343749,2990
2019-07-23,15146.134765625,15146.134765624998,15146.134765624998,15146.134765624998,20
2019-07-24,14805.3447265625,14843.21005834399,14805.3447265625,14843.21005834399,410
2019-07-25,14805.3447265625,14805.3447265625,14805.3447265625,14805.3447265625,0
2019-07-26,14805.3447265625,14805.3447265625,14805.3447265625,14805.3447265625,0
2019-07-29,14805.3447265625,14805.3447265625,14805.3447265625,14805.3447265625,0
2019-07-30,15146.134765625,15146.134765624998,15146.134765624998,15146.134765624998,2610
2019-07-31,15146.134765625,15146.134765624998,15146.134765624998,15146.134765624998,0
2019-08-01,14085.9052734375,14085.9052734375,14085.9052734375,14085.9052734375,10
2019-08-02,15070.4033203125,15070.4033203125,15070.4033203125,15070.4033203125,7590
2019-08-05,15146.134765625,15146.134765624998,15146.134765624998,15146.134765624998,520
2019-08-06,15146.134765625,15146.134765624998,15146.134765624998,15146.134765624998,0
2019-08-07,14237.365234375,14237.365234375,14237.365234375,14237.365234375,10
2019-08-08,14237.365234375,14237.365234375,14237.365234375,14237.365234375,0
2019-08-09,15146.134765625,15146.134765624998,14994.673417968748,14994.673417968748,1040
2019-08-12,15221.8662109375,15221.866210937498,15146.135533271145,15146.135533271145,3100
2019-08-13,14994.67578125,14994.675781250002,14994.675781250002,14994.675781250002,2000
2019-08-14,14994.67578125,14994.675781250002,14994.675781250002,14994.675781250002,0
2019-08-15,15221.8662109375,15903.4423099347,14994.674177938432,14994.674177938432,7000
2019-08-16,16282.095703125,16282.095703125,15903.442314680233,15903.442314680233,1160
2019-08-19,17418.052734375,17418.052734375,16357.8234375,17418.052734375,3680
2019-08-20,18175.361328125,18629.745361328125,18175.361328125,18554.014689127605,7460
2019-08-21,18175.361328125,18175.361328125,18023.89998372396,18175.361328125,11780
2019-08-22,18175.361328125,18175.361328125,18175.361328125,18175.361328125,19000
2019-08-23,18175.361328125,18175.361328125,18175.361328125,18175.361328125,0
2019-08-26,18175.361328125,18175.361328125,18175.361328125,18175.361328125,0
2019-08-27,18175.361328125,18175.361328125,18175.361328125,18175.361328125,0
2019-08-28,17077.267578125,17077.267578125,17077.267578125,17077.267578125,10
2019-08-29,15903.44140625,17115.13218005952,15903.44140625,17115.13218005952,1110
2019-08-30,15903.44140625,15903.44140625,15903.44140625,15903.44140625,600
2019-09-02,15903.44140625,15903.44140625,15903.44140625,15903.44140625,0
2019-09-03,15903.44140625,15903.44140625,15903.44140625,15903.44140625,600
2019-09-04,15903.44140625,15903.44140625,15903.44140625,15903.44140625,0
2019-09-05,15146.134765625,15146.134765624998,15146.134765624998,15146.134765624998,700
2019-09-06,15146.134765625,15146.134765624998,15146.134765624998,15146.134765624998,1000
2019-09-09,15146.134765625,15146.134765624998,15146.134765624998,15146.134765624998,0
2019-09-10,15146.134765625,15146.134765624998,15146.134765624998,15146.134765624998,900
2019-09-11,15146.134765625,15146.134765624998,15146.134765624998,15146.134765624998,0
2019-09-12,15146.134765625,15146.134765624998,15146.134765624998,15146.134765624998,0
2019-09-13,15146.134765625,15146.134765624998,15146.134765624998,15146.134765624998,0
2019-09-16,15146.134765625,15146.134765624998,15146.134765624998,15146.134765624998,0
2019-09-17,15146.134765625,15146.134765624998,15146.134765624998,15146.134765624998,0
2019-09-18,15146.134765625,15146.134765624998,15146.134765624998,15146.134765624998,500
2019-09-19,15903.44140625,15903.44140625,15903.44140625,15903.44140625,1000
2019-09-20,16660.748046875,16660.748046875,16660.748046875,16660.748046875,1000
2019-09-23,16660.748046875,16660.748046875,16660.748046875,16660.748046875,0
2019-09-24,16660.748046875,16660.748046875,16660.748046875,16660.748046875,0
2019-09-25,16660.748046875,16660.748046875,16660.748046875,16660.748046875,0
2019-09-26,16660.748046875,16660.748046875,16660.748046875,16660.748046875,0
2019-09-27,16660.748046875,16660.748046875,16660.748046875,16660.748046875,0
2019-09-30,16660.748046875,16660.748046875,16660.748046875,16660.748046875,0
2019-10-01,16660.748046875,16660.748046875,16660.748046875,16660.748046875,0
2019-10-02,16660.748046875,16660.748046875,16660.748046875,16660.748046875,0
2019-10-03,17418.052734375,17418.052734375,17418.052734375,17418.052734375,5590
2019-10-04,17418.052734375,17418.052734375,17418.052734375,17418.052734375,0
2019-10-07,17645.248046875,17645.248046875,17418.056011936696,17418.056011936696,2500
2019-10-08,17645.248046875,17645.248046875,17645.248046875,17645.248046875,0
2019-10-09,17645.248046875,18175.36279506438,17645.248046875,18175.36279506438,1370
2019-10-10,17645.248046875,17645.248046875,17645.248046875,17645.248046875,0
2019-10-11,18175.361328125,18175.361328125,17645.246622721355,17645.246622721355,1500
2019-10-14,17645.248046875,17720.978725187768,17645.248046875,17720.978725187768,200
2019-10-15,16660.748046875,16660.748046875,16660.748046875,16660.748046875,1000
2019-10-16,17418.052734375,17418.052734375,17418.052734375,17418.052734375,1000
2019-10-17,17418.052734375,17418.052734375,17418.052734375,17418.052734375,0
2019-10-18,18554.017578125,18554.017578125,18554.017578125,18554.017578125,3500
2019-10-21,18554.017578125,18554.017578125,18554.017578125,18554.017578125,0
2019-10-22,17493.78515625,17796.70784293831,17493.78515625,17796.70784293831,1000
2019-10-23,17418.052734375,17418.052734375,17418.052734375,17418.052734375,50
2019-10-24,18554.017578125,18554.017578125,18554.017578125,18554.017578125,1000
2019-10-25,18554.017578125,18554.017578125,18554.017578125,18554.017578125,0
2019-10-28,19689.974609375,19689.974609375,19689.974609375,19689.974609375,1020
2019-10-29,19689.974609375,19689.974609375,19689.974609375,19689.974609375,0
2019-10-30,19689.974609375,19689.974609375,19689.974609375,19689.974609375,0
2019-10-31,19689.974609375,19689.974609375,19689.974609375,19689.974609375,0
2019-11-01,19689.974609375,19689.974609375,19689.974609375,19689.974609375,0
2019-11-04,19689.974609375,19689.974609375,19689.974609375,19689.974609375,0
2019-11-05,18478.283203125,18478.283203125,18478.283203125,18478.283203125,10
2019-11-06,17266.59375,19689.97532894737,17266.59375,19689.97532894737,2110
2019-11-07,16282.095703125,16282.095703125,16282.095703125,16282.095703125,500
2019-11-08,16282.095703125,16282.095703125,16282.095703125,16282.095703125,0
2019-11-11,16282.095703125,16282.095703125,16282.095703125,16282.095703125,0
2019-11-12,16282.095703125,16282.095703125,16282.095703125,16282.095703125,0
2019-11-13,16282.095703125,16282.095703125,16282.095703125,16282.095703125,0
2019-11-14,15297.5966796875,15297.5966796875,15297.5966796875,15297.5966796875,1000
2019-11-15,15221.8662109375,15221.866210937498,15221.866210937498,15221.866210937498,2500
2019-11-18,15221.8662109375,15221.866210937498,15221.866210937498,15221.866210937498,0
2019-11-19,15221.8662109375,15221.866210937498,15221.866210937498,15221.866210937498,0
2019-11-20,15221.8662109375,15221.866210937498,15221.866210937498,15221.866210937498,0
2019-11-21,15221.8662109375,15221.866210937498,15221.866210937498,15221.866210937498,0
2019-11-22,15221.8662109375,15221.866210937498,15221.866210937498,15221.866210937498,0
2019-11-25,15221.8662109375,15221.866210937498,15221.866210937498,15221.866210937498,0
2019-11-26,15221.8662109375,15221.866210937498,15221.866210937498,15221.866210937498,0
2019-11-27,15221.8662109375,15221.866210937498,15221.866210937498,15221.866210937498,0
2019-11-28,14237.365234375,14237.365234375,14237.365234375,14237.365234375,3000
2019-11-29,14237.365234375,14237.365234375,14237.365234375,14237.365234375,0
2019-12-02,14237.365234375,14237.365234375,14237.365234375,14237.365234375,0
2019-12-06,17228.7265625,17228.7265625,17228.7265625,17228.7265625,0
2019-12-09,18402.5546875,18402.5546875,18402.5546875,18402.5546875,2720
2019-12-10,18402.5546875,18402.5546875,18402.5546875,18402.5546875,0
2019-12-11,18402.5546875,18402.5546875,18402.5546875,18402.5546875,0
2019-12-12,18402.5546875,18402.5546875,18402.5546875,18402.5546875,0
2019-12-13,18402.5546875,18402.5546875,18402.5546875,18402.5546875,0
2019-12-16,18402.5546875,18402.5546875,18402.5546875,18402.5546875,0
2019-12-17,18402.5546875,18402.5546875,18402.5546875,18402.5546875,0
2019-12-18,18402.5546875,18402.5546875,18402.5546875,18402.5546875,0
2019-12-19,18402.5546875,18402.5546875,18402.5546875,18402.5546875,0
2019-12-20,18402.5546875,18402.5546875,18402.5546875,18402.5546875,0
2019-12-23,18402.5546875,18402.5546875,18402.5546875,18402.5546875,0
2019-12-24,17115.130859375,17115.130859375,17115.130859375,17115.130859375,1200
2019-12-25,17115.130859375,17115.130859375,17115.130859375,17115.130859375,0
2019-12-26,15979.171875,15979.171875,15979.171875,15979.171875,10
2019-12-27,15979.171875,15979.171875,15979.171875,15979.171875,0
2019-12-30,14918.9423828125,14918.942382812498,14918.942382812498,14918.942382812498,10
2019-12-31,15941.306640625,15941.306640625,15941.306640625,15941.306640625,10
2020-01-01,15941.306640625,15941.306640625,15941.306640625,15941.306640625,0
2020-01-02,16660.748046875,16660.748046875,16660.748046875,16660.748046875,50
2020-01-03,16660.748046875,16660.748046875,16660.748046875,16660.748046875,10
2020-01-06,16660.748046875,16660.748046875,16660.748046875,16660.748046875,0
2020-01-07,17796.708984375,17796.708984375,17796.708984375,17796.708984375,1000
2020-01-08,17796.708984375,17796.708984375,17796.708984375,17796.708984375,0
2020-01-09,17418.052734375,17418.052734375,17418.052734375,17418.052734375,60
2020-01-10,17418.052734375,17418.052734375,17418.052734375,17418.052734375,0
2020-01-13,17418.052734375,17418.052734375,17418.052734375,17418.052734375,0
2020-01-14,17418.052734375,17418.052734375,17418.052734375,17418.052734375,0
2020-01-15,17418.052734375,17418.052734375,17418.052734375,17418.052734375,0
2020-01-16,17418.052734375,17418.052734375,17418.052734375,17418.052734375,0
2020-01-17,17418.052734375,17418.052734375,17418.052734375,17418.052734375,0
2020-01-20,17418.052734375,17418.052734375,17418.052734375,17418.052734375,0
2020-01-21,18629.744140625,18629.744140625,18629.744140625,18629.744140625,10
2020-01-22,19841.435546875,19841.435546875,19765.70487684876,19765.70487684876,1030
2020-01-23,19841.435546875,19841.435546875,19841.435546875,19841.435546875,0
2020-01-24,19841.435546875,19841.435546875,19841.435546875,19841.435546875,0
2020-01-27,19841.435546875,19841.435546875,19841.435546875,19841.435546875,0
2020-01-28,19841.435546875,19841.435546875,19841.435546875,19841.435546875,0
2020-01-29,19841.435546875,19841.435546875,19841.435546875,19841.435546875,0
2020-01-30,18516.150390625,18516.150390625,18516.150390625,18516.150390625,10
2020-01-31,18516.150390625,18516.150390625,18516.150390625,18516.150390625,10
2020-02-03,18516.150390625,18516.150390625,18516.150390625,18516.150390625,0
2020-02-04,18516.150390625,18516.150390625,18516.150390625,18516.150390625,0
2020-02-05,18516.150390625,18516.150390625,18516.150390625,18516.150390625,0
2020-02-06,18516.150390625,18516.150390625,18516.150390625,18516.150390625,0
2020-02-07,18516.150390625,18516.150390625,18516.150390625,18516.150390625,0
2020-02-10,18516.150390625,18516.150390625,18516.150390625,18516.150390625,0
2020-02-11,19803.57421875,19803.57421875,18932.67133723709,18932.67133723709,30
2020-02-12,20825.93359375,21166.72159801136,20825.93359375,21166.72159801136,10150
2020-02-13,21204.5859375,21204.5859375,21204.5859375,21204.5859375,30
2020-02-14,21280.318359375,21280.318359375,21280.318359375,21280.318359375,200
2020-02-17,21204.5859375,21204.5859375,21204.5859375,21204.5859375,50
2020-02-18,21204.5859375,21204.5859375,21204.5859375,21204.5859375,0
2020-02-19,21204.5859375,21204.5859375,21204.5859375,21204.5859375,0
2020-02-20,21204.5859375,21204.5859375,21204.5859375,21204.5859375,0
2020-02-21,21204.5859375,21204.5859375,21204.5859375,21204.5859375,0
2020-02-24,22681.3359375,22681.3359375,22643.47060204508,22643.47060204508,10190
2020-02-25,21128.859375,21128.859375,21128.859375,21128.859375,10
2020-02-26,19689.974609375,19689.974609375,19689.974609375,19689.974609375,100
2020-02-27,19689.974609375,19689.974609375,19689.974609375,19689.974609375,0
2020-02-28,20901.6640625,20901.6640625,20901.6640625,20901.6640625,500
2020-03-02,20901.6640625,20901.6640625,20901.6640625,20901.6640625,0
2020-03-03,20901.6640625,20901.6640625,20901.6640625,20901.6640625,0
2020-03-05,20901.6640625,20901.6640625,20901.6640625,20901.6640625,0
2020-03-06,19538.51171875,19538.51171875,19538.51171875,19538.51171875,100
2020-03-09,19538.51171875,19538.51171875,19538.51171875,19538.51171875,0
2020-03-10,19538.51171875,19538.51171875,19538.51171875,19538.51171875,0
2020-03-11,20901.6640625,20901.6640625,20901.6640625,20901.6640625,100
2020-03-12,20901.6640625,20901.6640625,20901.6640625,20901.6640625,0
2020-03-13,21583.2421875,21583.2421875,21583.2421875,21583.2421875,50
2020-03-16,22113.359375,22113.359375,21583.24459546233,21583.24459546233,1510
2020-03-17,23476.51171875,23627.97308467742,23476.51171875,23627.97308467742,90
2020-03-18,23476.51171875,23476.51171875,23476.51171875,23476.51171875,0
2020-03-19,21848.296875,21848.296875,21848.296875,21848.296875,10
2020-03-20,21848.296875,21848.296875,21848.296875,21848.296875,0
2020-03-23,21848.296875,21848.296875,21848.296875,21848.296875,0
2020-03-24,21848.296875,21848.296875,21848.296875,21848.296875,0
2020-03-25,21848.296875,21848.296875,21848.296875,21848.296875,0
2020-03-26,21848.296875,21848.296875,21848.296875,21848.296875,0
2020-03-27,21848.296875,21848.296875,21848.296875,21848.296875,0
2020-03-30,20333.685546875,20333.685546875,20333.685546875,20333.685546875,10
2020-03-31,20333.685546875,20333.685546875,18932.66810695996,18932.66810695996,1550
2020-04-01,20333.685546875,20333.685546875,20333.685546875,20333.685546875,0
2020-04-02,20333.685546875,20333.685546875,20333.685546875,20333.685546875,0
2020-04-03,20333.685546875,20333.685546875,20333.685546875,20333.685546875,0
2020-04-06,20333.685546875,20333.685546875,20333.685546875,20333.685546875,0
2020-04-07,19311.32421875,19311.32421875,19311.32421875,19311.32421875,1000
2020-04-08,19311.32421875,19311.32421875,19311.32421875,19311.32421875,0
2020-04-09,19311.32421875,19311.32421875,19311.32421875,19311.32421875,0
2020-04-10,20371.55078125,20371.55078125,20371.55078125,20371.55078125,40
2020-04-13,20371.55078125,20371.55078125,20371.55078125,20371.55078125,30
2020-04-14,19121.99609375,19121.99609375,19121.99609375,19121.99609375,10
2020-04-15,19121.99609375,19121.99609375,19121.99609375,19121.99609375,0
2020-04-16,20447.279296875,20447.279296875,20447.279296875,20447.279296875,10
2020-04-17,20447.279296875,20447.279296875,20447.279296875,20447.279296875,0
2020-04-20,20447.279296875,20447.279296875,20447.279296875,20447.279296875,0
2020-04-21,20447.279296875,20825.9326171875,20447.279296875,20825.9326171875,1060
2020-04-22,21204.5859375,21848.29658203125,21204.5859375,21848.29658203125,120
2020-04-23,21204.5859375,21204.5859375,21204.5859375,21204.5859375,0
2020-04-24,21204.5859375,21204.5859375,21204.5859375,21204.5859375,0
2020-04-27,21204.5859375,21204.5859375,21204.5859375,21204.5859375,0
2020-04-28,21204.5859375,21204.5859375,21204.5859375,21204.5859375,0
2020-04-29,21204.5859375,21204.5859375,21204.5859375,21204.5859375,0
2020-04-30,21204.5859375,21204.5859375,21204.5859375,21204.5859375,0
2020-05-01,21204.5859375,21204.5859375,21204.5859375,21204.5859375,0
2020-05-04,21204.5859375,21204.5859375,21204.5859375,21204.5859375,0
2020-05-05,21204.5859375,21204.5859375,21204.5859375,21204.5859375,0
2020-05-06,21204.5859375,21204.5859375,21204.5859375,21204.5859375,0
2020-05-07,20068.630859375,20068.630859375,20068.630859375,20068.630859375,130
2020-05-08,20825.93359375,20825.93359375,18932.66690340909,18932.66690340909,230
2020-05-11,20106.4921875,20825.933527542373,19727.83885063559,19727.83885063559,50
2020-05-12,20106.4921875,20106.4921875,20106.4921875,20106.4921875,0
2020-05-13,19689.974609375,20825.934682992785,19689.974609375,20825.934682992785,20
2020-05-14,19689.974609375,20447.28132512019,19689.974609375,20447.28132512019,30
2020-05-15,19689.974609375,19689.974609375,19689.974609375,19689.974609375,0
2020-05-18,19689.974609375,19689.974609375,19689.974609375,19689.974609375,0
2020-05-19,19689.974609375,19689.974609375,19689.974609375,19689.974609375,0
2020-05-20,19689.974609375,19689.974609375,19689.974609375,19689.974609375,0
2020-05-21,19689.974609375,19689.974609375,19689.974609375,19689.974609375,0
2020-05-22,19689.974609375,19689.974609375,19689.974609375,19689.974609375,0
2020-05-25,20447.279296875,20447.279296875,20447.279296875,20447.279296875,5880
2020-05-26,20825.93359375,20825.93359375,20447.280255681817,20447.280255681817,1570
2020-05-27,19387.052734375,19387.052734375,19387.052734375,19387.052734375,100
2020-05-28,19689.974609375,19689.974609375,19689.974609375,19689.974609375,10
2020-05-29,19689.974609375,19689.974609375,19689.974609375,19689.974609375,6000
2020-06-01,19689.974609375,19689.974609375,19689.974609375,19689.974609375,5000
2020-06-02,19689.974609375,19689.974609375,19689.974609375,19689.974609375,10000
2020-06-03,19689.974609375,19689.974609375,18326.822521033653,19689.974609375,20030
2020-06-04,18932.66796875,21053.12678125,18326.82259375,18326.82259375,580
2020-06-05,20068.630859375,20068.630859375,20068.630859375,20068.630859375,10
2020-06-08,20068.630859375,20068.630859375,20068.630859375,20068.630859375,0
2020-06-09,20068.630859375,20068.630859375,20068.630859375,20068.630859375,0
2020-06-10,20068.630859375,20068.630859375,20068.630859375,20068.630859375,0
2020-06-11,20068.630859375,20068.630859375,20068.630859375,20068.630859375,0
2020-06-12,18667.611328125,18667.611328125,18667.611328125,18667.611328125,10
2020-06-15,18667.611328125,18667.611328125,18667.611328125,18667.611328125,500
2020-06-16,18667.611328125,18667.611328125,18667.611328125,18667.611328125,50
2020-06-17,18667.611328125,18667.611328125,18667.611328125,18667.611328125,0
2020-06-18,18667.611328125,18667.611328125,18667.611328125,18667.611328125,0
2020-06-19,18667.611328125,18667.611328125,18667.611328125,18667.611328125,0
2020-06-22,18667.611328125,18667.611328125,18667.611328125,18667.611328125,0
2020-06-23,18667.611328125,18667.611328125,18667.611328125,18667.611328125,0
2020-06-24,18667.611328125,18667.611328125,18667.611328125,18667.611328125,0
2020-06-25,18932.66796875,18932.66796875,18932.66796875,18932.66796875,10000
2020-06-26,17607.3828125,17607.3828125,17607.3828125,17607.3828125,10
2020-06-29,17607.3828125,17607.3828125,17607.3828125,17607.3828125,0
2020-06-30,17607.3828125,17607.3828125,17607.3828125,17607.3828125,0
2020-07-01,17607.3828125,17607.3828125,17607.3828125,17607.3828125,0
2020-07-02,17607.3828125,17607.3828125,17607.3828125,17607.3828125,0
2020-07-03,17607.3828125,17607.3828125,17607.3828125,17607.3828125,0
2020-07-06,18288.95703125,18288.95703125,18288.95703125,18288.95703125,10
2020-07-07,19387.052734375,19387.052734375,19387.052734375,19387.052734375,1040
2020-07-08,19387.052734375,19387.052734375,19387.052734375,19387.052734375,0
2020-07-09,19387.052734375,19387.052734375,19387.052734375,19387.052734375,0
2020-07-10,19387.052734375,19387.052734375,19387.052734375,19387.052734375,0
2020-07-13,19387.052734375,19387.052734375,19387.052734375,19387.052734375,0
2020-07-14,19387.052734375,19387.052734375,19387.052734375,19387.052734375,0
2020-07-15,19387.052734375,19387.052734375,19387.052734375,19387.052734375,0
2020-07-16,19387.052734375,19387.052734375,19387.052734375,19387.052734375,0
2020-07-17,19387.052734375,19387.052734375,19387.052734375,19387.052734375,0
2020-07-20,19387.052734375,19387.052734375,19387.052734375,19387.052734375,0
2020-07-21,19387.052734375,19387.052734375,19387.052734375,19387.052734375,0
2020-07-22,19387.052734375,19387.052734375,19387.052734375,19387.052734375,0
2020-07-23,20216.234375,20216.234375,20216.234375,20216.234375,0
2020-07-24,20216.234375,20216.234375,20216.234375,20216.234375,0
2020-07-27,20216.234375,20216.234375,20216.234375,20216.234375,0
2020-07-28,20216.234375,20216.234375,20216.234375,20216.234375,0
2020-07-29,19229.115234375,19229.115234375,19229.115234375,19229.115234375,120
2020-07-30,19229.115234375,19229.115234375,19229.115234375,19229.115234375,0
2020-07-31,19229.115234375,19229.115234375,19229.115234375,19229.115234375,0
2020-08-03,19229.115234375,19229.115234375,19229.115234375,19229.115234375,0
2020-08-04,19229.115234375,19229.115234375,19229.115234375,19229.115234375,0
2020-08-05,19229.115234375,19229.115234375,19229.115234375,19229.115234375,0
2020-08-06,19229.115234375,19229.115234375,19229.115234375,19229.115234375,0
2020-08-07,19229.115234375,19229.115234375,19229.115234375,19229.115234375,0
2020-08-10,19229.115234375,19229.115234375,19229.115234375,19229.115234375,0
2020-08-11,19229.115234375,19229.115234375,19229.115234375,19229.115234375,0
2020-08-12,20532.11328125,20532.11328125,20532.11328125,20532.11328125,10
2020-08-13,20532.11328125,20532.11328125,20532.11328125,20532.11328125,10
2020-08-14,20532.11328125,20532.11328125,20532.11328125,20532.11328125,0
2020-08-17,20532.11328125,20532.11328125,20532.11328125,20532.11328125,0
2020-08-18,20532.11328125,20532.11328125,20532.11328125,20532.11328125,0
2020-08-19,20532.11328125,20532.11328125,20532.11328125,20532.11328125,0
2020-08-20,20532.11328125,20532.11328125,20532.11328125,20532.11328125,0
2020-08-21,20532.11328125,20532.11328125,20532.11328125,20532.11328125,0
2020-08-24,20532.11328125,20532.11328125,20532.11328125,20532.11328125,0
2020-08-25,21637.6875,21637.6875,21637.6875,21637.6875,100
2020-08-26,21637.6875,21637.6875,21637.6875,21637.6875,0
2020-08-27,21637.6875,21637.6875,21637.6875,21637.6875,0
2020-08-28,21637.6875,21637.6875,21637.6875,21637.6875,0
2020-08-31,23138.111328125,23138.111328125,20137.264125159985,20137.264125159985,60
2020-09-01,23138.111328125,23138.111328125,23138.111328125,23138.111328125,0
2020-09-02,23138.111328125,23138.111328125,23138.111328125,23138.111328125,0
2020-09-03,23138.111328125,23138.111328125,23138.111328125,23138.111328125,0
2020-09-04,21519.232421875,21519.232421875,21519.232421875,21519.232421875,10
2020-09-07,22585.32421875,22585.32421875,22585.32421875,22585.32421875,10
2020-09-08,21005.9296875,21005.9296875,21005.9296875,21005.9296875,50
2020-09-09,19584.474609375,19584.474609375,19584.474609375,19584.474609375,10
2020-09-10,19268.599609375,19268.599609375,18952.7209272541,18952.7209272541,30
2020-09-11,19268.599609375,19268.599609375,19268.599609375,19268.599609375,0
2020-09-14,19268.599609375,19268.599609375,19268.599609375,19268.599609375,0
2020-09-15,19347.568359375,19347.568359375,19308.08352598852,19308.08352598852,2800
2020-09-16,19347.568359375,19347.568359375,19347.568359375,19347.568359375,0
2020-09-17,19347.568359375,19347.568359375,19347.568359375,19347.568359375,0
2020-09-18,18952.71875,18952.71875,18952.71875,18952.71875,100
2020-09-21,18952.71875,18952.71875,18952.71875,18952.71875,0
2020-09-22,18952.71875,18952.71875,18952.71875,18952.71875,0
2020-09-23,18952.71875,18952.71875,18952.71875,18952.71875,0
2020-09-24,18952.71875,18952.71875,18952.71875,18952.71875,0
2020-09-25,18952.71875,18952.71875,18952.71875,18952.71875,0
2020-09-28,18952.71875,18952.71875,18952.71875,18952.71875,0
2020-09-29,18952.71875,18952.71875,18952.71875,18952.71875,0
2020-09-30,19742.416015625,19742.416015625,19742.416015625,19742.416015625,50
2020-10-01,19742.416015625,19742.416015625,19742.416015625,19742.416015625,20
2020-10-02,19742.416015625,19742.416015625,19742.416015625,19742.416015625,0
2020-10-05,19742.416015625,19742.416015625,19742.416015625,19742.416015625,0
2020-10-06,19742.416015625,19742.416015625,19742.416015625,19742.416015625,0
2020-10-07,18952.71875,18952.71875,18952.71875,18952.71875,40
2020-10-08,18952.71875,18952.71875,18952.71875,18952.71875,3500
2020-10-09,18952.71875,18952.71875,18952.71875,18952.71875,0
2020-10-12,18952.71875,18952.71875,18952.71875,18952.71875,0
2020-10-13,18952.71875,18952.71875,18952.71875,18952.71875,0
2020-10-14,18952.71875,18952.71875,18952.71875,18952.71875,0
2020-10-15,18952.71875,18952.71875,18952.71875,18952.71875,0
2020-10-16,18952.71875,18952.71875,18952.71875,18952.71875,0
2020-10-19,18952.71875,18952.71875,18952.71875,18952.71875,0
2020-10-20,18952.71875,18952.71875,18952.71875,18952.71875,0
2020-10-21,18952.71875,18952.71875,18952.71875,18952.71875,1500
2020-10-22,18952.71875,18952.71875,18952.71875,18952.71875,0
2020-10-23,18952.71875,18952.71875,18952.71875,18952.71875,60
2020-10-26,18952.71875,18952.71875,18952.71875,18952.71875,0
2020-10-27,18952.71875,18952.71875,18952.71875,18952.71875,0
2020-10-28,18952.71875,18952.71875,18952.71875,18952.71875,0
2020-10-29,18952.71875,18952.71875,18952.71875,18952.71875,0
2020-10-30,18952.71875,18952.71875,18952.71875,18952.71875,80
2020-11-02,18952.71875,18952.71875,18952.71875,18952.71875,0
2020-11-03,18952.71875,18952.71875,18952.71875,18952.71875,0
2020-11-04,18952.71875,18952.71875,18952.71875,18952.71875,0
2020-11-05,20137.265625,20137.265625,20137.265625,20137.265625,10
2020-11-06,20137.265625,20137.265625,20137.265625,20137.265625,0
2020-11-09,20137.265625,20137.265625,20137.265625,20137.265625,0
2020-11-10,20137.265625,20137.265625,20137.265625,20137.265625,0
2020-11-11,20137.265625,20137.265625,20137.265625,20137.265625,0
2020-11-12,20137.265625,20137.265625,20137.265625,20137.265625,0
2020-11-13,20137.265625,20137.265625,20137.265625,20137.265625,0
2020-11-16,20137.265625,20137.265625,20137.265625,20137.265625,0
2020-11-17,20137.265625,20137.265625,20137.265625,20137.265625,0
2020-11-18,20137.265625,20137.265625,20137.265625,20137.265625,0
2020-11-19,20137.265625,20137.265625,20137.265625,20137.265625,0
2020-11-20,20137.265625,20137.265625,20137.265625,20137.265625,0
2020-11-23,20137.265625,20137.265625,20137.265625,20137.265625,0
2020-11-24,20137.265625,20137.265625,20137.265625,20137.265625,0
2020-11-25,20137.265625,20137.265625,20137.265625,20137.265625,0
2020-11-26,20137.265625,20137.265625,20137.265625,20137.265625,0
2020-11-27,20137.265625,20137.265625,20137.265625,20137.265625,0
2020-11-30,20137.265625,20137.265625,20137.265625,20137.265625,0
2020-12-01,20137.265625,20137.265625,20137.265625,20137.265625,0
2020-12-02,20137.265625,20137.265625,20137.265625,20137.265625,0
2020-12-03,20137.265625,20137.265625,20137.265625,20137.265625,0
2020-12-04,20137.265625,20137.265625,20137.265625,20137.265625,0
2020-12-07,20137.265625,20137.265625,20137.265625,20137.265625,0
2020-12-08,20137.265625,20137.265625,20137.265625,20137.265625,30
2020-12-09,20137.265625,20137.265625,20137.265625,20137.265625,0
2020-12-10,20137.265625,20137.265625,20137.265625,20137.265625,0
2020-12-11,20137.265625,20137.265625,20137.265625,20137.265625,10
2020-12-14,20137.265625,20137.265625,20137.265625,20137.265625,0
2020-12-15,19742.416015625,19742.416015625,19742.416015625,19742.416015625,30
2020-12-16,19742.416015625,19742.416015625,19742.416015625,19742.416015625,0
2020-12-17,18360.447265625,18360.447265625,18360.447265625,18360.447265625,60
2020-12-18,18163.01953125,18163.01953125,18163.01953125,18163.01953125,130
2020-12-21,18163.01953125,18163.01953125,18163.01953125,18163.01953125,20
2020-12-22,18163.01953125,18163.01953125,18163.01953125,18163.01953125,0
2020-12-23,17412.80859375,17412.80859375,17412.80859375,17412.80859375,100
2020-12-24,17412.80859375,17412.80859375,17412.80859375,17412.80859375,0
2020-12-25,17412.80859375,17412.80859375,17412.80859375,17412.80859375,0
2020-12-28,18597.3515625,18597.3515625,17412.806876990446,17412.806876990446,2530
2020-12-29,18597.3515625,18597.3515625,18597.3515625,18597.3515625,0
2020-12-30,18952.71875,18952.71875,17491.78001302083,18873.749088541663,1550
2020-12-31,20255.71484375,20255.71484375,17689.201267056527,20255.71484375,1090
2021-01-01,20255.71484375,20255.71484375,20255.71484375,20255.71484375,0
2021-01-04,18952.71875,20532.111979166664,18952.71875,20532.111979166664,30
2021-01-05,18952.71875,18952.71875,18952.71875,18952.71875,0
2021-01-06,18952.71875,18952.71875,18952.71875,18952.71875,0
2021-01-07,19742.416015625,19742.416015625,19742.416015625,19742.416015625,400
2021-01-08,18399.931640625,18399.931640625,18399.931640625,18399.931640625,10
2021-01-11,19663.447265625,19663.447265625,17373.32690135542,18399.93258189006,680
2021-01-12,20137.265625,20137.265625,18320.96323529412,18320.96323529412,20
2021-01-13,20137.265625,20137.265625,20137.265625,20137.265625,0
2021-01-14,20532.11328125,20532.11328125,18794.780618990382,18794.780618990382,90
2021-01-15,20926.9609375,20926.9609375,19189.628331367923,20690.05194575472,80
2021-01-18,21321.80859375,21321.80859375,21321.80859375,21321.80859375,20
2021-01-19,21479.74609375,21479.74609375,21321.80678423713,21321.80678423713,710
2021-01-20,20058.29296875,20058.29296875,20058.29296875,20058.29296875,10
2021-01-21,20926.9609375,20926.9609375,18715.81034787736,18715.81034787736,30
2021-01-22,21321.80859375,21321.80859375,20926.96028645833,20926.96028645833,970
2021-01-25,21321.80859375,21321.80859375,21321.80859375,21321.80859375,50
2021-01-26,21321.80859375,21321.80859375,20611.081640625,20611.081640625,60
2021-01-27,21321.80859375,21321.80859375,21321.80859375,21321.80859375,0
2021-01-28,21321.80859375,21321.80859375,21321.80859375,21321.80859375,240
2021-01-29,21321.80859375,21321.80859375,21321.80859375,21321.80859375,10
2021-02-01,21321.80859375,21321.80859375,21321.80859375,21321.80859375,0
2021-02-02,19900.35546875,21321.80943080357,19900.35546875,21321.80943080357,510
2021-02-03,19900.35546875,19900.35546875,19900.35546875,19900.35546875,100
2021-02-04,19900.35546875,19900.35546875,19900.35546875,19900.35546875,0
2021-02-05,19900.35546875,19900.35546875,19900.35546875,19900.35546875,0
2021-02-08,19900.35546875,19900.35546875,19900.35546875,19900.35546875,0
2021-02-09,19900.35546875,19900.35546875,19900.35546875,19900.35546875,0
2021-02-10,19900.35546875,19900.35546875,19900.35546875,19900.35546875,0
2021-02-11,19900.35546875,19900.35546875,19900.35546875,19900.35546875,0
2021-02-12,19900.35546875,19900.35546875,19900.35546875,19900.35546875,0
2021-02-15,19900.35546875,19900.35546875,19900.35546875,19900.35546875,0
2021-02-16,19900.35546875,19900.35546875,19900.35546875,19900.35546875,0
2021-02-17,19900.35546875,19900.35546875,19900.35546875,19900.35546875,0
2021-02-18,19900.35546875,19900.35546875,19900.35546875,19900.35546875,0
2021-02-19,19900.35546875,19900.35546875,19900.35546875,19900.35546875,0
2021-02-22,17412.80859375,18952.716836734693,17412.80859375,18952.716836734693,20
2021-02-23,17412.80859375,17412.80859375,17412.80859375,17412.80859375,0
2021-02-24,17412.80859375,17412.80859375,17412.80859375,17412.80859375,0
2021-02-25,18557.869140625,18557.869140625,16702.0822265625,16702.0822265625,30
2021-02-26,18557.869140625,18557.869140625,18557.869140625,18557.869140625,0
2021-03-01,18557.869140625,18557.869140625,18557.869140625,18557.869140625,0
2021-03-02,18557.869140625,18557.869140625,18557.869140625,18557.869140625,0
2021-03-03,17294.35546875,17294.35546875,17294.35546875,17294.35546875,10
2021-03-04,17294.35546875,17294.35546875,17294.35546875,17294.35546875,0
2021-03-05,17294.35546875,17294.35546875,17294.35546875,17294.35546875,0
2021-03-08,16623.11328125,16623.11328125,16623.11328125,16623.11328125,10
2021-03-09,16702.083984375,16702.083984375,16702.083984375,16702.083984375,20
2021-03-10,16702.083984375,16702.083984375,16702.083984375,16702.083984375,0
2021-03-11,16583.626953125,16583.626953125,16583.626953125,16583.626953125,10
2021-03-12,16583.626953125,16583.626953125,16583.626953125,16583.626953125,0
2021-03-15,16583.626953125,16583.626953125,16583.626953125,16583.626953125,0
2021-03-16,16583.626953125,16583.626953125,16583.626953125,16583.626953125,0
2021-03-17,16583.626953125,16583.626953125,16583.626953125,16583.626953125,0
2021-03-18,16583.626953125,16583.626953125,16583.626953125,16583.626953125,0
2021-03-19,16583.626953125,16583.626953125,16583.626953125,16583.626953125,0
2021-03-22,16583.626953125,16583.626953125,16583.626953125,16583.626953125,0
2021-03-23,17728.689453125,17728.689453125,17728.689453125,17728.689453125,10
2021-03-24,18952.71875,18952.71875,18952.71875,18952.71875,40
2021-03-25,20255.71484375,20255.71484375,20255.71484375,20255.71484375,30
2021-03-26,21637.6875,21637.6875,21637.6875,21637.6875,350
2021-03-29,23138.111328125,23138.111328125,23138.111328125,23138.111328125,40
2021-03-30,24756.990234375,24756.990234375,24717.50540146531,24756.990234375,70
2021-03-31,26454.8359375,26454.8359375,25270.29104477612,25270.29104477612,410
2021-04-01,24875.443359375,28271.138802083333,24638.534375,28271.138802083333,130
2021-04-02,26533.80859375,26612.77826218378,23138.11285109747,26612.77826218378,260
2021-04-05,24678.01953125,24678.01953125,24678.01953125,24678.01953125,110
2021-04-06,22980.171875,22980.171875,22980.171875,22980.171875,20
2021-04-07,21479.74609375,21479.74609375,21479.74609375,21479.74609375,30
2021-04-08,19979.32421875,20216.233201581028,19979.32421875,20216.233201581028,50
2021-04-09,21321.80859375,21321.80859375,20769.020963541665,20769.020963541665,20
2021-04-12,21716.65625,21716.65625,21400.777613636365,21400.777613636365,20
2021-04-13,21716.65625,21716.65625,21716.65625,21716.65625,10
2021-04-14,21716.65625,21716.65625,21716.65625,21716.65625,0
2021-04-15,20216.234375,20216.234375,20216.234375,20216.234375,20
2021-04-16,20216.234375,20216.234375,20216.234375,20216.234375,0
2021-04-19,21598.205078125,21598.205078125,21558.720242516,21558.720242516,30
2021-04-20,22901.205078125,22901.205078125,22822.23540544181,22822.23540544181,150
2021-04-21,22901.205078125,22901.205078125,22901.205078125,22901.205078125,0
2021-04-22,22901.205078125,22901.205078125,22901.205078125,22901.205078125,1100
2021-04-23,24085.748046875,24085.748046875,24085.748046875,24085.748046875,50
2021-04-26,25744.11328125,25744.11328125,25744.11328125,25744.11328125,540
2021-04-27,25744.11328125,25744.11328125,25744.11328125,25744.11328125,0
2021-04-28,23967.291015625,26454.83522317752,23967.291015625,23967.291015625,220
2021-04-29,25270.29296875,25270.29296875,25270.29296875,25270.29296875,140
2021-04-30,25270.29296875,25270.29296875,25270.29296875,25270.29296875,0
2021-05-03,25270.29296875,25270.29296875,25270.29296875,25270.29296875,0
2021-05-04,25270.29296875,25270.29296875,25270.29296875,25270.29296875,0
2021-05-05,25270.29296875,25270.29296875,25270.29296875,25270.29296875,0
2021-05-06,25270.29296875,25270.29296875,25270.29296875,25270.29296875,0
2021-05-07,25270.29296875,25270.29296875,25270.29296875,25270.29296875,0
2021-05-10,26454.8359375,26454.8359375,26454.8359375,26454.8359375,20
2021-05-11,24717.50390625,24717.50390625,24717.50390625,24717.50390625,10
2021-05-12,24717.50390625,24717.50390625,24717.50390625,24717.50390625,0
2021-05-13,24796.47265625,24796.47265625,24796.47265625,24796.47265625,10
2021-05-14,24796.47265625,24796.47265625,24796.47265625,24796.47265625,0
2021-05-17,24796.47265625,24796.47265625,24796.47265625,24796.47265625,0
2021-05-18,23138.111328125,23138.111328125,23138.111328125,23138.111328125,30
2021-05-19,23138.111328125,23138.111328125,23138.111328125,23138.111328125,0
2021-05-20,24756.990234375,24756.990234375,24756.990234375,24756.990234375,200
2021-05-21,24756.990234375,24756.990234375,24756.990234375,24756.990234375,0
2021-05-24,24756.990234375,24756.990234375,24756.990234375,24756.990234375,0
2021-05-25,24717.50390625,24717.50390625,24717.50390625,24717.50390625,10
2021-05-26,24717.50390625,24717.50390625,24717.50390625,24717.50390625,0
2021-05-27,24717.50390625,24717.50390625,24717.50390625,24717.50390625,0
2021-05-28,23059.140625,23059.140625,23059.140625,23059.140625,10
2021-05-31,23059.140625,23059.140625,23059.140625,23059.140625,0
2021-06-01,23059.140625,23059.140625,23059.140625,23059.140625,0
2021-06-02,24047.390625,24047.390625,24047.390625,24047.390625,0
2021-06-03,24047.390625,24047.390625,24047.390625,24047.390625,0
2021-06-04,24047.390625,24047.390625,24047.390625,24047.390625,0
2021-06-07,24047.390625,24047.390625,24047.390625,24047.390625,0
2021-06-08,24047.390625,24047.390625,24047.390625,24047.390625,0
2021-06-09,24665.044921875,24665.044921875,24665.044921875,24665.044921875,500
2021-06-10,24665.044921875,24665.044921875,24665.044921875,24665.044921875,0
2021-06-11,24665.044921875,24665.044921875,24665.044921875,24665.044921875,0
2021-06-14,26353.3046875,26353.3046875,24665.04610595703,24665.04610595703,6900
2021-06-15,26394.48046875,28165.093043096724,26394.48046875,26765.07379826443,3400
2021-06-16,26394.48046875,26394.48046875,26394.48046875,26394.48046875,0
2021-06-17,26394.48046875,26394.48046875,26394.48046875,26394.48046875,0
2021-06-18,26394.48046875,26394.48046875,26394.48046875,26394.48046875,0
2021-06-21,26394.48046875,26394.48046875,26394.48046875,26394.48046875,0
2021-06-22,26394.48046875,26394.48046875,26394.48046875,26394.48046875,0
2021-06-23,26394.48046875,26394.48046875,26394.48046875,26394.48046875,0
2021-06-24,26394.48046875,26394.48046875,26394.48046875,26394.48046875,0
2021-06-25,26394.48046875,26394.48046875,26394.48046875,26394.48046875,0
2021-06-28,26394.48046875,26394.48046875,26394.48046875,26394.48046875,0
2021-06-29,24706.22265625,24706.22265625,24706.22265625,24706.22265625,300
2021-06-30,24706.22265625,24706.22265625,24706.22265625,24706.22265625,0
2021-07-01,24706.22265625,24706.22265625,24706.22265625,24706.22265625,0
2021-07-02,24706.22265625,24706.22265625,24706.22265625,24706.22265625,0
2021-07-05,24706.22265625,24706.22265625,24706.22265625,24706.22265625,0
2021-07-06,24706.22265625,24706.22265625,24706.22265625,24706.22265625,0
2021-07-07,24706.22265625,24706.22265625,24706.22265625,24706.22265625,0
2021-07-08,24706.22265625,24706.22265625,24706.22265625,24706.22265625,0
2021-07-09,24706.22265625,24706.22265625,24706.22265625,24706.22265625,0
2021-07-12,24706.22265625,24706.22265625,24706.22265625,24706.22265625,0
2021-07-13,24706.22265625,24706.22265625,24706.22265625,24706.22265625,0
2021-07-14,24706.22265625,24706.22265625,24706.22265625,24706.22265625,0
2021-07-15,24706.22265625,24706.22265625,24706.22265625,24706.22265625,0
2021-07-16,24706.22265625,24706.22265625,24706.22265625,24706.22265625,0
2021-07-19,24706.22265625,24706.22265625,24706.22265625,24706.22265625,5100
2021-07-20,24706.22265625,24706.22265625,24706.22265625,24706.22265625,0
2021-07-21,24706.22265625,24706.22265625,24706.22265625,24706.22265625,0
2021-07-22,24706.22265625,24706.22265625,24706.22265625,24706.22265625,0
2021-07-23,24706.22265625,24706.22265625,24706.22265625,24706.22265625,0
2021-07-26,24706.22265625,24706.22265625,24706.22265625,24706.22265625,0
2021-07-27,24706.22265625,24706.22265625,24706.22265625,24706.22265625,0
2021-07-28,24706.22265625,24706.22265625,24706.22265625,24706.22265625,0
2021-07-29,24706.22265625,24706.22265625,24706.22265625,24706.22265625,0
2021-07-30,24706.22265625,24706.22265625,24706.22265625,24706.22265625,0
2021-08-02,24706.22265625,24706.22265625,24706.22265625,24706.22265625,0
2021-08-03,24706.22265625,24706.22265625,24706.22265625,24706.22265625,0
2021-08-04,24706.22265625,24706.22265625,24706.22265625,24706.22265625,0
2021-08-05,24706.22265625,24706.22265625,24706.22265625,24706.22265625,0
2021-08-06,24706.22265625,24706.22265625,24706.22265625,24706.22265625,0
2021-08-09,24706.22265625,24706.22265625,24706.22265625,24706.22265625,0
2021-08-10,24706.22265625,24706.22265625,24706.22265625,24706.22265625,0
2021-08-11,24706.22265625,24706.22265625,24706.22265625,24706.22265625,0
2021-08-12,24706.22265625,24706.22265625,24706.22265625,24706.22265625,0
2021-08-13,24706.22265625,24706.22265625,24706.22265625,24706.22265625,0
2021-08-16,24582.69140625,24582.69140625,24582.69140625,24582.69140625,100
2021-08-17,24582.69140625,24582.69140625,24582.69140625,24582.69140625,0
2021-08-18,25529.765625,26270.95236895161,25529.765625,26270.95236895161,1600
2021-08-19,25529.765625,25529.765625,25529.765625,25529.765625,0
2021-08-20,25529.765625,25529.765625,25529.765625,25529.765625,0
2021-08-23,25529.765625,25529.765625,25529.765625,25529.765625,0
2021-08-24,21082.64453125,21082.64453125,21082.64453125,21082.64453125,100
2021-08-25,21082.64453125,21082.64453125,21082.64453125,21082.64453125,0
2021-08-26,21082.64453125,21082.64453125,21082.64453125,21082.64453125,0
2021-08-27,21082.64453125,21082.64453125,21082.64453125,21082.64453125,0
2021-08-30,21082.64453125,21082.64453125,21082.64453125,21082.64453125,0
2021-08-31,21082.64453125,21082.64453125,21082.64453125,21082.64453125,0
2021-09-01,21082.64453125,21082.64453125,21082.64453125,21082.64453125,0
2021-09-02,21082.64453125,21082.64453125,21082.64453125,21082.64453125,0
2021-09-03,21082.64453125,21082.64453125,21082.64453125,21082.64453125,0
2021-09-06,21082.64453125,21082.64453125,21082.64453125,21082.64453125,0
2021-09-07,21082.64453125,21082.64453125,21082.64453125,21082.64453125,0
2021-09-08,21082.64453125,21082.64453125,21082.64453125,21082.64453125,0
2021-09-09,21082.64453125,21082.64453125,21082.64453125,21082.64453125,0
2021-09-10,21082.64453125,21082.64453125,21082.64453125,21082.64453125,0
2021-09-13,21082.64453125,21082.64453125,21082.64453125,21082.64453125,0
2021-09-14,21082.64453125,21082.64453125,21082.64453125,21082.64453125,0
2021-09-15,21082.64453125,21082.64453125,21082.64453125,21082.64453125,0
2021-09-16,23882.68359375,23882.68359375,23882.68359375,23882.68359375,2000
2021-09-17,23882.68359375,23882.68359375,23882.68359375,23882.68359375,0
2021-09-20,23882.68359375,23882.68359375,23882.68359375,23882.68359375,0
2021-09-21,23882.68359375,23882.68359375,23882.68359375,23882.68359375,0
2021-09-22,23882.68359375,23882.68359375,23882.68359375,23882.68359375,0
2021-09-23,23882.68359375,23882.68359375,23882.68359375,23882.68359375,0
2021-09-24,23882.68359375,23882.68359375,23882.68359375,23882.68359375,0
2021-09-27,23882.68359375,23882.68359375,23882.68359375,23882.68359375,0
2021-09-28,23882.68359375,23882.68359375,23882.68359375,23882.68359375,0
2021-09-29,22647.37109375,25529.76377840909,22647.37109375,24706.22301136364,4100
2021-09-30,22647.37109375,22647.37109375,22647.37109375,22647.37109375,0
2021-10-01,22647.37109375,22647.37109375,22647.37109375,22647.37109375,0
2021-10-04,22647.37109375,22647.37109375,22647.37109375,22647.37109375,0
2021-10-05,22647.37109375,22647.37109375,22647.37109375,22647.37109375,0
2021-10-06,22647.37109375,22647.37109375,22647.37109375,22647.37109375,0
2021-10-07,22647.37109375,22647.37109375,22647.37109375,22647.37109375,0
2021-10-08,22647.37109375,22647.37109375,22647.37109375,22647.37109375,0
2021-10-11,22647.37109375,22647.37109375,22647.37109375,22647.37109375,0
2021-10-12,24212.09765625,24212.09765625,24212.09765625,24212.09765625,1300
2021-10-13,25900.357421875,25900.357421875,25900.357421875,25900.357421875,1000
2021-10-14,25900.357421875,25900.357421875,25900.357421875,25900.357421875,0
2021-10-15,25900.357421875,25900.357421875,25900.357421875,25900.357421875,0
2021-10-18,25900.357421875,25900.357421875,25900.357421875,25900.357421875,0
2021-10-19,25900.357421875,25900.357421875,25900.357421875,25900.357421875,0
2021-10-20,24706.22265625,24706.22265625,24706.22265625,24706.22265625,1500
2021-10-21,24706.22265625,24706.22265625,24706.22265625,24706.22265625,0
2021-10-22,24706.22265625,24706.22265625,24706.22265625,24706.22265625,0
2021-10-25,24706.22265625,24706.22265625,24706.22265625,24706.22265625,0
2021-10-26,24706.22265625,24706.22265625,24706.22265625,24706.22265625,0
2021-10-27,24706.22265625,24706.22265625,24706.22265625,24706.22265625,0
2021-10-28,24706.22265625,24706.22265625,24706.22265625,24706.22265625,0
2021-10-29,24706.22265625,24706.22265625,24706.22265625,24706.22265625,0
2021-11-01,24706.22265625,24706.22265625,24706.22265625,24706.22265625,0
2021-11-02,24706.22265625,24706.22265625,24706.22265625,24706.22265625,0
2021-11-03,25117.994140625,25117.994140625,25117.994140625,25117.994140625,700
2021-11-04,25117.994140625,25117.994140625,25117.994140625,25117.994140625,0
2021-11-05,25117.994140625,25117.994140625,25117.994140625,25117.994140625,100
2021-11-08,26847.4296875,26847.4296875,25529.7644267638,25529.7644267638,600
2021-11-09,26847.4296875,26847.4296875,26847.4296875,26847.4296875,0
2021-11-10,26847.4296875,26847.4296875,26847.4296875,26847.4296875,0
2021-11-11,26847.4296875,26847.4296875,26847.4296875,26847.4296875,0
2021-11-12,26353.3046875,26353.3046875,26353.3046875,26353.3046875,100
2021-11-15,26353.3046875,26353.3046875,26353.3046875,26353.3046875,0
2021-11-16,26353.3046875,26353.3046875,26353.3046875,26353.3046875,0
2021-11-17,26353.3046875,26353.3046875,26353.3046875,26353.3046875,0
2021-11-18,26353.3046875,26353.3046875,26353.3046875,26353.3046875,0
2021-11-19,26353.3046875,26353.3046875,26353.3046875,26353.3046875,0
2021-11-22,26353.3046875,26353.3046875,26353.3046875,26353.3046875,0
2021-11-23,26353.3046875,26353.3046875,26353.3046875,26353.3046875,100
2021-11-24,26353.3046875,26353.3046875,26353.3046875,26353.3046875,100
2021-11-25,26353.3046875,26353.3046875,26353.3046875,26353.3046875,0
2021-11-26,26353.3046875,26353.3046875,26353.3046875,26353.3046875,0
2021-11-29,26353.3046875,26353.3046875,26353.3046875,26353.3046875,0
2021-11-30,27176.845703125,27176.845703125,27176.845703125,27176.845703125,100
2021-12-01,27176.845703125,27176.845703125,27176.845703125,27176.845703125,0
2021-12-02,27176.845703125,27176.845703125,27176.845703125,27176.845703125,0
2021-12-03,27176.845703125,27176.845703125,27176.845703125,27176.845703125,0
2021-12-06,27176.845703125,27176.845703125,27176.845703125,27176.845703125,0
2021-12-07,27176.845703125,27176.845703125,27176.845703125,27176.845703125,0
2021-12-08,27176.845703125,27176.845703125,27176.845703125,27176.845703125,0
2021-12-09,27176.845703125,27176.845703125,27176.845703125,27176.845703125,500
2021-12-10,27176.845703125,27176.845703125,27176.845703125,27176.845703125,20000
2021-12-13,27341.552734375,27341.552734375,27176.84458537274,27176.84458537274,700
2021-12-14,27588.6171875,27588.6171875,27588.6171875,27588.6171875,100
2021-12-15,28823.927734375,28823.927734375,28000.386941964287,28000.386941964287,17600
2021-12-16,27176.845703125,29647.468039772724,27176.845703125,29647.468039772724,200
2021-12-17,27588.6171875,27588.6171875,27588.6171875,27588.6171875,400
2021-12-20,27588.6171875,27588.6171875,27588.6171875,27588.6171875,0
2021-12-21,27588.6171875,27588.6171875,27588.6171875,27588.6171875,200
2021-12-22,27588.6171875,27588.6171875,27588.6171875,27588.6171875,0
2021-12-23,28082.7421875,28741.57484879032,28041.565146169352,28041.565146169352,6100
2021-12-24,30018.060546875,30018.060546875,28082.7397708762,28082.7397708762,19000
2021-12-27,27918.03125,30471.007558997047,27918.03125,30471.007558997047,16100
2021-12-28,27918.03125,27918.03125,27918.03125,27918.03125,0
2021-12-29,27918.03125,27918.03125,27918.03125,27918.03125,0
2021-12-30,25982.712890625,29853.35474754853,25982.712890625,28741.5746397088,500
2021-12-31,24582.69140625,27794.500333699747,24294.45214353015,24294.45214353015,300
2022-01-03,24582.69140625,24582.69140625,24582.69140625,24582.69140625,0
2022-01-04,24582.69140625,24582.69140625,24582.69140625,24582.69140625,0
2022-01-05,24582.69140625,24582.69140625,24582.69140625,24582.69140625,0
2022-01-06,24582.69140625,24582.69140625,24582.69140625,24582.69140625,0
2022-01-07,24706.22265625,24706.22265625,24706.22265625,24706.22265625,8200
2022-01-10,24706.22265625,24706.22265625,24706.22265625,24706.22265625,0
2022-01-11,24706.22265625,24706.22265625,24706.22265625,24706.22265625,0
2022-01-12,24706.22265625,24706.22265625,24706.22265625,24706.22265625,0
2022-01-13,24706.22265625,26353.30416666667,24706.22265625,26353.30416666667,8700
2022-01-14,24706.22265625,24706.22265625,24706.22265625,24706.22265625,0
2022-01-17,24706.22265625,24706.22265625,24706.22265625,24706.22265625,0
2022-01-18,23017.962890625,23470.910282032648,23017.962890625,23470.910282032648,500
2022-01-19,24623.869140625,24623.869140625,24623.869140625,24623.869140625,100
2022-01-20,24706.22265625,24706.22265625,24706.22265625,24706.22265625,100
2022-01-21,24706.22265625,26435.658242187503,24706.22265625,25982.71082682292,1200
2022-01-24,24706.22265625,24706.22265625,24706.22265625,24706.22265625,2100
2022-01-25,24706.22265625,24706.22265625,24706.22265625,24706.22265625,0
2022-01-26,24706.22265625,24706.22265625,24706.22265625,24706.22265625,0
2022-01-27,24706.22265625,24706.22265625,24706.22265625,24706.22265625,0
2022-01-28,24706.22265625,24706.22265625,24706.22265625,24706.22265625,0
2022-01-31,24706.22265625,24706.22265625,24706.22265625,24706.22265625,0
2022-02-01,24706.22265625,24706.22265625,24706.22265625,24706.22265625,0
2022-02-02,24706.22265625,24706.22265625,24706.22265625,24706.22265625,0
2022-02-03,24706.22265625,24706.22265625,24706.22265625,24706.22265625,0
2022-02-04,24706.22265625,24706.22265625,24706.22265625,24706.22265625,0
2022-02-07,24706.22265625,24706.22265625,24706.22265625,24706.22265625,0
2022-02-08,26435.658203125,26435.658203125,26435.658203125,26435.658203125,100
2022-02-09,28165.095703125,28247.449784128286,28000.38754111842,28247.449784128286,42800
2022-02-10,26353.3046875,30059.238159179688,26353.3046875,28165.094384765624,3800
2022-02-11,26353.3046875,28165.094384765624,26353.3046875,28165.094384765624,600
2022-02-14,26353.3046875,26353.3046875,26353.3046875,26353.3046875,0
2022-02-15,26353.3046875,26353.3046875,26353.3046875,26353.3046875,0
2022-02-16,28165.095703125,28165.095703125,28165.095703125,28165.095703125,900
2022-02-17,30059.2421875,30100.419231592467,28165.098159246576,28165.098159246576,3900
2022-02-18,30882.77734375,30882.77734375,30882.77734375,30882.77734375,1200
2022-02-21,28823.927734375,28823.927734375,28823.927734375,28823.927734375,100
2022-02-22,30471.0078125,30841.60115076013,30471.0078125,30841.60115076013,600
2022-02-23,28823.927734375,32571.03833984375,28823.927734375,32118.09090401786,1500
2022-02-24,27176.845703125,30059.23842921401,26806.25235262784,26806.25235262784,3300
2022-02-25,25941.533203125,25941.533203125,25941.533203125,25941.533203125,200
2022-02-28,25941.533203125,25941.533203125,25941.533203125,25941.533203125,500
2022-03-01,25941.533203125,25941.533203125,25941.533203125,25941.533203125,0
2022-03-02,27753.326171875,27753.326171875,27753.326171875,27753.326171875,500
2022-03-03,29235.697265625,29235.697265625,29235.697265625,29235.697265625,1000
2022-03-04,29235.697265625,29235.697265625,29235.697265625,29235.697265625,0
2022-03-07,30059.2421875,30059.2421875,30059.2421875,30059.2421875,2100
2022-03-08,29647.466796875,29647.466796875,29647.466796875,29647.466796875,500
2022-03-09,29235.697265625,29318.05134242958,29235.697265625,29235.697265625,3500
2022-03-10,28988.634765625,29235.696993741123,28823.92661354759,29235.696993741123,2000
2022-03-11,28988.634765625,28988.634765625,28988.634765625,28988.634765625,0
2022-03-14,29606.291015625,29606.291015625,29606.291015625,29606.291015625,600
2022-03-15,29606.291015625,29606.291015625,29606.291015625,29606.291015625,0
2022-03-16,29606.291015625,29606.291015625,29606.291015625,29606.291015625,0
2022-03-17,29606.291015625,29606.291015625,29606.291015625,29606.291015625,0
2022-03-18,29606.291015625,29606.291015625,29606.291015625,29606.291015625,0
2022-03-21,29606.291015625,29606.291015625,29606.291015625,29606.291015625,300
2022-03-22,29606.291015625,29606.291015625,29606.291015625,29606.291015625,0
2022-03-23,29606.291015625,29606.291015625,29606.291015625,29606.291015625,0
2022-03-24,29606.291015625,29606.291015625,29606.291015625,29606.291015625,0
2022-03-25,29606.291015625,29606.291015625,29606.291015625,29606.291015625,0
2022-03-28,29606.291015625,29606.291015625,29606.291015625,29606.291015625,0
2022-03-29,29606.291015625,29606.291015625,29606.291015625,29606.291015625,0
2022-03-30,29606.291015625,29606.291015625,29606.291015625,29606.291015625,0
2022-03-31,29606.291015625,29606.291015625,29606.291015625,29606.291015625,0
2022-04-01,29606.291015625,29606.291015625,29606.291015625,29606.291015625,0
2022-04-04,29606.291015625,29606.291015625,29606.291015625,29606.291015625,0
2022-04-05,29606.291015625,29606.291015625,29606.291015625,29606.291015625,0
2022-04-06,29606.291015625,29606.291015625,29606.291015625,29606.291015625,0
2022-04-07,29606.291015625,29606.291015625,29606.291015625,29606.291015625,0
2022-04-08,29606.291015625,29606.291015625,29606.291015625,29606.291015625,0
2022-04-11,29606.291015625,29606.291015625,29606.291015625,29606.291015625,0
2022-04-12,29606.291015625,29606.291015625,29606.291015625,29606.291015625,0
2022-04-13,29606.291015625,29606.291015625,29606.291015625,29606.291015625,0
2022-04-14,29606.291015625,29606.291015625,29606.291015625,29606.291015625,0
2022-04-15,29606.291015625,29606.291015625,29606.291015625,29606.291015625,0
2022-04-18,29606.291015625,29606.291015625,29606.291015625,29606.291015625,0
2022-04-19,29606.291015625,29606.291015625,29606.291015625,29606.291015625,0
2022-04-20,29606.291015625,29606.291015625,29606.291015625,29606.291015625,1800
2022-04-21,29606.291015625,29606.291015625,29606.291015625,29606.291015625,0
2022-04-22,29606.291015625,29606.291015625,29606.291015625,29606.291015625,3500
2022-04-25,29606.291015625,29606.291015625,29606.291015625,29606.291015625,0
2022-04-26,29606.291015625,29606.291015625,29606.291015625,29606.291015625,0
2022-04-27,29894.53125,29894.53125,29894.53125,29894.53125,400
2022-04-28,29894.53125,29894.53125,29894.53125,29894.53125,0
2022-04-29,29894.53125,29894.53125,29894.53125,29894.53125,0
2022-05-02,29894.53125,29894.53125,29894.53125,29894.53125,0
2022-05-03,29894.53125,29894.53125,29894.53125,29894.53125,0
2022-05-04,29894.53125,29894.53125,29894.53125,29894.53125,0
2022-05-05,29235.697265625,29235.697265625,29235.697265625,29235.697265625,100
2022-05-06,29235.697265625,29235.697265625,29235.697265625,29235.697265625,0
2022-05-09,29235.697265625,29235.697265625,29235.697265625,29235.697265625,0
2022-05-10,29235.697265625,29235.697265625,29235.697265625,29235.697265625,0
2022-05-11,29235.697265625,29235.697265625,29235.697265625,29235.697265625,0
2022-05-12,29235.697265625,29235.697265625,29235.697265625,29235.697265625,0
2022-05-13,29235.697265625,29235.697265625,29235.697265625,29235.697265625,0
2022-05-16,29235.697265625,29235.697265625,29235.697265625,29235.697265625,0
2022-05-17,29235.697265625,29235.697265625,29235.697265625,29235.697265625,0
2022-05-18,29235.697265625,29235.697265625,29235.697265625,29235.697265625,0
2022-05-19,29235.697265625,29235.697265625,29235.697265625,29235.697265625,0
2022-05-20,29235.697265625,29235.697265625,29235.697265625,29235.697265625,0
2022-05-23,29235.697265625,29235.697265625,29235.697265625,29235.697265625,0
2022-05-24,29235.697265625,29235.697265625,29235.697265625,29235.697265625,0
2022-05-25,29235.697265625,29235.697265625,29235.697265625,29235.697265625,0
2022-05-26,29235.697265625,29235.697265625,29235.697265625,29235.697265625,0
2022-05-27,29235.697265625,29235.697265625,29235.697265625,29235.697265625,0
2022-05-30,29235.697265625,29235.697265625,29235.697265625,29235.697265625,0
2022-05-31,29235.697265625,29235.697265625,29235.697265625,29235.697265625,0
2022-06-01,29235.697265625,29235.697265625,29235.697265625,29235.697265625,0
2022-06-02,30258.521484375,30258.521484375,30258.521484375,30258.521484375,0
2022-06-03,30258.521484375,30258.521484375,30258.521484375,30258.521484375,0
2022-06-06,30258.521484375,30258.521484375,30258.521484375,30258.521484375,0
2022-06-07,30258.521484375,30258.521484375,30258.521484375,30258.521484375,0
2022-06-08,30258.521484375,30258.521484375,30258.521484375,30258.521484375,0
2022-06-09,30258.521484375,30258.521484375,30258.521484375,30258.521484375,0
2022-06-10,30258.521484375,30258.521484375,30258.521484375,30258.521484375,0
2022-06-13,30258.521484375,30258.521484375,30258.521484375,30258.521484375,0
2022-06-14,30258.521484375,30258.521484375,30258.521484375,30258.521484375,0
2022-06-15,30258.521484375,30258.521484375,30258.521484375,30258.521484375,0
2022-06-16,30258.521484375,30258.521484375,30258.521484375,30258.521484375,0
2022-06-17,30258.521484375,30258.521484375,30258.521484375,30258.521484375,0
2022-06-20,30258.521484375,30258.521484375,30258.521484375,30258.521484375,0
2022-06-21,30258.521484375,30258.521484375,30258.521484375,30258.521484375,0
2022-06-22,30258.521484375,30258.521484375,30258.521484375,30258.521484375,0
2022-06-23,30258.521484375,30258.521484375,30258.521484375,30258.521484375,0
2022-06-24,30258.521484375,30258.521484375,30258.521484375,30258.521484375,6200
2022-06-27,30258.521484375,30258.521484375,30258.521484375,30258.521484375,0
2022-06-28,30258.521484375,30258.521484375,30258.521484375,30258.521484375,0
2022-06-29,30258.521484375,30258.521484375,30258.521484375,30258.521484375,0
2022-06-30,30258.521484375,30258.521484375,30258.521484375,30258.521484375,0
2022-07-01,30258.521484375,30258.521484375,30258.521484375,30258.521484375,0
2022-07-04,30258.521484375,30258.521484375,30258.521484375,30258.521484375,0
2022-07-05,28553.81640625,30258.52186333956,28553.81640625,30258.52186333956,1500
2022-07-06,28553.81640625,28553.81640625,28553.81640625,28553.81640625,0
2022-07-07,28553.81640625,28553.81640625,28553.81640625,28553.81640625,0
2022-07-08,28212.873046875,28212.873046875,28212.873046875,28212.873046875,7900
2022-07-11,28212.873046875,28212.873046875,28212.873046875,28212.873046875,0
2022-07-12,28212.873046875,28212.873046875,28212.873046875,28212.873046875,0
2022-07-13,28212.873046875,28212.873046875,28212.873046875,28212.873046875,0
2022-07-14,26252.462890625,26252.462890625,26252.462890625,26252.462890625,100
2022-07-15,26252.462890625,26252.462890625,26252.462890625,26252.462890625,0
2022-07-18,24419.904296875,24419.904296875,24419.904296875,24419.904296875,10000
2022-07-19,22885.669921875,22885.669921875,22885.669921875,22885.669921875,100
2022-07-20,22885.669921875,22885.669921875,22885.669921875,22885.669921875,0
2022-07-21,24462.5234375,24462.5234375,24462.5234375,24462.5234375,100
2022-07-22,26167.228515625,26167.228515625,26167.228515625,26167.228515625,1800
2022-07-25,27701.462890625,27957.16870192308,27701.462890625,27957.16870192308,8100
2022-07-26,29619.25390625,29619.25390625,29619.25390625,29619.25390625,100
2022-07-27,27616.2265625,27616.2265625,27573.60892891589,27573.60892891589,900
2022-07-28,27616.2265625,27616.2265625,27616.2265625,27616.2265625,0
2022-07-29,29534.01953125,29534.01953125,29534.01953125,29534.01953125,2000
2022-08-01,31537.052734375,31579.67037320524,31537.052734375,31537.052734375,2000
2022-08-02,31537.052734375,31537.052734375,31537.052734375,31537.052734375,0
2022-08-03,31537.052734375,31537.052734375,31537.052734375,31537.052734375,0
2022-08-04,31537.052734375,31537.052734375,31537.052734375,31537.052734375,0
2022-08-05,31537.052734375,31537.052734375,31537.052734375,31537.052734375,0
2022-08-08,31537.052734375,31537.052734375,31537.052734375,31537.052734375,0
2022-08-09,31537.052734375,31537.052734375,31537.052734375,31537.052734375,0
2022-08-10,31537.052734375,31537.052734375,31537.052734375,31537.052734375,0
2022-08-11,31537.052734375,31537.052734375,31537.052734375,31537.052734375,0
2022-08-12,31537.052734375,31537.052734375,31537.052734375,31537.052734375,0
2022-08-15,31537.052734375,31537.052734375,31537.052734375,31537.052734375,0
2022-08-16,31579.666015625,33710.54766310307,31579.666015625,33710.54766310307,40200
2022-08-17,29832.34375,33753.166071428575,29832.34375,33753.166071428575,10400
2022-08-18,29832.34375,29832.34375,29832.34375,29832.34375,0
2022-08-19,29832.34375,29832.34375,29832.34375,29832.34375,0
2022-08-22,29832.34375,29832.34375,29832.34375,29832.34375,0
2022-08-23,29832.34375,29832.34375,29832.34375,29832.34375,0
2022-08-24,29832.34375,29832.34375,29832.34375,29832.34375,0
2022-08-25,29832.34375,29832.34375,29832.34375,29832.34375,100
2022-08-26,29832.34375,29832.34375,29832.34375,29832.34375,0
2022-08-29,29832.34375,29832.34375,29832.34375,29832.34375,0
2022-08-30,27744.08203125,27744.08203125,27744.08203125,27744.08203125,100
2022-08-31,27744.08203125,27744.08203125,27744.08203125,27744.08203125,0
2022-09-01,27744.08203125,27744.08203125,27744.08203125,27744.08203125,0
2022-09-02,27744.08203125,27744.08203125,27744.08203125,27744.08203125,0
2022-09-05,27744.08203125,27744.08203125,27744.08203125,27744.08203125,0
2022-09-06,27744.08203125,27744.08203125,27744.08203125,27744.08203125,0
2022-09-07,27744.08203125,27744.08203125,27744.08203125,27744.08203125,0
2022-09-08,27744.08203125,27744.08203125,27744.08203125,27744.08203125,0
2022-09-09,27744.08203125,27744.08203125,27744.08203125,27744.08203125,0
2022-09-12,27744.08203125,27744.08203125,27744.08203125,27744.08203125,0
2022-09-13,27744.08203125,27744.08203125,27744.08203125,27744.08203125,0
2022-09-14,29661.875,29661.875,29661.875,29661.875,1200
2022-09-15,29661.875,29661.875,29661.875,29661.875,0
2022-09-16,27616.2265625,27616.2265625,27616.2265625,27616.2265625,100
2022-09-19,27616.2265625,27616.2265625,27616.2265625,27616.2265625,0
2022-09-20,27616.2265625,27616.2265625,27616.2265625,27616.2265625,0
2022-09-21,27616.2265625,27616.2265625,27616.2265625,27616.2265625,0
2022-09-22,27616.2265625,27616.2265625,27616.2265625,27616.2265625,0
2022-09-23,27616.2265625,27616.2265625,27616.2265625,27616.2265625,0
2022-09-26,29534.01953125,29534.01953125,29534.01953125,29534.01953125,100
2022-09-27,29534.01953125,29534.01953125,29534.01953125,29534.01953125,0
2022-09-28,31579.666015625,31579.666015625,27488.373252467103,27488.373252467103,300
2022-09-29,31537.052734375,31537.052734375,31537.052734375,31537.052734375,60000
2022-09-30,31537.052734375,31537.052734375,31537.052734375,31537.052734375,0
2022-10-03,31537.052734375,31537.052734375,31537.052734375,31537.052734375,0
2022-10-04,31537.052734375,31537.052734375,31537.052734375,31537.052734375,0
2022-10-05,29832.34375,29832.34375,29832.34375,29832.34375,5000
2022-10-06,29832.34375,29832.34375,29832.34375,29832.34375,0
2022-10-07,29832.34375,29832.34375,29832.34375,29832.34375,0
2022-10-10,29832.34375,29832.34375,29832.34375,29832.34375,0
2022-10-11,29832.34375,29832.34375,29832.34375,29832.34375,0
2022-10-12,29832.34375,29832.34375,29832.34375,29832.34375,0
2022-10-13,29832.34375,29832.34375,29832.34375,29832.34375,0
2022-10-14,29832.34375,29832.34375,29832.34375,29832.34375,0
2022-10-17,29832.34375,29832.34375,29832.34375,29832.34375,0
2022-10-18,29832.34375,29832.34375,29832.34375,29832.34375,0
2022-10-19,29832.34375,29832.34375,29832.34375,29832.34375,0
2022-10-20,29832.34375,29832.34375,29832.34375,29832.34375,0
2022-10-21,29832.34375,29832.34375,29832.34375,29832.34375,0
2022-10-24,29832.34375,29832.34375,29832.34375,29832.34375,0
2022-10-25,29832.34375,29832.34375,29832.34375,29832.34375,0
2022-10-26,29832.34375,29832.34375,29832.34375,29832.34375,0
2022-10-27,29832.34375,29832.34375,29832.34375,29832.34375,0
2022-10-28,29832.34375,29832.34375,29832.34375,29832.34375,0
2022-10-31,29832.34375,29832.34375,29832.34375,29832.34375,0
2022-11-01,29832.34375,29832.34375,29832.34375,29832.34375,0
2022-11-02,29832.34375,29832.34375,29832.34375,29832.34375,0
2022-11-03,29832.34375,29832.34375,29832.34375,29832.34375,0
2022-11-04,29832.34375,29832.34375,29832.34375,29832.34375,0
2022-11-07,29832.34375,29832.34375,29832.34375,29832.34375,0
2022-11-08,29832.34375,29832.34375,29832.34375,29832.34375,0
2022-11-09,29832.34375,29832.34375,29832.34375,29832.34375,0
2022-11-10,29832.34375,29832.34375,29832.34375,29832.34375,0
2022-11-11,29832.34375,29832.34375,29832.34375,29832.34375,0
2022-11-14,29832.34375,29832.34375,29832.34375,29832.34375,0
2022-11-15,29832.34375,29832.34375,29832.34375,29832.34375,0
2022-11-16,29832.34375,29832.34375,29832.34375,29832.34375,0
2022-11-17,29832.34375,29832.34375,29832.34375,29832.34375,0
2022-11-18,29832.34375,29832.34375,29832.34375,29832.34375,0
2022-11-21,27786.697265625,27786.697265625,27786.697265625,27786.697265625,200
2022-11-22,25911.521484375,25911.521484375,25911.521484375,25911.521484375,100
2022-11-23,25911.521484375,25911.521484375,25911.521484375,25911.521484375,0
2022-11-24,27701.462890625,27701.462890625,27701.462890625,27701.462890625,200
2022-11-25,29619.25390625,29619.25390625,29619.25390625,29619.25390625,100
2022-11-28,29619.25390625,29619.25390625,29619.25390625,29619.25390625,0
2022-11-29,27573.609375,27573.609375,27573.609375,27573.609375,100
2022-11-30,27573.609375,27573.609375,27573.609375,27573.609375,0
2022-12-01,25655.81640625,25655.81640625,25655.81640625,25655.81640625,100
2022-12-02,25655.81640625,25655.81640625,25655.81640625,25655.81640625,0
2022-12-05,25655.81640625,25655.81640625,25655.81640625,25655.81640625,0
2022-12-06,25655.81640625,25655.81640625,25655.81640625,25655.81640625,0
2022-12-07,25655.81640625,25655.81640625,25655.81640625,25655.81640625,0
2022-12-08,24718.23046875,24718.23046875,24718.23046875,24718.23046875,200
2022-12-09,24718.23046875,24718.23046875,24718.23046875,24718.23046875,0
2022-12-12,23865.876953125,23865.876953125,23865.876953125,23865.876953125,300
2022-12-13,23865.876953125,23865.876953125,23865.876953125,23865.876953125,0
2022-12-14,23865.876953125,23865.876953125,23865.876953125,23865.876953125,0
2022-12-15,22203.791015625,22246.408656729847,22203.791015625,22246.408656729847,700
2022-12-16,22203.791015625,22203.791015625,22203.791015625,22203.791015625,0
2022-12-19,20754.787109375,20754.787109375,20754.787109375,20754.787109375,100
2022-12-20,20754.787109375,20754.787109375,20754.787109375,20754.787109375,0
2022-12-21,19391.0234375,19391.0234375,19391.0234375,19391.0234375,100
2022-12-22,20712.169921875,20712.169921875,18368.200074749227,18368.200074749227,200
2022-12-23,20712.169921875,20712.169921875,20712.169921875,20712.169921875,0
2022-12-26,20712.169921875,20712.169921875,20712.169921875,20712.169921875,0
2022-12-27,20712.169921875,20712.169921875,20712.169921875,20712.169921875,0
2022-12-28,20712.169921875,20712.169921875,20712.169921875,20712.169921875,0
2022-12-29,20499.08203125,20499.08203125,20499.08203125,20499.08203125,100
2022-12-30,20499.08203125,20499.08203125,20499.08203125,20499.08203125,0
2023-01-02,20499.08203125,20499.08203125,20499.08203125,20499.08203125,0
2023-01-03,20499.08203125,20499.08203125,20499.08203125,20499.08203125,0
2023-01-04,20499.08203125,20499.08203125,20499.08203125,20499.08203125,0
2023-01-05,20499.08203125,20499.08203125,20499.08203125,20499.08203125,0
2023-01-06,20499.08203125,20499.08203125,20499.08203125,20499.08203125,0
2023-01-09,20499.08203125,20499.08203125,20499.08203125,20499.08203125,0
2023-01-10,20499.08203125,20499.08203125,20499.08203125,20499.08203125,0
2023-01-11,20499.08203125,20499.08203125,20499.08203125,20499.08203125,0
2023-01-12,19646.728515625,19646.728515625,19646.728515625,19646.728515625,100
2023-01-13,19646.728515625,19646.728515625,19646.728515625,19646.728515625,0
2023-01-16,18794.37890625,18794.37890625,18794.37890625,18794.37890625,100
2023-01-17,18794.37890625,18794.37890625,18794.37890625,18794.37890625,0
2023-01-18,18794.37890625,18794.37890625,18794.37890625,18794.37890625,0
2023-01-19,18794.37890625,18794.37890625,18794.37890625,18794.37890625,0
2023-01-20,18794.37890625,18794.37890625,18794.37890625,18794.37890625,0
2023-01-23,18794.37890625,18794.37890625,18794.37890625,18794.37890625,0
2023-01-24,18794.37890625,18794.37890625,18794.37890625,18794.37890625,0
2023-01-25,18794.37890625,18794.37890625,18794.37890625,18794.37890625,0
2023-01-26,18794.37890625,18794.37890625,18794.37890625,18794.37890625,0
2023-01-27,18794.37890625,18794.37890625,18794.37890625,18794.37890625,0
2023-01-30,18794.37890625,18794.37890625,18794.37890625,18794.37890625,0
2023-01-31,18794.37890625,18794.37890625,18794.37890625,18794.37890625,0
2023-02-01,18794.37890625,18794.37890625,18794.37890625,18794.37890625,0
2023-02-02,18794.37890625,18794.37890625,18794.37890625,18794.37890625,0
2023-02-03,18794.37890625,18794.37890625,18794.37890625,18794.37890625,0
2023-02-06,17814.171875,17814.171875,17771.554238935405,17771.554238935405,200
2023-02-07,17814.171875,17814.171875,17814.171875,17814.171875,0
2023-02-08,17814.171875,17814.171875,17814.171875,17814.171875,0
2023-02-09,17814.171875,17814.171875,17814.171875,17814.171875,0
2023-02-10,17814.171875,17814.171875,17814.171875,17814.171875,0
2023-02-13,17814.171875,17814.171875,17814.171875,17814.171875,0
2023-02-14,17814.171875,17814.171875,17814.171875,17814.171875,0
2023-02-15,17814.171875,17814.171875,17814.171875,17814.171875,0
2023-02-16,17814.171875,17814.171875,17814.171875,17814.171875,0
2023-02-17,17814.171875,17814.171875,17814.171875,17814.171875,0
2023-02-20,17814.171875,17814.171875,17814.171875,17814.171875,0
2023-02-21,19050.083984375,19050.083984375,19050.083984375,19050.083984375,100
2023-02-22,20371.23046875,20371.23046875,20371.23046875,20371.23046875,100
2023-02-23,21777.611328125,21777.611328125,21777.611328125,21777.611328125,400
2023-02-24,23269.2265625,23269.2265625,23269.2265625,23269.2265625,100
2023-02-27,24888.697265625,24888.697265625,24888.697265625,24888.697265625,100
2023-02-28,26593.40234375,26593.40234375,26593.40234375,26593.40234375,500
2023-03-01,24760.84765625,24760.84765625,24760.84765625,24760.84765625,100
2023-03-02,23056.138671875,23098.756303431142,23056.138671875,23098.756303431142,1500
2023-03-03,23056.138671875,23056.138671875,23056.138671875,23056.138671875,0
2023-03-06,24632.994140625,24632.994140625,24632.994140625,24632.994140625,100
2023-03-07,26337.697265625,26337.697265625,26337.697265625,26337.697265625,5500
2023-03-08,24632.994140625,24632.994140625,24632.994140625,24632.994140625,100
2023-03-09,24632.994140625,24632.994140625,24632.994140625,24632.994140625,0
2023-03-10,24632.994140625,24632.994140625,24632.994140625,24632.994140625,0
2023-03-13,23183.994140625,23183.994140625,23183.994140625,23183.994140625,100
2023-03-14,23183.994140625,23183.994140625,23183.994140625,23183.994140625,0
2023-03-15,21692.375,21692.375,21692.375,21692.375,100
2023-03-16,21692.375,21692.375,21692.375,21692.375,0
2023-03-17,21692.375,21692.375,21692.375,21692.375,0
2023-03-20,21692.375,21692.375,21692.375,21692.375,0
2023-03-21,21692.375,21692.375,21692.375,21692.375,0
2023-03-22,21692.375,21692.375,21692.375,21692.375,0
2023-03-23,21692.375,21692.375,21692.375,21692.375,0
2023-03-24,21692.375,21692.375,21692.375,21692.375,0
2023-03-27,21692.375,21692.375,21692.375,21692.375,0
2023-03-28,21692.375,21692.375,21692.375,21692.375,0
2023-03-29,21692.375,21692.375,21692.375,21692.375,0
2023-03-30,21692.375,21692.375,21692.375,21692.375,0
2023-03-31,23183.994140625,23183.994140625,23183.994140625,23183.994140625,700
2023-04-03,24803.4609375,24803.4609375,24803.4609375,24803.4609375,200
2023-04-04,26508.169921875,26508.169921875,26508.169921875,26508.169921875,700
2023-04-05,24803.4609375,24803.4609375,24803.4609375,24803.4609375,100
2023-04-06,24803.4609375,24803.4609375,24803.4609375,24803.4609375,0
2023-04-07,24803.4609375,24803.4609375,24803.4609375,24803.4609375,0
2023-04-10,26508.169921875,26508.169921875,26508.169921875,26508.169921875,700
2023-04-11,26508.169921875,26508.169921875,26508.169921875,26508.169921875,0
2023-04-12,26508.169921875,26508.169921875,26508.169921875,26508.169921875,0
2023-04-13,27275.287109375,27275.287109375,24760.846578979494,24760.846578979494,600
2023-04-14,25442.728515625,25442.728515625,25442.728515625,25442.728515625,100
2023-04-17,23780.638671875,23780.638671875,23780.638671875,23780.638671875,100
2023-04-18,23823.2578125,23823.2578125,23823.2578125,23823.2578125,100
2023-04-19,23823.2578125,23823.2578125,23823.2578125,23823.2578125,0
2023-04-20,24718.23046875,24718.23046875,24718.23046875,24718.23046875,100
2023-04-21,26422.931640625,26422.931640625,26422.931640625,26422.931640625,900
2023-04-24,26422.931640625,26422.931640625,26422.931640625,26422.931640625,0
2023-04-25,26422.931640625,26422.931640625,26422.931640625,26422.931640625,0
2023-04-26,26422.931640625,26422.931640625,26422.931640625,26422.931640625,0
2023-04-27,26422.931640625,26422.931640625,26422.931640625,26422.931640625,100
2023-04-28,26422.931640625,26422.931640625,26422.931640625,26422.931640625,0
2023-05-01,26422.931640625,26422.931640625,26422.931640625,26422.931640625,0
2023-05-02,26422.931640625,26422.931640625,26422.931640625,26422.931640625,0
2023-05-03,26422.931640625,26422.931640625,26422.931640625,26422.931640625,0
2023-05-04,24590.373046875,24590.373046875,24590.373046875,24590.373046875,100
2023-05-05,22885.669921875,22885.669921875,22885.669921875,22885.669921875,100
2023-05-08,22885.669921875,22885.669921875,22885.669921875,22885.669921875,0
2023-05-09,24462.5234375,24462.5234375,21394.053598649825,21394.053598649825,200
2023-05-10,24462.5234375,24462.5234375,24462.5234375,24462.5234375,0
2023-05-11,26167.228515625,26167.228515625,26167.228515625,26167.228515625,2600
2023-05-12,27957.16796875,27957.16796875,27275.28582317073,27275.28582317073,900
2023-05-15,27957.16796875,27957.16796875,27957.16796875,27957.16796875,0
2023-05-16,27957.16796875,27957.16796875,27957.16796875,27957.16796875,0
2023-05-17,27957.16796875,27957.16796875,27957.16796875,27957.16796875,0
2023-05-18,28127.638671875,28127.638671875,28127.638671875,28127.638671875,500
2023-05-19,26167.228515625,26167.228515625,26167.228515625,26167.228515625,100
2023-05-22,26167.228515625,26167.228515625,26167.228515625,26167.228515625,0
2023-05-23,26167.228515625,26167.228515625,26167.228515625,26167.228515625,0
2023-05-24,26167.228515625,26167.228515625,26167.228515625,26167.228515625,0
2023-05-25,26167.228515625,26167.228515625,26167.228515625,26167.228515625,0
2023-05-26,26167.228515625,26167.228515625,26167.228515625,26167.228515625,0
2023-05-29,26167.228515625,26167.228515625,26167.228515625,26167.228515625,0
2023-05-30,25996.755859375,25996.755859375,25996.755859375,25996.755859375,100
2023-05-31,25996.755859375,25996.755859375,25996.755859375,25996.755859375,0
2023-06-01,25996.755859375,25996.755859375,25996.755859375,25996.755859375,0
2023-06-02,27786.697265625,27786.697265625,27786.697265625,27786.697265625,200
2023-06-05,26901.771484375,26901.771484375,26901.771484375,26901.771484375,100
2023-06-06,26901.771484375,26901.771484375,26901.771484375,26901.771484375,0
2023-06-07,26901.771484375,26901.771484375,26901.771484375,26901.771484375,0
2023-06-08,28760.1171875,28760.1171875,28760.1171875,28760.1171875,200
2023-06-09,26769.03125,26769.03125,26769.03125,26769.03125,100
2023-06-12,26769.03125,26769.03125,26769.03125,26769.03125,5100
2023-06-13,26769.03125,26769.03125,26769.03125,26769.03125,0
2023-06-14,28317.654296875,28627.37864074707,28317.654296875,28627.37864074707,200
2023-06-15,30264.494140625,30264.494140625,27875.19197162829,27875.19197162829,5100
2023-06-16,28184.912109375,28184.912109375,28184.912109375,28184.912109375,5600
2023-06-19,28184.912109375,28184.912109375,28184.912109375,28184.912109375,0
2023-06-20,28184.912109375,28184.912109375,28184.912109375,28184.912109375,0
2023-06-21,28184.912109375,28184.912109375,28184.912109375,28184.912109375,0
2023-06-22,28184.912109375,28184.912109375,28184.912109375,28184.912109375,0
2023-06-23,30308.73828125,30308.73828125,29202.57994981752,29202.57994981752,800
2023-06-26,28273.408203125,28273.408203125,28273.408203125,28273.408203125,100
2023-06-27,28273.408203125,28273.408203125,28273.408203125,28273.408203125,0
2023-06-28,28273.408203125,28273.408203125,28273.408203125,28273.408203125,0
2023-06-29,28273.408203125,28273.408203125,28273.408203125,28273.408203125,0
2023-06-30,28273.408203125,28273.408203125,28273.408203125,28273.408203125,100
2023-07-03,28273.408203125,28273.408203125,28273.408203125,28273.408203125,0
2023-07-04,28273.408203125,28273.408203125,28273.408203125,28273.408203125,0
2023-07-05,28273.408203125,28273.408203125,28273.408203125,28273.408203125,0
2023-07-06,28273.408203125,28273.408203125,28273.408203125,28273.408203125,0
2023-07-07,28273.408203125,28273.408203125,28273.408203125,28273.408203125,0
2023-07-10,28273.408203125,28273.408203125,28273.408203125,28273.408203125,0
2023-07-11,28273.408203125,28273.408203125,28273.408203125,28273.408203125,0
2023-07-12,27432.7265625,27432.7265625,27432.7265625,27432.7265625,500
2023-07-13,27432.7265625,27432.7265625,27432.7265625,27432.7265625,0
2023-07-14,27432.7265625,27432.7265625,27432.7265625,27432.7265625,4000
2023-07-17,27432.7265625,27432.7265625,27432.7265625,27432.7265625,0
2023-07-18,27432.7265625,27432.7265625,27432.7265625,27432.7265625,0
2023-07-19,27432.7265625,27432.7265625,27432.7265625,27432.7265625,0
2023-07-20,27432.7265625,27432.7265625,27432.7265625,27432.7265625,0
2023-07-21,29335.3203125,29335.3203125,29335.3203125,29335.3203125,1100
2023-07-24,31370.6484375,31370.6484375,31370.6484375,31370.6484375,2100
2023-07-25,29202.580078125,29202.580078125,29202.580078125,29202.580078125,100
2023-07-26,29202.580078125,29202.580078125,29202.580078125,29202.580078125,0
2023-07-27,29202.580078125,29202.580078125,29202.580078125,29202.580078125,0
2023-07-28,29202.580078125,29202.580078125,29202.580078125,29202.580078125,0
2023-07-31,29202.580078125,29202.580078125,29202.580078125,29202.580078125,0
2023-08-01,29202.580078125,29202.580078125,29202.580078125,29202.580078125,0
2023-08-02,29202.580078125,29202.580078125,29202.580078125,29202.580078125,0
2023-08-03,29202.580078125,29202.580078125,29202.580078125,29202.580078125,0
2023-08-04,29202.580078125,29202.580078125,29202.580078125,29202.580078125,0
2023-08-07,29202.580078125,29202.580078125,29202.580078125,29202.580078125,0
2023-08-08,27211.49609375,27211.49609375,27211.49609375,27211.49609375,100
2023-08-09,29114.087890625,29114.087890625,29114.087890625,29114.087890625,200
2023-08-10,27167.248046875,29158.33300145053,27167.248046875,29158.33300145053,200
2023-08-11,27167.248046875,27432.726040818405,27167.248046875,27432.726040818405,2600
2023-08-14,25441.642578125,25441.642578125,25441.642578125,25441.642578125,100
2023-08-15,25441.642578125,25441.642578125,25441.642578125,25441.642578125,0
2023-08-16,27211.49609375,27211.49609375,27211.49609375,27211.49609375,100
2023-08-17,29114.087890625,29114.087890625,26636.293176529256,26636.293176529256,200
2023-08-18,31149.416015625,31149.416015625,31149.416015625,31149.416015625,2700
2023-08-21,29025.59375,29025.59375,29025.59375,29025.59375,100
2023-08-22,27167.248046875,27167.248046875,27167.248046875,27167.248046875,200
2023-08-23,25308.90234375,25308.90234375,25308.90234375,25308.90234375,100
2023-08-24,25308.90234375,25308.90234375,25308.90234375,25308.90234375,0
2023-08-25,25308.90234375,25308.90234375,25308.90234375,25308.90234375,0
2023-08-28,25308.90234375,25308.90234375,25308.90234375,25308.90234375,0
2023-08-29,25308.90234375,25308.90234375,25308.90234375,25308.90234375,0
2023-08-30,25308.90234375,25308.90234375,25308.90234375,25308.90234375,0
2023-08-31,25308.90234375,25308.90234375,25308.90234375,25308.90234375,0
2023-09-01,25308.90234375,25308.90234375,25308.90234375,25308.90234375,0
2023-09-04,25308.90234375,25308.90234375,25308.90234375,25308.90234375,0
2023-09-05,25308.90234375,25308.90234375,25308.90234375,25308.90234375,0
2023-09-06,25308.90234375,25308.90234375,25308.90234375,25308.90234375,0
2023-09-07,25308.90234375,25308.90234375,25308.90234375,25308.90234375,0
2023-09-08,25308.90234375,25308.90234375,25308.90234375,25308.90234375,0
2023-09-11,25308.90234375,25308.90234375,25308.90234375,25308.90234375,0
2023-09-12,27078.75390625,27078.75390625,27078.75390625,27078.75390625,100
2023-09-13,27078.75390625,27078.75390625,27078.75390625,27078.75390625,0
2023-09-14,27078.75390625,27078.75390625,27078.75390625,27078.75390625,0
2023-09-15,28937.1015625,28937.1015625,28937.1015625,28937.1015625,100
2023-09-18,30928.185546875,30928.185546875,30928.185546875,30928.185546875,400
2023-09-19,30928.185546875,30928.185546875,30928.185546875,30928.185546875,100
2023-09-20,30928.185546875,30928.185546875,30928.185546875,30928.185546875,100
2023-09-21,29202.580078125,29202.580078125,29202.580078125,29202.580078125,100
2023-09-22,29202.580078125,29202.580078125,29202.580078125,29202.580078125,0
2023-09-25,27476.970703125,27476.970703125,27476.970703125,27476.970703125,100
2023-09-26,29379.56640625,29379.566406250004,25618.62793557041,29379.566406250004,2800
2023-09-27,31414.8984375,31414.8984375,29379.56698943662,29379.56698943662,200
2023-09-28,30972.435546875,30972.435546875,29291.074760044645,29291.074760044645,2200
2023-09-29,29291.072265625,29291.072265625,29291.072265625,29291.072265625,100
2023-10-02,29291.072265625,29291.072265625,29291.072265625,29291.072265625,0
2023-10-03,30883.94140625,31326.404750179085,30883.94140625,31326.404750179085,200
2023-10-04,32653.79296875,32653.79296875,28760.115758384145,28760.115758384145,1200
2023-10-05,31149.416015625,31149.416015625,31149.416015625,31149.416015625,200
2023-10-06,30972.435546875,33096.25969866072,29025.59674107143,29025.59674107143,2300
2023-10-09,32388.322265625,32388.322265625,28937.107597976435,28937.107597976435,3100
2023-10-10,32299.82421875,32299.824218750004,32299.824218750004,32299.824218750004,1000
2023-10-11,32299.82421875,32299.824218750004,32122.838880565072,32211.33154965753,4500
2023-10-12,32299.82421875,32299.824218750004,32299.824218750004,32299.824218750004,0
2023-10-13,32299.82421875,32299.824218750004,32299.824218750004,32299.824218750004,0
2023-10-16,32299.82421875,32299.824218750004,32299.824218750004,32299.824218750004,0
2023-10-17,32299.82421875,32299.824218750004,32299.824218750004,32299.824218750004,0
2023-10-18,32299.82421875,32299.824218750004,32299.824218750004,32299.824218750004,0
2023-10-19,30087.5078125,30087.5078125,30087.5078125,30087.5078125,100
2023-10-20,30087.5078125,30087.5078125,30087.5078125,30087.5078125,0
2023-10-23,28007.927734375,28007.927734375,28007.927734375,28007.927734375,100
2023-10-24,28096.423828125,28096.423828125,28096.423828125,28096.423828125,100
2023-10-25,26238.076171875,26238.076171875,26238.076171875,26238.076171875,100
2023-10-26,26238.076171875,26238.076171875,26238.076171875,26238.076171875,0
2023-10-27,26238.076171875,26238.076171875,26238.076171875,26238.076171875,0
2023-10-30,26238.076171875,26238.076171875,26238.076171875,26238.076171875,0
2023-10-31,24800.125,28440.51032110092,24800.125,28440.51032110092,300
2023-11-01,24800.125,24800.125,24800.125,24800.125,0
2023-11-02,24800.125,24800.125,24800.125,24800.125,0
2023-11-03,23070.94140625,26529.30737641765,23070.94140625,26529.30737641765,200
2023-11-06,24663.609375,24663.609375,24663.609375,24663.609375,100
2023-11-07,26347.287109375,26347.287109375,26347.287109375,26347.287109375,100
2023-11-08,25528.19921875,28167.478282364085,25528.19921875,26392.79063614082,1000
2023-11-09,27302.888671875,27302.888671875,27302.888671875,27302.888671875,100
2023-11-10,26893.345703125,29214.09127141497,26893.345703125,29214.09127141497,200
2023-11-13,26938.84765625,28759.04006545608,26938.84765625,28759.04006545608,200
2023-11-14,27120.869140625,28804.54725841548,27120.869140625,28804.54725841548,200
2023-11-15,28986.564453125,28986.564453125,28986.564453125,28986.564453125,100
2023-11-16,28986.564453125,28986.564453125,28986.564453125,28986.564453125,0
2023-11-17,30943.271484375,30943.271484375004,30943.271484375004,30943.271484375004,100
2023-11-20,33036.4921875,33036.4921875,33036.4921875,33036.4921875,200
2023-11-21,34993.203125,34993.203125,30761.255282834853,30761.255282834853,300
2023-11-22,37404.95703125,37404.95703125,32581.4467571472,32581.4467571472,11400
2023-11-23,39998.73046875,39998.73046875,35038.70587137372,37586.97538929181,22200
2023-11-24,41409.3828125,42774.52730082417,37222.93971497253,37222.93971497253,30900
2023-11-27,38815.6015625,41227.35640753224,38770.09675410317,38770.09675410317,300
2023-11-28,38815.6015625,38815.6015625,38815.6015625,38815.6015625,0
2023-11-29,36130.8203125,41409.37844379723,36130.8203125,36130.8203125,2000
2023-11-30,36130.8203125,37313.94541089421,36130.8203125,37313.94541089421,200
2023-12-01,33673.5625,33673.5625,33673.5625,33673.5625,200
2023-12-04,33673.5625,33673.5625,33673.5625,33673.5625,0
2023-12-05,33673.5625,33673.5625,33673.5625,33673.5625,0
2023-12-06,33673.5625,33673.5625,33673.5625,33673.5625,100
2023-12-07,33673.5625,33673.5625,31398.321790540544,33673.5625,800
2023-12-08,33673.5625,33673.5625,33673.5625,33673.5625,0
2023-12-11,33673.5625,33719.06731418919,31671.35067567568,31671.35067567568,400
2023-12-12,33719.0625,33719.0625,33719.0625,33719.0625,100
2023-12-13,33719.0625,33719.0625,33719.0625,33719.0625,100
2023-12-14,33719.0625,33719.0625,33719.0625,33719.0625,100
2023-12-15,33719.0625,33719.0625,33719.0625,33719.0625,0
2023-12-18,31534.837890625,31534.837890625,31534.837890625,31534.837890625,800
2023-12-19,33719.0625,33719.0625,33719.0625,33719.0625,200
2023-12-20,31534.837890625,31534.837890625,31534.837890625,31534.837890625,100
2023-12-21,31534.837890625,31534.837890625,31534.837890625,31534.837890625,0
2023-12-22,31534.837890625,31534.837890625,31534.837890625,31534.837890625,0
2023-12-25,31534.837890625,31534.837890625,31534.837890625,31534.837890625,0
2023-12-26,31534.837890625,31534.837890625,31534.837890625,31534.837890625,0
2023-12-27,31534.837890625,31534.837890625,31534.837890625,31534.837890625,0
2023-12-28,31534.837890625,31534.837890625,31534.837890625,31534.837890625,0
2023-12-29,31534.837890625,31534.837890625,31534.837890625,31534.837890625,0
2024-01-01,31534.837890625,31534.837890625,31534.837890625,31534.837890625,0
2024-01-02,33719.0625,33719.0625,33218.50961538462,33218.50961538462,400
2024-01-03,33719.0625,33719.0625,33719.0625,33719.0625,0
2024-01-04,33719.0625,33719.0625,33719.0625,33719.0625,0
2024-01-05,33719.0625,33719.0625,33719.0625,33719.0625,0
2024-01-08,33582.55078125,33582.55078125,33582.55078125,33582.55078125,100
2024-01-09,33582.55078125,33582.55078125,33582.55078125,33582.55078125,0
2024-01-10,33582.55078125,33582.55078125,33582.55078125,33582.55078125,0
2024-01-11,33582.55078125,33582.55078125,33582.55078125,33582.55078125,0
2024-01-12,33582.55078125,33582.55078125,33582.55078125,33582.55078125,0
2024-01-15,31853.373046875,31853.373046875,31853.373046875,31853.373046875,100
2024-01-16,31853.373046875,31853.373046875,31853.373046875,31853.373046875,0
2024-01-17,31853.373046875,31853.373046875,31853.373046875,31853.373046875,0
2024-01-18,31853.373046875,31853.373046875,31853.373046875,31853.373046875,0
2024-01-19,31853.373046875,31853.373046875,31853.373046875,31853.373046875,0
2024-01-22,31853.373046875,31853.373046875,31853.373046875,31853.373046875,0
2024-01-23,31853.373046875,31853.373046875,31853.373046875,31853.373046875,0
2024-01-24,31853.373046875,31853.373046875,31853.373046875,31853.373046875,0
2024-01-25,31853.373046875,31853.373046875,31853.373046875,31853.373046875,0
2024-01-26,31853.373046875,31853.373046875,31853.373046875,31853.373046875,0
2024-01-29,31853.373046875,31853.373046875,31853.373046875,31853.373046875,0
2024-01-30,31853.373046875,31853.373046875,31853.373046875,31853.373046875,0
2024-01-31,31853.373046875,31853.373046875,31853.373046875,31853.373046875,0
2024-02-01,31853.373046875,31853.373046875,31853.373046875,31853.373046875,0
2024-02-02,31853.373046875,31853.373046875,31853.373046875,31853.373046875,0
2024-02-05,31853.373046875,31853.373046875,31853.373046875,31853.373046875,0
2024-02-06,31853.373046875,31853.373046875,31853.373046875,31853.373046875,0
2024-02-07,31853.373046875,31853.373046875,31853.373046875,31853.373046875,0
2024-02-08,31853.373046875,31853.373046875,31853.373046875,31853.373046875,0
2024-02-09,31853.373046875,31853.373046875,31853.373046875,31853.373046875,0
2024-02-12,31853.373046875,31853.373046875,31853.373046875,31853.373046875,0
2024-02-13,31853.373046875,31853.373046875,31853.373046875,31853.373046875,0
2024-02-14,31853.373046875,31853.373046875,31853.373046875,31853.373046875,0
2024-02-15,31853.373046875,31853.373046875,31853.373046875,31853.373046875,0
2024-02-16,31853.373046875,31853.373046875,31853.373046875,31853.373046875,0
2024-02-19,31853.373046875,31853.373046875,31853.373046875,31853.373046875,0
2024-02-20,31853.373046875,31853.373046875,31853.373046875,31853.373046875,0
2024-02-21,31853.373046875,31853.373046875,31853.373046875,31853.373046875,0
2024-02-22,31853.373046875,31853.373046875,31853.373046875,31853.373046875,0
2024-02-23,31853.373046875,31853.373046875,31853.373046875,31853.373046875,0
2024-02-26,31853.373046875,31853.373046875,31853.373046875,31853.373046875,0
2024-02-27,31853.373046875,31853.373046875,31853.373046875,31853.373046875,0
2024-02-28,31853.373046875,31853.373046875,31853.373046875,31853.373046875,0
2024-02-29,31853.373046875,31853.373046875,31853.373046875,31853.373046875,0
2024-03-01,31853.373046875,31853.373046875,31853.373046875,31853.373046875,0
2024-03-04,31853.373046875,31853.373046875,31853.373046875,31853.373046875,100
2024-03-05,34083.10546875,34083.10546875,29805.65298001502,29805.65298001502,2700
2024-03-06,34083.10546875,34083.10546875,34083.10546875,34083.10546875,0
2024-03-07,34083.10546875,34083.10546875,34083.10546875,34083.10546875,0
2024-03-08,34083.10546875,34083.10546875,34083.10546875,34083.10546875,0
2024-03-11,31716.85546875,31716.855468750004,31716.855468750004,31716.855468750004,100
2024-03-12,31716.85546875,31716.855468750004,31716.855468750004,31716.855468750004,0
2024-03-13,31716.85546875,31716.855468750004,31716.855468750004,31716.855468750004,0
2024-03-14,31716.85546875,31716.855468750004,31716.855468750004,31716.855468750004,0
2024-03-15,31716.85546875,31716.855468750004,31716.855468750004,31716.855468750004,0
2024-03-18,31716.85546875,31716.855468750004,31716.855468750004,31716.855468750004,0
2024-03-19,29578.12890625,29578.12890625,29578.12890625,29578.12890625,400
2024-03-20,29578.12890625,29578.12890625,29578.12890625,29578.12890625,0
2024-03-21,29578.12890625,29578.12890625,29578.12890625,29578.12890625,0
2024-03-22,29578.12890625,29578.12890625,29578.12890625,29578.12890625,0
2024-03-25,27757.935546875,31625.84459848873,27757.935546875,31625.84459848873,200
2024-03-26,27757.935546875,27757.935546875,27757.935546875,27757.935546875,0
2024-03-27,29669.138671875,29669.138671875,29669.138671875,29669.138671875,100
2024-03-28,31716.85546875,31716.855468750004,31716.855468750004,31716.855468750004,100
2024-03-29,33901.0859375,33901.0859375,33901.0859375,33901.0859375,500
2024-04-01,36267.3359375,36267.3359375,36267.3359375,36267.3359375,400
2024-04-02,36267.3359375,36267.3359375,36267.3359375,36267.3359375,400
2024-04-03,36267.3359375,36267.3359375,36267.3359375,36267.3359375,0
2024-04-04,36267.3359375,36267.3359375,36267.3359375,36267.3359375,0
2024-04-05,38770.1015625,38770.1015625,36221.8319762324,36221.8319762324,900
2024-04-08,38770.1015625,38770.1015625,38770.1015625,38770.1015625,0
2024-04-09,38770.1015625,38770.1015625,38770.1015625,38770.1015625,0
2024-04-10,38770.1015625,38770.1015625,38770.1015625,38770.1015625,0
2024-04-11,38770.1015625,38770.1015625,38770.1015625,38770.1015625,0
2024-04-12,38770.1015625,38770.1015625,38770.1015625,38770.1015625,0
2024-04-15,38770.1015625,38770.1015625,38770.1015625,38770.1015625,200
2024-04-16,38770.1015625,38770.1015625,38770.1015625,38770.1015625,500
2024-04-17,38770.1015625,38770.1015625,38770.1015625,38770.1015625,0
2024-04-18,38770.1015625,38770.1015625,38770.1015625,38770.1015625,0
2024-04-19,38770.1015625,38770.1015625,38770.1015625,38770.1015625,0
2024-04-22,38770.1015625,38770.1015625,38770.1015625,38770.1015625,0
2024-04-23,38770.1015625,38770.1015625,38770.1015625,38770.1015625,0
2024-04-24,38770.1015625,38770.1015625,38770.1015625,38770.1015625,0
2024-04-25,38770.1015625,38770.1015625,38770.1015625,38770.1015625,0
2024-04-26,38770.1015625,38770.1015625,38770.1015625,38770.1015625,0
2024-04-29,38770.1015625,38770.1015625,38770.1015625,38770.1015625,0
2024-04-30,38770.1015625,38770.1015625,38770.1015625,38770.1015625,0
2024-05-02,38770.1015625,38770.1015625,38770.1015625,38770.1015625,0
2024-05-03,38770.1015625,38770.1015625,38770.1015625,38770.1015625,0
2024-05-06,38770.1015625,38770.1015625,38770.1015625,38770.1015625,0
2024-05-07,38770.1015625,38770.1015625,38770.1015625,38770.1015625,0
2024-05-08,38770.1015625,38770.1015625,38770.1015625,38770.1015625,0
2024-05-09,38770.1015625,38770.1015625,38770.1015625,38770.1015625,0
2024-05-10,41409.3828125,41409.3828125,41409.3828125,41409.3828125,100
2024-05-13,38542.57421875,38542.57421875,38542.57421875,38542.57421875,100
2024-05-14,38542.57421875,38542.57421875,38542.57421875,38542.57421875,0
2024-05-15,35857.79296875,35857.79296875,35857.79296875,35857.79296875,100
2024-05-16,35857.79296875,35857.79296875,35857.79296875,35857.79296875,0
2024-05-17,33400.53125,33400.53125,33400.53125,33400.53125,300
2024-05-20,33400.53125,33400.53125,33400.53125,33400.53125,0
2024-05-21,33400.53125,33400.53125,33400.53125,33400.53125,0
2024-05-22,33673.5625,33673.5625,33673.5625,33673.5625,100
2024-05-23,31352.81640625,35994.30736914913,31352.81640625,35994.30736914913,600
2024-05-24,31352.81640625,31352.81640625,31352.81640625,31352.81640625,0
2024-05-27,31352.81640625,31352.81640625,31352.81640625,31352.81640625,0
2024-05-28,31352.81640625,31352.81640625,31352.81640625,31352.81640625,0
2024-05-29,31352.81640625,31352.81640625,31352.81640625,31352.81640625,0
2024-05-30,31352.81640625,31352.81640625,31352.81640625,31352.81640625,0
2024-05-31,31352.81640625,31352.81640625,31352.81640625,31352.81640625,0
2024-06-03,31352.81640625,31352.81640625,31352.81640625,31352.81640625,0
2024-06-04,29214.08984375,33537.04706361955,29214.08984375,33537.04706361955,400
2024-06-05,31246.787109375,31246.787109375,31246.787109375,31246.787109375,4800
2024-06-06,31246.787109375,31246.787109375,31246.787109375,31246.787109375,0
2024-06-07,33421.296875,33421.296875,33421.296875,33421.296875,200
2024-06-10,35737.625,35737.625,35643.08101851852,35643.08101851852,2000
2024-06-11,38195.76953125,38195.76953125,38195.76953125,38195.76953125,500
2024-06-12,38195.76953125,38195.76953125,38195.76953125,38195.76953125,0
2024-06-13,35548.53515625,35548.53515625,35548.53515625,35548.53515625,100
2024-06-14,35548.53515625,35548.53515625,35548.53515625,35548.53515625,0
2024-06-17,35548.53515625,35548.53515625,35548.53515625,35548.53515625,0
2024-06-18,35548.53515625,35548.53515625,35548.53515625,35548.53515625,0
2024-06-19,35548.53515625,35548.53515625,35548.53515625,35548.53515625,0
2024-06-20,35548.53515625,35548.53515625,35548.53515625,35548.53515625,0
2024-06-21,38006.6796875,38006.6796875,38006.6796875,38006.6796875,100
2024-06-24,40653.9140625,40653.9140625,37817.59447674418,37817.59447674418,400
2024-06-25,42544.79296875,42544.79296875,42544.79296875,42544.79296875,100
2024-06-26,44435.66796875,44435.66796875,42544.78848071808,42544.78848071808,222100
2024-06-27,42639.33984375,42639.33984375,42639.33984375,42639.33984375,100
2024-06-28,42544.79296875,42544.79296875,42544.79296875,42544.79296875,100
2024-07-01,42544.79296875,42544.79296875,42544.79296875,42544.79296875,0
2024-07-02,42544.79296875,42544.79296875,42544.79296875,42544.79296875,0
2024-07-03,42544.79296875,42544.79296875,42544.79296875,42544.79296875,0
2024-07-04,42544.79296875,42544.79296875,42544.79296875,42544.79296875,0
2024-07-05,43490.23046875,43490.23046875,43490.23046875,43490.23046875,4000
2024-07-08,43490.23046875,43490.23046875,43490.23046875,43490.23046875,100
2024-07-09,43490.23046875,43490.23046875,43490.23046875,43490.23046875,0
2024-07-10,43490.23046875,43490.23046875,43490.23046875,43490.23046875,0
2024-07-11,43490.23046875,43490.23046875,43490.23046875,43490.23046875,400
2024-07-12,43490.23046875,43490.23046875,43490.23046875,43490.23046875,0
2024-07-15,43490.23046875,43490.23046875,43490.23046875,43490.23046875,0
2024-07-16,43490.23046875,43490.23046875,43490.23046875,43490.23046875,0
2024-07-17,43490.23046875,43490.23046875,43490.23046875,43490.23046875,0
2024-07-18,43490.23046875,43490.23046875,43490.23046875,43490.23046875,0
2024-07-19,43490.23046875,43490.23046875,43490.23046875,43490.23046875,0
2024-07-22,43490.23046875,43490.23046875,43490.23046875,43490.23046875,100
2024-07-23,43490.23046875,43490.23046875,43490.23046875,43490.23046875,100
2024-07-24,43490.23046875,43490.23046875,43490.23046875,43490.23046875,0
2024-07-25,43490.23046875,43490.23046875,43490.23046875,43490.23046875,0
2024-07-26,43490.23046875,43490.23046875,43490.23046875,43490.23046875,0
2024-07-29,43490.23046875,43490.23046875,43490.23046875,43490.23046875,0
2024-07-30,46515.63671875,46515.63671875,46515.63671875,46515.63671875,100
2024-07-31,46515.63671875,46515.63671875,46515.63671875,46515.63671875,0
2024-08-01,46515.63671875,46515.63671875,46515.63671875,46515.63671875,0
2024-08-02,46515.63671875,46515.63671875,46515.63671875,46515.63671875,0
2024-08-05,46515.63671875,46515.63671875,46515.63671875,46515.63671875,0
2024-08-06,46515.63671875,46515.63671875,46515.63671875,46515.63671875,0
2024-08-07,46515.63671875,46515.63671875,46515.63671875,46515.63671875,0
2024-08-08,46515.63671875,46515.63671875,46515.63671875,46515.63671875,0
2024-08-09,46515.63671875,46515.63671875,46515.63671875,46515.63671875,0
2024-08-12,46515.63671875,46515.63671875,46515.63671875,46515.63671875,0
2024-08-13,46515.63671875,46515.63671875,46515.63671875,46515.63671875,0
2024-08-14,46515.63671875,46515.63671875,46515.63671875,46515.63671875,0
2024-08-15,46515.63671875,46515.63671875,46515.63671875,46515.63671875,0
2024-08-16,46515.63671875,46515.63671875,46515.63671875,46515.63671875,0
2024-08-19,46515.63671875,46515.63671875,46515.63671875,46515.63671875,0
2024-08-20,46515.63671875,46515.63671875,46515.63671875,46515.63671875,0
2024-08-21,46515.63671875,46515.63671875,46515.63671875,46515.63671875,0
2024-08-22,43395.6875,43395.6875,43395.6875,43395.6875,800
2024-08-23,43395.6875,43395.6875,43395.6875,43395.6875,2200
2024-08-26,43395.6875,43395.6875,43395.6875,43395.6875,0
2024-08-27,43395.6875,43395.6875,43395.6875,43395.6875,0
2024-08-28,43395.6875,43395.6875,43395.6875,43395.6875,0
2024-08-29,43395.6875,43395.6875,43395.6875,43395.6875,500
2024-08-30,43395.6875,43395.6875,43395.6875,43395.6875,0
2024-09-04,43395.6875,43395.6875,43395.6875,43395.6875,0
2024-09-05,43395.6875,43395.6875,43395.6875,43395.6875,0
2024-09-06,43395.6875,43395.6875,43395.6875,43395.6875,0
2024-09-09,43395.6875,43395.6875,43395.6875,43395.6875,0
2024-09-10,43395.6875,43395.6875,43395.6875,43395.6875,0
2024-09-11,43395.6875,43395.6875,43395.6875,43395.6875,0
2024-09-12,43395.6875,43395.6875,43395.6875,43395.6875,0
2024-09-13,43395.6875,43395.6875,43395.6875,43395.6875,0
2024-09-16,43395.6875,43395.6875,43395.6875,43395.6875,0
2024-09-17,43395.6875,43395.6875,43395.6875,43395.6875,0
2024-09-18,43395.6875,43395.6875,43395.6875,43395.6875,0
2024-09-19,43395.6875,43395.6875,43395.6875,43395.6875,0
2024-09-20,43395.6875,43395.6875,43395.6875,43395.6875,0
2024-09-23,43395.6875,43395.6875,43395.6875,43395.6875,0
2024-09-24,43395.6875,43395.6875,43395.6875,43395.6875,0
2024-09-25,43395.6875,43395.6875,43395.6875,43395.6875,0
2024-09-26,43395.6875,43395.6875,43395.6875,43395.6875,0
2024-09-27,43395.6875,43395.6875,43395.6875,43395.6875,0
2024-09-30,43395.6875,43395.6875,43395.6875,43395.6875,0
2024-10-01,43395.6875,43395.6875,43395.6875,43395.6875,0
2024-10-02,43395.6875,43395.6875,43395.6875,43395.6875,0
2024-10-03,43395.6875,43395.6875,43395.6875,43395.6875,800
2024-10-04,44010.22265625,44010.22265625,42544.79096737379,43395.686786721264,37000
2024-10-07,44057.49609375,44057.49609375,42544.79236520923,42544.79236520923,1100
2024-10-08,40984.81640625,40984.81640625,40984.81640625,40984.81640625,11000
2024-10-09,40984.81640625,40984.81640625,40984.81640625,40984.81640625,0
2024-10-10,43490.23046875,43773.86240658967,43490.23046875,43773.86240658967,5200
2024-10-11,43490.23046875,43490.23046875,43490.23046875,43490.23046875,0
2024-10-14,43490.23046875,43490.23046875,43490.23046875,43490.23046875,0
2024-10-15,43490.23046875,43490.23046875,43490.23046875,43490.23046875,0
2024-10-16,43490.23046875,43490.23046875,43490.23046875,43490.23046875,0
2024-10-17,44057.49609375,44057.49609375,44057.49609375,44057.49609375,100
2024-10-18,44057.49609375,44057.49609375,44057.49609375,44057.49609375,0
2024-10-21,44057.49609375,44057.49609375,44057.49609375,44057.49609375,0
2024-10-22,44057.49609375,44057.49609375,44057.49609375,44057.49609375,0
2024-10-23,44057.49609375,44057.49609375,44057.49609375,44057.49609375,0
2024-10-24,44057.49609375,44057.49609375,44057.49609375,44057.49609375,0
2024-10-25,40984.81640625,41032.08839749135,40984.81640625,41032.08839749135,500
2024-10-28,40984.81640625,40984.81640625,40984.81640625,40984.81640625,0
2024-10-29,43301.14453125,43301.14453125,43301.14453125,43301.14453125,100
2024-10-30,43348.41796875,43348.41796875,43301.14597532716,43301.14597532716,1400
2024-10-31,43729.921875,43729.921875,43729.921875,43729.921875,200
2024-11-01,40725.57421875,42442.34315537178,40725.57421875,42442.34315537178,1700
2024-11-04,40725.57421875,40725.57421875,40725.57421875,40725.57421875,200
2024-11-05,40534.8203125,41965.46102941177,37959.66702205882,40916.32450367647,7500
2024-11-06,40534.8203125,40534.8203125,40534.8203125,40534.8203125,0
2024-11-07,40534.8203125,40534.8203125,40534.8203125,40534.8203125,0
2024-11-08,40534.8203125,40534.8203125,40534.8203125,40534.8203125,0
2024-11-11,40534.8203125,40534.8203125,40534.8203125,40534.8203125,0
2024-11-12,40534.8203125,40534.8203125,40534.8203125,40534.8203125,0
2024-11-13,40534.8203125,40534.8203125,40534.8203125,40534.8203125,0
2024-11-14,43348.4140625,43348.4140625,43348.4140625,43348.4140625,100
2024-11-15,43348.4140625,43348.4140625,43348.4140625,43348.4140625,0
2024-11-18,43348.4140625,43348.4140625,43348.4140625,43348.4140625,0
2024-11-19,43348.4140625,43348.4140625,43348.4140625,43348.4140625,0
2024-11-20,40391.7578125,40391.7578125,40391.7578125,40391.7578125,100
2024-11-21,40391.7578125,40391.7578125,40391.7578125,40391.7578125,0
2024-11-22,40391.7578125,40391.7578125,40391.7578125,40391.7578125,0
2024-11-25,40391.7578125,40391.7578125,40391.7578125,40391.7578125,0
2024-11-26,40391.7578125,40391.7578125,40391.7578125,40391.7578125,0
2024-11-27,40391.7578125,40391.7578125,40391.7578125,40391.7578125,0
2024-11-28,40391.7578125,40391.7578125,40391.7578125,40391.7578125,0
2024-11-29,40391.7578125,40391.7578125,40391.7578125,40391.7578125,0
2024-12-02,40391.7578125,40391.7578125,40391.7578125,40391.7578125,0
2024-12-03,40391.7578125,40391.7578125,40391.7578125,40391.7578125,0
2024-12-04,40391.7578125,40391.7578125,40391.7578125,40391.7578125,0
2024-12-05,40391.7578125,40391.7578125,40391.7578125,40391.7578125,0
2024-12-06,40391.7578125,40391.7578125,40391.7578125,40391.7578125,0
2024-12-09,40391.7578125,40391.7578125,40391.7578125,40391.7578125,0
2024-12-10,40391.7578125,40391.7578125,40391.7578125,40391.7578125,0
2024-12-11,40391.7578125,40391.7578125,40391.7578125,40391.7578125,0
2024-12-12,40391.7578125,40391.7578125,40391.7578125,40391.7578125,0
2024-12-13,40391.7578125,40391.7578125,40391.7578125,40391.7578125,0
2024-12-16,40391.7578125,40391.7578125,40391.7578125,40391.7578125,0
2024-12-17,40391.7578125,40391.7578125,40391.7578125,40391.7578125,0
2024-12-18,40391.7578125,40391.7578125,40391.7578125,40391.7578125,0
2024-12-19,40391.7578125,40391.7578125,40391.7578125,40391.7578125,0
2024-12-20,40391.7578125,40391.7578125,40391.7578125,40391.7578125,0
2024-12-23,40391.7578125,40391.7578125,40391.7578125,40391.7578125,0
2024-12-24,40391.7578125,40391.7578125,40391.7578125,40391.7578125,0
2024-12-25,40391.7578125,40391.7578125,40391.7578125,40391.7578125,0
2024-12-26,40391.7578125,40391.7578125,40391.7578125,40391.7578125,0
2024-12-27,40391.7578125,40391.7578125,40391.7578125,40391.7578125,0
2024-12-30,40391.7578125,40391.7578125,40391.7578125,40391.7578125,0
2024-12-31,40391.7578125,40391.7578125,40391.7578125,40391.7578125,0
2025-01-02,40391.7578125,40391.7578125,40391.7578125,40391.7578125,0
2025-01-03,40391.7578125,40391.7578125,40391.7578125,40391.7578125,0
2025-01-06,40391.7578125,40391.7578125,40391.7578125,40391.7578125,0
2025-01-07,40391.7578125,40391.7578125,40391.7578125,40391.7578125,0
2025-01-08,40391.7578125,40391.7578125,40391.7578125,40391.7578125,0
2025-01-09,40391.7578125,40391.7578125,40391.7578125,40391.7578125,0
2025-01-10,37673.54296875,37673.54296875,37673.54296875,37673.54296875,300
2025-01-13,37673.54296875,37673.54296875,37673.54296875,37673.54296875,300
2025-01-14,40296.3828125,40296.3828125,35336.82800480769,35336.82800480769,300
2025-01-15,40296.3828125,40296.3828125,40296.3828125,40296.3828125,0
2025-01-16,40296.3828125,40296.3828125,40296.3828125,40296.3828125,0
2025-01-17,40296.3828125,40296.3828125,40296.3828125,40296.3828125,0
2025-01-20,40057.94140625,40057.94140625,40057.94140625,40057.94140625,200
2025-01-21,40057.94140625,40057.94140625,40057.94140625,40057.94140625,0
2025-01-22,40057.94140625,40057.94140625,40057.94140625,40057.94140625,0
2025-01-23,40057.94140625,40057.94140625,40057.94140625,40057.94140625,0
2025-01-24,40057.94140625,40057.94140625,40057.94140625,40057.94140625,0
2025-01-27,40057.94140625,40057.94140625,40057.94140625,40057.94140625,0
2025-01-28,40057.94140625,40057.94140625,40057.94140625,40057.94140625,0
2025-01-29,40057.94140625,40057.94140625,40057.94140625,40057.94140625,0
2025-01-30,40057.94140625,40057.94140625,40057.94140625,40057.94140625,0
2025-01-31,40057.94140625,40057.94140625,40057.94140625,40057.94140625,0
2025-02-03,40057.94140625,40057.94140625,40057.94140625,40057.94140625,100
2025-02-04,40057.94140625,40057.94140625,40057.94140625,40057.94140625,0
2025-02-05,40057.94140625,42823.8468843006,40057.94140625,42823.8468843006,10100
2025-02-06,40057.94140625,40057.94140625,40057.94140625,40057.94140625,0
2025-02-07,38627.30078125,38627.30078125,38627.30078125,38627.30078125,100
2025-02-10,38627.30078125,38627.30078125,38627.30078125,38627.30078125,0
2025-02-11,38627.30078125,38627.30078125,38627.30078125,38627.30078125,0
2025-02-12,38627.30078125,38627.30078125,38627.30078125,38627.30078125,0
2025-02-13,38627.30078125,38627.30078125,38627.30078125,38627.30078125,0
2025-02-14,38627.30078125,38627.30078125,38627.30078125,38627.30078125,0
2025-02-17,38627.30078125,38627.30078125,38627.30078125,38627.30078125,0
2025-02-18,38627.30078125,38627.30078125,38627.30078125,38627.30078125,0
2025-02-19,41297.83203125,41297.83203125,41297.83203125,41297.83203125,200
2025-02-20,41297.83203125,41297.83203125,41297.83203125,41297.83203125,0
2025-02-21,44159.109375,44159.109375,44159.109375,44159.109375,100
2025-02-24,44159.109375,44159.109375,44159.109375,44159.109375,0
2025-02-25,44349.86328125,45828.192057291664,44349.86328125,45828.192057291664,200
2025-02-26,44349.86328125,44349.86328125,44349.86328125,44349.86328125,0
2025-02-27,44349.86328125,44349.86328125,44349.86328125,44349.86328125,0
2025-02-28,44349.86328125,44349.86328125,44349.86328125,44349.86328125,0
2025-03-03,41297.83203125,41297.83203125,41297.83203125,41297.83203125,100
2025-03-04,41297.83203125,41297.83203125,41297.83203125,41297.83203125,0
2025-03-05,41297.83203125,41297.83203125,41297.83203125,41297.83203125,0
2025-03-06,41297.83203125,41297.83203125,41297.83203125,41297.83203125,0
2025-03-07,41297.83203125,41297.83203125,41297.83203125,41297.83203125,0
2025-03-10,41297.83203125,41297.83203125,41297.83203125,41297.83203125,0
2025-03-11,41297.83203125,41297.83203125,41297.83203125,41297.83203125,0
2025-03-12,41297.83203125,41297.83203125,41297.83203125,41297.83203125,0
2025-03-13,41297.83203125,41297.83203125,41297.83203125,41297.83203125,0
2025-03-14,41297.83203125,41297.83203125,41297.83203125,41297.83203125,0
2025-03-17,41297.83203125,41297.83203125,41297.83203125,41297.83203125,0
2025-03-18,41297.83203125,41297.83203125,41297.83203125,41297.83203125,0
2025-03-19,41297.83203125,41297.83203125,41297.83203125,41297.83203125,0
2025-03-20,43872.984375,43872.984375,43872.984375,43872.984375,30000
2025-03-21,43872.984375,43872.984375,43872.984375,43872.984375,0
2025-03-24,43872.984375,43872.984375,43872.984375,43872.984375,0
2025-03-25,43872.984375,43872.984375,43872.984375,43872.984375,0
2025-03-26,43872.984375,43872.984375,43872.984375,43872.984375,0
2025-03-27,43872.984375,43872.984375,43872.984375,43872.984375,0
2025-03-28,43872.984375,43872.984375,43872.984375,43872.984375,0
2025-03-31,43872.984375,43872.984375,43872.984375,43872.984375,0
2025-04-01,44826.7421875,44826.7421875,44826.7421875,44826.7421875,100
2025-04-02,44826.7421875,44826.7421875,44826.7421875,44826.7421875,0
2025-04-03,44826.7421875,44826.7421875,44826.7421875,44826.7421875,0
2025-04-04,44826.7421875,44826.7421875,44826.7421875,44826.7421875,0
2025-04-07,44826.7421875,44826.7421875,44826.7421875,44826.7421875,0
2025-04-08,44826.7421875,44826.7421875,44826.7421875,44826.7421875,0
2025-04-09,44826.7421875,44826.7421875,44826.7421875,44826.7421875,0
2025-04-10,44826.7421875,44826.7421875,44826.7421875,44826.7421875,0
2025-04-11,44826.7421875,44826.7421875,44826.7421875,44826.7421875,0
2025-04-14,44826.7421875,44826.7421875,44826.7421875,44826.7421875,0
2025-04-15,44826.7421875,44826.7421875,44826.7421875,44826.7421875,0
2025-04-16,44826.7421875,44826.7421875,44826.7421875,44826.7421875,0
2025-04-17,44826.7421875,44826.7421875,44826.7421875,44826.7421875,0
2025-04-18,41727.01953125,41727.01953125,41727.01953125,41727.01953125,100
2025-04-21,41727.01953125,41727.01953125,41727.01953125,41727.01953125,0
2025-04-22,41727.01953125,41727.01953125,41727.01953125,41727.01953125,0
2025-04-23,41727.01953125,41727.01953125,41727.01953125,41727.01953125,0
2025-04-24,41727.01953125,41727.01953125,41727.01953125,41727.01953125,0
2025-04-25,41727.01953125,41727.01953125,41727.01953125,41727.01953125,0
2025-04-28,41727.01953125,41727.01953125,41727.01953125,41727.01953125,0
2025-04-29,41727.01953125,41727.01953125,41727.01953125,41727.01953125,0
2025-04-30,41727.01953125,41727.01953125,41727.01953125,41727.01953125,0
2025-05-01,41727.01953125,41727.01953125,41727.01953125,41727.01953125,0
2025-05-02,41727.01953125,41727.01953125,41727.01953125,41727.01953125,0
2025-05-05,41727.01953125,41727.01953125,41727.01953125,41727.01953125,0
2025-05-06,41727.01953125,41727.01953125,41727.01953125,41727.01953125,0
2025-05-07,41727.01953125,41727.01953125,41727.01953125,41727.01953125,0
2025-05-08,43872.984375,44635.992798913045,43872.984375,44635.992798913045,80400
2025-05-09,40820.953125,40820.953125,40820.953125,40820.953125,100
2025-05-12,40820.953125,40820.953125,40820.953125,40820.953125,0
2025-05-13,40820.953125,40820.953125,40820.953125,40820.953125,0
2025-05-14,40820.953125,40820.953125,40820.953125,40820.953125,0
2025-05-15,40820.953125,40820.953125,40820.953125,40820.953125,0
2025-05-16,40820.953125,40820.953125,40820.953125,40820.953125,0
2025-05-19,40820.953125,40820.953125,40820.953125,40820.953125,0
2025-05-20,40820.953125,40820.953125,40820.953125,40820.953125,0
2025-05-21,40820.953125,40820.953125,40820.953125,40820.953125,0
2025-05-22,40820.953125,40820.953125,40820.953125,40820.953125,0
2025-05-23,40820.953125,40820.953125,40820.953125,40820.953125,0
2025-05-26,43396.10546875,43396.10546875,43396.10546875,43396.10546875,500
2025-05-27,43396.10546875,43396.10546875,43396.10546875,43396.10546875,500
2025-05-28,40391.7578125,40391.7578125,40391.7578125,40391.7578125,100
2025-05-29,40391.7578125,40391.7578125,40391.7578125,40391.7578125,0
2025-05-30,40391.7578125,40391.7578125,40391.7578125,40391.7578125,0
2025-06-02,40391.7578125,40391.7578125,40391.7578125,40391.7578125,0
2025-06-03,40391.7578125,40391.7578125,40391.7578125,40391.7578125,0
2025-06-04,40391.7578125,40391.7578125,40391.7578125,40391.7578125,0
2025-06-05,41977.69140625,41977.69140625,41977.69140625,41977.69140625,2000
2025-06-06,40292.63671875,40292.63671875,40292.63671875,40292.63671875,200
2025-06-09,40292.63671875,40292.63671875,40292.63671875,40292.63671875,1000
2025-06-10,40292.63671875,40292.63671875,40292.63671875,40292.63671875,1000
2025-06-11,40292.63671875,40292.63671875,40292.63671875,40292.63671875,0
2025-06-12,40292.63671875,40292.63671875,40292.63671875,40292.63671875,0
2025-06-13,40292.63671875,40292.63671875,40292.63671875,40292.63671875,0
2025-06-16,40292.63671875,40292.63671875,40292.63671875,40292.63671875,0
2025-06-17,40292.63671875,40292.63671875,40292.63671875,40292.63671875,0
2025-06-18,40292.63671875,40292.63671875,40292.63671875,40292.63671875,0
2025-06-19,40292.63671875,40292.63671875,40292.63671875,40292.63671875,0
2025-06-20,40292.63671875,40292.63671875,40292.63671875,40292.63671875,0
2025-06-23,40292.63671875,40292.63671875,40292.63671875,40292.63671875,0
2025-06-24,40292.63671875,40292.63671875,40292.63671875,40292.63671875,0
2025-06-25,40292.63671875,40292.63671875,40292.63671875,40292.63671875,0
2025-06-26,40292.63671875,40292.63671875,40292.63671875,40292.63671875,0
2025-06-27,40292.63671875,40292.63671875,40292.63671875,40292.63671875,0
2025-06-30,40292.63671875,40292.63671875,40292.63671875,40292.63671875,0
2025-07-01,40292.63671875,40292.63671875,40292.63671875,40292.63671875,0
2025-07-02,40292.63671875,40292.63671875,40292.63671875,40292.63671875,0
2025-07-03,40292.63671875,40292.63671875,40292.63671875,40292.63671875,0
2025-07-04,40292.63671875,40292.63671875,40292.63671875,40292.63671875,0
2025-07-07,40292.63671875,40292.63671875,40292.63671875,40292.63671875,0
2025-07-08,40292.63671875,40292.63671875,40292.63671875,40292.63671875,0
2025-07-09,40292.63671875,40292.63671875,40292.63671875,40292.63671875,0
2025-07-10,40292.63671875,40292.63671875,40292.63671875,40292.63671875,0
2025-07-11,40292.63671875,40292.63671875,40292.63671875,40292.63671875,0
2025-07-14,40292.63671875,40292.63671875,40292.63671875,40292.63671875,0
2025-07-15,40292.63671875,40292.63671875,40292.63671875,40292.63671875,0
2025-07-16,40292.63671875,40292.63671875,40292.63671875,40292.63671875,0
2025-07-17,40292.63671875,40292.63671875,40292.63671875,40292.63671875,0
2025-07-18,40292.63671875,40292.63671875,40292.63671875,40292.63671875,0
2025-07-21,40094.39453125,40094.39453125,40094.39453125,40094.39453125,100
2025-07-22,40094.39453125,40094.39453125,40094.39453125,40094.39453125,100
2025-07-23,40094.39453125,40094.39453125,40094.39453125,40094.39453125,0
2025-07-24,40094.39453125,40094.39453125,40094.39453125,40094.39453125,0
2025-07-25,40094.39453125,40094.39453125,40094.39453125,40094.39453125,0
2025-07-28,42869.78125,42869.78125,42869.78125,42869.78125,100
2025-07-29,42869.78125,42869.78125,42869.78125,42869.78125,100
2025-07-30,45793.84765625,45793.84765625,45793.84765625,45793.84765625,100
2025-07-31,48866.59375,48965.71462981744,48866.59375,48965.71462981744,200
2025-08-01,52137.58203125,52137.58203125,52137.58203125,52137.58203125,100
2025-08-04,51741.09765625,51741.09765625,45595.60329861111,46586.81206597222,1200
2025-08-05,51741.09765625,51741.09765625,45595.60329861111,46586.81206597222,1200
2025-08-06,55111.20703125,55111.20703125,55111.20703125,55111.20703125,100
2025-08-07,55012.08984375,55012.08984375,55012.08984375,55012.08984375,100
2025-08-08,55012.08984375,55012.08984375,55012.08984375,55012.08984375,0
2025-08-11,51245.49609375,51245.49609375,51245.49609375,51245.49609375,200
2025-08-12,51245.49609375,51245.49609375,51245.49609375,51245.49609375,200
2025-08-13,47776.265625,47776.265625,47776.265625,47776.265625,100
2025-08-14,47875.3828125,47875.3828125,47875.3828125,47875.3828125,100
2025-08-15,47875.3828125,47875.3828125,47875.3828125,47875.3828125,0
2025-08-18,47875.3828125,47875.3828125,47875.3828125,47875.3828125,100
2025-08-19,47875.3828125,47875.3828125,47875.3828125,47875.3828125,100
2025-08-20,47875.3828125,47875.3828125,47875.3828125,47875.3828125,300
2025-08-21,47082.41796875,47082.41796875,47082.41796875,47082.41796875,200
2025-08-22,50353.40625,50353.40625,50353.40625,50353.40625,100
2025-08-25,50353.40625,50353.40625,50353.40625,50353.40625,0
2025-08-26,50353.40625,50353.40625,50353.40625,50353.40625,0
2025-08-27,46785.0546875,46785.0546875,46785.0546875,46785.0546875,200
2025-08-28,47578.0234375,47578.0234375,47578.0234375,47578.0234375,300
2025-08-29,47578.0234375,47578.0234375,47578.0234375,47578.0234375,100
2025-09-01,47578.0234375,47578.0234375,47578.0234375,47578.0234375,0
2025-09-02,47578.0234375,47578.0234375,47578.0234375,47578.0234375,0
2025-09-03,47578.0234375,47578.0234375,47578.0234375,47578.0234375,0
2025-09-04,47578.0234375,47578.0234375,47578.0234375,47578.0234375,0
2025-09-05,50849.01171875,50849.01171875,50849.01171875,50849.01171875,100
2025-09-08,53921.7578125,53921.7578125,53921.7578125,53921.7578125,100
2025-09-09,53921.7578125,53921.7578125,53921.7578125,53921.7578125,100
2025-09-10,53525.2734375,53525.2734375,53525.2734375,53525.2734375,300
2025-09-11,53525.2734375,53525.2734375,53525.2734375,53525.2734375,0
2025-09-12,53525.2734375,53525.2734375,53525.2734375,53525.2734375,300
2025-09-15,53525.2734375,53525.2734375,53525.2734375,53525.2734375,0
2025-09-16,53525.2734375,53525.2734375,53525.2734375,53525.2734375,0
2025-09-17,53525.2734375,53525.2734375,53525.2734375,53525.2734375,400
2025-09-18,53525.2734375,53525.2734375,53525.2734375,53525.2734375,300
2025-09-19,49857.80078125,49857.80078125,49857.80078125,49857.80078125,200
2025-09-22,49857.80078125,49857.80078125,49857.80078125,49857.80078125,0
2025-09-23,49857.80078125,49857.80078125,49857.80078125,49857.80078125,0
2025-09-24,49857.80078125,49857.80078125,49758.679904945326,49758.679904945326,200
2025-09-25,49758.6796875,49758.6796875,49758.6796875,49758.6796875,200
2025-09-26,49758.6796875,49758.6796875,49560.43793575697,49560.43793575697,400
2025-09-29,49758.6796875,49758.6796875,49758.6796875,49758.6796875,0
2025-09-30,49758.6796875,49758.6796875,49758.6796875,49758.6796875,0
2025-10-01,49758.6796875,49758.6796875,49758.6796875,49758.6796875,0
2025-10-02,49560.44140625,49560.44140625,49560.44140625,49560.44140625,100
2025-10-03,49560.44140625,49560.44140625,49560.44140625,49560.44140625,0
2025-10-06,49560.44140625,49560.44140625,49560.44140625,49560.44140625,0
2025-10-07,49560.44140625,49560.44140625,49560.44140625,49560.44140625,0
2025-10-08,48569.23046875,48569.23046875,48569.23046875,48569.23046875,200
2025-10-09,48569.23046875,48569.23046875,48569.23046875,48569.23046875,500
2025-10-10,48073.625,48073.625,48073.625,48073.625,100
2025-10-13,48073.625,48073.625,48073.625,48073.625,0
2025-10-14,48073.625,48073.625,48073.625,48073.625,0
2025-10-15,48073.625,48073.625,48073.625,48073.625,0
2025-10-16,48073.625,48073.625,48073.625,48073.625,0
2025-10-17,44802.63671875,44802.63671875,44802.63671875,44802.63671875,100
2025-10-20,44802.63671875,44802.63671875,44802.63671875,44802.63671875,0
2025-10-21,44802.63671875,44802.63671875,44802.63671875,44802.63671875,0
2025-10-22,44802.63671875,44802.63671875,44802.63671875,44802.63671875,0
2025-10-23,44802.63671875,44802.63671875,44802.63671875,44802.63671875,0
2025-10-24,45100.0,45100.0,45100.0,45100.0,300
2025-10-27,45100.0,45100.0,45100.0,45100.0,0
2025-10-28,45100.0,45100.0,45100.0,45100.0,0
2025-10-29,45100.0,45100.0,45100.0,45100.0,100
2025-10-30,45100.0,45100.0,45100.0,45100.0,0
2025-10-31,45500.0,45500.0,45500.0,45500.0,100
2025-11-03,43000.0,43000.0,42600.0,42600.0,1100
2025-11-04,43000.0,43000.0,43000.0,43000.0,100
2025-11-05,43000.0,43000.0,43000.0,43000.0,100
2025-11-06,43000.0,43000.0,43000.0,43000.0,200
2025-11-07,43000.0,43000.0,43000.0,43000.0,200
2025-11-10,43000.0,43000.0,43000.0,43000.0,200
2025-11-11,43000.0,43000.0,43000.0,43000.0,200
2025-11-12,43000.0,43000.0,43000.0,43000.0,0
2025-11-13,43000.0,43000.0,43000.0,43000.0,0
2025-11-14,43000.0,43000.0,43000.0,43000.0,0
2025-11-17,43000.0,43000.0,43000.0,43000.0,0
2025-11-18,43000.0,43000.0,43000.0,43000.0,0
2025-11-19,43000.0,43000.0,43000.0,43000.0,0
2025-11-20,43000.0,43000.0,43000.0,43000.0,0
2025-11-21,43000.0,43000.0,43000.0,43000.0,0
2025-11-24,46000.0,46000.0,46000.0,46000.0,100
2025-11-25,42900.0,42900.0,42900.0,42900.0,100
2025-11-26,42900.0,42900.0,42900.0,42900.0,100
2025-11-27,43200.0,43200.0,43200.0,43200.0,200
2025-11-28,43500.0,43500.0,43500.0,43500.0,200
2025-12-01,43500.0,43500.0,43500.0,43500.0,0
2025-12-02,44500.0,45000.0,44500.0,45000.0,1900
2025-12-03,43000.0,43000.0,42600.0,42600.0,1100
2025-12-04,45000.0,45000.0,43950.0,43950.0,1600
2025-12-05,43000.0,43000.0,43000.0,43000.0,400
2025-12-08,43000.0,43000.0,43000.0,43000.0,0
2025-12-09,45000.0,45000.0,45000.0,45000.0,1000
2025-12-10,45000.0,45000.0,44950.0,44950.0,1500
2025-12-11,45000.0,45000.0,42500.0,42500.0,300
2025-12-12,45000.0,45000.0,45000.0,45000.0,200
2025-12-15,45000.0,45000.0,45000.0,45000.0,0
2025-12-16,46000.0,46000.0,45000.0,45000.0,2900
2025-12-17,46000.0,46000.0,46000.0,46000.0,200
2025-12-18,46000.0,46000.0,46000.0,46000.0,200
2025-12-19,46000.0,46000.0,46000.0,46000.0,0
2025-12-22,42800.0,42900.0,42800.0,42900.0,500
2025-12-23,42800.0,42900.0,42800.0,42900.0,500
2025-12-24,42800.0,45000.0,42800.0,45000.0,3100
2025-12-25,42800.0,45000.0,42800.0,45000.0,3100
2025-12-26,42800.0,42800.0,42800.0,42800.0,0
2025-12-29,42800.0,42800.0,42800.0,42800.0,0
2025-12-30,42800.0,42800.0,42800.0,42800.0,0
2025-12-31,42800.0,42800.0,42800.0,42800.0,0
2026-01-01,42800.0,42800.0,42800.0,42800.0,0
2026-01-02,42800.0,42800.0,42800.0,42800.0,0
2026-01-05,42800.0,42800.0,42800.0,42800.0,0
2026-01-06,43300.0,45000.0,43300.0,43300.0,3200
2026-01-07,40700.0,40700.0,40700.0,40700.0,100
2026-01-08,40700.0,40700.0,40700.0,40700.0,100
2026-01-09,40700.0,40700.0,40700.0,40700.0,0
2026-01-12,40700.0,40700.0,40700.0,40700.0,0
2026-01-13,40700.0,40700.0,40700.0,40700.0,0
2026-01-14,40700.0,40700.0,40700.0,40700.0,0
2026-01-15,40700.0,40700.0,40700.0,40700.0,0
2026-01-16,40750.0,40800.0,40750.0,40800.0,200
2026-01-19,40750.0,40750.0,40750.0,40750.0,0
2026-01-20,40750.0,40750.0,40750.0,40750.0,500
2026-01-21,40750.0,40750.0,40750.0,40750.0,500
2026-01-22,40750.0,40750.0,40750.0,40750.0,0
2026-01-23,40750.0,40750.0,40750.0,40750.0,0
2026-01-26,40750.0,40750.0,40750.0,40750.0,0
2026-01-27,40750.0,40750.0,40750.0,40750.0,0
2026-01-28,40750.0,40750.0,40750.0,40750.0,0
2026-01-29,39500.0,39500.0,39500.0,39500.0,400
2026-01-30,40000.0,42250.0,39500.0,39500.0,1800
2026-02-02,40000.0,40000.0,40000.0,40000.0,0
2026-02-03,40000.0,40000.0,40000.0,40000.0,0
2026-02-04,40000.0,40000.0,40000.0,40000.0,0
2026-02-05,40000.0,40000.0,40000.0,40000.0,0
2026-02-06,40000.0,40000.0,40000.0,40000.0,5000
2026-02-09,42800.0,42800.0,42800.0,42800.0,100
2026-02-10,45700.0,45700.0,45700.0,45700.0,100
2026-02-11,48800.0,48800.0,48800.0,48800.0,100
2026-02-12,48000.0,48000.0,48000.0,48000.0,100
2026-02-13,48000.0,48000.0,48000.0,48000.0,100
2026-02-16,48000.0,48000.0,48000.0,48000.0,0
2026-02-17,48000.0,48000.0,48000.0,48000.0,0
2026-02-18,48000.0,48000.0,48000.0,48000.0,0
2026-02-19,48000.0,48000.0,48000.0,48000.0,0
2026-02-20,48000.0,48000.0,48000.0,48000.0,0
2026-02-23,44700.0,44700.0,44700.0,44700.0,200
2026-02-24,44700.0,44700.0,44700.0,44700.0,200
2026-02-25,44700.0,44700.0,44700.0,44700.0,0
2026-02-26,42100.0,42100.0,42100.0,42100.0,100
2026-02-27,42100.0,42100.0,42100.0,42100.0,100
2026-03-02,45000.0,45000.0,45000.0,45000.0,100
2026-03-03,45000.0,45000.0,45000.0,45000.0,100
2026-03-04,45000.0,45000.0,45000.0,45000.0,100
2026-03-05,45000.0,45000.0,45000.0,45000.0,100
2026-03-06,45000.0,45000.0,45000.0,45000.0,100
2026-03-09,45000.0,45000.0,45000.0,45000.0,100
2026-03-10,45000.0,45000.0,45000.0,45000.0,100
2026-03-11,45000.0,45000.0,45000.0,45000.0,100
2026-03-12,45000.0,45000.0,45000.0,45000.0,100
2026-03-13,48150.0,48150.0,48150.0,48150.0,100
2026-03-16,48150.0,48150.0,48150.0,48150.0,100
2026-03-17,48150.0,48150.0,48150.0,48150.0,0
2026-03-18,48150.0,48150.0,48150.0,48150.0,0
2026-03-19,48150.0,48150.0,48150.0,48150.0,0
2026-03-20,48150.0,48150.0,48150.0,48150.0,0
2026-03-23,47800.0,48150.0,47800.0,48150.0,4400
2026-03-24,47800.0,47800.0,47800.0,47800.0,0
2026-03-25,48000.0,48000.0,48000.0,48000.0,800
2026-03-26,48000.0,48000.0,48000.0,48000.0,100
2026-03-27,48000.0,48000.0,47950.0,47950.0,500
2026-03-30,47950.0,48000.0,47950.0,48000.0,300
2026-03-31,47950.0,48000.0,47950.0,47950.0,2600
2026-04-01,48000.0,48000.0,48000.0,48000.0,600
2026-04-02,48000.0,48000.0,48000.0,48000.0,200
2026-04-03,48000.0,48000.0,48000.0,48000.0,0
2026-04-06,48000.0,48000.0,48000.0,48000.0,0
2026-04-07,48000.0,48000.0,48000.0,48000.0,0
2026-04-08,48000.0,48000.0,48000.0,48000.0,0
2026-04-09,48000.0,48000.0,48000.0,48000.0,0
2026-04-10,48000.0,48000.0,48000.0,48000.0,0
2026-04-13,48000.0,48000.0,48000.0,48000.0,0
2026-04-14,48000.0,48000.0,48000.0,48000.0,0
2026-04-15,48000.0,48000.0,48000.0,48000.0,0
2026-04-16,48050.0,48050.0,48050.0,48050.0,100
2026-04-17,48050.0,48050.0,48050.0,48050.0,0
2026-04-20,48050.0,48050.0,48050.0,48050.0,0
2026-04-21,48050.0,48050.0,48050.0,48050.0,0
2026-04-22,48000.0,48000.0,48000.0,48000.0,300
2026-04-23,48000.0,48000.0,48000.0,48000.0,0
2026-04-24,44750.0,44750.0,44750.0,44750.0,100
2026-04-27,44750.0,44750.0,44750.0,44750.0,0
2026-04-28,47800.0,47800.0,47800.0,47800.0,100
2026-04-29,47000.0,47000.0,47000.0,47000.0,100
2026-04-30,47000.0,47000.0,47000.0,47000.0,0
2026-05-01,47000.0,47000.0,47000.0,47000.0,0
2026-05-04,46800.0,50200.0,46800.0,50200.0,600
2026-05-05,46800.0,46800.0,46800.0,46800.0,0
2026-05-06,46800.0,46800.0,46800.0,46800.0,0
2026-05-07,44550.0,44550.0,44550.0,44550.0,3300
2026-05-08,44550.0,44550.0,44550.0,44550.0,0
2026-05-11,44550.0,44550.0,44550.0,44550.0,0
2026-05-12,44550.0,44550.0,44550.0,44550.0,0
2026-05-13,44550.0,44550.0,44550.0,44550.0,0
2026-05-14,44550.0,44550.0,44550.0,44550.0,0
2026-05-15,44550.0,44550.0,44550.0,44550.0,0
2026-05-18,44550.0,44550.0,44550.0,44550.0,0
2026-05-19,44550.0,44550.0,44550.0,44550.0,0
2026-05-20,44550.0,44550.0,44550.0,44550.0,0
2026-05-21,44550.0,44550.0,44550.0,44550.0,0
2026-05-22,44550.0,44550.0,44550.0,44550.0,0
2026-05-25,44550.0,44550.0,44550.0,44550.0,0
2026-05-26,44550.0,44550.0,44550.0,44550.0,0
2026-05-27,44550.0,44550.0,44550.0,44550.0,0
