Price,Close,High,Low,Open,Volume
Ticker,DBD.VN,DBD.VN,DBD.VN,DBD.VN,DBD.VN
Date,,,,,
2018-06-15,25894.10546875,27512.487649100167,25840.16008664085,27512.487649100167,101368
2018-06-18,24599.40234375,25894.10663989069,24599.40234375,25894.10663989069,164431
2018-06-19,24275.724609375,25084.91668526792,23736.265108817017,25084.91668526792,65475
2018-06-20,24005.994140625,24005.994140625,22603.395392756844,23898.101494626564,25650
2018-06-21,23736.263671875,23952.047082361005,23304.69496753247,23952.047082361005,64135
2018-06-22,23196.802734375,23196.802734375,22657.34325685217,22657.34325685217,59702
2018-06-25,24275.724609375,24275.724609375,23196.803724888403,23196.803724888403,31048
2018-06-26,23979.021484375,24005.995117815222,22927.07426402373,23736.264433524702,37822
2018-06-27,23196.802734375,23736.264095268383,22927.07393729886,23034.964702781097,35320
2018-06-28,23466.533203125,24761.239327566964,22117.88169642857,24761.239327566964,90553
2018-06-29,22657.34375,23412.588541666668,22603.396482714143,22927.074436317507,79203
2018-07-02,22603.396484375,22603.396484375,21686.31365752456,21902.09895994266,93307
2018-07-03,23196.802734375,23196.802734375,21848.15121551209,22171.82916207045,144751
2018-07-04,22414.5859375,22657.34298194543,22387.612304771443,22468.531319586586,14138
2018-07-05,22468.53125,22468.53125,21686.31285362918,21686.31285362918,54340
2018-07-06,22765.236328125,22765.236328125,21686.31358631829,21848.151620915185,30995
2018-07-09,22657.34375,22765.23640120112,22387.613063682493,22387.613063682493,9383
2018-07-10,22441.55859375,22657.34389755756,22387.613209483414,22657.34389755756,5808
2018-07-11,22063.9375,22063.9375,21578.42338350427,21686.31415381178,27205
2018-07-12,22603.396484375,22657.34375166482,22117.882378990165,22117.882378990165,254467
2018-07-13,22657.34375,22657.34375,22387.613063682493,22603.396482714143,48726
2018-07-16,22711.2890625,22873.12709710749,22414.58662684313,22414.58662684313,35821
2018-07-17,22765.236328125,22765.236328125,22333.66760807644,22711.28906101231,37161
2018-07-18,22765.236328125,22765.236328125,22387.612991818536,22387.612991818536,25203
2018-07-19,22819.181640625,22981.019674716623,22657.343606533374,22765.23625705132,79471
2018-07-20,22873.126953125,23034.964986713745,22765.236186312886,23034.964986713745,32925
2018-07-23,22873.126953125,22927.07421990163,22657.3435361302,22657.3435361302,1505002
2018-07-24,22900.099609375,22927.07324161236,22819.18059603341,22873.125977137635,204185
2018-07-25,22900.099609375,22900.099609375,22873.125977137635,22873.125977137635,36178
2018-07-26,22900.099609375,22900.099609375,22873.125977137635,22900.099609375,42291
2018-07-27,22954.044921875,23034.96393497474,22819.18052783226,22873.12590877526,105891
2018-07-30,22873.126953125,22927.07421990163,22819.181569718945,22927.07421990163,21628
2018-07-31,22954.044921875,23088.91119928823,22873.12590877526,22873.12590877526,95737
2018-08-01,22927.07421875,22954.045968766382,22927.07421875,22954.045968766382,31012
2018-08-02,22819.181640625,22927.074291142944,22657.343606533374,22927.074291142944,23218
2018-08-03,22441.55859375,22441.55859375,22117.882521409265,22225.775173313043,16068
2018-08-06,22279.720703125,22387.613355733607,21740.261206823216,22144.85629989221,35035
2018-08-07,21848.15234375,22063.93765259872,21794.206958223145,21848.15234375,15586
2018-08-08,21578.421875,21902.09793003628,21416.583847481863,21794.205283900683,21807
2018-08-09,21686.3125,21956.04317194024,21578.421737920304,21956.04317194024,10992
2018-08-10,21659.341796875,21848.15158131543,21578.422779723223,21686.313547011872,29367
2018-08-13,21713.287109375,21713.287109375,21632.36809248836,21632.36809248836,51551
2018-08-14,21308.69140625,21956.043522547472,21308.69140625,21956.043522547472,19680
2018-08-15,21470.529296875,21578.42194335236,21038.96059433608,21308.691268844217,137493
2018-08-16,21497.50390625,21524.47565656713,20499.50206025106,21470.530272562268,38752
2018-08-17,21335.666015625,21416.585033866628,21119.880711400256,21119.880711400256,53767
2018-08-20,21065.935546875,21362.63798906717,21038.96191272276,21362.63798906717,20520
2018-08-21,20958.04296875,21038.96198812612,20958.04296875,21038.96198812612,66476
2018-08-22,20229.771484375,20769.23097749252,20121.87883240325,20769.23097749252,164217
2018-08-23,20418.580078125,20715.28438286924,20391.608329235885,20499.50097490384,33711
2018-08-24,20499.501953125,20499.501953125,20391.60930230849,20418.58105248468,15730
2018-08-27,20067.93359375,20499.50232139858,20067.93359375,20499.50232139858,51157
2018-08-28,19717.283203125,20067.93289992687,18881.11941076849,20067.93289992687,199270
2018-08-29,19798.203125,19906.09577896163,19690.31047103837,19717.28410537144,100921
2018-08-30,20769.23046875,20769.23046875,19960.04030720954,19960.04030720954,36500
2018-08-31,20499.501953125,21038.961440466373,20310.69028503876,20985.01605674341,34176
2018-09-04,20337.662109375,20499.502027875194,19771.22898642139,19771.22898642139,39342
2018-09-05,20229.771484375,20337.66225297614,19960.04079613094,20337.66225297614,22111
2018-09-06,19906.095703125,20013.98647330495,19906.095703125,19960.041088214977,13406
2018-09-07,20337.662109375,20337.662109375,19960.040655196124,19960.040655196124,27812
2018-09-10,20337.662109375,20337.662109375,19960.040655196124,20067.93330640606,17677
2018-09-11,20229.771484375,20229.771484375,19960.04079613094,20229.771484375,10010
2018-09-12,20148.8515625,20499.501253152488,20148.8515625,20337.66134076859,61275
2018-09-13,20499.501953125,20499.501953125,20229.77126776902,20229.77126776902,39020
2018-09-14,20283.716796875,20283.716796875,20175.824145285176,20229.77141276539,12833
2018-09-17,20445.5546875,20445.5546875,20310.69028649762,20445.5546875,37197
2018-09-18,20283.716796875,20499.50210005465,19474.5266183778,20445.55483257444,33551
2018-09-19,20283.716796875,20283.716796875,20229.77141276539,20283.716796875,87962
2018-09-20,20229.771484375,20283.71686867557,19960.04079613094,20229.771484375,33157
2018-09-21,20391.609375,20499.50202620112,20121.878688682493,20121.878688682493,46242
2018-09-24,20391.609375,20445.554758915263,20121.878688682493,20337.662107714143,36178
2018-09-25,20121.87890625,20229.77155861771,20121.87890625,20229.77155861771,113487
2018-09-26,20067.93359375,20229.77163119689,20067.93359375,20067.93359375,27580
2018-09-27,20013.986328125,20067.93359619428,19960.04094342634,20067.93359619428,351368
2018-09-28,20067.93359375,20067.93359375,19960.0409409952,20013.98632568729,63527
2018-10-01,19960.041015625,20121.879053677,19960.041015625,19960.041015625,38627
2018-10-02,20067.93359375,20067.93359375,19960.0409409952,20013.98632568729,73787
2018-10-03,19960.041015625,20067.933668783207,19960.041015625,19960.041015625,50121
2018-10-04,20013.986328125,20013.986328125,19960.04094342634,20013.986328125,15980
2018-10-05,19960.041015625,20013.98640051879,19960.041015625,19960.041015625,30870
2018-10-08,19960.041015625,20013.98640051879,19960.041015625,19960.041015625,47672
2018-10-09,19960.041015625,20067.933668783207,19906.09563073121,19906.09563073121,128950
2018-10-10,20013.986328125,20067.93359619428,19933.0673093917,19933.0673093917,24595
2018-10-11,19744.2578125,19960.041237848192,19420.57984942174,19852.14858348877,95058
2018-10-12,19906.095703125,19960.041088214977,19744.25766448444,19744.25766448444,25275
2018-10-15,19906.095703125,19906.095703125,19636.36501093385,19906.095703125,78828
2018-10-16,19906.095703125,19906.095703125,19366.634318742697,19906.095703125,11188
2018-10-17,19906.095703125,19906.095703125,19690.310396023822,19690.310396023822,8096
2018-10-18,19906.095703125,19960.041088214977,19852.14843466439,19852.14843466439,32871
2018-10-19,19906.095703125,19960.041088214977,19852.14843466439,19960.041088214977,71338
2018-10-22,19906.095703125,19906.095703125,19609.391376703545,19609.391376703545,303
2018-10-23,19852.1484375,19906.09570596832,19447.5533408408,19906.09570596832,48905
2018-10-24,19528.470703125,19825.17500441261,19420.578058714007,19825.17500441261,16247
2018-10-25,19312.6875,19420.57826217082,19150.84947337328,19150.84947337328,72661
2018-10-26,19420.578125,19798.201440042136,18881.118667844712,18935.06404854909,18035
2018-10-29,19528.470703125,19528.470703125,19042.956628331245,19312.68729767349,17642
2018-10-30,19420.578125,19528.47076977925,19420.578125,19420.578125,5397
2018-10-31,19690.310546875,19690.310546875,19258.74181273696,19690.310546875,27527
2018-11-01,19690.310546875,19852.14858675544,19366.63446711413,19420.5798526174,12976
2018-11-02,19690.310546875,19690.310546875,19420.5798526174,19690.310546875,148093
2018-11-05,21065.935546875,21065.935546875,19798.202992278948,19798.202992278948,200467
2018-11-06,22522.4765625,22522.4765625,22333.6667846784,22333.6667846784,183503
2018-11-07,22927.07421875,24086.91408720128,22927.07421875,24086.91408720128,530493
2018-11-08,21875.125,22927.07409601313,21848.15136675744,22927.07409601313,218306
2018-11-09,21578.421875,22117.88133893696,21443.55559648788,21443.55559648788,95022
2018-11-12,21578.421875,22090.90958993094,21578.421875,21578.421875,229782
2018-11-13,21227.7734375,22657.344020331788,21119.880785011577,22657.344020331788,59702
2018-11-14,21524.474609375,21821.17891539324,20931.06788070903,20931.06788070903,40218
2018-11-15,21794.205078125,21794.205078125,21335.664632276537,21578.42167126169,39413
2018-11-16,22009.9921875,22009.9921875,21578.42345473344,21578.42345473344,41112
2018-11-19,21848.15234375,22657.34442687673,20985.016758467063,20985.016758467063,35552
2018-11-20,21362.63671875,21740.260040943747,21146.85330847537,21632.36739412117,46706
2018-11-21,21578.421875,21578.421875,21200.79855521068,21200.79855521068,64975
2018-11-22,21848.15234375,22630.370792427977,21578.42353274508,21956.04499817436,7150
2018-11-23,21308.69140625,22495.50487504238,21308.69140625,22495.50487504238,49173
2018-11-26,21308.69140625,22333.66684596801,21038.960730002545,22333.66684596801,61561
2018-11-27,21578.421875,21740.259902518137,21308.691201346268,21308.691201346268,128431
2018-11-28,21578.421875,21848.150665283225,21578.421875,21848.150665283225,35928
2018-11-29,21686.3125,22333.66648933066,21470.52909247011,22333.66648933066,89571
2018-11-30,21686.3125,21794.2051454502,21578.421737920304,21686.3125,79417
2018-12-03,21848.15234375,21956.04499817436,21578.42353274508,21686.314303798783,49620
2018-12-04,21848.15234375,22009.992267071862,21524.47626384757,21524.47626384757,91090
2018-12-05,22117.8828125,22387.61350412404,21848.15212087596,21848.15212087596,79972
2018-12-06,22171.830078125,22387.61350137536,22117.88280978444,22117.88280978444,42452
2018-12-07,22387.61328125,22576.424951844227,22387.61328125,22576.424951844227,31638
2018-12-10,22387.61328125,22603.39670237868,21659.34211614877,21740.26113449335,53963
2018-12-11,22441.55859375,22738.262915642743,21902.099100972307,21902.099100972307,62436
2018-12-12,22387.61328125,22441.55866568952,22117.88259231119,22117.88259231119,1983
2018-12-13,22495.505859375,22495.505859375,22333.667823219108,22387.61320748087,65618
2018-12-14,22414.5859375,22549.45033440173,21038.960802272035,21038.960802272035,54590
2018-12-17,22387.61328125,22387.61328125,21956.04455562203,21956.04455562203,2787
2018-12-18,22333.66796875,22360.63971937133,22063.93727894236,22117.88266355564,56341
2018-12-19,22333.66796875,22441.558737976564,21686.31393653753,21686.31393653753,65601
2018-12-20,22333.66796875,22387.61335336328,22279.7207007661,22279.7207007661,73287
2018-12-21,22360.638671875,22360.638671875,22117.8816274314,22117.8816274314,29868
2018-12-24,22117.8828125,22144.856446673595,21308.692620998507,22144.856446673595,38627
2018-12-25,21848.15234375,22117.883038125576,21335.666472818248,22117.883038125576,56698
2018-12-26,21929.0703125,22117.8819778488,21875.12492955915,21875.12492955915,3002
2018-12-27,21686.3125,21902.097790900385,21632.367118960152,21632.367118960152,12691
2018-12-28,21740.259765625,21848.150527710728,21686.312501211643,21686.312501211643,59808
2019-01-02,21848.15234375,21848.15234375,21362.638223896352,21362.638223896352,11653
2019-01-03,21848.15234375,22009.992267071862,21578.42353274508,21578.42353274508,36822
2019-01-04,21632.3671875,21686.31256871077,21578.421806289232,21578.421806289232,54053
2019-01-07,21902.099609375,21983.01862933852,21578.42352952093,21578.42352952093,25936
2019-01-08,22009.9921875,22036.963938480592,21848.152264763223,21902.0995334657,35231
2019-01-09,21848.15234375,22063.93765259872,21605.39528382317,21632.368918271928,17481
2019-01-10,21902.099609375,22117.88303482083,21848.152340485554,22117.88303482083,8490
2019-01-11,21578.421875,21848.150665283225,21308.691201346268,21848.150665283225,127537
2019-01-14,21578.421875,21713.28627014161,21470.529228864405,21470.529228864405,25221
2019-01-15,21848.15234375,21848.15234375,21578.42353274508,21686.314303798783,121406
2019-01-16,21848.15234375,21929.07136372561,21686.314303798783,21929.07136372561,12280
2019-01-17,21902.099609375,21902.099609375,21848.152340485554,21848.152340485554,80883
2019-01-18,21578.421875,21902.09793003628,21578.421875,21902.09793003628,18768
2019-01-21,21578.421875,21578.421875,21389.61021510533,21578.421875,29493
2019-01-22,21308.69140625,21578.42208249745,21092.906111903827,21470.529435324366,55501
2019-01-23,21524.474609375,21524.474609375,21308.69120048306,21524.474609375,9312
2019-01-24,21200.798828125,21254.746093572503,21200.798828125,21254.746093572503,23451
2019-01-25,21200.798828125,21470.52950525093,21200.798828125,21470.52950525093,3360
2019-01-28,21092.90625,21308.691545758928,21092.90625,21308.691545758928,17785
2019-01-29,21146.853515625,21308.691545758928,21092.90625,21092.90625,54428
2019-01-30,21200.798828125,21308.69147564948,21146.853446048022,21146.853446048022,38483
2019-01-31,21362.63671875,21524.4747472986,21308.69133702397,21308.69133702397,10921
2019-02-01,21416.583984375,21794.205423207542,21092.906043899293,21092.906043899293,35160
2019-02-11,21848.15234375,22657.34442687673,21470.53087832071,22657.34442687673,13602
2019-02-12,21983.017578125,22117.881977158188,21902.098562030977,22117.881977158188,13423
2019-02-13,22063.9375,22063.9375,21605.39513439583,21983.018480584044,28492
2019-02-14,22009.9921875,22117.882958163656,21578.42345473344,21578.42345473344,14675
2019-02-15,21740.259765625,22009.990437580305,21146.85304067153,21146.85304067153,42685
2019-02-18,22090.91015625,22090.91015625,21146.853715945508,21146.853715945508,16122
2019-02-19,21848.15234375,22090.911287047475,21848.15234375,22090.911287047475,9812
2019-02-20,21740.259765625,21848.150527710728,21632.36712016878,21848.150527710728,2591
2019-02-21,21848.15234375,22036.964018149967,21848.15234375,22036.964018149967,8007
2019-02-22,21686.3125,22009.990436350578,21578.421737920304,21578.421737920304,11832
2019-02-25,21740.259765625,21848.150527710728,21632.36712016878,21632.36712016878,22378
2019-02-26,21767.232421875,21767.232421875,21740.26067191444,21740.26067191444,13620
2019-02-27,22387.61328125,22441.55866568952,21794.206518932868,22441.55866568952,67781
2019-02-28,22387.61328125,22387.61328125,22225.77524456084,22387.61328125,25918
2019-03-01,22360.638671875,22387.61230460336,22279.719657060465,22387.61230460336,7525
2019-03-04,22225.775390625,22603.396850924502,22117.882737666303,22117.882737666303,53427
2019-03-05,23196.802734375,23304.695383227787,22279.71992755269,22522.476974943547,113433
2019-03-06,23736.263671875,23817.182686228567,22954.045277543508,23817.182686228567,120727
2019-03-07,23682.318359375,24707.291916395072,23682.318359375,23898.101770492245,123730
2019-03-08,23196.802734375,23682.318712527267,22387.61257640548,22387.61257640548,62186
2019-03-11,23736.263671875,23736.263671875,23358.640349311343,23709.290039300304,132453
2019-03-12,24545.455078125,24545.455078125,23736.26489296142,24005.995582472817,261046
2019-03-13,24518.482421875,24761.239468457166,23358.64068815502,24761.239468457166,28992
2019-03-14,24491.509765625,24518.48339966668,23763.238596835203,23763.238596835203,150202
2019-03-15,24383.6171875,24437.56445574857,23520.47972922919,23520.47972922919,59470
2019-03-18,24005.994140625,24275.72293056533,23817.18248097036,23817.18248097036,43221
2019-03-19,23358.640625,23790.209334436087,23250.74986016888,23790.209334436087,26543
2019-03-20,23196.802734375,23439.559781765856,22252.74817786741,22252.74817786741,4503
2019-03-21,22711.2890625,23196.80316632247,22252.748592235643,23142.85778257684,16051
2019-03-22,23142.857421875,23142.857421875,22225.774612269244,22225.774612269244,20287
2019-03-25,22495.505859375,23088.9126197368,22171.829787063216,23088.9126197368,17070
2019-03-26,20931.068359375,22927.073883281377,20931.068359375,22927.073883281377,10135
2019-03-27,22387.61328125,22387.61328125,21848.151903372385,22333.66789681048,39146
2019-03-28,22873.126953125,23655.34537105099,22387.61285235876,22387.61285235876,7435
2019-03-29,23061.939453125,23682.31985987108,22657.34435453871,23682.31985987108,25828
2019-04-01,22927.07421875,23196.80301913731,22927.07421875,23196.80301913731,24988
2019-04-02,22873.126953125,22900.10058651332,22657.3435361302,22684.31528614794,9616
2019-04-03,22684.314453125,22819.18073174339,22684.314453125,22819.18073174339,18035
2019-04-04,22927.07421875,23088.91225233061,22927.07421875,22927.07421875,36250
2019-04-05,22981.01953125,23196.802947568205,22657.343465087404,23196.802947568205,58682
2019-04-08,22711.2890625,22981.019747969345,22657.343678754365,22873.12709710749,92752
2019-04-09,22792.20703125,22981.018690729336,22711.28801766893,22711.28801766893,597650
2019-04-10,23034.96484375,23061.938476970907,22873.126811165683,22927.074077607496,959100
2019-04-11,23034.96484375,23142.857493263065,23034.96484375,23061.938476970907,106391
2019-04-12,23520.478515625,23520.478515625,23034.964426663097,23088.91169212811,131595
2019-04-16,23682.318359375,23736.26374131168,23466.53306488723,23466.53306488723,100385
2019-04-17,23736.263671875,23790.20905365387,23466.532996239603,23628.371024946737,74788
2019-04-18,23196.802734375,23520.47879756281,23196.802734375,23520.47879756281,35392
2019-04-19,23466.533203125,23466.533203125,23196.80252511161,23466.533203125,38823
2019-04-22,23142.857421875,23304.6954539601,22981.0193897899,23196.802804779847,93217
2019-04-23,22765.236328125,23142.85778106088,22765.236328125,23142.85778106088,24041
2019-04-24,22927.07421875,22927.07421875,22711.288918395458,22765.236185169382,10938
2019-04-25,23304.6953125,23304.6953125,22765.235836614385,22765.235836614385,26203
2019-04-26,23196.802734375,23196.802734375,22873.12667118719,22873.12667118719,29207
2019-05-02,22765.236328125,23169.83141461722,22711.28906101231,22738.262694568657,13333
2019-05-03,22927.07421875,23142.857635733963,22765.236185169382,23142.857635733963,36035
2019-05-06,22927.07421875,22927.07421875,22414.586484621188,22414.586484621188,22826
2019-05-07,22711.2890625,22765.236329616226,22225.77495867753,22711.2890625,79150
2019-05-08,22711.2890625,22711.2890625,22495.50564414688,22657.343678754365,88051
2019-05-09,22657.34375,22819.181785116387,22657.34375,22819.181785116387,65261
2019-05-10,22819.181640625,22927.074291142944,22657.343606533374,22657.343606533374,45581
2019-05-13,22819.181640625,22927.074291142944,22711.288990107056,22927.074291142944,44115
2019-05-14,22873.126953125,22873.126953125,22144.85580197564,22144.85580197564,16712
2019-05-15,22819.181640625,22927.074291142944,22414.586555395937,22414.586555395937,64938
2019-05-16,22819.181640625,22927.074291142944,22657.343606533374,22657.343606533374,24685
2019-05-17,22819.181640625,22819.181640625,22711.288990107056,22819.181640625,23880
2019-05-20,22873.126953125,22981.01960330769,22171.82943536396,22171.82943536396,45616
2019-05-21,22927.07421875,23196.80301913731,22711.288918395458,23196.80301913731,39663
2019-05-22,23034.96484375,23196.80287633432,22657.34339551012,22711.288778581365,121102
2019-05-23,22765.236328125,23196.803164802976,22765.236328125,23196.803164802976,35750
2019-05-24,22981.01953125,22981.01953125,22657.343465087404,22657.343465087404,84566
2019-05-27,22981.01953125,23034.964914486907,22657.343465087404,22927.07414801309,78560
2019-05-28,22981.01953125,22981.01953125,22657.343465087404,22657.343465087404,94576
2019-05-29,22873.126953125,22981.01960330769,22819.181569718945,22927.07421990163,53106
2019-05-30,22927.07421875,23034.964985556693,22765.236185169382,22819.18156857273,237933
2019-05-31,23628.37109375,24005.99441741325,22927.07359510049,22927.07359510049,175263
2019-06-03,23088.912109375,23628.37159018012,23088.912109375,23628.37159018012,70016
2019-06-04,23574.42578125,23736.263810905068,23088.911692284804,23196.802456474496,112290
2019-06-05,23682.318359375,23682.318359375,23520.47844682391,23520.47844682391,57306
2019-06-06,23628.37109375,23682.31835905648,23385.614049982418,23682.31835905648,67763
2019-06-07,23574.42578125,23628.371163344847,23412.587751594936,23520.478515784627,72751
2019-06-10,23196.802734375,23574.42606367448,23196.802734375,23574.42606367448,92556
2019-06-11,22711.2890625,23142.85778257684,22711.2890625,22981.019747969345,51765
2019-06-12,22387.61328125,22873.127391317485,22387.61328125,22711.289354628323,51103
2019-06-13,22522.4765625,22657.34284193888,22495.50481330864,22657.34284193888,64725
2019-06-14,22657.34375,22657.34375,22522.47746515595,22549.45109879888,36947
2019-06-17,22603.396484375,22657.34375166482,22603.396484375,22657.34375166482,22880
2019-06-18,22603.396484375,23142.85785704965,22549.45110045577,22603.396484375,29457
2019-06-19,22657.34375,23115.88422170623,22603.396482714143,22657.34375,51855
2019-06-20,22657.34375,22765.23640120112,22657.34375,22711.289133915263,7738
2019-06-21,22873.126953125,22927.07421990163,22657.3435361302,22657.3435361302,35838
2019-06-24,22846.154296875,23142.85671889496,22765.23528329042,22873.12604582286,55268
2019-06-25,22765.236328125,22873.1270956092,22765.236328125,22846.15534542344,19286
2019-06-26,22657.34375,22873.12716903165,22657.34375,22765.23640120112,50317
2019-06-27,22927.07421875,23034.964985556693,22684.3152850085,22846.15520195969,45223
2019-06-28,23196.802734375,23304.695383227787,22873.12667118719,22873.12667118719,169955
2019-07-01,24059.939453125,24113.88483428468,23466.53272688656,23466.53272688656,388297
2019-07-02,23952.046875,24275.722929612093,23736.263466382105,23790.20884769396,155726
2019-07-03,23898.1015625,23952.046943967176,23736.26353472796,23790.208916195137,24541
2019-07-04,23790.208984375,23871.127998492924,23223.775885549527,23223.775885549527,52195
2019-07-05,23736.263671875,23844.156318803263,23682.31829009613,23844.156318803263,62078
2019-07-08,23790.208984375,23844.156249367294,23736.26360275322,23736.26360275322,84995
2019-07-09,23520.478515625,23844.156458303463,23520.478515625,23520.478515625,23683
2019-07-10,23844.15625,23844.15625,22873.126197188623,22873.126197188623,180537
2019-07-11,23817.18359375,25489.511209692504,23817.18359375,24005.995262226243,247067
2019-07-12,24167.833984375,24167.833984375,23520.47994310021,24113.886715635894,29171
2019-07-15,23898.1015625,24005.994208804863,23736.26353472796,23844.15618103282,6273
2019-07-16,23412.587890625,23871.12834958044,23412.587890625,23790.20933427239,39807
2019-07-17,23574.42578125,23736.263810905068,23223.776089207186,23412.587751594936,55055
2019-07-18,23412.587890625,23628.371303656288,23196.80259422317,23574.4259212411,20072
2019-07-19,23412.587890625,23466.533273040182,23196.80259422317,23223.776227116035,23308
2019-07-22,23250.75,23466.533414330504,23196.802733889457,23196.802733889457,37215
2019-07-23,23142.857421875,23250.75007105525,23115.883788737297,23196.802804779847,25936
2019-07-24,22819.181640625,23142.85770880825,22819.181640625,23034.965058290305,25025
2019-07-25,23169.83203125,23196.803782153573,22603.397011715424,22846.15595344204,206080
2019-07-26,23169.83203125,23169.83203125,22927.074972894025,22981.020358071808,36482
2019-07-29,23034.96484375,23034.96484375,22765.23604502318,22819.18142809443,5593
2019-07-30,23034.96484375,23196.80287633432,22657.34339551012,22657.34339551012,37286
2019-07-31,23034.96484375,23034.96484375,22927.074077607496,22927.074077607496,10581
2019-08-01,23250.75,23250.75,22927.073936818964,23196.802733889457,57146
2019-08-02,23358.640625,23358.640625,22657.34312011558,22684.31486963809,105693
2019-08-05,23358.640625,23439.55964030861,22657.34312011558,23358.640625,76736
2019-08-06,23277.72265625,23277.72265625,22765.23679183465,22765.23679183465,17946
2019-08-07,23331.669921875,23331.669921875,23034.965596856244,23331.669921875,1125
2019-08-08,23142.857421875,23196.802804779847,22738.26234166225,22738.26234166225,60452
2019-08-09,23196.802734375,23196.802734375,22792.20765539024,23034.964702781097,51890
2019-08-12,23304.6953125,23412.587961025343,23196.80266397466,23412.587961025343,64975
2019-08-13,23574.42578125,24005.994488120352,23196.802456474496,23196.802456474496,216841
2019-08-14,23466.533203125,23574.425851004464,23250.74979073661,23574.425851004464,21467
2019-08-15,23250.75,23466.533414330504,23088.911968409484,23196.802733889457,210567
2019-08-16,23277.72265625,23358.641675196697,23169.83188656815,23250.75090551485,54321
2019-08-19,23358.640625,23412.5878907861,23196.802594382785,23196.802594382785,64867
2019-08-20,23385.615234375,23628.372290437303,23277.72258166821,23466.53425306244,87122
2019-08-21,23304.6953125,23412.587961025343,22846.15485216576,22846.15485216576,28295
2019-08-22,23196.802734375,23304.695383227787,23142.857351633884,23196.802734375,40665
2019-08-23,23736.263671875,23736.263671875,23196.80232060421,23196.80232060421,168346
2019-08-26,25381.619140625,25381.619140625,24761.240620507902,25084.91669767693,1889082
2019-08-27,26595.40625,27134.86574953925,25381.61908013808,25381.61908013808,985733
2019-08-28,26433.56640625,26703.297079280925,26055.94308733261,26595.40443339445,207688
2019-08-29,26433.56640625,26838.161474111133,26217.78111447706,26433.56640625,159355
2019-08-30,26433.56640625,26703.297079280925,26244.754746791303,26433.56640625,96792
2019-09-03,26163.8359375,26433.566612636914,26001.99790909195,26433.566612636914,143661
2019-09-04,25570.4296875,26136.862797604328,25462.53703873756,26001.9983991792,361700
2019-09-05,25786.212890625,26163.83621651786,25354.646065848214,25489.510463169645,230103
2019-09-06,25786.212890625,25786.212890625,25489.510463169645,25786.212890625,73608
2019-09-09,25894.10546875,25894.10546875,25597.40304209392,25597.40304209392,46170
2019-09-10,26811.189453125,27458.543483978705,26109.89192114185,26109.89192114185,377180
2019-09-11,26784.216796875,27188.8118753709,26622.37876547664,27188.8118753709,53963
2019-09-12,28645.353515625,28645.353515625,27242.75664716693,27242.75664716693,2453325
2019-09-13,28699.30078125,29346.652892345268,28213.78669792855,29130.86948310368,458957
2019-09-16,28753.248046875,28861.14070025109,28537.464623493448,28591.41000849618,319693
2019-09-17,28429.5703125,28699.300988527968,28321.677665414707,28591.40834144268,132667
2019-09-18,28321.677734375,28591.40841105973,28159.839705038263,28321.677734375,140121
2019-09-19,28213.787109375,28375.625139508928,28051.947195870536,28321.677873883928,205991
2019-09-20,28483.515625,28861.138947193747,28159.8395679028,28591.408271822573,372872
2019-09-23,28483.515625,28753.24630037117,28429.57024327397,28429.57024327397,195498
2019-09-24,29400.599609375,29886.11559812218,28321.67874741461,28321.67874741461,594092
2019-09-25,30371.62890625,30425.574288752257,29238.760806738253,29670.32951686794,534015
2019-09-26,30587.412109375,30803.19740464184,30209.79066771384,30263.736049845284,712140
2019-09-27,30803.197265625,31018.980676547457,30317.681295151066,30425.57394229755,968235
2019-09-30,30965.03515625,31072.92591954371,30641.359099627844,30749.249862921555,666343
2019-10-01,30803.197265625,31288.711352728416,30695.30461847852,30965.035294659472,544615
2019-10-02,30749.25,30965.035294290406,30371.62856004757,30911.088029032544,528456
2019-10-03,30749.25,30857.142647145203,30479.52120719277,30749.25,627555
2019-10-04,29238.76171875,30857.143961374062,29238.76171875,30749.25130963364,1320426
2019-10-07,29670.330078125,29778.222728541,28861.139908431425,29670.330078125,393446
2019-10-08,29670.330078125,30209.791446834435,29508.492044186285,30209.791446834435,727601
2019-10-09,30911.087890625,30911.087890625,29778.22169246972,29778.22169246972,1699018
2019-10-10,30425.57421875,31234.76437127481,30425.57421875,30965.03557601357,1864295
2019-10-11,29886.115234375,30425.574717104075,29454.546518169394,30425.574717104075,447857
2019-10-14,30155.84375,30155.84375,29832.16768673732,29886.11495286147,127770
2019-10-15,29832.16796875,30047.95326854537,29832.16796875,30047.95326854537,68675
2019-10-16,29940.060546875,30101.898579648285,29778.222514101715,29886.115163740764,102923
2019-10-17,29670.330078125,29940.06076247972,29400.59939377028,29940.06076247972,191798
2019-10-18,29238.76171875,29670.330442341125,29130.870950380173,29670.330442341125,185452
2019-10-21,29238.76171875,29400.599754675342,28969.032914454827,29022.97829863974,109126
2019-10-22,28969.033203125,29238.762010107963,28969.033203125,29022.97858784747,67585
2019-10-23,28807.193359375,29022.978665584087,28753.24797450804,28753.24797450804,57753
2019-10-24,28699.30078125,28861.13880902381,28537.462753476186,28807.19154418554,136350
2019-10-25,28861.140625,29076.92404781893,28591.409933948373,29076.92404781893,92877
2019-10-28,28699.30078125,29130.86948310368,28483.515488637902,29130.86948310368,77808
2019-10-29,28483.515625,28699.300918645145,28375.62486154794,28699.300918645145,66118
2019-10-30,29454.546875,29940.06098034916,28429.571397015825,28429.571397015825,132990
2019-10-31,29076.923828125,29508.492553872715,29076.923828125,29238.761864859065,79132
2019-11-01,29076.923828125,29238.761864859065,28861.140406936447,28861.140406936447,52695
2019-11-04,29400.599609375,29454.546876663902,29022.97815520563,29076.92353912394,287930
2019-11-05,29724.27734375,29724.27734375,29184.815975063582,29508.4920429272,196338
2019-11-06,30749.25,31018.980676177747,29940.059854837284,29940.059854837284,513852
2019-11-07,30533.466796875,30749.250209263395,30371.628766741072,30749.250209263395,124087
2019-11-08,30803.197265625,30857.142647512985,30533.46658944404,30533.46658944404,579703
2019-11-11,31018.98046875,31288.711143124023,30857.14244079969,30965.0350872234,293488
2019-11-12,30479.521484375,31072.92634064376,30479.521484375,30911.08831013945,250911
2019-11-13,31018.98046875,31018.98046875,30587.411766425663,31018.98046875,709816
2019-11-14,32799.19921875,33176.822544642855,31288.711565290178,31288.711565290178,3383540
2019-11-15,34525.4765625,34795.209143502536,32961.03964625758,32961.03964625758,1040073
2019-11-18,33986.01171875,34633.363820684535,33986.01171875,34525.47305927577,2002553
2019-11-19,32205.794921875,34039.96055075414,32205.794921875,33608.39371849952,582331
2019-11-20,33176.82421875,33176.82421875,31666.33460570013,31828.172644000428,1843395
2019-11-21,32259.7421875,33176.82311854242,31990.00962145018,33176.82311854242,503806
2019-11-22,32313.685546875,32853.146909888885,31990.00948241489,32853.146909888885,221363
2019-11-25,31774.228515625,32313.68612149063,31720.28124834196,32313.68612149063,111950
2019-11-26,31720.28125,32205.79535534916,31612.386715428285,32205.79535534916,114452
2019-11-27,31288.712890625,31774.22888496293,31288.712890625,31720.281617052813,90983
2019-11-28,30857.142578125,31180.818635466097,30857.142578125,31072.925988562227,175550
2019-11-29,31666.333984375,31990.01005462475,30965.03645995741,30965.03645995741,163948
2019-12-02,31342.658203125,31666.33427635925,31018.98212989075,31612.38700857314,85173
2019-12-03,31126.875,32097.9051098712,30209.792158292592,31342.658422543253,1575233
2019-12-04,31288.712890625,31450.550927614106,30695.306127208085,31126.87485363589,47207
2019-12-05,30803.197265625,31288.711352728416,30749.250000366494,31288.711352728416,101922
2019-12-06,32313.685546875,32637.36161133511,31018.981289034564,31288.711970541503,1629485
2019-12-09,32583.41796875,33446.555392435854,32151.84737353653,32151.84737353653,268285
2019-12-10,32313.685546875,33230.77024067272,32097.90401506234,33230.77024067272,30691
2019-12-11,31612.38671875,32529.47142900001,31558.443218199664,32367.63339386662,1430428
2019-12-12,31828.171875,32259.7424778678,31342.65777182961,31342.65777182961,100563
2019-12-13,30749.25,32313.68490843809,30209.79053101503,31828.170821340464,299406
2019-12-16,30209.791015625,31018.981173768327,30209.791015625,30533.46707888233,116616
2019-12-17,30533.466796875,30641.359444754464,30317.681501116072,30641.359444754464,80508
2019-12-18,30263.736328125,30749.25042188395,30209.790945497523,30749.25042188395,1427478
2019-12-19,30263.736328125,30749.25042188395,30209.790945497523,30533.46700800349,35481
2019-12-20,30209.791015625,30695.305110510995,29778.222303491704,30695.305110510995,160123
2019-12-23,29454.546875,30155.844399380807,29238.76157259776,30155.844399380807,1550280
2019-12-24,29616.384765625,29670.33014927708,29292.708696971367,29400.59946427552,43400
2019-12-25,28861.140625,29616.38542992219,28861.140625,29238.762085775783,119743
2019-12-26,29076.923828125,29562.437938327203,28591.4097179228,28591.4097179228,1036123
2019-12-27,29454.546875,29670.33029403165,29022.978153566102,29022.978153566102,58040
2019-12-30,29616.384765625,30209.79151928019,29454.546731298185,29670.33014927708,43363
2019-12-31,29562.4375,29886.11545203952,29562.4375,29670.33015067984,52962
2020-01-02,29940.060546875,30371.62926206061,29130.87038300858,30371.62926206061,1384113
2020-01-03,30101.8984375,30101.8984375,29346.65366033426,29940.06040549096,74181
2020-01-06,29616.384765625,30101.898868605447,29400.59946427552,29400.59946427552,74788
2020-01-07,29670.330078125,29670.330078125,29346.65401024757,29670.330078125,84816
2020-01-08,29400.599609375,29670.330295707743,28753.247468872887,29292.708841538377,109001
2020-01-09,29508.4921875,29616.384838440004,29130.87073426587,29130.87073426587,60721
2020-01-10,28969.033203125,29292.70927820105,28861.14055030944,28861.14055030944,95773
2020-01-13,28969.033203125,29130.871240663026,28591.409859955853,28591.409859955853,83833
2020-01-14,28915.0859375,29616.38535580506,28537.464477669244,28537.464477669244,64813
2020-01-15,28861.140625,29400.600123732635,28753.247971905224,29400.600123732635,1401113
2020-01-16,28807.193359375,29076.92405045105,28753.24797450804,28807.193359375,132148
2020-01-17,28753.248046875,29076.92412363264,28321.679316741265,28321.679316741265,27437
2020-01-20,29076.923828125,29670.330590606784,28753.247754656863,28753.247754656863,195731
2020-01-21,29346.654296875,29346.654296875,28753.24753884708,28753.24753884708,59898
2020-01-22,29670.330078125,29670.330078125,29130.870592786145,29130.870592786145,58808
2020-01-30,29940.060546875,30479.52191169966,29400.59918205034,30479.52191169966,82063
2020-01-31,31288.712890625,31774.22888496293,29940.061326802064,30155.844748330663,321785
2020-02-03,30749.25,32313.68490843809,30263.73591290237,32313.68490843809,165200
2020-02-04,29454.546875,30749.251155931088,29454.546875,30749.251155931088,155905
2020-02-05,29454.546875,29454.546875,29022.978153566102,29454.546875,110896
2020-02-06,29670.330078125,29670.330078125,28861.139908431425,29130.870592786145,58790
2020-02-07,29508.4921875,29886.115524104724,29130.87073426587,29130.87073426587,45491
2020-02-10,29562.4375,29562.4375,29130.870664021808,29400.59946566553,67925
2020-02-11,29346.654296875,29400.599680924595,28969.032841786648,29238.76164540521,55465
2020-02-12,29346.654296875,29562.437716443976,28969.032841786648,29508.49233239438,79650
2020-02-13,29022.978515625,29130.871168172074,28645.35517339556,29130.871168172074,36482
2020-02-14,28591.408203125,28753.246231284746,28483.515556561662,28753.246231284746,270305
2020-02-17,26919.08203125,28645.3550475672,26595.405958401185,28591.40966321593,697553
2020-02-18,26433.56640625,27080.918514827816,25354.645597496805,26865.135106425376,165003
2020-02-19,26406.59375,26946.055116001902,25894.106017309365,26946.055116001902,126322
2020-02-20,28159.83984375,28159.83984375,25894.105538504464,25948.052804129464,97418
2020-02-21,26433.56640625,28051.94667769454,26325.67376036353,28051.94667769454,106570
2020-02-24,24599.40234375,26433.568018863065,24599.40234375,25894.10663989069,357803
2020-02-25,25030.96875,25624.37550316421,24545.45464742126,24599.401914399285,167898
2020-02-26,25894.10546875,26055.943498447963,24815.1846429734,25030.968054780507,345881
2020-02-27,26055.943359375,26217.78138820916,25651.34828728961,26217.78138820916,294222
2020-02-28,26055.943359375,26163.836006387945,25354.64586221716,26163.836006387945,213320
2020-03-02,25894.10546875,26433.566823323566,25354.64599754697,26433.566823323566,678570
2020-03-03,25624.375,26433.56703844573,25624.375,26433.56703844573,33515
2020-03-04,25462.537109375,25678.3224074985,25354.64634368381,25624.375141282348,38823
2020-03-05,25786.212890625,25894.105538504464,25354.646065848214,25732.267508370536,99777
2020-03-06,25786.212890625,25786.212890625,25192.808035714286,25516.484095982145,594486
2020-03-09,25246.75390625,25732.2680060418,24005.99502343632,25354.646556216147,440403
2020-03-10,25354.646484375,25354.646484375,25084.91580190919,25084.91580190919,108643
2020-03-11,25354.646484375,25354.646484375,24059.94033856144,24815.185119443377,245960
2020-03-12,24761.240234375,25084.916306496547,24059.940822531244,24329.671510422733,423958
2020-03-13,24815.185546875,24815.185546875,23682.31929772421,24437.56409161494,946176
2020-03-16,24761.240234375,24815.185618605054,24005.995438301183,24221.778858592017,98043
2020-03-17,24707.29296875,24707.29296875,23520.479448629023,23520.479448629023,200771
2020-03-18,24761.240234375,24923.078270435773,24167.83347436196,24275.724242822074,678283
2020-03-19,24707.29296875,24815.185620589345,24275.724244763227,24329.6715123682,143463
2020-03-20,25246.75390625,25246.75390625,24329.671089964184,24761.2398064582,562150
2020-03-23,24815.185546875,24815.185546875,23844.157333317187,23844.157333317187,264781
2020-03-24,25084.916015625,25084.916015625,24545.45464609733,24545.45464609733,303570
2020-03-25,26325.673828125,26433.566474289182,25084.91498903368,26433.566474289182,198090
2020-03-26,25894.10546875,26325.674175734748,25516.48402724493,26325.674175734748,58503
2020-03-27,25597.404296875,25840.161353321862,24923.07851228796,25354.64724042814,23737
2020-03-30,25300.69921875,25624.37528437214,24923.077769981024,25597.40353448401,34051
2020-03-31,25354.646484375,25624.375283470246,24761.23973629844,25354.646484375,91858
2020-04-01,25354.646484375,25570.42990032531,25138.861185054124,25354.646484375,23005
2020-04-03,26595.40625,26595.40625,25354.647329352018,25354.647329352018,375302
2020-04-06,26919.08203125,26919.08203125,26433.56792197678,26595.405958401185,63187
2020-04-07,27512.48828125,27512.48828125,26865.13614758405,26973.02691428132,87872
2020-04-08,27404.595703125,27458.54296998584,26973.02698509121,27026.974251952048,203756
2020-04-09,27512.48828125,27728.271698015127,26973.02691428132,27512.48828125,119243
2020-04-10,27026.974609375,27458.543333116144,26811.189305819127,26973.02734180073,36590
2020-04-13,27026.974609375,27188.812645356604,26433.56784965225,26703.298537411792,1979673
2020-04-14,27134.865234375,27188.81250166416,26649.351128996124,27188.81250166416,115811
2020-04-15,27134.865234375,27188.81250166416,26703.298396285285,27134.865234375,42613
2020-04-16,27404.595703125,27404.595703125,27080.919635442304,27242.75766928365,140461
2020-04-17,27728.271484375,27782.218750678563,27404.59542003588,27404.59542003588,1395518
2020-04-20,27944.056640625,28213.78732065832,27728.27134325013,27944.056640625,220935
2020-04-21,27242.7578125,27674.326532802563,26703.29832464974,27512.488498110422,325127
2020-04-22,27998.001953125,27998.001953125,26541.457791291414,26703.297705602297,404903
2020-04-23,28105.89453125,28591.40862285676,27998.001883102763,27998.001883102763,194605
2020-04-24,28321.677734375,28321.677734375,27620.38023503932,27674.32561702806,184522
2020-04-27,28321.677734375,28321.677734375,27782.218264376057,28051.947057690264,1684825
2020-04-28,28213.787109375,28321.677873883928,27890.10916573661,28321.677873883928,104532
2020-04-29,28321.677734375,28321.677734375,28051.947057690264,28267.73235238626,44937
2020-05-04,28051.947265625,28321.677944309107,27566.433174015925,28321.677944309107,140443
2020-05-05,27566.43359375,27998.00230954165,27566.43359375,27728.27162675055,10152
2020-05-06,27512.48828125,27512.48828125,27188.812214417023,27512.48828125,37697
2020-05-07,27512.48828125,27566.43366459864,27134.86494769781,27566.43366459864,795240
2020-05-08,27512.48828125,28105.89503156732,27026.974181000533,27188.812214417023,157371
2020-05-11,27620.380859375,28321.678374562925,27512.48820958818,27836.16427557808,81545
2020-05-12,27674.326171875,27890.10958752675,27566.433522363845,27620.380788804705,684272
2020-05-13,27566.43359375,27782.21889333111,27512.488210540007,27620.38086033056,505665
2020-05-14,27512.48828125,27674.326314666487,27458.54289790136,27674.326314666487,168578
2020-05-15,27458.54296875,28591.409205588447,27458.54296875,27458.54296875,159820
2020-05-18,27566.43359375,27782.21889333111,27566.43359375,27782.21889333111,418023
2020-05-19,27620.380859375,27728.27162579125,27458.542826380053,27512.48820958818,286213
2020-05-20,27620.380859375,27998.002308573028,27512.48820958818,27998.002308573028,35946
2020-05-21,27620.380859375,27620.380859375,27512.48820958818,27512.48820958818,151150
2020-05-22,27512.48828125,27890.109731431618,27512.48828125,27782.21896473434,88606
2020-05-25,27512.48828125,27512.48828125,27080.919564349173,27296.7029811143,1515477
2020-05-26,26973.02734375,27458.543335100498,26973.02734375,27242.758031529032,72982
2020-05-27,26973.02734375,27080.919995535733,26757.243923549133,26973.02734375,46742
2020-05-28,26973.02734375,26973.02734375,26811.1893077567,26973.02734375,2373495
2020-05-29,26811.189453125,26973.027489995773,26757.244068624947,26757.244068624947,19662
2020-06-01,26433.56640625,26811.18784179689,26055.94308733261,26649.34981465244,65100
2020-06-02,26973.02734375,26973.02734375,25894.106476004472,26433.567851562537,208207
2020-06-03,26973.02734375,27296.7034157366,26406.59421777345,27296.7034157366,40593
2020-06-04,26433.56640625,27242.75654197227,26271.728379105545,27242.75654197227,67835
2020-06-05,26433.56640625,26703.297079280925,25894.105060188154,26433.56640625,368403
2020-06-08,25840.16015625,26460.538643973214,25840.16015625,26433.56689453125,265353
2020-06-09,25786.212890625,26109.890834263395,25246.75341796875,25246.75341796875,57700
2020-06-10,25894.10546875,26406.593190583728,25786.21282116118,26406.593190583728,171850
2020-06-11,25354.646484375,25921.07959919381,25354.646484375,25894.10596593605,951325
2020-06-12,25786.212890625,25786.212890625,24869.13009207589,24869.13009207589,23952
2020-06-15,25570.4296875,25894.10575041676,24923.077561666483,25786.21310165432,2166592
2020-06-16,25624.375,25732.26764846688,25084.91552440673,25084.91552440673,19107
2020-06-17,25462.537109375,25732.267790344096,25462.537109375,25732.267790344096,40378
2020-06-18,25624.375,25624.375,25354.646203888635,25408.5915864368,2195388
2020-06-19,25597.404296875,25624.37604756646,25165.835568734816,25624.37604756646,710637
2020-06-22,25543.45703125,25624.376050073537,25435.566261732365,25624.376050073537,84673
2020-06-23,25354.646484375,25624.375283470246,25354.646484375,25624.375283470246,14048
2020-06-24,25300.69921875,25408.59186841424,25300.69921875,25354.646485267403,589642
2020-06-25,25354.646484375,25354.646484375,25246.753834714564,25300.6992178595,729942
2020-06-26,25327.673828125,25354.64746242325,25084.916769552656,25354.64746242325,130880
2020-06-29,25462.537109375,25462.537109375,24815.184981745617,25327.67271057573,36160
2020-06-30,25597.404296875,25597.404296875,24815.185859410256,24815.185859410256,17160
2020-07-01,25894.10546875,25894.10546875,25570.42940935408,25624.37479146322,1147967
2020-07-02,25894.10546875,26136.862513296943,25408.59137965611,26136.862513296943,9473
2020-07-03,25894.10546875,25975.024483598983,25516.48402724493,25975.024483598983,261296
2020-07-06,25813.1875,25813.1875,25084.91633684542,25084.91633684542,1096631
2020-07-07,25300.69921875,25570.429901225307,25192.80845245633,25219.780202344464,185058
2020-07-08,25327.673828125,25327.673828125,25003.99775002854,25003.99775002854,7185
2020-07-09,25624.375,25624.375,25138.860906954887,25300.698937969926,120280
2020-07-10,25489.51171875,25489.51171875,25138.862008397093,25462.538084608816,3485
2020-07-13,25246.75390625,25840.16065600795,24815.185189755983,24815.185189755983,1406440
2020-07-14,25786.212890625,25786.212890625,24869.13009207589,25084.915387834822,73518
2020-07-15,25759.2421875,25786.21393803753,25192.80905902325,25786.21393803753,12976
2020-07-16,25624.375,25624.375,25111.88915736608,25111.88915736608,21252
2020-07-17,25516.484375,25516.484375,25192.808311192806,25192.808311192806,90678
2020-07-20,25489.51171875,25516.485352891188,25111.89025762653,25111.89025762653,71481
2020-07-21,25435.56640625,25489.51179131532,25084.91669489884,25489.51179131532,177141
2020-07-22,25354.646484375,25408.59186751993,25138.861185054124,25192.808451569625,7650
2020-07-23,25354.646484375,25381.618234262183,25111.88943516694,25381.618234262183,2766441
2020-07-24,25300.69921875,25300.69921875,24329.67102188358,25138.86118593893,28688
2020-07-27,24815.185546875,25246.754269579786,24005.99536891016,24815.185546875,24058
2020-07-28,25003.99609375,25192.80775458949,24113.885054575545,25192.80775458949,44007
2020-07-29,24815.185546875,25030.96896654209,23763.238315520703,25003.99721619033,21771
2020-07-30,25057.94140625,25084.915038687064,24599.400955042973,24599.400955042973,331508
2020-07-31,25246.75390625,25246.75390625,24302.697456630005,25057.94223965189,141712
2020-08-03,25462.537109375,25489.51074248308,25138.86104556031,25273.727327730136,93736
2020-08-04,25570.4296875,25570.4296875,24923.077561666483,24923.077561666483,40880
2020-08-05,25570.4296875,25624.375070195943,25138.860975820804,25570.4296875,46438
2020-08-06,25300.69921875,25570.429901225307,24977.02315312786,25570.429901225307,1025398
2020-08-07,24950.048828125,25570.429192281,24950.048828125,25570.429192281,14746
2020-08-10,24950.048828125,25246.75313563284,24842.15806482262,24842.15806482262,28975
2020-08-11,24950.048828125,25273.72676814368,24896.10344647381,24977.022460635853,11976
2020-08-12,25084.916015625,25084.916015625,24950.049731557792,24950.049731557792,1013386
2020-08-13,25030.96875,25354.64670175641,24950.049732903542,25084.916016978023,14907
2020-08-14,24923.078125,25030.96889283053,24815.18547379888,25030.96889283053,164896
2020-08-17,24815.185546875,25030.96896654209,24761.24016280088,25030.96896654209,25650
2020-08-18,24869.130859375,24869.130859375,24761.240091537267,24815.18547545613,16033
2020-08-19,24977.0234375,24977.0234375,24815.18540284635,24869.13078660737,632470
2020-08-20,25030.96875,25624.37550316421,24815.18533219964,25030.96875,1122352
2020-08-21,25030.96875,25030.96875,24815.18533219964,24842.158965688657,6452
2020-08-24,24977.0234375,25030.968821261024,24815.18540284635,25030.968821261024,331741
2020-08-25,24977.0234375,24977.0234375,24815.18540284635,24977.0234375,644428
2020-08-26,24977.0234375,24977.0234375,24815.18540284635,24815.18540284635,30422
2020-08-27,24977.0234375,25030.968821261024,24869.13078660737,24923.07805373898,31370
2020-08-28,24923.078125,24977.023508915263,24788.21184015595,24977.023508915263,608375
2020-08-31,24788.2109375,24923.07721743293,24788.2109375,24869.129952111547,247515
2020-09-01,24950.048828125,24977.022460635853,24761.239050660577,24977.022460635853,318728
2020-09-03,24923.078125,24950.049875272336,24815.18547379888,24950.049875272336,51747
2020-09-04,24815.185546875,24923.078198393847,24707.29289535616,24923.078198393847,291433
2020-09-07,24707.29296875,24923.078272428687,24707.29296875,24815.185620589345,1536105
2020-09-08,24761.240234375,24761.240234375,24545.454930713564,24707.292966774337,12243
2020-09-09,24815.185546875,24815.185546875,24626.373877559672,24626.373877559672,521556
2020-09-10,24815.185546875,24815.185546875,24545.454859763187,24815.185546875,25953
2020-09-11,24761.240234375,24815.185618605054,24599.402198314227,24815.185618605054,27187
2020-09-14,24329.671875,24734.266971214744,24221.77922155253,24545.45529852432,50031
2020-09-15,24653.34765625,24653.34765625,23898.10285791825,24059.940894462863,33783
2020-09-16,24437.564453125,24653.347875984226,24437.564453125,24653.347875984226,9758
2020-09-17,24545.455078125,24626.37409664136,24383.61704109228,24437.56430901693,13995
2020-09-18,24275.724609375,24545.455301339305,23925.076781529096,24545.455301339305,323895
2020-09-21,24545.455078125,24707.29311515772,24086.914600989177,24167.83361950553,1537642
2020-09-22,24491.509765625,24545.45515033774,24329.671728116155,24545.45515033774,4951
2020-09-23,24545.455078125,24599.40234604965,24302.698022575925,24491.509693570966,44455
2020-09-24,26244.755859375,26244.755859375,24275.72393448441,24383.616584944728,3315222
2020-09-25,25624.375,26244.755374471337,25084.91552440673,26244.755374471337,55948
2020-09-28,25354.646484375,25624.375283470246,25084.91580190919,25624.375283470246,104926
2020-09-29,25354.646484375,25354.646484375,24977.02315224875,25354.646484375,23666
2020-09-30,25354.646484375,25354.646484375,25084.91580190919,25084.91580190919,23397
2020-10-01,25354.646484375,25354.646484375,25165.83481831188,25165.83481831188,1495707
2020-10-02,25354.646484375,25354.646484375,24815.185119443377,25084.91580190919,24470
2020-10-05,25300.69921875,25354.646485267403,25192.80845245633,25354.646485267403,463266
2020-10-06,25300.69921875,25300.69921875,25084.915802792097,25192.80845245633,70230
2020-10-07,25192.80859375,25192.80859375,25084.91594348065,25084.91594348065,1495278
2020-10-08,25192.80859375,25192.80859375,24599.401842324434,24599.401842324434,114417
2020-10-09,25192.80859375,25192.80859375,24680.320859183805,24680.320859183805,12368
2020-10-12,25138.861328125,25165.834961536264,24815.18526067214,24815.18526067214,14746
2020-10-13,25138.861328125,25354.64662867396,24815.18526067214,25138.861328125,38431
2020-10-14,25246.75390625,25246.75390625,24869.13057305377,24950.04958968574,17767
2020-10-15,25192.80859375,25246.753977199387,24896.10427635193,25246.753977199387,28027
2020-10-16,24923.078125,25192.808811317507,24869.130857714143,25192.808811317507,2022787
2020-10-19,24923.078125,25030.96889283053,24653.347438682493,25030.96889283053,50496
2020-10-20,24869.130859375,24869.130859375,24437.56402128288,24707.292824247805,12280
2020-10-21,24869.130859375,24869.130859375,24599.402056410072,24761.240091537267,1466160
2020-10-22,24869.130859375,25003.99714422806,24545.454789120613,24545.454789120613,721023
2020-10-23,24977.0234375,25057.94245482683,24626.37373462689,24734.26638551952,15818
2020-10-26,24815.185546875,25003.99721619033,24437.56409161494,24653.34751128203,47046
2020-10-27,24275.724609375,24680.321589006777,24275.724609375,24491.509916294697,1458706
2020-10-28,24221.779296875,24761.24068241931,24221.779296875,24545.45537485333,1076306
2020-10-29,24248.751953125,24275.723702954903,23898.102255001213,23898.102255001213,18661
2020-10-30,24194.8046875,24383.61635316818,24167.832937669235,24194.8046875,34068
2020-11-02,24788.2109375,25057.94161399534,24221.77783521916,25057.94161399534,21235
2020-11-03,24815.185546875,24923.078198393847,23763.238315520703,24356.64507381845,107767
2020-11-04,24761.240234375,24815.185618605054,24329.671510422733,24815.185618605054,1357051
2020-11-05,24491.509765625,24545.45515033774,24383.61711282889,24545.45515033774,4325
2020-11-06,24275.724609375,24545.455301339305,24275.724609375,24383.617262834847,38556
2020-11-09,24275.724609375,24815.18599330361,24275.724609375,24275.724609375,479138
2020-11-10,24545.455078125,24680.321364566007,24329.67165653825,24653.347730603684,62741
2020-11-11,24653.34765625,24653.34765625,24383.6169675521,24545.45500409672,2069638
2020-11-12,24653.34765625,24653.34765625,24491.509619705383,24545.45500409672,9741
2020-11-13,24653.34765625,24734.26667452231,24383.6169675521,24653.34765625,539573
2020-11-16,24275.724609375,24815.18599330361,24275.724609375,24653.34795479916,75842
2020-11-17,24275.724609375,24545.455301339305,24275.724609375,24545.455301339305,19465
2020-11-18,24275.724609375,24275.724609375,24221.779224330392,24275.724609375,3006377
2020-11-19,24464.53515625,24464.53515625,24113.885461170063,24275.72349222688,215215
2020-11-20,23898.1015625,24437.56291065381,23898.1015625,24410.58927823497,47475
2020-11-23,24194.8046875,24221.77832070133,23817.1832395342,23898.102255767622,608982
2020-11-24,23898.1015625,24275.72299951126,23898.1015625,24221.77761804408,61525
2020-11-25,24221.779296875,24221.779296875,23898.10321889667,24167.833911668826,67298
2020-11-26,23898.1015625,24221.77761804408,23898.1015625,24221.77761804408,895161
2020-11-27,23898.1015625,24221.77761804408,23736.26353472796,23898.1015625,163913
2020-11-30,24005.994140625,24032.96588959673,23736.26346731416,23898.101494626564,130290
2020-12-01,23574.42578125,24221.777899870263,23520.478515784627,24005.994488120352,76021
2020-12-02,24113.88671875,24113.88671875,23628.37260025919,23736.26525438069,3093715
2020-12-03,24653.34765625,25084.91638149252,24005.995510071527,24005.995510071527,619797
2020-12-04,24653.34765625,24707.293040641336,24275.72431539882,24653.34765625,1238701
2020-12-07,24167.833984375,24653.34810280311,23925.076925160945,24653.34810280311,604817
2020-12-08,24167.833984375,25084.91683586276,24167.833984375,24167.833984375,88427
2020-12-09,24167.833984375,24383.617409219503,24005.995944898965,24167.833984375,97632
2020-12-10,24167.833984375,24167.833984375,23952.04867615985,24167.833984375,69926
2020-12-11,24113.88671875,24275.72475824694,23898.10329387764,24275.72475824694,102870
2020-12-14,23871.12890625,24248.752242074028,23871.12890625,24113.885957835195,1130753
2020-12-15,24167.833984375,24437.56467795861,23844.15790542293,23871.12965642184,2645910
2020-12-16,24167.833984375,24167.833984375,23844.15790542293,24167.833984375,83690
2020-12-17,23898.1015625,24275.72299951126,23871.12793008116,24275.72299951126,1097023
2020-12-18,24005.994140625,24194.80391690913,23898.101494626564,24194.80391690913,25650
2020-12-21,24059.939453125,24167.83209881485,23736.26339942594,24005.99407196532,87265
2020-12-22,24059.939453125,24194.80384770944,23871.127794010383,24059.939453125,3624460
2020-12-23,25354.646484375,25624.375283470246,24167.83298822188,24275.72375451176,328006
2020-12-24,25462.537109375,26163.836503220537,25192.80831177646,25354.64634368381,518606
2020-12-25,26001.998046875,26163.83607614062,25462.5366937426,25462.5366937426,3735838
2020-12-28,26055.943359375,26865.135386916307,25894.10533054084,26001.997977553787,70623
2020-12-29,25894.10546875,26163.83614603678,25462.536761765256,26001.99811633882,345345
2020-12-30,26379.619140625,26595.40443238979,25705.29339975841,25786.212413327587,4155830
2020-12-31,26379.619140625,26514.48541882062,26163.83573223072,26514.48541882062,86997
2021-01-04,26217.78125,26379.61927798101,26001.99784048215,26379.61927798101,46832
2021-01-05,26001.998046875,26217.78145810565,25921.0790322422,26217.78145810565,139603
2021-01-06,25354.646484375,25948.05323245156,24977.02315224875,25840.160582791123,378431
2021-01-07,25732.267578125,25867.13385918256,25354.64613457903,25354.64613457903,72393
2021-01-08,25786.212890625,25975.024553571428,25516.484095982145,25786.212890625,88838
2021-01-11,26001.998046875,26001.998046875,25570.429341043186,25786.21275227383,54876
2021-01-12,26163.8359375,26163.8359375,25840.159880683907,26001.99790909195,143536
2021-01-13,27242.7578125,27620.38114902871,26379.620371894875,27404.595847192137,2479995
2021-01-14,27080.919921875,27404.59599298119,26811.18923482964,27404.59599298119,2007326
2021-01-15,27188.8125,27458.543186317507,26973.02719759776,27404.59591903165,79901
2021-01-18,26973.02734375,27188.812647321465,26649.3512717634,27188.812647321465,236486
2021-01-19,25624.375,26973.026514039004,25138.860906954887,26973.026514039004,269376
2021-01-20,25894.10546875,26163.83614603678,24869.130025082544,25624.37479146322,158908
2021-01-21,26325.673828125,26433.566474289182,25894.10512683878,26406.59284190551,96167
2021-01-22,26325.673828125,26649.34988324704,25894.10512683878,26649.34988324704,52910
2021-01-25,25894.10546875,26379.61955784389,25786.21282116118,26379.61955784389,36822
2021-01-26,25732.267578125,25894.105608697635,25624.374929953065,25894.105608697635,4507681
2021-01-27,25840.16015625,25948.052804129464,25462.536830357145,25624.374860491072,193228
2021-01-28,24275.724609375,25624.376185825902,24059.941185825934,24653.34795479916,806520
2021-01-29,25624.375,25624.375,24275.723485961,24275.723485961,49692
2021-02-01,25624.375,25894.10567948191,24869.13022747298,24869.13022747298,144072
2021-02-02,25894.10546875,25948.05273422968,25192.807967849003,25192.807967849003,143715
2021-02-03,25840.16015625,25894.105538504464,25435.565080915178,25840.16015625,928963
2021-02-04,25840.16015625,25894.105538504464,25624.374860491072,25651.34849330357,91877
2021-02-05,25840.16015625,25840.16015625,25624.374860491072,25840.16015625,39146
2021-02-08,25624.375,25624.375,25435.56521939616,25435.56521939616,2841748
2021-02-09,25570.4296875,25894.10575041676,25435.565289074868,25435.565289074868,23952
2021-02-17,25894.10546875,26325.674175734748,25624.37479146322,25624.37479146322,637422
2021-02-18,25894.10546875,26001.99811633882,25894.10546875,26001.99811633882,27885
2021-02-19,25948.052734375,25948.052734375,25732.267439196152,25894.105468895024,2577056
2021-02-22,26163.8359375,26190.809570024845,25894.10526236308,25894.10526236308,86693
2021-02-23,26325.673828125,26433.566474289182,26163.835800563986,26163.835800563986,71321
2021-02-24,26217.78125,26325.67389644418,26055.943222018985,26325.67389644418,203953
2021-02-25,26271.728515625,26379.61927870161,26163.83586917787,26163.83586917787,1751571
2021-02-26,26271.728515625,26379.61927870161,26163.83586917787,26379.61927870161,195195
2021-03-01,26487.513671875,26487.513671875,26163.837594559223,26379.621018312864,1039395
2021-03-02,26487.513671875,26595.40632543714,26487.513671875,26487.513671875,37716
2021-03-03,26568.431640625,26595.40527379159,26487.512624495783,26487.512624495783,52195
2021-03-04,26433.56640625,26595.40443339445,26433.56640625,26433.56640625,58272
2021-03-05,26433.56640625,26595.40443339445,26163.835733219075,26595.40443339445,26812
2021-03-08,26433.56640625,26541.45716876597,26217.78111447706,26433.56640625,48262
2021-03-09,26433.56640625,26433.56640625,26217.78111447706,26433.56640625,15730
2021-03-10,26379.619140625,26433.566405251448,26271.72837811311,26406.592772938224,25025
2021-03-11,26595.40625,26595.40625,26379.6209434878,26379.6209434878,3502587
2021-03-12,26757.244140625,27242.75825254377,26595.406103318743,26595.406103318743,99742
2021-03-15,26001.998046875,26703.29742927302,25867.133650277163,26703.29742927302,48977
2021-03-16,25840.16015625,26001.998186383928,25624.374860491072,26001.998186383928,1128448
2021-03-17,25570.4296875,25813.18673468757,25489.51067177081,25786.21310165432,53803
2021-03-18,25462.537109375,25570.429758436752,25354.64634368381,25570.429758436752,17696
2021-03-19,25624.375,25624.375,25111.88915736608,25111.88915736608,1133453
2021-03-22,25516.484375,25624.37514068869,25354.646343096403,25354.646343096403,2508683
2021-03-23,25354.646484375,25516.48451718037,25273.727467972312,25516.48451718037,16981
2021-03-24,25030.96875,25138.86140058547,25030.96875,25138.86140058547,5005
2021-03-25,25354.646484375,25354.646484375,25003.9967855065,25354.646484375,183933
2021-03-26,24923.078125,25192.808811317507,24896.10449135707,25084.916160116387,3437183
2021-03-29,25030.96875,25084.916016978023,24896.1043492961,25084.916016978023,19305
2021-03-30,25138.861328125,25219.780344988216,24788.21162726088,25219.780344988216,13763
2021-03-31,25057.94140625,25084.915038687064,24923.0770108057,25084.915038687064,1430
2021-04-01,24815.185546875,24815.185546875,24788.21191315264,24815.185546875,2278847
2021-04-02,24815.185546875,24923.078198393847,24707.29289535616,24923.078198393847,1465785
2021-04-05,24869.130859375,25030.968894502195,24761.240091537267,24815.18547545613,19841
2021-04-06,24842.158203125,24869.129952415497,24275.723217466708,24869.129952415497,2011973
2021-04-07,24923.078125,24923.078125,24788.21184015595,24815.18547379888,1050191
2021-04-08,24815.185546875,24923.078198393847,24707.29289535616,24923.078198393847,24310
2021-04-09,25084.916015625,25084.916015625,24302.697594821053,24599.40191307245,2052586
2021-04-12,25030.96875,25030.96875,24545.45464742126,24545.45464742126,8401
2021-04-13,25030.96875,25030.96875,24545.45464742126,24815.18533219964,75968
2021-04-14,25084.916015625,25084.916015625,24761.239947256632,24977.02336504535,3075572
2021-04-15,24869.130859375,25840.16095350876,24815.18547545613,24815.18547545613,45938
2021-04-16,24869.130859375,25003.99714422806,24815.18547545613,24815.18547545613,199127
2021-04-19,24869.130859375,25030.968894502195,24815.18547545613,24869.130859375,2570496
2021-04-20,24869.130859375,24977.023510583327,24545.454789120613,24815.18547545613,34141
2021-04-22,24815.185546875,24869.130930949123,24464.535841966703,24842.15918059736,105820
2021-04-23,24707.29296875,24815.185620589345,24707.29296875,24815.185620589345,2265835
2021-04-26,24302.697265625,24545.45431361297,24302.697265625,24545.45431361297,205026
2021-04-27,24329.671875,24545.45529852432,24275.724606590946,24275.724606590946,626340
2021-04-28,24815.185546875,24815.185546875,24329.67144009609,24329.67144009609,2502
2021-04-29,24815.185546875,24815.185546875,24302.697806373733,24302.697806373733,1384776
2021-05-04,24815.185546875,24815.185546875,24491.50947568906,24815.185546875,1899576
2021-05-05,24815.185546875,24815.185546875,24329.67144009609,24383.61682417021,295831
2021-05-06,24761.240234375,24788.21198480473,24707.292966774337,24788.21198480473,1235341
2021-05-07,24734.265625,24761.23925773643,24545.45396258605,24761.23925773643,2094235
2021-05-10,24815.185546875,24815.185546875,23520.479378760647,23520.479378760647,23952
2021-05-11,24815.185546875,24815.185546875,24707.29289535616,24815.185546875,1399076
2021-05-12,24815.185546875,24869.130930949123,24653.34751128203,24815.185546875,625446
2021-05-13,24707.29296875,24707.29296875,24545.454932676286,24653.347584515628,1498997
2021-05-14,24815.185546875,24815.185546875,24437.56409161494,24815.185546875,1072
2021-05-17,24734.265625,24815.18463983876,24302.69691806977,24815.18463983876,1453952
2021-05-18,24707.29296875,24707.29296875,24383.61689660257,24383.61689660257,758078
2021-05-19,24599.40234375,24599.40234375,24518.483325241206,24545.4550758304,1175460
2021-05-20,24815.185546875,24815.185546875,23736.26468179834,24491.50947568906,247032
2021-05-21,24788.2109375,24788.2109375,24275.723217170013,24761.23918820983,175890
2021-05-24,24788.2109375,24815.18457016069,24707.29192288845,24761.23918820983,353925
2021-05-25,24761.240234375,24761.240234375,24329.671510422733,24599.402198314227,35213
2021-05-26,24788.2109375,24815.18457016069,24437.56312976364,24437.56312976364,49156
2021-05-27,24653.34765625,24653.34765625,24437.564235314047,24491.509619705383,1679356
2021-05-28,24761.240234375,24761.240234375,24437.564162253453,24437.564162253453,959530
2021-05-31,24761.240234375,24815.185618605054,23952.048170700527,24815.185618605054,883561
2021-06-01,24545.455078125,24761.240383082364,24545.455078125,24761.240383082364,1179392
2021-06-02,24815.185546875,24815.185546875,24545.454859763187,24707.29289535616,166416
2021-06-03,25354.646484375,25354.646484375,24383.61640417219,24815.185119443377,167488
2021-06-04,24869.130859375,24869.130859375,24599.402056410072,24815.18547545613,71678
2021-06-07,25084.916015625,25084.916015625,24869.1307144657,24923.077981440816,1952665
2021-06-08,25030.96875,25300.699434778384,24815.18533219964,25246.75405117094,1408907
2021-06-09,24815.185546875,24869.130930949123,24653.34751128203,24815.185546875,32353
2021-06-10,24761.240234375,24842.159252405385,24545.454930713564,24815.185618605054,182146
2021-06-11,25030.96875,25030.96875,24518.48289730283,24653.34729800673,508722
2021-06-14,25991.208984375,26169.23082182225,25516.484712305857,26169.23082182225,72475
2021-06-15,25813.1875,25813.1875,25219.78073926903,25219.78073926903,38025
2021-06-16,25279.12109375,25813.18659466565,25219.77985474697,25279.12109375,69225
2021-06-17,25724.177734375,25813.18771336655,25279.122189305384,25279.122189305384,17550
2021-06-18,26050.55078125,26050.55078125,25516.48525749728,25813.187698458583,53625
2021-06-21,25931.869140625,26050.54973557152,25516.48423325637,26050.54973557152,94087
2021-06-22,25872.52734375,26109.890411896904,25575.82303772374,25813.186105870645,166562
2021-06-23,25872.52734375,25872.52734375,25575.82303772374,25872.52734375,200037
2021-06-24,26109.890625,26109.890625,25575.8232464679,25575.8232464679,1284400
2021-06-25,26376.923828125,26376.923828125,25575.82460126181,25813.18768391954,353437
2021-06-28,26287.9140625,26376.92404211212,26050.550977916628,26376.92404211212,206700
2021-06-29,26287.9140625,26287.9140625,26109.89221990513,26258.24344150575,410637
2021-06-30,25813.1875,26287.913661933017,25664.836280659907,26287.913661933017,34775
2021-07-01,25813.1875,26198.9018003066,24923.078300588848,25635.165660117767,38512
2021-07-02,25753.845703125,25753.845703125,25338.4626746112,25694.506346691924,4712
2021-07-05,25783.515625,26554.94418808051,25219.779512238896,26554.94418808051,12187
2021-07-06,25338.462890625,25753.84592268,25219.78041000593,25219.78041000593,39325
2021-07-07,25219.779296875,25279.120534565376,24923.07687516411,25279.120534565376,115375
2021-07-08,25219.779296875,25219.779296875,24923.07687516411,24923.07687516411,22425
2021-07-09,24804.39453125,25160.440075908853,24507.692107966548,25160.440075908853,58012
2021-07-12,24329.671875,24804.396160101755,23736.26510609484,24804.396160101755,30387
2021-07-13,24329.671875,24567.0349592362,23765.93572704569,24329.671875,40137
2021-07-14,24448.3515625,24863.736473559675,24032.966651440325,24863.736473559675,4062
2021-07-15,24715.384765625,24834.065359263128,23884.61496004652,24774.726004129327,136337
2021-07-16,24923.078125,24923.078125,24329.67136844972,24685.71504570577,2762
2021-07-19,24626.373046875,24923.07735770089,23736.263881138395,23736.263881138395,12350
2021-07-20,24685.71484375,24685.71484375,24092.308092054427,24092.308092054427,14137
2021-07-21,24685.71484375,24685.71484375,24685.71484375,24685.71484375,162
2021-07-22,24685.71484375,24685.71484375,24329.67116940677,24329.67116940677,17225
2021-07-23,24804.39453125,24863.73576925489,24804.39453125,24834.065150252445,19500
2021-07-26,24745.056640625,24745.056640625,24121.97925482157,24121.97925482157,18687
2021-07-27,24329.671875,24626.37431776727,24181.320653616367,24181.320653616367,110012
2021-07-28,24626.373046875,24626.373046875,24210.988141741072,24210.988141741072,29412
2021-07-29,24626.373046875,24626.373046875,24240.65876116072,24329.670619419645,84337
2021-07-30,24834.06640625,24834.06640625,24507.6933474576,24507.6933474576,119112
2021-08-02,24685.71484375,24774.726704021097,24626.37360356927,24626.37360356927,26162
2021-08-03,24596.703125,24596.703125,24329.67130939146,24329.67130939146,82550
2021-08-04,24626.373046875,24626.373046875,24329.670619419645,24329.670619419645,108387
2021-08-05,24685.71484375,24715.385463840365,24329.67116940677,24389.012409587503,6987
2021-08-06,24923.078125,24923.078125,24329.67136844972,24745.05628637197,22425
2021-08-09,24923.078125,24923.078125,24389.012609115925,24923.078125,121225
2021-08-10,25219.779296875,25219.779296875,24863.735637473736,24863.735637473736,61425
2021-08-11,25219.779296875,25219.779296875,24923.07687516411,25219.779296875,21937
2021-08-12,25338.462890625,25338.462890625,24923.077975199423,24923.077975199423,34287
2021-08-13,25308.79296875,25338.4635897234,24923.07866283718,24923.07866283718,118787
2021-08-16,25486.814453125,25486.814453125,25041.75891151851,25308.792613156525,28275
2021-08-17,26406.59375,26406.59375,25397.802087931374,25486.81394783621,179887
2021-08-18,28246.154296875,28246.154296875,26821.977769428097,26821.977769428097,1139125
2021-08-19,28720.87890625,29314.28564309004,28720.87890625,29314.28564309004,186387
2021-08-20,28364.8359375,28720.87961167485,27593.40734899764,28364.8359375,272187
2021-08-23,28572.52734375,29314.28528489375,27296.702027616702,28008.79123314593,525850
2021-08-24,28483.515625,29076.92235746837,28186.81320045107,28186.81320045107,575982
2021-08-25,28424.177734375,28483.517092319325,27919.780949939257,28483.517092319325,96037
2021-08-26,28127.47265625,28483.516327842444,28038.46268003717,28424.176971490742,297862
2021-08-27,29670.330078125,29789.01255859377,28068.131658761144,28068.131658761144,753187
2021-08-30,30975.82421875,31509.89161479183,30263.736868521668,30857.14362150214,4084340
2021-08-31,30679.12109375,31213.186594406256,30560.440499172124,30857.142927302084,328250
2021-09-01,29789.01171875,30263.735977129432,29610.98800306587,30085.71414481583,630662
2021-09-06,30916.484375,31509.89111863668,29848.351483105755,29848.351483105755,599300
2021-09-07,31450.55078125,31450.55078125,30263.737259939346,30916.485261671387,532025
2021-09-08,31747.25390625,32578.02371651786,31450.54959542411,32043.95633370536,521950
2021-09-09,32043.95703125,32221.97698490199,31153.84596276659,31450.55028005125,283075
2021-09-10,31865.93359375,32043.957315723565,31509.891799914647,32043.957315723565,127075
2021-09-13,30323.078125,31450.55039125292,29967.034449695984,31450.55039125292,333287
2021-09-14,29373.626953125,30619.77978515625,29136.263881138395,30263.73611886161,860437
2021-09-15,30382.41796875,30797.80289105008,28780.22140421192,29373.628167016224,327925
2021-09-16,30263.736328125,30679.121236131174,29670.329585740543,30263.736328125,146412
2021-09-17,30145.056640625,30263.73723932699,29076.923718824663,30263.73723932699,560462
2021-09-20,29136.263671875,30263.735901500448,29076.92243346192,30263.735901500448,156325
2021-09-21,28305.494140625,29076.92271395464,27890.10923446742,29076.92271395464,302575
2021-09-22,28780.220703125,28780.220703125,28068.13147508397,28305.494551097647,252525
2021-09-23,29076.923828125,30501.100434755404,29076.923828125,30501.100434755404,3490175
2021-09-24,28364.8359375,28958.24268891494,28305.49469734733,28305.49469734733,71175
2021-09-27,27652.748046875,28483.515975867947,27652.748046875,28364.83538126054,423800
2021-09-28,28008.79296875,28424.17789353933,27652.749285607893,27652.749285607893,1540337
2021-09-29,28335.166015625,28483.517236291584,27890.11047025462,28068.13231172865,1632312
2021-09-30,28394.505859375,28453.845214697976,28186.81340731825,28335.16462068149,78812
2021-10-01,28483.515625,28602.198101515984,28186.81320045107,28394.505650983527,382525
2021-10-04,28483.515625,28602.198101515984,27949.450130789617,28483.515625,1600137
2021-10-05,28364.8359375,28453.845914358422,28097.802240183573,28453.845914358422,1093527
2021-10-06,28097.802734375,28483.517035410223,28068.13211377681,28186.814596169563,92137
2021-10-07,28008.79296875,28394.50727271572,27890.11048545555,28127.473568673828,1540500
2021-10-08,28780.220703125,28780.220703125,28275.82393117462,28275.82393117462,2218840
2021-10-11,29314.287109375,29670.33079261404,28661.53910118969,28898.902184472587,221000
2021-10-12,28898.900390625,29432.965882332388,28898.900390625,29373.62652772302,1349075
2021-10-13,28542.857421875,28958.242331069483,28483.51618245563,28898.90109165012,1971027
2021-10-14,28364.8359375,28542.857774587425,28186.81410041257,28216.48472048891,426887
2021-10-15,28186.814453125,28305.49505154485,28068.131971334547,28246.155694020228,686400
2021-10-18,28008.79296875,28216.485431144665,27919.78110627916,28216.485431144665,1982545
2021-10-19,28424.177734375,28424.177734375,27919.780949939257,27919.780949939257,360587
2021-10-20,28127.47265625,28424.176971490742,27890.10958073152,28424.176971490742,814612
2021-10-21,28127.47265625,28364.83573176848,27919.78020059265,28364.83573176848,1962232
2021-10-22,28008.79296875,28246.15605196828,27949.451727102773,27979.122347926383,420225
2021-10-25,29670.330078125,29670.330078125,28008.79230189733,28068.131658761144,949000
2021-10-26,29195.60546875,29432.966660201604,28483.51624428352,28483.51624428352,1988395
2021-10-27,29195.60546875,29225.27420515353,28958.24239392784,29225.27420515353,506512
2021-10-28,29076.923828125,29492.30875019931,29017.58447023625,29195.606310643725,705737
2021-10-29,28780.220703125,29195.605615306293,28631.869486880416,29076.923135614168,2240595
2021-11-01,29373.626953125,29640.65876116072,28602.198381696428,28602.198381696428,1156512
2021-11-02,29670.330078125,30263.736830357146,29373.627643694217,29373.627643694217,901387
2021-11-03,29254.9453125,29670.33022951908,29017.58411709246,29670.33022951908,2088982
2021-11-04,29136.263671875,29136.263671875,28780.220008137545,28958.241840006274,329875
2021-11-05,29136.263671875,29403.297361363355,28839.55936318011,29136.263671875,787312
2021-11-08,30026.373046875,30085.714285714286,28928.571428571428,29136.263881138395,1430532
2021-11-09,30145.056640625,30263.73723932699,29848.352318814115,30085.715399588706,1471925
2021-11-10,30085.71484375,30263.736680199305,29907.69300730069,30145.05608368996,781625
2021-11-11,30916.484375,31450.549879261845,29670.32964835181,30263.736391988485,1723195
2021-11-12,30797.802734375,31509.89197613999,30619.7808947764,31509.89197613999,1280500
2021-11-15,31331.869140625,31450.549735461474,30560.44056576155,30797.8017554345,1170650
2021-11-16,31450.55078125,31450.55078125,30501.1003408756,30679.12218073513,1603107
2021-11-17,30975.82421875,31391.209134173387,30857.14362150214,31391.209134173387,1326000
2021-11-18,30857.142578125,31153.845002897506,30679.1207465874,30857.142578125,1059662
2021-11-19,31331.869140625,31569.23033029795,30857.142994538008,31035.164828477995,1849945
2021-11-22,31747.25390625,32815.38490513393,31569.230189732145,31569.230189732145,1700562
2021-11-23,31984.615234375,31984.615234375,30975.823586559723,31747.25404472362,834275
2021-11-24,33408.7890625,33646.154012901185,31865.931951856288,32043.955664657176,1948212
2021-11-25,33052.74609375,34061.53962053572,32934.0673828125,33290.111049107145,1494350
2021-11-26,32756.044921875,33290.112325158974,32756.044921875,33112.088601817246,747987
2021-11-29,34061.5390625,34358.24148509443,32815.38436751417,32815.38436751417,766837
2021-11-30,33942.859375,34417.58555019205,33527.47444254962,34417.58555019205,2628970
2021-12-01,33527.47265625,34358.24247688844,33230.77022509088,33824.17508740912,847437
2021-12-02,33824.17578125,33824.17578125,32637.36226552709,33230.77090675914,354737
2021-12-03,33824.17578125,33883.51702204732,33349.453388353795,33824.17578125,2685682
2021-12-06,33230.76953125,33705.49567123724,32637.36091458069,33705.49567123724,860762
2021-12-07,33230.76953125,33349.452007932065,32756.04339126276,32815.384629603795,280475
2021-12-08,32756.044921875,33230.77108404506,32578.02496527449,33230.77108404506,2297307
2021-12-09,32637.361328125,32756.04380631088,32103.297709770708,32578.023855773143,801287
2021-12-10,31628.572265625,32637.36205236737,31509.89166817607,32637.36205236737,236112
2021-12-13,30916.484375,31450.549879261845,30026.373317859703,31450.549879261845,1403557
2021-12-14,31509.890625,31687.91245696504,30916.48389065968,30916.48389065968,1543912
2021-12-15,31569.23046875,31984.61537755522,31391.20863402927,31747.25418684128,488800
2021-12-16,31153.845703125,31569.23061383929,31153.845703125,31509.891257573363,1570445
2021-12-17,31035.166015625,31035.166015625,30560.44173474956,30857.144174875382,752212
2021-12-20,30975.82421875,30975.82421875,30263.736868521668,30975.82421875,720687
2021-12-21,31035.166015625,31569.231537873857,30975.82477425159,30975.82477425159,1790957
2021-12-22,31153.845703125,31450.55001793688,30441.7583609694,31450.55001793688,760987
2021-12-23,31035.166015625,31331.870339121444,30501.100493376147,31331.870339121444,699562
2021-12-24,30560.44140625,30857.14384318652,30204.395845207346,30560.44140625,1691637
2021-12-27,30679.12109375,30738.462332724208,30441.758021223704,30679.12109375,442812
2021-12-28,30797.802734375,32815.386094319896,30204.395974589475,30263.73721557921,1205425
2021-12-29,31331.869140625,31391.208496357965,30441.758087554528,30797.8017554345,1496800
2021-12-30,31747.25390625,31747.25390625,30560.4404296875,31272.527762276783,683800
2021-12-31,30797.802734375,31687.913815738582,30797.802734375,31687.913815738582,380250
2022-01-04,30738.462890625,30857.143487356923,30560.44105384183,30857.143487356923,1804087
2022-01-05,30560.44140625,30738.46324508603,30441.758924778915,30738.46324508603,535275
2022-01-06,30145.056640625,30560.441561137875,29967.03480088671,30382.41783802898,838337
2022-01-07,29789.01171875,30263.735977129432,29640.65862234656,30263.735977129432,135200
2022-01-10,29462.63671875,29967.033478560294,29195.604912610925,29789.011646677405,1254500
2022-01-11,29551.6484375,29551.6484375,29047.251680060097,29047.251680060097,531862
2022-01-12,30738.462890625,30857.143487356923,29373.62755304032,29373.62755304032,460200
2022-01-13,31035.166015625,31391.20969712424,29670.33064763085,30560.44173474956,815262
2022-01-14,31094.505859375,31391.208286164765,29789.011791433088,30560.44036113111,96037
2022-01-17,30145.056640625,30975.824598280145,30026.374158552404,30975.824598280145,297700
2022-01-18,30263.736328125,30263.736328125,29403.2977758584,30026.37325449711,1956512
2022-01-19,30382.41796875,30382.41796875,29729.67184802469,29729.67184802469,800312
2022-01-20,30323.078125,30382.41748197028,30026.373806666263,30382.41748197028,238712
2022-01-21,30204.39453125,30441.75760049576,29789.011514283065,29789.011514283065,820625
2022-01-24,29373.626953125,30204.39488002232,29254.944475446428,30204.39488002232,567450
2022-01-25,29373.626953125,29670.32938058036,29076.92264229911,29076.92264229911,617825
2022-01-26,29551.6484375,30145.055168777788,29106.592918199032,29106.592918199032,915850
2022-01-27,29492.30859375,30145.05659402848,29076.9236738792,29136.26491482377,417950
2022-01-28,29670.330078125,30145.056233258947,29373.627643694217,29373.627643694217,416162
2022-02-07,30085.71484375,30263.736680199305,29729.67117085139,30263.736680199305,371312
2022-02-08,30323.078125,30857.14363795603,30085.71504700713,30085.71504700713,1759887
2022-02-09,30382.41796875,30382.41796875,30263.737369537383,30323.078610829,42900
2022-02-10,30738.462890625,30738.462890625,30263.73673695617,30382.41733368809,370662
2022-02-11,30797.802734375,31687.913815738582,30382.41781418808,31687.913815738582,416975
2022-02-14,30501.099609375,30797.802040901617,30263.736534131367,30797.802040901617,767975
2022-02-15,30619.78125,30797.80309166385,30263.737566672306,30619.78125,124150
2022-02-16,30916.484375,31035.164970379115,30263.736391988485,30382.4169873676,696637
2022-02-17,31094.505859375,31094.505859375,30738.46219387908,30916.48402662704,526012
2022-02-18,31865.93359375,31925.274834407854,30679.12196418704,31035.165641392985,459550
2022-02-21,31806.595703125,32043.95689590549,31806.595703125,32043.95689590549,194837
2022-02-22,31747.25390625,31806.595145089286,31331.869001116072,31747.25390625,1499725
2022-02-23,31747.25390625,32340.65876116072,31450.54959542411,31628.571428571428,1153750
2022-02-24,31391.208984375,32043.95697454979,31094.50655098592,32043.95697454979,195000
2022-02-25,31747.25390625,31747.25390625,31213.1865234375,31391.208356584822,3631225
2022-02-28,31153.845703125,31984.61552455358,31153.845703125,31450.55001793688,887575
2022-03-01,31450.55078125,31509.89202232672,31153.84645923704,31153.84645923704,666575
2022-03-02,31331.869140625,31450.549735461474,31035.164828477995,31153.84542331447,191100
2022-03-03,31331.869140625,31628.57156940145,31272.527901521487,31331.869140625,551200
2022-03-04,31865.93359375,32043.957315723565,31153.846239338105,31331.86996131168,888875
2022-03-07,31865.93359375,31984.61607506571,31628.572397859763,31865.93359375,266175
2022-03-08,31747.25390625,31806.595145089286,31213.1865234375,31569.230189732145,1445125
2022-03-09,31925.275390625,31984.616632316727,31331.87050719024,31925.275390625,475312
2022-03-10,31865.93359375,32043.957315723565,31450.55055925679,32043.957315723565,375862
2022-03-11,32103.298828125,32281.31878486426,31747.255147905264,32221.977543704103,744737
2022-03-14,31628.572265625,32162.63966257165,31450.55042776632,32103.298422161894,598487
2022-03-15,31687.9140625,31747.255303951835,31450.550980063264,31509.892221515103,51025
2022-03-16,31865.93359375,31925.274834407854,31450.55055925679,31628.572397859763,757900
2022-03-17,31865.93359375,31865.93359375,31747.254879175474,31865.93359375,95712
2022-03-18,31747.25390625,31865.9326171875,31509.890834263395,31509.890834263395,269912
2022-03-21,32043.95703125,32043.95703125,31687.913357204867,31747.25459733592,163312
2022-03-22,32162.638671875,32281.31738229772,32043.956194711227,32103.29743329311,1607950
2022-03-23,32043.95703125,32043.95703125,31865.933310856857,31984.61579111895,72962
2022-03-24,33646.15625,33705.49749154583,31747.25535423951,31984.616553681604,508137
2022-03-25,35663.73828125,35663.73828125,33349.4525488583,33349.4525488583,1403350
2022-03-28,35901.1015625,36494.50645661145,35485.71662992545,36494.50645661145,276250
2022-03-29,35901.1015625,36079.121524036906,35307.69290164722,35901.1015625,701512
2022-03-30,35604.3984375,35901.10087890621,35070.33102957583,35426.37471261153,443950
2022-03-31,36553.84765625,36672.53014162881,35426.37534537521,35663.74031613283,930800
2022-04-01,36316.484375,36731.86928332531,36316.484375,36613.186804734905,925762
2022-04-04,36079.12109375,36672.52974752567,36079.12109375,36613.18850547397,479375
2022-04-05,36019.78125,36197.80119770831,35485.71387339302,36079.11872140876,1150025
2022-04-06,35010.98828125,36079.11928439013,35010.98828125,36079.11928439013,572000
2022-04-07,34239.55859375,35604.3957479032,34239.55859375,34773.625961330115,119762
2022-04-08,33824.17578125,34832.96934132213,33824.17578125,34298.90194088741,279500
2022-04-12,32400.0,34120.880859375,32400.0,34120.880859375,172412
2022-04-13,33586.8125,34120.87986728408,32696.701476773524,32993.40389560203,221162
2022-04-14,33824.17578125,34417.584422482054,33586.8145848019,33646.15582559922,116187
2022-04-15,33824.17578125,34239.56070009008,33408.79086240992,33408.79086240992,95712
2022-04-18,35189.01171875,35189.01171875,33527.47210480156,33824.17453108062,1142862
2022-04-19,34417.58203125,35604.395464516616,34417.58203125,34654.94321120695,147550
2022-04-20,34298.90234375,34417.584826738654,33705.49746228922,34417.584826738654,92787
2022-04-21,34714.28515625,34951.646341050466,33230.769276079816,34298.90025779343,145762
2022-04-22,34714.28515625,35010.987578935834,33824.174121451484,34951.646341050466,213525
2022-04-25,33764.8359375,34892.31202581702,32637.363615924336,34892.31202581702,168512
2022-04-26,34773.62890625,35545.05752100728,32578.025546322744,33527.47412085563,320287
2022-04-27,34595.60546875,34773.629196754126,34239.56177948306,34773.629196754126,413887
2022-04-28,34595.60546875,34892.31168209021,34298.903022151106,34358.24426481915,84012
2022-04-29,34239.55859375,34417.58230519036,34120.87988619739,34358.24106804357,56062
2022-05-04,33764.8359375,34239.56211677958,33764.8359375,34180.22087352697,940887
2022-05-05,33764.8359375,33824.17718075262,33230.77228170916,33527.47473123088,52000
2022-05-06,33586.8125,33764.83244460072,32993.40389560203,32993.40389560203,87100
2022-05-09,32340.66015625,33527.47368400845,32340.66015625,33527.47368400845,151937
2022-05-10,33171.4296875,33230.770928335856,31153.84633278692,31153.84633278692,91000
2022-05-11,33349.453125,33349.453125,32934.068209440135,33171.42940401384,31687
2022-05-12,32637.361328125,33290.111191406264,32281.317660308443,33290.111191406264,184925
2022-05-13,32221.9765625,33527.47252804568,32221.9765625,32340.659041206272,309237
2022-05-16,32637.361328125,33230.76995231332,30916.484228135152,32043.956470677767,68737
2022-05-17,32578.0234375,32637.360909090014,31450.54932606262,32637.360909090014,15925
2022-05-18,33705.49609375,33824.174805178714,32637.36132370393,32637.36132370393,73450
2022-05-19,32934.06640625,33705.49495480413,32399.99903927369,32399.99903927369,1853475
2022-05-20,33408.7890625,33408.7890625,32993.40416603893,33230.76911644011,17062
2022-05-23,33527.47265625,33527.47265625,32637.36159603151,33230.77022509088,36725
2022-05-24,33527.47265625,33764.833847829075,32874.726554351706,33527.47265625,32825
2022-05-25,34417.58203125,34417.58203125,33527.471014614806,33527.471014614806,204587
2022-05-26,35307.69140625,35307.69140625,33230.77059808304,34358.242862535684,277062
2022-05-27,35307.69140625,35307.69140625,34892.31025800954,35307.69140625,94737
2022-05-30,35010.98828125,36197.80176254162,35010.98828125,36197.80176254162,1283750
2022-05-31,34951.6484375,35010.98967894474,34417.584797979805,35010.98967894474,812987
2022-06-01,34892.30859375,35189.01101408758,33883.51509116487,33883.51509116487,1046987
2022-06-02,34832.96875,35010.988702628725,34298.90135863156,35010.988702628725,410800
2022-06-03,34773.62890625,34773.62890625,33942.85904932042,33942.85904932042,39650
2022-06-06,34417.58203125,35248.35181121073,34417.58203125,35010.986864512844,240337
2022-06-07,35248.35546875,35663.74040183271,34358.244359752585,34417.585602584586,474012
2022-06-08,35545.0546875,36079.11829099472,35248.35226703171,35248.35226703171,2739915
2022-06-09,36257.14453125,37645.71602393617,35640.0016456117,37645.71602393617,1074250
2022-06-10,36025.71484375,36102.85770208779,35485.714835385435,35485.714835385435,12875
2022-06-13,35022.859375,35485.716547356824,34328.57361646475,35485.716547356824,109000
2022-06-14,33171.4296875,34907.144031613374,32592.85823946221,34907.144031613374,679375
2022-06-15,33557.14453125,33557.14453125,33094.28736530172,33171.4302262931,54500
2022-06-16,32592.857421875,33557.14314441568,32400.000277366864,33557.14314441568,88250
2022-06-17,31088.572265625,32631.429450023265,30857.14368796526,32631.429450023265,112250
2022-06-20,30934.287109375,31551.42999435006,30934.287109375,31320.001412484413,325750
2022-06-21,32130.0,32245.714285714286,31011.42857142857,31011.42857142857,192000
2022-06-22,31551.4296875,31628.57254737164,31242.858248013446,31242.858248013446,23750
2022-06-23,32168.572265625,32631.42942052608,31242.85795582284,32631.42942052608,191250
2022-06-24,32130.0,32168.571428571428,31937.14285714286,32168.571428571428,59625
2022-06-27,32130.0,32322.857142857145,32091.42857142857,32130.0,203287
2022-06-28,32245.71484375,32400.000560705743,32014.286268316388,32400.000560705743,181875
2022-06-29,32014.287109375,32785.715714420185,32014.287109375,32785.715714420185,1317250
2022-06-30,31937.142578125,32245.7140040006,31628.571152249395,32245.7140040006,224000
2022-07-01,31782.857421875,32361.42885552564,31705.71456405492,31937.143137515173,282750
2022-07-04,31435.71484375,32785.71486771473,31435.71484375,31782.857707055216,135625
2022-07-05,32130.0,32284.28571428572,31281.42857142857,31281.42857142857,273500
2022-07-06,31898.572265625,32400.000850211607,31590.00082895632,31782.85797687424,173375
2022-07-07,31628.572265625,31628.572265625,31397.143688071646,31628.572265625,112625
2022-07-08,32014.287109375,32361.42998164533,31590.00137660016,31628.57280685241,1069375
2022-07-11,32284.287109375,32284.287109375,31705.71565580197,31975.715667469387,2500
2022-07-12,32207.142578125,32245.71400636228,31628.571154565867,32091.428293413173,32625
2022-07-13,32168.572265625,32168.572265625,31474.28653327337,31628.57225157374,6375
2022-07-14,32130.0,32400.0,32014.28571428572,32400.0,639750
2022-07-15,32014.287109375,32014.287109375,31628.57280685241,32014.287109375,974091
2022-07-18,31975.71484375,32014.28627299457,31551.429122059708,32014.28627299457,24875
2022-07-19,31937.142578125,31937.142578125,31589.999724014942,31628.571152249395,3750
2022-07-20,31860.0,31860.0,31320.0,31320.0,8875
2022-07-21,31744.287109375,31860.001400174668,31397.144236976004,31860.001400174668,152875
2022-07-22,31937.142578125,31937.142578125,31242.85686990489,31628.571152249395,65375
2022-07-25,31705.71484375,31860.000560751218,31667.143414499697,31860.000560751218,57125
2022-07-26,31551.4296875,31860.00112698656,31512.85825756418,31860.00112698656,50625
2022-07-27,31782.857421875,32014.285995335256,31512.857419504704,31628.57170623483,97750
2022-07-28,31628.572265625,31782.8579839939,30895.71510337272,30895.71510337272,19875
2022-07-29,31590.0,31782.857142857145,31088.571428571428,31242.857142857145,956963
2022-08-01,31628.572265625,31628.572265625,31281.42939929497,31628.572265625,25750
2022-08-02,31628.572265625,31667.143695217223,31474.2865472561,31667.143695217223,149000
2022-08-03,31628.572265625,31821.429413586127,31320.0008288872,31320.0008288872,80375
2022-08-04,31628.572265625,31705.71512480945,31628.572265625,31705.71512480945,395437
2022-08-05,31474.287109375,31628.572830499383,31474.287109375,31628.572830499383,13750
2022-08-08,31667.142578125,31937.14257574604,31281.428295809223,31281.428295809223,33375
2022-08-09,31705.71484375,31782.857702250607,31628.5719852494,31782.857702250607,47125
2022-08-10,31628.572265625,31898.57227277058,31590.000836032774,31628.572265625,379500
2022-08-11,31744.287109375,32322.85856337333,31628.572818575336,32322.85856337333,120875
2022-08-12,31590.0,31628.571428571428,31551.42857142857,31628.571428571428,29000
2022-08-15,31744.287109375,31744.287109375,31590.00138830878,31590.00138830878,27750
2022-08-16,32014.287109375,32014.287109375,31551.429946347893,31744.287097609187,79500
2022-08-17,33210.0,33942.857142857145,32014.28571428572,32014.28571428572,189500
2022-08-18,33132.859375,33942.85942956927,33094.28794383003,33210.002237339926,291750
2022-08-19,33171.4296875,33171.4296875,32785.71538880814,32785.71538880814,477250
2022-08-22,32670.0,32785.71428571429,32400.0,32400.0,1037362
2022-08-23,32785.71484375,33210.00056525735,32245.714834558825,32400.000551470588,131312
2022-08-24,33171.4296875,33557.14398619186,32438.572519985464,32785.71538880814,69875
2022-08-25,33094.28515625,33209.99944001311,32824.28516080274,33171.428012092074,13500
2022-08-26,33094.28515625,33171.428012092074,32014.28517446096,32399.99945367133,85500
2022-08-29,32592.857421875,32862.85742418639,32014.28598835059,32014.28598835059,310750
2022-08-30,32361.4296875,32361.4296875,32091.42967818832,32091.42967818832,763750
2022-08-31,32400.0,32477.14285714286,32091.42857142857,32091.42857142857,761625
2022-09-05,32400.0,32400.0,32207.14285714286,32400.0,58250
2022-09-06,32400.0,32785.71428571429,32322.857142857145,32400.0,368375
2022-09-07,32322.857421875,32785.71456872763,32245.71456406623,32400.000279683773,54750
2022-09-08,32400.0,32400.0,32168.571428571428,32322.857142857145,9500
2022-09-09,32400.0,32785.71428571429,32052.857142857145,32168.571428571428,42625
2022-09-12,33055.71484375,33055.71484375,32052.85768396296,32400.000546966163,41750
2022-09-13,33171.4296875,33171.4296875,32477.14394985465,32477.14394985465,56375
2022-09-14,32554.287109375,32554.287109375,32245.71566757997,32245.71566757997,128250
2022-09-15,32785.71484375,33055.71484834559,32400.000551470588,32785.71484375,13750
2022-09-16,32438.572265625,32708.572272592155,32400.000836058265,32400.000836058265,13000
2022-09-19,32245.71484375,32438.57198994468,32130.0005560332,32130.0005560332,79125
2022-09-20,32400.0,32400.0,31397.14285714286,32245.714285714286,69625
2022-09-21,32361.4296875,32361.4296875,31667.143949269965,31667.143949269965,1000
2022-09-22,32670.0,32670.0,31628.571428571428,31628.571428571428,31875
2022-09-23,32785.71484375,33132.85770680147,32014.286259191176,33132.85770680147,52375
2022-09-26,32554.287109375,32554.287109375,31705.71564443869,31744.287074663065,7250
2022-09-27,32785.71484375,32785.71484375,31860.000542279413,31860.000542279413,39875
2022-09-28,31782.857421875,32091.428853155343,31705.71456405492,32052.8574242453,323875
2022-09-29,32747.142578125,32785.71400636779,31397.1425896275,32708.571149882213,592875
2022-09-30,32361.4296875,32400.00111740167,31705.71537917164,32400.00111740167,23250
2022-10-03,31088.572265625,32014.28657626396,31088.572265625,32014.28657626396,101125
2022-10-04,31088.572265625,31590.00085055444,30857.14368796526,31590.00085055444,16000
2022-10-05,31975.71484375,31975.71484375,30818.571966412845,30934.28625414656,53375
2022-10-06,31242.857421875,31975.714571277007,30972.857419463737,31975.714571277007,848762
2022-10-07,30471.4296875,31242.858287183542,30085.715387658227,30162.85824762658,1348750
2022-10-10,30471.4296875,30471.4296875,30278.57253757911,30394.286827531647,48000
2022-10-11,30857.142578125,30972.856862792967,30239.9997265625,30972.856862792967,7750
2022-10-12,30702.857421875,30780.000279718908,30047.14313020179,30780.000279718908,29125
2022-10-13,30394.287109375,30625.71569142608,30201.42995766577,30625.71569142608,11000
2022-10-14,31320.0,31628.571428571428,30317.14285714286,30857.14285714286,54625
2022-10-17,30548.572265625,31165.715139678032,30394.286547111744,30394.286547111744,281125
2022-10-18,30818.572265625,30857.143695244056,30394.286539815395,30857.143695244056,4625
2022-10-19,30780.0,30780.0,30085.714285714286,30085.714285714286,3875
2022-10-20,30780.0,31127.14285714286,30702.857142857145,31127.14285714286,17125
2022-10-21,30432.857421875,30548.5717086502,29854.28598799905,30548.5717086502,73375
2022-10-24,29931.4296875,30085.715407538657,29931.4296875,29931.4296875,19500
2022-10-25,29854.287109375,29931.42997012274,29545.715666384047,29931.42997012274,154375
2022-10-26,29854.287109375,30548.572856104653,29700.00138787952,29854.287109375,116875
2022-10-27,29854.287109375,29931.42997012274,29854.287109375,29854.287109375,343250
2022-10-28,30008.572265625,30085.71512491967,29931.42940633033,30085.71512491967,710750
2022-10-31,29970.0,29970.0,29430.0,29468.571428571428,125875
2022-11-01,29970.0,30394.28571428572,29468.571428571428,29468.571428571428,2500
2022-11-02,29931.4296875,29931.4296875,29892.85825749033,29931.4296875,807750
2022-11-03,29892.857421875,29931.428850806453,29892.857421875,29931.428850806453,7500
2022-11-04,29777.142578125,29892.85686275502,29391.428296024933,29892.85686275502,8250
2022-11-07,29314.287109375,29738.572843852795,28928.57280530428,29738.572843852795,44000
2022-11-08,29005.71484375,29160.000561003988,27270.00052464262,27308.57195395612,156875
2022-11-09,29044.287109375,29622.85856573705,27771.429905378485,28928.572818102588,164500
2022-11-10,28581.4296875,28851.429698043183,27771.429655870445,27771.429655870445,46625
2022-11-11,28157.142578125,28581.42828820633,26999.99973244863,27154.28544520548,34500
2022-11-14,28157.142578125,28157.142578125,26189.99974047517,26614.285450556505,108625
2022-11-15,28157.142578125,28157.142578125,26228.57116866438,26228.57116866438,51875
2022-11-16,28002.857421875,28041.42885083075,26498.571692600723,26498.571692600723,7000
2022-11-17,28234.287109375,28234.287109375,27771.42994364754,27964.287096033982,5125
2022-11-18,28080.0,28157.14285714286,27694.28571428572,28157.14285714286,255000
2022-11-21,28157.142578125,28157.142578125,27385.714014340752,27385.714014340752,7875
2022-11-22,28157.142578125,28311.42829088185,28157.142578125,28157.142578125,13375
2022-11-23,28118.572265625,28118.572265625,27000.000803755145,27231.429382073045,17500
2022-11-24,28080.0,28080.0,26691.42857142857,27000.0,10750
2022-11-25,28002.857421875,28157.143137698004,27154.285984848484,28041.42885083075,48125
2022-11-28,28234.287109375,29160.00144082992,27771.42994364754,27810.00137412483,270875
2022-11-29,28002.857421875,28311.428853521007,27771.42884814049,28311.428853521007,213125
2022-11-30,28002.857421875,28118.571708742253,27231.428842759982,28118.571708742253,243250
2022-12-01,28157.142578125,28542.85686001712,27462.856870719177,27501.428298908388,70250
2022-12-02,28041.4296875,28157.143977819807,27771.42967675378,28157.143977819807,27875
2022-12-05,28542.857421875,28542.857421875,27192.85740867821,27192.85740867821,411000
2022-12-06,28311.4296875,28542.85826805177,27925.71538658038,28542.85826805177,22875
2022-12-07,28157.142578125,28311.42829088185,27771.42829623288,28002.85686536815,14375
2022-12-08,27771.4296875,28465.715429687498,27694.286827256943,28157.14398871528,75000
2022-12-09,27694.287109375,27925.7156924617,27694.287109375,27771.4299704039,134250
2022-12-12,28041.4296875,28388.572558459426,27617.14395632737,28388.572558459426,91875
2022-12-14,28080.0,28465.714285714286,28041.42857142857,28041.42857142857,71125
2022-12-16,29044.287109375,29044.287109375,27810.001335802623,28311.4299313164,101125
2022-12-19,29160.0,29160.0,28157.14285714286,29044.28571428572,2000
2022-12-20,29082.857421875,29545.714569172746,28234.285985162467,29044.28599293352,68750
2022-12-21,29275.71484375,29468.571990283268,28542.857686923584,28542.857686923584,1477367
2022-12-22,29738.572265625,29931.429413910508,29622.857976653697,29931.429413910508,213625
2022-12-23,30008.572265625,30085.71512491967,29545.715109857007,29700.000828446337,624125
2022-12-26,30471.4296875,30471.4296875,29700.00108781645,30008.57252768988,339625
2022-12-27,30510.0,30780.0,30432.857142857145,30471.42857142857,348625
2022-12-28,30355.71484375,30780.00056583545,29314.28625317662,30780.00056583545,390375
2022-12-29,30432.857421875,30432.857421875,30162.85741939956,30162.85741939956,86375
2022-12-30,30432.857421875,30432.857421875,29854.28598799905,30394.28599294994,420375
2023-01-03,30394.287109375,30432.858539716846,30394.287109375,30432.858539716846,104000
2023-01-04,30162.857421875,30201.42885080323,28697.1431226023,29545.714559023338,54875
2023-01-05,29854.287109375,30857.14429909561,29160.00136264535,29160.00136264535,162375
2023-01-06,30471.4296875,30780.001127373416,29854.286807753164,30780.001127373416,390000
2023-01-09,30702.857421875,30780.000279718908,29237.143122840767,29237.143122840767,55000
2023-01-10,31011.4296875,31204.286837297885,30471.42966806592,31204.286837297885,88750
2023-01-11,31011.4296875,31088.57254741916,30394.286808146768,31088.57254741916,38875
2023-01-12,30471.4296875,31011.42970727848,30471.4296875,30702.858267405063,72000
2023-01-13,30818.572265625,30934.286554482165,30471.429399053504,30471.429399053504,500250
2023-01-16,30432.857421875,30625.71456650032,30162.85741939956,30162.85741939956,1117625
2023-01-17,29430.0,30857.14285714286,29430.0,30857.14285714286,555000
2023-01-18,30047.142578125,30085.71400633825,29352.856870286425,29352.856870286425,207625
2023-01-19,30780.0,30857.14285714286,30355.714285714286,30471.42857142857,440750
2023-01-27,30085.71484375,30741.4291416266,30085.71484375,30124.28627303686,6625
2023-01-30,30085.71484375,30162.85770232372,30085.71484375,30085.71484375,30750
2023-01-31,31242.857421875,31242.857421875,29854.28598090278,29854.28598090278,50375
2023-02-01,31204.287109375,31242.858539670888,30471.42993375309,31204.287109375,16125
2023-02-02,31628.572265625,31628.572265625,30857.143673780487,31165.715110518293,92750
2023-02-03,31628.572265625,31782.8579839939,31165.715110518293,31628.572265625,489875
2023-02-06,31628.572265625,31628.572265625,31281.42939929497,31281.42939929497,18375
2023-02-07,32245.71484375,32245.71484375,31242.85768353768,31628.57197592704,153375
2023-02-08,32091.4296875,32592.858276367188,31821.429678109977,31860.00110802284,20500
2023-02-09,32400.0,32554.28571428572,32168.571428571428,32400.0,18250
2023-02-10,32554.287109375,32708.57283027251,31628.57278398993,32400.00138847749,30375
2023-02-13,32631.4296875,32631.4296875,32168.572528812056,32400.00110815603,3125
2023-02-14,32515.71484375,32862.85770685053,32091.42912218268,32554.2862729834,47750
2023-02-15,32708.572265625,32708.572265625,32207.14368136424,32515.7151178324,404250
2023-02-16,32708.572265625,32708.572265625,32322.8579700398,32477.14368827388,11375
2023-02-17,32785.71484375,32785.71484375,32322.857693014703,32400.000551470588,7875
2023-02-20,32554.287109375,32785.71569072127,32400.00138847749,32400.00138847749,69250
2023-02-21,32554.287109375,33325.71571386256,32400.00138847749,32515.715679150624,90500
2023-02-22,33171.4296875,33171.4296875,32245.715370639537,32245.715370639537,17625
2023-02-23,33055.71484375,34714.286300320884,32400.000546966163,32554.28626385648,115250
2023-02-24,32400.0,33132.857142857145,32168.571428571428,33055.71428571429,92500
2023-02-27,32361.4296875,33017.143995828366,32168.57253799166,32631.429696811683,205750
2023-02-28,32554.287109375,32824.28712094565,32245.71566757997,32592.85853959938,76125
2023-03-01,32554.287109375,32747.14426049689,32322.858528028733,32322.858528028733,121750
2023-03-02,32322.857421875,33017.14314215394,32168.57170625746,32554.28599530132,106500
2023-03-03,32245.71484375,32785.714853095094,32014.286268316388,32785.714853095094,316000
2023-03-06,30162.857421875,32361.42887078405,30162.857421875,32322.857441855816,98750
2023-03-07,31705.71484375,31705.71484375,29391.42908873175,29391.42908873175,36875
2023-03-08,31667.142578125,32399.99971452497,31281.428295809223,32168.571145135506,12875
2023-03-09,31320.0,31667.14285714286,31242.857142857145,31667.14285714286,25000
2023-03-10,31204.287109375,31320.001400262667,31127.144248783217,31320.001400262667,14750
2023-03-13,31512.857421875,31551.428850787943,30857.143130354954,31127.14313274556,1243000
2023-03-14,31165.71484375,31590.00056563273,30857.143409653465,31590.00056563273,141500
2023-03-15,31165.71484375,31320.000560798268,30857.143409653465,31320.000560798268,259250
2023-03-16,31165.71484375,31165.71484375,30818.5719803914,31050.0005559638,61875
2023-03-17,31242.857421875,31320.00027970679,30625.71455922068,31242.857421875,12750
2023-03-20,31088.572265625,31281.429413674785,30857.14368796526,31242.857984064827,234125
2023-03-21,30741.4296875,31242.858277133,30741.4296875,31088.572557245923,44500
2023-03-22,29545.71484375,30355.71485904863,29391.42912655026,30355.71485904863,26500
2023-03-23,29545.71484375,29545.71484375,29314.286267950392,29545.71484375,218250
2023-03-24,29622.857421875,29622.857421875,29005.71455891928,29545.71456400553,887875
2023-03-27,29545.71484375,29700.00056094974,28928.571974951043,29622.85770234987,38250
2023-03-28,29584.287109375,29661.42997015564,29468.572818204044,29468.572818204044,60875
2023-03-29,29584.287109375,29622.85853976532,29468.572818204044,29584.287109375,50625
2023-03-30,29507.142578125,29507.142578125,29352.856865298203,29352.856865298203,26250
2023-03-31,29545.71484375,29661.4291316498,29545.71484375,29545.71484375,56875
2023-04-03,29931.4296875,30047.143977528995,29622.85824742268,29622.85824742268,896625
2023-04-04,30085.71484375,30085.71484375,29700.00055088141,29777.14340945513,1464250
2023-04-05,30240.0,30394.28571428572,29970.0,30085.714285714286,86750
2023-04-06,30162.857421875,30432.8574243726,30085.71456401854,30432.8574243726,135000
2023-04-07,30008.572265625,30162.857984214334,29892.857976683004,30162.857984214334,37500
2023-04-10,30317.142578125,30702.85686028944,30008.571152393448,30008.571152393448,92250
2023-04-11,30240.0,30355.714285714286,30085.714285714286,30240.0,38250
2023-04-12,30394.287109375,30432.858539716846,30085.71566664023,30085.71566664023,81000
2023-04-13,31242.857421875,31242.857421875,30201.42884114584,30394.28598572531,217125
2023-04-14,31551.4296875,31705.715407243275,30934.286808526893,30934.286808526893,64375
2023-04-17,31474.287109375,31551.429969937195,31088.572806564032,31551.429969937195,178500
2023-04-18,31397.142578125,31435.714006353654,30934.28543938114,31397.142578125,91500
2023-04-19,31320.0,31821.42857142857,30934.28571428572,31628.571428571428,187625
2023-04-20,31397.142578125,31397.142578125,31088.57115229576,31319.99972166769,71625
2023-04-21,32014.287109375,32130.00140013178,31397.144225338856,31397.144225338856,341000
2023-04-24,33364.28515625,33479.9994400289,32207.14231846098,32207.14231846098,111500
2023-04-25,33171.4296875,33595.715416061044,32400.00109011628,33364.28683684593,228500
2023-04-26,33171.4296875,33171.4296875,32592.85823946221,33171.4296875,57000
2023-04-27,33248.5703125,33479.99887616009,32939.99889428654,32978.570321563224,937875
2023-04-28,33325.71484375,33402.85770218461,32747.143405490453,33017.14341001157,349000
2023-05-04,35408.5703125,35408.5703125,32978.57038909314,33287.14180793845,95750
2023-05-05,34328.5703125,35331.42742275281,34251.42745786517,35331.42742275281,330500
2023-05-08,34598.5703125,35485.71314102564,34289.99889388239,34328.57032120959,131875
2023-05-09,33865.71484375,34598.57199868309,33865.71484375,34598.57199868309,276375
2023-05-10,33942.859375,33942.859375,33171.430752840904,33788.57365056818,55000
2023-05-11,34097.14453125,34328.57311404129,33672.858796132634,33942.85880938914,61250
2023-05-12,33865.71484375,34637.14342789009,33827.143414543,33827.143414543,219000
2023-05-15,34290.0,34367.142857142855,33557.142857142855,33634.28571428572,52250
2023-05-16,34097.14453125,34290.00168357608,33788.57308752828,33865.71594845871,35500
2023-05-17,34251.4296875,34251.4296875,33634.28681024775,33634.28681024775,13250
2023-05-18,34135.71484375,34212.85770215395,33672.857693326274,33942.85769774012,57750
2023-05-19,34637.14453125,34637.14453125,33634.28733992205,33672.85877035774,318375
2023-05-22,34560.0,34637.142857142855,33981.42857142857,34637.142857142855,37125
2023-05-23,34405.71484375,34482.85770214406,33981.42912258268,34251.429126961884,254500
2023-05-24,34560.0,34637.142857142855,34020.0,34058.57142857143,66000
2023-05-25,35485.71484375,35871.42913552989,34020.000534986415,34020.000534986415,201500
2023-05-26,35562.859375,35910.00225393167,35485.716513015184,35485.716513015184,93875
2023-05-29,35562.859375,35717.14509896963,35485.716513015184,35717.14509896963,218750
2023-05-30,35562.859375,35562.859375,34830.00218614425,34830.00218614425,88375
2023-05-31,35485.71484375,35485.71484375,35331.42912703804,35485.71484375,38500
2023-06-01,34058.5703125,35562.855977491505,34058.5703125,35331.42741364666,172250
2023-06-02,35331.4296875,35331.4296875,34328.572512963976,34328.572512963976,48125
2023-06-05,35061.4296875,35331.42969609461,34097.14394251925,35331.42969609461,21125
2023-06-06,34868.5703125,35022.85602184734,34328.57032978429,35022.85602184734,49500
2023-06-07,35022.859375,35022.859375,34482.8593405837,34791.430788821584,21000
2023-06-08,34714.28515625,35022.85657986111,34714.28515625,34945.71372395833,40375
2023-06-09,37144.28515625,37144.28515625,34791.42804874091,34791.42804874091,813250
2023-06-12,38185.71484375,39497.14343434344,38185.71484375,38957.14342645202,187875
2023-06-13,37800.0,38571.42857142857,37414.28571428572,38262.857142857145,181125
2023-06-14,37568.5703125,39265.71311922485,37568.5703125,39265.71311922485,133750
2023-06-15,37028.5703125,38185.713134765625,37028.5703125,37645.71315104167,57500
2023-06-16,38147.14453125,38417.14454309909,36642.858750947926,37105.7159141178,214250
2023-06-19,38108.5703125,38417.14173203441,37799.99889296559,38339.99887715081,39500
2023-06-20,38571.4296875,39265.715421875,38185.715390625,38185.715390625,119500
2023-06-21,38340.0,38571.42857142857,37568.57142857143,38571.42857142857,313625
2023-06-22,38031.4296875,38494.286843940165,38031.4296875,38494.286843940165,858117
2023-06-23,38185.71484375,38494.2862768308,38031.4291272096,38494.2862768308,390125
2023-06-26,39111.4296875,39188.57254684418,37645.71535996055,38185.71537536982,348750
2023-06-27,39188.5703125,39882.8560070128,38957.141747662405,38957.141747662405,120000
2023-06-28,39111.4296875,39960.001140286,39111.4296875,39188.57254684418,80125
2023-06-29,39111.4296875,39342.858265532544,38571.42967209073,39111.4296875,59375
2023-06-30,38378.5703125,39188.57028894472,38339.99888505025,38339.99888505025,58500
2023-07-03,38725.71484375,38957.14341851344,38108.57197771414,38108.57197771414,112625
2023-07-04,38802.859375,39034.28795974155,38571.43079025845,38957.14509816103,86750
2023-07-05,38648.5703125,38802.85602233034,38339.99889283932,38571.42745758483,109875
2023-07-06,39805.71484375,39805.71484375,38494.28625393653,38725.714828609496,137625
2023-07-07,39420.0,39882.857142857145,39420.0,39805.71428571429,65125
2023-07-10,40577.14453125,40654.28739157557,39420.00162636645,39728.57306766872,143125
2023-07-11,40114.28515625,40577.14229266826,40114.28515625,40577.14229266826,613375
2023-07-12,40345.71484375,40500.0005601697,39574.28626165153,40500.0005601697,55375
2023-07-13,39574.28515625,40114.28514863548,39574.28515625,40114.28514863548,106250
2023-07-14,39651.4296875,40422.85828064202,39342.85825024319,39882.858265442606,226375
2023-07-17,40037.14453125,40114.2873916185,39188.573067196536,39188.573067196536,274000
2023-07-18,40268.5703125,40422.85602250958,39342.85605244253,39342.85605244253,79625
2023-07-19,40808.5703125,40808.5703125,40114.28461720227,40577.141747400754,272625
2023-07-20,42120.0,42582.857142857145,40500.0,40500.0,495687
2023-07-21,40885.71484375,42042.85771668632,40114.286261792455,42042.85771668632,251000
2023-07-24,41657.14453125,42042.85883246528,40114.28732638889,40885.715928819445,215875
2023-07-25,41657.14453125,42428.57313368056,41348.57309027778,42428.57313368056,77625
2023-07-26,41194.28515625,41657.14229283708,40885.71373185862,41657.14229283708,97500
2023-07-27,40191.4296875,41657.144013915546,40114.28682821497,41194.28685820538,109125
2023-07-28,40731.4296875,40885.71540601326,40191.4296727036,40345.71539121686,445250
2023-07-31,40577.14453125,40885.71597255228,40268.57308994772,40885.71597255228,193375
2023-08-01,39034.28515625,40885.71370121048,39034.28515625,40885.71370121048,292125
2023-08-02,39111.4296875,39342.858265532544,38648.57253143491,39111.4296875,102375
2023-08-03,38880.0,39960.0,38880.0,39188.57142857143,63125
2023-08-04,39342.859375,39651.43082107843,38802.85934436274,39651.43082107843,130250
2023-08-07,39342.859375,39574.28795955882,38725.716482843134,39342.859375,96125
2023-08-08,38802.859375,39342.85940606362,38648.57365183897,38802.859375,117625
2023-08-09,39265.71484375,39342.8577019892,38725.71483607564,38802.85769431484,59250
2023-08-10,39111.4296875,39497.14398422091,39034.28682815582,39034.28682815582,42875
2023-08-11,39111.4296875,39111.4296875,38725.71539077909,39111.4296875,54125
2023-08-14,38802.859375,39111.43082132207,38802.859375,39111.43082132207,22375
2023-08-15,40114.28515625,40191.42801231971,38957.14231520433,38957.14231520433,182250
2023-08-16,39805.71484375,40345.714851320256,39574.28626907704,40345.714851320256,26125
2023-08-17,40345.71484375,40500.0005601697,39420.00054523184,39497.14340344168,124750
2023-08-18,39882.859375,40500.00226668279,39497.14506769826,39574.28792915861,115375
2023-08-21,39111.4296875,39651.42970290927,38957.14396881164,39034.28682815582,85875
2023-08-22,39265.71484375,39265.71484375,38571.429119597255,39111.429127271615,231375
2023-08-23,39342.859375,39651.43082107843,39034.28792892156,39265.71651348039,35500
2023-08-24,39497.14453125,39497.14453125,39265.71595001221,39342.858810424805,56750
2023-08-25,39574.28515625,39574.28515625,39188.57087597466,39497.14230019493,547875
2023-08-28,40037.14453125,40037.14453125,39342.858787933525,39574.28736903902,335625
2023-08-29,39497.14453125,40114.28741455078,39497.14453125,40037.14455413818,22500
2023-08-30,39265.71484375,40037.14342614195,39265.71484375,39882.85770966356,105750
2023-08-31,39805.71484375,39805.71484375,39034.28626150679,39805.71484375,59125
2023-09-05,39805.71484375,39960.00056019864,39342.85769440407,39805.71484375,27500
2023-09-06,40885.71484375,40885.71484375,39420.00053803066,39805.71482900944,257750
2023-09-07,40885.71484375,40962.85770194575,40500.00055277123,40885.71484375,61875
2023-09-08,40345.71484375,40885.71485121893,40345.71484375,40885.71485121893,693750
2023-09-11,40654.28515625,41039.99943666983,40037.14230757827,40422.8565879981,124000
2023-09-12,40808.5703125,40885.71316753308,40345.71318230152,40731.42745746692,80375
2023-09-13,41271.4296875,41271.4296875,40577.143954439256,40654.28681366822,159875
2023-09-14,41271.4296875,41502.85826518692,40577.143954439256,41271.4296875,54250
2023-09-15,41965.71484375,42042.857701918656,40808.57197122013,41271.42912023208,155875
2023-09-18,42582.859375,43817.14515398551,41734.28790194746,41965.71648550725,226625
2023-09-19,42428.5703125,42582.85602272727,41965.71318181818,42274.28460227272,43625
2023-09-20,42428.5703125,42737.141732954544,42119.998892045456,42428.5703125,42875
2023-09-21,42428.5703125,42505.713167613634,42119.998892045456,42505.713167613634,497125
2023-09-22,43200.0,43200.0,41580.0,42120.0,89000
2023-09-25,42428.5703125,43199.99886363636,41811.427471590905,42505.713167613634,39625
2023-09-26,42505.71484375,42582.857701905625,41348.57197141561,42351.42912743874,360000
2023-09-27,42814.28515625,42814.28515625,41657.14231418919,42428.57087556306,273500
2023-09-28,42428.5703125,42505.713167613634,41425.71319602273,42505.713167613634,126875
2023-09-29,42814.28515625,43122.85658079955,42428.57087556306,42428.57087556306,118125
2023-10-02,42814.28515625,43122.85658079955,42119.99945101352,42814.28515625,73375
2023-10-03,44048.5703125,44048.5703125,42351.42749835814,43585.7131813704,317125
2023-10-04,44511.4296875,44665.71540565424,43740.00109672877,44280.00111026863,40125
2023-10-05,44280.0,44588.57142857143,43200.0,44357.142857142855,130500
2023-10-06,44434.28515625,44434.28515625,43199.99945746528,44279.99944390191,46250
2023-10-09,44434.28515625,44588.570868598086,44048.57087537977,44434.28515625,59250
2023-10-10,45745.71484375,45745.71484375,44202.85768207209,45360.00055333052,1072000
2023-10-11,45128.5703125,45745.71315438034,44742.85603632478,45745.71315438034,73500
2023-10-12,45514.28515625,45591.42801244704,44588.57088188559,45128.57087526484,237500
2023-10-13,46054.28515625,46054.28515625,43431.42804517379,44742.85660071189,416750
2023-10-16,45822.859375,45900.00223590067,44434.28787878788,44897.14504419192,441000
2023-10-17,45514.28515625,45822.85658103814,45282.8565876589,45668.57086864407,225500
2023-10-18,45360.0,46285.71428571429,45360.0,45668.57142857143,154250
2023-10-19,45282.859375,45514.28795783645,44820.00220932708,44897.14507027257,195500
2023-10-20,45437.14453125,45591.43025122029,44897.14451135399,45128.57309130942,79125
2023-10-23,45591.4296875,45591.4296875,43894.28678881133,45205.71539234348,423625
2023-10-24,45977.14453125,45977.14453125,44588.57305211829,44665.71591207005,57875
2023-10-25,45668.5703125,45899.9988782728,44819.99890466638,44974.28461518159,30875
2023-10-26,44280.0,45437.142857142855,42505.71428571429,45205.71428571429,1102625
2023-10-27,45900.0,45900.0,43508.57142857143,44280.0,151000
2023-10-30,45668.5703125,45668.5703125,44819.99890466638,45514.2846019848,142125
2023-10-31,45128.5703125,45359.99887820512,44434.28461538461,44434.28461538461,77125
2023-11-01,45282.859375,45282.859375,44588.57362649063,44588.57362649063,87750
2023-11-02,45128.5703125,45437.14173344017,44974.28460202991,45282.85602297008,172000
2023-11-03,45437.14453125,45668.57311120544,44897.14451135399,45668.57311120544,271750
2023-11-06,45437.14453125,45437.14453125,44588.57307141341,45128.57309130942,33000
2023-11-07,45128.5703125,45437.14173344017,44588.5703258547,45437.14173344017,16125
2023-11-08,45128.5703125,45128.5703125,44202.85604967948,44588.5703258547,65875
2023-11-09,45128.5703125,45205.71316773504,44588.5703258547,44897.14174679487,67375
2023-11-10,45051.4296875,45128.572546553936,44742.85825128425,45128.572546553936,10250
2023-11-13,44742.859375,45051.43081896552,44588.57365301724,45051.43081896552,21500
2023-11-14,44665.71484375,44742.85770185665,44280.00055321676,44588.57198564335,17750
2023-11-15,44665.71484375,44665.71484375,44048.571978896805,44434.28626943006,206625
2023-11-16,44357.14453125,44588.57311141305,43971.430230978265,44588.57311141305,42625
2023-11-17,44357.14453125,44357.14453125,43740.00165081522,44048.57309103261,502625
2023-11-20,44357.14453125,44357.14453125,43277.14449048913,43277.14449048913,189250
2023-11-21,44357.14453125,44357.14453125,43431.43021059783,43431.43021059783,13875
2023-11-22,44202.859375,44202.859375,43894.287930846425,43894.287930846425,46375
2023-11-23,43740.0,44280.0,43740.0,43894.28571428572,78875
2023-11-24,43740.0,43971.42857142857,43354.28571428572,43740.0,26000
2023-11-27,42505.71484375,43817.14343239564,42505.71484375,43662.85771608439,650500
2023-11-28,42505.71484375,43508.571999773136,42505.71484375,42660.00056006125,75125
2023-11-29,42505.71484375,43508.571999773136,41657.143404038114,43508.571999773136,60625
2023-11-30,45437.14453125,45437.14453125,42737.14443176995,43200.00159168082,446000
2023-12-01,45128.5703125,45359.99887820512,44511.42747061966,44511.42747061966,46625
2023-12-04,45128.5703125,45128.5703125,44588.5703258547,45051.42745726495,68125
2023-12-05,44742.859375,45128.5736799569,44511.430792025865,45128.5736799569,20375
2023-12-06,44742.859375,44820.00223599138,44125.71648706897,44434.28793103449,309875
2023-12-07,44820.0,44974.28571428572,44202.857142857145,44974.28571428572,27000
2023-12-08,43740.0,44974.28571428572,43740.0,44974.28571428572,21375
2023-12-11,44125.71484375,44125.71484375,43277.14340444712,43894.286269394666,40000
2023-12-12,43971.4296875,43971.4296875,43354.28681469298,43585.71539199561,42750
2023-12-13,43740.0,43740.0,42968.57142857143,43585.71428571429,486000
2023-12-14,43200.0,43354.28571428572,42814.28571428572,43277.142857142855,67000
2023-12-15,43122.859375,43200.00223613596,41811.43073568873,43200.00223613596,115500
2023-12-18,43122.859375,43122.859375,41271.43070773703,42505.71648591234,138375
2023-12-19,42274.28515625,42814.28514912181,41502.85659500457,42814.28514912181,1742750
2023-12-20,42042.859375,42042.859375,41271.43076261468,41657.14506880734,622875
2023-12-21,41734.28515625,41734.28515625,40962.85659513633,41502.8565879159,215125
2023-12-22,41657.14453125,41657.14453125,40885.715928819445,41657.14453125,134125
2023-12-25,41965.71484375,41965.71484375,41117.14340389476,41348.57197840074,75250
2023-12-26,41040.0,41888.57142857143,40885.71428571429,41888.57142857143,186000
2023-12-27,41271.4296875,41811.4297021028,41271.4296875,41271.4296875,34000
2023-12-28,41811.4296875,41811.4296875,41194.286813883766,41580.00110989392,84250
2023-12-29,41811.4296875,42274.28684271218,41271.4296730858,42274.28684271218,40750
2024-01-02,40577.14453125,42274.28745841255,40577.14453125,41811.430296459126,307125
2024-01-03,42120.0,42120.0,40422.857142857145,40422.857142857145,200625
2024-01-04,41811.4296875,42120.00112430812,40885.71537707565,42120.00112430812,228625
2024-01-05,41965.71484375,41965.71484375,41271.42912023208,41811.42912741269,47750
2024-01-08,41734.28515625,41965.71372458411,40731.42802680222,41965.71372458411,135125
2024-01-09,41580.0,41734.28571428572,40808.57142857143,41734.28571428572,151875
2024-01-10,41425.71484375,41425.71484375,40654.2862619297,41348.57198556797,187000
2024-01-11,41194.28515625,41348.57086844569,40345.71373917369,40962.85658795646,92375
2024-01-12,41194.28515625,41194.28515625,40654.28516356507,40962.85658795646,336375
2024-01-15,41425.71484375,41502.85770193203,40731.42912011173,41502.85770193203,389125
2024-01-16,41040.0,41271.42857142857,40422.857142857145,41271.42857142857,46500
2024-01-17,41580.0,41580.0,40885.71428571429,40962.857142857145,92875
2024-01-18,41502.859375,41502.859375,40654.28790078996,41117.14506854089,130000
2024-01-19,41657.14453125,41657.14453125,40962.8587890625,41657.14453125,83500
2024-01-22,41657.14453125,41657.14453125,40962.8587890625,41580.00167100695,35000
2024-01-23,41425.71484375,41580.00056011406,41117.14341102188,41271.42912738594,43750
2024-01-24,41425.71484375,41425.71484375,41040.00055283985,41117.14341102188,138875
2024-01-25,41271.4296875,41348.572546728974,41040.001109813085,41117.14396904206,43625
2024-01-26,41117.14453125,41348.57311210132,40345.71592841229,41271.43025181755,201500
2024-01-29,40654.28515625,41271.42800492173,40345.71373191413,41117.14229275379,286250
2024-01-30,40885.71484375,40885.71484375,40500.00055277123,40885.71484375,31625
2024-01-31,40885.71484375,41040.00056014151,40500.00055277123,41040.00056014151,102125
2024-02-01,41271.4296875,41271.4296875,40345.715376752334,40885.71539135514,83125
2024-02-02,41502.859375,41502.859375,41040.00220724907,41040.00220724907,38375
2024-02-05,41580.0,41580.0,40731.42857142857,41425.71428571429,77000
2024-02-06,41580.0,41580.0,40962.857142857145,40962.857142857145,45750
2024-02-07,41811.4296875,41811.4296875,41117.143954681735,41580.00110989392,53875
2024-02-15,41811.4296875,41811.4296875,41348.57253228783,41657.143969095945,46750
2024-02-16,41657.14453125,41657.14453125,41425.71595052083,41580.00167100695,15250
2024-02-19,41580.0,41657.142857142855,41117.142857142855,41657.142857142855,117625
2024-02-20,41580.0,41580.0,41194.28571428572,41580.0,102000
2024-02-21,41657.14453125,41657.14453125,41271.43023003472,41502.858810763886,33250
2024-02-22,41657.14453125,41657.14453125,41194.28736979167,41580.00167100695,93500
2024-02-23,41580.0,41888.57142857143,41348.57142857143,41657.142857142855,613625
2024-02-26,41657.14453125,41657.14453125,41502.858810763886,41580.00167100695,53750
2024-02-27,42274.28515625,42582.85658074818,41579.99945112911,41657.14230725365,146125
2024-02-28,42428.5703125,42814.28458806818,42274.28460227272,42814.28458806818,32375
2024-02-29,42814.28515625,42814.28515625,41811.42802646396,42274.28516328829,184250
2024-03-01,42968.5703125,42968.5703125,42197.14176110861,42968.5703125,341875
2024-03-04,42814.28515625,43045.71372466216,42428.57087556306,43045.71372466216,69375
2024-03-05,42814.28515625,42968.57086852477,42274.28516328829,42582.85658783784,116500
2024-03-06,42737.14453125,42814.28739141471,42428.57309059116,42737.14453125,90000
2024-03-07,42428.5703125,42737.141732954544,42351.427457386366,42737.141732954544,15625
2024-03-08,41965.71484375,42428.57199276195,41965.71484375,42428.57199276195,101625
2024-03-11,42351.4296875,42814.28684255465,42042.8582507969,42042.8582507969,19250
2024-03-12,42505.71484375,42660.00056006125,42351.42912743874,42351.42912743874,57875
2024-03-13,42505.71484375,42505.71484375,42351.42912743874,42505.71484375,313000
2024-03-14,42428.5703125,42505.713167613634,42197.14174715909,42505.713167613634,234250
2024-03-15,43971.4296875,43971.4296875,42120.00106907895,42582.85822368421,825750
2024-03-18,43662.859375,44280.00226369258,43585.71651391342,44048.57368043286,767375
2024-03-19,43662.859375,43894.28795825972,43354.28793065371,43662.859375,513375
2024-03-20,43585.71484375,43740.00056001106,43200.00055309734,43508.57198561947,45500
2024-03-21,43894.28515625,44048.57086857425,43354.28516311511,43585.71373160149,1003500
2024-03-22,43508.5703125,43894.28458832004,42659.99890569592,43894.28458832004,60625
2024-03-25,43354.28515625,43354.28515625,42814.28516320062,43354.28515625,24375
2024-03-26,43354.28515625,43354.28515625,42814.28516320062,42814.28516320062,32750
2024-03-27,43662.859375,43662.859375,42891.43076413428,42968.573625220844,427750
2024-03-28,43354.28515625,43585.71372469973,42891.42801935053,43585.71372469973,15750
2024-03-29,43277.14453125,43354.287391377,42814.28737048797,43354.287391377,22875
2024-04-01,43200.0,43200.0,42737.142857142855,43045.71428571429,40500
2024-04-02,42582.859375,43122.85940330616,42351.430791440216,42351.430791440216,109875
2024-04-03,43122.859375,43122.859375,42351.43076364043,43045.71651386404,57500
2024-04-04,43045.71484375,43045.71484375,42660.0005530354,42968.57198560708,4750
2024-04-05,42891.4296875,42891.4296875,42274.28681429856,42814.28682834982,88125
2024-04-08,42660.0,42891.42857142857,41888.57142857143,42891.42857142857,138750
2024-04-09,42351.4296875,42505.71540585155,41811.42967326958,41811.42967326958,126500
2024-04-10,42197.14453125,42274.28739145338,41502.85878941956,42274.28739145338,36000
2024-04-11,41657.14453125,42042.85883246528,41425.71595052083,42042.85883246528,27125
2024-04-12,41888.5703125,42042.85602267496,41348.57032688766,41425.71318197514,86125
2024-04-15,41271.4296875,41734.28684287383,41271.4296875,41657.14398364486,40250
2024-04-16,40808.5703125,41271.42744269849,40499.99889236768,40885.71316753308,30750
2024-04-17,40808.5703125,40962.85602256616,40654.28460243384,40808.5703125,8625
2024-04-19,41425.71484375,41657.14341829609,40268.57197101956,40808.57197829376,44625
2024-04-22,41271.4296875,41425.71540595794,41194.28682827103,41425.71540595794,51125
2024-04-23,41194.28515625,41271.428012347846,40499.99945136938,40885.71373185862,11500
2024-04-24,41117.14453125,41271.43025181755,41040.00167096623,41271.43025181755,1653625
2024-04-25,41117.14453125,41502.858832668855,40577.144509263606,41502.858832668855,22125
2024-04-26,41040.0,41117.142857142855,40577.142857142855,40577.142857142855,80750
2024-05-02,40962.859375,41040.00223634652,40885.71651365348,41040.00223634652,20625
2024-05-03,40962.859375,40962.859375,40654.287929613936,40962.859375,94625
2024-05-06,40885.71484375,40962.85770194575,40654.28626916274,40885.71484375,96250
2024-05-07,40654.28515625,40885.7137245019,40499.99944408207,40808.570868417926,86375
2024-05-08,40885.71484375,40885.71484375,40654.28626916274,40885.71484375,42000
2024-05-09,40808.5703125,40885.71316753308,40577.141747400754,40885.71316753308,129875
2024-05-10,40808.5703125,40885.71316753308,40499.99889236768,40885.71316753308,30125
2024-05-13,40654.28515625,40808.570868417926,40499.99944408207,40808.570868417926,55875
2024-05-14,40654.28515625,40654.28515625,40499.99944408207,40499.99944408207,127250
2024-05-15,40345.71484375,40885.71485121893,40345.71484375,40654.28627658939,80875
2024-05-16,40654.28515625,40808.570868417926,40268.57087583017,40808.570868417926,139875
2024-05-17,40654.28515625,40808.570868417926,40499.99944408207,40808.570868417926,97125
2024-05-20,40577.14453125,40731.43025190114,40191.43022962215,40654.28739157557,401250
2024-05-21,40577.14453125,40731.43025190114,40345.71595027329,40731.43025190114,83250
2024-05-22,40577.14453125,40577.14453125,40422.85881059886,40577.14453125,22250
2024-05-23,40500.0,40654.28571428572,40345.71428571429,40345.71428571429,77125
2024-05-24,40500.0,40577.142857142855,38571.42857142857,40577.142857142855,150500
2024-05-27,40422.859375,40500.002236402666,40114.28792938931,40500.002236402666,24250
2024-05-28,40268.5703125,40422.85602250958,40114.28460249042,40191.42745749521,13375
2024-05-29,40500.0,41271.42857142857,40500.0,40654.28571428572,90625
2024-05-30,40422.859375,40500.002236402666,40114.28792938931,40500.002236402666,21125
2024-05-31,40422.859375,40500.002236402666,40114.28792938931,40500.002236402666,35875
2024-06-03,40500.0,40500.0,40422.857142857145,40422.857142857145,41875
2024-06-04,40345.71484375,40500.0005601697,40114.28626912046,40500.0005601697,69125
2024-06-05,40577.14453125,40577.14453125,40345.71595027329,40422.85881059886,211125
2024-06-06,41348.5703125,41657.14173274254,40885.7131821362,41657.14173274254,108125
2024-06-07,41425.71484375,41580.00056011406,41271.42912738594,41425.71484375,360875
2024-06-10,41194.28515625,41502.85658064139,41117.14230015216,41425.71372454354,1307500
2024-06-11,41194.28515625,41271.428012347846,40885.71373185862,41194.28515625,86625
2024-06-12,40962.859375,41271.430820386064,40885.71651365348,41271.430820386064,337875
2024-06-13,41194.28515625,41425.71372454354,41117.14230015216,41194.28515625,138125
2024-06-14,40885.71484375,41580.00056751179,40885.71484375,41580.00056751179,731500
2024-06-17,41117.14453125,41348.57311210132,40962.85881068246,41348.57311210132,702875
2024-06-18,41271.4296875,41271.4296875,40962.85825058411,41194.28682827103,673625
2024-06-19,40789.28515625,41946.42799756206,40789.28515625,41946.42799756206,47500
2024-06-20,40692.859375,40837.50224007701,40307.14506812796,40837.50224007701,144000
2024-06-21,40500.0,40982.142857142855,40210.71428571429,40548.21428571429,87700
2024-06-24,39921.4296875,40258.92969693539,38764.28679800725,40258.92969693539,104600
2024-06-25,39535.71484375,39632.14341653964,39150.00055259147,39150.00055259147,42700
2024-06-26,39101.78515625,39535.71372148582,39101.78515625,39535.71372148582,19200
2024-06-27,39294.64453125,39535.71597009202,39101.78738017638,39101.78738017638,51900
2024-06-28,38571.4296875,39294.64399414062,37607.1439453125,39294.64399414062,184700
2024-07-01,38378.5703125,38378.5703125,38185.71317525126,38378.5703125,25400
2024-07-02,38137.5,38475.0,38089.28571428572,38378.57142857143,43000
2024-07-03,38089.28515625,38089.28515625,37799.999446202535,38089.28515625,174000
2024-07-04,38860.71484375,39535.71485344293,38089.2862612438,38089.2862612438,132900
2024-07-05,39198.21484375,39246.42913015068,38667.85769334256,38860.71483894526,1592400
2024-07-08,39053.5703125,39198.21316550926,38619.64175347222,39198.21316550926,33600
2024-07-09,39150.0,39439.28571428572,38571.42857142857,39150.0,33200
2024-07-10,39053.5703125,39391.07030285494,39053.5703125,39149.99888117284,26900
2024-07-11,39921.4296875,40066.07254868659,39439.28681687802,39439.28681687802,95600
2024-07-12,40114.28515625,40403.57086651141,40017.85658616286,40066.07087120643,44700
2024-07-15,40307.14453125,40307.14453125,40114.287380382775,40210.715955816384,25300
2024-07-16,43103.5703125,43103.5703125,40499.99895134228,40499.99895134228,223500
2024-07-17,43392.859375,45273.21661458333,43200.00222222222,44308.93085069444,175600
2024-07-18,42380.359375,44067.85946387941,41464.28789817975,43392.85942832765,90200
2024-07-19,41271.4296875,43392.858316296726,40500.00109521028,42428.57257593458,164700
2024-07-22,40548.21484375,41271.42913941736,39053.57196603745,41271.42913941736,99800
2024-07-23,39921.4296875,40885.71542874396,39728.57253925121,39728.57253925121,166000
2024-07-24,40162.5,40692.857142857145,39535.71428571429,40692.857142857145,33200
2024-07-25,40933.9296875,41464.28684481744,38619.64391011484,40500.00110424029,187200
2024-07-26,40885.71484375,41126.78627561173,40500.00055277123,40789.28627100531,18100
2024-07-29,40403.5703125,40885.71315632458,40210.713174970166,40885.71315632458,40700
2024-07-30,40307.14453125,40307.14453125,39825.001654081934,39873.21594179874,40800
2024-07-31,40644.64453125,40837.50168205072,39921.430215747336,40307.14451734876,55800
2024-08-01,40451.78515625,40837.49943664333,39342.85660011919,40644.64229644666,60400
2024-08-02,40114.28515625,40114.28515625,39101.78517033503,39535.71373572717,30900
2024-08-05,39535.71484375,40066.07199409299,38957.1434070122,40066.07199409299,38400
2024-08-06,39535.71484375,39921.42913490854,39005.357693407015,39535.71484375,20100
2024-08-07,39535.71484375,39583.92913014482,39005.357693407015,39150.00055259147,24700
2024-08-08,38667.859375,39246.43083697008,38667.859375,39150.00225997507,43100
2024-08-09,39825.0,40017.857142857145,38571.42857142857,38571.42857142857,163300
2024-08-12,39728.5703125,40017.85601865898,38571.42748786408,39824.99888121966,296300
2024-08-13,40017.859375,40307.14510542169,39101.78789533133,39535.71649096385,66100
2024-08-14,39342.859375,39921.430836397056,39342.859375,39776.787971047794,641537
2024-08-15,39150.0,39439.28571428572,38571.42857142857,39439.28571428572,46100
2024-08-16,39487.5,39535.71428571429,38716.07142857143,39150.0,122700
2024-08-19,39294.64453125,39680.35883339724,39198.21595571319,39535.71597009202,371800
2024-08-20,39150.0,39439.28571428572,39053.57142857143,39294.642857142855,21700
2024-08-21,39825.0,39921.42857142857,38957.142857142855,39342.857142857145,78400
2024-08-22,39535.71484375,40066.07199409299,39246.429125381095,39825.000562118905,288000
2024-08-23,39535.71484375,39728.57198932927,39439.286270960365,39583.92913014482,39800
2024-08-26,39632.14453125,39632.14453125,39439.28738024635,39487.50166799726,12700
2024-08-28,39680.359375,39728.57366342649,39439.28793286756,39487.502221294046,63500
2024-08-29,39728.5703125,39728.5703125,39535.71317506068,39680.356028140166,140000
2024-08-30,39728.5703125,39728.5703125,39391.07032198119,39728.5703125,34700
2024-09-04,39439.28515625,39535.71372631418,39342.85658618582,39391.07087121791,16100
2024-09-05,39535.71484375,39728.57198932927,39246.429125381095,39246.429125381095,22200
2024-09-06,39439.28515625,39535.71372631418,39294.642301153726,39535.71372631418,1264500
2024-09-09,39391.0703125,39487.49888119645,39342.85602815177,39439.28459684822,123300
2024-09-10,39391.0703125,39535.71316554467,39294.64174380355,39439.28459684822,16400
2024-09-11,40210.71484375,40258.929130133394,39342.85768884892,39391.07197523231,800100
2024-09-12,41319.64453125,41850.0016955951,40066.07305188885,40066.07305188885,2888400
2024-09-13,41319.64453125,41753.57312025963,41126.78738057905,41319.64453125,72800
2024-09-16,40162.5,41319.642857142855,40162.5,41078.57142857143,88400
2024-09-17,40500.0,40548.21428571429,40017.857142857145,40548.21428571429,74900
2024-09-18,40210.71484375,41030.35771226769,40210.71484375,40982.14342588429,123700
2024-09-19,40210.71484375,40500.00056205036,40017.85769821642,40258.929130133394,89400
2024-09-20,41126.78515625,41319.642296490325,40499.99945046893,40499.99945046893,769500
2024-09-23,41464.28515625,41464.28515625,40982.14230559593,41416.0708711846,81700
2024-09-24,42669.64453125,43392.85884533898,41416.07305349576,41416.07305349576,716975
2024-09-25,42717.859375,43103.57368086908,42235.71649266365,42669.645086766366,316200
2024-09-26,42525.0,43248.21428571429,41512.5,42573.21428571429,230900
2024-09-27,43248.21484375,43392.8577027592,42428.57197603121,42428.57197603121,414300
2024-09-30,43392.859375,43585.716527777775,43151.78793402778,43585.716527777775,1033400
2024-10-01,43682.14453125,43826.78739393626,43200.00165562914,43392.85880587749,179500
2024-10-02,43875.0,43923.21428571429,43248.21428571429,43633.92857142857,369700
2024-10-03,43392.859375,44164.28798611111,43392.859375,43971.43083333333,886375
2024-10-04,43200.0,43633.92857142857,43200.0,43392.857142857145,71400
2024-10-07,43537.5,43633.92857142857,43344.642857142855,43585.71428571429,236500
2024-10-08,46575.0,46575.0,43103.57142857143,43537.5,1777100
2024-10-09,47250.0,48985.71428571429,46333.92857142857,46575.0,515700
2024-10-10,45321.4296875,47780.35831948138,45321.4296875,47153.57258976064,338200
2024-10-11,45803.5703125,46189.28458881579,45321.42746710526,45321.42746710526,421500
2024-10-14,47732.14453125,48985.71600378788,45900.001609848485,45900.001609848485,669400
2024-10-15,46960.71484375,48021.42914206879,46864.286271175566,48021.42914206879,112467
2024-10-16,48214.28515625,48214.28515625,46767.8566015625,48069.64230078125,1266600
2024-10-17,47828.57421875,49082.14572045111,46960.71702526462,48696.43141223538,305900
2024-10-18,47250.0,48117.857142857145,47057.142857142855,48117.857142857145,123500
2024-10-21,46430.359375,47201.78798351506,46382.14508696781,47201.78798351506,234000
2024-10-22,46719.64453125,46719.64453125,45755.35878241099,46430.3588065983,135400
2024-10-23,46285.71484375,46719.64342041015,45803.57198079427,46671.42913411458,174800
2024-10-24,47250.0,48214.28571428572,46285.71428571429,46719.642857142855,208500
2024-10-25,48407.14453125,49564.28742841136,47250.00163408864,47250.00163408864,1331000
2024-10-28,48407.14453125,49275.001704121016,48021.43023219622,48600.00168077689,232300
2024-10-29,47539.28515625,48599.999429513184,47539.28515625,48407.14228891988,105400
2024-10-31,47780.359375,48503.573694500505,47298.216495333,47683.9307990666,229900
2024-11-01,48117.859375,48117.859375,47346.43076778557,47442.85934368737,139700
2024-11-04,47008.9296875,48117.85828525641,46816.0725400641,48021.42971153846,151700
2024-11-06,47828.57421875,48310.717104019655,47394.64562200731,47925.002795803935,122100
2024-11-07,47346.4296875,48214.28685081466,47346.4296875,48214.28685081466,98000
2024-11-08,46960.71484375,47442.85770662218,46767.85769860113,47346.42913404774,443400
2024-11-11,46671.4296875,46864.28683496901,46285.71539256199,46864.28683496901,225200
2024-11-12,46285.71484375,47298.21485595704,46285.71484375,46430.35770263672,122300
2024-11-13,46719.64453125,47008.9302559017,46092.858794504646,46189.28736938855,143800
2024-11-14,46526.78515625,46864.28515220207,46141.07087516192,46719.642296794045,76300
2024-11-15,46285.71484375,46767.85770670573,45755.3576944987,46767.85770670573,146800
2024-11-18,45996.4296875,46285.71540880503,45610.715392426624,45803.57253996332,83300
2024-11-19,45321.4296875,46092.85827792553,45032.14396609042,45948.215417220745,92200
2024-11-20,45610.71484375,45803.5719889667,44791.07197657901,45321.429125924944,73700
2024-11-21,45610.71484375,45707.14341635835,45128.57198070824,45610.71484375,31600
2024-11-22,47442.859375,47828.57367886179,45658.930719639226,45803.57358358739,567400
2024-11-25,47394.64453125,47973.21598025814,47250.00166899797,47973.21598025814,53000
2024-11-26,47201.78515625,48985.71370658836,47057.14230081716,47394.64229682712,363500
2024-11-27,47635.71484375,48117.85770654099,46864.28626328441,47201.78626723811,3453387
2024-11-28,50914.28515625,50914.28515625,48069.64233028528,48117.85661547112,1690700
2024-11-29,54385.71484375,54385.71484375,52071.42910571808,52264.28625055408,2967875
2024-12-02,55542.859375,56314.28797743056,53614.28786892361,54385.71647135416,503100
2024-12-03,56892.859375,57857.145127118645,54578.57356991526,55832.145047669495,611000
2024-12-04,55928.57421875,57760.71716729526,55350.00276131466,57182.14570985991,391300
2024-12-05,56507.14453125,56892.85882839163,54964.28734268344,56314.28738267918,536800
2024-12-06,56603.57421875,57664.28855675042,55157.14557602214,56507.14564256814,755000
2024-12-09,58050.0,58146.42857142857,55928.57142857143,56217.857142857145,1580800
2024-12-10,57760.71484375,58339.2862779111,57375.00055430926,58050.00056083055,2069112
2024-12-11,57278.57421875,57857.145675505046,55735.71700073653,57567.85994712752,1196500
2024-12-12,56314.28515625,57085.71372003424,56217.85658577696,56892.85657908818,2045812
2024-12-13,54675.0,56314.28571428572,54000.0,55928.57142857143,1313800
2024-12-16,56025.0,56025.0,53903.57142857143,54675.0,1023500
2024-12-17,56796.4296875,57567.85827408744,55639.286807618846,56025.00110091257,899500
2024-12-18,56989.28515625,58339.28514303088,56892.85658576565,56892.85658576565,2273900
2024-12-19,56796.4296875,56989.286834146864,55928.57252758914,56314.28682088285,710200
2024-12-20,57664.28515625,57953.5708677362,56314.28516931438,56892.85659228679,2197100
2024-12-23,58821.4296875,59785.71542008197,57857.14395491804,57857.14395491804,765100
2024-12-24,58532.14453125,58821.43025380972,58050.00166031713,58821.43025380972,690000
2024-12-25,56217.859375,58628.57375643225,55253.5736224271,58628.57375643225,2343700
2024-12-26,56410.71484375,56507.14341613247,55639.28626469017,56507.14341613247,706300
2024-12-27,55446.4296875,56410.71542119565,55446.4296875,56410.71542119565,2070600
2024-12-30,55446.4296875,56217.85827445652,54867.85824728261,55542.858260869565,295200
2024-12-31,55542.859375,56121.430826822914,55060.7164984809,55350.00222439236,128300
2025-01-02,56892.859375,56892.859375,55542.8593220339,55542.8593220339,289100
2025-01-03,56507.14453125,56892.85882839163,56121.43023410836,56892.85882839163,329600
2025-01-06,55735.71484375,56603.57199529628,55060.714836991785,56314.28627811419,295000
2025-01-07,56410.71484375,56700.00056089743,55446.42911992521,55832.14340945512,428100
2025-01-08,56217.859375,56314.28795025729,55542.859348198974,56025.00222448542,228100
2025-01-09,57375.0,58339.28571428572,56121.42857142857,56217.857142857145,501600
2025-01-10,57375.0,57664.28571428572,56700.0,57375.0,307000
2025-01-13,56507.14453125,57182.14455124787,56025.00165982295,57182.14455124787,317900
2025-01-14,57375.0,58050.0,56603.57142857143,56796.42857142857,345900
2025-01-15,58821.4296875,59110.71540727459,56892.85822233607,57375.001088627054,629300
2025-01-16,58146.4296875,59110.71542029436,58146.4296875,58821.42970045605,258400
2025-01-17,59785.71484375,62196.42915196573,58242.85768649194,58242.85768649194,1215200
2025-01-20,58821.4296875,60557.14400614754,58628.57254098361,60557.14400614754,610200
2025-01-21,57278.57421875,59303.57431739268,56507.14560974327,58628.574284511786,922000
2025-01-22,56314.28515625,57278.570860980304,55928.57087435787,57085.71372003424,488300
2025-01-23,56603.57421875,56700.002794931854,56121.43133784071,56314.28849020442,224000
2025-01-24,56314.28515625,56410.71372672303,55157.142310573625,56314.28515625,394600
2025-02-03,55832.14453125,56410.71597716969,54675.00163941062,55928.57310556995,159300
2025-02-04,56892.859375,56892.859375,55735.71647245763,55832.145047669495,174500
2025-02-05,56314.28515625,56989.28514956121,56217.85658577696,56892.85657908818,214800
2025-02-06,56892.859375,56892.859375,55928.57362288136,56410.71649894068,226600
2025-02-07,57278.57421875,58628.574284511786,56700.00276199495,56892.85991424664,547700
2025-02-10,56410.71484375,57278.5719951923,56025.00055422008,57278.5719951923,245600
2025-02-11,57857.14453125,58339.28740234375,56314.28734375,56410.71591796874,542900
2025-02-12,57278.57421875,57953.57425163089,57182.14564262416,57953.57425163089,122900
2025-02-13,57857.14453125,58146.43025390625,56989.28736328125,57278.573085937496,289400
2025-02-14,57664.28515625,58049.9994382316,56989.28516278219,57857.1422972408,278100
2025-02-17,58339.28515625,60171.42799586777,57374.99945118802,57374.99945118802,976100
2025-02-18,58050.0,58725.0,57664.28571428572,58435.71428571429,226900
2025-02-19,56796.4296875,58628.57258064517,55253.572514325126,58050.00114070459,1146700
2025-02-20,56603.57421875,56603.57421875,55928.574185477,56410.717066386285,419300
2025-02-21,56603.57421875,56796.43137111372,55928.574185477,56603.57421875,181700
2025-02-24,56507.14453125,56603.573105535404,56121.43023410836,56217.85880839377,188700
2025-02-25,56217.859375,56410.71652551458,55928.573649228136,56025.00222448542,200800
2025-02-26,56892.859375,57182.14510063559,55928.57362288136,56217.85934851695,2033300
2025-02-27,56603.57421875,57182.14567584114,56217.85991402257,56989.28852347742,198300
2025-02-28,56121.4296875,56700.00112757732,56121.4296875,56700.00112757732,154400
2025-03-03,56314.28515625,56314.28515625,55928.57087435787,56121.428015303936,178400
2025-03-04,55928.57421875,56603.57425242457,55928.57421875,56314.2885237069,187500
2025-03-05,55735.71484375,55832.143416144034,55060.714836991785,55832.143416144034,321500
2025-03-06,55928.57421875,55928.57421875,55157.14560883621,55735.71706627155,591900
2025-03-07,55735.71484375,56314.28627811419,55350.00055417388,56314.28627811419,125800
2025-03-10,55157.14453125,55735.71597738199,54675.00165947334,55735.71597738199,284200
2025-03-11,55157.14453125,55350.00167996066,54482.14451076267,54964.28738253933,102200
2025-03-12,55542.859375,55542.859375,54771.430772569445,55350.00222439236,200500
2025-03-13,55542.859375,56314.28797743056,54964.28792317708,55542.859375,228900
2025-03-14,55157.14453125,55735.71597738199,54675.00165947334,55735.71597738199,175400
2025-03-17,54964.28515625,54964.28515625,53999.99945175438,54771.42801535087,150300
2025-03-18,54867.859375,54964.28795035149,54192.85934753955,54964.28795035149,107100
2025-03-19,56314.28515625,56892.85657908818,54964.28516962757,55157.142310573625,553800
2025-03-20,56121.4296875,56314.28683419244,55639.2868207689,56314.28683419244,986700
2025-03-21,55928.57421875,56410.71709994612,55639.288490032326,56410.71709994612,794200
2025-03-24,53807.14453125,55928.57316868279,53807.14453125,55928.57316868279,414500
2025-03-25,52842.859375,53903.57370552007,52264.28792198905,53903.57370552007,240900
2025-03-26,53517.859375,53710.7165259009,52167.85931869369,52167.85931869369,627800
2025-03-27,53517.859375,53807.14510135135,53035.716497747744,53517.859375,106700
2025-03-28,52939.28515625,53710.7137195469,52457.14230418944,53517.85657872268,155700
2025-03-31,52071.4296875,53035.71542245371,51300.00109953704,52939.286848958334,215200
2025-04-01,52071.4296875,52842.85827546297,51589.28682002315,52167.858260995374,38400
2025-04-02,51589.28515625,52264.2851489486,51589.28515625,51974.99943779206,138000
2025-04-03,48021.4296875,50432.14402924197,48021.4296875,49275.001145205824,767000
2025-04-04,46285.71484375,47539.286287434894,44839.28625488281,45032.14340006511,413700
2025-04-08,43055.359375,45417.85949748041,43055.359375,45321.43092105263,876400
2025-04-09,44164.28515625,44164.28515625,40499.99948826419,40499.99948826419,616650
2025-04-10,47250.0,47250.0,47201.78571428572,47250.0,100800
2025-04-11,48214.28515625,48214.28515625,47201.785167968745,48021.428015625,242200
2025-04-14,48407.14453125,48985.71597983068,48214.28738172311,48985.71597983068,108500
2025-04-15,48310.71484375,48696.42913391966,47876.78626730913,48214.28627120759,168400
2025-04-16,47587.5,48407.142857142855,47346.42857142857,48214.28571428572,101300
2025-04-17,47394.64453125,47587.50168091938,46864.28736965921,47250.00166899797,85300
2025-04-18,48021.4296875,48117.85826116968,47250.00109814257,47394.64395864709,149300
2025-04-21,47732.14453125,48021.430255681815,47057.14450757576,47539.28738162879,95100
2025-04-22,45803.5703125,47683.92740953947,45514.28460526316,47683.92740953947,232700
2025-04-23,46189.28515625,46382.142296777136,45899.99944545929,45948.21373059107,80200
2025-04-24,46189.28515625,46478.57086704071,46189.28515625,46189.28515625,862200
2025-04-25,46141.0703125,46285.7131661442,45610.71318247126,45948.21317430773,105100
2025-04-28,46382.14453125,46960.71598070426,46285.71595634096,46912.50169324975,51000
2025-04-29,47732.14453125,48069.64454308712,46430.35877130682,46430.35877130682,177400
2025-05-05,48600.0,48696.42857142857,47876.78571428572,47973.21428571429,204684
2025-05-06,48792.859375,48985.71652667984,48407.14507164032,48600.00222332016,97248
2025-05-07,48696.4296875,50046.4297184406,48503.57254022277,48792.85826113861,195571
2025-05-08,49275.0,49275.0,48503.57142857143,48696.42857142857,139594
2025-05-09,48792.859375,49275.00225419961,48407.14507164032,49275.00225419961,372362
2025-05-12,48503.57421875,49178.57425757952,48117.859910847415,48792.85994967694,131662
2025-05-13,48069.64453125,48889.28741693832,47491.073082528834,48503.57311779087,473172
2025-05-14,48117.859375,48696.43083041082,47925.00222319639,48021.4307990982,247976
2025-05-15,47973.21484375,48310.71484767588,47828.57198492462,48069.64341630025,93548
2025-05-16,48600.0,48696.42857142857,47442.857142857145,47732.142857142855,351369
2025-05-19,48985.71484375,49564.2862789124,48600.00055364173,48985.71484375,308156
2025-05-20,49564.28515625,50239.28514865029,49274.99944522131,49274.99944522131,285124
2025-05-21,49467.859375,49853.57367811891,49082.145071881096,49757.14510233919,158688
2025-05-22,48985.71484375,49275.0005613312,48792.857698695865,49178.571988804135,196887
2025-05-23,49660.71484375,51010.71485891991,49178.57198118932,49275.00055370146,248496
2025-05-26,49950.0,50046.42857142857,47298.21428571429,50046.42857142857,265431
2025-05-27,50142.859375,50335.7165264423,49853.573647836536,49950.00222355769,262370
2025-05-28,50142.859375,50335.7165264423,49757.14507211538,50335.7165264423,190219
2025-05-29,50335.71484375,50432.14341624761,49950.00055375958,50432.14341624761,157605
2025-05-30,50142.859375,50335.7165264423,49757.14507211538,50335.7165264423,224844
2025-06-02,50721.4296875,50721.4296875,49757.14395199619,50239.2868197481,206921
2025-06-03,51782.14453125,51878.57310579609,50625.00163669693,51492.85880761173,655645
2025-06-04,54000.0,54482.142857142855,51492.857142857145,51878.57142857143,474161
2025-06-05,52264.28515625,53807.14228263376,52264.28515625,53324.99943063883,203504
2025-06-06,51782.14453125,52939.28742580307,51685.71595670391,52264.287403980445,137049
2025-06-09,51878.57421875,52842.85998489777,51107.145605831785,51396.43133567611,387973
2025-06-10,52071.4296875,52746.4297019676,51878.57254050926,51878.57254050926,145500
2025-06-11,51878.57421875,52457.14567843866,51878.57421875,52071.431371979554,74480
2025-06-12,52167.859375,53035.71655499076,51878.573648336416,51878.573648336416,285993
2025-06-13,52650.0,52650.0,51782.142857142855,51782.142857142855,282385
2025-06-16,53228.57421875,53517.85994819973,52746.431336333786,53325.002795233246,1211938
2025-06-17,52939.28515625,53999.999430783246,52649.99944501367,53903.57086037113,130039
2025-06-18,53035.71484375,53035.71484375,52360.71483664773,52939.28627130682,324479
2025-06-19,53228.57421875,54289.28856006568,52746.431336333786,53035.71706578352,198436
2025-06-20,54482.14453125,54482.14453125,53035.71591537611,53903.57308490045,385833
2025-06-23,54675.0,54867.857142857145,54000.0,54578.57142857143,150792
2025-06-24,53903.57421875,54675.00283010957,53903.57421875,54675.00283010957,115119
2025-06-25,54192.859375,54289.28795040036,53517.85934719751,54289.28795040036,149141
2025-06-26,54096.4296875,54289.286834336,53903.57254066399,54192.858260918,126197
2025-06-27,54000.0,54482.142857142855,53710.71428571429,54096.42857142857,1074398
2025-06-30,53700.0,54900.0,51200.0,54900.0,118088
2025-07-01,54200.0,54200.0,53400.0,53900.0,190594
2025-07-02,54300.0,54800.0,53800.0,54200.0,100811
2025-07-03,54500.0,54500.0,53500.0,53500.0,198653
2025-07-04,54500.0,54600.0,53900.0,54600.0,53050
2025-07-07,54300.0,54500.0,54000.0,54500.0,92177
2025-07-08,54200.0,54300.0,53900.0,54000.0,121713
2025-07-09,54400.0,54500.0,54100.0,54200.0,299470
2025-07-10,54700.0,54900.0,54100.0,54500.0,337308
2025-07-11,54600.0,54700.0,54200.0,54700.0,68758
2025-07-14,54800.0,54800.0,54500.0,54600.0,92076
2025-07-15,55900.0,55900.0,54600.0,54900.0,225135
2025-07-16,55300.0,55800.0,55200.0,55800.0,51778
2025-07-17,55100.0,55400.0,54900.0,55100.0,102644
2025-07-18,55300.0,55900.0,54800.0,54900.0,125477
2025-07-21,55000.0,55400.0,55000.0,55300.0,303782
2025-07-22,55100.0,55200.0,54600.0,54600.0,57938
2025-07-23,55300.0,55700.0,55000.0,55700.0,57697
2025-07-24,55100.0,55400.0,54800.0,55100.0,42861
2025-07-25,55000.0,55500.0,54900.0,55100.0,621456
2025-07-28,56300.0,57000.0,55400.0,55500.0,344347
2025-07-29,55200.0,56800.0,55200.0,56800.0,331893
2025-07-30,55500.0,55500.0,54800.0,55200.0,142371
2025-07-31,55300.0,55400.0,54900.0,55200.0,104551
2025-08-01,55300.0,55400.0,54800.0,55000.0,375844
2025-08-04,55200.0,55300.0,54600.0,55300.0,41010
2025-08-05,54800.0,55600.0,54600.0,55200.0,97566
2025-08-06,55200.0,55300.0,54800.0,54900.0,43035
2025-08-07,54900.0,55200.0,54600.0,55200.0,23153
2025-08-08,54800.0,55000.0,54700.0,55000.0,52370
2025-08-11,54800.0,55100.0,54600.0,55100.0,64516
2025-08-12,54700.0,54900.0,54600.0,54600.0,61991
2025-08-13,55500.0,55500.0,54500.0,54600.0,116895
2025-08-14,55000.0,55500.0,54800.0,55500.0,53454
2025-08-15,54900.0,54900.0,54300.0,54700.0,189322
2025-08-18,54700.0,54800.0,54200.0,54800.0,52479
2025-08-19,54800.0,54800.0,54400.0,54700.0,99963
2025-08-20,54700.0,54800.0,54200.0,54800.0,99134
2025-08-21,54700.0,54800.0,54300.0,54600.0,101485
2025-08-22,54500.0,54600.0,53900.0,54600.0,160188
2025-08-25,53500.0,54400.0,52200.0,54400.0,58824
2025-08-26,52600.0,53500.0,52300.0,53500.0,66161
2025-08-27,52800.0,53000.0,52600.0,53000.0,94512
2025-08-28,53000.0,53000.0,52500.0,52500.0,324919
2025-08-29,53000.0,54100.0,52800.0,52800.0,35774
2025-09-03,53000.0,53000.0,52400.0,52900.0,60104
2025-09-04,53300.0,53300.0,52700.0,53000.0,40607
2025-09-05,53400.0,53600.0,52300.0,53300.0,133996
2025-09-08,53300.0,53400.0,53000.0,53100.0,1189046
2025-09-09,52900.0,53300.0,52600.0,53300.0,22808
2025-09-10,53500.0,53800.0,53000.0,53300.0,52262
2025-09-11,53800.0,53800.0,53000.0,53100.0,117420
2025-09-12,53800.0,53900.0,53600.0,53800.0,22335
2025-09-15,54000.0,54000.0,53500.0,53500.0,96712
2025-09-16,54200.0,54400.0,53900.0,53900.0,92033
2025-09-17,54100.0,54400.0,53700.0,53700.0,78966
2025-09-18,54100.0,54100.0,53700.0,54100.0,52869
2025-09-19,54100.0,54300.0,53800.0,54100.0,19621
2025-09-22,53900.0,54100.0,53300.0,54100.0,144761
2025-09-23,54000.0,54000.0,53800.0,53800.0,73419
2025-09-24,54000.0,54100.0,53800.0,54000.0,39026
2025-09-25,54400.0,54400.0,53800.0,53900.0,54861
2025-09-26,53600.0,54200.0,53600.0,54200.0,879882
2025-09-29,53800.0,53800.0,53500.0,53700.0,41414
2025-09-30,53900.0,53900.0,53700.0,53900.0,25412
2025-10-01,54000.0,54000.0,53600.0,53900.0,25611
2025-10-02,53800.0,54000.0,53500.0,54000.0,102816
2025-10-03,53900.0,54000.0,53600.0,53800.0,83114
2025-10-06,54100.0,54500.0,53900.0,54200.0,159324
2025-10-07,54100.0,54200.0,54000.0,54100.0,44348
2025-10-08,54200.0,54300.0,54000.0,54000.0,26856
2025-10-09,54000.0,54200.0,53900.0,54200.0,144525
2025-10-10,54000.0,54100.0,53800.0,53900.0,47348
2025-10-13,53900.0,54100.0,53500.0,53800.0,58917
2025-10-14,53900.0,53900.0,53800.0,53800.0,43384
2025-10-15,53900.0,53900.0,53800.0,53900.0,33943
2025-10-16,53900.0,54000.0,53700.0,54000.0,45242
2025-10-17,53700.0,54200.0,53700.0,54200.0,47865
2025-10-20,53300.0,53800.0,53300.0,53700.0,46202
2025-10-21,53400.0,53400.0,52500.0,53300.0,93729
2025-10-22,53400.0,53400.0,52500.0,53000.0,24879
2025-10-23,53000.0,53000.0,52600.0,52600.0,10700
2025-10-24,53100.0,53100.0,52500.0,52900.0,23610
2025-10-27,53000.0,53200.0,52800.0,53200.0,6541
2025-10-28,52900.0,52900.0,51800.0,52500.0,81022
2025-10-29,52800.0,52800.0,52100.0,52700.0,15120
2025-10-30,52700.0,52700.0,52000.0,52200.0,34296
2025-10-31,52600.0,52700.0,52000.0,52700.0,303602
2025-11-03,53200.0,53200.0,52300.0,52500.0,11923
2025-11-04,52200.0,53000.0,51600.0,53000.0,1334826
2025-11-05,52600.0,53000.0,51800.0,52200.0,23013
2025-11-06,52500.0,53000.0,51100.0,51300.0,75821
2025-11-07,52800.0,52800.0,51400.0,52500.0,9703
2025-11-10,52200.0,52300.0,51500.0,51900.0,10079
2025-11-11,51900.0,52000.0,51200.0,51200.0,9118
2025-11-12,52000.0,52000.0,51500.0,51900.0,5614
2025-11-13,51900.0,52500.0,51300.0,52500.0,2178
2025-11-14,51500.0,51800.0,51300.0,51300.0,613421
2025-11-17,51500.0,53800.0,51500.0,53200.0,3619
2025-11-18,51800.0,52000.0,51300.0,51500.0,506317
2025-11-19,51700.0,52000.0,51200.0,52000.0,1117
2025-11-20,51900.0,51900.0,51200.0,51500.0,3111
2025-11-21,51700.0,51700.0,50700.0,50700.0,1511
2025-11-24,51500.0,51700.0,50600.0,51700.0,410610
2025-11-25,50500.0,51400.0,50500.0,51400.0,35120
2025-11-26,50600.0,51300.0,50600.0,51300.0,11400
2025-11-27,50700.0,50900.0,50200.0,50500.0,13631
2025-11-28,50800.0,51700.0,50200.0,51700.0,14695
2025-12-01,50500.0,50800.0,50000.0,50800.0,48579
2025-12-02,50400.0,50500.0,49800.0,50500.0,10925
2025-12-03,50400.0,50500.0,50000.0,50400.0,4131331
2025-12-04,50300.0,50400.0,50000.0,50400.0,12512
2025-12-05,50300.0,50800.0,50100.0,50300.0,2836475
2025-12-08,50000.0,50400.0,49900.0,50400.0,20958
2025-12-09,50400.0,50400.0,49800.0,50000.0,22412
2025-12-10,50100.0,50400.0,49800.0,50400.0,424758
2025-12-11,49500.0,50100.0,46600.0,50100.0,13861
2025-12-12,49000.0,50000.0,49000.0,50000.0,18941
2025-12-15,48050.0,48950.0,47500.0,48200.0,441058
2025-12-16,48450.0,48800.0,47100.0,47100.0,11817
2025-12-17,49900.0,49900.0,48000.0,48450.0,18420
2025-12-18,48950.0,49900.0,48600.0,49900.0,1088537
2025-12-19,48500.0,49000.0,48000.0,48500.0,46208
2025-12-22,48450.0,48450.0,47900.0,48400.0,16569
2025-12-23,48300.0,48450.0,48250.0,48450.0,418307
2025-12-24,48300.0,48300.0,47600.0,48300.0,1118731
2025-12-25,48850.0,48850.0,48000.0,48100.0,1048510
2025-12-26,48450.0,48750.0,47950.0,48100.0,15722
2025-12-29,48450.0,48750.0,48050.0,48750.0,3550
2025-12-30,48800.0,48800.0,48100.0,48500.0,15921
2025-12-31,48800.0,48800.0,48250.0,48650.0,9008
2026-01-05,48650.0,48800.0,48000.0,48800.0,26900
2026-01-06,48450.0,48600.0,47950.0,48600.0,10825
2026-01-07,48500.0,48800.0,48000.0,48800.0,4863
2026-01-08,48500.0,48500.0,48050.0,48500.0,7160
2026-01-09,48400.0,48600.0,48300.0,48400.0,22083
2026-01-12,48500.0,48500.0,48000.0,48500.0,25772
2026-01-13,48400.0,48750.0,48000.0,48000.0,7099
2026-01-14,49500.0,49650.0,48100.0,48450.0,45453
2026-01-15,49500.0,49800.0,49500.0,49750.0,18542
2026-01-16,51700.0,51900.0,49400.0,49500.0,79559
2026-01-19,52000.0,52200.0,51400.0,51700.0,58332
2026-01-20,52000.0,52900.0,51200.0,52000.0,64515
2026-01-21,51700.0,52000.0,51000.0,51600.0,301313
2026-01-22,52000.0,52300.0,51800.0,52000.0,38570
2026-01-23,51900.0,52000.0,51200.0,52000.0,37218
2026-01-26,51600.0,51900.0,51300.0,51700.0,19666
2026-01-27,51600.0,51600.0,51200.0,51600.0,57648
2026-01-28,51800.0,52200.0,51000.0,51600.0,50468
2026-01-29,51900.0,52000.0,51400.0,51800.0,69018
2026-01-30,53000.0,53000.0,51900.0,51900.0,160371
2026-02-02,52900.0,53700.0,52300.0,53700.0,80118
2026-02-03,54300.0,54500.0,52800.0,53100.0,81867
2026-02-04,54100.0,54500.0,53600.0,54300.0,127804
2026-02-05,53000.0,54100.0,53000.0,54100.0,57510
2026-02-06,52800.0,53000.0,51800.0,51800.0,16517
2026-02-09,52700.0,53900.0,52500.0,52500.0,39928
2026-02-10,53000.0,53300.0,52500.0,52700.0,4135146
2026-02-11,52700.0,52900.0,52600.0,52700.0,30991
2026-02-12,53800.0,53900.0,52700.0,52700.0,166344
2026-02-13,54200.0,54300.0,53500.0,53800.0,18957
2026-02-23,53200.0,54300.0,53100.0,54300.0,15599
2026-02-24,54400.0,54400.0,52700.0,53200.0,76514
2026-02-25,53900.0,54000.0,53300.0,54000.0,14741
2026-02-26,54300.0,54300.0,53200.0,53800.0,680705
2026-02-27,54300.0,54400.0,53700.0,54300.0,80599
2026-03-02,53900.0,54300.0,50900.0,50900.0,56084
2026-03-03,54400.0,54400.0,53800.0,53800.0,94521
2026-03-04,53900.0,54400.0,52600.0,53800.0,25933
2026-03-05,53300.0,54300.0,53100.0,53200.0,12113
2026-03-06,53400.0,54000.0,52500.0,54000.0,134509
2026-03-09,51000.0,52700.0,50000.0,51700.0,142464
2026-03-10,51400.0,51500.0,50700.0,50700.0,230842
2026-03-11,51300.0,51400.0,50100.0,50200.0,66090
2026-03-12,51000.0,51500.0,50300.0,51500.0,58024
2026-03-13,50400.0,51300.0,50300.0,51300.0,55216
2026-03-16,51500.0,52900.0,50100.0,51700.0,46694
2026-03-17,51400.0,52200.0,51300.0,51800.0,45180
2026-03-18,51300.0,51400.0,50500.0,51300.0,276730
2026-03-19,50200.0,50900.0,50000.0,50000.0,39300
2026-03-20,50700.0,50800.0,50000.0,50000.0,9445
2026-03-23,49850.0,51000.0,49500.0,51000.0,18711
2026-03-24,50300.0,50600.0,50000.0,50600.0,5321
2026-03-25,51400.0,51400.0,50200.0,50200.0,17836
2026-03-26,50900.0,51400.0,50500.0,51400.0,4951
2026-03-27,51500.0,51500.0,50300.0,50900.0,10230
2026-03-30,51800.0,51800.0,50100.0,50400.0,10775
2026-03-31,51700.0,51900.0,50600.0,51000.0,13134
2026-04-01,51400.0,51700.0,51000.0,51700.0,22035
2026-04-02,51100.0,51400.0,50600.0,51400.0,16719
2026-04-03,50800.0,51000.0,50600.0,51000.0,11412
2026-04-06,50900.0,51000.0,50300.0,51000.0,14641
2026-04-07,50900.0,50900.0,50200.0,50900.0,89914
2026-04-08,51000.0,51000.0,50500.0,51000.0,34524
2026-04-09,50900.0,51000.0,50500.0,50700.0,9594
2026-04-10,51700.0,51700.0,50500.0,50500.0,27585
2026-04-13,50000.0,50800.0,50000.0,50600.0,57438
2026-04-14,50500.0,50800.0,50400.0,50400.0,6360
2026-04-15,50400.0,50800.0,50100.0,50100.0,4568
2026-04-16,50500.0,50500.0,50300.0,50400.0,5302
2026-04-17,50300.0,50500.0,50000.0,50000.0,1132
2026-04-20,50200.0,50300.0,49400.0,49600.0,18304
2026-04-21,50200.0,50200.0,49600.0,49600.0,43572
2026-04-22,50000.0,50000.0,49600.0,50000.0,38311
2026-04-23,49850.0,49950.0,49550.0,49950.0,1065907
2026-04-24,49750.0,49800.0,49250.0,49600.0,15123
2026-04-28,49750.0,49750.0,49200.0,49200.0,9364
2026-04-29,49900.0,50000.0,49600.0,49600.0,33567
2026-05-04,50000.0,50200.0,49800.0,50000.0,108770
2026-05-05,49950.0,49950.0,49800.0,49900.0,3867
2026-05-06,50000.0,50000.0,49800.0,49950.0,1097039
2026-05-07,50000.0,50500.0,49500.0,49500.0,76181
2026-05-08,49850.0,49950.0,49450.0,49900.0,16312
2026-05-11,49400.0,50000.0,49400.0,50000.0,517427
2026-05-12,49800.0,49800.0,49500.0,49500.0,3620
2026-05-13,50100.0,50100.0,49800.0,49900.0,1234492
2026-05-14,50200.0,50200.0,50000.0,50200.0,29600
2026-05-15,50100.0,50500.0,50000.0,50000.0,159040
2026-05-18,50300.0,50300.0,49000.0,50300.0,77330
2026-05-19,50200.0,51000.0,50000.0,51000.0,32118
2026-05-20,50100.0,50200.0,49850.0,50000.0,51058
2026-05-21,50200.0,50700.0,49900.0,50700.0,8921
2026-05-22,50300.0,50500.0,50000.0,50500.0,24638
2026-05-25,50200.0,50500.0,50000.0,50500.0,21353
2026-05-26,50400.0,50500.0,50100.0,50300.0,9100
2026-05-27,50000.0,50400.0,50000.0,50400.0,17100
