Price,Close,High,Low,Open,Volume
Ticker,DHC.VN,DHC.VN,DHC.VN,DHC.VN,DHC.VN
Date,,,,,
2017-01-03,11972.8623046875,12004.789758023797,11813.224186062014,11813.224186062014,28825
2017-01-04,11813.2236328125,11972.861743961645,11142.743736374889,11813.2236328125,37459
2017-01-05,11749.369140625,11781.296593584222,11493.947813063243,11781.296593584222,194078
2017-01-06,11717.4423828125,11717.4423828125,11493.948494951008,11525.875949804353,1029730
2017-01-09,11557.8037109375,11717.441829611464,11525.875405647506,11717.441829611464,113119
2017-01-10,11813.2236328125,11813.2236328125,11462.019958673176,11557.803166140246,200992
2017-01-11,11813.2236328125,11813.2236328125,11493.947410514213,11493.947410514213,21748
2017-01-12,11493.947265625,11781.29603246002,11462.019814186431,11525.874717063569,451308
2017-01-13,11398.1650390625,11493.948253554932,11382.2013119711,11493.948253554932,154732
2017-01-16,11398.1650390625,11717.442136722602,11366.237584879696,11557.804013864565,17949
2017-01-17,11398.1650390625,11717.442136722602,11334.310130696893,11717.442136722602,205664
2017-01-18,11366.2373046875,11462.020516818757,11270.454944500249,11398.16475808325,286270
2017-01-19,11398.1650390625,11398.1650390625,11206.599462021655,11206.599462021655,183996
2017-01-20,11366.2373046875,11366.2373046875,11334.30985129175,11334.30985129175,36338
2017-01-23,11366.2373046875,11717.441847872766,11334.30985129175,11334.30985129175,435268
2017-01-24,11477.984375,11493.948101880746,11398.164888652267,11493.948101880746,65902
2017-01-25,11813.2236328125,12276.174240339416,11302.381847524031,11302.381847524031,64372
2017-02-03,11382.201171875,12196.356355179716,11366.237444980085,12132.500595656044,167001
2017-02-06,11366.2373046875,11749.369301268518,10599.974163469467,11334.30985129175,866032
2017-02-07,11334.3095703125,11493.947685277804,10695.757110451284,11493.947685277804,78145
2017-02-08,11493.947265625,11493.947265625,11206.59849878998,11493.947265625,31639
2017-02-09,11462.01953125,11462.01953125,11366.236327354722,11430.09208059955,109868
2017-02-10,11222.5634765625,11382.201603509437,11174.672294061633,11382.201603509437,100140
2017-02-13,11334.3095703125,11653.585800243109,11238.526360555725,11334.3095703125,60873
2017-02-14,11334.3095703125,11430.092780069272,11238.526360555725,11430.092780069272,65356
2017-02-15,11366.2373046875,11398.16475808325,11366.2373046875,11398.16475808325,21310
2017-02-16,11398.1650390625,11398.1650390625,11174.672007838852,11366.237584879696,95551
2017-02-17,11653.5859375,11685.513390480308,11302.38225082862,11430.092914693849,53334
2017-02-20,11493.947265625,11493.947265625,11366.236607926776,11493.947265625,21254
2017-02-21,11653.5859375,11813.224054345534,11398.164609769548,11653.5859375,120742
2017-02-22,11589.7314453125,11653.586353552846,11462.020776887786,11493.94823100796,344989
2017-02-23,11334.3095703125,11557.803442430311,11334.3095703125,11366.237022916765,62896
2017-02-24,11286.4189453125,11462.020795197992,11270.455218226913,11462.020795197992,62296
2017-02-27,11366.2373046875,11493.947970214504,11270.454944500249,11493.947970214504,77158
2017-02-28,11366.2373046875,11366.2373046875,11270.454944500249,11270.454944500249,76915
2017-03-01,11270.455078125,11334.30998567358,11270.455078125,11334.30998567358,153775
2017-03-02,11366.2373046875,11366.2373046875,11174.671732368992,11270.454944500249,201266
2017-03-03,11334.3095703125,11557.803442430311,10951.178435173362,11557.803442430311,324661
2017-03-06,11493.947265625,11653.585374761797,11270.454253611068,11653.585374761797,22047
2017-03-07,11493.947265625,11493.947265625,10855.394829077824,10855.394829077824,277580
2017-03-08,11302.3837890625,11621.66006620649,11270.456331736925,11270.456331736925,43742
2017-03-09,11302.3837890625,11493.949384960071,11174.673107816085,11493.949384960071,139952
2017-03-10,11206.599609375,11493.948404686567,11174.672154772388,11493.948404686567,122216
2017-03-13,11174.671875,11430.093209314153,11046.961207842924,11046.961207842924,36939
2017-03-14,11174.671875,11174.671875,11126.7806942951,11174.671875,213096
2017-03-15,11142.7451171875,11956.899499744017,11015.034442053444,11015.034442053444,142108
2017-03-16,11078.8876953125,11477.983388875042,10919.24958827627,11142.743449293355,35300
2017-03-17,11110.8173828125,11254.491782243009,10919.25094894246,11254.491782243009,51174
2017-03-20,10919.25,11110.816417221871,10919.25,11110.816417221871,18879
2017-03-21,10919.25,11158.707595555356,10727.684434722098,11158.707595555356,47952
2017-03-22,10727.68359375,11382.199720774195,10695.756144030558,11382.199720774195,118611
2017-03-23,10695.7578125,11015.034063387278,10695.7578125,10759.61272189984,124785
2017-03-24,10695.7578125,11015.034063387278,10599.9745964562,11015.034063387278,108146
2017-03-27,10663.830078125,10695.757531987574,10376.4812894738,10695.757531987574,30217
2017-03-28,10631.90234375,10663.830651272636,10392.44557496662,10631.90234375,22840
2017-03-29,10248.771484375,11110.817922858156,9897.567758449604,10631.902666849235,57952
2017-03-30,10919.25,10951.178304166291,10248.770095555356,10376.480756388612,120496
2017-03-31,10919.25,10919.25,10695.756982499775,10855.395095555356,161211
2017-04-03,10631.90234375,10855.396236688151,10568.047432592848,10584.011160382135,70054
2017-04-04,10536.1201171875,11366.23823299472,10536.1201171875,10727.685705151618,408246
2017-04-05,10903.2861328125,10903.2861328125,10536.118733118592,10903.2861328125,185226
2017-04-07,11015.033203125,11414.128911537173,10584.010042506408,10584.010042506408,85465
2017-04-10,10695.7578125,11462.020985018276,10695.7578125,11462.020985018276,45546
2017-04-11,10727.68359375,10951.17744567391,10663.828694311114,10951.17744567391,72024
2017-04-12,10568.046875,10919.250571722194,10568.046875,10919.250571722194,28386
2017-04-13,10536.1201171875,10951.179601063146,10536.1201171875,10839.432653107382,106888
2017-04-14,10536.1201171875,10855.396381109053,10536.1201171875,10599.975029194182,205282
2017-04-17,10823.4677734375,10823.4677734375,10536.11899609456,10823.4677734375,221677
2017-04-18,10536.1201171875,10536.1201171875,10216.843853265947,10536.1201171875,41120
2017-04-19,10504.1923828125,10791.540331171627,10216.84358250932,10791.540331171627,2920
2017-04-20,10504.1923828125,10695.757965699937,10216.84358250932,10695.757965699937,242
2017-04-21,10440.3359375,10472.263390568392,10216.842914077257,10216.842914077257,41940
2017-04-24,10216.8427734375,10376.480888525964,10089.132110977936,10216.8427734375,28551
2017-04-25,10248.771484375,10248.771484375,10216.844027826162,10248.771484375,168886
2017-04-26,10216.8427734375,10536.119003614423,10184.914468864625,10248.770226066395,250696
2017-04-27,10520.1552734375,10536.118999746086,9993.348897478205,10536.118999746086,176864
2017-04-28,10536.1201171875,10536.1201171875,10216.843853265947,10536.1201171875,58141
2017-05-03,10280.6982421875,11270.45529154042,10280.6982421875,10855.39582878313,5433
2017-05-04,10216.8427734375,10855.395233791349,10216.8427734375,10280.697678695293,970927
2017-05-05,10216.8427734375,10536.119003614423,10137.02328992128,10520.155277299977,31722
2017-05-08,10376.4814453125,10536.119568966906,10184.915015371991,10536.119568966906,121207
2017-05-09,10472.2626953125,10536.11844915388,10216.842235778786,10536.11844915388,184981
2017-05-10,10216.8427734375,10855.395233791349,10216.8427734375,10216.8427734375,210418
2017-05-11,10536.1201171875,10759.61316115496,9897.567589344397,10216.843853265947,93117
2017-05-12,10216.8427734375,10823.467781162452,10216.8427734375,10216.8427734375,187604
2017-05-15,10216.8427734375,10536.119003614423,10216.8427734375,10216.8427734375,98173
2017-05-16,10152.986328125,10536.118289537228,10152.986328125,10216.842080998998,168259
2017-05-17,10216.8427734375,10376.480888525964,10184.914468864625,10376.480888525964,202413
2017-05-18,10216.8427734375,10855.395233791349,10216.8427734375,10216.8427734375,111945
2017-05-19,10536.1201171875,10855.396381109053,10216.843853265947,10216.843853265947,141235
2017-05-22,10536.1201171875,10823.468925105712,10184.915545318536,10823.468925105712,102843
2017-05-23,10216.8427734375,10536.119003614423,10184.914468864625,10536.119003614423,47404
2017-05-24,10216.8427734375,10536.119003614423,10216.8427734375,10536.119003614423,556232
2017-05-25,10376.4814453125,10504.19211462483,10216.843321658094,10216.843321658094,82926
2017-05-26,10248.771484375,10440.337075612118,10216.844027826162,10248.771484375,483906
2017-05-29,10248.771484375,10536.12029720272,10248.771484375,10472.264532160956,160689
2017-05-30,10248.771484375,10504.19284065388,10216.844027826162,10504.19284065388,285997
2017-05-31,10248.771484375,10376.48216251444,10184.915719333238,10216.844027826162,199327
2017-06-01,10216.8427734375,10376.480888525964,10184.914468864625,10376.480888525964,68934
2017-06-02,10184.9140625,10344.552171219111,10184.9140625,10216.84236579898,59046
2017-06-05,10216.8427734375,10216.8427734375,10184.914468864625,10184.914468864625,87571
2017-06-06,10376.4814453125,10376.4814453125,10216.843321658094,10216.843321658094,186728
2017-06-07,10376.4814453125,10376.4814453125,10248.77077600017,10376.4814453125,25599
2017-06-08,10392.4453125,11015.034088334667,10376.481585113885,10376.481585113885,253672
2017-06-09,10504.1923828125,10695.757965699937,10376.481710239526,10631.902203441425,186646
2017-06-12,10823.4677734375,10919.250131255829,10376.480881120036,10887.322678649718,73143
2017-06-13,10631.90234375,11414.130117089471,10568.047432592848,11414.130117089471,95496
2017-06-14,10631.90234375,10695.758106851212,10472.26421391306,10631.90234375,36829
2017-06-15,10376.4814453125,10919.250724959871,10184.915015371991,10695.757692621311,176264
2017-06-16,10376.4814453125,10376.4814453125,10152.987561029917,10184.915015371991,111534
2017-06-19,10536.1201171875,10536.1201171875,10184.915545318536,10376.481985226725,175662
2017-06-20,10248.771484375,10536.12029720272,10216.844027826162,10536.12029720272,187987
2017-06-21,10472.2626953125,10695.756555841428,10216.842235778786,10695.756555841428,21254
2017-06-22,10312.625,10919.25,10312.625,10536.118869444195,131289
2017-06-23,10376.4814453125,10791.54005564754,10216.843321658094,10552.083296137944,27213
2017-06-26,10232.806640625,10631.901507868426,10232.806640625,10631.901507868426,11228
2017-06-27,10376.4814453125,10536.119568966906,10216.843321658094,10536.119568966906,9915
2017-06-28,10184.9140625,10631.900937302304,10184.9140625,10376.480474518092,111069
2017-06-29,10376.4814453125,10775.576328476502,10184.915015371991,10184.915015371991,65712
2017-06-30,10376.4814453125,10631.901931993134,10216.843321658094,10631.901931993134,108036
2017-07-03,10232.806640625,10520.155422128904,10216.84291409078,10520.155422128904,42487
2017-07-04,10184.9140625,10488.226554260707,10184.9140625,10216.84236579898,81258
2017-07-05,10424.373046875,10568.047449147718,10152.98797014386,10568.047449147718,159514
2017-07-06,10408.4091796875,10408.4091796875,10152.98783419086,10376.481724486432,567214
2017-07-07,10216.8427734375,10504.191550985528,10121.05956360683,10504.191550985528,12512
2017-07-10,10216.8427734375,10520.155277299977,10105.09583729238,10504.191550985528,54672
2017-07-11,10248.771484375,10472.264532160956,10152.9882627844,10472.264532160956,1215062
2017-07-12,10376.4814453125,10376.4814453125,10184.915015371991,10376.4814453125,41829
2017-07-13,10216.8427734375,10376.480888525964,10184.914468864625,10216.8427734375,106041
2017-07-14,10216.8427734375,10280.697678695293,10168.950742550174,10168.950742550174,178230
2017-07-17,10184.9140625,10504.191131882171,10184.9140625,10504.191131882171,12048
2017-07-18,10184.9140625,10488.226554260707,10025.275953780889,10488.226554260707,132300
2017-07-19,10216.8427734375,10248.770226066395,10200.879047123051,10216.8427734375,48742
2017-07-20,10216.8427734375,10424.372067469309,10216.8427734375,10216.8427734375,152330
2017-07-21,10216.8427734375,10360.517162211514,10216.8427734375,10360.517162211514,9480
2017-07-24,10344.552734375,10775.575906964625,10057.20480459258,10775.575906964625,8576
2017-07-25,10216.8427734375,10328.588857638635,10152.987016235727,10152.987016235727,24560
2017-07-26,10232.806640625,10855.395383235458,10216.84291409078,10216.84291409078,66394
2017-07-27,10344.552734375,10791.539633511204,10216.842922002365,10232.806648548943,167794
2017-07-28,10408.4091796875,10440.336634888568,10312.625962140248,10408.4091796875,181456
2017-07-31,11015.033203125,11126.780137791444,10376.480751220704,10599.97376860962,176811
2017-08-01,10520.1552734375,11015.03334483564,10504.191547128912,11015.03334483564,69127
2017-08-02,10855.3955078125,10855.3955078125,10216.843031339764,10855.3955078125,462
2017-08-03,10216.8427734375,10536.119003614423,10216.8427734375,10232.806499751949,21009
2017-08-04,10216.8427734375,10679.793392388436,10184.914468864625,10631.901361501114,142845
2017-08-07,10344.552734375,10599.974063008258,10216.842922002365,10599.974063008258,158530
2017-08-08,10280.6982421875,10599.974489864177,10248.770787808638,10599.974489864177,14752
2017-08-09,10216.8427734375,10488.2269727271,10216.8427734375,10216.8427734375,120986
2017-08-10,10152.986328125,10504.19083907219,10152.986328125,10504.19083907219,43742
2017-08-11,10216.8427734375,10536.119003614423,10152.987016235727,10536.119003614423,41202
2017-08-14,10216.8427734375,10536.119003614423,10216.8427734375,10216.8427734375,192658
2017-08-15,10504.1923828125,10504.1923828125,10184.91527540804,10504.1923828125,210174
2017-08-16,10520.1552734375,10599.973904980436,10216.842769686386,10216.842769686386,566096
2017-08-17,10376.4814453125,10631.901931993134,10184.915015371991,10599.974477651058,83937
2017-08-18,10280.6982421875,10504.19212672759,10216.843333429775,10504.19212672759,27676
2017-08-21,10184.9140625,10488.226554260707,10184.9140625,10488.226554260707,86478
2017-08-22,10216.8427734375,10488.2269727271,10121.05956360683,10488.2269727271,167248
2017-08-23,10216.8427734375,10887.322686420244,10216.8427734375,10216.8427734375,45573
2017-08-24,10568.046875,10568.046875,10568.046875,10568.046875,24
2017-08-25,10536.1201171875,10695.758249148275,10152.988089315197,10695.758249148275,54973
2017-08-28,10280.6982421875,10456.30009321527,10184.915027106888,10232.807060619209,42651
2017-08-29,10152.986328125,10663.828943341305,10152.986328125,10663.828943341305,79946
2017-08-30,10216.8427734375,10520.155277299977,10137.02328992128,10520.155277299977,71450
2017-08-31,10536.1201171875,10536.1201171875,10200.880125264275,10504.19266118416,113473
2017-09-01,10631.90234375,10663.830651272636,10376.481847177332,10663.830651272636,175335
2017-09-05,10647.8662109375,10663.83079087985,10472.264351012353,10472.264351012353,65601
2017-09-06,10568.046875,10679.793815573068,10536.119421105985,10536.119421105985,24316
2017-09-07,10695.7578125,10695.7578125,10440.336471012562,10695.7578125,57733
2017-09-08,10536.1201171875,10663.830793144934,10408.409441230066,10663.830793144934,13822
2017-09-11,10536.1201171875,10631.902485197525,10408.409441230066,10536.1201171875,135170
2017-09-12,10631.90234375,11270.45571504182,10536.119977014272,10536.119977014272,112872
2017-09-13,10727.68359375,11174.670445653914,10695.756144030558,10695.756144030558,166975
2017-09-14,10791.5400390625,11334.310169819735,10791.5400390625,11015.033923001609,119184
2017-09-15,10855.3955078125,10983.106173495848,10855.3955078125,10951.17872006101,117627
2017-09-18,10951.1796875,11238.527645742157,10823.469010534554,10823.469010534554,339441
2017-09-19,11046.9609375,11174.67160153172,11015.033484478066,11174.67160153172,167601
2017-09-20,11174.671875,11238.526782606532,11078.88866164619,11174.671875,312693
2017-09-21,10536.1201171875,11302.38332098804,10536.1201171875,11270.4558649847,601700
2017-09-22,10571.240234375,10571.240234375,10536.119693406306,10571.240234375,93770
2017-09-25,10711.7216796875,10957.564617585542,10641.480596875474,10957.564617585542,59961
2017-09-26,10694.1611328125,10852.202713114157,10536.119552510843,10817.082172615115,117292
2017-09-27,10536.1201171875,10887.323837112392,10536.1201171875,10887.323837112392,115009
2017-09-28,10852.201171875,11098.044068509433,10711.71988177414,10711.71988177414,134456
2017-09-29,10817.08203125,11168.286579706592,10746.841803113892,11168.286579706592,115506
2017-10-02,10887.322265625,11554.60991872056,10746.840968321072,10992.683877560905,163917
2017-10-03,11238.525390625,11273.645926236237,11027.803028901482,11220.965122819382,195961
2017-10-04,11343.8876953125,11940.934281600954,11203.406396169325,11589.73060777103,191042
2017-10-05,12098.9775390625,12134.098081738315,11519.49114074375,11747.773816192484,340033
2017-10-06,12257.01953125,12257.01953125,11835.574738496098,11835.574738496098,364971
2017-10-09,12397.5009765625,12643.343916938084,12257.019661466762,12292.139351282654,1233678
2017-10-10,12397.5009765625,12467.742060082395,12257.019661466762,12397.5009765625,375728
2017-10-11,12257.01953125,12327.25976207962,12116.537365702668,12151.6579070895,392347
2017-10-12,12292.1396484375,12397.501276264398,12221.899415163643,12221.899415163643,65401
2017-10-13,12292.1396484375,12327.260191046464,12257.01995777261,12292.1396484375,92031
2017-10-16,12327.259765625,12362.380307021933,12292.139224228064,12292.139224228064,133339
2017-10-17,12292.1396484375,12467.74236148233,12292.1396484375,12292.1396484375,192781
2017-10-18,12292.1396484375,12467.74236148233,12257.01995777261,12292.1396484375,77252
2017-10-19,12292.1396484375,12397.501276264398,12292.1396484375,12292.1396484375,63016
2017-10-20,12292.1396484375,12292.1396484375,12221.899415163643,12292.1396484375,191167
2017-10-23,12362.3798828125,12362.3798828125,12116.536953414,12221.898573989363,142902
2017-10-24,12379.9404296875,12397.50070017599,12327.259618222028,12362.380159199009,94837
2017-10-25,12467.7412109375,12467.7412109375,12327.259053465574,12397.500132201538,46176
2017-10-26,12467.7412109375,12467.7412109375,12292.138514097593,12327.259053465574,279597
2017-10-27,12186.77734375,12327.258644618714,12186.77734375,12292.138106415545,90465
2017-10-30,12221.8984375,12292.138665155144,12221.8984375,12221.8984375,131724
2017-10-31,12257.01953125,12292.139220692789,12221.898989863166,12257.01953125,131078
2017-11-01,12292.1396484375,12397.501276264398,12257.01995777261,12257.01995777261,52412
2017-11-02,12397.5009765625,12397.5009765625,12292.139351282654,12292.139351282654,40388
2017-11-03,12221.8984375,12573.102131607744,12221.8984375,12573.102131607744,70048
2017-11-06,12643.3427734375,12994.546455384992,11589.73087565104,12221.898014322916,208107
2017-11-07,12994.546875,13521.353266876651,12818.945028355784,13521.353266876651,276020
2017-11-08,13064.7880859375,13099.908626008646,12783.824617312344,12994.547005795208,172983
2017-11-09,13064.7880859375,13345.75070261864,12818.94515738349,13345.75070261864,51093
2017-11-10,12818.9443359375,12818.9443359375,12748.7032602963,12818.9443359375,19298
2017-11-13,12818.9443359375,12818.9443359375,12502.860347496058,12502.860347496058,62223
2017-11-14,12818.9443359375,12818.9443359375,12643.34249877846,12783.8237981169,98389
2017-11-15,12713.583984375,12994.547462883147,12643.343753705996,12643.343753705996,398779
2017-11-16,12818.9443359375,12924.30509745534,12713.5827224757,12748.7032602963,795474
2017-11-17,12818.9443359375,12994.546173096542,12713.5827224757,12713.5827224757,288092
2017-11-20,12818.9443359375,12818.9443359375,12713.5827224757,12748.7032602963,321998
2017-11-21,12818.9443359375,12924.30509745534,12748.7032602963,12924.30509745534,833678
2017-11-22,12818.9443359375,13029.66671091714,12748.7032602963,12748.7032602963,270382
2017-11-23,12924.306640625,12924.306640625,12783.825324513007,12818.945866527023,387900
2017-11-24,13521.3544921875,13521.3544921875,12818.946190014096,12818.946190014096,541411
2017-11-27,14452.044921875,14452.044921875,14364.243567962056,14452.044921875,319566
2017-11-28,14048.16015625,14452.0455498554,13872.558292737787,14452.0455498554,385765
2017-11-29,14294.001953125,14294.001953125,13872.557173907831,13907.6777141666,940465
2017-11-30,14399.36328125,14539.84373554192,13872.556891963291,14118.399816834157,371854
2017-12-01,14434.4833984375,14434.4833984375,14048.158326690704,14048.158326690704,285310
2017-12-04,14399.36328125,14539.84373554192,14223.760583525096,14539.84373554192,193774
2017-12-05,14329.1220703125,14487.162792922718,14329.1220703125,14399.363148756149,801658
2017-12-06,14574.9638671875,14574.9638671875,13696.954662855223,13696.954662855223,276442
2017-12-07,14750.56640625,14750.56640625,14434.48326637377,14574.963715269909,317703
2017-12-08,14539.84375,14750.566987479424,14539.84375,14750.566987479424,217173
2017-12-11,14539.84375,14539.84375,13872.556905757838,13942.797984917646,227134
2017-12-12,14346.68359375,14574.965414754526,14294.00278031323,14364.243864895589,254757
2017-12-13,13977.91796875,14750.567300048557,13977.91796875,14399.363600695408,99856
2017-12-14,14399.36328125,14574.9642750869,13907.677431508271,14574.9642750869,125365
2017-12-15,14504.7236328125,14715.4468764284,14329.122633687306,14574.9647140178,140791
2017-12-18,14469.6025390625,14504.723078322557,13977.917545253733,14223.760468130116,156243
2017-12-19,14750.56640625,14750.56640625,14399.362728177752,14574.963715269909,115528
2017-12-20,14750.56640625,15769.056902270728,14469.602100681852,15101.770084322248,458842
2017-12-21,15172.01171875,15382.73325178864,14750.566948784724,14750.566948784724,589028
2017-12-22,15277.3740234375,15277.3740234375,14750.56761134598,14820.808693476594,55516
2017-12-25,15733.9365234375,15804.17760054098,15101.77023728208,15277.372930040783,834493
2017-12-26,16506.583984375,16822.667076070193,14680.32309211356,15979.777695624558,677310
2017-12-27,16453.90625,17173.873899605976,16330.984362154297,17173.873899605976,65774
2017-12-28,16506.583984375,16822.667076070193,16032.45849488837,16822.667076070193,223533
2017-12-29,16190.50390625,16401.227164704083,16190.50390625,16225.62444932568,81175
2018-01-02,16260.744140625,16366.105764332951,16155.38251691705,16155.38251691705,350664
2018-01-03,16155.3818359375,16330.984534715437,15839.29868202523,16260.74345520426,178723
2018-01-04,16330.984375,16506.58707206056,16014.901224178991,16014.901224178991,192136
2018-01-05,16014.900390625,16471.465675330845,15979.779853040864,16330.983524994306,87037
2018-01-08,16471.466796875,16471.466796875,15839.298781204085,15839.298781204085,352453
2018-01-09,16330.984375,16471.466532648446,16295.863835587888,16348.544644706057,375032
2018-01-10,16506.583984375,16506.583984375,15207.129380864004,16506.583984375,382459
2018-01-11,16401.224609375,16506.586222186586,16155.380846147966,16506.586222186586,126210
2018-01-12,16330.984375,16436.345993236337,16155.381677939442,16155.381677939442,240202
2018-01-15,16366.1064453125,16506.588616101777,16330.98590261518,16366.1064453125,308684
2018-01-16,16436.345703125,17314.355765154392,16155.381392787296,16190.501931579509,145113
2018-01-17,16260.744140625,17208.995346220385,16155.38251691705,16506.587929276884,266978
2018-01-18,16295.8642578125,16295.8642578125,15628.577399469024,16172.942366685213,75114
2018-01-19,16682.189453125,16682.189453125,16155.38302200312,16155.38302200312,331934
2018-01-22,17384.59765625,17525.07811410466,16857.7912536029,17384.59765625,248648
2018-01-25,17033.392578125,17384.59798920822,16541.70841038465,17384.59798920822,174697
2018-01-26,16857.791015625,17208.994711135852,16787.549935745225,16892.91155556489,70545
2018-01-29,16857.791015625,17138.753631256077,15979.780924903864,17138.753631256077,102860
2018-01-30,16682.189453125,16752.430537793003,15979.782014221257,16155.38302200312,357199
2018-01-31,16155.3818359375,16857.790927161226,15874.419221780818,15874.419221780818,177579
2018-02-01,15804.1787109375,16260.744040300306,15698.81879176768,15909.540333995395,452656
2018-02-02,15452.974609375,16330.984704623492,15207.132532416155,16330.984704623492,128197
2018-02-05,15031.5302734375,16524.14816076825,14381.803669886429,15804.178771023451,251677
2018-02-06,14926.1669921875,14926.1669921875,13995.477014726011,13995.477014726011,485595
2018-02-07,14891.046875,15751.496654173798,14610.084272945189,15751.496654173798,130557
2018-02-08,14399.36328125,15101.77066437361,14118.399816834157,15101.77066437361,157633
2018-02-09,14223.7607421875,14574.964437666891,13696.955198968411,14399.363441871208,72680
2018-02-12,14469.6025390625,14750.566853142933,13872.556779417568,14750.566853142933,31173
2018-02-13,14574.9638671875,14715.446021435846,14013.037806026048,14715.446021435846,80752
2018-02-21,14223.7607421875,14750.5671373506,14013.038354511064,14750.5671373506,139897
2018-02-22,13872.556640625,14223.760325823816,13802.315562807644,13907.67717953368,27520
2018-02-23,14188.640625,14223.761165983156,12994.54734323696,13696.955607067945,55912
2018-02-26,13872.556640625,14188.639786915135,13696.954798025594,13696.954798025594,186322
2018-02-27,14048.16015625,14048.16015625,13732.076972316838,13872.558292737787,315639
2018-02-28,14399.36328125,14504.72319599694,13521.353200401489,13732.07558572737,379478
2018-03-01,14399.36328125,14750.566972811805,14223.760583525096,14733.006703039317,214689
2018-03-02,14574.9638671875,14750.566559997931,14065.718613869178,14065.718613869178,124297
2018-03-05,14680.3271484375,14820.80931862432,14399.36451195201,14574.965520797385,383529
2018-03-06,14750.56640625,14750.56640625,14434.48326637377,14680.325329857964,341572
2018-03-07,14750.56640625,14891.046855146136,14048.158198161536,14048.158198161536,39744
2018-03-08,15417.853515625,15452.974054484865,14610.08452962409,15452.974054484865,220827
2018-03-09,15172.01171875,15207.132258237772,14750.566948784724,15207.132258237772,70642
2018-03-12,15101.7705078125,15101.7705078125,14504.723045625462,14750.566819891648,50970
2018-03-13,14715.4462890625,14750.566828263316,14715.4462890625,14750.566828263316,33534
2018-03-14,14926.1669921875,14926.1669921875,14434.482878433584,14750.566009814786,104599
2018-03-15,14855.9287109375,15804.178174615028,14750.5670914551,14926.168086704414,49728
2018-03-16,15101.7705078125,15733.936805292436,14855.9284374343,15733.936805292436,146007
2018-03-19,14750.56640625,15207.131698910303,14750.56640625,15207.131698910303,83462
2018-03-20,14908.6083984375,14926.168669036331,14838.369019930256,14926.168669036331,842
2018-03-21,14750.56640625,14943.727662440166,14574.963715269909,14943.727662440166,77026
2018-03-22,14750.56640625,14750.56640625,14750.56640625,14750.56640625,248
2018-03-23,14574.9638671875,14750.566559997931,14399.362878265025,14750.566559997931,23446
2018-03-26,14715.4462890625,14715.4462890625,14434.483679343955,14715.4462890625,54151
2018-03-27,14680.3271484375,15101.771955109813,13872.558077639582,14715.447690984203,181652
2018-03-28,14855.9287109375,14926.168086704414,14118.39993039274,14908.60781679068,688813
2018-03-29,15031.5302734375,15066.650814590324,14715.44710695017,15066.650814590324,24937
2018-03-30,14697.88671875,15101.771234887196,14697.88671875,15101.771234887196,104251
2018-04-02,15207.1328125,15207.1328125,14961.28902712519,14996.40956789302,209846
2018-04-03,15172.01171875,15172.01171875,14750.566948784724,14926.167942335587,87336
2018-04-04,15611.017578125,15628.5778487909,15277.374139361007,15277.374139361007,220179
2018-04-05,15909.5390625,15979.780138924909,15628.576460688306,15628.576460688306,208504
2018-04-06,15979.78125,16155.38224938388,15488.095384726636,15505.65565505383,98588
2018-04-09,16155.3818359375,17068.512461806735,15593.456607624135,17068.512461806735,48286
2018-04-10,16085.1416015625,16155.38097343573,15189.571293383671,15189.571293383671,81572
2018-04-11,15417.853515625,16155.381423906185,15417.853515625002,16050.021511214569,69202
2018-04-12,15452.974609375,16085.142627664649,15452.974609375,15979.781007301704,2010
2018-04-13,15698.818359375,15733.937195538943,14785.687725799751,14785.687725799751,148516
2018-04-16,15698.818359375,15733.937195538943,15031.529802275536,15733.937195538943,158130
2018-04-17,15769.05859375,15769.05859375,15452.975419968883,15663.698671748376,243132
2018-04-18,15417.853515625,16436.34573478509,15417.853515625002,16330.9841182055,138778
2018-04-19,15488.095703125,15804.178871624345,15207.133076002036,15804.178871624345,100998
2018-04-20,15733.9365234375,15804.17760054098,15452.97391891153,15452.97391891153,34947
2018-04-23,15452.974609375,15804.178306696793,15417.854069254015,15804.178306696793,98289
2018-04-24,15417.853515625,15804.177739195524,15172.01144749393,15804.177739195524,10852
2018-04-26,15312.4931640625,15417.854789346373,14996.409992098996,15101.77161738287,101444
2018-04-27,15435.4130859375,15452.973354572072,15101.769685768508,15207.131297575945,59887
2018-05-02,14961.2890625,15452.974930524106,14961.2890625,15435.414660098671,84704
2018-05-03,15452.974609375,15452.974609375,14750.56721473142,14750.56721473142,10059
2018-05-04,15382.734375,15663.698711417546,14785.688567888968,15452.975459104387,1117623
2018-05-07,15417.853515625,15628.57674878418,15312.491899045412,15628.57674878418,38202
2018-05-08,15435.4130859375,15435.413085937498,15136.890223037652,15277.372372114238,109964
2018-05-09,15136.8916015625,15452.97476188278,14891.047818289351,14891.047818289351,128644
2018-05-10,15031.5302734375,15804.178771023451,14961.289191131851,15804.178771023451,138730
2018-05-11,15277.3740234375,15452.975024875954,14926.168612784437,15452.975024875954,25585
2018-05-14,15101.7705078125,15136.891046993383,15101.7705078125,15136.891046993383,27272
2018-05-15,15277.3740234375,15277.3740234375,14785.688152411289,14785.688152411289,80578
2018-05-16,15101.7705078125,15101.7705078125,14926.16781190808,15101.7705078125,30278
2018-05-17,15066.650390625,15066.650390625,14820.808313361147,14820.808313361147,39744
2018-05-18,15101.7705078125,15101.7705078125,14961.288351088964,15101.7705078125,29607
2018-05-21,15277.3740234375,15277.3740234375,14785.688152411289,14926.168612784437,4471
2018-05-22,14610.0849609375,15101.770815602977,14610.0849609375,14926.168116119585,67339
2018-05-23,14750.56640625,15575.895646080562,14135.95954365158,15575.895646080562,4719
2018-05-24,15066.650390625,15066.650390625,14469.602911715594,14750.567233032038,620
2018-05-25,14750.56640625,15593.455915178572,14680.325329857964,14680.325329857964,61354
2018-05-28,14223.7607421875,15101.77083282999,14188.64020225076,14715.446597413858,76258
2018-05-29,14680.3271484375,15066.651412563107,14048.159938429031,15066.651412563107,44685
2018-05-30,14926.1669921875,14926.1669921875,14399.362341181462,14926.1669921875,1738
2018-05-31,14926.1669921875,14961.28752943962,14118.398895108438,14961.28752943962,134904
2018-06-01,14926.1669921875,14996.408066691742,14891.046454935378,14926.1669921875,158204
2018-06-04,15066.650390625,15101.770930789557,14610.085072373817,15101.770930789557,162973
2018-06-05,14750.56640625,15242.252237106324,14574.963715269909,14574.963715269909,82516
2018-06-06,14680.3271484375,15101.771955109813,14469.60389315727,15101.771955109813,79063
2018-06-07,14645.20703125,14750.568661950269,14645.20703125,14750.568661950269,43369
2018-06-08,14926.1669921875,15066.649141195983,14645.20439805842,14645.20439805842,194420
2018-06-11,14926.1669921875,14961.28752943962,14926.1669921875,14926.1669921875,1143184
2018-06-12,15101.7705078125,15101.7705078125,14750.566819891648,14855.9284374343,60160
2018-06-13,15242.2529296875,15242.2529296875,14715.446536698002,14750.567076489837,43418
2018-06-14,15400.2939453125,15452.974755993811,15101.77105533978,15382.733675085396,132645
2018-06-15,14926.1669921875,15452.97334708143,14926.1669921875,15452.97334708143,172389
2018-06-18,14926.1669921875,15101.769678448109,14891.046454935378,14926.1669921875,87685
2018-06-19,14926.1669921875,14926.1669921875,14750.566009814786,14926.1669921875,80132
2018-06-20,15101.7705078125,15101.7705078125,14926.16781190808,14996.408890269848,19375
2018-06-21,14926.1669921875,15101.769678448109,14715.445472562664,15101.769678448109,52386
2018-06-22,14908.6083984375,14908.6083984375,14469.603337354778,14469.603337354778,19872
2018-06-25,14750.56640625,15101.770084322248,14188.63949900164,14188.63949900164,18529
2018-06-26,14750.56640625,14750.56640625,14750.56640625,14750.56640625,27049
2018-06-27,14750.56640625,14750.56640625,14645.204791661943,14645.204791661943,4122
2018-06-28,14610.0849609375,14750.567120524214,14610.0849609375,14750.567120524214,9439
2018-06-29,15031.5302734375,15101.771355743143,14118.400463184294,14750.567648102991,3052
2018-07-02,14399.36328125,14750.566972811805,14118.399816834157,14750.566972811805,101347
2018-07-03,13942.7978515625,14926.1678387304,13942.7978515625,14926.1678387304,256645
2018-07-04,14680.3271484375,14680.3271484375,13942.799162732992,14680.3271484375,84504
2018-07-05,14048.16015625,15084.211917721725,14048.16015625,14048.16015625,95185
2018-07-06,14539.84375,14715.44644789952,13977.917672553547,14715.44644789952,223880
2018-07-09,14399.36328125,14399.36328125,13907.677431508271,14399.36328125,60831
2018-07-10,14048.16015625,14048.16015625,13872.558292737787,13907.678835829049,62371
2018-07-11,13872.556640625,14645.205088839988,13345.750260882793,14645.205088839988,182870
2018-07-12,13345.7509765625,13696.95553253901,13345.7509765625,13521.35368052277,170650
2018-07-13,13345.7509765625,13380.871517354555,12994.547272530024,13345.7509765625,86366
2018-07-16,13029.66796875,13170.149281649954,13029.66796875,13029.66796875,112028
2018-07-17,13029.66796875,13644.274884110357,12854.066114639048,13644.274884110357,81547
2018-07-18,12994.546875,13626.71403408558,12994.546875,13626.71403408558,58148
2018-07-19,12994.546875,13661.834573803222,12924.305795564713,13661.834573803222,59739
2018-07-20,13170.1484375,13170.1484375,12994.546594644373,12994.546594644373,65080
2018-07-23,13696.955078125,13696.955078125,13029.66738104619,13064.787920673076,80082
2018-07-24,13696.955078125,14399.363314830693,13696.955078125,14399.363314830693,701256
2018-07-25,13696.955078125,13732.075617751883,13556.472919617458,13732.075617751883,40934
2018-07-26,13696.955078125,13767.195305434769,13679.394808311556,13696.955078125,83462
2018-07-27,13696.955078125,14048.158770505845,13380.871073427035,13696.955078125,116002
2018-07-30,13696.955078125,13696.955078125,13696.955078125,13696.955078125,16317
2018-07-31,14048.16015625,14048.16015625,13732.076972316838,13732.076972316838,45628
2018-08-01,13872.556640625,14223.760325823816,13872.556640625,14048.158483224408,4196
2018-08-02,13696.955078125,13872.556924315422,13521.353231934578,13521.353231934578,333228
2018-08-03,13556.4736328125,13696.955798710696,13521.353943282002,13696.955798710696,8942
2018-08-06,13415.9912109375,14048.158349441528,13415.9912109375,13556.472513290402,793
2018-08-07,13556.4736328125,13696.955798710696,13415.992318858356,13696.955798710696,71190
2018-08-08,13960.357421875,13960.357421875,13521.353232357224,13696.955078553136,27247
2018-08-09,13696.955078125,14574.964309077111,13345.75053380015,14574.964309077111,55167
2018-08-10,13696.955078125,13696.955078125,13345.75053380015,13380.871073427035,21136
2018-08-13,13696.955078125,13872.556924315422,13275.510306490383,13521.353231934578,57477
2018-08-14,13802.3154296875,13802.3154296875,13802.3154296875,13802.3154296875,1761
2018-08-15,13732.0751953125,13837.435959007942,13064.78751876144,13837.435959007942,1786
2018-08-16,13696.955078125,13696.955078125,13696.955078125,13696.955078125,1242
2018-08-17,13064.7880859375,13872.557099797805,13064.7880859375,13696.955251386087,37953
2018-08-20,13345.7509765625,13696.95553253901,13029.667813322078,13696.95553253901,13113
2018-08-21,13345.7509765625,13802.31630297114,13187.709394942289,13802.31630297114,65476
2018-08-22,13064.7880859375,13345.75070261864,13012.10727583078,13012.10727583078,25212
2018-08-23,13099.908203125,13942.79772984678,13029.66712525019,13872.556651971969,22356
2018-08-24,13591.59375,13626.714290378197,13170.148969349704,13626.714290378197,62197
2018-08-27,13345.7509765625,13345.7509765625,12994.547272530024,13029.667813322078,5016
2018-08-28,13064.7880859375,13345.75070261864,13047.227815901926,13345.75070261864,6955
2018-08-29,13345.7509765625,13521.35368052277,13064.788354114133,13521.35368052277,56310
2018-08-30,13345.7509765625,13486.233139730715,13064.788354114133,13486.233139730715,46026
2018-08-31,13486.232421875,13661.834264544166,13345.750266184476,13345.750266184476,38773
2018-09-04,13451.1123046875,13451.1123046875,13064.788068314045,13345.750684616189,33134
2018-09-05,13696.955078125,13837.436384688535,13170.148687609728,13170.148687609728,884127
2018-09-06,13696.955078125,13696.955078125,13486.232692307693,13696.955078125,207165
2018-09-07,13872.556640625,14399.36302036721,13521.352955426186,13837.43610171632,109144
2018-09-10,13907.677734375,13977.917963050577,13380.871333616058,13380.871333616058,40512
2018-09-11,13942.7978515625,14118.39969583848,13872.556773074508,14118.39969583848,409759
2018-09-12,14048.16015625,14048.16015625,13767.19666346401,13942.799378920308,106586
2018-09-13,14118.3994140625,14118.3994140625,13767.194880575906,13767.194880575906,58994
2018-09-14,13907.677734375,14399.363594824144,13907.677734375,13960.357692895675,226712
2018-09-17,14873.4892578125,14873.4892578125,13907.677802348717,14750.567366127423,738193
2018-09-18,15909.5390625,15909.5390625,15031.529014964526,15031.529014964526,810552
2018-09-19,16506.583984375,17015.82830281649,15909.536629939474,15909.536629939474,1007930
2018-09-20,15488.095703125,17103.633790886197,15488.095703125,17103.633790886197,491158
2018-09-21,15663.697265625,15804.177716979004,15312.491877520071,15488.094571572536,353620
2018-09-24,15874.4208984375,16401.2273465246,15347.6144503504,16401.2273465246,174970
2018-09-25,15874.4208984375,16120.26470269264,15488.09662421048,15804.179811507462,99360
2018-09-26,15101.7705078125,16155.381571575052,15101.7705078125,16155.381571575052,588433
2018-09-27,15066.650390625,16014.901567291923,14961.288770131334,15277.373631612332,528195
2018-09-28,14855.9287109375,15277.373484979074,14855.9287109375,15101.770785841743,409114
2018-10-01,14399.36328125,14855.928591446747,14399.36328125,14855.928591446747,453129
2018-10-02,14416.9228515625,14574.963567959312,14118.39913185752,14399.362582641974,223011
2018-10-03,14399.36328125,14610.084814631882,14223.760583525096,14416.923551022492,133314
2018-10-04,14610.0849609375,14926.168116119585,14592.52469098916,14592.52469098916,1153693
2018-10-05,14258.8818359375,14574.965003756784,14065.71971072704,14574.965003756784,571716
2018-10-08,14223.7607421875,14329.122361997725,14153.520514258027,14188.64020225076,193228
2018-10-09,14258.8818359375,14574.965003756784,14223.76129463668,14223.76129463668,212382
2018-10-10,14574.9638671875,14926.16754892041,14469.60225150124,14539.843328625411,172164
2018-10-11,13977.91796875,14574.96459842796,13767.195578749306,14574.96459842796,226960
2018-10-12,14258.8818359375,14750.567710260875,13907.678126817398,13907.678126817398,305431
2018-10-15,14258.8818359375,14399.364001140775,14258.8818359375,14399.364001140775,851811
2018-10-16,14680.3271484375,14926.169242376283,14294.002884311893,14364.243969405305,101767
2018-10-17,14750.56640625,14908.607124244149,14434.48326637377,14434.48326637377,166599
2018-10-18,15417.853515625,15628.57674878418,14574.963990764229,14574.963990764229,791996
2018-10-19,15277.3740234375,15452.975024875954,15101.771318110968,15452.975024875954,222441
2018-10-22,15347.6142578125,15804.179613241888,15312.493714788074,15804.179613241888,261091
2018-10-23,15347.6142578125,16330.98605472013,15347.6142578125,16330.98605472013,796370
2018-10-24,15101.7705078125,15452.974195733352,15101.7705078125,15452.974195733352,127974
2018-10-25,14680.3271484375,14715.447690984203,14223.761799218482,14574.965520797385,222862
2018-10-26,14294.001953125,14750.567272600938,14294.001953125,14750.567272600938,270927
2018-10-29,13767.1953125,14329.122242930533,13696.955085154186,13767.1953125,730692
2018-10-30,13802.3154296875,14364.242342918733,13767.194891117551,13767.194891117551,546254
2018-10-31,14048.16015625,14329.12364903599,13960.358798521853,14329.12364903599,374635
2018-11-01,13784.7548828125,14329.121515796593,13451.111477004672,14329.121515796593,580608
2018-11-02,14048.16015625,14048.16015625,13486.234022622108,13696.956429225578,800938
2018-11-05,13767.1953125,14574.964316556889,13696.955085154186,13696.955085154186,341721
2018-11-06,14083.279296875,14083.279296875,13696.955065230948,13696.955065230948,312907
2018-11-07,14118.3994140625,14223.760177747694,13890.116765476609,13890.116765476609,544143
2018-11-08,14153.5205078125,14258.88127563073,14118.399967891752,14258.88127563073,262233
2018-11-09,14118.3994140625,14188.639639204635,13907.677034748134,13907.677034748134,436138
2018-11-12,14153.5205078125,14153.5205078125,13977.917808208762,14048.158888050257,195739
2018-11-13,14153.5205078125,14171.07992582886,13977.917808208762,13977.917808208762,247106
2018-11-14,14399.36328125,14926.167966648703,14153.520356379137,14206.200313752606,254757
2018-11-15,14574.9638671875,14733.00629071689,14364.242339702936,14399.362878265025,221024
2018-11-16,14539.84375,14926.167981490937,14539.84375,14680.325908319615,179244
2018-11-19,14592.5244140625,14733.006570983243,14399.363152184467,14399.363152184467,442746
2018-11-20,14627.64453125,14680.32533857531,14434.483274945134,14680.32533857531,211336
2018-11-21,14680.3271484375,14733.007962257558,14434.485054498717,14715.447690984203,231556
2018-11-22,14680.3271484375,14855.929861171026,14574.965520797385,14855.929861171026,348975
2018-11-23,14926.1669921875,14926.1669921875,14399.362341181462,14680.324935310542,298302
2018-11-26,14539.84375,14919.14455513016,14329.122216408585,14750.566987479424,285700
2018-11-27,14286.9775390625,14539.843893026004,14160.54393610874,14455.555960315516,88988
2018-11-28,14286.9775390625,14413.410290072246,13907.677582145234,14286.9775390625,94184
2018-11-29,13570.5224609375,14244.833633315226,13486.233670883294,14202.689664260157,321636
2018-11-30,13865.533203125,13907.678022759465,13486.233234190997,13528.377201881418,887884
2018-12-03,13907.677734375,14202.688909866878,13486.232954545454,14202.688909866878,385660
2018-12-04,14118.3994140625,14666.276918724669,13823.387401467206,13907.677034748134,339872
2018-12-05,14034.1103515625,14118.399988271569,13823.38796367785,14118.399988271569,367424
2018-12-06,13907.677734375,14118.400124289772,13823.388096853874,14034.110486768646,602473
2018-12-07,13823.388671875,13991.967101985703,13739.099882791676,13907.67831290238,341487
2018-12-10,13823.388671875,14097.327875353849,13696.955914222042,13696.955914222042,171602
2018-12-11,13823.388671875,13865.533492388691,13570.522304625028,13823.388671875,451486
2018-12-12,13696.955078125,13823.38782806018,13528.37665830475,13823.38782806018,339169
2018-12-13,13823.388671875,14097.327875353849,13739.099882791676,13823.388671875,252291
2018-12-14,13823.388671875,13823.388671875,13633.739109423535,13823.388671875,113745
2018-12-17,13781.244140625,13823.38810747392,13486.232964906476,13823.38810747392,244342
2018-12-18,13696.955078125,13781.243862063122,13212.293505550791,13528.37665830475,226747
2018-12-19,13654.810546875,13907.677755942472,13486.232975459368,13907.677755942472,245397
2018-12-20,13528.3759765625,13696.954387887492,13064.787262292684,13696.954387887492,688171
2018-12-21,13317.654296875,13444.087898985714,12854.065558394392,12896.209524468626,162742
2018-12-24,12769.77734375,13317.654890754817,12769.77734375,13022.643707303598,70152
2018-12-25,12643.3427734375,12854.065152994792,12537.981157686863,12643.3427734375,496426
2018-12-26,12896.208984375,13064.787397443884,12559.053862125173,12643.34264268763,38502
2018-12-27,12811.921875,13022.644279864764,12601.199470135236,12896.21066655709,118527
2018-12-28,12643.3427734375,13254.43707779286,12495.837192941794,13254.43707779286,805022
2019-01-02,12643.3427734375,13528.376256411737,12474.764358625278,13064.787532552084,59553
2019-01-03,12348.33203125,12643.34320224696,12306.187213131574,12643.34320224696,297500
2019-01-04,12495.837890625,12622.270643863343,11842.5978811641,11842.5978811641,112503
2019-01-07,12432.62109375,12811.921057527474,11631.875495189515,12811.921057527474,46471
2019-01-08,12306.1875,12474.765072515384,12053.320289282892,12432.621105358554,137696
2019-01-09,12474.7646484375,12769.776668226574,12306.187081652884,12390.475865045191,178951
2019-01-10,12643.3427734375,12980.498751117962,12601.197956748449,12980.498751117962,140532
2019-01-11,12601.1982421875,12854.065444161724,12306.187074513571,12306.187074513571,153655
2019-01-14,12601.1982421875,12601.1982421875,12221.898291170162,12221.898291170162,31153
2019-01-15,12748.7041015625,12917.282523836804,12432.620944207209,12432.620944207209,346352
2019-01-16,12832.9931640625,12938.354786753922,12643.3436063284,12643.3436063284,97351
2019-01-17,12832.9931640625,12938.354786753922,12727.632393315114,12727.632393315114,97062
2019-01-18,12854.0654296875,12854.0654296875,12643.343045594262,12832.992594917378,260964
2019-01-21,13022.6435546875,13022.6435546875,12306.187588432596,12643.343587830206,250759
2019-01-22,13064.7880859375,13149.076870941844,12769.776912450296,12854.065697454636,230742
2019-01-23,13191.220703125,13275.510339214905,12685.487146305615,12980.499168732262,633668
2019-01-24,13254.4384765625,13275.511313102876,13064.788911307593,13191.22167082951,163756
2019-01-25,13149.0771484375,13696.955540444069,13064.788361654342,13149.0771484375,36700
2019-01-28,12790.849609375,13444.088794535854,12706.560819667802,12706.560819667802,450618
2019-01-29,12832.9931640625,13064.788393206012,12790.84919654116,12790.84919654116,99835
2019-01-30,12980.4990234375,13064.787806639926,12875.137405476473,12980.4990234375,54585
2019-01-31,13022.6435546875,13149.077160954608,12854.065980960711,12980.49958722782,49389
2019-02-01,12980.4990234375,13064.787806639926,12643.3430386838,13022.642989066717,153697
2019-02-11,13064.7880859375,13233.365655946183,12959.42646572406,13064.7880859375,58166
2019-02-12,12854.0654296875,13275.510197873977,12769.776646439004,13064.787813780738,178102
2019-02-13,12643.3427734375,12854.065152994792,12453.692376252744,12854.065152994792,89589
2019-02-14,12854.0654296875,13064.787813780738,12664.415028420386,12769.776646439004,95488
2019-02-15,12896.208984375,13022.64258119067,12811.920203812544,13022.64258119067,100477
2019-02-18,12938.35546875,13022.644260179675,12854.06667732032,12938.35546875,243204
2019-02-19,13191.220703125,13401.943089461744,13022.643134833208,13022.643134833208,263655
2019-02-20,13781.244140625,14097.327299767983,13191.22093724393,13191.22093724393,344509
2019-02-21,14476.6279296875,14539.843879160082,13739.099147789924,13781.243966048987,374296
2019-02-22,14244.8330078125,14624.13382431711,14118.400254254992,14476.628235213326,503672
2019-02-25,14034.1103515625,14413.410308977263,14034.1103515625,14329.12237615622,213685
2019-02-26,14244.8330078125,14666.277791521605,14034.110615957949,14034.110615957949,693553
2019-02-27,14581.990234375,15087.72296557731,14329.123016829795,14455.556625602398,573472
2019-02-28,14624.1328125,15172.011163803936,14581.988848211373,14750.566409253828,286714
2019-03-01,14834.8564453125,14961.290060027844,14624.13489004572,14961.290060027844,368521
2019-03-04,14413.41015625,15129.867800965312,14371.266190286044,15129.867800965312,857703
2019-03-05,14329.1220703125,14645.205219420926,14013.03806926008,14244.832435402524,252643
2019-03-06,14308.05078125,14539.844306686427,14181.617174699188,14329.122765027125,115815
2019-03-07,14160.5439453125,14329.122366675085,14160.5439453125,14202.68876363915,178765
2019-03-08,14160.5439453125,14244.832730021786,13991.966375893928,13991.966375893928,140366
2019-03-11,13907.677734375,14160.544091106314,13907.677734375,14034.110486768646,192427
2019-03-12,13844.4609375,14329.122519683704,13844.4609375,13907.677739693008,148874
2019-03-13,14244.8330078125,14244.8330078125,13907.677862400438,13907.677862400438,1073594
2019-03-14,14034.1103515625,14308.05039295096,13991.966385151976,14244.83273944715,105279
2019-03-15,14034.1103515625,14244.83273944715,13907.67760038692,14034.1103515625,104659
2019-03-18,13949.8212890625,14244.832455838665,13949.8212890625,14034.110072149404,1910402
2019-03-19,14497.69921875,14497.69921875,13907.676903035186,13949.820867332548,203625
2019-03-20,14202.689453125,14455.5566714726,13949.8222347774,14455.5566714726,66715
2019-03-21,15172.01171875,15193.083701665064,14329.122178819443,14371.266144649571,547617
2019-03-22,15298.4462890625,15424.879898448611,15003.435101790936,15424.879898448611,682726
2019-03-25,15424.87890625,15509.166837826886,14666.277298730034,15172.011703743345,542980
2019-03-26,15424.87890625,15509.166837826886,15172.011703743345,15298.445304996672,303296
2019-03-27,15172.01171875,15593.456488715276,15087.722083201745,15593.456488715276,302799
2019-03-28,14877.0009765625,15277.37377508806,14792.711338598365,14792.711338598365,117637
2019-03-29,14750.56640625,15087.721528266256,14539.843177073888,14539.843177073888,151813
2019-04-01,15045.578125,15045.578125,14539.84371923005,14750.56695626353,223146
2019-04-02,14919.1435546875,15129.86677803632,14750.56599834118,14834.853924570394,185140
2019-04-03,14855.9287109375,14855.9287109375,14750.5670914551,14771.639074573975,44629
2019-04-04,14961.2890625,15382.733848822369,14855.92914383546,14855.92914383546,152620
2019-04-05,15214.15625,15424.879494757972,14961.28903784566,15003.434709130092,187500
2019-04-08,15214.15625,15719.89067430868,15172.012282603631,15719.89067430868,71062
2019-04-09,15256.2998046875,15677.74457891458,15214.155838431196,15256.2998046875,1461481
2019-04-10,15635.5986328125,15719.888258540012,15298.44353767805,15424.87712432542,421720
2019-04-11,15804.1787109375,15972.757989385364,15677.74510404564,15762.034743269573,455958
2019-04-12,15762.0341796875,15930.611748219686,15719.890213526458,15804.178145848544,197022
2019-04-16,15804.1787109375,15804.1787109375,15509.167529485852,15804.1787109375,183898
2019-04-17,16183.48046875,16373.13003812579,15804.179626110244,15993.830899374208,522488
2019-04-18,16520.634765625,16562.780437397574,16183.479614772932,16183.479614772932,423376
2019-04-19,16984.224609375,16984.224609375,16436.346231276966,16478.490197626652,540849
2019-04-22,16604.923828125,16815.64706799925,16394.202292138776,16478.490224978057,199423
2019-04-23,16520.634765625,16604.92440528206,16225.62358265742,16604.92440528206,215424
2019-04-24,16625.99609375,16773.501682612346,16520.634472023165,16520.634472023165,247530
2019-04-25,17279.234375,17279.234375,16478.488856211683,16583.850467397067,740872
2019-04-26,17152.80078125,17279.23437388674,16857.789633060234,17068.511151529543,174645
2019-05-02,17110.65625,18122.123253609967,17068.510584595708,17068.510584595708,145231
2019-05-03,16857.791015625,17110.65822163698,16436.346240234376,17110.65822163698,995545
2019-05-06,16668.138671875,16857.789915956655,16436.34516805774,16436.34516805774,271624
2019-05-07,16752.4296875,16942.079243367167,16668.140049399008,16668.140049399008,179779
2019-05-08,16899.935546875,16942.07951465631,16647.068332410978,16647.068332410978,125876
2019-05-09,16647.068359375,16899.9355742486,16647.068359375,16899.9355742486,32581
2019-05-10,16857.791015625,17279.235791015624,16647.067775985677,16647.067775985677,110185
2019-05-13,16478.4921875,16857.793042114034,16436.348216061186,16857.793042114034,560576
2019-05-14,16436.345703125,16478.48966812047,16225.622470371722,16225.622470371722,252312
2019-05-15,16815.6484375,16857.79240735193,16415.275612242167,16857.79240735193,157485
2019-05-16,16436.345703125,16857.79046474359,16436.345703125,16857.79046474359,205198
2019-05-17,16436.345703125,16647.067231990313,16394.201738129534,16436.345703125,181994
2019-05-20,16436.345703125,16478.48966812047,16267.76813925516,16436.345703125,146721
2019-05-21,17068.513671875,17279.236925347697,16352.05767706647,16647.06886881774,529588
2019-05-22,17237.091796875,17489.957298591606,17110.658194072686,17447.81333228684,1119351
2019-05-23,17237.091796875,17321.379729484528,17026.36855757514,17279.235763179764,297914
2019-05-24,17489.95703125,17532.102700798572,17237.091533398554,17237.091533398554,499304
2019-05-27,17258.1640625,17405.66965086899,16668.140005135996,17405.66965086899,491355
2019-05-28,17279.234375,17279.234375,16899.93359706534,16899.93359706534,163281
2019-05-29,17489.95703125,17574.246666459145,17321.379464719706,17574.246666459145,364298
2019-05-30,17784.96875,17784.96875,17279.236034730948,17447.8136064873,1091904
2019-05-31,17616.390625,17827.1138609937,17616.390625,17827.1138609937,286052
2019-06-03,17279.234375,17700.679115853658,17194.944745274115,17532.10156028977,266077
2019-06-04,17363.525390625,17489.959005768367,17152.80383464485,17279.237449788216,330309
2019-06-05,17194.947265625,17447.81448797881,17152.803296528746,17363.524845898162,48644
2019-06-06,17321.380859375,17363.524828428857,17152.803279271444,17152.803279271444,923198
2019-06-07,17447.81640625,17447.81640625,17279.238807442856,17363.52675490227,186775
2019-06-10,17532.1015625,17658.533451272942,17321.378340102663,17363.522303026977,446518
2019-06-11,18122.125,18248.55860062136,17532.102666358995,17532.102666358995,1815476
2019-06-12,18311.7734375,18543.568641884314,18079.97823311569,18543.568641884314,115443
2019-06-13,18311.7734375,18374.99108591749,18079.97823311569,18311.7734375,153097
2019-06-14,18311.7734375,18374.99108591749,18206.411826062777,18332.845419009867,249123
2019-06-17,18164.26953125,18332.847102699,18079.97989358148,18122.12556435976,207082
2019-06-18,18079.98046875,18164.27010909998,18058.90848463453,18164.27010909998,156553
2019-06-19,18079.98046875,18206.41407733092,18037.83650051906,18079.98046875,272866
2019-06-20,18079.98046875,18164.27010909998,17995.692532288118,18079.98046875,162288
2019-06-21,17932.474609375,18122.12587137008,17932.474609375,18122.12587137008,294022
2019-06-24,17784.96875,17953.5480256444,17658.535145210724,17911.402354789276,268002
2019-06-25,17869.259765625,18079.981320596034,17616.392536549214,17784.97012130368,319876
2019-06-26,18269.630859375,18332.84680869657,17869.25806867436,17869.25806867436,397129
2019-06-27,18079.98046875,18290.7037176809,18079.98046875,18269.631733565428,658238
2019-06-28,18122.125,18122.125,17974.619416589747,18079.97933053422,295761
2019-07-01,18206.4140625,18206.4140625,18079.980454022072,18206.4140625,190232
2019-07-02,18122.125,18248.55860062136,18037.83536495643,18248.55860062136,250324
2019-07-03,18058.90625,18206.411824443843,18058.90625,18206.411824443843,204930
2019-07-04,18206.4140625,18206.4140625,18037.836485825464,18058.90846992377,302115
2019-07-05,18670.001953125,18965.013097587576,18290.70118000689,18290.70118000689,421658
2019-07-08,18670.001953125,18817.50752535629,18585.712324469467,18754.289877892672,491355
2019-07-09,18691.076171875,18712.1481555895,18606.78653312893,18627.85851684344,511869
2019-07-10,18627.859375,18670.00504825865,18332.84818163015,18670.00504825865,347655
2019-07-11,18585.71484375,18585.71484375,18290.703659298862,18501.425203669063,681361
2019-07-12,18522.498046875,18627.857962311045,18374.99246137652,18627.857962311045,432422
2019-07-15,18522.498046875,18585.713996136627,18417.136427550937,18543.57002996221,368128
2019-07-16,18522.498046875,18585.713996136627,18459.28039372536,18585.713996136627,198740
2019-07-17,18459.28125,18522.49890608213,18374.99331374128,18522.49890608213,843918
2019-07-18,18353.91796875,18648.930830685287,18332.845986587752,18648.930830685287,262413
2019-07-19,18459.28125,18560.4291589538,17473.101490889174,17473.101490889174,223713
2019-07-22,17801.826171875,18459.27986318484,17700.679974408245,18459.27986318484,161701
2019-07-23,17650.10546875,17827.11215215125,17599.530670160075,17827.11215215125,306859
2019-07-24,17346.66796875,17650.10828934197,17296.09486596602,17498.387277101934,317814
2019-07-25,17700.6796875,17953.54688095616,17321.37889731576,17321.37889731576,217124
2019-07-26,17700.6796875,17776.540186314436,17498.385591957485,17599.531787784774,159837
2019-07-29,17700.6796875,17751.252785413646,17447.812494043843,17751.252785413646,97892
2019-07-30,17700.6796875,17852.398981240935,17599.531787784774,17852.398981240935,76020
2019-07-31,18206.4140625,18206.4140625,17700.68133247639,17852.400640317046,736125
2019-08-01,18130.5546875,18408.70759502744,17852.400076084516,18408.70759502744,36949
2019-08-02,18029.404296875,18130.55218885377,17776.538826647597,17953.545507750685,12470
2019-08-05,17902.97265625,17953.547459681842,17498.386156011216,17953.547459681842,240223
2019-08-06,17650.10546875,17700.678563452097,17447.811386053785,17498.38448075588,273170
2019-08-07,17650.10546875,17700.678563452097,17194.944208655477,17245.517303357574,153007
2019-08-08,17574.248046875,17650.108554133098,17245.52031801534,17245.52031801534,166305
2019-08-09,17574.248046875,17574.248046875,17043.227903844592,17574.248046875,269115
2019-08-12,16942.080078125,17574.248135310034,16765.073362890816,17574.248135310034,198650
2019-08-13,16891.505859375,17144.37306555808,16234.052145631807,17144.37306555808,210691
2019-08-14,16436.345703125,17194.945592483276,16436.345703125,17194.945592483276,227853
2019-08-15,16436.345703125,16436.345703125,16183.478505376252,16183.478505376252,94407
2019-08-16,16183.48046875,16588.0670118995,15930.613240323495,16436.347697176505,66774
2019-08-19,16183.48046875,16183.48046875,15172.013258932157,15172.013258932157,231717
2019-08-20,16082.3310546875,16183.477244350444,15778.890781810836,16183.477244350444,59202
2019-08-21,16663.92578125,16663.92578125,16082.33257970633,16183.478778960534,39363
2019-08-22,16436.345703125,16663.925499543686,16183.478505376252,16663.925499543686,66807
2019-08-23,16385.771484375,16385.771484375,16183.477399225336,16183.477399225336,107846
2019-08-26,16183.48046875,16335.199783472995,15424.88048735866,16183.48046875,93235
2019-08-27,16183.48046875,16183.48046875,15424.88048735866,15677.74601189699,251539
2019-08-28,15627.171875,16031.760095319423,15576.598773432088,15728.319782023887,794240
2019-08-29,15627.171875,15627.171875,15172.012257000726,15627.171875,47349
2019-08-30,16158.1904296875,16183.477829962198,15323.730075053036,15652.45775918462,71190
2019-09-03,15526.025390625,16082.33290557118,15500.737988355071,15500.737988355071,112728
2019-09-04,15424.87890625,15930.611607375313,15424.87890625,15424.87890625,50887
2019-09-05,15475.451171875,15677.74355986673,15424.878074877066,15424.878074877066,119127
2019-09-06,15677.74609375,15804.179708623358,15475.453673063175,15475.453673063175,80454
2019-09-09,16158.1904296875,16183.477829962198,15424.877972263928,15930.61064276681,473857
2019-09-10,16689.212890625,16840.9321868483,16183.478495438074,16183.478495438074,339272
2019-09-11,16739.787109375,16790.360211499796,16512.207297869387,16689.214007250208,1931229
2019-09-12,17144.373046875,17144.373046875,16562.779836398127,16739.786539755783,515257
2019-09-13,16992.654296875,17447.81391916269,16840.93328685372,17194.946705052604,180795
2019-09-16,16840.931640625,17194.945024218494,16689.212349322606,16689.212349322606,139104
2019-09-17,16891.505859375,16992.653764181046,16689.213457538957,16689.213457538957,140499
2019-09-18,17296.095703125,17296.095703125,16840.93434826245,17043.228473077826,168152
2019-09-19,17574.248046875,17650.108554133098,17296.095125446154,17296.095125446154,117350
2019-09-20,17599.533203125,17953.548324765998,17548.96010114431,17599.533203125,187938
2019-09-23,17700.6796875,17700.6796875,17194.945300587682,17599.531787784774,1439203
2019-09-24,17902.97265625,18054.69365876953,17599.532355098916,17599.532355098916,390866
2019-09-25,17751.25390625,18155.84041899319,17675.393402645637,17852.400108463786,390487
2019-09-26,17498.388671875,17801.82901665379,17296.09624461463,17801.82901665379,213348
2019-09-27,17245.51953125,17498.3867413154,17144.37332877906,17498.3867413154,172706
2019-09-30,16992.654296875,17245.519807097007,16942.07949094252,17194.946705052604,178399
2019-10-01,17321.380859375,17498.387574066954,17017.940533633348,17270.80775573275,198978
2019-10-02,17346.66796875,17371.953668197937,17144.373853725985,17194.946956509964,105241
2019-10-03,17498.388671875,17498.388671875,17194.94832709621,17346.669351429722,106466
2019-10-04,17548.958984375,17877.68668216225,17371.95228676278,17877.68668216225,158700
2019-10-07,17346.66796875,17548.96037988591,17220.234359846003,17548.96037988591,382466
2019-10-08,17194.947265625,17498.38759167194,17144.374161931864,17194.947265625,155905
2019-10-09,17650.10546875,17801.82475285629,17043.224924549188,17043.224924549188,192786
2019-10-10,17498.388671875,17902.975230283977,17498.388671875,17801.82901665379,745752
2019-10-11,17776.5390625,17801.824757914317,17346.6652015783,17498.384485727696,91527
2019-10-14,17650.10546875,17827.11215215125,17523.671880050846,17523.671880050846,105103
2019-10-15,17700.6796875,18105.26617469709,17548.95868987113,17902.972079154577,161889
2019-10-16,17700.6796875,17801.82588332729,17599.531787784774,17700.6796875,202634
2019-10-17,17650.10546875,17751.251658154193,17574.244974752943,17700.678563452097,158078
2019-10-18,17700.6796875,17751.252785413646,17548.95868987113,17548.95868987113,115263
2019-10-21,17599.533203125,17852.40041691654,17548.96010114431,17700.68111097446,185540
2019-10-22,17548.958984375,17700.679984550028,17498.385885612646,17548.958984375,169153
2019-10-23,17650.10546875,17675.391164157132,17498.38448075588,17498.38448075588,199460
2019-10-24,17599.533203125,17650.108008993768,17498.386999163617,17599.533203125,279638
2019-10-25,17700.6796875,17852.398981240935,17548.95868987113,17548.95868987113,173862
2019-10-28,17902.97265625,18004.12055922569,17700.680258074604,18004.12055922569,405961
2019-10-29,17852.3984375,17953.546334134506,17801.82534112669,17902.971533873308,549930
2019-10-30,17877.6875,17953.54800355785,17751.253895366262,17751.253895366262,187316
2019-10-31,18408.705078125,18408.705078125,17953.545527331455,18004.11862143209,399199
2019-11-01,19066.162109375,19116.7352124946,18408.70836104401,18408.70836104401,467112
2019-11-04,19394.888671875,19445.46177196043,19091.44836747441,19091.44836747441,721893
2019-11-05,19167.306640625,19394.88814060751,19091.4478445188,19394.88814060751,162752
2019-11-06,19217.8828125,19243.168511707703,19015.588699397947,19217.8828125,166272
2019-11-07,19015.58984375,19167.309159790893,18863.86882382092,19167.309159790893,198183
2019-11-08,19723.615234375,19723.615234375,18813.29429532704,18813.29429532704,514635
2019-11-11,19824.759765625,19925.90766402605,18965.013704487534,19824.759765625,320107
2019-11-12,20128.19921875,20204.059713434435,19723.612753579426,19824.75894390011,513774
2019-11-13,20153.48828125,20229.348782194105,19723.61438108406,20128.200879639306,286297
2019-11-14,19470.748046875,20153.48917797436,19470.748046875,20153.48917797436,429559
2019-11-15,19622.46875,19824.761153184965,19293.74103899237,19293.74103899237,449534
2019-11-18,19571.896484375,19723.615793237885,19319.029265715413,19622.46958732929,270997
2019-11-19,19394.888671875,19976.481878689458,19394.888671875,19673.04157428887,304995
2019-11-20,20102.91796875,20229.35158655479,19470.74987972605,19622.47090264709,831570
2019-11-21,20102.91796875,20381.070905587603,19925.91124460094,19951.196945828964,963187
2019-11-22,19875.3359375,20229.34934659892,19774.188032123144,20102.91574279387,575269
2019-11-25,19976.482421875,20178.77653160536,19470.747999493127,19875.33621895385,950820
2019-11-26,19951.1953125,20128.20202215819,19824.76170504585,19976.482715546063,479826
2019-11-27,19976.482421875,20102.916027470463,19774.18831214464,19774.18831214464,263630
2019-11-28,19875.3359375,19976.482138988824,19723.61493137873,19723.61493137873,196941
2019-11-29,20077.62890625,20102.916309278804,19824.7616915143,19824.7616915143,178399
2019-12-02,20886.802734375,20886.802734375,20001.76922559708,20102.91542548941,826911
2019-12-03,21240.81640625,21493.68361306365,20735.081992622705,20937.37609885123,600074
2019-12-04,21341.962890625,21443.110797025493,21139.670485600112,21240.816688112554,1517240
2019-12-05,21240.81640625,21392.535708005373,20987.94919943636,21367.250009656826,279588
2019-12-06,21493.68359375,21695.97599590872,21139.67018608421,21240.81638716357,482844
2019-12-09,22024.703125,22201.70982416959,21493.68302749123,21493.68302749123,454399
2019-12-10,21544.255859375,22226.99694992217,21544.255859375,22201.709548688286,332028
2019-12-11,21341.962890625,21544.25699953793,21291.38978936878,21544.25699953793,191198
2019-12-12,20735.08203125,21341.9626471781,20532.789628532653,21089.095439893383,392954
2019-12-13,19875.3359375,21215.52907083504,19723.61493137873,20532.789654953423,882440
2019-12-16,20077.62890625,20178.77681447713,19470.748272439552,19470.748272439552,828482
2019-12-17,20052.341796875,20229.348493963906,19925.90819839893,20077.62749423744,222180
2019-12-18,19622.46875,19925.90905866549,19622.46875,19925.90905866549,298614
2019-12-19,19723.615234375,19976.482445869668,19420.17492135901,19420.17492135901,470889
2019-12-20,19748.900390625,19875.333981990403,19622.4667992596,19875.333981990403,233132
2019-12-23,19521.322265625,20128.201170276792,19445.46176358552,19824.76086600689,536130
2019-12-24,19445.4609375,19723.61382797753,18459.27956454595,19521.32143631676,993823
2019-12-25,18813.294921875,19597.1822812818,18611.00250905268,19445.462971665056,650996
2019-12-26,18813.294921875,19192.59575174903,18484.568899094666,18484.568899094666,274377
2019-12-27,18712.1484375,18965.01565365975,18661.57533504567,18914.44255120542,979815
2019-12-30,19167.306640625,19217.88144321309,18712.14704843592,18712.14704843592,334374
2019-12-31,19167.306640625,19369.600739313464,19066.16044322475,19268.454541913216,351900
2020-01-02,19167.306640625,19673.041035402173,18939.72684453045,19673.041035402173,167893
2020-01-03,19015.58984375,19243.16966975544,18813.29571847396,19167.309159790893,121887
2020-01-06,18813.294921875,19091.44954533788,18762.72181866942,19091.44954533788,179485
2020-01-07,18408.705078125,18813.29153481791,18054.69171553273,18813.29153481791,379119
2020-01-08,18256.98828125,18509.853786177195,17953.547971449323,18256.98828125,163753
2020-01-09,18459.28125,18712.14846655235,18206.41403344765,18206.41403344765,87078
2020-01-10,18686.861328125,18813.29493819268,18256.98909856065,18611.00252519489,266132
2020-01-13,18661.57421875,18914.44141978377,18459.280117145387,18686.859916520585,194889
2020-01-14,18712.1484375,19015.58875611408,18686.861034328787,18712.1484375,213915
2020-01-15,19116.734375,19116.734375,18788.00836717989,18788.00836717989,374186
2020-01-16,20027.056640625,20178.777657359147,19167.308756166567,19217.88356433672,234771
2020-01-17,19900.62109375,20381.06809356453,19571.89509592321,20330.494994197943,236703
2020-01-20,19925.908203125,19976.48130174983,19723.61410473772,19824.76030198737,76866
2020-01-21,20229.349609375,20987.94953817134,20229.349609375,20937.37643676999,817700
2020-01-22,20836.228515625,20912.087309527,20279.92103831216,20735.08061727581,249607
2020-01-30,20785.65625,21316.67634799895,20684.50834760402,21190.242747919965,304581
2020-01-31,19976.482421875,20760.369754234067,19824.76141360521,20456.92944158256,373513
2020-02-03,20229.349609375,20229.349609375,18611.001845091567,19369.601773887905,734418
2020-02-04,19723.615234375,20229.34965736433,19521.322828289714,20229.34965736433,585948
2020-02-05,19673.041015625,19976.481311408665,19622.467916975715,19976.481311408665,75278
2020-02-06,19723.615234375,19925.909344348347,19470.74802288033,19470.74802288033,152299
2020-02-07,19622.46875,19875.335957869243,19622.46875,19875.335957869243,712010
2020-02-10,19217.8828125,19723.615539423,19116.73490400493,19369.602119410472,237463
2020-02-11,19369.599609375,19445.460104943795,19192.592922306383,19445.460104943795,67843
2020-02-12,19496.033203125,19521.32060294704,18965.01314185293,19445.460107368785,212743
2020-02-13,19319.02734375,19698.328134004405,19243.16684492153,19673.040733098933,199272
2020-02-14,18813.294921875,19268.456258501465,18712.14871546384,19167.308348202183,505165
2020-02-17,18535.140625,19015.58762558437,18535.140625,18712.14732501066,470492
2020-02-18,18712.1484375,18965.01565365975,18408.70811888592,18535.1417269658,140534
2020-02-19,18914.44140625,19167.30690321485,18509.853203330265,18712.14730479013,180366
2020-02-20,18990.30078125,19217.882291275408,18990.30078125,19167.30748645552,396421
2020-02-21,18990.30078125,19066.161284591803,18939.727680318145,18965.01508272809,98479
2020-02-24,18560.427734375,18965.01422747245,18054.69334008721,18965.01422747245,138379
2020-02-25,18560.427734375,18611.000833026184,18256.987438579923,18256.987438579923,185713
2020-02-26,18181.126953125,18712.1470452169,18181.126953125,18307.560551797545,196131
2020-02-27,18459.28125,18686.86106334188,18181.128334125275,18206.41403344765,308515
2020-02-28,18231.701171875,18459.28098191168,18155.840667233417,18206.41376903178,146468
2020-03-02,18712.1484375,18762.72153995433,18155.840902726173,18155.840902726173,336720
2020-03-03,19470.748046875,19673.04215709764,18813.294318511493,18813.294318511493,1091803
2020-03-04,19445.4609375,19521.32143631676,18965.01395147376,19470.746634513627,254091
2020-03-05,19925.908203125,20204.06109750555,19445.461210357164,19622.46790748805,467145
2020-03-06,20254.634765625,20431.641467732745,19925.908763376912,19925.908763376912,1256041
2020-03-09,18914.44140625,19723.61440431349,18863.866602969043,19167.30690321485,580099
2020-03-10,19470.748046875,19470.748046875,18712.148115344204,18712.148115344204,196113
2020-03-11,19268.453125,19521.3203037939,18459.278493637088,19470.74550492485,401733
2020-03-12,18762.72265625,18965.016781990988,18560.430234397205,18965.016781990988,1308177
2020-03-13,19420.171875,19673.03904682848,18256.98561080947,18256.98561080947,505700
2020-03-16,18762.72265625,19420.176435047964,18611.003339860406,19420.176435047964,468836
2020-03-17,18029.404296875,18762.71842025399,17751.251427680952,17751.251427680952,625243
2020-03-18,17650.10546875,18155.83811965879,17650.10546875,18029.40453095964,812130
2020-03-19,17194.947265625,17599.533799058212,17144.374161931864,17346.668280592537,498903
2020-03-20,17194.947265625,17650.10860663948,16714.500224708023,17194.947265625,282122
2020-03-23,16006.47265625,16714.49948436938,16006.472656249998,16436.34657443335,527883
2020-03-24,16183.48046875,16183.48046875,15728.320820692832,15728.320820692832,1236583
2020-03-25,17245.51953125,17296.09433637352,16183.479293640978,16689.21371377178,852632
2020-03-26,16588.064453125,17296.092924280656,16537.491356018432,17245.51812328618,72984
2020-03-27,16537.4921875,16663.92578856727,16183.478786066837,16183.478786066837,290229
2020-03-30,15677.74609375,16183.480553243431,15475.453673063175,15677.74609375,486949
2020-03-31,16183.48046875,16335.199783472995,15424.88048735866,16335.199783472995,1061923
2020-04-01,16461.630859375,16588.064454092746,16183.477973328703,16588.064454092746,864673
2020-04-03,16562.78125,16891.507282625495,16537.493845695808,16891.507282625495,208257
2020-04-06,17093.798828125,17093.798828125,16588.06444939717,16739.785444570683,300735
2020-04-07,17043.228515625,17194.947831699148,16942.080601020712,17194.947831699148,17403
2020-04-08,17194.947265625,17447.81448797881,16942.080043271195,17194.947265625,489606
2020-04-09,17194.947265625,17296.095176899405,16689.21452480552,17194.947265625,357091
2020-04-10,17498.388671875,17574.249184041757,17194.94832709621,17194.94832709621,549669
2020-04-13,17523.673828125,17700.680531203758,17473.100727800786,17498.386426018882,361161
2020-04-14,17397.240234375,17498.386435075776,16942.078923445457,17498.386435075776,243723
2020-04-15,17321.380859375,17902.974107093112,17093.801041040795,17093.801041040795,464127
2020-04-16,17321.380859375,17397.241366782448,17144.374144683046,17397.241366782448,123630
2020-04-17,18155.83984375,18358.1339456562,17144.37274199497,17397.239943405722,347276
2020-04-20,18408.705078125,18459.27817222564,18054.69171553273,18155.837903734,238256
2020-04-21,18408.705078125,19470.74516590181,18408.705078125,19470.74516590181,1164253
2020-04-22,18105.265625,18712.146189314,17801.825342843,18206.41181775637,569646
2020-04-23,18256.98828125,18914.4420018368,18155.84037539108,18712.147894007,547428
2020-04-24,18231.701171875,18256.988574718216,17751.25414895842,17953.548260039952,196166
2020-04-27,18509.853515625,18611.00142000548,18029.4065074538,18307.561114640084,573147
2020-04-28,18712.1484375,18965.01565365975,18509.854323794585,18560.429130137007,1180071
2020-04-29,19217.8828125,19571.896232512525,18712.148381688912,18712.148381688912,2086680
2020-05-04,18838.58203125,19319.029060032823,18661.57532085044,19015.588741649564,498679
2020-05-05,18965.015625,19015.588727377904,18712.148409222384,19015.588727377904,151677
2020-05-06,18863.8671875,19116.734396188385,18712.1478846198,19091.44869765237,451172
2020-05-07,19167.306640625,19470.74693671371,18889.153745830336,18965.014245824503,1605093
2020-05-08,18863.8671875,19319.0285039167,18863.8671875,19319.0285039167,524814
2020-05-11,18889.154296875,19066.160999433152,18737.434996348587,18762.72069449232,439098
2020-05-12,18965.015625,19091.44923288881,18737.43581235538,18889.155119489096,845697
2020-05-13,19116.734375,19142.02177739603,18788.00836717989,18965.015072287955,489398
2020-05-14,18813.294921875,19622.469684828648,18813.294921875,19319.02936170705,1888407
2020-05-15,18965.015625,19015.588727377904,18863.8677163561,19015.588727377904,261043
2020-05-18,18914.44140625,19015.58760503594,18813.29350357607,18965.01450564297,252470
2020-05-19,18256.98828125,18914.4420018368,18206.41347637652,18863.86719696331,1514808
2020-05-20,18029.404296875,18256.985775911377,17953.545507750685,17953.545507750685,364026
2020-05-21,18459.28125,18509.85435253285,18004.12162331625,18004.12162331625,129978
2020-05-22,18256.98828125,18459.28068519176,18256.98828125,18307.56138223544,162338
2020-05-25,18181.126953125,18358.13365048897,18105.26645314388,18256.98745310612,263181
2020-05-26,18813.294921875,18914.44283217428,18155.84117242621,18206.4142756318,437977
2020-05-27,18509.853515625,19116.73412635579,18509.853515625,19116.73412635579,181899
2020-05-28,18712.1484375,18863.867744863,18358.135016431588,18509.854323794585,415207
2020-05-29,18611.001953125,18889.154864391072,18509.8540458471,18611.001953125,104672
2020-06-01,18358.134765625,18636.287677267777,18332.84736279926,18560.428876566697,304875
2020-06-02,18585.71484375,18712.14845192736,18307.56192809268,18408.70813307932,257247
2020-06-03,18509.853515625,18661.574520251703,18358.13421488631,18661.574520251703,276396
2020-06-04,18181.126953125,18509.85294656324,18130.553854433576,18509.85294656324,717685
2020-06-05,17953.548828125,18105.2681383208,17877.688321083042,18105.2681383208,539527
2020-06-08,18307.5625,18509.85491629268,17953.549067599666,17953.549067599666,496333
2020-06-09,18054.693359375,18433.99415549604,18029.40595807841,18433.99415549604,251366
2020-06-10,18206.4140625,18383.42077359148,17953.548549432246,18282.274568364377,417327
2020-06-11,17700.6796875,18408.70646606689,17700.6796875,18206.41237052438,625845
2020-06-12,17447.81640625,17650.110547151566,16992.65671908188,16992.65671908188,885631
2020-06-15,16992.654296875,17523.67442417333,16891.50638889812,17498.38702120709,497299
2020-06-16,17194.947265625,17245.520369318136,16942.080043271195,17093.801058238732,333044
2020-06-17,17548.958984375,17599.532083137354,17043.226292863492,17296.09349056323,601143
2020-06-18,17751.25390625,17953.54801456562,17447.813595720596,17599.532899041275,386382
2020-06-19,17447.81640625,17953.550906559754,17397.24329699669,17953.550906559754,619791
2020-06-22,17296.095703125,17447.815018820394,17270.80829856501,17447.815018820394,592502
2020-06-23,17245.51953125,17296.09433637352,17194.94643001453,17296.09433637352,636351
2020-06-24,17523.673828125,17700.680531203758,17169.66042196749,17245.519220509796,727413
2020-06-25,17548.958984375,17700.679984550028,17397.23968808794,17700.679984550028,698019
2020-06-26,17801.826171875,18459.27986318484,17548.958974320147,17548.958974320147,1168117
2020-06-29,17194.947265625,18206.414451152094,17194.947265625,17447.81448797881,1202409
2020-06-30,17473.1015625,17700.681376774577,17245.52004433732,17700.681376774577,920994
2020-07-01,17978.83203125,18105.26562413336,17447.81196347264,17473.099363604466,920269
2020-07-02,19167.306640625,19217.88144321309,17852.399258869907,18155.83955495862,4783527
2020-07-03,18712.1484375,19976.48281441065,18661.57533504567,19369.602177182493,2016817
2020-07-06,18307.5625,19217.8834849815,18307.5625,18762.72214054668,2493936
2020-07-07,17953.548828125,18838.58239732076,17953.548828125,18383.421058957138,2984817
2020-07-08,19192.59375,19192.59375,18408.70647235108,18408.70647235108,23531517
2020-07-09,20532.791015625,20532.791015625,20330.496895353648,20532.791015625,2179208
2020-07-10,20987.94921875,21190.243325164683,20532.78960917701,20532.78960917701,4107206
2020-07-13,21215.529296875,21746.55112006916,20735.082278852133,20735.082278852133,3436147
2020-07-14,21746.552734375,21746.552734375,21164.95776672422,21190.24517118702,2250228
2020-07-15,20987.94921875,22049.99114756704,20987.94921875,21999.416343047345,2330820
2020-07-16,21569.54296875,21620.11777452859,20987.949741176955,20987.949741176955,1810921
2020-07-17,21721.263671875,22075.27708400241,21468.396462101693,21493.683864634244,3407995
2020-07-20,21443.111328125,22125.85076782605,21240.81721420168,21721.26424386749,2719513
2020-07-21,21063.810546875,21392.53656580358,20532.7904136063,21392.53656580358,2976108
2020-07-22,21114.3828125,21443.110522285697,20987.94920903535,21038.52230964361,1727760
2020-07-23,21999.416015625,21999.416015625,20912.08840461909,21089.09510613949,2214225
2020-07-24,21240.81640625,22353.42973078681,20482.216489697083,21746.5508198773,4763328
2020-07-27,20128.19921875,20987.94694813933,19976.479933268976,20532.78738780842,3223921
2020-07-28,21063.810546875,21291.39036057757,20153.48958817662,20456.929907742742,1573388
2020-07-29,20735.08203125,20912.08873557169,19824.76110735785,20684.508930570664,3315294
2020-07-30,20760.3671875,20987.946967879507,20735.079787952123,20912.086473123723,1596798
2020-07-31,20381.068359375,20836.22966738646,20254.634757365595,20735.081763446127,1518828
2020-08-03,21038.521484375,21089.094582999445,20381.06779448128,20381.06779448128,1361990
2020-08-04,21215.529296875,21240.816699460647,20912.088985287504,21240.816699460647,1083679
2020-08-05,22454.578125,22454.578125,21164.95636448984,21240.8168689641,3715856
2020-08-06,22758.017578125,22909.73687744626,22151.13697306396,22656.869674689493,2510391
2020-08-07,22909.736328125,22909.736328125,22404.00363862574,22758.01703244161,1955166
2020-08-10,22302.85546875,22985.59655081457,22302.85546875,22859.16295399195,1940606
2020-08-11,22656.869140625,22707.44394309461,22201.70954950218,22302.85574666548,3627691
2020-08-12,22505.150390625,22758.01759355319,22328.143689352863,22758.01759355319,1220610
2020-08-13,23112.03125,23112.03125,22353.42963288163,22606.29683858776,2378204
2020-08-14,22758.017578125,23112.03098042928,22581.010876972865,23112.03098042928,2058579
2020-08-17,22656.869140625,22732.729640441456,22353.42884524713,22555.722943461697,1115419
2020-08-18,22404.00390625,22758.01730429469,22404.00390625,22555.723203745736,1147365
2020-08-19,22960.310546875,23112.031553848523,22378.717329215266,22505.15093373052,1535112
2020-08-20,22909.736328125,23314.322820502,22606.29603287026,22909.736328125,1798035
2020-08-21,23112.03125,23112.03125,22707.444743203017,23010.88504927276,1416327
2020-08-24,23238.46484375,23516.61774758496,23061.45814060265,23263.750541977894,2327541
2020-08-25,22884.451171875,23263.750271995712,22884.451171875,23238.464574061265,1123320
2020-08-26,23010.88671875,23162.606030848343,22479.864866685435,22909.738806796293,1308308
2020-08-27,22707.447265625,23137.319518411485,22606.29934977388,23137.319518411485,1228458
2020-08-28,22454.578125,22985.59824854369,22404.00502331318,22808.5915406958,1845042
2020-08-31,22151.13671875,22505.15011698989,22024.70311882318,22454.577017796764,1811679
2020-09-01,22530.4375,22555.72319763177,22100.56360137997,22151.136700531508,900139
2020-09-03,22505.150390625,22707.444493745155,22302.85628750485,22505.150390625,947179
2020-09-04,22707.447265625,22808.59347758792,22227.00020296885,22252.28590401548,1582963
2020-09-07,22454.578125,22707.44533732216,22353.430217738296,22707.44533732216,1316520
2020-09-08,22555.724609375,22682.1582171112,22353.430496219466,22454.578404741274,786771
2020-09-09,23617.763671875,23769.484675018863,22404.00416616408,22454.57726591604,3109035
2020-09-10,23567.19140625,23895.919122104555,23415.472101624247,23769.48551630573,2029064
2020-09-11,23516.619140625,23643.05275091801,23466.04603728542,23567.19224396458,924703
2020-09-14,23314.32421875,23516.618329014826,23213.17801556162,23516.618329014826,1269392
2020-09-15,23466.046875,23567.19308528997,23263.752750531865,23516.619980144987,1315536
2020-09-16,23516.619140625,23617.76534730416,23213.17881669941,23466.04603728542,1149073
2020-09-17,23668.337890625,23744.19668643432,23466.04379272825,23516.616891230453,1176104
2020-09-18,23466.046875,23668.34099946813,23440.75947048341,23668.34099946813,768090
2020-09-21,23061.458984375,23643.05221544017,22909.737973904383,23567.191710204857,1458090
2020-09-22,22758.017578125,23415.471282959792,22758.017578125,22909.73687744626,1798243
2020-09-23,22505.150390625,22935.024294825325,22404.004191008924,22758.01759355319,2073984
2020-09-24,22656.869140625,22707.44394309461,22302.85574666548,22353.42884524713,910351
2020-09-25,23314.32421875,23314.32421875,22758.01839732585,23010.88560918486,2130685
2020-09-28,23213.177734375,23440.75754073616,22783.303820199457,23440.75754073616,1266770
2020-09-29,22808.58984375,23213.176331031613,22758.0167458258,23213.176331031613,1127751
2020-09-30,23010.88671875,23112.03292681556,22758.01949469795,22808.59259873073,958824
2020-10-01,23061.458984375,23213.17829095753,22909.737973904383,23213.17829095753,571094
2020-10-02,22758.017578125,23162.604080203026,22606.29657491574,23162.604080203026,1061235
2020-10-05,22935.025390625,23036.171595073683,22758.01868089576,22808.591783120104,812682
2020-10-06,23263.75,23491.331502077184,22960.3097011184,22985.59710264519,1595365
2020-10-07,23162.603515625,23364.897613677185,22884.450621705208,23263.74971270711,718358
2020-10-08,23162.603515625,23314.32281124817,22884.450621705208,23314.32281124817,369667
2020-10-09,23112.03125,23263.75055109086,22960.310245021115,23162.60435036362,775317
2020-10-12,23036.169921875,23263.74971729865,22909.736323553425,23263.74971729865,699487
2020-10-13,23036.169921875,23061.4573230945,22783.30272523185,22884.45062622189,509684
2020-10-14,23010.88671875,23112.03292681556,22960.31191082908,23112.03292681556,298770
2020-10-15,22758.017578125,23112.03098042928,22758.017578125,23112.03098042928,369993
2020-10-16,22909.736328125,23137.316123594064,22631.58343409481,22631.58343409481,551706
2020-10-19,22859.1640625,23010.88506759972,22808.5909620961,22808.5909620961,992288
2020-10-20,23339.611328125,23339.611328125,22859.164313187062,22859.164313187062,769538
2020-10-21,23263.75,23567.1902988816,23263.75,23516.617199715995,974503
2020-10-22,23567.19140625,23567.19140625,23162.6048900266,23162.6048900266,695864
2020-10-23,24679.8046875,24679.8046875,23668.337617465662,23769.483813302715,2202495
2020-10-26,24376.365234375,24730.37863586672,24275.21903505965,24730.37863586672,785047
2020-10-27,24022.3515625,24325.791860918675,24022.3515625,24224.6439588538,565506
2020-10-28,23263.75,23997.064197621195,23263.75,23744.1969979052,1999843
2020-10-29,23339.611328125,23466.044932465305,22909.737414145573,23061.458420909155,1663244
2020-10-30,23466.046875,23617.76619043497,23263.752750531865,23567.19308528997,1430005
2020-11-02,23820.056640625,24022.35073388898,23314.32225940901,23466.043255328976,626673
2020-11-03,24325.79296875,24477.512272924865,23870.6316484493,24022.35265651222,1198683
2020-11-04,24528.083984375,24780.951180891847,24528.083984375,24629.231885314515,722445
2020-11-05,24224.64453125,24629.23274129344,24224.64453125,24528.084836838567,774938
2020-11-06,24275.220703125,24477.51311565617,24199.36019648176,24275.220703125,308084
2020-11-09,24856.814453125,24932.67496131904,24275.221199376378,24275.221199376378,480343
2020-11-10,24856.814453125,25134.967377985613,24856.814453125,25059.106869791573,414241
2020-11-11,25640.69921875,25640.69921875,24856.811924199148,24856.811924199148,1660087
2020-11-12,26045.287109375,26146.43331283346,25792.419896840784,25792.419896840784,823047
2020-11-13,26247.580078125,26348.7262771825,26045.28597612201,26146.432175179507,579168
2020-11-16,26045.287109375,26500.448432714205,25944.14090591653,26247.581220179985,764673
2020-11-17,26551.021484375,26551.021484375,25994.713958626387,26045.28706026025,962480
2020-11-18,26551.021484375,26702.740789276584,26045.28706026025,26551.021484375,543667
2020-11-19,26551.021484375,26702.740789276584,26045.28706026025,26551.021484375,762776
2020-11-20,26652.166015625,26652.166015625,26146.431623237386,26298.152622508853,706231
2020-11-23,27410.767578125,27562.48858668328,26702.740748554552,26702.740748554552,946023
2020-11-24,27562.48828125,27764.78238912329,27107.326964507105,27764.78238912329,471942
2020-11-25,28321.087890625,28472.80889582333,27764.78208193252,27815.355182369283,848700
2020-11-26,29383.12890625,29383.12890625,28321.08701438479,28573.954212633074,1397990
2020-11-27,29534.849609375,29838.28819955213,29079.686612445443,29332.55380814768,937364
2020-11-30,29888.86328125,30344.022874659186,29433.70028006488,29534.8498855122,2865552
2020-12-01,29838.287109375,29990.008102808213,29079.68554998472,29079.68554998472,537613
2020-12-02,29585.421875,29838.289078147965,29332.55467185203,29838.289078147965,801090
2020-12-03,29534.849609375,29534.849609375,29332.55380814768,29433.700004873383,450638
2020-12-04,31557.787109375,31557.787109375,29332.556914640583,29433.70312207828,541873
2020-12-07,30293.44921875,31355.489446168896,29635.997205109,31153.197043167984,548204
2020-12-08,30546.318359375,30546.318359375,29838.29149629145,30141.733527770848,768660
2020-12-09,30242.87890625,30748.60993188533,30242.87890625,30698.03853320989,380293
2020-12-10,30394.595703125,30596.891515784697,30242.878103350355,30344.024305792154,552379
2020-12-11,30799.181640625,31102.623633262883,30242.87586449001,30344.02205944403,676250
2020-12-14,30748.607421875,31001.4746179392,30546.31502813401,31001.4746179392,755169
2020-12-15,30698.0390625,30799.18526937101,30596.89285562899,30748.61046204738,407271
2020-12-16,30748.607421875,30748.607421875,30445.16883126351,30698.03602732771,954907
2020-12-17,30040.58203125,30748.60885000393,29838.28962811347,30748.60885000393,1016817
2020-12-18,30040.58203125,30293.449239058697,29888.86443278564,29888.86443278564,440340
2020-12-21,30091.15625,30445.169652483764,30040.581446312604,30394.59484879637,301683
2020-12-22,31102.625,31203.77119939866,30091.1561904614,30091.1561904614,1048868
2020-12-23,30596.892578125,31608.358045437693,30344.02535935277,31608.358045437693,311205
2020-12-24,30242.87890625,30849.759544788587,29888.86548441717,30596.892328082828,653154
2020-12-25,30647.462890625,30849.758703136227,30192.303276082905,30242.878081154737,1095805
2020-12-28,30293.44921875,30849.758438666613,30293.44921875,30647.462627889632,848976
2020-12-29,30344.0234375,30799.18303935178,30293.448633838245,30344.0234375,839901
2020-12-30,29686.564453125,30344.0197826594,29635.99306333041,30344.0197826594,774660
2020-12-31,30799.181640625,31355.487416759985,29686.566680579184,29686.566680579184,810577
2021-01-04,30849.7578125,30950.904011947463,30344.02340748669,30799.18300888827,425557
2021-01-05,30799.181640625,30950.90263694394,30647.460644306066,30849.75644198993,260820
2021-01-06,30849.7578125,31052.05021139493,30546.31580638161,30849.7578125,632384
2021-01-07,32366.9609375,32619.8281659265,30849.760974717323,30849.760974717323,1002914
2021-01-08,32366.9609375,33378.42985120601,32316.38612870416,32468.10714731533,463334
2021-01-11,32417.533203125,32670.39700393788,32215.23739158819,32366.95839829677,1352744
2021-01-12,32670.39453125,32670.39453125,31810.650176449377,32417.530749575348,954441
2021-01-13,32265.8125,32872.69312476831,32265.812500000004,32619.82591380017,986871
2021-01-14,32366.9609375,32468.10714731533,32114.09370907349,32366.9609375,600817
2021-01-15,34592.19140625,34592.19140625,32366.96114494542,32366.96114494542,1994444
2021-01-18,34541.61328125,34693.334286268866,33378.42686091613,34642.759482003894,404857
2021-01-19,33125.5625,34541.61624771875,32215.239799483414,34541.61624771875,874230
2021-01-20,33125.5625,33125.5625,31001.478470645525,32619.828045021488,534404
2021-01-21,33985.30859375,33985.30859375,33125.56074733095,33125.56074733095,620310
2021-01-22,33732.44140625,34086.45482472815,32872.69355915273,33934.73381458718,1042761
2021-01-25,33327.8515625,33783.011163031915,32771.54576271388,33783.011163031915,632901
2021-01-26,32468.103515625,33327.85131455353,32417.532120262127,33327.85131455353,247020
2021-01-27,31102.625,32468.10380354592,31102.625,31608.3559969933,388814
2021-01-28,28927.96875,30445.16850221135,28927.96875,29332.553533109225,1536801
2021-01-29,30546.318359375,30900.33179091677,28321.089858335177,28321.089858335177,381224
2021-02-01,31102.625,31861.22319937796,30849.757797615348,31608.3559969933,602714
2021-02-02,32366.9609375,32366.9609375,30748.611357125643,30748.611357125643,491280
2021-02-03,33530.140625,33732.436411157425,32366.95433764135,32366.95433764135,590640
2021-02-04,33631.296875,34035.8817117996,33125.562421224175,33833.5892933998,355521
2021-02-05,34389.89453125,34389.89453125,32872.69460490343,33631.29627196485,2627520
2021-02-08,33277.27734375,34440.46717505349,33125.55974609063,33985.30756652328,250987
2021-02-09,33985.30859375,33985.30859375,32973.83973730967,32973.83973730967,170774
2021-02-17,36362.25390625,36362.25390625,34389.891130068696,34389.891130068696,2861084
2021-02-18,37120.85546875,37323.147863354745,35907.09428556969,37070.28066621085,393127
2021-02-19,36817.41015625,37272.56970704355,36412.821995669285,36412.821995669285,339307
2021-02-22,36969.1328125,37221.99999831414,36564.54463364223,36867.98661972951,819374
2021-02-23,36867.98828125,37070.28067590766,36766.83867614524,36918.55967602645,517327
2021-02-24,36918.5625,37626.5893432361,36615.123884802895,36615.123884802895,839730
2021-02-25,38536.90625,38536.90625,36918.556987274176,36918.556987274176,1107450
2021-02-26,39194.36328125,39952.96491619841,38435.76505407771,38536.91125718227,885270
2021-03-01,38840.34375,39194.35710900476,38182.891829466425,39194.35710900476,547170
2021-03-02,38840.34375,38941.48993717627,38486.33039099525,38688.6227653478,913560
2021-03-03,39851.81640625,40964.431391548125,38890.92242071433,39194.36101246331,690000
2021-03-04,39447.23046875,40913.85893230862,37424.29618456879,39851.81868869669,946851
2021-03-05,40357.55078125,40458.69697845198,38536.90900828655,38688.62660020156,946161
2021-03-08,39952.96484375,40711.566477322805,39447.23042136813,40458.69926613187,724154
2021-03-09,40155.2578125,40458.69983329331,39447.2309743505,39700.0981890862,770211
2021-03-10,40711.56640625,40711.56640625,40104.68578200645,40104.68578200645,578564
2021-03-11,41470.1640625,41470.1640625,40711.56584842192,40964.43305570664,512324
2021-03-12,42481.6328125,42785.071416010745,41470.16398524541,41470.16398524541,693621
2021-03-15,42532.20703125,42734.499430804666,41975.89782081064,42481.632227473325,506287
2021-03-16,43037.9375,43240.23330483882,42532.20650734286,42532.20650734286,477307
2021-03-17,43240.234375,43341.38057603472,42734.49996205037,43037.93856515452,434871
2021-03-18,43240.234375,43493.10158147481,42734.49996205037,43493.10158147481,1375376
2021-03-19,42178.1875,43240.23104860345,41975.895113492574,43240.23104860345,1191111
2021-03-22,41975.8984375,42127.61944328302,41217.29681636097,42026.473242019696,821271
2021-03-23,41925.328125,41975.89952305147,41470.16509587984,41723.032309465656,334304
2021-03-24,41369.015625,41672.45762044997,41217.29462727501,41217.29462727501,272204
2021-03-25,41267.87109375,41621.88449753772,40458.69808620322,41369.01729372135,191820
2021-03-26,40964.4375,41267.876136996536,40458.70303056268,41267.876136996536,403304
2021-03-29,41318.4453125,41419.59151103898,40964.43191372558,40964.43191372558,217350
2021-03-30,41975.8984375,42481.63285159269,41318.44642540036,41318.44642540036,871124
2021-03-31,42228.765625,42228.765625,41470.1640042121,41975.8984180707,217694
2021-04-01,42329.91015625,42481.631155977215,41975.89676207046,42228.76395902383,166117
2021-04-02,42329.91015625,42481.631155977215,41520.73717066474,42481.631155977215,393644
2021-04-05,42329.91015625,42329.91015625,41925.32536734534,42329.91015625,222180
2021-04-06,44504.56640625,44808.008413084615,42279.3397898255,42329.9111857806,1058114
2021-04-07,44909.15625,45313.74106349455,43998.833604085004,44959.727647798754,519397
2021-04-08,44909.15625,45313.74106349455,44757.43524105148,44909.15625,158010
2021-04-09,44251.703125,44959.729993329056,43745.96867397173,44555.145158727486,536991
2021-04-12,44403.421875,44757.43529109159,43745.96644067211,44099.98326453984,603921
2021-04-13,44504.56640625,45111.44701214322,44403.4202065638,44403.4202065638,451260
2021-04-14,45111.44921875,45162.02402495495,44504.56858317147,44504.56858317147,400544
2021-04-15,45010.30078125,45263.1679841782,44909.15458163393,44909.15458163393,160597
2021-04-16,44605.7109375,45010.29912888757,41975.89621292052,41975.89621292052,355177
2021-04-19,46527.5,46527.5,43998.831410616,44504.56581004799,798157
2021-04-20,46527.5,46578.07480305358,45667.7522025208,46527.5,206481
2021-04-22,45819.47265625,46527.49944388174,45617.18026200548,46527.49944388174,255127
2021-04-23,46274.63671875,46476.93254031848,45010.30402088421,45819.47708382936,230287
2021-04-26,46527.5,47286.10159914799,46274.632800284,47286.10159914799,376221
2021-04-27,45768.90234375,46982.66355346748,45617.18134059131,46982.66355346748,460920
2021-04-28,45414.89453125,46224.06763472972,45010.30627562193,45768.907977008406,339480
2021-04-29,46122.91796875,47286.10443088033,45414.89113025535,45414.89113025535,776594
2021-05-04,46122.91796875,46274.63557144445,45516.037334643705,45516.037334643705,585810
2021-05-05,47286.1015625,47892.98215979285,46274.632764419934,46274.632764419934,967207
2021-05-06,47690.69140625,47741.26280323063,47033.23598329317,47538.97039975595,812991
2021-05-07,48398.71875,48550.439758136105,47083.81129763136,47640.11711709559,1429334
2021-05-10,50826.23828125,50826.23828125,48196.42012229578,48449.28731849861,1290990
2021-05-11,50977.95703125,51938.851035547166,50775.66463280092,51079.10663825054,844560
2021-05-12,51483.6953125,51483.6953125,50573.37604314494,50573.37604314494,471614
2021-05-13,51079.109375,51483.69419357528,50674.52114864854,51230.826978077646,581670
2021-05-14,50573.37109375,51584.836470959446,50472.22489680664,51079.10548624268,555794
2021-05-17,51433.12109375,51685.98489310681,50573.37327105344,50573.37327105344,750374
2021-05-18,51281.3984375,51685.98322967079,50725.089236601234,51635.411834537415,784874
2021-05-19,52444.5859375,53911.21435962412,51281.39952370723,51433.1205278729,885960
2021-05-20,53051.46875,53506.628373627085,52444.58811590517,53051.46875,814027
2021-05-21,53051.46875,53203.18976046775,52596.30912637292,52596.30912637292,324471
2021-05-24,53354.91015625,53354.91015625,52596.30852042703,52899.74713009055,844731
2021-05-25,53557.1953125,55580.12932640136,50573.36738641232,53607.766703376525,432457
2021-05-26,52596.30859375,53557.20263735486,52292.86657588734,53557.20263735486,546480
2021-05-27,50977.95703125,52343.43924022134,50573.372234351824,52090.57203827198,407444
2021-05-28,51433.12109375,51837.70589894174,50674.51947235138,50674.51947235138,145244
2021-05-31,51534.265625,54012.35940370919,50826.23883108309,50826.23883108309,657570
2021-06-01,52596.30859375,53102.043018337004,51433.122143420784,51433.122143420784,417104
2021-06-02,52849.17578125,53102.04299342488,52596.308569075125,53102.04299342488,278414
2021-06-03,52849.17578125,53557.20261222919,52697.45477238985,52849.17578125,282381
2021-06-04,53810.06640625,53860.63780080687,52798.59762180161,52849.17242413439,1080194
2021-06-07,53759.49609375,54366.37673354872,52090.57518624758,54366.37673354872,574770
2021-06-08,52090.57421875,53860.64129871339,51079.10877638927,53810.06990087222,597884
2021-06-09,52596.30859375,53607.77403514788,51888.28176243864,52090.57416916299,413654
2021-06-10,53253.7578125,53557.1998143683,52090.57142348205,52596.30582141192,693621
2021-06-11,53557.1953125,54619.23541421504,53557.1953125,53607.766703376525,241671
2021-06-14,53911.21875,54113.511166844335,53557.20531663427,53557.20531663427,462471
2021-06-15,53810.06640625,54619.23938914317,53607.77060469477,53607.77060469477,159734
2021-06-16,53810.06640625,54568.66799458629,53708.920209360345,54568.66799458629,107811
2021-06-17,54012.36328125,55124.97835489791,53759.496064158375,53810.07087068718,341721
2021-06-18,54062.9375,55074.40294959353,54012.36269402105,54012.36269402105,438494
2021-06-21,54568.66796875,55074.39895295884,54062.93357676525,54062.93357676525,193890
2021-06-22,54214.65234375,54619.24054766622,53911.213746644826,54619.24054766622,262200
2021-06-23,53102.04296875,54113.508409203365,52596.30854463525,53911.21600266792,1013091
2021-06-24,53102.04296875,53253.76056976352,52545.73373911332,53102.04296875,233564
2021-06-25,52596.30859375,53051.46821276785,51736.560753507314,52596.30859375,1112107
2021-06-28,53961.7890625,54012.360458609786,52596.30684311941,52596.30684311941,92804
2021-06-29,53708.91796875,53961.78515431308,53203.18359762386,53961.78515431308,110054
2021-06-30,53102.04296875,53708.92359613248,53102.04296875,53607.77398508862,190784
2021-07-01,53557.1953125,54669.81021286723,52646.8727911902,53102.03575573293,496971
2021-07-02,53203.19140625,53759.49725147224,53102.04519873471,53658.35104395695,142484
2021-07-05,52394.01171875,53203.18468441549,52141.14452802156,53000.892294943085,289800
2021-07-06,51331.97265625,52545.73391507962,51331.97265625,52141.14910065384,564764
2021-07-07,53658.34765625,53961.78966741441,49612.47916441567,51534.26720920338,323954
2021-07-08,53607.7734375,53759.49444473986,52849.17521685288,53658.34824250532,362421
2021-07-09,51888.27734375,54113.50385155098,51837.702542487685,54113.50385155098,225974
2021-07-12,49561.90625,52596.30943848037,49309.03903364528,50674.521320405496,307221
2021-07-13,49561.90625,49814.77346635472,49056.171817290575,49309.03903364528,369494
2021-07-14,48955.0234375,50573.37286872051,48601.01003188552,50573.37286872051,210794
2021-07-15,49056.16796875,49561.902361783694,48651.58318054378,49561.902361783694,285314
2021-07-16,48955.0234375,49157.31583848655,48803.302432872064,49106.74444212793,249780
2021-07-19,48955.0234375,50472.22666822723,46578.07579869191,46578.07579869191,303771
2021-07-20,49157.31640625,50522.79864812052,48955.02400292698,50522.79864812052,125924
2021-07-21,49157.31640625,49309.03741263029,48550.43919628096,49207.89121096879,174051
2021-07-22,50472.2265625,50623.94415903408,48955.02333495094,49157.31573551374,1065014
2021-07-23,51079.109375,53102.04369120496,50826.24215950236,53102.04369120496,191268
2021-07-26,50952.671875,52975.60610432208,50573.37277193212,51205.53907963727,85146
2021-07-27,51458.40234375,51584.834232498855,50573.3688991807,50699.80078792956,273792
2021-07-28,51837.70703125,53102.04309453168,51458.40791615356,51648.05747370178,208518
2021-07-29,52280.22265625,52469.87220964392,51648.056342344906,52280.22265625,91770
2021-07-30,52469.87109375,52912.39125262602,51648.055243928815,52912.39125262602,170982
2021-08-02,56010.01171875,56010.01171875,52027.357322935255,52469.87409938398,2883372
2021-08-03,56578.9609375,57527.21209830208,56136.44077571982,57527.21209830208,249780
2021-08-04,56262.875,56895.04129245988,55820.35825450049,56895.04129245988,313122
2021-08-05,57211.125,57400.77454317283,55630.70759652525,55693.9218390656,911766
2021-08-06,56895.04296875,57274.342073845975,56452.52621021269,57274.342073845975,366252
2021-08-09,57211.125,58665.10710284228,55820.35713969808,56073.22433318714,677994
2021-08-10,57084.69140625,57274.34095509352,56262.875558669424,57211.126710663,885684
2021-08-11,56578.9609375,57337.56254769686,55946.791225114604,57211.12724210938,705870
2021-08-12,55630.7109375,56895.04357310059,55630.7109375,56578.962118088486,872298
2021-08-13,54556.0234375,55630.70990639508,54366.37388645264,55567.49225345395,594504
2021-08-16,55567.4921875,56136.44083996679,54492.809127656496,54619.24102561266,820134
2021-08-17,55820.36328125,56262.88006659914,55314.62883862919,56262.88006659914,751686
2021-08-18,55504.2734375,55820.358287806506,54998.53904011996,55630.70874073298,240810
2021-08-19,55630.7109375,57147.91078177593,55504.27562927429,55883.578146175336,754722
2021-08-20,53734.203125,55757.1371814004,52469.867209889926,55693.91953370095,883476
2021-08-23,52153.7890625,53734.20649981503,51837.70421192661,53734.20649981503,321264
2021-08-24,51900.92578125,52469.87446589708,50952.674565728645,50952.674565728645,374118
2021-08-25,51837.70703125,52153.79189901445,50952.67349084089,51900.924686358114,308292
2021-08-26,52469.87109375,53354.90800372604,51395.18804218937,51395.18804218937,619482
2021-08-27,52343.44140625,52406.65906129735,51837.70698142344,51900.9246364708,196926
2021-08-30,53038.82421875,53038.82421875,52596.30745872985,52596.30745872985,337580
2021-08-31,53860.640625,53860.640625,52596.3079859199,53734.20872420243,428628
2021-09-01,53102.04296875,53860.641197146,52849.175756692624,53860.641197146,719256
2021-09-06,53481.34375,54682.462192768224,52849.17740403955,53102.044623978974,612030
2021-09-07,53038.82421875,53734.208185606825,52849.17466556652,53481.34097877016,892032
2021-09-08,53102.04296875,53418.12442798962,52975.60765883324,53038.825313791625,258888
2021-09-09,53228.47265625,53291.69030857812,52849.17355783324,53102.04075936974,435942
2021-09-10,53354.91015625,53418.12440340316,52975.60763445045,53102.04294430901,361146
2021-09-13,54303.16015625,54366.37781375783,53165.25935999041,53354.91233251389,1336806
2021-09-14,54745.671875,55314.620481153885,54303.15174873488,54303.15174873488,855324
2021-09-15,55251.41015625,55630.71268506634,54745.67913078853,54745.67913078853,413034
2021-09-16,55441.0625,55946.79351976438,54366.37598953232,55061.75997545652,420210
2021-09-17,55567.4921875,55630.70984036609,54050.29237314587,55124.97543298938,1114418
2021-09-20,54935.32421875,55630.70815589306,54872.10656779811,55630.70815589306,614928
2021-09-21,54050.29296875,54745.67693461172,53987.075315187285,54682.459281049,820272
2021-09-22,54050.29296875,54492.809728136905,53228.47369576285,54366.37442101148,421590
2021-09-23,54303.16015625,55504.27861001742,53987.07868426338,55504.27861001742,634524
2021-09-24,53607.7734375,54556.024621085,53354.90963580168,54556.024621085,544202
2021-09-27,52406.65625,54113.505582507416,52027.35374783928,54113.505582507416,558624
2021-09-28,52975.60546875,52975.60546875,51142.3208129566,52027.35431468087,295044
2021-09-29,52975.60546875,53291.69032269838,51837.70476542223,52469.871065543,246468
2021-09-30,52469.87109375,54366.37340290781,52280.221544389424,53038.82314960774,286350
2021-10-01,52469.87109375,52722.73829548944,51837.7047932894,52343.43919676828,771684
2021-10-04,56136.44140625,56136.44140625,52849.174540692686,53734.208058641816,4997808
2021-10-05,58032.94140625,59423.70919886157,57527.20704388657,59297.27390438286,2041434
2021-10-06,59739.7890625,60308.74449750503,57084.68868949922,58032.94320413984,1751358
2021-10-07,60055.87890625,61004.13349992573,58854.76051025874,59803.015103934464,2214900
2021-10-08,60182.3125,61193.781311539904,59803.01339956054,59803.01339956054,1053078
2021-10-11,59297.28125,60371.96434731989,58981.19638242303,60371.96434731989,1302168
2021-10-12,59992.66015625,60245.52393958449,58285.80746819922,59044.40563375437,1286850
2021-10-13,58981.19140625,60688.04409471869,58665.10656534073,60308.74501184825,972624
2021-10-14,59297.28125,59929.44416960168,58917.98213512854,58981.19638242303,1028928
2021-10-15,58665.109375,59613.36394314274,58538.680885022586,59613.36394314274,738852
2021-10-18,58159.375,59297.279119278486,58096.16075497698,58728.33046741525,983388
2021-10-19,57211.125,58159.37271586415,57211.125,58159.37271586415,787980
2021-10-20,58159.375,59044.40850808237,56895.04239067549,57211.12724689462,578496
2021-10-21,59423.71484375,59929.44243860302,57843.2973670661,58159.37540996122,1319142
2021-10-22,59550.14453125,59992.664705078205,59107.631172974005,59929.4436427872,653016
2021-10-25,59550.14453125,60055.878951817,59234.0596664516,59992.664705078205,591606
2021-10-26,58791.546875,59486.93085803998,56895.044483477126,59486.93085803998,517776
2021-10-27,58981.19140625,59297.27624715927,58222.59324050911,58791.541864814775,556278
2021-10-28,58159.375,59107.62956865741,58096.16075497698,59044.40850808237,1271808
2021-10-29,59107.62890625,59360.4926990603,58032.94585959032,58159.37434821949,849666
2021-11-01,57463.98828125,59044.40567085063,57463.98828125,58854.75612934269,1316520
2021-11-02,57527.2109375,58159.37382157739,57337.5613907216,57337.5613907216,921150
2021-11-03,57527.2109375,58285.809124613625,57527.2109375,57527.2109375,604992
2021-11-04,57780.07421875,58096.15906577869,57463.98937172132,58096.15906577869,262476
2021-11-05,60751.2578125,60940.90735229887,57780.072601582186,58096.15743976418,2447430
2021-11-08,60245.52734375,61193.78191982663,59423.71488981274,60814.48281561681,507840
2021-11-09,60561.61328125,60814.48389892908,59803.01505931715,60119.0999236399,840972
2021-11-10,60435.17578125,60561.61108550546,59170.8431853513,60055.87668403559,880440
2021-11-11,59550.14453125,60561.613372384,59423.71603777241,59550.14453125,732090
2021-11-12,59550.14453125,59613.365593541006,59170.8454197128,59234.0596664516,605268
2021-11-15,58159.375,59613.36397549762,57780.07589875785,59550.14291492257,514464
2021-11-16,57780.07421875,58159.37330896369,57590.42467364316,57590.42467364316,236394
2021-11-17,58032.94140625,58791.53954201943,57653.63552281386,57780.07081729257,142830
2021-11-18,58159.375,58854.75895746129,57527.21210311376,58665.109406840216,431664
2021-11-19,59234.0546875,59234.0546875,57400.77353065027,58159.37168996028,511014
2021-11-22,58791.546875,59423.71661069172,58349.02669690535,59234.060237542384,293802
2021-11-23,58917.9765625,58917.9765625,57843.293566826665,58791.54126431736,402960
2021-11-24,59423.71484375,59739.79288664512,58601.89557489771,58791.545126855606,607200
2021-11-25,59739.7890625,60561.60827874488,59170.84044304662,60561.60827874488,843594
2021-11-26,58791.546875,60119.100593731695,58791.546875,59739.7946629853,358938
2021-11-29,58854.75390625,58854.75390625,57590.421405436864,57590.421405436864,371496
2021-11-30,58981.19140625,58981.19140625,58159.37218299624,58854.75610677595,274758
2021-12-01,58791.546875,59739.7946629853,57590.42846651711,59423.71661069172,146418
2021-12-02,58538.68359375,59929.444756719626,58475.46253028388,59929.444756719626,250194
2021-12-03,57716.86328125,58538.68256748322,57590.42797208669,58538.68256748322,223422
2021-12-06,55693.921875,57906.50896751295,53734.20538391516,57716.85942421776,392748
2021-12-07,55946.79296875,56768.612257353394,54050.29399581565,55946.79296875,890100
2021-12-08,55946.79296875,56768.612257353394,55946.79296875,56136.44252526583,199824
2021-12-09,56895.04296875,57211.12782818067,56010.009451675374,56010.009451675374,287592
2021-12-10,56010.01171875,56958.262927647615,55946.79406274985,56642.17805542301,207414
2021-12-13,55693.921875,56642.17299925185,55630.70763241886,56010.006719009245,305394
2021-12-14,54808.890625,55946.79133871787,54556.02342108759,55757.14178772756,187266
2021-12-15,55188.1953125,55630.71208486457,54619.24322930203,54682.46088471873,522054
2021-12-16,54429.59375,55251.409640507845,53734.2097627333,55188.19539277535,224940
2021-12-17,53923.8515625,54556.01780329705,53734.20203103845,54429.58591824791,332718
2021-12-20,53670.98828125,54239.9403247174,53670.98828125,54050.2907794869,289800
2021-12-21,53670.98828125,53734.20593225214,52785.95479832374,52785.95479832374,159804
2021-12-22,53228.47265625,53797.424711651125,53102.04075936974,53481.3398577865,563592
2021-12-23,53038.82421875,53607.772878300464,52406.65790554636,52785.957011913335,389298
2021-12-24,53544.55859375,53544.55859375,52785.95697378791,52785.95697378791,187542
2021-12-27,54366.375,54682.45986340376,52849.17515276937,53544.55912603676,64998
2021-12-28,54366.375,54556.02455493181,54303.157345764026,54366.375,70518
2021-12-29,54303.16015625,54492.81312877349,53797.42911951616,53797.42911951616,61548
2021-12-30,54998.5390625,54998.5390625,54239.940873897205,54366.37276940569,35604
2021-12-31,56262.875,56262.875,54366.372714844416,54872.1071119227,76866
2022-01-04,55630.7109375,56136.441947074585,55251.40842059896,56136.441947074585,187818
2022-01-05,55377.84375,55377.84375,54745.67743195798,54998.54123295392,198030
2022-01-06,55377.84375,55630.710958772026,54872.10933245595,54998.54123295392,65688
2022-01-07,54113.50390625,55061.7550206142,54050.28966432801,55061.7550206142,155388
2022-01-10,53797.42578125,54176.72488720797,53734.20812766498,54113.50723362296,195822
2022-01-11,52596.30859375,54050.29421249361,52596.30859375,53734.2093451827,217350
2022-01-12,53038.82421875,53987.0753924435,52659.52511238303,52659.52511238303,88596
2022-01-13,51837.70703125,54050.2942900489,51268.758358605344,53165.25734186366,170706
2022-01-14,51900.92578125,52217.01065568252,51774.49046836651,51837.708124808254,246468
2022-01-17,50952.671875,53418.12286049328,50889.454221896674,52153.79024508299,143106
2022-01-18,50510.15625,50952.67301608134,50510.15625,50636.58815126205,167808
2022-01-19,50510.15625,51205.54022638154,50510.15625,50573.37390451908,101292
2022-01-20,50826.23828125,51205.53737166629,50383.72153983903,50510.15343405249,122406
2022-01-21,49625.12109375,50826.23945142281,49625.12109375,50826.23945142281,169878
2022-01-24,48044.703125,49941.202008312765,47791.83592566977,49877.98776431218,171672
2022-01-25,46148.19921875,48171.13333481429,45389.59764730995,47286.09987202216,279174
2022-01-26,48171.1328125,48171.1328125,46148.19871837016,46148.19871837016,72450
2022-01-27,48171.1328125,49688.33593892923,47096.44982044448,49688.33593892923,183954
2022-01-28,49309.0390625,49372.25671856972,48044.70638776276,48044.70638776276,119232
2022-02-07,47855.05078125,49435.46812888732,47728.61548508459,49309.03283272191,326784
2022-02-08,48676.8671875,49182.60156297146,47728.61608543496,48044.70092204857,148626
2022-02-09,49309.0390625,49309.0390625,48676.872725131376,48676.872725131376,67344
2022-02-10,49309.0390625,49435.47437463944,48613.65506906166,49372.25671856972,364872
2022-02-11,49941.203125,49941.203125,49309.03681642714,49309.03681642714,67896
2022-02-14,49625.12109375,49941.20254044874,48992.95479257652,49941.20254044874,189060
2022-02-15,49814.76953125,49814.76953125,49245.81748745207,49625.11998590933,335478
2022-02-16,49372.2578125,49814.7745992404,49309.04015502959,49814.7745992404,96876
2022-02-17,49309.0390625,49877.99115157509,49309.0390625,49372.25671856972,86526
2022-02-18,49435.47265625,49435.47265625,48044.70471771676,49309.03734850548,455814
2022-02-21,50636.58203125,51205.53403760511,49309.03189345566,49435.46718721266,513160
2022-02-22,50699.80078125,50889.45031823618,50067.63452203746,50067.63452203746,122130
2022-02-23,51648.0546875,51900.92188651518,50446.93634412187,50699.80354313705,310086
2022-02-24,50826.23828125,51711.27176407194,50320.503888844345,51268.755022660975,764044
2022-02-25,50320.5078125,50889.456492487225,50067.64059658029,50826.24224433943,274068
2022-02-28,50699.80078125,52090.568596183024,50130.85217029145,50383.71935553162,96186
2022-03-01,51205.53515625,51331.96704499336,50573.36889698167,50763.0184339846,110676
2022-03-02,50320.5078125,51205.54136433092,50067.64059658029,51205.54136433092,318780
2022-03-03,49941.203125,50320.50563636453,49498.6863682214,50320.50563636453,399096
2022-03-04,49688.33984375,50636.58761256777,49561.90453605692,50130.85660512365,403926
2022-03-07,49877.98828125,50004.42017833748,48866.51947344618,49625.121079299046,355902
2022-03-08,48676.8671875,49625.11828956504,48676.8671875,49625.11828956504,361422
2022-03-09,47412.53515625,48740.08885321476,47286.10325585035,48676.871199126894,300840
2022-03-10,46464.2890625,49814.7737335638,46148.20418841707,49814.7737335638,335616
2022-03-11,47159.671875,48044.70541087604,46590.71979749334,47412.53567858505,203274
2022-03-14,46148.19921875,47412.531763374245,45768.900136917895,47412.531763374245,117576
2022-03-15,46274.63671875,46464.28969042849,44883.86870643187,46148.20481207392,210588
2022-03-16,46401.0703125,46906.80473600255,46274.6350027363,46590.71986936942,227976
2022-03-17,46464.2890625,47349.32262060077,45010.30341260519,47349.32262060077,368874
2022-03-18,46464.2890625,47222.88730785711,46274.63609338452,46780.37052880673,380742
2022-03-21,46527.5,46780.367199716,45705.684156754985,46780.367199716,216384
2022-03-22,46527.5,46653.93530374598,46021.76900834397,46527.5,303876
2022-03-23,46843.58984375,47412.538547912365,46464.29070764176,46590.72261708573,424488
2022-03-24,46464.2890625,47349.32262060077,46464.2890625,47349.32262060077,338928
2022-03-25,46843.58984375,47096.45707041428,46527.50495847558,46527.50495847558,259992
2022-03-28,46590.71875,47286.10271366496,46148.20199201103,47286.10271366496,1778958
2022-03-29,46717.15625,47349.32258998085,46527.50328100716,46590.720937338105,269790
2022-03-30,49941.203125,49941.203125,46717.15392894564,46717.15392894564,2491314
2022-03-31,50383.7265625,51458.40969766327,50004.42402649584,51458.40969766327,395646
2022-04-01,52343.44140625,52406.65906129735,49561.90547748006,49941.20459221192,500664
2022-04-04,53797.42578125,54050.292987814,52280.222541866,52469.87209484498,1048524
2022-04-05,53734.203125,53987.07030802202,52912.38733601025,53987.07030802202,529920
2022-04-06,52659.52734375,53797.42811884379,52469.8743747542,53102.044122521125,481206
2022-04-07,52785.95703125,53734.20820529086,52659.52513167338,52659.52513167338,1281468
2022-04-08,51900.92578125,53102.04421476212,51900.92578125,52722.741683887856,611340
2022-04-12,49309.0390625,52469.87415711929,49309.0390625,52469.87415711929,549792
2022-04-13,50573.37109375,51205.53738047789,49309.03511251829,49309.03511251829,434148
2022-04-14,49941.203125,51142.32149673164,49435.47212280733,50004.42077819009,364734
2022-04-15,52153.7890625,53038.82255477434,49814.7700284744,50573.37162518496,842904
2022-04-18,52469.87109375,53165.25504658947,52090.57199502884,52596.30639850772,827172
2022-04-19,53418.125,55124.97784772052,52849.176322610605,53165.25778523488,1302720
2022-04-20,52406.65625,53734.20648812265,51964.13950395912,52785.95534438477,593952
2022-04-21,52469.87109375,52785.9559478683,51458.40569456823,51458.40569456823,635076
2022-04-22,51205.53515625,52722.734860049146,48803.29860014428,52533.08532304622,1430784
2022-04-25,48992.95703125,50889.45602142865,47665.40330801595,49372.2561477305,830208
2022-04-26,51205.53515625,51205.53515625,46148.19826655184,48423.99952613843,248814
2022-04-27,50573.37109375,51205.53738047789,49309.03511251829,51205.53738047789,249228
2022-04-28,50573.37109375,50889.45253322599,49941.20139924619,49941.20139924619,302910
2022-04-29,50952.671875,50952.671875,49941.20305645095,50573.37277193212,831588
2022-05-04,49245.8203125,50699.80592314805,48740.08929850496,50573.374021593314,558486
2022-05-05,49245.8203125,49498.687523385575,46527.50205520018,49245.8203125,858636
2022-05-06,48740.08984375,48992.95705746435,47033.23700312218,47412.53611980563,417450
2022-05-09,45579.25,48613.653065176026,45579.25,47412.53468824318,332304
2022-05-10,47412.53515625,47412.53515625,43556.31618908361,45452.818549510914,190992
2022-05-11,47602.1875,47728.61939875687,47096.45308942044,47412.53454020064,260268
2022-05-12,47096.453125,47538.969882647405,46464.286815186,47412.53457601898,433596
2022-05-13,46337.8515625,46337.8515625,44188.48542507508,45516.03569956272,226044
2022-05-16,46148.19921875,47412.531763374245,44947.08091591388,47412.531763374245,225216
2022-05-17,46401.0703125,46717.15517913312,44883.86704199237,45073.52000663792,124752
2022-05-18,46780.37109375,47412.53744177402,46337.85430935556,47412.53744177402,239844
2022-05-19,46653.9375,46780.36940192185,44947.0846735102,44947.0846735102,142830
2022-05-20,46780.37109375,46780.37109375,45832.11986782584,46653.939187255695,96462
2022-05-23,45579.25,47159.67088993989,44694.21648261034,45073.51899561737,195822
2022-05-24,45452.8203125,46464.2891860336,42418.41709967543,46464.2891860336,406548
2022-05-25,45516.03515625,45832.11660386396,43935.61769485221,44947.08309810327,259026
2022-05-26,45516.03515625,45516.03515625,44125.26724497578,45516.03515625,399648
2022-05-27,45199.953125,45516.03800013927,44251.70190735841,45516.03800013927,323196
2022-05-30,45136.73046875,45452.815308877456,44820.64903639838,45452.815308877456,165738
2022-05-31,44757.43359375,45326.38565247856,44757.43359375,44947.08314406752,193200
2022-06-01,44947.08203125,45452.81642475954,44694.21483449523,44757.43248562791,156630
2022-06-02,44883.86328125,45263.16577098386,44251.69700872802,44947.08093083495,328578
2022-06-03,44820.6484375,45010.297975932015,44251.69641442815,44947.08032719608,138414
2022-06-06,44251.703125,44883.86948489718,43935.62164893957,44757.43757602827,286074
2022-06-07,43682.75,44251.6986439614,43303.44749624977,44251.6986439614,247986
2022-06-08,43682.75,44062.04909597426,42671.28120036734,43682.75,348036
2022-06-09,43303.44921875,43745.96598424748,42355.20144109547,43303.44921875,177330
2022-06-10,42860.9296875,43303.446424442525,42671.280144206896,43303.446424442525,95082
2022-06-13,40142.61328125,41849.466057267375,39889.74607710757,41154.08209781971,522882
2022-06-14,39257.578125,40142.61159851074,37930.02791473389,39889.74440496826,94806
2022-06-15,39826.53125,40395.47989517556,36539.26105195465,40395.47989517556,462300
2022-06-16,41659.8125,41659.8125,39700.09270829141,40964.42860742207,248952
2022-06-17,42924.1484375,44567.78353444047,40395.47984400142,40458.69749597727,629556
2022-06-20,42860.9296875,42987.364988212656,41912.67856325862,42987.364988212656,304428
2022-06-21,42355.19921875,42797.71596102896,41090.86323525589,42797.71596102896,60168
2022-06-22,42355.19921875,42355.19921875,41090.86323525589,42355.19921875,164358
2022-06-23,41090.8671875,42987.36964126456,41090.8671875,42987.36964126456,77142
2022-06-24,41406.9453125,41406.9453125,40142.60941360366,41090.860485832,147522
2022-06-27,41406.9453125,42355.19638472833,40458.69424027168,41090.860485832,145038
2022-06-28,41406.9453125,42987.362630288655,41090.860485832,41723.02673139232,75210
2022-06-29,41090.8671875,42987.36964126456,41090.8671875,42039.11841438228,170844
2022-06-30,41090.8671875,41723.03353616277,40901.21762367879,41723.03353616277,189888
2022-07-01,42355.19921875,42671.28065879159,39952.962553999154,41090.86323525589,191268
2022-07-04,42355.19921875,42987.36550660909,41533.37997753485,42355.19921875,218316
2022-07-05,41849.46484375,42987.365525506975,41596.59764694001,42355.19923736997,73968
2022-07-06,41090.8671875,42860.934326866256,41090.8671875,42291.98563540264,247572
2022-07-07,40648.34765625,41975.89792107866,39510.446942428855,39889.7460444439,304566
2022-07-08,42924.1484375,42924.1484375,39510.446347443314,41154.08144438378,267306
2022-07-11,41343.73046875,42355.19925644548,39952.96258955668,42355.19925644548,159252
2022-07-12,42418.4140625,42924.14846305601,39826.53122325838,41280.51336513696,279036
2022-07-13,41090.8671875,42355.203292601786,41090.8671875,42355.203292601786,89010
2022-07-14,40521.9140625,41343.733361956925,39826.533482017,40964.43424391598,66930
2022-07-15,41723.03125,42987.36728582403,40458.698621952026,41406.94979687603,537924
2022-07-18,41723.03125,42924.14963208881,41406.94979687603,41786.24890373521,262614
2022-07-19,41090.8671875,42608.0671058459,40648.350402658434,41470.166315142415,201066
2022-07-20,41090.8671875,42291.98563540264,39194.36473373544,41154.08484469915,259164
2022-07-21,41090.8671875,42291.98563540264,40205.83361781688,40205.83361781688,207138
2022-07-22,41090.8671875,42291.98563540264,40269.05127501603,41027.64953030085,361284
2022-07-25,41090.8671875,42355.203292601786,40332.26552443893,41027.64953030085,186300
2022-07-26,40142.61328125,42102.3332614098,40142.61328125,41027.64679186048,196098
2022-07-27,40142.61328125,42291.98281257262,39826.53183190398,40774.77958771805,251022
2022-07-28,40079.39453125,40774.77847166419,39952.96263652739,40774.77847166419,466578
2022-07-29,39826.53125,41975.89734214229,39447.22874544032,39826.53125,273792
2022-08-01,39194.36328125,39889.74726134201,38562.196956014384,39826.53301426174,468786
2022-08-02,39826.53125,41406.948696966734,39194.36154499253,39194.36154499253,313812
2022-08-03,39510.4453125,40332.26113555547,39004.71092549239,39004.71092549239,227838
2022-08-04,39384.01171875,39510.44702486951,38941.49496288378,39510.44702486951,545376
2022-08-05,38815.0625,39510.44645021529,37930.0290011398,39320.79690157039,598920
2022-08-08,38435.765625,38562.197528814686,37930.03119418892,38309.33031340914,102810
2022-08-09,38878.27734375,38878.27734375,38182.89344376608,38435.7606262853,790188
2022-08-10,39004.71484375,39826.53415713803,38815.06528151468,39320.79971932635,229632
2022-08-11,38625.4140625,39131.14847861896,38625.4140625,39004.71317070118,236256
2022-08-12,38372.54296875,39510.44358590322,38372.54296875,38625.41015120358,157044
2022-08-15,38435.765625,39510.44873464143,37993.248849984346,38372.54796920457,260406
2022-08-16,39067.9296875,39447.22878466082,38562.19528610158,38562.19528610158,59202
2022-08-17,39636.875,39952.95982623703,39131.14404890672,39194.35828793358,544824
2022-08-18,39826.53125,40269.04799883965,39573.66404955221,39636.878293832175,233634
2022-08-19,39384.01171875,39889.74612767598,39194.36216734677,39889.74612767598,216246
2022-08-22,38878.27734375,39763.3107786794,38372.542978711565,39257.57641364096,276828
2022-08-23,38878.27734375,39194.35876606723,38562.19251365704,38562.19251365704,293802
2022-08-24,38878.27734375,39510.443596160185,38562.19251365704,38625.41016123079,268824
2022-08-25,39131.14453125,39510.44360118924,38941.49158850465,38941.49158850465,147108
2022-08-26,38941.49609375,39384.01286246697,38688.62888194371,39384.01286246697,89148
2022-08-29,37740.3828125,38878.28361345206,36349.61478825011,38878.28361345206,271032
2022-08-30,38562.1953125,39510.446463827175,37613.944161172825,37930.0290142072,119922
2022-08-31,38119.6796875,38435.76454985932,37993.24778722192,37993.24778722192,49542
2022-09-05,38119.6796875,39131.14852082896,37930.03013319484,38182.89734152708,116334
2022-09-06,38182.90234375,39067.935984970296,37930.035102290414,38435.76958520959,112194
2022-09-07,37677.1640625,38562.19761449781,37677.1640625,38562.19761449781,113022
2022-09-08,38182.90234375,38435.76958520959,37361.08295706221,38246.1165982825,112608
2022-09-09,37930.03125,38815.06480133357,37677.16403422238,38056.46315400072,162426
2022-09-12,37993.25,38309.33147299225,37930.03234229104,38309.33147299225,44160
2022-09-13,38119.6796875,38119.6796875,37803.59482514068,37930.03013319484,83766
2022-09-14,38562.1953125,38688.627209048165,37297.862715914416,37361.07696030051,92736
2022-09-15,38435.765625,38878.28240001565,38119.680753799024,38562.197528814686,115920
2022-09-16,37930.03125,38309.330369778334,37803.5959382231,38309.330369778334,137310
2022-09-19,38119.6796875,38562.1964501374,37297.86381625229,37677.162924862605,286488
2022-09-20,38372.54296875,38815.05968609983,37740.37671650393,38182.89343385375,109986
2022-09-21,38246.11328125,38309.33093807624,37613.9469363162,37613.9469363162,80868
2022-09-22,38246.11328125,38688.63006348128,37297.86546773742,38246.11328125,141726
2022-09-23,38246.11328125,38498.980500778765,37930.031812671215,38498.980500778765,28014
2022-09-26,36602.4765625,38562.192991592805,36539.25891414275,37550.72424897989,165462
2022-09-27,36665.6953125,37234.64740213765,36602.48106414397,37234.64740213765,71208
2022-09-28,36539.26171875,36539.26171875,35211.71144800494,35211.71144800494,240396
2022-09-29,36539.26171875,36665.69361739313,36033.5273086254,36033.5273086254,62238
2022-09-30,36539.26171875,36539.26171875,35654.228204919964,35654.228204919964,155250
2022-10-03,36476.046875,36665.69644145991,35274.92841038548,35780.662859462784,98808
2022-10-04,35907.09765625,36602.48166172899,35085.27833644234,35211.71365077102,133860
2022-10-05,36033.52734375,36286.39454905879,35022.05852251484,36286.39454905879,90114
2022-10-06,35843.875,36602.476556842426,35401.358277119194,36033.52453726666,137862
2022-10-07,34769.1953125,36096.745606971606,33568.076918931176,35780.66074305052,354936
2022-10-10,34769.1953125,35401.361632566084,32935.91059886509,32935.91059886509,704628
2022-10-11,33820.94140625,34769.192513912014,33315.20702779348,34769.192513912014,546756
2022-10-12,34073.8125,34073.8125,32809.4764089783,33504.86040709618,245916
2022-10-13,34073.8125,34073.8125,33315.21084538698,34073.8125,134136
2022-10-14,34453.11328125,34769.198171159005,34073.814139580296,34073.814139580296,101706
2022-10-17,34073.8125,34705.978841622746,33315.21084538698,33315.21084538698,69828
2022-10-18,34326.67578125,34769.19596211789,33568.0775461077,34137.026222464425,89700
2022-10-19,34516.328125,35085.27679109063,34073.81135989304,34263.460915256575,198996
2022-10-20,34579.5390625,34579.5390625,33884.15515419467,34579.5390625,216246
2022-10-21,33820.94140625,34579.53956615896,33188.771729291446,34579.53956615896,731538
2022-10-24,33504.859375,33504.859375,31481.925099456712,33504.859375,343896
2022-10-25,32872.69140625,33378.42580174749,31229.05632477111,33188.772847603985,410136
2022-10-26,32240.5234375,32872.68969507677,30976.18751457071,32872.68969507677,443256
2022-10-27,31608.357421875,32240.527160222377,30849.75918829999,31608.357421875,498318
2022-10-28,31545.146484375,31608.360738622054,31229.061582033708,31292.279244057267,405030
2022-10-31,30976.19140625,31608.35774324869,29427.38098399345,31608.35774324869,129030
2022-11-01,31576.75,31576.75,30470.45637611108,30976.19079890465,379224
2022-11-02,31924.443359375,32177.31058162072,31292.277007648827,31671.57613712928,289800
2022-11-03,31861.22265625,31924.44030771252,31292.27401641522,31671.573109638408,213072
2022-11-04,31576.75,31861.22433490534,30091.15726290397,31861.22433490534,273930
2022-11-07,31229.056640625,31861.2229375027,30027.9382911142,31861.2229375027,370806
2022-11-08,30976.19140625,31229.05862260472,30154.375508929323,31229.05862260472,292146
2022-11-09,28826.8203125,31229.057042429675,28826.8203125,30976.18983886992,735540
2022-11-10,26835.494140625,27088.36133685763,26835.494140625,26867.10296612607,614376
2022-11-11,24970.6015625,24970.6015625,24970.6015625,24970.6015625,29118
2022-11-14,22663.19140625,22663.19140625,22663.19140625,22663.19140625,1894878
2022-11-15,21082.7734375,21082.7734375,21082.7734375,21082.7734375,228942
2022-11-16,19628.7890625,19628.7890625,19628.7890625,19628.7890625,1178520
2022-11-17,20735.08203125,20861.51563489236,18269.63101994412,18269.63101994412,11455034
2022-11-18,22157.4609375,22157.4609375,20861.51765273121,20861.51765273121,604854
2022-11-21,22758.017578125,23706.26703263088,21493.683268229168,23706.26703263088,1373514
2022-11-22,21430.46484375,22631.583161640807,21177.59935398852,22125.84877434196,2533818
2022-11-23,19976.482421875,21809.7671471772,19976.482421875,21240.81677394162,1009056
2022-11-24,21367.251953125,21367.251953125,19597.18304832006,19597.18304832006,911972
2022-11-25,22441.931640625,22441.931640625,21809.765368103017,21936.198963385,1070017
2022-11-28,23263.75,23579.834851588985,22125.849305166,22852.842078377493,939366
2022-11-29,23168.92578125,23485.00893652496,21683.33307718088,23010.885055556533,1802418
2022-11-30,24022.3515625,24212.00111005368,22505.150070406613,23137.3163648442,1021752
2022-12-01,24148.78515625,24970.60099803997,23832.70030522065,24053.958678608407,1339152
2022-12-02,23959.1328125,23959.1328125,23453.400140908976,23548.2249103393,1353366
2022-12-05,23643.05078125,24401.650675922072,23390.183581729983,24338.43472798606,647772
2022-12-06,23706.267578125,24338.435599563447,23074.1012605746,23643.05162792517,1195632
2022-12-07,22505.150390625,23706.267048701902,22441.93273794895,23326.967948197624,638007
2022-12-08,22979.27734375,23643.05251319825,22758.018953933915,23358.57817081533,630660
2022-12-09,23137.318359375,23548.228019680693,22694.801574344347,23548.228019680693,559452
2022-12-12,23895.91796875,24243.60994194313,23263.749970267945,23516.617169660767,1518033
2022-12-13,23769.484375,24148.78517418412,23643.05077527196,23959.13392264807,339894
2022-12-14,23845.345703125,24354.23912801103,23627.24803420584,24354.23912801103,302880
2022-12-15,23481.849609375,23881.69592339145,23300.10267891236,23627.249198410867,240480
2022-12-16,23227.400390625,23263.74943203735,22900.25390625,22900.25390625,250800
2022-12-19,23263.75,23590.89649236197,22972.95425382579,22972.95425382579,336600
2022-12-20,23336.451171875,23663.59768363025,22900.25582286799,23663.59768363025,356640
2022-12-21,23118.353515625,23263.75139744611,22573.10932893573,23045.653722770403,239640
2022-12-22,21846.11328125,23263.747956989257,21846.11328125,23263.747956989257,207840
2022-12-23,21809.767578125,22500.409650136266,21119.12550611373,21955.165460683136,194640
2022-12-26,21082.7734375,21991.514832281475,21082.7734375,21809.766212547584,207120
2022-12-27,22536.759765625,22536.759765625,20937.376286860475,21082.77416533433,135240
2022-12-28,23263.75,23263.75,22209.61243831451,22645.807761463813,117720
2022-12-29,23845.345703125,24136.141459091865,23118.35290543176,23154.70194895561,416880
2022-12-30,23845.345703125,24426.93891894677,23627.24803420584,24354.23912801103,728520
2023-01-03,23954.39453125,24063.44336568075,23663.597071472,23663.597071472,122280
2023-01-04,23772.64453125,24245.18888516235,23736.295489837645,24245.18888516235,152640
2023-01-05,24572.333984375,24572.333984375,23808.992230530195,23881.692013144693,368760
2023-01-06,25081.23046875,25081.23046875,24572.33536953735,24717.734942962645,180360
2023-01-09,26826.013671875,26826.013671875,25444.7278470949,25444.7278470949,423600
2023-01-10,26971.41015625,27371.25643575759,26862.361325828657,27262.207605336247,180240
2023-01-11,26607.916015625,26971.411568094347,26607.916015625,26862.36273196473,237360
2023-01-12,27662.052734375,28207.296863804942,26607.913516181143,28207.296863804942,138600
2023-01-13,28061.8984375,28134.59822568406,27262.2075830272,27916.500565019844,247440
2023-01-16,28207.298828125,28352.696704802336,27262.20837000225,28352.696704802336,99240
2023-01-17,27807.453125,28316.34825995615,27625.70449739679,28316.34825995615,78720
2023-01-18,27553.005859375,28134.59907065058,27189.508611425743,27625.703945854435,189480
2023-01-19,27589.353515625,27952.84904141235,27298.55607266235,27298.55607266235,151440
2023-01-27,27989.19921875,28061.8973000995,27480.30412986396,27480.30412986396,190320
2023-01-30,28134.599609375,28207.29940113452,27625.70447483447,28061.89981761548,114720
2023-01-31,28061.8984375,28207.298013868127,27625.703116171564,27625.703116171564,229920
2023-02-01,27044.111328125,28207.299480093065,27044.111328125,28061.89989616702,321600
2023-02-02,26789.6640625,26971.41098284695,26462.517561209857,26971.41098284695,265200
2023-02-03,26898.712890625,27225.859391846567,26753.313309712285,26789.66405688448,240120
2023-02-06,27189.5078125,27480.305261537123,26644.26366048537,27480.305261537123,132120
2023-02-07,26680.615234375,27407.60632369249,26535.21565340108,27407.60632369249,163920
2023-02-08,26862.361328125,26971.410158555667,26389.816964221434,26680.61441333254,59760
2023-02-09,26898.712890625,27189.508644674377,26317.117974750192,26317.117974750192,79200
2023-02-10,26535.216796875,26753.31447384627,26244.421030172045,26607.91659049479,165000
2023-02-13,25372.02734375,26426.16485610243,25299.327558664765,26244.4179492212,318000
2023-02-14,26498.8671875,26498.8671875,25335.67903380343,25335.67903380343,573600
2023-02-15,26607.916015625,26898.713479933314,26389.818343365776,26498.867179495388,50160
2023-02-16,26753.314453125,26898.71404025196,26607.916569886136,26607.916569886136,46800
2023-02-17,26753.314453125,26789.66520185079,26535.216776322653,26607.916569886136,232560
2023-02-20,27225.861328125,27480.30805698623,26789.66596214109,26862.364053879643,127320
2023-02-21,28025.548828125,28352.6953125,27262.20703125,27480.3046875,319440
2023-02-22,27407.607421875,28279.998127121824,27407.607421875,27480.307215274934,222600
2023-02-23,27407.607421875,27553.007008674867,27116.811656051457,27553.007008674867,90000
2023-02-24,27480.3046875,27625.70255703735,27298.55607266235,27625.70255703735,53520
2023-02-27,26535.216796875,27334.90941502839,26535.216796875,27334.90941502839,126600
2023-02-28,26971.41015625,27116.80973273711,26680.61441105173,26826.012283650867,296520
2023-03-01,27407.607421875,27407.607421875,26208.070202160616,27080.46090740744,106320
2023-03-02,28861.58984375,29043.340169628857,27262.20810422733,27553.005558635094,384840
2023-03-03,28498.09375,29588.58375687124,28498.09375,29588.58375687124,115800
2023-03-06,28643.4921875,29661.28242628817,28534.445058938418,28534.445058938418,325560
2023-03-07,28934.29296875,29188.737986886343,28716.195291618154,29188.737986886343,98520
2023-03-08,28861.58984375,29043.340169628857,28643.49217891618,28716.19367237813,225720
2023-03-09,29443.1875,29733.983277654803,28788.89444444445,29006.99212962963,463440
2023-03-10,30133.828125,30497.32195675701,29079.68715268715,29479.53513850622,199080
2023-03-13,29806.681640625,30170.1754724902,29261.437485051225,29806.681640625,200880
2023-03-14,28425.396484375,29661.282695386773,28316.34765093608,29552.23386194785,293880
2023-03-15,28934.29296875,29370.488323013684,28861.59147118858,28861.59147118858,128760
2023-03-16,28788.890625,28934.290198425293,28352.6953125,28570.79296875,149040
2023-03-17,28788.890625,29297.784020324707,28716.192542175293,29261.436682800293,92640
2023-03-20,28352.6953125,28752.539879699707,28279.99552578735,28752.539879699707,102480
2023-03-21,28498.09375,28679.84236845987,28316.346835428107,28389.044919701675,52320
2023-03-22,28679.84375,28679.84375,27880.152857252924,28498.095122785096,91200
2023-03-23,28425.396484375,28788.8920278754,27989.201150619312,27989.201150619312,37920
2023-03-24,28970.638671875,29006.989418600588,28170.94780223214,28170.94780223214,169320
2023-03-27,29043.33984375,29225.086759813563,28934.291012556663,28934.291012556663,138240
2023-03-28,29006.990234375,29188.737157562256,28934.29214665532,29006.990234375,272280
2023-03-29,28970.638671875,29225.087083402097,28716.19366812392,28788.89175379908,297360
2023-03-30,29188.736328125,29370.486653923686,28897.940577733523,29079.6874957562,137400
2023-03-31,29152.390625,29297.78680446628,28498.095890185035,29297.78680446628,89640
2023-04-03,29116.0390625,29297.78598564142,28825.2433039185,29297.78598564142,371040
2023-04-04,29079.6875,29297.78516476944,28897.940581950807,29116.038246720243,307440
2023-04-05,28861.58984375,29443.18475256552,28352.69642839643,29443.18475256552,218280
2023-04-06,28752.541015625,29225.08709209415,28716.19367666461,29188.73634535775,273120
2023-04-07,28534.4453125,29006.98968935132,28498.09456543512,29006.98968935132,115200
2023-04-10,28752.541015625,29261.43783883055,28352.69643262865,28716.19367666461,294240
2023-04-11,28934.29296875,29043.34180731592,28716.195291618154,28716.195291618154,130320
2023-04-12,29297.78515625,29406.83398860301,28825.2424879043,28934.291320257307,309360
2023-04-13,30097.4765625,30388.272301574707,29443.18359375,29443.18359375,458160
2023-04-14,29152.390625,30024.78133290248,29079.689127490656,30024.78133290248,314520
2023-04-17,30024.78125,30024.78125,28861.59137082428,29152.390544506303,222240
2023-04-18,29806.681640625,30061.12664137545,29443.184400983828,30024.77930285451,225000
2023-04-19,29479.537109375,30097.47939089552,29479.537109375,30097.47939089552,117240
2023-04-20,29697.634765625,29952.079783135152,29297.78675334985,29515.88442994495,369000
2023-04-21,29733.982421875,29733.982421875,29225.088973681577,29697.63508057448,125400
2023-04-24,29370.48828125,29770.33288616441,29370.48828125,29733.9821374354,132120
2023-04-25,29297.78515625,29588.584314375366,28825.2424879043,29370.486649669347,103080
2023-04-26,28679.84375,29043.341004429807,28498.095122785096,28498.095122785096,176280
2023-04-27,29443.1875,29515.88559246961,28643.49485172888,29006.99212962963,180720
2023-04-28,29152.390625,29806.68365592686,29152.390625,29406.835642954087,289680
2023-05-04,28643.4921875,29624.9316795463,28498.09431219655,29079.68751729836,111960
2023-05-05,29043.33984375,29116.03792862023,28498.09398389534,29116.03792862023,55560
2023-05-08,29006.990234375,29261.438653058045,28643.49298022438,28643.49298022438,221160
2023-05-09,28970.638671875,29079.68750427576,28207.29854895773,29079.68750427576,195600
2023-05-10,28716.193359375,28970.63836039036,28643.491866705488,28897.940275496825,37920
2023-05-11,28461.744140625,29006.98828125,28207.297442962645,29006.98828125,562200
2023-05-12,28425.396484375,28897.94086131432,28352.69669411971,28897.94086131432,238080
2023-05-15,28279.99609375,28716.193118898325,28279.99609375,28461.744712237803,215280
2023-05-16,28207.298828125,28643.49245815701,28134.59903784232,28134.59903784232,340200
2023-05-17,28570.79296875,28716.192542175293,28207.297442962645,28570.79296875,127560
2023-05-18,28861.58984375,28934.291337211947,28607.14483996122,28643.49217891618,183480
2023-05-19,28897.94140625,28934.29215400713,28679.84373525944,28825.24331851185,783480
2023-05-22,29043.33984375,29079.68718229713,28825.24218136333,28861.58951991046,131760
2023-05-23,29334.13671875,29370.4874664706,28970.639464872336,29043.340960313533,497520
2023-05-24,29334.13671875,29588.58513724197,29116.039047978626,29588.58513724197,76560
2023-05-25,28861.58984375,29006.989422897885,28352.69642839643,29006.989422897885,52800
2023-05-26,29006.990234375,29079.68832209468,28570.7948925047,28861.590651159528,174240
2023-05-29,29225.087890625,29297.78597830815,28934.29213211629,29079.68830748259,968280
2023-05-30,29479.537109375,29515.884450315138,28352.697976930565,29515.884450315138,216360
2023-05-31,29588.583984375,29588.583984375,29116.03791352357,29116.03791352357,258360
2023-06-01,30388.2734375,30969.86834516553,29588.584273207896,29661.28235875009,252720
2023-06-02,30533.67578125,30788.12421535252,30097.48041294643,30460.977689124844,120720
2023-06-05,30642.72265625,31006.21990909411,30497.32307355713,31006.21990909411,370200
2023-06-06,31187.96484375,31369.711754699707,30679.071448425293,30715.418785949707,322080
2023-06-07,31115.267578125,31624.16098681509,30824.468423636976,31624.16098681509,167280
2023-06-08,30897.16796875,31224.314441097555,30315.57310420687,31224.314441097555,322920
2023-06-09,30606.373046875,30897.172223075464,30170.17769035053,30897.172223075464,131040
2023-06-12,31115.267578125,31224.316409114017,30242.87693021286,30460.97459219089,306480
2023-06-13,30824.46875,31260.664078574417,30824.46875,31260.664078574417,71160
2023-06-14,30860.81640625,31260.66094814428,30679.069506802727,31260.66094814428,26280
2023-06-15,30642.72265625,31187.96683162812,30533.67382117438,30533.67382117438,492360
2023-06-16,30679.072265625,31078.91684347538,30642.72151935643,31006.21875871421,84000
2023-06-19,30897.16796875,31006.216792865853,30642.719576554427,31006.216792865853,124560
2023-06-20,30897.16796875,31187.963697133688,30679.07032051829,31187.963697133688,13440
2023-06-21,30897.16796875,30897.16796875,30679.07032051829,30897.16796875,36480
2023-06-22,30897.16796875,31042.564129053968,30533.67075243857,30933.515304938115,112680
2023-06-23,30897.16796875,30933.515304938115,30570.02149640244,30860.81722478613,732000
2023-06-26,30897.16796875,30933.515304938115,30242.875024054887,30824.466480822262,109920
2023-06-27,30497.322265625,30679.07259112019,30315.57534790582,30642.721844465952,81600
2023-06-28,30533.67578125,30533.67578125,30242.880004973056,30460.977689124844,92640
2023-06-29,29661.28125,30533.671875,29443.18359375,30388.272301574707,392040
2023-06-30,29733.982421875,30133.83043839061,29225.088973681577,30133.83043839061,63720
2023-07-03,29479.537109375,30097.47939089552,29406.83561194233,30097.47939089552,40560
2023-07-04,29443.1875,29515.88559246961,29370.489407530386,29479.538250122976,285600
2023-07-05,29443.1875,29515.88559246961,29370.489407530386,29443.1875,76560
2023-07-06,29079.6875,29806.68198774881,28570.79408479665,29806.68198774881,161880
2023-07-07,29443.1875,29443.1875,28861.592536914064,29297.78790728444,209040
2023-07-10,29406.8359375,29588.586275317608,28570.79596997821,29443.18668661877,1032000
2023-07-11,29443.1875,29588.587092715567,29297.78790728444,29406.836749877024,186360
2023-07-12,30388.2734375,30606.37110190257,29443.18469434752,29515.8827798897,530280
2023-07-13,30388.2734375,30715.41993410386,30315.57535195781,30533.673016360382,329160
2023-07-14,31042.56640625,31369.71290259611,30351.92607470333,30460.974906818697,607800
2023-07-17,31042.56640625,31624.16131345731,30133.828410472583,30751.77065653435,651480
2023-07-18,31042.56640625,31151.61523836537,30751.77065653435,31115.26789951092,166800
2023-07-19,30788.12109375,31224.3164178278,30679.07226273055,31224.3164178278,128760
2023-07-20,30897.16796875,30933.515304938115,30315.57310420687,30388.27118435885,340957
2023-07-21,30715.419921875,30860.81950067749,30424.62417204601,30679.07258300638,188400
2023-07-24,30824.46875,31151.61524643081,30751.770664496267,31042.56641428721,222960
2023-07-25,30751.76953125,30933.516442199707,30388.272301574707,30824.467614074707,148200
2023-07-26,30533.67578125,30751.773465401784,30206.52925502232,30388.27618922337,200880
2023-07-27,30533.67578125,30751.773465401784,29624.93429469212,30751.773465401784,352080
2023-07-28,30388.2734375,30642.72184856167,29952.07810869485,30642.72184856167,365880
2023-07-31,30170.177734375,30533.67500126789,30061.12889508476,30061.12889508476,240120
2023-08-01,30024.78125,30460.976602746847,29988.43050134569,30460.976602746847,170400
2023-08-02,29806.681640625,30024.77930285451,29806.681640625,30024.77930285451,222120
2023-08-03,28970.638671875,29952.078163481787,28970.638671875,29806.681992131456,245040
2023-08-04,29552.234375,29806.682793366945,29334.1367043358,29334.1367043358,243000
2023-08-07,29661.28125,29661.28125,29552.232421875,29588.583167175293,85320
2023-08-08,30024.78125,30061.128590878103,29661.28398678556,29661.28398678556,195000
2023-08-09,29661.28125,30097.4765625,29443.18359375,30097.4765625,150480
2023-08-10,29624.93359375,29915.73277092279,29552.23550334492,29915.73277092279,201240
2023-08-11,29806.681640625,29806.681640625,29479.53514728073,29806.681640625,172320
2023-08-14,29843.03125,29952.08008941264,29588.586229888,29843.03125,89160
2023-08-15,29843.03125,29843.03125,29733.982410587363,29806.68390871328,91680
2023-08-16,29588.583984375,29952.077816313657,29552.23323807074,29952.077816313657,296520
2023-08-17,29515.8828125,29661.28239152103,29443.18472687749,29443.18472687749,131280
2023-08-18,28352.6953125,29697.631995300293,28352.6953125,29479.534339050293,228480
2023-08-21,28570.79296875,28570.79296875,27771.102130462645,27989.199786712645,247920
2023-08-22,29079.6875,29261.437825825207,27698.403425718883,28352.696420027205,233640
2023-08-23,28970.638671875,29297.785169077262,28752.54100707349,29152.38899772693,322080
2023-08-24,29006.990234375,29079.68832209468,28752.541815691955,28752.541815691955,57720
2023-08-25,29449.845703125,29560.559408775844,29191.512570005256,29265.324013641355,179760
2023-08-28,29449.845703125,29560.559408775844,29265.324013641355,29560.559408775844,320160
2023-08-29,29486.75,29597.46370030062,29117.70317906355,29560.55798026604,113400
2023-08-30,29892.701171875,30224.842296006944,29265.32464622689,29486.75206231486,626640
2023-08-31,30261.74609375,30593.88719675529,29892.6992704764,30114.126672479928,370440
2023-09-05,30409.361328125,30556.980745865472,30187.93393141583,30298.64762977041,139200
2023-09-06,32512.923828125,32512.923828125,30187.93600312189,30409.363415026943,2689920
2023-09-07,34431.95703125,34764.09809586013,32845.05968040069,33214.10646101286,1150800
2023-09-08,33952.19921875,35428.38299688801,33620.058128154174,34431.95972510053,534480
2023-09-11,33583.16015625,34985.53267563418,33583.16015625,33952.20355304383,1001880
2023-09-12,33287.91796875,34247.439008292575,33103.3962887471,33952.20016852419,949594
2023-09-13,34505.76953125,35280.76545036751,33398.63250393927,33620.05990940142,968280
2023-09-14,34173.62890625,34690.29516616914,33730.77408906403,34505.77001913948,301200
2023-09-15,34026.015625,34321.2510398166,33435.54133556327,34321.2510398166,359640
2023-09-18,34985.53125,36129.57403697031,33656.9667721519,34173.62958249172,576240
2023-09-19,34985.53125,35280.76664736513,34026.01361371081,35133.15067858423,314760
2023-09-20,35612.90625,36129.57249813726,35059.33774114092,35059.33774114092,530880
2023-09-21,34727.1953125,35723.61859047633,34690.29305318439,35686.71633116072,270720
2023-09-22,34542.67578125,34616.483764266966,33251.01704953512,34026.0129805247,608040
2023-09-25,32328.40234375,34542.676476883564,32180.782914939984,34542.676476883564,909000
2023-09-26,32180.78515625,33214.114310282195,32106.97716660612,32106.97716660612,433800
2023-09-27,33066.48828125,33140.299715987305,30372.457408410493,30409.359665976262,288000
2023-09-28,33730.7734375,33730.7734375,32476.02045291281,32512.92271376331,263400
2023-09-29,33509.34375,34395.05330691457,33251.01410243523,33767.67685736773,285960
2023-10-02,33435.5390625,34321.248706539736,32623.63740219581,34321.248706539736,173760
2023-10-03,32476.0234375,32918.87828683044,31811.741163504343,32845.066838739695,382320
2023-10-04,33214.109375,33214.109375,31848.639280760093,31848.639280760093,333120
2023-10-05,32845.0625,33620.0583839535,32697.446542925176,33620.0583839535,170520
2023-10-06,32623.63671875,32808.161863928115,32106.97392381837,32476.020754371377,151200
2023-10-09,32845.0625,33029.587636048105,32512.921406877067,32512.921406877067,462720
2023-10-10,32881.96875,33583.15666673572,32771.25505050505,33583.15666673572,583920
2023-10-11,33214.109375,33361.72879215658,32845.06256201009,32845.06256201009,606000
2023-10-12,34542.67578125,34616.483764266966,33287.919311141966,33361.7307539622,1203720
2023-10-13,34911.72265625,34985.53063935218,34173.62898601507,34173.62898601507,645600
2023-10-16,33730.7734375,34985.52988189038,33656.96545599581,34911.72190038619,466200
2023-10-17,31442.69140625,34099.820257482395,31442.69140625,34099.820257482395,778080
2023-10-18,31036.740234375,32328.398852615977,30630.78771393698,31737.92466094438,790680
2023-10-19,30999.837890625,31737.92811570544,30852.21846168758,31590.312146571352,295800
2023-10-20,31737.927734375,31737.927734375,30556.98269647466,30889.12381274069,301080
2023-10-23,31147.455078125,31737.92583177648,30778.40826224051,31737.92583177648,279600
2023-10-24,31295.072265625,31590.31111384815,30852.217453093497,30926.0288950509,164160
2023-10-25,31036.740234375,31553.4029897108,30630.78771393698,31479.59501317796,184200
2023-10-26,29892.701171875,30741.505113611067,29523.65432512727,30741.505113611067,559080
2023-10-27,29265.32421875,30483.17498944472,29228.418496673294,29892.70073523405,270240
2023-10-30,28785.560546875,30151.030597879027,28785.560546875,29376.034737001624,149880
2023-10-31,28158.18359375,28933.179488347723,27899.852205517946,28711.75208989123,494760
2023-11-01,28342.70703125,28453.42073059082,28047.46992304063,28195.08934209609,102600
2023-11-02,29006.98828125,29523.651041388825,28195.08842253078,28785.560889790075,335400
2023-11-03,30667.6953125,30667.6953125,29006.989790162454,29523.652577177523,1326720
2023-11-06,30630.791015625,30999.83785767461,30187.93618908679,30999.83785767461,170520
2023-11-07,30335.5546875,30483.174111753146,30187.93526324685,30298.648966485907,160200
2023-11-08,30962.9296875,30999.83540672808,29560.55733427285,30335.553219441048,201360
2023-11-09,30852.216796875,31073.644198431048,30114.12661162256,30999.836217846747,308400
2023-11-10,30446.265625,30852.2146800657,30409.359907338425,30852.2146800657,107520
2023-11-13,30040.318359375,30520.07541853909,30040.318359375,30483.17315848224,115920
2023-11-14,30741.501953125,30741.501953125,30114.12549197649,30114.12549197649,246000
2023-11-15,31073.646484375,31368.88534803785,30741.50535760685,31073.646484375,424080
2023-11-16,30778.412109375,31073.64752310356,30409.365247361657,31073.64752310356,125520
2023-11-17,30667.6953125,30999.836416967508,30187.934786112542,30852.21699504756,181560
2023-11-20,30261.74609375,30520.07575621868,29892.6992704764,30261.74609375,143160
2023-11-21,30261.74609375,30630.78945722045,30040.31869174648,30630.78945722045,153480
2023-11-22,30040.318359375,30335.55373884545,29745.07952010144,30077.220619431857,406320
2023-11-23,30040.318359375,30409.361718762284,29818.890959821383,30077.220619431857,201720
2023-11-24,29774.138671875,30192.420402333228,29393.88206715235,29888.21583153736,131760
2023-11-27,28937.572265625,29698.085444508502,28823.49511054692,29698.085444508502,198000
2023-11-28,29013.623046875,29013.623046875,28139.03269685157,28937.57279706332,182520
2023-11-29,29545.984375,29660.061534749035,28899.546542270265,29051.65061023939,126360
2023-11-30,29279.8046875,29545.984130560388,29241.77777959451,29545.984130560388,129000
2023-12-01,28975.59765625,29355.85424918804,28823.495375565897,29279.80400007377,102360
2023-12-04,29241.77734375,29431.906533076777,29013.623029540104,29431.906533076777,189120
2023-12-05,29241.77734375,29469.9316579599,28899.54587243516,29241.77734375,131640
2023-12-06,29279.8046875,29660.06128936564,29127.70062078926,29241.77777959451,289920
2023-12-07,29279.8046875,29507.959005110504,28823.49605227899,29317.829812949883,272400
2023-12-08,29051.650390625,29279.804708398347,28937.573231738323,29279.804708398347,180840
2023-12-11,29013.623046875,29279.80426858264,28975.59792196916,29089.675079142264,137520
2023-12-12,29127.69921875,29317.828401758903,28975.59694181619,29317.828401758903,139800
2023-12-13,28557.314453125,29127.700239688453,28519.289328172632,29127.700239688453,446280
2023-12-14,28443.236328125,28823.494694533987,28443.236328125,28709.4175411024,263760
2023-12-15,28519.2890625,28785.468499598144,28062.9804375,28367.186781651857,320880
2023-12-18,27378.517578125,28405.21198730469,27378.517578125,28367.18686259804,351960
2023-12-19,27492.59375,27758.77317832396,27226.41432167604,27378.516597510374,395760
2023-12-20,27910.87890625,27910.87890625,27378.518235300617,27796.80174693625,139680
2023-12-21,28367.185546875,28367.185546875,27796.799790452955,27986.92718762331,69960
2023-12-22,28823.494140625,28823.494140625,28367.18553566764,28367.18553566764,151920
2023-12-25,28975.59765625,29127.699936934103,28785.4684685532,28823.495375565897,172320
2023-12-26,28861.51953125,29203.75098814229,28519.288074357708,29203.75098814229,153840
2023-12-27,28785.470703125,28937.57477807228,28747.445575616035,28937.57477807228,122040
2023-12-28,29051.650390625,29279.804708398347,28785.46916491902,28785.46916491902,301560
2023-12-29,28899.544921875,29279.80328802114,28899.544921875,29279.80328802114,277440
2024-01-02,28899.544921875,29203.75125830081,28785.467768522263,29089.67410494807,141840
2024-01-03,29127.69921875,29165.72612482509,28899.544912121524,28899.544912121524,195720
2024-01-04,29698.0859375,30040.319190870898,29089.6750278024,29127.70015264113,382680
2024-01-05,30420.572265625,30686.753471650525,29507.956844462617,29812.16139069825,560760
2024-01-08,31637.3984375,31827.52583843428,30724.7812091578,30800.831456549306,1077000
2024-01-09,31485.29296875,31827.5244140625,31181.088427886963,31561.34321273804,661200
2024-01-10,30990.958984375,31561.3447544243,30990.958984375,31485.294506721413,318840
2024-01-11,30990.958984375,31333.19044640458,30990.958984375,30990.958984375,108600
2024-01-12,30914.912109375,30990.96236537469,30572.680610009225,30572.680610009225,436800
2024-01-15,31561.345703125,31789.5000180028,30686.75535106383,30914.90966594163,643080
2024-01-16,31561.345703125,31751.476675463942,31409.24520314725,31561.345703125,416280
2024-01-17,31219.115234375,31561.34671769304,31181.09189061385,31409.24621282588,295200
2024-01-18,31637.3984375,31751.475591042778,31219.113164569128,31219.113164569128,724320
2024-01-19,31485.29296875,31713.447265625,31447.266064300537,31713.447265625,255120
2024-01-22,30876.880859375,31485.293516598427,30876.880859375,31485.293516598427,268200
2024-01-23,30914.912109375,31257.14360874077,30876.88519891943,31181.093352741085,89880
2024-01-24,30952.935546875,31181.08985418633,30876.881734497187,30914.90864068609,168600
2024-01-25,30800.83203125,31143.063498263888,30800.83203125,30990.959435731787,107040
2024-01-26,30496.626953125,31105.036063097607,30382.54979939125,30876.881755630115,226080
2024-01-29,30268.47265625,30838.85842511833,30154.39550247633,30572.67721134276,241080
2024-01-30,30952.935546875,30990.95888815285,30496.62693225233,30496.62693225233,258720
2024-01-31,32169.755859375,32473.96040023804,31028.984375,31295.165576324463,747240
2024-02-01,31979.630859375,32321.86233029015,31941.60395208071,32245.80851570157,736680
2024-02-02,31979.630859375,32321.86233029015,31903.57704478642,32017.65420175813,583560
2024-02-05,31941.60546875,32283.83695591518,31865.55521546151,31979.632377849903,474120
2024-02-06,31941.60546875,32207.78670262669,31561.34707248492,32207.78670262669,222000
2024-02-07,32017.654296875,32321.862426310745,31903.577139564382,32321.862426310745,319680
2024-02-15,31941.60546875,32321.86386501508,31409.246565907943,32321.86386501508,269640
2024-02-16,31637.3984375,31865.55274458555,31599.371531348726,31827.52583843428,463680
2024-02-19,31789.498046875,32169.75640306356,31675.420896509528,31713.44780160167,228240
2024-02-20,31637.3984375,31827.52583843428,31599.371531348726,31827.52583843428,121920
2024-02-21,31561.345703125,31789.5000180028,31371.218295697225,31789.5000180028,362760
2024-02-22,32473.9609375,32930.26953879935,31333.189434251628,31485.29348965506,915120
2024-02-23,31637.3984375,32550.0156658422,31637.3984375,32473.96185353965,488880
2024-02-26,32245.810546875,32397.914620722087,31675.42472608764,31751.47854546687,502680
2024-02-27,32169.755859375,32397.91015625,31789.49750961304,32245.80610336304,712200
2024-02-28,32093.708984375,32283.83639675887,31713.45059469599,32169.759236346294,299040
2024-02-29,31789.498046875,32093.70615779023,31409.243255597383,32093.70615779023,299640
2024-03-01,32017.654296875,32017.654296875,31713.44973235042,31789.49998225377,434400
2024-03-04,32626.064453125,33234.47709976196,32321.859912261963,32321.859912261963,1137000
2024-03-05,32550.017578125,32702.11808184376,32321.8632576356,32626.067829984386,375240
2024-03-06,32017.654296875,32626.066990835323,32017.654296875,32626.066990835323,498000
2024-03-07,32702.119140625,32702.119140625,31561.347501243763,32169.76023055088,737766
2024-03-08,32093.708984375,33006.326267675606,32093.708984375,32930.27245079305,320280
2024-03-11,32473.9609375,33082.37359420278,31941.60209095441,32093.70614635784,837600
2024-03-12,32550.017578125,32816.19524208846,32207.786097390897,32473.96376135436,298320
2024-03-13,33538.68359375,33842.888152328385,32778.170414848486,33006.32472501005,742200
2024-03-14,34983.66015625,35858.25406647127,33310.52971503158,33310.52971503158,1394160
2024-03-15,34907.609375,35059.71343639738,34565.37791053922,35021.68652982026,756120
2024-03-18,33234.4765625,35097.73424691752,32778.1679761266,34907.606857565544,775920
2024-03-19,33462.63671875,33994.995641157824,33272.505731173915,33272.505731173915,368160
2024-03-20,33196.453125,33728.81200972032,32930.271900184234,33462.63434981576,465120
2024-03-21,33690.7890625,34299.198205065346,33234.48042312037,33234.48042312037,1110000
2024-03-22,33462.63671875,33918.945385074265,33158.428564592854,33462.63671875,665520
2024-03-25,33158.4296875,33614.73836927712,32702.12100572288,33462.63785195913,575040
2024-03-26,33234.4765625,33234.4765625,32740.141072291863,33044.34560823719,252960
2024-03-27,33310.53125,33462.635320723864,33158.42717927614,33462.635320723864,444240
2024-03-28,33424.609375,33842.89112540496,33234.48195479982,33310.53220989761,755520
2024-03-29,33196.453125,33500.65769271001,33196.453125,33386.580534204855,328560
2024-04-01,32702.119140625,33234.48161561049,32702.119140625,33234.48161561049,559320
2024-04-02,33272.50390625,33348.55772307363,32359.886623656526,32702.11810462908,279240
2024-04-03,33538.68359375,34071.04246248995,33158.425221843696,33386.57953200526,2060400
2024-04-04,32854.22265625,33538.68562825521,32778.172403219854,33310.53130425347,419520
2024-04-05,32473.9609375,32854.219293553106,32397.91069225376,32702.115238149672,399480
2024-04-08,32055.6796875,32397.911143238434,31941.602535587183,32397.911143238434,323760
2024-04-09,32093.708984375,32207.786144787573,31979.631823962423,31979.631823962423,195360
2024-04-10,31637.3984375,32435.938512299428,31637.3984375,32321.86135875665,248040
2024-04-11,31637.3984375,31751.475591042778,31409.24413041445,31561.344625197453,160800
2024-04-12,32017.654296875,32017.654296875,31599.372575039808,31713.44973235042,201720
2024-04-15,29888.212890625,31941.6015625,29850.18776863098,31941.6015625,466560
2024-04-16,29888.212890625,30040.316943511963,29317.8271484375,29926.239795074463,464880
2024-04-17,29355.853515625,30230.44561822874,29051.648961858453,30040.318217738528,281520
2024-04-19,28899.544921875,29127.69922858048,28139.031754493764,29127.69922858048,509760
2024-04-22,29127.69921875,30040.318227719417,28899.544912121524,29812.16213863542,186240
2024-04-23,29279.8046875,29431.906971755136,28937.573211084244,29431.906971755136,216480
2024-04-24,29736.111328125,29888.21360217764,29431.90499756424,29507.9570258183,53520
2024-04-25,29165.7265625,29736.112337630668,29165.7265625,29736.112337630668,285120
2024-04-26,28899.544921875,29165.726134668403,28595.340367904715,29165.726134668403,604080
2024-05-02,28899.544921875,29203.75125830081,28823.494674610192,28899.544921875,147120
2024-05-03,28937.572265625,29203.751699988672,28899.54535896194,29203.751699988672,213240
2024-05-06,29660.05859375,29888.212890625,28975.595703125,28975.595703125,587880
2024-05-07,29622.03515625,29964.26483856837,29507.95800132536,29736.11231117464,467400
2024-05-08,29660.05859375,29812.16086418152,29431.904296875,29660.05859375,444720
2024-05-09,29964.263671875,30876.88087573831,29850.18830384756,29964.263671875,751440
2024-05-10,29660.05859375,30192.41743148804,29660.05859375,30040.316943511963,465960
2024-05-13,29051.650390625,29850.19050283172,28975.598357215345,29850.19050283172,931320
2024-05-14,29507.958984375,29507.958984375,29051.650349474643,29051.650349474643,175320
2024-05-15,29660.05859375,30002.2900390625,29469.92941886902,29545.9814453125,539400
2024-05-16,29774.138671875,30116.37015086207,29698.08663794822,30116.37015086207,387480
2024-05-17,31105.037109375,31105.037109375,29774.138126017657,29774.138126017657,2244480
2024-05-20,30952.935546875,31599.371562620105,30914.90864068609,31219.1131954642,715800
2024-05-21,30762.8046875,31028.985901923126,30420.57322534644,31028.985901923126,728640
2024-05-22,31105.037109375,31789.500054800694,30762.80563666216,30800.8325441562,1043160
2024-05-23,31941.60546875,32359.887209203665,30952.93791635437,31105.038422931342,1113960
2024-05-24,31105.037109375,31941.60411986568,30724.782294079287,31827.52696229473,1141440
2024-05-27,30876.880859375,31409.243271287105,30610.70321832989,31181.08897044219,411120
2024-05-28,31295.16796875,31295.16796875,30572.678118443266,31105.036996878607,757200
2024-05-29,31637.3984375,32093.707051671103,31181.0898233289,31333.1903181119,1050240
2024-05-30,32245.810546875,32664.09585872665,31409.24705299445,31599.374471619783,1042920
2024-05-31,32473.9609375,32854.219293553106,32093.70614635784,32321.860447007515,1434240
2024-06-03,32359.884765625,33082.374594498186,32321.86142430766,33082.374594498186,783360
2024-06-04,32397.9140625,32550.01813372631,32093.7094849587,32511.9912246919,685680
2024-06-05,33538.68359375,33614.733842166825,32283.834887861394,32588.039446439783,1434960
2024-06-06,33462.63671875,33614.73723091712,33082.378308509295,33462.63671875,601440
2024-06-07,33386.578125,33538.68218033465,32892.246183756564,33310.527879788155,453960
2024-06-10,33073.82421875,33621.143965210395,32839.258089539006,33542.95647717198,465840
2024-06-11,32448.31640625,33230.20602140521,32331.033330486327,33073.82736535495,625800
2024-06-12,32761.07421875,32800.166134537576,31588.24344319924,32448.31690187235,750480
2024-06-13,32800.1640625,32839.259640914024,32057.373728305192,32761.07214918192,488640
2024-06-14,32370.126953125,32839.259227807976,32213.748306532045,32487.410021795746,377520
2024-06-17,31979.18359375,32643.790122554008,31822.808605286988,32643.790122554008,818040
2024-06-18,32291.94140625,32604.695053166804,32057.375254788367,32057.375254788367,1088280
2024-06-19,33230.203125,33386.57810232422,32252.84302379253,32291.93860067149,883920
2024-06-20,33034.73046875,33386.57968202105,32800.1643265693,33386.57968202105,735480
2024-06-21,33152.015625,33425.677363121955,33034.732546532905,33425.677363121955,569040
2024-06-24,31549.146484375,33152.01391925548,31549.146484375,33152.01391925548,587520
2024-06-25,31705.525390625,31705.525390625,31275.485011520872,31510.051158270016,220560
2024-06-26,31314.580078125,31940.09101424314,31158.20142782147,31940.09101424314,210720
2024-06-27,30649.974609375,31666.42848007869,30493.597795631336,31353.67485259136,545640
2024-06-28,30571.787109375,30884.542569314093,30493.59778625324,30571.787109375,317760
2024-07-01,31431.86328125,31431.86328125,30571.788031169606,30571.788031169606,165720
2024-07-02,31431.86328125,31588.241932208613,31197.29713736008,31549.14635319496,293160
2024-07-03,31431.86328125,31666.42942513992,31236.392716373728,31627.33384612627,67560
2024-07-04,31627.333984375,31861.90012929025,31275.484767002115,31314.580346186664,154680
2024-07-05,31705.525390625,31861.900378393737,31510.051158270016,31588.242317250428,114000
2024-07-08,31588.2421875,31666.42968106321,31197.2973894919,31666.42968106321,322200
2024-07-09,31588.2421875,31666.42968106321,31236.39296882152,31588.2421875,346200
2024-07-10,31822.80859375,32448.315877567395,31431.863792542084,31783.71301410039,421560
2024-07-11,32057.373046875,32409.222249834253,31861.898824055952,31861.898824055952,353400
2024-07-12,31588.2421875,32135.56197263452,30806.352591483806,32135.56197263452,151560
2024-07-15,31666.4296875,31940.091412670896,31431.863541666666,31588.24219392089,129360
2024-07-16,31314.580078125,31940.09101424314,31314.580078125,31588.241799882184,343200
2024-07-17,31040.91796875,31431.862757078983,30102.655241385164,31431.862757078983,598680
2024-07-18,31040.91796875,31040.91796875,30532.691942979887,30962.73047712258,227400
2024-07-19,30845.44921875,31040.919791846907,30571.78931688548,31040.919791846907,99960
2024-07-22,30102.65625,30884.544020307803,29985.37317608124,30571.78854567508,276840
2024-07-23,30102.65625,30493.59921887989,30102.65625,30102.65625,173280
2024-07-24,30180.84375,30337.222403620184,29750.807033914563,30024.466928927843,156240
2024-07-25,30141.75,30415.409894987235,29868.09010501277,30415.409894987235,27720
2024-07-26,30259.033203125,30337.222530261493,30102.65638140006,30141.75012869429,49920
2024-07-29,30298.126953125,30532.693102007383,30298.126953125,30493.599354709662,35520
2024-07-30,30571.787109375,30689.070177783666,30337.22097255767,30689.070177783666,63360
2024-07-31,30571.787109375,30571.787109375,30063.559257905483,30102.654835740334,194880
2024-08-01,30180.84375,30493.59922469234,29868.09010785569,30493.59922469234,184080
2024-08-02,29868.08984375,30102.65598955812,29711.71119151257,29828.99426441664,134880
2024-08-05,29125.296875,29828.99533774536,28538.88148937888,29828.99533774536,452040
2024-08-06,28617.0703125,29320.768762807376,28147.93801229508,28968.919537653688,767520
2024-08-07,28773.447265625,28929.82592143498,28617.07044236308,28617.07044236308,53280
2024-08-08,28851.634765625,29242.57771528551,28460.69181596449,29086.200901930897,296520
2024-08-09,29242.578125,29398.95677309356,28890.72891561144,28890.72891561144,100320
2024-08-12,29672.6171875,29672.6171875,29164.39115350414,29633.52344105355,186240
2024-08-13,29711.7109375,29789.900262950254,29477.144793697244,29711.7109375,82560
2024-08-14,29711.7109375,30102.655732203264,29633.523444597748,29633.523444597748,97800
2024-08-15,29711.7109375,29985.372660301884,29320.767975344737,29711.7109375,117840
2024-08-16,30063.560546875,30102.656126386068,29633.52383263744,29633.52383263744,195480
2024-08-19,30102.65625,30337.22239783754,30024.46692320481,30337.22239783754,52440
2024-08-20,30063.560546875,30102.656126386068,29868.089979511755,29868.089979511755,104640
2024-08-21,30102.65625,30259.03307104235,29985.37317608124,30063.560670328392,165120
2024-08-22,30063.560546875,30180.84362031216,29711.71132656353,30102.656126386068,130920
2024-08-23,30024.466796875,30063.56054383409,29711.71132355821,30063.56054383409,74400
2024-08-26,29946.27734375,30180.84348960848,29868.08985016252,30024.4666698855,73560
2024-08-27,29828.994140625,29946.27721304233,29711.71106820767,29907.18346641922,92880
2024-08-28,29789.900390625,29868.08971641036,29594.427992435605,29828.99413724368,138240
2024-08-29,29789.900390625,29789.900390625,29359.861847627533,29711.71106483964,243360
2024-08-30,29750.806640625,29750.806640625,29477.144916681347,29672.617314848525,117600
2024-09-04,29320.767578125,29750.80611345349,29320.767578125,29750.80611345349,116160
2024-09-05,28968.919921875,29516.241556889338,28968.919921875,29320.769151695345,604320
2024-09-06,28929.82421875,29086.20103280825,28812.541150069323,28968.917964127577,220920
2024-09-09,29242.578125,29320.76744904678,28890.72891561144,28890.72891561144,78360
2024-09-10,28851.634765625,29477.143851591405,28812.54102042333,29477.143851591405,151680
2024-09-11,29086.201171875,29242.57798668092,28773.4457097152,28851.635033392136,141360
2024-09-12,29008.01171875,29203.48411079608,28929.82422796993,29164.39036540604,71520
2024-09-13,29008.01171875,29086.20104207802,28890.728650031942,29008.01171875,80640
2024-09-16,28890.73046875,29047.10912525033,28812.5429730479,29047.10912525033,148560
2024-09-17,28929.82421875,29008.01170950516,28890.72864082448,28929.82421875,75720
2024-09-18,29047.109375,29164.392452109627,28929.826297890377,29164.392452109627,105840
2024-09-19,29398.95703125,29555.33384816876,29047.1078187718,29047.1078187718,99240
2024-09-20,29398.95703125,29477.14452343539,29320.767706516628,29359.86145260932,92760
2024-09-23,29320.767578125,29750.80611345349,29242.57825373401,29750.80611345349,51720
2024-09-24,29281.67578125,29320.769529773665,29164.392703130903,29320.769529773665,42600
2024-09-25,29164.390625,29477.144256000025,28929.824485476,29438.05051026201,432840
2024-09-26,29125.296875,29242.579952124222,29086.20312680795,29164.39245574013,249960
2024-09-27,29125.296875,29164.39245574013,29008.01379787577,29125.296875,94920
2024-09-30,29047.109375,29320.769277406434,28929.826297890377,28929.826297890377,92400
2024-10-01,29398.95703125,29594.42759426145,29047.1078187718,29047.1078187718,246840
2024-10-02,29164.390625,29398.956764524,29164.390625,29320.76744050001,67920
2024-10-03,29320.767578125,29711.71053498401,28851.635296875,29164.39076189099,245280
2024-10-04,29164.390625,29398.956764524,29164.390625,29320.76744050001,66720
2024-10-07,29125.296875,29359.86302924845,29047.109378615904,29047.109378615904,83280
2024-10-08,29086.201171875,29164.39049555194,29047.107426310507,29125.29491743949,142440
2024-10-09,29125.296875,29242.579952124222,29086.20312680795,29086.20312680795,76680
2024-10-10,29086.201171875,29281.67356479337,29047.107426310507,29281.67356479337,105480
2024-10-11,28968.919921875,29125.29674650135,28929.82617385543,29125.29674650135,218880
2024-10-14,28968.919921875,29125.29674650135,28890.73059328779,29125.29674650135,96960
2024-10-15,28812.54296875,29008.01354052416,28773.44738835672,28968.91979267894,114120
2024-10-16,28734.353515625,28851.63659119897,28617.07044005102,28656.16418772633,65880
2024-10-17,28617.0703125,28851.63646260246,28617.0703125,28695.259640050168,59280
2024-10-18,28421.59765625,28812.54245796381,28421.59765625,28812.54245796381,456840
2024-10-21,28617.0703125,28734.35338755123,28460.69348994771,28460.69348994771,750009
2024-10-22,28421.59765625,28773.44687826361,28147.93776108876,28577.97630995473,221640
2024-10-23,28265.220703125,28460.693103069258,28265.220703125,28421.59752355159,93720
2024-10-24,26662.3515625,28382.503926468657,26662.3515625,28304.314599568435,344040
2024-10-25,26936.013671875,27248.7673188094,26584.16444466276,26975.107419604785,416160
2024-10-28,26936.013671875,27014.20116733457,26779.635015859745,27014.20116733457,129240
2024-10-29,27131.484375,27287.86303177565,26857.82447446471,26936.013802852536,165720
2024-10-30,27600.615234375,27600.615234375,27209.67227801152,27287.8616023034,195360
2024-10-31,27835.181640625,27913.370965663864,27600.615498056395,27678.80482309526,178920
2024-11-01,27444.23828125,27835.18123566065,27405.144535573323,27835.18123566065,58440
2024-11-04,27326.95703125,27522.42943774493,27287.863282970247,27444.24010863734,117240
2024-11-05,27366.048828125,27405.14440616503,27287.861337140854,27326.955082632925,47520
2024-11-06,27756.994140625,27756.994140625,27366.04934808443,27366.04934808443,73800
2024-11-07,27952.466796875,28147.939207778392,27405.146978422505,28147.939207778392,54720
2024-11-08,27874.279296875,27952.46679519315,27561.52380595801,27756.99621684965,110280
2024-11-11,27678.8046875,28147.936970338986,27600.61536284417,27913.37082891949,109800
2024-11-12,27522.427734375,27991.560014889645,27483.3321559668,27678.804550363893,80880
2024-11-13,27209.671875,27522.42733498725,26349.596650720003,27366.04868871965,204720
2024-11-14,27053.296875,27444.23985178288,26818.73072242066,27444.23985178288,65040
2024-11-15,26975.107421875,27287.86290138377,26740.54127038044,27053.29674988921,70440
2024-11-18,26975.107421875,27248.76732110264,26857.82434612772,27248.76732110264,63000
2024-11-19,26936.013671875,27092.390495342195,26936.013671875,27092.390495342195,107040
2024-11-20,26936.013671875,26975.107419604785,26740.54126812996,26857.82434386737,356160
2024-11-21,26936.013671875,27053.29674761241,26896.91809159716,26975.107419604785,213960
2024-11-22,27014.201171875,27366.05039914637,26936.01367640229,27014.201171875,75840
2024-11-25,27014.201171875,27248.76732338925,26975.107424138645,27014.201171875,162600
2024-11-26,26975.107421875,27209.673573369564,26975.107421875,27053.29674988921,100800
2024-11-27,26975.107421875,27131.48424535536,26896.9180938608,27014.20116960808,58080
2024-11-28,26896.91796875,27209.673446804,26896.91796875,26975.10729640051,108120
2024-11-29,26975.107421875,27014.20116960808,26779.63501811351,26779.63501811351,94080
2024-12-02,27913.37109375,27952.464840174827,27053.29584456782,27053.29584456782,661800
2024-12-03,28147.9375,28304.314319706216,27913.371354166666,28069.74817387288,373800
2024-12-04,27991.560546875,28226.1266915903,27913.371221120567,28147.937365835867,205800
2024-12-05,28304.314453125,28656.16367353352,27913.37148574265,27991.56081223833,1481760
2024-12-06,28108.84375,28499.7867154949,28030.654423881817,28304.314316473443,758760
2024-12-09,28147.9375,28187.03124678955,27913.371354166666,28147.9375,425160
2024-12-10,28382.50390625,28460.69323309452,28069.74843141994,28147.937758264463,472560
2024-12-11,28265.220703125,28499.786850038898,28147.93762966805,28499.786850038898,747000
2024-12-12,27796.08984375,28304.31591077509,27678.806764240504,28226.12841280085,393000
2024-12-13,27600.615234375,27796.087628830726,27483.33216421116,27717.89830453884,216960
2024-12-16,27444.23828125,27483.33202692668,27248.765887770693,27444.23828125,603960
2024-12-17,27209.671875,27405.14426656052,27170.57812970707,27405.14426656052,142200
2024-12-18,27561.5234375,27600.61718613645,27014.201793849214,27248.767950764108,3275160
2024-12-19,27561.5234375,27678.806515957443,27209.67420212766,27209.67420212766,316320
2024-12-20,27991.560546875,28069.74804008143,27366.049605935536,27366.049605935536,431640
2024-12-23,29868.08984375,29946.2773373207,28147.93749697445,28147.93749697445,2885880
2024-12-24,29907.18359375,30141.74973958333,29320.768229166664,30102.65599279378,914520
2024-12-25,30337.22265625,31119.110433217924,29907.18410403544,29907.18410403544,2178480
2024-12-26,30180.84375,30649.97604576449,29946.27760211775,30649.97604576449,630120
2024-12-27,29946.27734375,30259.03281574398,29633.52370430404,29789.90052402702,520560
2024-12-30,29281.67578125,29985.374249964567,29281.67578125,29946.278668892806,405120
2024-12-31,29477.14453125,29594.42760210716,29086.201572575465,29086.201572575465,384840
2025-01-02,29516.2421875,29672.619015467324,29281.676029274964,29477.14660609709,304440
2025-01-03,30141.75,30337.22240073261,29320.768482490275,29477.145303547542,1842600
2025-01-06,29711.7109375,30884.543489061787,29516.240372696368,30063.560153204136,741360
2025-01-07,28890.73046875,29946.278153660936,28695.259896946685,29516.24142965519,882000
2025-01-08,28929.82421875,28929.82421875,28069.747160059727,28851.6348954469,1355280
2025-01-09,28851.634765625,29086.200901930897,28617.068629319107,29086.200901930897,256080
2025-01-10,28265.220703125,28968.9191438667,28187.03137663769,28851.63607040975,472680
2025-01-13,28226.126953125,28265.220700090445,27522.42851245885,27756.994659347565,624960
2025-01-14,27835.181640625,28382.50325080107,27835.181640625,28382.50325080107,329520
2025-01-15,28695.259765625,28695.259765625,27835.182656453457,27835.182656453457,553560
2025-01-16,28617.0703125,28734.35338755123,28382.50416239754,28734.35338755123,258240
2025-01-17,28929.82421875,29242.577846866512,28499.785689404864,28617.06875808554,390960
2025-01-20,28577.9765625,29203.48568520251,28577.9765625,28929.82578762292,322560
2025-01-21,28304.314453125,28812.54232652488,28304.314453125,28577.976179585865,117000
2025-01-22,28304.314453125,28499.786853090187,28187.03137965549,28304.314453125,167040
2025-01-23,28460.693359375,28617.070181209863,28226.12721034869,28304.314704992103,230760
2025-01-24,28343.41015625,28538.8807245196,28187.03150257669,28460.69323023097,307320
2025-02-03,27053.296875,27913.37215694156,27053.296875,27835.18282856576,911520
2025-02-04,27014.201171875,27131.484247632125,26740.5412726244,27053.29675215941,838680
2025-02-05,27287.861328125,27287.861328125,27014.19961212704,27014.19961212704,303120
2025-02-06,27131.484375,27600.616680230825,27053.29687916024,27444.23985600324,325440
2025-02-07,27366.048828125,27678.80428970545,27170.57826811668,27209.67201360875,293520
2025-02-10,26975.107421875,27326.956649116848,26975.107421875,27326.956649116848,286080
2025-02-11,26857.82421875,27131.484116679763,26857.82421875,26975.107293941048,308520
2025-02-12,26857.82421875,26975.107293941048,26818.730471202336,26818.730471202336,121440
2025-02-13,26857.82421875,26896.917966297668,26701.44739601129,26701.44739601129,197880
2025-02-14,27287.861328125,27366.04881908332,26779.633474156188,26779.633474156188,288000
2025-02-17,27405.146484375,27756.99571812925,27326.95715491358,27405.146484375,306840
2025-02-18,27483.333984375,27522.429565384147,27326.95715798269,27366.050906443743,302520
2025-02-19,27366.048828125,27522.427475189204,27287.861337140854,27522.427475189204,240360
2025-02-20,27678.8046875,27991.56015357532,27522.427870736334,27717.898433553924,371040
2025-02-21,27444.23828125,27717.898166082658,27366.048957348685,27678.80442040598,281880
2025-02-24,27326.95703125,27483.33385691709,27209.67395386266,27444.24010863734,365160
2025-02-25,27522.427734375,27717.89829622412,27326.95533997791,27326.95533997791,167880
2025-02-26,27600.615234375,27796.087628830726,27561.521488503044,27561.521488503044,152520
2025-02-27,27561.5234375,27756.995845778445,27483.334107679,27639.712767321,206880
2025-02-28,27561.5234375,27678.806515957443,27405.146610406104,27600.61718613645,362640
2025-03-03,27913.37109375,28108.84349097013,27639.711203680214,27678.80495010504,376440
2025-03-04,27796.08984375,27991.56225378186,27678.806764240504,27991.56225378186,298440
2025-03-05,27483.333984375,27874.27879917792,27444.240235913945,27874.27879917792,377640
2025-03-06,27483.333984375,27600.617062306257,27366.050906443743,27522.429565384147,502920
2025-03-07,27604.76171875,27726.19029214233,27523.81060136942,27645.23917476175,583320
2025-03-10,27442.857421875,27807.143139864493,27442.857421875,27645.239008754088,297720
2025-03-11,27200.0,27361.904129464285,27159.524441964284,27361.904129464285,283560
2025-03-12,27078.572265625,27361.904975276244,26957.143690442823,27119.047824911893,393960
2025-03-13,26754.76171875,27200.0004538578,26754.76171875,27200.0004538578,258120
2025-03-14,26552.380859375,26795.237995596963,26349.999280082902,26714.284984415848,439320
2025-03-17,26633.33203125,26673.809485589416,26511.90346287451,26592.856474231965,88200
2025-03-18,26592.857421875,26876.190125740643,26471.42884917237,26714.285994577625,258360
2025-03-19,26390.4765625,26754.76229065102,26390.4765625,26592.8581550244,135840
2025-03-20,26066.66796875,26269.04766144905,25904.76193780498,26228.57210237354,423000
2025-03-21,26188.095703125,26228.57126090197,25985.71411959732,26066.66713247268,122640
2025-03-24,26147.619140625,26309.52517190268,25985.715006668805,25985.715006668805,96240
2025-03-25,26511.904296875,26592.85731077904,26188.096035901726,26188.096035901726,145680
2025-03-26,26147.619140625,26552.38232149772,26066.668022307644,26511.90486501756,206160
2025-03-27,26147.619140625,26309.52517190268,25945.239447510125,26147.619140625,193920
2025-03-28,26107.142578125,26309.52416078349,26066.667020521865,26107.142578125,85200
2025-03-31,26066.66796875,26147.61908690103,25661.90478870893,26147.61908690103,216000
2025-04-01,25661.904296875,26147.61858575794,25621.428738575232,26066.66746915841,224400
2025-04-02,25216.66796875,25864.286401126446,24933.333363011607,25823.81084201588,536520
2025-04-03,23476.189453125,24690.47514720597,23476.189453125,24083.332300165486,861960
2025-04-04,22221.427734375,22464.28486808401,21857.14203381148,21938.095044154936,1144320
2025-04-08,20683.33203125,22180.952295263098,20683.33203125,22180.952295263098,607560
2025-04-09,20157.142578125,20683.33241459141,19307.142589890813,19347.61814736626,1051230
2025-04-10,21533.33203125,21533.33203125,21533.33203125,21533.33203125,56160
2025-04-11,22019.046875,22990.47544150473,21411.904020934548,22990.47544150473,760560
2025-04-14,22180.953125,22585.71439935805,22019.04709739963,22545.23884111868,290880
2025-04-15,22180.953125,22261.904241478747,22019.04709739963,22261.904241478747,914760
2025-04-16,22180.953125,22383.332813518307,22100.000111199814,22100.000111199814,157800
2025-04-17,22100.0,22180.953013392857,21897.61841517857,22180.953013392857,175560
2025-04-18,22302.380859375,22504.76054029204,22099.99928113659,22099.99928113659,125520
2025-04-21,22180.953125,22626.189957597428,22100.000111199814,22302.38169703956,102600
2025-04-22,22019.046875,22059.524330151977,21452.38147608652,21897.618304186908,522000
2025-04-23,22504.76171875,22504.76171875,22019.047423400563,22342.85758607401,188760
2025-04-24,23314.28515625,23314.28515625,22504.76073366197,22504.76073366197,169320
2025-04-25,23476.189453125,23799.999603987057,23273.80976899244,23395.238338400533,246000
2025-04-28,23111.904296875,23395.23889714161,23111.904296875,23395.23889714161,538920
2025-04-29,23071.427734375,23395.23787887686,23071.427734375,23395.23787887686,93000
2025-05-05,23638.095703125,23840.4753891917,23152.38142085066,23840.4753891917,156499
2025-05-06,23638.095703125,23719.046818623112,23354.76110691736,23638.095703125,184130
2025-05-07,23597.619140625,23719.04771578657,23435.7150061834,23557.14358134497,105945
2025-05-08,23800.0,23800.0,23516.667299107143,23719.046986607143,132264
2025-05-09,24042.857421875,24366.667581882823,23961.90440754268,24083.33298038044,148322
2025-05-12,24569.046875,24569.046875,24042.857033640263,24366.667188419327,269106
2025-05-13,24933.33203125,25095.23805368735,24690.474894915355,24771.427906134028,578744
2025-05-14,24933.33203125,25257.14217880332,24811.903463082675,25095.23805368735,353013
2025-05-15,24528.572265625,24933.33355175917,24528.572265625,24933.33355175917,658315
2025-05-16,24722.857421875,25160.000283951373,24722.857421875,24868.57170923379,209669
2025-05-19,24722.857421875,25062.85742571218,24382.85741803782,24577.14313451621,144205
2025-05-20,24868.572265625,25062.857986450195,24480.00082397461,24480.00082397461,139449
2025-05-21,25208.572265625,25305.71512599349,24868.57225433526,24917.14368451951,149145
2025-05-22,25208.572265625,25305.71512599349,24868.57225433526,25305.71512599349,146867
2025-05-23,24965.71484375,25160.000562378405,24917.143414092898,25160.000562378405,42269
2025-05-26,25257.142578125,25257.142578125,24674.28544170673,25062.856865985577,200047
2025-05-27,25694.28515625,25742.85658376654,25305.71373611768,25305.71373611768,172494
2025-05-28,25451.427734375,25839.999150166987,25305.71345345301,25839.999150166987,831817
2025-05-29,25208.572265625,25548.57227691474,25014.286544888004,25451.42941654624,180968
2025-05-30,24868.572265625,25208.57227706909,24820.0008354187,25208.57227706909,825783
2025-06-02,24917.142578125,24917.142578125,24528.57115390473,24868.571150097465,91747
2025-06-03,24965.71484375,25257.143421692606,24868.5719844358,25257.143421692606,45623
2025-06-04,24965.71484375,25014.286273407102,24868.5719844358,24868.5719844358,429740
2025-06-05,25257.142578125,25305.71400615985,24965.714009915864,25014.28543795072,403280
2025-06-06,24722.857421875,25160.000283951373,24722.857421875,25160.000283951373,92616
2025-06-09,24285.71484375,24722.8577109375,24285.71484375,24722.8577109375,134049
2025-06-10,24382.857421875,24528.57170925672,24285.71456362052,24285.71456362052,84785
2025-06-11,24140.0,24480.0,24091.42857142857,24382.85714285714,116712
2025-06-12,24528.572265625,24674.28655631188,24237.14368425124,24237.14368425124,63505
2025-06-13,24188.572265625,24577.14370764307,24091.42940512048,24528.572277390813,110042
2025-06-16,24285.71484375,24431.4291328125,24091.429125,24091.429125,48275
2025-06-17,24528.572265625,24528.572265625,24237.14368425124,24480.00083539604,129813
2025-06-18,24625.71484375,24868.571992110454,24285.714836045365,24528.57198440582,210857
2025-06-19,24625.71484375,24771.429132766272,24431.42912506164,24625.71484375,45935
2025-06-20,25111.427734375,25208.570588279737,24237.14204923235,24237.14204923235,270980
2025-06-23,25062.857421875,25062.857421875,24771.428847202034,24965.71456365068,87223
2025-06-24,24965.71484375,25257.143421692606,24965.71484375,25062.8577030642,181003
2025-06-25,25062.857421875,25257.14313832364,24965.71456365068,25160.00028009932,83579
2025-06-26,25354.28515625,25451.42801125479,25062.85659123563,25111.42801873803,425310
2025-06-27,25500.0,25597.14285714286,25354.28571428572,25548.571428571428,98509
2025-06-30,26568.572265625,26714.28655593008,25500.0008033878,25548.57223348949,469237
2025-07-01,26957.142578125,27102.85686233108,26422.85686936937,26617.142581644144,411604
2025-07-02,28560.0,28802.85714285714,27102.85714285714,27102.85714285714,1723623
2025-07-03,27782.857421875,28705.714574000216,27685.714563756555,28705.714574000216,1731613
2025-07-04,27880.0,28268.571428571428,27297.14285714285,27782.85714285714,819657
2025-07-07,27637.142578125,28219.99971509776,27539.99972196287,28219.99971509776,279995
2025-07-08,28025.71484375,28122.85770282712,27734.28626651863,28122.85770282712,367127
2025-07-09,28074.28515625,28268.57086667388,27637.14230779628,28025.71372864403,293000
2025-07-10,28268.572265625,28268.572265625,27685.71510550902,27831.429395538016,504690
2025-07-11,28268.572265625,28560.000845683,27734.286535518688,28365.71512564433,719636
2025-07-14,28122.857421875,28268.57170903497,27685.71456039508,28268.57170903497,329581
2025-07-15,27880.0,28462.85714285714,27831.42857142857,27977.14285714285,887224
2025-07-16,27977.142578125,28074.285434299043,27782.856865776903,27928.571150037977,177163
2025-07-17,28268.572265625,28414.286555653995,27831.429395538016,27977.14368556701,305828
2025-07-18,28220.0,28560.0,28122.85714285714,28414.28571428572,412221
2025-07-21,28074.28515625,28268.57086667388,27879.999445826124,28219.999439067906,185890
2025-07-22,29337.142578125,29434.28543434396,28268.57115971648,28317.14258782595,1177460
2025-07-23,29337.142578125,29871.42828732926,29142.856865687085,29871.42828732926,309076
2025-07-24,28900.0,29580.0,28900.0,29337.14285714285,794931
2025-07-25,29337.142578125,29385.71400623448,28851.428297030216,29239.99972190604,805872
2025-07-28,29434.28515625,29677.14229450289,29191.42801799712,29434.28515625,517645
2025-07-29,28802.857421875,29434.28599942032,28462.857418581367,29434.28599942032,860364
2025-07-30,30114.28515625,30114.28515625,28608.5708984375,28705.713753780245,727843
2025-07-31,29871.427734375,30551.42771532012,29288.57060785061,30162.8562976372,493847
2025-08-01,30017.142578125,30891.428284283986,29482.856868805626,29871.42829376517,567972
2025-08-04,30114.28515625,30551.42800529234,30017.14230090726,30065.71372857863,320979
2025-08-05,30114.28515625,30891.427998991938,29822.85659022177,30211.428011592743,740733
2025-08-06,30551.427734375,30551.427734375,30114.284889209062,30454.28487989368,421490
2025-08-07,30794.28515625,31037.14229470623,30599.999445485013,30599.999445485013,379000
2025-08-08,30648.572265625,31037.14370480884,30065.71510684925,31037.14370480884,693646
2025-08-11,30794.28515625,30891.42801163249,30308.57087933753,30648.57087317626,467341
2025-08-12,31328.572265625,31814.28656431686,30600.00081758721,30600.00081758721,961190
2025-08-13,31231.427734375,31911.427716149883,31231.427734375,31377.142016183905,607240
2025-08-14,31231.427734375,31328.57058891427,30697.142034409026,31231.427734375,566029
2025-08-15,30308.572265625,31231.42943396935,30211.42940579928,31085.71514423077,565122
2025-08-18,31085.71484375,31522.85770874024,30308.57197265625,30308.57197265625,368926
2025-08-19,31571.427734375,31814.284870793268,30842.856325120192,31085.71346153846,566195
2025-08-20,31134.28515625,31571.42800555772,30308.57088533541,31571.42800555772,442340
2025-08-21,30745.71484375,31522.857714998023,30745.71484375,31085.714849921013,647809
2025-08-22,29920.0,31037.14285714285,29385.714285714286,30697.14285714285,570655
2025-08-25,29725.71484375,30357.14342703227,29725.71484375,29920.00056168301,186973
2025-08-26,30308.572265625,30357.14369553786,29677.14367675781,29677.14367675781,428093
2025-08-27,30017.142578125,30745.71399992415,30017.142578125,30551.42828744437,205179
2025-08-28,30065.71484375,30211.42913216882,29920.00055533118,30114.28627322294,164024
2025-08-29,30211.427734375,30599.999152180462,29968.570598246584,30599.999152180462,1347167
2025-09-03,31085.71484375,31085.71484375,30017.143395996096,30405.71483154297,311627
2025-09-04,31037.142578125,31425.714003203248,30842.85686558588,31085.714006259783,173941
2025-09-05,32882.85546875,33174.28402534158,31279.998407496307,31279.998407496307,1687616
2025-09-08,33028.5703125,33999.998851102944,32251.427481617648,33028.5703125,773127
2025-09-09,32980.0,33514.28571428572,32154.28571428572,33514.28571428572,519017
2025-09-10,32348.572265625,32980.000853392456,32105.715116483672,32980.000853392456,272775
2025-09-11,34097.14453125,34485.71597889957,32154.287293002137,32397.14444778312,692121
2025-09-12,34000.0,34485.71428571428,33611.42857142857,34485.71428571428,282313
2025-09-15,34000.0,34388.57142857143,33368.57142857143,34000.0,558891
2025-09-16,33708.5703125,33999.99887427954,33417.14175072046,33417.14175072046,240379
2025-09-17,33708.5703125,34194.28458213257,33417.14175072046,33708.5703125,507167
2025-09-18,35165.71484375,35408.57199046098,33708.571963484115,33805.714822168506,874831
2025-09-19,36768.5703125,36865.713166694186,35214.284645393,35602.85606216975,893064
2025-09-22,35505.71484375,36768.57200645519,34388.57196904925,36768.57200645519,591727
2025-09-23,34777.14453125,35505.71599489351,34728.57310034043,35068.5731167074,374258
2025-09-24,34874.28515625,34922.856584044224,33319.99946683496,34339.999450513584,643874
2025-09-25,34825.71484375,35457.14342529637,33417.14339260809,35457.14342529637,723704
2025-09-26,33708.5703125,34388.57028998559,33708.5703125,34048.5703012428,150318
2025-09-29,33222.85546875,33999.99828673246,33222.85546875,33854.284008360744,251472
2025-09-30,33902.85546875,34145.71259961497,32542.85553590616,33077.1412238091,422057
2025-10-01,34000.0,34485.71428571428,33562.857142857145,33902.857142857145,60164
2025-10-02,33611.4296875,34291.42971007948,33562.85825731575,34145.715419526736,190985
2025-10-03,33708.5703125,34242.85600909582,33514.28460464698,33514.28460464698,152376
2025-10-06,34291.4296875,34582.8582684136,33951.429676434134,34000.0011065864,168598
2025-10-07,33708.5703125,34339.99886302234,33708.5703125,34339.99886302234,172885
2025-10-08,33562.85546875,33951.42687793958,33028.569781114325,33757.14117334479,245460
2025-10-09,33271.4296875,33805.71541970803,33222.85825729927,33562.85826870438,170194
2025-10-10,33368.5703125,33902.85600891557,33319.99888555313,33319.99888555313,153077
2025-10-13,33514.28515625,33757.14229506341,32931.428023097826,33028.570878623184,190731
2025-10-14,32640.0,33708.57142857143,32640.0,33708.57142857143,424909
2025-10-15,32008.572265625,33174.286581823784,32008.572265625,32834.28657293248,264657
2025-10-16,32251.427734375,32445.71344361822,32008.57059782097,32154.284879753388,302623
2025-10-17,32640.0,33174.28571428572,30600.0,32348.571428571428,280747
2025-10-20,31085.71484375,33368.57202758789,30405.71483154297,32688.57201538086,398674
2025-10-21,32445.71484375,32494.286273156813,31085.71482035928,31085.71482035928,425415
2025-10-22,33174.28515625,33271.428011758784,31717.14232361823,31717.14232361823,203483
2025-10-23,33368.5703125,33659.99887418122,33077.14175081877,33174.28460471252,177094
2025-10-24,34145.71484375,34340.00056121088,33125.71482708037,33368.57197390647,265145
2025-10-27,34340.0,35360.0,34194.28571428572,34582.857142857145,526826
2025-10-28,34000.0,34825.71428571428,33611.42857142857,34340.0,369333
2025-10-29,35200.0,35750.0,34000.0,34500.0,582193
2025-10-30,35250.0,36400.0,35250.0,35500.0,504357
2025-10-31,34550.0,35550.0,34550.0,34800.0,280020
2025-11-03,35000.0,35800.0,34200.0,34200.0,274041
2025-11-04,35100.0,35450.0,33750.0,34800.0,223642
2025-11-05,34050.0,35000.0,34000.0,35000.0,152519
2025-11-06,33650.0,34300.0,33250.0,34000.0,262667
2025-11-07,32850.0,34000.0,32600.0,34000.0,314450
2025-11-10,32850.0,33100.0,32700.0,32800.0,118702
2025-11-11,33250.0,33400.0,32700.0,32700.0,145468
2025-11-12,33250.0,33600.0,33000.0,33350.0,168549
2025-11-13,34000.0,34150.0,33350.0,33400.0,323393
2025-11-14,33800.0,34450.0,33700.0,34000.0,218141
2025-11-17,33500.0,34200.0,33500.0,34000.0,248557
2025-11-18,33650.0,34000.0,33250.0,33500.0,214599
2025-11-19,33900.0,34150.0,33500.0,34000.0,446450
2025-11-20,34050.0,34700.0,33900.0,34000.0,579426
2025-11-21,33550.0,33900.0,33200.0,33900.0,600415
2025-11-24,32800.0,33550.0,32800.0,33500.0,286191
2025-11-25,33000.0,33200.0,32700.0,32700.0,549790
2025-11-26,33350.0,33450.0,32600.0,32600.0,87025
2025-11-27,33350.0,33950.0,33150.0,33400.0,262612
2025-11-28,33500.0,33600.0,32850.0,33250.0,225465
2025-12-01,32750.0,33500.0,32700.0,33500.0,117758
2025-12-02,32050.0,32950.0,32000.0,32950.0,578486
2025-12-03,33000.0,33100.0,32100.0,32100.0,705751
2025-12-04,33500.0,33750.0,33000.0,33000.0,208688
2025-12-05,33100.0,33750.0,33100.0,33750.0,69961
2025-12-08,33300.0,33550.0,32750.0,33550.0,338047
2025-12-09,33100.0,33400.0,32650.0,33400.0,131948
2025-12-10,32800.0,33050.0,32400.0,33050.0,224734
2025-12-11,32550.0,32900.0,32500.0,32500.0,43769
2025-12-12,32050.0,32750.0,32000.0,32550.0,172264
2025-12-15,32500.0,32600.0,32000.0,32150.0,205845
2025-12-16,33000.0,33000.0,32200.0,32700.0,104724
2025-12-17,32900.0,33000.0,32750.0,32900.0,203785
2025-12-18,32650.0,32900.0,32650.0,32850.0,54688
2025-12-19,34100.0,34200.0,32550.0,32550.0,521581
2025-12-22,34100.0,34450.0,33500.0,34100.0,293623
2025-12-23,34100.0,35400.0,34100.0,34150.0,416019
2025-12-24,33900.0,34100.0,33400.0,34100.0,210261
2025-12-25,32800.0,33900.0,32800.0,33900.0,464367
2025-12-26,33000.0,33250.0,32300.0,32650.0,283998
2025-12-29,33300.0,33400.0,32950.0,33000.0,274807
2025-12-30,33500.0,33900.0,33300.0,33300.0,121302
2025-12-31,33350.0,33650.0,33350.0,33600.0,176345
2026-01-05,34000.0,34100.0,32800.0,33300.0,254036
2026-01-06,34100.0,34450.0,33650.0,34000.0,169575
2026-01-07,34200.0,34750.0,34050.0,34400.0,314023
2026-01-08,33900.0,34500.0,33800.0,34150.0,340420
2026-01-09,33600.0,34350.0,33600.0,33900.0,252726
2026-01-12,33950.0,34100.0,33500.0,33500.0,145597
2026-01-13,34950.0,35950.0,34200.0,34200.0,1168764
2026-01-14,34500.0,35400.0,34350.0,35400.0,359874
2026-01-15,33400.0,34850.0,33350.0,34500.0,645095
2026-01-16,34100.0,34500.0,33400.0,33400.0,440150
2026-01-19,33750.0,34750.0,33600.0,34100.0,270378
2026-01-20,33850.0,34150.0,33600.0,33750.0,249860
2026-01-21,34000.0,34000.0,33250.0,33850.0,421185
2026-01-22,34800.0,35500.0,34000.0,34200.0,646824
2026-01-23,34150.0,35150.0,34150.0,35050.0,278706
2026-01-26,34000.0,34650.0,33600.0,34150.0,369993
2026-01-27,34000.0,34250.0,33500.0,34100.0,255910
2026-01-28,33800.0,34250.0,33700.0,34250.0,145694
2026-01-29,34250.0,34600.0,33700.0,33800.0,288448
2026-01-30,36600.0,36600.0,35500.0,35800.0,2235993
2026-02-02,38000.0,38900.0,37550.0,38700.0,1576866
2026-02-03,39000.0,39900.0,37800.0,38000.0,1306536
2026-02-04,38000.0,41650.0,37900.0,38900.0,1248785
2026-02-05,37500.0,38650.0,37500.0,38000.0,702925
2026-02-06,36800.0,38000.0,36800.0,37500.0,723208
2026-02-09,37000.0,38200.0,36500.0,36950.0,590505
2026-02-10,37000.0,37950.0,36800.0,37150.0,769554
2026-02-11,37650.0,38450.0,37100.0,37100.0,936408
2026-02-12,37700.0,38350.0,37700.0,37950.0,257792
2026-02-13,38000.0,38300.0,37500.0,37950.0,378479
2026-02-23,37650.0,38850.0,37400.0,38850.0,518815
2026-02-24,38600.0,39950.0,37550.0,37550.0,1107059
2026-02-25,38800.0,38850.0,37650.0,38800.0,571512
2026-02-26,39700.0,40900.0,38400.0,38800.0,1473035
2026-02-27,39500.0,39950.0,38800.0,39900.0,718465
2026-03-02,39400.0,40950.0,38100.0,38100.0,2457584
2026-03-03,38750.0,39850.0,38650.0,39400.0,1237468
2026-03-04,37550.0,39500.0,36900.0,38250.0,1289243
2026-03-05,36400.0,38200.0,36350.0,38200.0,936409
2026-03-06,36500.0,37350.0,36150.0,36150.0,788203
2026-03-09,33950.0,34100.0,33950.0,33950.0,1062706
2026-03-10,34950.0,35400.0,34100.0,34200.0,772833
2026-03-11,36500.0,36500.0,34550.0,34550.0,450808
2026-03-12,36600.0,36800.0,35500.0,36400.0,700289
2026-03-13,35900.0,36250.0,35600.0,35600.0,247460
2026-03-16,34800.0,35850.0,34800.0,35850.0,536655
2026-03-17,34750.0,35450.0,34650.0,35450.0,214272
2026-03-18,34650.0,35000.0,34350.0,34350.0,192006
2026-03-19,34450.0,34950.0,34200.0,34500.0,215880
2026-03-20,34000.0,34500.0,34000.0,34500.0,309079
2026-03-23,33350.0,34000.0,32600.0,33300.0,704296
2026-03-24,34500.0,34700.0,33650.0,33950.0,379624
2026-03-25,35150.0,35200.0,34200.0,34600.0,340876
2026-03-26,34700.0,35350.0,34550.0,35350.0,122213
2026-03-27,35450.0,35450.0,34700.0,34900.0,319447
2026-03-30,34850.0,35350.0,34500.0,34950.0,155422
2026-03-31,35100.0,35350.0,34800.0,34900.0,96759
2026-04-01,35300.0,35600.0,35250.0,35450.0,158156
2026-04-02,34850.0,35150.0,34700.0,35000.0,184352
2026-04-03,34550.0,34750.0,34250.0,34750.0,77206
2026-04-06,33800.0,34600.0,33750.0,34600.0,366102
2026-04-07,34200.0,34500.0,33500.0,33800.0,316530
2026-04-08,35350.0,35400.0,34550.0,34750.0,376893
2026-04-09,36400.0,36750.0,35050.0,35400.0,501596
2026-04-10,36300.0,36600.0,36100.0,36550.0,147212
2026-04-13,36450.0,36800.0,35650.0,36000.0,141963
2026-04-14,36400.0,36750.0,36150.0,36450.0,188976
2026-04-15,36050.0,36450.0,36000.0,36450.0,225697
2026-04-16,36450.0,36650.0,36050.0,36050.0,506568
2026-04-17,36550.0,36900.0,36500.0,36500.0,296688
2026-04-20,37300.0,37700.0,36150.0,36250.0,526557
2026-04-21,36800.0,37850.0,36800.0,37850.0,276134
2026-04-22,36500.0,37250.0,36500.0,36500.0,194655
2026-04-23,36050.0,36650.0,35900.0,36400.0,280375
2026-04-24,36100.0,36850.0,36000.0,36450.0,325034
2026-04-28,36000.0,36200.0,35600.0,36100.0,133849
2026-04-29,35800.0,36050.0,35000.0,35750.0,219878
2026-05-04,35500.0,36250.0,35400.0,36250.0,183048
2026-05-05,35400.0,35800.0,35050.0,35500.0,234891
2026-05-06,36000.0,36350.0,35250.0,35500.0,211897
2026-05-07,37150.0,37500.0,36100.0,36100.0,699972
2026-05-08,36900.0,37250.0,36800.0,37250.0,185246
2026-05-11,36850.0,37100.0,36200.0,36200.0,133901
2026-05-12,36250.0,36700.0,36050.0,36500.0,195027
2026-05-13,36600.0,36900.0,36100.0,36100.0,108688
2026-05-14,36400.0,37000.0,36350.0,36350.0,89355
2026-05-15,36200.0,36700.0,36150.0,36400.0,163981
2026-05-18,35850.0,36200.0,35300.0,36200.0,210276
2026-05-19,35100.0,36100.0,35100.0,35850.0,177006
2026-05-20,35000.0,35450.0,34200.0,35150.0,232388
2026-05-21,35050.0,35800.0,35000.0,35450.0,115946
2026-05-22,35350.0,35400.0,35000.0,35200.0,102620
2026-05-25,35350.0,35800.0,35000.0,35350.0,117640
2026-05-26,36200.0,36200.0,35500.0,35500.0,219600
2026-05-27,36000.0,36700.0,35950.0,36500.0,118400
