Price,Close,High,Low,Open,Volume
Ticker,DIG.VN,DIG.VN,DIG.VN,DIG.VN,DIG.VN
Date,,,,,
2017-01-03,4129.7333984375,4156.72509765625,4113.53857421875,4113.53857421875,56104
2017-01-04,4156.72509765625,4156.72509765625,4086.546875,4113.53857421875,312905
2017-01-05,4172.92041015625,4237.7001953125,4167.52197265625,4194.513671875,339062
2017-01-06,4226.90380859375,4226.90380859375,4205.310546875,4226.90380859375,262056
2017-01-09,4318.67578125,4318.67578125,4221.50537109375,4226.90380859375,435721
2017-01-10,4318.67578125,4372.6591796875,4237.7001953125,4372.6591796875,481307
2017-01-11,4291.68408203125,4307.87890625,4248.4970703125,4307.87890625,289490
2017-01-12,4259.2939453125,4264.69189453125,4210.70849609375,4264.69189453125,413214
2017-01-13,4264.69189453125,4264.69189453125,4210.70849609375,4248.4970703125,222010
2017-01-16,4259.2939453125,4264.69189453125,4194.513671875,4232.30224609375,178605
2017-01-17,4253.8955078125,4264.69189453125,4129.7333984375,4264.69189453125,295880
2017-01-18,4248.4970703125,4302.48046875,4145.9287109375,4302.48046875,461025
2017-01-19,4248.4970703125,4248.4970703125,4151.32666015625,4151.32666015625,141742
2017-01-20,4243.0986328125,4248.4970703125,4183.716796875,4237.7001953125,383799
2017-01-23,4243.0986328125,4264.69189453125,4210.70849609375,4253.8955078125,45027
2017-01-24,4081.1484375,4259.2939453125,4081.1484375,4243.0986328125,321241
2017-01-25,4172.92041015625,4248.4970703125,4118.93701171875,4248.4970703125,292601
2017-02-03,4113.53857421875,4156.72509765625,4113.53857421875,4156.72509765625,272487
2017-02-06,4151.32666015625,4151.32666015625,4059.554931640625,4102.74169921875,157950
2017-02-07,4075.75,4210.70849609375,4048.75830078125,4210.70849609375,430662
2017-02-08,4048.75830078125,4129.7333984375,4048.75830078125,4048.75830078125,348453
2017-02-09,4070.351806640625,4102.74169921875,4048.75830078125,4086.546875,838938
2017-02-10,4097.34326171875,4151.32666015625,4064.953369140625,4118.93701171875,663384
2017-02-13,4102.74169921875,4118.93701171875,4081.1484375,4118.93701171875,382223
2017-02-14,4264.69189453125,4388.85400390625,4113.53857421875,4145.9287109375,1858047
2017-02-15,4270.09033203125,4372.6591796875,4237.7001953125,4297.08203125,2815228
2017-02-16,4226.90380859375,4329.47216796875,4226.90380859375,4329.47216796875,843550
2017-02-17,4226.90380859375,4237.7001953125,4183.716796875,4226.90380859375,421938
2017-02-20,4410.447265625,4475.2275390625,4226.90380859375,4226.90380859375,2512227
2017-02-21,4453.63427734375,4534.609375,4399.65087890625,4426.642578125,2017817
2017-02-22,4572.39794921875,4669.56787109375,4426.642578125,4453.63427734375,2984446
2017-02-23,4518.41455078125,4615.58447265625,4496.82080078125,4550.80419921875,1637774
2017-02-24,4518.41455078125,4577.7958984375,4518.41455078125,4545.40625,1060745
2017-02-27,4588.5927734375,4658.771484375,4453.63427734375,4523.8125,2479106
2017-02-28,4588.5927734375,4691.1611328125,4583.1943359375,4642.576171875,2004793
2017-03-01,4534.609375,4615.58447265625,4518.41455078125,4615.58447265625,986000
2017-03-02,4718.15283203125,4723.55126953125,4534.609375,4588.5927734375,2791295
2017-03-03,4707.3564453125,4728.94970703125,4669.56787109375,4718.15283203125,1298392
2017-03-06,4858.51025390625,4885.501953125,4696.5595703125,4707.3564453125,3497660
2017-03-07,4858.51025390625,4928.6884765625,4831.51806640625,4831.51806640625,4985524
2017-03-08,4809.9248046875,4885.501953125,4809.9248046875,4858.51025390625,1301115
2017-03-09,4750.54296875,4815.3232421875,4718.15283203125,4809.9248046875,1408372
2017-03-10,4680.36474609375,4788.33154296875,4674.96630859375,4750.54296875,2826749
2017-03-13,4788.33154296875,4804.5263671875,4642.576171875,4647.974609375,1075805
2017-03-14,4739.74658203125,4826.1201171875,4642.576171875,4750.54296875,567115
2017-03-15,4739.74658203125,4782.93310546875,4739.74658203125,4750.54296875,847851
2017-03-16,4804.5263671875,4820.7216796875,4745.14501953125,4750.54296875,1013046
2017-03-17,5112.232421875,5139.22412109375,4831.51806640625,4831.51806640625,5276278
2017-03-20,5150.0205078125,5236.39404296875,5128.42724609375,5236.39404296875,1861268
2017-03-21,5150.0205078125,5236.39404296875,5079.84228515625,5155.4189453125,1750627
2017-03-22,4912.49365234375,5133.82568359375,4912.49365234375,5128.42724609375,2523362
2017-03-23,4928.6884765625,4966.47705078125,4831.51806640625,4863.908203125,1114576
2017-03-24,4912.49365234375,4982.671875,4885.501953125,4923.2900390625,525395
2017-03-27,4858.51025390625,4939.4853515625,4858.51025390625,4923.2900390625,1197325
2017-03-28,4777.53466796875,4912.49365234375,4674.96630859375,4912.49365234375,1222871
2017-03-29,4750.54296875,4842.31494140625,4750.54296875,4842.31494140625,433905
2017-03-30,4755.94140625,4804.5263671875,4755.94140625,4777.53466796875,571910
2017-03-31,4680.36474609375,4777.53466796875,4680.36474609375,4755.94140625,442000
2017-04-03,4755.94140625,4939.4853515625,4647.974609375,4680.36474609375,1380676
2017-04-04,4755.94140625,4853.11181640625,4734.34814453125,4847.71337890625,594626
2017-04-05,4750.54296875,4772.13671875,4615.58447265625,4615.58447265625,1223648
2017-04-07,4750.54296875,4750.54296875,4669.56787109375,4685.76318359375,473770
2017-04-10,4707.3564453125,4820.7216796875,4707.3564453125,4750.54296875,320853
2017-04-11,4912.49365234375,5009.66357421875,4707.3564453125,4707.3564453125,2317826
2017-04-12,4912.49365234375,5004.26513671875,4858.51025390625,4955.68017578125,1622083
2017-04-13,4988.0703125,5079.84228515625,4880.103515625,4939.4853515625,2804355
2017-04-14,4966.47705078125,4998.8671875,4858.51025390625,4912.49365234375,1463923
2017-04-17,4912.49365234375,5069.04541015625,4912.49365234375,5063.64697265625,1462112
2017-04-18,4912.49365234375,4923.2900390625,4809.9248046875,4885.501953125,1308099
2017-04-19,4863.908203125,4966.47705078125,4858.51025390625,4966.47705078125,1048189
2017-04-20,5112.232421875,5193.20751953125,4863.908203125,4863.908203125,4579603
2017-04-21,5236.39404296875,5236.39404296875,5020.46044921875,5112.232421875,1548636
2017-04-24,5398.34423828125,5560.294921875,5236.39404296875,5263.3857421875,4826477
2017-04-25,5263.3857421875,5479.31982421875,5263.3857421875,5479.31982421875,1873106
2017-04-26,5614.2783203125,5614.2783203125,5290.37744140625,5290.37744140625,4886403
2017-04-27,5641.27001953125,5938.1787109375,5641.27001953125,5695.25341796875,4859596
2017-04-28,5749.23681640625,5830.2119140625,5614.2783203125,5641.27001953125,2668293
2017-05-03,5560.294921875,5641.27001953125,5425.3359375,5506.3115234375,5059325
2017-05-04,5938.1787109375,5938.1787109375,5614.2783203125,5614.2783203125,6798985
2017-05-05,6316.06298828125,6343.0546875,6046.14599609375,6100.12939453125,4680785
2017-05-08,6343.0546875,6720.93896484375,6316.06298828125,6370.04638671875,5499234
2017-05-09,6505.0048828125,6585.98046875,6154.11279296875,6370.04638671875,3786451
2017-05-10,6100.12939453125,6612.97216796875,6100.12939453125,6612.97216796875,5289542
2017-05-11,6235.087890625,6370.04638671875,6100.12939453125,6100.12939453125,4024913
2017-05-12,6343.0546875,6478.01318359375,6235.087890625,6262.07958984375,2028397
2017-05-15,6693.947265625,6774.92236328125,6343.0546875,6343.0546875,4459421
2017-05-16,6397.0380859375,6747.9306640625,6370.04638671875,6747.9306640625,4385116
2017-05-17,6451.021484375,6585.98046875,6235.087890625,6316.06298828125,3308790
2017-05-18,6316.06298828125,6451.021484375,6235.087890625,6289.0712890625,3218611
2017-05-19,6235.087890625,6370.04638671875,6154.11279296875,6316.06298828125,2177702
2017-05-22,6154.11279296875,6451.021484375,6154.11279296875,6181.1044921875,2704267
2017-05-23,6154.11279296875,6208.09619140625,6019.154296875,6154.11279296875,3871108
2017-05-24,6208.09619140625,6289.0712890625,6100.12939453125,6289.0712890625,1523257
2017-05-25,6343.0546875,6451.021484375,6208.09619140625,6208.09619140625,2138372
2017-05-26,6289.0712890625,6424.02978515625,6262.07958984375,6343.0546875,1073381
2017-05-29,6720.93896484375,6720.93896484375,6127.12109375,6235.087890625,4804633
2017-05-30,6936.87255859375,7179.79833984375,6747.9306640625,6909.880859375,8771759
2017-05-31,6909.880859375,7125.814453125,6747.9306640625,6909.880859375,3061676
2017-06-01,6855.8974609375,6963.8642578125,6747.9306640625,6801.9140625,2395968
2017-06-02,7206.7900390625,7287.76513671875,6855.8974609375,6909.880859375,6371226
2017-06-05,7179.79833984375,7314.7568359375,7071.8310546875,7314.7568359375,2125387
2017-06-06,7233.78173828125,7395.73193359375,7098.82275390625,7287.76513671875,2960790
2017-06-07,7422.7236328125,7476.70703125,7233.78173828125,7341.74853515625,3010065
2017-06-08,7827.599609375,7908.57470703125,7368.740234375,7503.69873046875,5063621
2017-06-09,7665.64892578125,8097.5166015625,7503.69873046875,7827.599609375,3301172
2017-06-12,7773.6162109375,7881.5830078125,7503.69873046875,7557.68212890625,2605924
2017-06-13,7881.5830078125,7962.55810546875,7719.6328125,7719.6328125,2779830
2017-06-14,7746.62451171875,7935.56640625,7692.640625,7881.5830078125,1875943
2017-06-15,7638.6572265625,7746.62451171875,7449.71533203125,7746.62451171875,3399609
2017-06-16,7665.64892578125,7719.6328125,7584.673828125,7638.6572265625,1139435
2017-06-19,7719.6328125,7746.62451171875,7665.64892578125,7665.64892578125,1117058
2017-06-20,7881.5830078125,8043.533203125,7800.60791015625,7881.5830078125,2592643
2017-06-21,7692.640625,7881.5830078125,7611.66552734375,7881.5830078125,1686918
2017-06-22,7611.66552734375,7827.599609375,7584.673828125,7692.640625,2896270
2017-06-23,7692.640625,7881.5830078125,7503.69873046875,7584.673828125,2073721
2017-06-26,7638.6572265625,7773.6162109375,7611.66552734375,7692.640625,3469929
2017-06-27,7746.62451171875,7935.56640625,7611.66552734375,7638.6572265625,1997513
2017-06-28,7881.5830078125,7935.56640625,7719.6328125,7719.6328125,2778753
2017-06-29,8421.4169921875,8421.4169921875,8043.533203125,8043.533203125,7686443
2017-06-30,8421.4169921875,8610.359375,8286.458984375,8475.400390625,1767482
2017-07-03,8529.3837890625,8556.3759765625,8286.458984375,8340.4423828125,1375954
2017-07-04,8448.4091796875,8475.400390625,8313.4501953125,8421.4169921875,1937199
2017-07-05,8502.392578125,8691.3349609375,8313.4501953125,8421.4169921875,1776148
2017-07-06,8610.359375,8691.3349609375,8502.392578125,8502.392578125,1615008
2017-07-07,8313.4501953125,8610.359375,8097.5166015625,8610.359375,2505488
2017-07-10,8367.43359375,8367.43359375,7989.5498046875,8259.466796875,2994341
2017-07-11,8313.4501953125,8448.4091796875,8097.5166015625,8367.43359375,1426874
2017-07-12,8124.50830078125,8367.43359375,8097.5166015625,8367.43359375,2741872
2017-07-13,8151.5,8286.458984375,8070.52490234375,8097.5166015625,1757347
2017-07-14,8124.50830078125,8205.4833984375,8097.5166015625,8151.5,1251692
2017-07-17,8205.4833984375,8340.4423828125,8043.533203125,8043.533203125,2035899
2017-07-18,8205.4833984375,8286.458984375,8151.5,8151.5,1320640
2017-07-19,8178.49169921875,8259.466796875,8097.5166015625,8151.5,937559
2017-07-20,8124.50830078125,8178.49169921875,8097.5166015625,8178.49169921875,1081029
2017-07-21,7773.6162109375,8124.50830078125,7665.64892578125,8097.5166015625,2786829
2017-07-24,7692.640625,7827.599609375,7503.69873046875,7557.68212890625,1197268
2017-07-25,8043.533203125,8043.533203125,7584.673828125,7584.673828125,1044870
2017-07-26,8124.50830078125,8259.466796875,8016.54150390625,8043.533203125,810466
2017-07-27,8097.5166015625,8205.4833984375,8016.54150390625,8151.5,1023809
2017-07-28,8205.4833984375,8313.4501953125,7881.5830078125,7989.5498046875,1523035
2017-07-31,8097.5166015625,8259.466796875,8097.5166015625,8259.466796875,1252823
2017-08-01,8097.5166015625,8151.5,8070.52490234375,8097.5166015625,893511
2017-08-02,8151.5,8205.4833984375,7935.56640625,8097.5166015625,745926
2017-08-03,8151.5,8178.49169921875,8043.533203125,8097.5166015625,968367
2017-08-04,8421.4169921875,8529.3837890625,8097.5166015625,8097.5166015625,3449202
2017-08-07,8934.259765625,8988.2431640625,8421.4169921875,8421.4169921875,6419593
2017-08-08,8799.3017578125,8934.259765625,8583.3681640625,8934.259765625,1250266
2017-08-09,8367.43359375,8745.318359375,8313.4501953125,8637.3515625,3686349
2017-08-10,8448.4091796875,8448.4091796875,8286.458984375,8367.43359375,929448
2017-08-11,8475.400390625,8583.3681640625,8340.4423828125,8448.4091796875,925131
2017-08-14,8988.2431640625,8988.2431640625,8475.400390625,8475.400390625,3305249
2017-08-15,8637.3515625,9096.2099609375,8637.3515625,9015.2353515625,2968053
2017-08-16,8637.3515625,8772.3095703125,8448.4091796875,8637.3515625,2216232
2017-08-17,8529.3837890625,8826.29296875,8475.400390625,8691.3349609375,1770556
2017-08-18,8529.3837890625,8691.3349609375,8502.392578125,8502.392578125,1233446
2017-08-21,8529.3837890625,8691.3349609375,8502.392578125,8529.3837890625,1479526
2017-08-22,8421.4169921875,8610.359375,8367.43359375,8529.3837890625,1861546
2017-08-23,8313.4501953125,8502.392578125,8313.4501953125,8421.4169921875,1308803
2017-08-24,8313.4501953125,8421.4169921875,8232.4755859375,8313.4501953125,1715559
2017-08-25,8394.42578125,8502.392578125,8259.466796875,8340.4423828125,1473946
2017-08-28,8583.3681640625,8772.3095703125,8313.4501953125,8394.42578125,2380946
2017-08-29,8583.3681640625,8637.3515625,8502.392578125,8583.3681640625,1178336
2017-08-30,8421.4169921875,8583.3681640625,8421.4169921875,8529.3837890625,1290908
2017-08-31,8421.4169921875,8448.4091796875,8367.43359375,8367.43359375,1308284
2017-09-01,8637.3515625,8637.3515625,8421.4169921875,8421.4169921875,1693995
2017-09-05,8529.3837890625,8637.3515625,8475.400390625,8637.3515625,810725
2017-09-06,8529.3837890625,8529.3837890625,8475.400390625,8529.3837890625,1147458
2017-09-07,8421.4169921875,8529.3837890625,8421.4169921875,8448.4091796875,1020288
2017-09-08,8475.400390625,8529.3837890625,8340.4423828125,8421.4169921875,579341
2017-09-11,8421.4169921875,8529.3837890625,8340.4423828125,8367.43359375,748502
2017-09-12,8367.43359375,8475.400390625,8178.49169921875,8340.4423828125,1661818
2017-09-13,8367.43359375,8448.4091796875,8313.4501953125,8367.43359375,490941
2017-09-14,8394.42578125,8475.400390625,8367.43359375,8367.43359375,816412
2017-09-15,8394.42578125,8421.4169921875,8367.43359375,8367.43359375,707749
2017-09-18,8583.3681640625,8637.3515625,8367.43359375,8421.4169921875,1947261
2017-09-19,8475.400390625,8610.359375,8475.400390625,8529.3837890625,686745
2017-09-20,8583.3681640625,8583.3681640625,8475.400390625,8502.392578125,483810
2017-09-21,8529.3837890625,8637.3515625,8475.400390625,8637.3515625,418419
2017-09-22,8583.3681640625,8583.3681640625,8475.400390625,8475.400390625,751817
2017-09-25,8718.326171875,8988.2431640625,8556.3759765625,8583.3681640625,8357501
2017-09-26,8718.326171875,8853.28515625,8637.3515625,8718.326171875,2020317
2017-09-27,8556.3759765625,8853.28515625,8556.3759765625,8718.326171875,2444172
2017-09-28,8556.3759765625,8637.3515625,8475.400390625,8529.3837890625,2519843
2017-09-29,8583.3681640625,8610.359375,8529.3837890625,8556.3759765625,1188674
2017-10-02,8529.3837890625,8691.3349609375,8475.400390625,8583.3681640625,1343962
2017-10-03,8529.3837890625,8529.3837890625,8421.4169921875,8529.3837890625,1720524
2017-10-04,8529.3837890625,8583.3681640625,8448.4091796875,8448.4091796875,529379
2017-10-05,8610.359375,8799.3017578125,8529.3837890625,8529.3837890625,3683292
2017-10-06,8610.359375,8691.3349609375,8556.3759765625,8637.3515625,660234
2017-10-09,8691.3349609375,8691.3349609375,8610.359375,8610.359375,1171781
2017-10-10,8907.2685546875,9015.2353515625,8583.3681640625,8664.3427734375,3593245
2017-10-11,8880.2763671875,9042.2265625,8826.29296875,8907.2685546875,2357587
2017-10-12,8718.326171875,8907.2685546875,8718.326171875,8880.2763671875,1469094
2017-10-13,8745.318359375,8799.3017578125,8637.3515625,8745.318359375,1330050
2017-10-16,8799.3017578125,8934.259765625,8745.318359375,8799.3017578125,1828647
2017-10-17,8853.28515625,8907.2685546875,8826.29296875,8853.28515625,2775920
2017-10-18,8637.3515625,8880.2763671875,8637.3515625,8826.29296875,7507854
2017-10-19,8691.3349609375,8745.318359375,8556.3759765625,8637.3515625,1747105
2017-10-20,8745.318359375,8853.28515625,8691.3349609375,8745.318359375,1193378
2017-10-23,8637.3515625,8745.318359375,8610.359375,8745.318359375,1759519
2017-10-24,8718.326171875,8745.318359375,8637.3515625,8637.3515625,1110390
2017-10-25,8718.326171875,8772.3095703125,8691.3349609375,8718.326171875,1105760
2017-10-26,8691.3349609375,8772.3095703125,8664.3427734375,8718.326171875,857683
2017-10-27,8772.3095703125,8772.3095703125,8664.3427734375,8664.3427734375,1157440
2017-10-30,8529.3837890625,8691.3349609375,8502.392578125,8691.3349609375,1114599
2017-10-31,8529.3837890625,8583.3681640625,8475.400390625,8529.3837890625,451504
2017-11-01,8475.400390625,8583.3681640625,8475.400390625,8529.3837890625,1275701
2017-11-02,7908.57470703125,8475.400390625,7908.57470703125,8475.400390625,5809332
2017-11-03,8151.5,8205.4833984375,7665.64892578125,7962.55810546875,3639090
2017-11-06,8043.533203125,8205.4833984375,8016.54150390625,8151.5,777180
2017-11-07,8097.5166015625,8097.5166015625,7908.57470703125,7989.5498046875,1091645
2017-11-08,8205.4833984375,8205.4833984375,7962.55810546875,7989.5498046875,797036
2017-11-09,8637.3515625,8745.318359375,8178.49169921875,8205.4833984375,5559550
2017-11-10,8934.259765625,9177.185546875,8583.3681640625,8637.3515625,5682403
2017-11-13,8988.2431640625,9231.1689453125,8880.2763671875,9069.21875,4421240
2017-11-14,9042.2265625,9339.1357421875,8907.2685546875,9015.2353515625,7653599
2017-11-15,8637.3515625,9393.119140625,8637.3515625,9177.185546875,14757778
2017-11-16,9015.2353515625,9015.2353515625,8691.3349609375,8745.318359375,5865791
2017-11-17,8799.3017578125,9150.1943359375,8772.3095703125,9150.1943359375,3802974
2017-11-20,8772.3095703125,8907.2685546875,8691.3349609375,8907.2685546875,3096146
2017-11-21,8961.251953125,9069.21875,8772.3095703125,8772.3095703125,8070747
2017-11-22,9177.185546875,9285.15234375,8907.2685546875,8907.2685546875,8927343
2017-11-23,9312.14453125,9717.0205078125,9177.185546875,9231.1689453125,11509950
2017-11-24,9501.0859375,9609.052734375,9339.1357421875,9420.111328125,12195270
2017-11-27,9717.0205078125,10148.8876953125,9717.0205078125,9932.9541015625,9145224
2017-11-28,10391.8134765625,10391.8134765625,9555.0693359375,9824.9873046875,237969436
2017-11-29,11093.59765625,11093.59765625,10418.8046875,10796.6884765625,11835604
2017-11-30,10742.705078125,11633.4326171875,10688.7216796875,11174.5732421875,8260510
2017-12-01,11147.5810546875,11228.556640625,10472.7880859375,10634.73828125,17779317
2017-12-04,11336.5234375,11444.490234375,11147.5810546875,11228.556640625,6641678
2017-12-05,10796.6884765625,11336.5234375,10796.6884765625,11336.5234375,7469118
2017-12-06,10607.7470703125,10850.671875,10499.7802734375,10796.6884765625,8845302
2017-12-07,11012.623046875,11066.6064453125,10580.7548828125,10580.7548828125,3070621
2017-12-08,11336.5234375,11498.4736328125,11120.58984375,11174.5732421875,9016944
2017-12-11,11390.5068359375,11930.3408203125,11012.623046875,11066.6064453125,7184678
2017-12-12,11336.5234375,11552.45703125,10796.6884765625,11525.4658203125,7768505
2017-12-13,11525.4658203125,11768.390625,11336.5234375,11417.498046875,4773699
2017-12-14,11525.4658203125,11660.423828125,11471.482421875,11552.45703125,1734823
2017-12-15,11552.45703125,11768.390625,11471.482421875,11579.44921875,3126156
2017-12-18,11336.5234375,11633.4326171875,11336.5234375,11633.4326171875,4170292
2017-12-19,11066.6064453125,11309.53125,10796.6884765625,11282.5400390625,15854616
2017-12-20,11336.5234375,11498.4736328125,11039.6142578125,11147.5810546875,3072898
2017-12-21,11633.4326171875,11633.4326171875,11282.5400390625,11336.5234375,2874040
2017-12-22,11282.5400390625,11525.4658203125,11255.5478515625,11498.4736328125,2429480
2017-12-25,11012.623046875,11444.490234375,11012.623046875,11228.556640625,12426359
2017-12-26,10931.6474609375,11093.59765625,10904.65625,11012.623046875,2264765
2017-12-27,10931.6474609375,11066.6064453125,10904.65625,10931.6474609375,1756868
2017-12-28,11012.623046875,11093.59765625,10769.697265625,10931.6474609375,4327209
2017-12-29,11120.58984375,11255.5478515625,10985.630859375,11066.6064453125,3193641
2018-01-02,11228.556640625,11255.5478515625,11120.58984375,11201.564453125,1636348
2018-01-03,11660.423828125,11768.390625,11228.556640625,11255.5478515625,6382915
2018-01-04,12308.2255859375,12470.17578125,11741.3994140625,11795.3828125,7382000
2018-01-05,12308.2255859375,12767.0849609375,12146.275390625,12497.1669921875,5325813
2018-01-08,12416.1923828125,12632.1259765625,12200.2587890625,12308.2255859375,7640615
2018-01-09,12848.0595703125,12902.04296875,12308.2255859375,12686.109375,6112071
2018-01-10,12848.0595703125,13117.9765625,12659.1181640625,12956.0263671875,5456576
2018-01-11,12794.076171875,12902.04296875,12659.1181640625,12713.1015625,10208682
2018-01-12,12524.1591796875,13225.9443359375,12416.1923828125,12956.0263671875,7331875
2018-01-15,12686.109375,12848.0595703125,12470.17578125,12524.1591796875,5667291
2018-01-16,12686.109375,12902.04296875,12416.1923828125,12740.0927734375,8352443
2018-01-17,12200.2587890625,12686.109375,12200.2587890625,12686.109375,6142302
2018-01-18,12227.25,12335.216796875,11741.3994140625,12038.30859375,10408502
2018-01-19,12146.275390625,12497.1669921875,12146.275390625,12416.1923828125,13864392
2018-01-22,12173.2666015625,12281.2333984375,12011.31640625,12281.2333984375,3340686
2018-01-25,12416.1923828125,12686.109375,12146.275390625,12173.2666015625,9365404
2018-01-26,12308.2255859375,12686.109375,12308.2255859375,12551.150390625,16456338
2018-01-29,12308.2255859375,12416.1923828125,12119.283203125,12308.2255859375,3816239
2018-01-30,13144.96875,13144.96875,11984.32421875,11984.32421875,12751720
2018-01-31,12227.25,14062.6875,12227.25,13657.8115234375,21417263
2018-02-01,13010.009765625,13063.9931640625,12524.1591796875,12632.1259765625,19930124
2018-02-02,12902.04296875,13010.009765625,12578.142578125,12956.0263671875,3745311
2018-02-05,12011.31640625,12794.076171875,12011.31640625,12713.1015625,7463821
2018-02-06,11282.5400390625,11930.3408203125,11174.5732421875,11228.556640625,11250590
2018-02-07,12038.30859375,12065.2998046875,11606.4404296875,11822.3740234375,4883474
2018-02-08,12092.2919921875,12362.208984375,11822.3740234375,11876.357421875,3043465
2018-02-09,11633.4326171875,11741.3994140625,11282.5400390625,11309.53125,7023334
2018-02-12,12200.2587890625,12200.2587890625,11822.3740234375,11930.3408203125,2052828
2018-02-13,12821.068359375,12902.04296875,12200.2587890625,12416.1923828125,5089832
2018-02-21,12848.0595703125,13198.9521484375,12740.0927734375,12821.068359375,2995190
2018-02-22,12659.1181640625,12956.0263671875,12632.1259765625,12740.0927734375,2375391
2018-02-23,12875.0517578125,12875.0517578125,12578.142578125,12767.0849609375,1931237
2018-02-26,13010.009765625,13333.9111328125,12929.03515625,12956.0263671875,8266863
2018-02-27,12875.0517578125,13117.9765625,12686.109375,13063.9931640625,5708969
2018-02-28,12848.0595703125,12902.04296875,12767.0849609375,12821.068359375,3349484
2018-03-01,13603.828125,13738.787109375,12632.1259765625,12686.109375,14237098
2018-03-02,14521.546875,14548.5380859375,13333.9111328125,13495.861328125,12612362
2018-03-05,14143.662109375,14899.4306640625,14143.662109375,14575.5302734375,8498656
2018-03-06,14845.447265625,14845.447265625,14089.6787109375,14197.6455078125,11032968
2018-03-07,14737.48046875,15223.3310546875,14359.5966796875,14791.4638671875,8625327
2018-03-08,14494.5546875,14980.40625,14494.5546875,14602.521484375,6952591
2018-03-09,14521.546875,14791.4638671875,14494.5546875,14575.5302734375,5017996
2018-03-12,14899.4306640625,15223.3310546875,14467.5634765625,14683.4970703125,5294340
2018-03-13,15115.3642578125,15223.3310546875,14845.447265625,14899.4306640625,4145435
2018-03-14,14899.4306640625,15493.2490234375,14899.4306640625,15223.3310546875,9584805
2018-03-15,14683.4970703125,15115.3642578125,14521.546875,14899.4306640625,6136930
2018-03-16,14845.447265625,15007.3974609375,14548.5380859375,14737.48046875,3708965
2018-03-19,15169.34765625,15601.2158203125,14845.447265625,14845.447265625,8141861
2018-03-20,15061.380859375,15223.3310546875,14926.4228515625,15115.3642578125,6694734
2018-03-21,15358.2900390625,15358.2900390625,15115.3642578125,15115.3642578125,8459679
2018-03-22,15169.34765625,15601.2158203125,15142.3564453125,15304.306640625,4575527
2018-03-23,14629.513671875,14980.40625,14521.546875,14683.4970703125,7505869
2018-03-26,14656.5048828125,14791.4638671875,14575.5302734375,14629.513671875,2405215
2018-03-27,14602.521484375,15007.3974609375,14602.521484375,14791.4638671875,5524040
2018-03-28,13765.7783203125,14683.4970703125,13765.7783203125,14575.5302734375,19453811
2018-03-29,14035.6953125,14224.6376953125,13765.7783203125,13765.7783203125,5776875
2018-03-30,13873.7451171875,14089.6787109375,13819.76171875,14062.6875,2789591
2018-04-02,14278.62109375,14278.62109375,13954.720703125,13981.7119140625,4263155
2018-04-03,14413.580078125,14602.521484375,14278.62109375,14305.61328125,2812042
2018-04-04,14089.6787109375,14548.5380859375,14035.6953125,14548.5380859375,6371965
2018-04-05,13765.7783203125,14170.654296875,13738.787109375,14143.662109375,6682417
2018-04-06,13819.76171875,14143.662109375,13441.8779296875,13873.7451171875,4741466
2018-04-09,13927.728515625,14062.6875,13684.802734375,13819.76171875,3008861
2018-04-10,13225.9443359375,13981.7119140625,13198.9521484375,13981.7119140625,7836156
2018-04-11,12470.17578125,13252.935546875,12308.2255859375,13252.935546875,9302271
2018-04-12,12902.04296875,12956.0263671875,12470.17578125,12686.109375,4179056
2018-04-13,12929.03515625,13198.9521484375,12578.142578125,12929.03515625,7966844
2018-04-16,12578.142578125,12740.0927734375,12524.1591796875,12740.0927734375,1672413
2018-04-17,12605.134765625,12848.0595703125,12443.18359375,12848.0595703125,1978267
2018-04-18,12362.208984375,12767.0849609375,12335.216796875,12605.134765625,2286027
2018-04-19,11714.4072265625,12200.2587890625,11606.4404296875,12146.275390625,3925660
2018-04-20,12524.1591796875,12524.1591796875,11498.4736328125,11876.357421875,3201365
2018-04-23,11714.4072265625,12794.076171875,11660.423828125,12470.17578125,2511468
2018-04-24,11876.357421875,12200.2587890625,11606.4404296875,11714.4072265625,2248093
2018-04-26,11930.3408203125,11930.3408203125,11444.490234375,11876.357421875,2472235
2018-04-27,12146.275390625,12146.275390625,11606.4404296875,11984.32421875,1766535
2018-05-02,12146.275390625,12200.2587890625,11714.4072265625,11984.32421875,2854257
2018-05-03,11984.32421875,12011.31640625,11687.416015625,11876.357421875,3914397
2018-05-04,11795.3828125,12092.2919921875,11795.3828125,11984.32421875,2000147
2018-05-07,12146.275390625,12200.2587890625,11768.390625,11984.32421875,1525465
2018-05-08,11876.357421875,12227.25,11876.357421875,12227.25,1093275
2018-05-09,11633.4326171875,11876.357421875,11633.4326171875,11876.357421875,2295660
2018-05-10,11714.4072265625,11795.3828125,11498.4736328125,11633.4326171875,1763090
2018-05-11,11633.4326171875,11768.390625,11606.4404296875,11660.423828125,922408
2018-05-14,11633.4326171875,11714.4072265625,11552.45703125,11606.4404296875,2696523
2018-05-15,11741.3994140625,12038.30859375,11498.4736328125,11633.4326171875,2335024
2018-05-16,12362.208984375,12524.1591796875,11660.423828125,11741.3994140625,4893402
2018-05-17,12254.2421875,12605.134765625,12254.2421875,12524.1591796875,1445511
2018-05-18,11876.357421875,12362.208984375,11633.4326171875,12200.2587890625,3608360
2018-05-21,11930.3408203125,12281.2333984375,11876.357421875,11876.357421875,1331033
2018-05-22,11417.498046875,12038.30859375,11147.5810546875,11714.4072265625,3546803
2018-05-23,11687.416015625,11687.416015625,11174.5732421875,11390.5068359375,1875388
2018-05-24,11390.5068359375,11768.390625,11390.5068359375,11768.390625,2736444
2018-05-25,11174.5732421875,11444.490234375,11174.5732421875,11390.5068359375,3140591
2018-05-28,10418.8046875,11012.623046875,10418.8046875,10958.6396484375,4939474
2018-05-29,10553.763671875,10580.7548828125,9690.0283203125,9797.9951171875,6936769
2018-05-30,10067.912109375,10526.771484375,10067.912109375,10526.771484375,1671080
2018-05-31,10094.904296875,10472.7880859375,10094.904296875,10175.87890625,1493730
2018-06-01,10472.7880859375,10472.7880859375,10094.904296875,10121.8955078125,2663107
2018-06-04,10958.6396484375,11174.5732421875,10526.771484375,10526.771484375,2666496
2018-06-05,11282.5400390625,11282.5400390625,10796.6884765625,10796.6884765625,8248338
2018-06-06,11498.4736328125,11579.44921875,11066.6064453125,11336.5234375,2358642
2018-06-07,11120.58984375,11444.490234375,11066.6064453125,11336.5234375,2364830
2018-06-08,10958.6396484375,11120.58984375,10877.6640625,11120.58984375,1251805
2018-06-11,10634.73828125,10931.6474609375,10256.8544921875,10688.7216796875,3709705
2018-06-12,10229.8623046875,10634.73828125,9986.9375,10634.73828125,1985699
2018-06-13,10283.8466796875,10472.7880859375,10229.8623046875,10229.8623046875,556999
2018-06-14,10310.837890625,10526.771484375,10229.8623046875,10229.8623046875,3888092
2018-06-15,10499.7802734375,10499.7802734375,10229.8623046875,10445.796875,3521739
2018-06-18,10040.9208984375,10499.7802734375,10040.9208984375,10310.837890625,2788631
2018-06-19,9393.119140625,9771.00390625,9339.1357421875,9744.01171875,5990276
2018-06-20,9663.0361328125,9771.00390625,9393.119140625,9555.0693359375,2692654
2018-06-21,9501.0859375,9771.00390625,9420.111328125,9771.00390625,1820834
2018-06-22,9690.0283203125,9690.0283203125,9285.15234375,9285.15234375,871799
2018-06-25,10364.8212890625,10364.8212890625,9771.00390625,9771.00390625,3694293
2018-06-26,10418.8046875,10796.6884765625,10256.8544921875,10256.8544921875,4576400
2018-06-27,10310.837890625,10580.7548828125,10148.8876953125,10526.771484375,23625218
2018-06-28,9878.970703125,10202.87109375,9878.970703125,10202.87109375,2251429
2018-06-29,9555.0693359375,9824.9873046875,9447.1025390625,9717.0205078125,3485118
2018-07-02,8961.251953125,9555.0693359375,8907.2685546875,9555.0693359375,2777793
2018-07-03,8340.4423828125,9015.2353515625,8340.4423828125,8961.251953125,5210426
2018-07-04,7827.599609375,8367.43359375,7773.6162109375,8070.52490234375,6218714
2018-07-05,7422.7236328125,8259.466796875,7341.74853515625,7827.599609375,3495121
2018-07-06,7881.5830078125,7908.57470703125,7287.76513671875,7503.69873046875,3170985
2018-07-09,7611.66552734375,8043.533203125,7557.68212890625,7881.5830078125,1828705
2018-07-10,7557.68212890625,7773.6162109375,7557.68212890625,7638.6572265625,1877424
2018-07-11,7395.73193359375,7395.73193359375,7044.83935546875,7368.740234375,6193577
2018-07-12,7665.64892578125,7665.64892578125,7368.740234375,7395.73193359375,3298173
2018-07-13,7827.599609375,7854.59130859375,7692.640625,7719.6328125,2692582
2018-07-16,7773.6162109375,7935.56640625,7665.64892578125,7935.56640625,2479996
2018-07-17,7800.60791015625,7800.60791015625,7638.6572265625,7638.6572265625,2732887
2018-07-18,8340.4423828125,8340.4423828125,7881.5830078125,7881.5830078125,11688952
2018-07-19,8853.28515625,8853.28515625,8367.43359375,8529.3837890625,4377873
2018-07-20,8799.3017578125,8826.29296875,8502.392578125,8637.3515625,3401741
2018-07-23,8421.4169921875,8799.3017578125,8367.43359375,8637.3515625,4437058
2018-07-24,8421.4169921875,8421.4169921875,7881.5830078125,8421.4169921875,7375313
2018-07-25,7854.59130859375,8421.4169921875,7854.59130859375,8340.4423828125,3904900
2018-07-26,8097.5166015625,8178.49169921875,7881.5830078125,8070.52490234375,2881509
2018-07-27,8529.3837890625,8637.3515625,8097.5166015625,8097.5166015625,3433178
2018-07-30,8745.318359375,8853.28515625,8529.3837890625,8529.3837890625,3292320
2018-07-31,8637.3515625,8961.251953125,8637.3515625,8745.318359375,2292569
2018-08-01,8718.326171875,8799.3017578125,8583.3681640625,8637.3515625,2988820
2018-08-02,8637.3515625,8718.326171875,8394.42578125,8664.3427734375,2102825
2018-08-03,8637.3515625,8826.29296875,8637.3515625,8637.3515625,1702834
2018-08-06,8529.3837890625,8826.29296875,8529.3837890625,8718.326171875,2554761
2018-08-07,8313.4501953125,8610.359375,8313.4501953125,8610.359375,1776818
2018-08-08,8475.400390625,8502.392578125,8205.4833984375,8313.4501953125,1864031
2018-08-09,8961.251953125,9042.2265625,8394.42578125,8421.4169921875,4336288
2018-08-10,8880.2763671875,9015.2353515625,8826.29296875,8988.2431640625,2269098
2018-08-13,8907.2685546875,9150.1943359375,8853.28515625,8907.2685546875,3148792
2018-08-14,8983.9248046875,9155.591796875,8983.9248046875,9155.591796875,2184822
2018-08-15,8812.2578125,9012.5361328125,8812.2578125,8983.9248046875,1909318
2018-08-16,8755.03515625,8840.869140625,8583.3681640625,8583.3681640625,1331782
2018-08-17,9069.7587890625,9098.3701171875,8812.2578125,8812.2578125,2089981
2018-08-20,9498.9267578125,9613.3720703125,9041.1474609375,9069.7587890625,5575117
2018-08-21,9556.1494140625,9670.5947265625,9441.7041015625,9441.7041015625,2440369
2018-08-22,9670.5947265625,9870.873046875,9527.5380859375,9527.5380859375,2779448
2018-08-23,9527.5380859375,9699.205078125,9527.5380859375,9556.1494140625,1894011
2018-08-24,9785.0390625,9956.7060546875,9441.7041015625,9527.5380859375,2854087
2018-08-27,9727.81640625,10042.5400390625,9670.5947265625,9870.873046875,2551915
2018-08-28,9670.5947265625,9842.26171875,9641.9833984375,9785.0390625,2028432
2018-08-29,9785.0390625,9899.484375,9613.3720703125,9670.5947265625,2346104
2018-08-30,9842.26171875,9899.484375,9699.205078125,9699.205078125,1999457
2018-08-31,9985.3173828125,10214.2080078125,9870.873046875,9899.484375,3253617
2018-09-04,9813.650390625,10214.2080078125,9813.650390625,10013.9287109375,1873825
2018-09-05,9584.7607421875,9870.873046875,9584.7607421875,9785.0390625,2864483
2018-09-06,9441.7041015625,9727.81640625,9441.7041015625,9727.81640625,1674585
2018-09-07,9556.1494140625,9613.3720703125,9384.482421875,9441.7041015625,1188080
2018-09-10,9327.259765625,9670.5947265625,9270.037109375,9584.7607421875,2455747
2018-09-11,9556.1494140625,9556.1494140625,9270.037109375,9327.259765625,2948281
2018-09-12,9727.81640625,9870.873046875,9584.7607421875,9670.5947265625,2782698
2018-09-13,9785.0390625,9842.26171875,9699.205078125,9813.650390625,1107657
2018-09-14,9785.0390625,9870.873046875,9613.3720703125,9842.26171875,1788421
2018-09-17,9556.1494140625,9727.81640625,9556.1494140625,9670.5947265625,1370963
2018-09-18,9641.9833984375,9641.9833984375,9355.87109375,9384.482421875,3118616
2018-09-19,9699.205078125,9956.7060546875,9613.3720703125,9670.5947265625,4905117
2018-09-20,10099.7626953125,10128.3740234375,9727.81640625,9727.81640625,4628495
2018-09-21,10128.3740234375,10185.5966796875,9899.484375,10128.3740234375,4027733
2018-09-24,10099.7626953125,10300.041015625,10013.9287109375,10300.041015625,3612252
2018-09-25,10271.4296875,10500.3193359375,10013.9287109375,10099.7626953125,5182420
2018-09-26,10271.4296875,10500.3193359375,10271.4296875,10300.041015625,4599328
2018-09-27,10328.65234375,10357.263671875,10214.2080078125,10271.4296875,2745738
2018-09-28,10156.9853515625,10357.263671875,10156.9853515625,10300.041015625,3529363
2018-10-01,9985.3173828125,10185.5966796875,9899.484375,10099.7626953125,4053546
2018-10-02,9956.7060546875,10128.3740234375,9870.873046875,9899.484375,2479268
2018-10-03,10071.1513671875,10185.5966796875,9956.7060546875,9956.7060546875,1726260
2018-10-04,10300.041015625,10300.041015625,10071.1513671875,10185.5966796875,2279802
2018-10-05,10185.5966796875,10385.875,10128.3740234375,10242.818359375,3763643
2018-10-08,10185.5966796875,10414.486328125,10013.9287109375,10071.1513671875,5884033
2018-10-09,10214.2080078125,10300.041015625,10156.9853515625,10185.5966796875,5003838
2018-10-10,10042.5400390625,10300.041015625,10042.5400390625,10214.2080078125,2579946
2018-10-11,9355.87109375,9727.81640625,9355.87109375,9498.9267578125,12060945
2018-10-12,9441.7041015625,9527.5380859375,9012.5361328125,9155.591796875,2167904
2018-10-15,9241.42578125,9441.7041015625,9212.814453125,9441.7041015625,2068768
2018-10-16,9384.482421875,9441.7041015625,9184.203125,9270.037109375,3488785
2018-10-17,9556.1494140625,9613.3720703125,9441.7041015625,9441.7041015625,1929799
2018-10-18,9498.9267578125,9556.1494140625,9441.7041015625,9441.7041015625,1512166
2018-10-19,9441.7041015625,9498.9267578125,9212.814453125,9212.814453125,2243244
2018-10-22,8783.646484375,9498.9267578125,8783.646484375,9498.9267578125,12816907
2018-10-23,8697.8125,8755.03515625,8240.033203125,8583.3681640625,3331328
2018-10-24,8211.421875,8697.8125,8211.421875,8526.1455078125,2211473
2018-10-25,8325.8662109375,8325.8662109375,7725.03076171875,7725.03076171875,2651998
2018-10-26,8011.14306640625,8497.5341796875,8011.14306640625,8468.9228515625,1565098
2018-10-29,7868.0869140625,8125.587890625,7839.4755859375,8125.587890625,1602672
2018-10-30,7810.86474609375,8011.14306640625,7553.36376953125,7839.4755859375,1461557
2018-10-31,8125.587890625,8125.587890625,7868.0869140625,7868.0869140625,1380765
2018-11-01,7953.9208984375,8211.421875,7953.9208984375,8125.587890625,1224919
2018-11-02,8182.810546875,8240.033203125,8011.14306640625,8011.14306640625,1050964
2018-11-05,8297.255859375,8297.255859375,8096.97705078125,8182.810546875,808263
2018-11-06,8440.3115234375,8554.7568359375,8354.4775390625,8354.4775390625,1706879
2018-11-07,8240.033203125,8440.3115234375,8125.587890625,8440.3115234375,897529
2018-11-08,8297.255859375,8468.9228515625,8268.64453125,8468.9228515625,506109
2018-11-09,8125.587890625,8411.7001953125,8125.587890625,8297.255859375,727126
2018-11-12,8154.19921875,8297.255859375,8039.75439453125,8125.587890625,1312348
2018-11-13,8154.19921875,8325.8662109375,8039.75439453125,8125.587890625,1548009
2018-11-14,8182.810546875,8325.8662109375,8154.19921875,8154.19921875,833587
2018-11-15,8154.19921875,8297.255859375,8068.36572265625,8068.36572265625,983720
2018-11-16,8268.64453125,8354.4775390625,8182.810546875,8240.033203125,1283724
2018-11-19,8812.2578125,8812.2578125,8325.8662109375,8325.8662109375,1879870
2018-11-20,8697.8125,8812.2578125,8669.201171875,8812.2578125,1092680
2018-11-21,8812.2578125,8898.0908203125,8497.5341796875,8554.7568359375,1905630
2018-11-22,8812.2578125,8955.3134765625,8755.03515625,8926.7021484375,2249794
2018-11-23,8812.2578125,8869.4794921875,8640.58984375,8697.8125,1480046
2018-11-26,8755.03515625,8783.646484375,8697.8125,8726.423828125,1067901
2018-11-27,8755.03515625,8812.2578125,8697.8125,8755.03515625,2252646
2018-11-28,8783.646484375,8840.869140625,8697.8125,8755.03515625,2498998
2018-11-29,8812.2578125,8926.7021484375,8755.03515625,8783.646484375,1956748
2018-11-30,8926.7021484375,8926.7021484375,8755.03515625,8869.4794921875,3562742
2018-12-03,9041.1474609375,9126.9814453125,8983.9248046875,9069.7587890625,2353969
2018-12-04,8840.869140625,9069.7587890625,8840.869140625,8983.9248046875,2246894
2018-12-05,8783.646484375,8840.869140625,8611.978515625,8755.03515625,2857476
2018-12-06,8640.58984375,8869.4794921875,8583.3681640625,8755.03515625,2492585
2018-12-07,8869.4794921875,9012.5361328125,8726.423828125,8755.03515625,3832286
2018-12-10,8783.646484375,8869.4794921875,8726.423828125,8755.03515625,1262019
2018-12-11,8983.9248046875,9012.5361328125,8755.03515625,8783.646484375,2977307
2018-12-12,9126.9814453125,9155.591796875,9012.5361328125,9098.3701171875,3400587
2018-12-13,9327.259765625,9413.0927734375,9126.9814453125,9155.591796875,3519403
2018-12-14,9098.3701171875,9355.87109375,9069.7587890625,9355.87109375,2302398
2018-12-17,8812.2578125,9069.7587890625,8812.2578125,9012.5361328125,1945998
2018-12-18,8611.978515625,8812.2578125,8411.7001953125,8640.58984375,3336800
2018-12-19,8640.58984375,8812.2578125,8611.978515625,8640.58984375,1150087
2018-12-20,8697.8125,8812.2578125,8640.58984375,8640.58984375,1244301
2018-12-21,8840.869140625,8840.869140625,8611.978515625,8697.8125,1287377
2018-12-24,8669.201171875,8869.4794921875,8669.201171875,8812.2578125,2527292
2018-12-25,8640.58984375,8640.58984375,8154.19921875,8468.9228515625,3889187
2018-12-26,8297.255859375,8697.8125,8297.255859375,8697.8125,1150505
2018-12-27,8697.8125,8697.8125,8411.7001953125,8526.1455078125,4221260
2018-12-28,8869.4794921875,9155.591796875,8583.3681640625,8583.3681640625,7082934
2019-01-02,8583.3681640625,8955.3134765625,8583.3681640625,8898.0908203125,9752882
2019-01-03,8497.5341796875,8812.2578125,8468.9228515625,8812.2578125,10706634
2019-01-04,8697.8125,8755.03515625,8383.0888671875,8383.0888671875,2318353
2019-01-07,8697.8125,8869.4794921875,8640.58984375,8869.4794921875,703113
2019-01-08,8812.2578125,8926.7021484375,8697.8125,8812.2578125,2166333
2019-01-09,8783.646484375,8869.4794921875,8726.423828125,8726.423828125,1512900
2019-01-10,8755.03515625,8869.4794921875,8755.03515625,8755.03515625,812545
2019-01-11,8898.0908203125,8898.0908203125,8755.03515625,8783.646484375,2119567
2019-01-14,9155.591796875,9212.814453125,8898.0908203125,8955.3134765625,3489152
2019-01-15,9355.87109375,9384.482421875,9126.9814453125,9155.591796875,3344365
2019-01-16,9184.203125,9441.7041015625,9184.203125,9355.87109375,3584166
2019-01-17,8983.9248046875,9212.814453125,8983.9248046875,9184.203125,1488417
2019-01-18,9126.9814453125,9212.814453125,8955.3134765625,8955.3134765625,1219817
2019-01-21,9270.037109375,9270.037109375,9041.1474609375,9126.9814453125,1234808
2019-01-22,9212.814453125,9270.037109375,9155.591796875,9270.037109375,1103517
2019-01-23,9155.591796875,9270.037109375,9098.3701171875,9155.591796875,1753976
2019-01-24,9069.7587890625,9241.42578125,9069.7587890625,9241.42578125,616660
2019-01-25,8955.3134765625,9098.3701171875,8926.7021484375,9069.7587890625,1330086
2019-01-28,9041.1474609375,9155.591796875,8955.3134765625,8955.3134765625,534683
2019-01-29,9184.203125,9212.814453125,8983.9248046875,9041.1474609375,817421
2019-01-30,9184.203125,9184.203125,9098.3701171875,9184.203125,692015
2019-01-31,8955.3134765625,9270.037109375,8955.3134765625,9241.42578125,1295853
2019-02-01,9012.5361328125,9069.7587890625,8926.7021484375,9069.7587890625,545867
2019-02-11,9184.203125,9212.814453125,9041.1474609375,9098.3701171875,599064
2019-02-12,9584.7607421875,9641.9833984375,9241.42578125,9241.42578125,3700905
2019-02-13,9584.7607421875,9813.650390625,9584.7607421875,9613.3720703125,3124907
2019-02-14,9556.1494140625,9727.81640625,9498.9267578125,9556.1494140625,1197307
2019-02-15,9527.5380859375,9699.205078125,9470.3154296875,9527.5380859375,1760127
2019-02-18,9556.1494140625,9670.5947265625,9498.9267578125,9584.7607421875,1743422
2019-02-19,9556.1494140625,9842.26171875,9527.5380859375,9556.1494140625,2751120
2019-02-20,9584.7607421875,9670.5947265625,9527.5380859375,9556.1494140625,1273728
2019-02-21,9441.7041015625,9641.9833984375,9413.0927734375,9556.1494140625,1808135
2019-02-22,9413.0927734375,9527.5380859375,9355.87109375,9441.7041015625,1642570
2019-02-25,9298.6484375,9470.3154296875,9298.6484375,9413.0927734375,2570842
2019-02-26,9355.87109375,9441.7041015625,9241.42578125,9241.42578125,1495040
2019-02-27,9441.7041015625,9584.7607421875,9413.0927734375,9413.0927734375,2470742
2019-02-28,9241.42578125,9498.9267578125,9212.814453125,9470.3154296875,2244886
2019-03-01,9413.0927734375,9441.7041015625,9241.42578125,9241.42578125,1209208
2019-03-04,9813.650390625,9870.873046875,9613.3720703125,9613.3720703125,4111251
2019-03-05,9641.9833984375,9870.873046875,9641.9833984375,9813.650390625,3340469
2019-03-06,9813.650390625,9813.650390625,9556.1494140625,9584.7607421875,3105403
2019-03-07,9498.9267578125,9670.5947265625,9498.9267578125,9670.5947265625,2121174
2019-03-08,9298.6484375,9498.9267578125,9270.037109375,9384.482421875,1040691
2019-03-11,9270.037109375,9355.87109375,9241.42578125,9241.42578125,1395621
2019-03-12,9298.6484375,9441.7041015625,9155.591796875,9441.7041015625,1530044
2019-03-13,9270.037109375,9413.0927734375,9241.42578125,9298.6484375,1365563
2019-03-14,9413.0927734375,9498.9267578125,9212.814453125,9270.037109375,1653474
2019-03-15,9355.87109375,9441.7041015625,9327.259765625,9441.7041015625,3523231
2019-03-18,9270.037109375,9384.482421875,9212.814453125,9327.259765625,1993097
2019-03-19,9241.42578125,9384.482421875,9155.591796875,9270.037109375,10454129
2019-03-20,9270.037109375,9270.037109375,9155.591796875,9241.42578125,1028160
2019-03-21,9041.1474609375,9355.87109375,9041.1474609375,9270.037109375,1619118
2019-03-22,8926.7021484375,9126.9814453125,8926.7021484375,9041.1474609375,2673494
2019-03-25,8468.9228515625,8755.03515625,8383.0888671875,8697.8125,2385755
2019-03-26,8812.2578125,8869.4794921875,8411.7001953125,8468.9228515625,1827829
2019-03-27,8812.2578125,8983.9248046875,8697.8125,8812.2578125,1400165
2019-03-28,8812.2578125,8869.4794921875,8726.423828125,8812.2578125,916771
2019-03-29,8726.423828125,8955.3134765625,8697.8125,8955.3134765625,2068048
2019-04-01,8697.8125,8840.869140625,8669.201171875,8726.423828125,1175707
2019-04-02,8583.3681640625,8783.646484375,8583.3681640625,8783.646484375,1247568
2019-04-03,8669.201171875,8669.201171875,8526.1455078125,8583.3681640625,800662
2019-04-04,8812.2578125,8955.3134765625,8669.201171875,8755.03515625,1493100
2019-04-05,8726.423828125,8926.7021484375,8726.423828125,8869.4794921875,741665
2019-04-08,8755.03515625,8869.4794921875,8697.8125,8755.03515625,773192
2019-04-09,8640.58984375,8812.2578125,8583.3681640625,8812.2578125,2953052
2019-04-10,8697.8125,8697.8125,8526.1455078125,8640.58984375,2426668
2019-04-11,8697.8125,8755.03515625,8611.978515625,8755.03515625,298238
2019-04-12,8611.978515625,8697.8125,8583.3681640625,8611.978515625,2733296
2019-04-16,8583.3681640625,8611.978515625,8383.0888671875,8554.7568359375,2689868
2019-04-17,8526.1455078125,8640.58984375,8411.7001953125,8640.58984375,748672
2019-04-18,8440.3115234375,8497.5341796875,8240.033203125,8411.7001953125,1718205
2019-04-19,8554.7568359375,8554.7568359375,8354.4775390625,8468.9228515625,726181
2019-04-22,8468.9228515625,8497.5341796875,8411.7001953125,8468.9228515625,320727
2019-04-23,8497.5341796875,8526.1455078125,8383.0888671875,8468.9228515625,1882003
2019-04-24,8640.58984375,8726.423828125,8468.9228515625,8468.9228515625,979350
2019-04-25,8583.3681640625,8669.201171875,8554.7568359375,8640.58984375,4984476
2019-04-26,8697.8125,8755.03515625,8583.3681640625,8583.3681640625,1818829
2019-05-02,8697.8125,8755.03515625,8669.201171875,8755.03515625,961473
2019-05-03,8669.201171875,8697.8125,8468.9228515625,8669.201171875,1250486
2019-05-06,8583.3681640625,8755.03515625,8468.9228515625,8583.3681640625,1343753
2019-05-07,8583.3681640625,8583.3681640625,8497.5341796875,8583.3681640625,757305
2019-05-08,8554.7568359375,8554.7568359375,8468.9228515625,8526.1455078125,512140
2019-05-09,8440.3115234375,8554.7568359375,8354.4775390625,8554.7568359375,2378591
2019-05-10,8240.033203125,8440.3115234375,8240.033203125,8440.3115234375,1115381
2019-05-13,8154.19921875,8354.4775390625,8011.14306640625,8240.033203125,1293896
2019-05-14,8182.810546875,8297.255859375,8011.14306640625,8068.36572265625,1432425
2019-05-15,8354.4775390625,8354.4775390625,8125.587890625,8297.255859375,802655
2019-05-16,8211.421875,8354.4775390625,8211.421875,8354.4775390625,718964
2019-05-17,8240.033203125,8297.255859375,8211.421875,8211.421875,358195
2019-05-20,8182.810546875,8297.255859375,8182.810546875,8182.810546875,951513
2019-05-21,8240.033203125,8325.8662109375,8182.810546875,8182.810546875,1462012
2019-05-22,8211.421875,8297.255859375,8154.19921875,8240.033203125,1563334
2019-05-23,8068.36572265625,8211.421875,8068.36572265625,8154.19921875,972883
2019-05-24,8039.75439453125,8182.810546875,8011.14306640625,8068.36572265625,1167528
2019-05-27,8011.14306640625,8096.97705078125,7925.3095703125,8068.36572265625,2267395
2019-05-28,8011.14306640625,8011.14306640625,7925.3095703125,8011.14306640625,1112323
2019-05-29,7953.9208984375,8039.75439453125,7925.3095703125,8039.75439453125,1187819
2019-05-30,8154.19921875,8154.19921875,7925.3095703125,7953.9208984375,4399598
2019-05-31,8154.19921875,8211.421875,8039.75439453125,8211.421875,820096
2019-06-03,7953.9208984375,8096.97705078125,7925.3095703125,8096.97705078125,1548846
2019-06-04,7953.9208984375,8154.19921875,7925.3095703125,7953.9208984375,1512533
2019-06-05,7953.9208984375,8096.97705078125,7896.6982421875,8011.14306640625,1207722
2019-06-06,7925.3095703125,8068.36572265625,7753.64208984375,7810.86474609375,1398346
2019-06-07,7982.53173828125,7982.53173828125,7868.0869140625,7953.9208984375,566699
2019-06-10,7868.0869140625,8039.75439453125,7868.0869140625,7953.9208984375,1312035
2019-06-11,7896.6982421875,7896.6982421875,7725.03076171875,7725.03076171875,1487193
2019-06-12,7839.4755859375,7896.6982421875,7782.25341796875,7839.4755859375,734815
2019-06-13,7810.86474609375,7839.4755859375,7753.64208984375,7839.4755859375,619526
2019-06-14,7982.53173828125,7982.53173828125,7753.64208984375,7753.64208984375,955113
2019-06-17,7896.6982421875,7953.9208984375,7810.86474609375,7868.0869140625,860534
2019-06-18,7839.4755859375,7896.6982421875,7782.25341796875,7810.86474609375,2062316
2019-06-19,7782.25341796875,7896.6982421875,7782.25341796875,7839.4755859375,1394957
2019-06-20,7810.86474609375,7839.4755859375,7725.03076171875,7782.25341796875,819361
2019-06-21,7810.86474609375,7868.0869140625,7753.64208984375,7810.86474609375,2123746
2019-06-24,7810.86474609375,7868.0869140625,7782.25341796875,7810.86474609375,895048
2019-06-25,7810.86474609375,7810.86474609375,7696.419921875,7782.25341796875,1991683
2019-06-26,7725.03076171875,7810.86474609375,7696.419921875,7696.419921875,802620
2019-06-27,7524.75244140625,7725.03076171875,7524.75244140625,7725.03076171875,931556
2019-06-28,7725.03076171875,7725.03076171875,7438.91845703125,7496.14111328125,1869089
2019-07-01,7639.197265625,7725.03076171875,7438.91845703125,7725.03076171875,741421
2019-07-02,7524.75244140625,7639.197265625,7524.75244140625,7639.197265625,247313
2019-07-03,7438.91845703125,7553.36376953125,7410.3076171875,7496.14111328125,590028
2019-07-04,7610.5859375,7667.80859375,7467.52978515625,7467.52978515625,871055
2019-07-05,7553.36376953125,7639.197265625,7524.75244140625,7610.5859375,256506
2019-07-08,7496.14111328125,7639.197265625,7496.14111328125,7639.197265625,1504304
2019-07-09,7581.974609375,7581.974609375,7410.3076171875,7496.14111328125,1473475
2019-07-10,7496.14111328125,7610.5859375,7410.3076171875,7553.36376953125,848057
2019-07-11,7553.36376953125,7639.197265625,7467.52978515625,7496.14111328125,1686345
2019-07-12,7496.14111328125,7667.80859375,7496.14111328125,7524.75244140625,995602
2019-07-15,7553.36376953125,7610.5859375,7496.14111328125,7496.14111328125,1543185
2019-07-16,7553.36376953125,7610.5859375,7524.75244140625,7581.974609375,1734963
2019-07-17,8068.36572265625,8068.36572265625,7524.75244140625,7610.5859375,3368831
2019-07-18,7868.0869140625,8068.36572265625,7868.0869140625,7953.9208984375,1378303
2019-07-19,7925.3095703125,8211.421875,7839.4755859375,7868.0869140625,1169433
2019-07-22,7896.6982421875,8068.36572265625,7868.0869140625,7953.9208984375,1491178
2019-07-23,7896.6982421875,7953.9208984375,7782.25341796875,7953.9208984375,877398
2019-07-24,7782.25341796875,7953.9208984375,7782.25341796875,7896.6982421875,615996
2019-07-25,7953.9208984375,8068.36572265625,7782.25341796875,7782.25341796875,2064223
2019-07-26,7839.4755859375,7982.53173828125,7839.4755859375,7868.0869140625,434756
2019-07-29,7868.0869140625,7896.6982421875,7810.86474609375,7810.86474609375,986061
2019-07-30,7667.80859375,7839.4755859375,7610.5859375,7839.4755859375,1665287
2019-07-31,7524.75244140625,7667.80859375,7410.3076171875,7438.91845703125,2548351
2019-08-01,7581.974609375,7639.197265625,7467.52978515625,7467.52978515625,674889
2019-08-02,7467.52978515625,7553.36376953125,7438.91845703125,7553.36376953125,738744
2019-08-05,7381.6962890625,7581.974609375,7381.6962890625,7467.52978515625,1116499
2019-08-06,7181.41748046875,7353.0849609375,7152.806640625,7295.8623046875,1342250
2019-08-07,7210.02880859375,7295.8623046875,7152.806640625,7210.02880859375,965738
2019-08-08,7353.0849609375,7381.6962890625,7152.806640625,7152.806640625,1141525
2019-08-09,7353.0849609375,7410.3076171875,7267.25146484375,7353.0849609375,496831
2019-08-12,7324.4736328125,7324.4736328125,7210.02880859375,7324.4736328125,561456
2019-08-13,7324.4736328125,7353.0849609375,7210.02880859375,7210.02880859375,741995
2019-08-14,7450.36328125,7690.697265625,7330.19580078125,7690.697265625,503231
2019-08-15,7540.48828125,7540.48828125,7300.154296875,7450.36328125,702969
2019-08-16,7540.48828125,7570.5302734375,7450.36328125,7540.48828125,829959
2019-08-19,7570.5302734375,7570.5302734375,7450.36328125,7450.36328125,619035
2019-08-20,8081.24072265625,8081.24072265625,7570.5302734375,7570.5302734375,4216892
2019-08-21,8111.2822265625,8351.6171875,8111.2822265625,8111.2822265625,2348793
2019-08-22,8141.32421875,8321.5751953125,8081.24072265625,8081.24072265625,1131489
2019-08-23,8351.6171875,8351.6171875,8081.24072265625,8141.32421875,2058581
2019-08-26,8652.0341796875,8712.1181640625,8201.408203125,8231.44921875,3625365
2019-08-27,8742.16015625,8982.494140625,8682.076171875,8832.28515625,3847738
2019-08-28,8621.9931640625,8862.3271484375,8621.9931640625,8742.16015625,1593795
2019-08-29,8591.951171875,8772.2021484375,8591.951171875,8621.9931640625,1451144
2019-08-30,8621.9931640625,8712.1181640625,8441.7421875,8591.951171875,1740939
2019-09-03,8351.6171875,8682.076171875,8291.533203125,8682.076171875,1637917
2019-09-04,8501.826171875,8501.826171875,8261.4912109375,8321.5751953125,1085702
2019-09-05,8501.826171875,8621.9931640625,8441.7421875,8471.7841796875,667186
2019-09-06,8381.658203125,8531.8671875,8381.658203125,8531.8671875,719779
2019-09-09,8261.4912109375,8381.658203125,8231.44921875,8381.658203125,761654
2019-09-10,8021.1572265625,8381.658203125,8021.1572265625,8201.408203125,2105282
2019-09-11,8111.2822265625,8141.32421875,7961.07373046875,8021.1572265625,961959
2019-09-12,8381.658203125,8411.7001953125,8171.3662109375,8231.44921875,1126463
2019-09-13,8441.7421875,8471.7841796875,8321.5751953125,8351.6171875,1033359
2019-09-16,8561.9091796875,8682.076171875,8411.7001953125,8501.826171875,2052906
2019-09-17,8652.0341796875,8682.076171875,8471.7841796875,8471.7841796875,1381673
2019-09-18,8501.826171875,8682.076171875,8411.7001953125,8591.951171875,927090
2019-09-19,8441.7421875,8561.9091796875,8351.6171875,8501.826171875,12534706
2019-09-20,8171.3662109375,8471.7841796875,8171.3662109375,8441.7421875,911779
2019-09-23,8291.533203125,8471.7841796875,8171.3662109375,8171.3662109375,1676579
2019-09-24,8441.7421875,8471.7841796875,8261.4912109375,8261.4912109375,1145420
2019-09-25,8682.076171875,8682.076171875,8351.6171875,8411.7001953125,2593553
2019-09-26,8712.1181640625,8862.3271484375,8621.9931640625,8772.2021484375,2439167
2019-09-27,8652.0341796875,8802.2431640625,8621.9931640625,8712.1181640625,1874204
2019-09-30,8712.1181640625,8982.494140625,8652.0341796875,8652.0341796875,3006476
2019-10-01,8982.494140625,8982.494140625,8712.1181640625,8712.1181640625,3158698
2019-10-02,8982.494140625,9192.787109375,8952.4521484375,9072.6201171875,4065070
2019-10-03,9072.6201171875,9162.7451171875,8862.3271484375,8862.3271484375,2843504
2019-10-04,8862.3271484375,9192.787109375,8832.28515625,9192.787109375,1581097
2019-10-07,8892.369140625,9162.7451171875,8802.2431640625,8952.4521484375,5029193
2019-10-08,8892.369140625,9072.6201171875,8862.3271484375,8982.494140625,1757101
2019-10-09,8772.2021484375,8922.4111328125,8742.16015625,8892.369140625,1941594
2019-10-10,8712.1181640625,8862.3271484375,8712.1181640625,8772.2021484375,2079052
2019-10-11,8712.1181640625,8802.2431640625,8652.0341796875,8712.1181640625,1453007
2019-10-14,8772.2021484375,8862.3271484375,8772.2021484375,8832.28515625,1538739
2019-10-15,8802.2431640625,8802.2431640625,8712.1181640625,8772.2021484375,1211161
2019-10-16,8742.16015625,8862.3271484375,8742.16015625,8832.28515625,1141109
2019-10-17,8561.9091796875,8742.16015625,8561.9091796875,8742.16015625,2082731
2019-10-18,8501.826171875,8621.9931640625,8501.826171875,8561.9091796875,1587304
2019-10-21,8411.7001953125,8561.9091796875,8351.6171875,8561.9091796875,2099724
2019-10-22,8441.7421875,8531.8671875,8381.658203125,8411.7001953125,1248381
2019-10-23,8471.7841796875,8531.8671875,8441.7421875,8441.7421875,677572
2019-10-24,8591.951171875,8652.0341796875,8501.826171875,8501.826171875,1278651
2019-10-25,8652.0341796875,8652.0341796875,8561.9091796875,8591.951171875,822424
2019-10-28,8531.8671875,8712.1181640625,8531.8671875,8652.0341796875,760057
2019-10-29,8291.533203125,8531.8671875,8291.533203125,8531.8671875,1838654
2019-10-30,8351.6171875,8471.7841796875,8231.44921875,8291.533203125,888260
2019-10-31,8051.19873046875,8351.6171875,8051.19873046875,8351.6171875,2438967
2019-11-01,8051.19873046875,8111.2822265625,7900.98974609375,8051.19873046875,2158242
2019-11-04,8261.4912109375,8291.533203125,8081.24072265625,8081.24072265625,1548691
2019-11-05,8201.408203125,8291.533203125,8201.408203125,8261.4912109375,1015567
2019-11-06,8291.533203125,8411.7001953125,8171.3662109375,8201.408203125,1647387
2019-11-07,8261.4912109375,8351.6171875,8231.44921875,8261.4912109375,404751
2019-11-08,8111.2822265625,8321.5751953125,8111.2822265625,8321.5751953125,825599
2019-11-11,7991.115234375,8141.32421875,7991.115234375,8111.2822265625,822769
2019-11-12,8201.408203125,8321.5751953125,8051.19873046875,8051.19873046875,1786144
2019-11-13,8171.3662109375,8351.6171875,8171.3662109375,8201.408203125,800268
2019-11-14,8111.2822265625,8201.408203125,8111.2822265625,8201.408203125,481329
2019-11-15,8291.533203125,8351.6171875,8111.2822265625,8111.2822265625,2290066
2019-11-18,8171.3662109375,8351.6171875,8171.3662109375,8321.5751953125,641905
2019-11-19,8231.44921875,8261.4912109375,8141.32421875,8171.3662109375,653854
2019-11-20,8171.3662109375,8321.5751953125,8171.3662109375,8321.5751953125,405783
2019-11-21,8111.2822265625,8231.44921875,8111.2822265625,8201.408203125,812400
2019-11-22,7840.90625,8171.3662109375,7810.86474609375,8111.2822265625,1106689
2019-11-25,7840.90625,8051.19873046875,7840.90625,7931.03173828125,8856284
2019-11-26,7931.03173828125,8081.24072265625,7840.90625,7840.90625,967967
2019-11-27,7931.03173828125,8051.19873046875,7900.98974609375,7991.115234375,959345
2019-11-28,7931.03173828125,7991.115234375,7840.90625,7931.03173828125,915490
2019-11-29,7870.9482421875,7961.07373046875,7840.90625,7961.07373046875,378173
2019-12-02,7900.98974609375,7961.07373046875,7690.697265625,7900.98974609375,1001270
2019-12-03,7810.86474609375,7961.07373046875,7810.86474609375,7870.9482421875,757327
2019-12-04,8021.1572265625,8021.1572265625,7780.82275390625,7900.98974609375,632500
2019-12-05,8051.19873046875,8111.2822265625,7991.115234375,8081.24072265625,1634971
2019-12-06,8021.1572265625,8081.24072265625,7991.115234375,8051.19873046875,472856
2019-12-09,8081.24072265625,8111.2822265625,7991.115234375,8021.1572265625,935279
2019-12-10,7961.07373046875,8111.2822265625,7961.07373046875,8111.2822265625,17358720
2019-12-11,8051.19873046875,8051.19873046875,7931.03173828125,7961.07373046875,468862
2019-12-12,8231.44921875,8261.4912109375,8081.24072265625,8081.24072265625,14694734
2019-12-13,8231.44921875,8411.7001953125,8201.408203125,8291.533203125,1434633
2019-12-16,8201.408203125,8261.4912109375,8171.3662109375,8231.44921875,769427
2019-12-17,8051.19873046875,8201.408203125,8051.19873046875,8201.408203125,917753
2019-12-18,7931.03173828125,8111.2822265625,7931.03173828125,8051.19873046875,1233446
2019-12-19,8051.19873046875,8081.24072265625,7870.9482421875,7931.03173828125,702021
2019-12-20,8051.19873046875,8081.24072265625,8021.1572265625,8021.1572265625,19253746
2019-12-23,8051.19873046875,8081.24072265625,7961.07373046875,8051.19873046875,1185996
2019-12-24,8201.408203125,8351.6171875,8111.2822265625,8351.6171875,2559399
2019-12-25,8411.7001953125,8471.7841796875,8231.44921875,8231.44921875,15094707
2019-12-26,8291.533203125,8531.8671875,8291.533203125,8411.7001953125,1843596
2019-12-27,8261.4912109375,8351.6171875,8261.4912109375,8351.6171875,947778
2019-12-30,8171.3662109375,8321.5751953125,8111.2822265625,8261.4912109375,1944557
2019-12-31,8291.533203125,8291.533203125,8111.2822265625,8141.32421875,1846576
2020-01-02,8291.533203125,8351.6171875,8231.44921875,8231.44921875,1442156
2020-01-03,8351.6171875,8501.826171875,8291.533203125,8291.533203125,17254698
2020-01-06,8231.44921875,8381.658203125,8201.408203125,8381.658203125,1116476
2020-01-07,8201.408203125,8351.6171875,8171.3662109375,8171.3662109375,872300
2020-01-08,7780.82275390625,8141.32421875,7780.82275390625,8141.32421875,3795761
2020-01-09,7900.98974609375,8021.1572265625,7870.9482421875,7870.9482421875,921748
2020-01-10,7900.98974609375,8021.1572265625,7870.9482421875,7931.03173828125,2402152
2020-01-13,7780.82275390625,7991.115234375,7780.82275390625,7900.98974609375,2473486
2020-01-14,7810.86474609375,7870.9482421875,7660.65576171875,7810.86474609375,1190606
2020-01-15,7810.86474609375,7840.90625,7750.78125,7810.86474609375,1765090
2020-01-16,7780.82275390625,7840.90625,7750.78125,7810.86474609375,2052805
2020-01-17,7570.5302734375,7810.86474609375,7570.5302734375,7810.86474609375,2011530
2020-01-20,7630.61376953125,7630.61376953125,7570.5302734375,7570.5302734375,489400
2020-01-21,7870.9482421875,7870.9482421875,7630.61376953125,7630.61376953125,1993205
2020-01-22,7810.86474609375,7961.07373046875,7810.86474609375,7870.9482421875,1458467
2020-01-30,7540.48828125,7810.86474609375,7420.3212890625,7810.86474609375,1738943
2020-01-31,7270.1123046875,7570.5302734375,7270.1123046875,7480.40478515625,4582649
2020-02-03,6789.44384765625,7119.9033203125,6789.44384765625,6909.61083984375,3930358
2020-02-04,6819.48583984375,6939.65283203125,6699.318359375,6939.65283203125,2598495
2020-02-05,6849.52734375,6879.5693359375,6789.44384765625,6819.48583984375,3650513
2020-02-06,6909.61083984375,6909.61083984375,6789.44384765625,6849.52734375,3321305
2020-02-07,6969.6943359375,7179.9873046875,6939.65283203125,6969.6943359375,2201864
2020-02-10,7029.7783203125,7119.9033203125,6849.52734375,6969.6943359375,3439357
2020-02-11,7119.9033203125,7179.9873046875,6999.736328125,6999.736328125,2727333
2020-02-12,7600.572265625,7600.572265625,7149.9453125,7149.9453125,5125808
2020-02-13,7780.82275390625,7780.82275390625,7600.572265625,7600.572265625,3675878
2020-02-14,7810.86474609375,7870.9482421875,7690.697265625,7780.82275390625,1636469
2020-02-17,7870.9482421875,8051.19873046875,7750.78125,7750.78125,4484851
2020-02-18,7991.115234375,7991.115234375,7840.90625,7900.98974609375,2663737
2020-02-19,8141.32421875,8351.6171875,8111.2822265625,8111.2822265625,2697824
2020-02-20,8111.2822265625,8291.533203125,8111.2822265625,8261.4912109375,1540469
2020-02-21,7931.03173828125,8111.2822265625,7900.98974609375,7931.03173828125,1511875
2020-02-24,7570.5302734375,7690.697265625,7420.3212890625,7540.48828125,3005212
2020-02-25,7690.697265625,7720.7392578125,7420.3212890625,7570.5302734375,2037094
2020-02-26,7600.572265625,7750.78125,7540.48828125,7660.65576171875,1136466
2020-02-27,7630.61376953125,7690.697265625,7600.572265625,7690.697265625,1106891
2020-02-28,7540.48828125,7630.61376953125,7420.3212890625,7570.5302734375,1823974
2020-03-02,7450.36328125,7660.65576171875,7450.36328125,7540.48828125,816362
2020-03-03,7810.86474609375,7810.86474609375,7540.48828125,7570.5302734375,1343027
2020-03-04,8171.3662109375,8171.3662109375,7840.90625,7870.9482421875,3764172
2020-03-05,7961.07373046875,8291.533203125,7870.9482421875,8171.3662109375,1971020
2020-03-06,8111.2822265625,8111.2822265625,7750.78125,7900.98974609375,1530767
2020-03-09,7570.5302734375,7750.78125,7570.5302734375,7660.65576171875,3887416
2020-03-10,7570.5302734375,7690.697265625,7300.154296875,7510.44677734375,2754581
2020-03-11,7570.5302734375,7690.697265625,7059.81982421875,7570.5302734375,2332833
2020-03-12,7059.81982421875,7540.48828125,7059.81982421875,7119.9033203125,4372175
2020-03-13,6999.736328125,7059.81982421875,6579.1513671875,6579.1513671875,3410365
2020-03-16,6909.61083984375,7029.7783203125,6699.318359375,6909.61083984375,1683753
2020-03-17,6909.61083984375,6909.61083984375,6519.06787109375,6609.193359375,3955256
2020-03-18,7029.7783203125,7179.9873046875,6939.65283203125,7029.7783203125,2352621
2020-03-19,6969.6943359375,7029.7783203125,6729.3603515625,6819.48583984375,2103685
2020-03-20,6909.61083984375,6939.65283203125,6729.3603515625,6879.5693359375,2516194
2020-03-23,6428.9423828125,6879.5693359375,6428.9423828125,6669.27685546875,3995683
2020-03-24,6458.984375,6458.984375,6038.3994140625,6368.85888671875,2610861
2020-03-25,6609.193359375,6759.40185546875,6489.02587890625,6729.3603515625,2160622
2020-03-26,6609.193359375,6729.3603515625,6428.9423828125,6729.3603515625,2341721
2020-03-27,6609.193359375,6639.23486328125,6458.984375,6609.193359375,20986767
2020-03-30,6338.81689453125,6489.02587890625,6158.56640625,6489.02587890625,4268004
2020-03-31,6218.64990234375,6489.02587890625,5900.20703125,6218.64990234375,4062323
2020-04-01,6428.9423828125,6428.9423828125,5984.32373046875,6218.64990234375,3501488
2020-04-03,6489.02587890625,6579.1513671875,6248.69189453125,6308.775390625,4159172
2020-04-06,6639.23486328125,6699.318359375,6489.02587890625,6519.06787109375,3987711
2020-04-07,6549.109375,6639.23486328125,6428.9423828125,6639.23486328125,2607266
2020-04-08,6308.775390625,6519.06787109375,6308.775390625,6519.06787109375,3611900
2020-04-09,6729.3603515625,6729.3603515625,6398.900390625,6428.9423828125,4518471
2020-04-10,6729.3603515625,6819.48583984375,6489.02587890625,6669.27685546875,2545403
2020-04-13,6579.1513671875,6729.3603515625,6549.109375,6639.23486328125,2400110
2020-04-14,6789.44384765625,6849.52734375,6489.02587890625,6519.06787109375,4435854
2020-04-15,6819.48583984375,6879.5693359375,6699.318359375,6789.44384765625,2770706
2020-04-16,6939.65283203125,7029.7783203125,6699.318359375,6699.318359375,2895714
2020-04-17,6939.65283203125,7059.81982421875,6909.61083984375,7029.7783203125,3376778
2020-04-20,6969.6943359375,7029.7783203125,6849.52734375,7029.7783203125,2520571
2020-04-21,6849.52734375,6879.5693359375,6519.06787109375,6849.52734375,4667048
2020-04-22,6849.52734375,6849.52734375,6549.109375,6609.193359375,4312369
2020-04-23,6729.3603515625,6909.61083984375,6729.3603515625,6909.61083984375,920000
2020-04-24,6909.61083984375,7029.7783203125,6609.193359375,6729.3603515625,5114191
2020-04-27,6849.52734375,6999.736328125,6789.44384765625,6969.6943359375,1823625
2020-04-28,6849.52734375,6879.5693359375,6759.40185546875,6849.52734375,1659570
2020-04-29,6789.44384765625,6849.52734375,6729.3603515625,6819.48583984375,1598189
2020-05-04,6699.318359375,6729.3603515625,6549.109375,6729.3603515625,1607443
2020-05-05,6789.44384765625,6789.44384765625,6609.193359375,6609.193359375,1276503
2020-05-06,6819.48583984375,6849.52734375,6729.3603515625,6789.44384765625,2358397
2020-05-07,6849.52734375,6849.52734375,6729.3603515625,6819.48583984375,1255350
2020-05-08,6969.6943359375,7089.86181640625,6849.52734375,6849.52734375,4627153
2020-05-11,7149.9453125,7149.9453125,6819.48583984375,6999.736328125,4037474
2020-05-12,7330.19580078125,7420.3212890625,7029.7783203125,7149.9453125,2022614
2020-05-13,7210.02880859375,7360.23779296875,7119.9033203125,7270.1123046875,2516010
2020-05-14,7179.9873046875,7300.154296875,7119.9033203125,7149.9453125,1618793
2020-05-15,7179.9873046875,7210.02880859375,6969.6943359375,7149.9453125,2184539
2020-05-18,7149.9453125,7179.9873046875,7059.81982421875,7179.9873046875,1503737
2020-05-19,7149.9453125,7330.19580078125,7119.9033203125,7149.9453125,29219150
2020-05-20,7420.3212890625,7480.40478515625,7119.9033203125,7149.9453125,5174773
2020-05-21,7330.19580078125,7510.44677734375,7330.19580078125,7420.3212890625,1265702
2020-05-22,7330.19580078125,7390.27978515625,7210.02880859375,7270.1123046875,1223145
2020-05-25,7270.1123046875,7450.36328125,7149.9453125,7270.1123046875,2200870
2020-05-26,7360.23779296875,7420.3212890625,7270.1123046875,7360.23779296875,1674515
2020-05-27,7210.02880859375,7420.3212890625,7210.02880859375,7390.27978515625,1764058
2020-05-28,7270.1123046875,7270.1123046875,7089.86181640625,7210.02880859375,2068434
2020-05-29,7270.1123046875,7300.154296875,7149.9453125,7270.1123046875,1008561
2020-06-01,7330.19580078125,7450.36328125,7240.07080078125,7270.1123046875,947695
2020-06-02,7450.36328125,7720.7392578125,7390.27978515625,7390.27978515625,5864647
2020-06-03,7570.5302734375,7660.65576171875,7450.36328125,7450.36328125,1485213
2020-06-04,7630.61376953125,7720.7392578125,7540.48828125,7720.7392578125,1758317
2020-06-05,7630.61376953125,7660.65576171875,7510.44677734375,7660.65576171875,15963080
2020-06-08,7720.7392578125,7810.86474609375,7570.5302734375,7630.61376953125,3289683
2020-06-09,7660.65576171875,7840.90625,7630.61376953125,7750.78125,2414969
2020-06-10,7961.07373046875,8051.19873046875,7540.48828125,7630.61376953125,3303097
2020-06-11,7450.36328125,8171.3662109375,7420.3212890625,7961.07373046875,4690732
2020-06-12,7390.27978515625,7390.27978515625,7089.86181640625,7089.86181640625,2945395
2020-06-15,7240.07080078125,7390.27978515625,6909.61083984375,7360.23779296875,2970161
2020-06-16,7300.154296875,7360.23779296875,7149.9453125,7270.1123046875,1389363
2020-06-17,7210.02880859375,7450.36328125,7179.9873046875,7300.154296875,1327283
2020-06-18,7210.02880859375,7210.02880859375,7059.81982421875,7119.9033203125,1343643
2020-06-19,7390.27978515625,7420.3212890625,7179.9873046875,7179.9873046875,2026176
2020-06-22,7420.3212890625,7450.36328125,7270.1123046875,7450.36328125,1195200
2020-06-23,7480.40478515625,7540.48828125,7300.154296875,7300.154296875,18354565
2020-06-24,7420.3212890625,7510.44677734375,7300.154296875,7480.40478515625,1646239
2020-06-25,7450.36328125,7450.36328125,7210.02880859375,7270.1123046875,4211332
2020-06-26,7300.154296875,7660.65576171875,7300.154296875,7360.23779296875,1136282
2020-06-29,7300.154296875,7300.154296875,6879.5693359375,7300.154296875,3606492
2020-06-30,7360.23779296875,7390.27978515625,7149.9453125,7300.154296875,3133001
2020-07-01,7390.27978515625,7420.3212890625,7210.02880859375,7210.02880859375,1176876
2020-07-02,7360.23779296875,7480.40478515625,7270.1123046875,7390.27978515625,1132987
2020-07-03,7780.82275390625,7810.86474609375,7330.19580078125,7360.23779296875,2777047
2020-07-06,7780.82275390625,7840.90625,7600.572265625,7780.82275390625,1222029
2020-07-07,7630.61376953125,7810.86474609375,7630.61376953125,7810.86474609375,2061044
2020-07-08,7780.82275390625,7780.82275390625,7510.44677734375,7570.5302734375,2176251
2020-07-09,8111.2822265625,8231.44921875,7780.82275390625,7780.82275390625,6992991
2020-07-10,8021.1572265625,8141.32421875,7931.03173828125,8021.1572265625,2253460
2020-07-13,8201.408203125,8381.658203125,7991.115234375,8021.1572265625,5023267
2020-07-14,8201.408203125,8291.533203125,8081.24072265625,8111.2822265625,1355809
2020-07-15,8231.44921875,8381.658203125,8231.44921875,8291.533203125,2483471
2020-07-16,8111.2822265625,8231.44921875,8051.19873046875,8231.44921875,1911602
2020-07-17,8111.2822265625,8291.533203125,8051.19873046875,8171.3662109375,1682172
2020-07-20,7780.82275390625,8171.3662109375,7780.82275390625,8171.3662109375,3339014
2020-07-21,7780.82275390625,7900.98974609375,7750.78125,7840.90625,1834010
2020-07-22,7660.65576171875,7840.90625,7600.572265625,7780.82275390625,1205453
2020-07-23,7720.7392578125,7750.78125,7570.5302734375,7660.65576171875,2563228
2020-07-24,7390.27978515625,7660.65576171875,7210.02880859375,7630.61376953125,3153089
2020-07-27,7390.27978515625,7390.27978515625,6879.5693359375,7089.86181640625,7010051
2020-07-28,7420.3212890625,7570.5302734375,7210.02880859375,7390.27978515625,2825380
2020-07-29,7390.27978515625,7390.27978515625,7029.7783203125,7330.19580078125,27311790
2020-07-30,7360.23779296875,7390.27978515625,7210.02880859375,7270.1123046875,2197405
2020-07-31,7300.154296875,7450.36328125,7210.02880859375,7210.02880859375,1506250
2020-08-03,7420.3212890625,7420.3212890625,7210.02880859375,7360.23779296875,26731481
2020-08-04,7480.40478515625,7540.48828125,7420.3212890625,7450.36328125,1512025
2020-08-05,7570.5302734375,7600.572265625,7390.27978515625,7480.40478515625,2282618
2020-08-06,7390.27978515625,7570.5302734375,7390.27978515625,7540.48828125,1436381
2020-08-07,7420.3212890625,7450.36328125,7089.86181640625,7420.3212890625,1594877
2020-08-10,7420.3212890625,7480.40478515625,7390.27978515625,7420.3212890625,1429973
2020-08-11,7420.3212890625,7450.36328125,7360.23779296875,7420.3212890625,615508
2020-08-12,7630.61376953125,7720.7392578125,7420.3212890625,7420.3212890625,3532711
2020-08-13,7630.61376953125,7720.7392578125,7570.5302734375,7720.7392578125,1616280
2020-08-14,7600.572265625,7690.697265625,7570.5302734375,7630.61376953125,1322723
2020-08-17,7540.48828125,7600.572265625,7450.36328125,7600.572265625,1540237
2020-08-18,7690.697265625,7780.82275390625,7570.5302734375,7570.5302734375,3303880
2020-08-19,7720.7392578125,7750.78125,7660.65576171875,7720.7392578125,2385975
2020-08-20,7630.61376953125,7750.78125,7600.572265625,7660.65576171875,1097702
2020-08-21,7660.65576171875,7750.78125,7600.572265625,7630.61376953125,2382064
2020-08-24,7720.7392578125,7900.98974609375,7690.697265625,7750.78125,4225296
2020-08-25,7720.7392578125,7810.86474609375,7600.572265625,7750.78125,3586636
2020-08-26,7931.03173828125,8021.1572265625,7660.65576171875,7720.7392578125,3859805
2020-08-27,7870.9482421875,7961.07373046875,7810.86474609375,7931.03173828125,2103152
2020-08-28,7840.90625,8051.19873046875,7840.90625,7900.98974609375,3482365
2020-08-31,7780.82275390625,8051.19873046875,7780.82275390625,7991.115234375,3433749
2020-09-01,7810.86474609375,7870.9482421875,7750.78125,7750.78125,1710649
2020-09-03,7780.82275390625,7870.9482421875,7750.78125,7810.86474609375,2292905
2020-09-04,7810.86474609375,7810.86474609375,7690.697265625,7720.7392578125,2168762
2020-09-07,8021.1572265625,8261.4912109375,7810.86474609375,7870.9482421875,8230901
2020-09-08,8081.24072265625,8171.3662109375,8021.1572265625,8051.19873046875,2871982
2020-09-09,8141.32421875,8171.3662109375,7931.03173828125,8051.19873046875,1941395
2020-09-10,8081.24072265625,8171.3662109375,8081.24072265625,8141.32421875,2414935
2020-09-11,8201.408203125,8261.4912109375,8021.1572265625,8051.19873046875,3557693
2020-09-14,8531.8671875,8591.951171875,8231.44921875,8231.44921875,4589771
2020-09-15,8652.0341796875,8862.3271484375,8591.951171875,8591.951171875,5742666
2020-09-16,8712.1181640625,8742.16015625,8531.8671875,8591.951171875,2960342
2020-09-17,8561.9091796875,8712.1181640625,8381.658203125,8621.9931640625,4756373
2020-09-18,8742.16015625,8892.369140625,8471.7841796875,8591.951171875,2692615
2020-09-21,8682.076171875,8952.4521484375,8591.951171875,8712.1181640625,3698630
2020-09-22,8742.16015625,8772.2021484375,8561.9091796875,8591.951171875,1758033
2020-09-23,8682.076171875,8802.2431640625,8652.0341796875,8742.16015625,2188167
2020-09-24,8742.16015625,8832.28515625,8621.9931640625,8621.9931640625,5367657
2020-09-25,8742.16015625,8802.2431640625,8652.0341796875,8742.16015625,1592313
2020-09-28,9012.5361328125,9162.7451171875,8742.16015625,8802.2431640625,5823303
2020-09-29,9042.578125,9373.037109375,8892.369140625,9222.828125,4511664
2020-09-30,9162.7451171875,9342.99609375,9012.5361328125,9042.578125,6841336
2020-10-01,9703.4970703125,9703.4970703125,9222.828125,9312.9541015625,5942821
2020-10-02,10364.416015625,10364.416015625,9703.4970703125,9733.5390625,7144497
2020-10-05,11055.3779296875,11085.4189453125,10514.625,11055.3779296875,12583488
2020-10-06,10724.91796875,11355.7958984375,10514.625,10935.2099609375,9201680
2020-10-07,10634.79296875,11175.544921875,10544.6669921875,10604.7509765625,6711767
2020-10-08,10754.9599609375,10754.9599609375,10334.375,10634.79296875,9005372
2020-10-09,11055.3779296875,11115.4609375,10724.91796875,11055.3779296875,5287567
2020-10-12,10905.1689453125,11506.00390625,10905.1689453125,11295.7119140625,7419614
2020-10-13,10724.91796875,10935.2099609375,10724.91796875,10815.04296875,3219065
2020-10-14,10664.833984375,10724.91796875,10484.583984375,10694.8759765625,3665510
2020-10-15,10754.9599609375,10875.126953125,10454.5419921875,10754.9599609375,4730858
2020-10-16,10995.2939453125,11355.7958984375,10785.001953125,10815.04296875,5996995
2020-10-19,11265.669921875,11475.962890625,10785.001953125,10935.2099609375,7294221
2020-10-20,11776.380859375,11776.380859375,11175.544921875,11265.669921875,54721260
2020-10-21,11475.962890625,12076.798828125,11475.962890625,11776.380859375,4392963
2020-10-22,11656.212890625,11716.296875,11295.7119140625,11445.9208984375,4048259
2020-10-23,11536.0458984375,11776.380859375,11445.9208984375,11716.296875,3407219
2020-10-26,11716.296875,12016.71484375,11475.962890625,11656.212890625,11609212
2020-10-27,11596.1298828125,11746.3388671875,11506.00390625,11656.212890625,4940616
2020-10-28,11475.962890625,11896.5478515625,11475.962890625,11536.0458984375,7395847
2020-10-29,11506.00390625,11806.421875,11475.962890625,11536.0458984375,4457374
2020-10-30,11506.00390625,11716.296875,11355.7958984375,11716.296875,4422639
2020-11-02,11596.1298828125,11686.2548828125,11506.00390625,11506.00390625,2482574
2020-11-03,11656.212890625,11686.2548828125,11536.0458984375,11656.212890625,2371562
2020-11-04,12227.0068359375,12407.2578125,11716.296875,11716.296875,12656985
2020-11-05,11926.58984375,12317.1328125,11926.58984375,12317.1328125,3344041
2020-11-06,12016.71484375,12106.83984375,11806.421875,11926.58984375,16788796
2020-11-09,12136.8818359375,12257.048828125,11956.630859375,12016.71484375,6311473
2020-11-10,11836.4638671875,12257.048828125,11776.380859375,12136.8818359375,6999682
2020-11-11,11866.505859375,11986.6728515625,11746.3388671875,11806.421875,3706070
2020-11-12,12136.8818359375,12317.1328125,11746.3388671875,11866.505859375,4055017
2020-11-13,12166.923828125,12227.0068359375,11986.6728515625,12136.8818359375,5050747
2020-11-16,12347.1748046875,12587.5087890625,12136.8818359375,12227.0068359375,14712372
2020-11-17,12527.4248046875,12527.4248046875,12347.1748046875,12497.3837890625,4103532
2020-11-18,12497.3837890625,12707.67578125,12407.2578125,12527.4248046875,3911051
2020-11-19,12407.2578125,12617.55078125,12377.2158203125,12617.55078125,10936860
2020-11-20,12707.67578125,12887.9267578125,12377.2158203125,12437.2998046875,4980394
2020-11-23,12707.67578125,13098.21875,12677.6337890625,12767.759765625,3438974
2020-11-24,12797.80078125,12978.0517578125,12647.5927734375,12887.9267578125,5371383
2020-11-25,12827.8427734375,12917.96875,12497.3837890625,12797.80078125,5696131
2020-11-26,12617.55078125,12857.884765625,12587.5087890625,12707.67578125,33015727
2020-11-27,13038.1357421875,13458.720703125,12617.55078125,12617.55078125,10301999
2020-11-30,13458.720703125,13819.2216796875,13098.21875,13278.4697265625,8986382
2020-12-01,13518.8037109375,14059.556640625,13338.5537109375,13338.5537109375,13957574
2020-12-02,14450.099609375,14450.099609375,13879.3056640625,14119.6396484375,275893706
2020-12-03,15441.478515625,15441.478515625,15020.8935546875,15381.39453125,12185126
2020-12-04,15922.1474609375,16432.857421875,15411.4365234375,15922.1474609375,10765037
2020-12-07,15711.8544921875,16102.3974609375,15171.1025390625,15681.8125,9113804
2020-12-08,15771.9384765625,15982.23046875,15561.6455078125,15741.896484375,6063486
2020-12-09,15561.6455078125,15862.0634765625,15561.6455078125,15862.0634765625,6495234
2020-12-10,14780.5595703125,15531.603515625,14780.5595703125,15531.603515625,29093706
2020-12-11,15080.9765625,15171.1025390625,14480.1416015625,14720.4755859375,7329340
2020-12-14,15651.7705078125,15862.0634765625,14990.8515625,15261.2275390625,6420705
2020-12-15,15231.185546875,15741.896484375,15020.8935546875,15621.7294921875,7480994
2020-12-16,15261.2275390625,15501.5625,15171.1025390625,15261.2275390625,4788696
2020-12-17,15561.6455078125,15681.8125,14960.8095703125,15111.0185546875,10389727
2020-12-18,16432.857421875,16553.025390625,15561.6455078125,15561.6455078125,10813153
2020-12-21,16703.234375,16763.31640625,16192.5234375,16522.982421875,11346510
2020-12-22,16703.234375,16763.31640625,16432.857421875,16522.982421875,5253381
2020-12-23,16222.564453125,16583.06640625,15922.1474609375,16583.06640625,12893406
2020-12-24,15892.10546875,16312.6904296875,15111.0185546875,16162.4814453125,10515900
2020-12-25,15741.896484375,16222.564453125,15561.6455078125,15681.8125,7582053
2020-12-28,15711.8544921875,16042.314453125,15651.7705078125,15922.1474609375,7234821
2020-12-29,16402.81640625,16613.107421875,15621.7294921875,15741.896484375,14948228
2020-12-30,16432.857421875,17183.90234375,16432.857421875,16823.400390625,6556183
2020-12-31,16643.150390625,16793.359375,16402.81640625,16522.982421875,3893526
2021-01-04,17754.6953125,17784.73828125,16823.400390625,16943.568359375,14661244
2021-01-05,18926.326171875,18986.41015625,17904.904296875,18025.072265625,31238819
2021-01-06,18746.07421875,19497.119140625,18445.65625,19467.078125,11840589
2021-01-07,19106.576171875,19316.869140625,18325.490234375,18746.07421875,11673738
2021-01-08,18956.3671875,19437.037109375,18806.158203125,19226.744140625,5130685
2021-01-11,18896.283203125,19166.66015625,18565.82421875,19016.451171875,5627826
2021-01-12,20218.123046875,20218.123046875,18565.82421875,18926.326171875,9230141
2021-01-13,20067.9140625,20548.58203125,19947.74609375,20428.416015625,7018556
2021-01-14,20158.0390625,20368.33203125,19767.49609375,19887.662109375,6732288
2021-01-15,20248.1640625,20518.541015625,20037.87109375,20428.416015625,6711650
2021-01-18,20939.125,21660.12890625,20668.75,21660.12890625,10492883
2021-01-19,19497.119140625,21149.41796875,19497.119140625,20909.083984375,6359474
2021-01-20,19226.744140625,19767.49609375,18145.240234375,19497.119140625,6993424
2021-01-21,20037.87109375,20037.87109375,18625.908203125,19647.328125,6280085
2021-01-22,19827.580078125,20368.33203125,19737.453125,20007.830078125,6641248
2021-01-25,19887.662109375,20548.58203125,19527.162109375,19527.162109375,10011720
2021-01-26,18625.908203125,19947.74609375,18505.740234375,19947.74609375,8210230
2021-01-27,17334.111328125,18535.783203125,17334.111328125,18325.490234375,11072909
2021-01-28,16132.439453125,16522.982421875,16132.439453125,16132.439453125,4753045
2021-01-29,16132.439453125,16703.234375,15020.8935546875,15020.8935546875,13604882
2021-02-01,16102.3974609375,16643.150390625,15321.3115234375,15801.9794921875,7850065
2021-02-02,16643.150390625,17033.693359375,15982.23046875,16522.982421875,6479140
2021-02-03,17424.236328125,17664.5703125,16793.359375,17003.65234375,6772897
2021-02-04,17123.818359375,17664.5703125,16943.568359375,17424.236328125,5695899
2021-02-05,17784.73828125,17784.73828125,16823.400390625,17183.90234375,6639916
2021-02-08,17304.068359375,18565.82421875,16583.06640625,17784.73828125,8576220
2021-02-09,17514.361328125,17724.654296875,16883.484375,17304.068359375,3724811
2021-02-17,18235.365234375,18265.40625,17664.5703125,17784.73828125,5017343
2021-02-18,18505.740234375,18565.82421875,18025.072265625,18295.447265625,7669317
2021-02-19,18896.283203125,19226.744140625,18265.40625,18265.40625,7093785
2021-02-22,18595.865234375,19106.576171875,18385.57421875,18926.326171875,5080422
2021-02-23,18685.9921875,18986.41015625,18325.490234375,18625.908203125,5138674
2021-02-24,18625.908203125,19166.66015625,18325.490234375,18926.326171875,10847057
2021-02-25,18776.1171875,19046.4921875,18565.82421875,18746.07421875,8528785
2021-02-26,19677.37109375,19827.580078125,18535.783203125,18625.908203125,11633294
2021-03-01,19677.37109375,20007.830078125,19527.162109375,19947.74609375,6132956
2021-03-02,19467.078125,19767.49609375,19437.037109375,19737.453125,6723800
2021-03-03,19346.91015625,19497.119140625,19166.66015625,19346.91015625,9494606
2021-03-04,18565.82421875,19467.078125,18145.240234375,19346.91015625,9933329
2021-03-05,18325.490234375,18475.69921875,17724.654296875,18205.322265625,8608175
2021-03-08,18325.490234375,18625.908203125,18145.240234375,18565.82421875,6619278
2021-03-09,18325.490234375,18746.07421875,17514.361328125,18175.28125,6811511
2021-03-10,18355.53125,18505.740234375,18025.072265625,18385.57421875,3819844
2021-03-11,18445.65625,18625.908203125,18325.490234375,18625.908203125,5721363
2021-03-12,19106.576171875,19467.078125,18505.740234375,18625.908203125,13761830
2021-03-15,19046.4921875,19437.037109375,18956.3671875,19226.744140625,7197141
2021-03-16,18776.1171875,19046.4921875,18565.82421875,18986.41015625,5686078
2021-03-17,18746.07421875,18866.2421875,18595.865234375,18625.908203125,5638644
2021-03-18,19166.66015625,19527.162109375,18655.94921875,18806.158203125,10143702
2021-03-19,19497.119140625,19677.37109375,19226.744140625,19226.744140625,9641402
2021-03-22,19376.953125,19557.203125,19106.576171875,19527.162109375,6300389
2021-03-23,18685.9921875,19376.953125,18565.82421875,19376.953125,9881401
2021-03-24,18325.490234375,18685.9921875,17964.98828125,18325.490234375,8533612
2021-03-25,18235.365234375,18565.82421875,17934.947265625,18325.490234375,4902669
2021-03-26,17964.98828125,18265.40625,17063.734375,18025.072265625,6442858
2021-03-29,18025.072265625,18265.40625,17874.86328125,18025.072265625,5225719
2021-03-30,18439.6484375,18604.87890625,18241.373046875,18571.83203125,4171007
2021-03-31,18241.373046875,18571.83203125,18175.28125,18505.740234375,2287571
2021-04-01,19166.66015625,19166.66015625,18241.373046875,18472.6953125,3107034
2021-04-02,19298.84375,19794.533203125,19166.66015625,19629.302734375,5227112
2021-04-05,19232.751953125,19563.2109375,19034.4765625,19364.935546875,4580286
2021-04-06,19034.4765625,19199.705078125,18902.29296875,19034.4765625,3283607
2021-04-07,19364.935546875,19530.166015625,18704.015625,18869.24609375,5360259
2021-04-08,20422.40625,20488.498046875,19464.07421875,19497.119140625,15853371
2021-04-09,20257.177734375,20488.498046875,20224.130859375,20488.498046875,5024213
2021-04-12,20389.361328125,20488.498046875,20025.85546875,20323.26953125,8210230
2021-04-13,19761.48828125,20488.498046875,19563.2109375,20488.498046875,7854664
2021-04-14,19695.39453125,19761.48828125,19298.84375,19497.119140625,4985176
2021-04-15,19166.66015625,19761.48828125,19166.66015625,19695.39453125,8870976
2021-04-16,18770.109375,19199.705078125,18241.373046875,18836.201171875,9392371
2021-04-19,19232.751953125,19298.84375,18439.6484375,18770.109375,4807696
2021-04-20,18869.24609375,19431.02734375,18505.740234375,19397.982421875,4125464
2021-04-22,18076.142578125,18869.24609375,18043.09765625,18505.740234375,5078228
2021-04-23,18505.740234375,18505.740234375,17514.361328125,17977.005859375,5161749
2021-04-26,17712.63671875,18505.740234375,17712.63671875,18505.740234375,3049539
2021-04-27,17382.177734375,17778.73046875,17382.177734375,17646.544921875,4201117
2021-04-28,17481.31640625,17778.73046875,17283.0390625,17415.224609375,2762817
2021-04-29,17679.591796875,18175.28125,17448.26953125,17514.361328125,3264997
2021-05-04,17844.822265625,18076.142578125,17117.810546875,17183.90234375,3872484
2021-05-05,18109.189453125,18208.326171875,17943.958984375,17977.005859375,5394909
2021-05-06,18373.556640625,18704.015625,17977.005859375,18109.189453125,7099656
2021-05-07,17877.8671875,18439.6484375,17745.68359375,18373.556640625,4353481
2021-05-10,17778.73046875,18076.142578125,17481.31640625,17712.63671875,4241667
2021-05-11,18307.46484375,18836.201171875,17646.544921875,17712.63671875,11422573
2021-05-12,18604.87890625,18704.015625,18241.373046875,18439.6484375,5774986
2021-05-13,18538.787109375,18836.201171875,18439.6484375,18571.83203125,6233438
2021-05-14,18902.29296875,19166.66015625,18439.6484375,18538.787109375,9922390
2021-05-17,18505.740234375,19100.568359375,18373.556640625,18902.29296875,5407618
2021-05-18,17910.9140625,18505.740234375,17844.822265625,18439.6484375,6203177
2021-05-19,17514.361328125,17811.775390625,17382.177734375,17580.453125,8152280
2021-05-20,18241.373046875,18307.46484375,17316.0859375,17481.31640625,6297893
2021-05-21,18604.87890625,18836.201171875,18175.28125,18373.556640625,8333391
2021-05-24,19893.671875,19893.671875,18604.87890625,18604.87890625,20209577
2021-05-25,19530.166015625,20224.130859375,19530.166015625,20025.85546875,9681665
2021-05-26,19959.763671875,20158.0390625,19298.84375,19397.982421875,12502584
2021-05-27,20488.498046875,21149.41796875,19959.763671875,19959.763671875,13062562
2021-05-28,20785.912109375,21083.326171875,20587.63671875,20951.142578125,8032749
2021-05-31,21083.326171875,21149.41796875,20124.9921875,20620.681640625,11677068
2021-06-01,21479.876953125,22140.796875,21215.509765625,21215.509765625,8431135
2021-06-02,20885.05078125,21612.060546875,20686.775390625,21281.6015625,11147956
2021-06-03,21248.556640625,21413.78515625,20818.958984375,21149.41796875,11971052
2021-06-04,21579.015625,21810.337890625,21281.6015625,21281.6015625,11408653
2021-06-07,20818.958984375,21744.24609375,20091.947265625,21711.19921875,10918427
2021-06-08,20182.4921875,21806.37109375,20105.166015625,21265.078125,10194812
2021-06-09,19989.173828125,20143.830078125,18945.251953125,19795.85546875,8352908
2021-06-10,19099.90625,19873.18359375,18945.251953125,19718.52734375,9569680
2021-06-11,19486.544921875,19718.52734375,18945.251953125,19099.90625,7650183
2021-06-14,19718.52734375,20027.837890625,19331.890625,19563.873046875,5577959
2021-06-15,20259.8203125,20414.4765625,19447.880859375,19718.52734375,7099797
2021-06-16,20337.1484375,20994.431640625,20259.8203125,20414.4765625,11764628
2021-06-17,20337.1484375,20569.130859375,19718.52734375,19718.52734375,5916131
2021-06-18,20917.10546875,21265.078125,20105.166015625,20414.4765625,14086568
2021-06-21,20801.11328125,21149.087890625,20685.123046875,20878.44140625,7003841
2021-06-22,20646.458984375,21033.095703125,20491.802734375,20955.76953125,4787555
2021-06-23,19873.18359375,20607.794921875,19834.51953125,20569.130859375,10124721
2021-06-24,19641.19921875,20027.837890625,19486.544921875,19795.85546875,5362512
2021-06-25,19795.85546875,19911.845703125,19370.552734375,19641.19921875,4826610
2021-06-28,20414.4765625,20491.802734375,19641.19921875,19757.19140625,9242629
2021-06-29,20182.4921875,20491.802734375,20105.166015625,20491.802734375,3865116
2021-06-30,19834.51953125,20182.4921875,19834.51953125,20182.4921875,3531470
2021-07-01,20066.501953125,20105.166015625,19641.19921875,19834.51953125,4734275
2021-07-02,19718.52734375,20182.4921875,19718.52734375,20182.4921875,5244701
2021-07-05,19254.5625,19757.19140625,19177.234375,19718.52734375,6111921
2021-07-06,17939.994140625,19331.890625,17939.994140625,19331.890625,7733206
2021-07-07,17398.701171875,17939.994140625,16896.072265625,17708.01171875,8240270
2021-07-08,17939.994140625,18558.615234375,17669.34765625,17785.337890625,5437259
2021-07-09,18171.9765625,18171.9765625,17012.0625,18017.322265625,3951889
2021-07-12,17630.68359375,17862.666015625,16934.736328125,17862.666015625,8040341
2021-07-13,17630.68359375,17669.34765625,17012.0625,17398.701171875,2790466
2021-07-14,17592.01953125,18171.9765625,17166.71875,17553.35546875,4134231
2021-07-15,17746.67578125,18017.322265625,17282.708984375,17282.708984375,2570622
2021-07-16,18287.96875,18403.958984375,17708.01171875,17746.67578125,5241986
2021-07-19,17012.0625,18171.9765625,17012.0625,17514.69140625,7628069
2021-07-20,17244.044921875,17398.701171875,16316.115234375,17089.390625,4291354
2021-07-21,17012.0625,17514.69140625,17012.0625,17244.044921875,2949530
2021-07-22,18171.9765625,18171.9765625,16818.744140625,16973.3984375,9667187
2021-07-23,18171.9765625,18945.251953125,18133.3125,18326.630859375,8545982
2021-07-26,19061.244140625,19331.890625,17939.994140625,18017.322265625,8882602
2021-07-27,18945.251953125,19370.552734375,18558.615234375,19331.890625,8978041
2021-07-28,19293.2265625,19718.52734375,18790.59765625,18867.923828125,9112145
2021-07-29,19447.880859375,19486.544921875,19099.90625,19370.552734375,7118290
2021-07-30,19795.85546875,20221.15625,19409.216796875,19486.544921875,10822273
2021-08-02,19563.873046875,20182.4921875,19486.544921875,19525.208984375,6637607
2021-08-03,19989.173828125,20066.501953125,19447.880859375,19602.537109375,8899026
2021-08-04,21033.095703125,21265.078125,20337.1484375,20375.8125,24309056
2021-08-05,21458.3984375,21767.708984375,20917.10546875,21033.095703125,13384232
2021-08-06,22463.65625,22927.62109375,21187.751953125,21497.0625,22167387
2021-08-09,23816.888671875,23894.216796875,22618.310546875,22656.974609375,17829348
2021-08-10,23430.25,24319.517578125,23004.94921875,24126.19921875,29049798
2021-08-11,23662.232421875,23855.552734375,22966.28515625,23430.25,20266771
2021-08-12,25170.12109375,25286.111328125,23971.54296875,23971.54296875,24447170
2021-08-13,26291.37109375,26755.3359375,23894.216796875,24744.818359375,20599900
2021-08-16,26214.04296875,27064.646484375,26214.04296875,27064.646484375,16849490
2021-08-17,24860.810546875,25943.396484375,24860.810546875,25866.068359375,22832739
2021-08-18,26291.37109375,26600.6796875,24667.4921875,24744.818359375,15717552
2021-08-19,26909.990234375,27296.62890625,26678.0078125,26678.0078125,10323874
2021-08-20,25131.45703125,26987.318359375,25054.12890625,26562.017578125,29576001
2021-08-23,25092.79296875,25904.732421875,24435.509765625,24938.138671875,17252969
2021-08-24,23662.232421875,25672.75,23584.90625,25518.09375,17562043
2021-08-25,25286.111328125,25286.111328125,23662.232421875,23816.888671875,12513649
2021-08-26,25170.12109375,25904.732421875,24744.818359375,25750.078125,11272177
2021-08-27,26059.38671875,26678.0078125,24667.4921875,24744.818359375,22524311
2021-08-30,26059.38671875,26600.6796875,25750.078125,26136.71484375,14418339
2021-08-31,26987.318359375,27528.611328125,25904.732421875,26136.71484375,24365181
2021-09-01,27567.275390625,27837.921875,26755.3359375,26909.990234375,11515946
2021-09-06,26987.318359375,28031.240234375,26948.654296875,27799.2578125,16110556
2021-09-07,25750.078125,26832.6640625,25518.09375,26678.0078125,24411995
2021-09-08,25982.060546875,26330.033203125,25556.7578125,25556.7578125,8671552
2021-09-09,26368.697265625,26523.353515625,25904.732421875,26291.37109375,5342597
2021-09-10,26059.38671875,26523.353515625,25982.060546875,26523.353515625,8065559
2021-09-13,25170.12109375,26291.37109375,25015.46484375,26098.05078125,17809433
2021-09-14,24551.5,25479.431640625,24048.87109375,24976.80078125,14238778
2021-09-15,25054.12890625,25518.09375,24358.181640625,24512.8359375,6211110
2021-09-16,25595.421875,25672.75,25092.79296875,25402.103515625,6677308
2021-09-17,26330.033203125,26523.353515625,25750.078125,25982.060546875,12749658
2021-09-20,24744.818359375,26214.04296875,24744.818359375,25866.068359375,15283296
2021-09-21,24822.146484375,25363.439453125,23662.232421875,24048.87109375,15341490
2021-09-22,24899.474609375,25286.111328125,24590.1640625,24976.80078125,6240077
2021-09-23,24590.1640625,25634.0859375,24590.1640625,25131.45703125,7154111
2021-09-24,24435.509765625,24860.810546875,24435.509765625,24590.1640625,5445535
2021-09-27,22734.302734375,24667.4921875,22734.302734375,24396.845703125,12936526
2021-09-28,23971.54296875,23971.54296875,22270.337890625,22424.9921875,11432534
2021-09-29,23971.54296875,24512.8359375,23507.578125,23816.888671875,8710348
2021-09-30,23971.54296875,24744.818359375,23932.87890625,24203.525390625,4597843
2021-10-01,23584.90625,24126.19921875,23584.90625,23700.896484375,6399549
2021-10-04,23236.931640625,24280.853515625,22811.630859375,23584.90625,7858259
2021-10-05,24048.87109375,24280.853515625,23198.267578125,23584.90625,5927123
2021-10-06,25711.4140625,25711.4140625,24358.181640625,24667.4921875,16191381
2021-10-07,25711.4140625,26368.697265625,25711.4140625,25904.732421875,7990036
2021-10-08,25982.060546875,26678.0078125,25827.404296875,26136.71484375,9074901
2021-10-11,25982.060546875,26600.6796875,25904.732421875,26291.37109375,10044801
2021-10-12,26909.990234375,27219.30078125,25943.396484375,26175.37890625,14245761
2021-10-13,27373.95703125,27605.939453125,26987.318359375,27219.30078125,10112694
2021-10-14,28920.5078125,28997.833984375,27605.939453125,27683.265625,17272237
2021-10-15,28920.5078125,29539.126953125,28379.21484375,29152.490234375,12161770
2021-10-18,29500.46484375,29693.783203125,29036.498046875,29036.498046875,11561078
2021-10-19,28881.84375,29500.46484375,28843.1796875,29423.13671875,10793564
2021-10-20,29655.119140625,30389.73046875,28804.515625,28804.515625,12759487
2021-10-21,30853.6953125,30931.0234375,29809.7734375,30080.419921875,10030576
2021-10-22,32941.5390625,32980.203125,30969.6875,31317.662109375,14147995
2021-10-25,31858.955078125,33908.13671875,31858.955078125,33250.8515625,12385623
2021-10-26,33482.83203125,33598.82421875,31240.333984375,31858.955078125,15951104
2021-10-27,35725.33203125,35802.66015625,34024.125,34294.7734375,10446598
2021-10-28,37890.50390625,37890.50390625,36189.296875,36343.953125,8909113
2021-10-29,39359.7265625,40055.67578125,38277.140625,38586.453125,14089284
2021-11-01,42066.19140625,42066.19140625,38509.125,39359.7265625,14371331
2021-11-02,45004.640625,45004.640625,44076.70703125,44076.70703125,5454200
2021-11-03,41911.5390625,48097.7421875,41911.5390625,48097.7421875,30030173
2021-11-04,43380.76171875,44463.34765625,39669.0390625,41756.8828125,20549594
2021-11-05,42994.125,45468.60546875,42916.796875,44849.984375,8170566
2021-11-08,42994.125,44076.70703125,42220.84765625,42994.125,9547307
2021-11-09,44849.984375,45236.62109375,42298.17578125,42607.484375,11046514
2021-11-10,47943.0859375,47943.0859375,45623.26171875,46396.53515625,8174187
2021-11-11,51268.171875,51268.171875,48329.7265625,50108.2578125,11004356
2021-11-12,54825.23828125,54825.23828125,51422.828125,51886.79296875,8588917
2021-11-15,52582.7421875,58382.30859375,51036.1875,55521.1875,15958863
2021-11-16,51809.46484375,53974.63671875,50494.89453125,51190.84375,12569904
2021-11-17,51964.12109375,52582.7421875,51036.1875,51500.15625,6523547
2021-11-18,55598.515625,55598.515625,52660.06640625,53356.015625,7381714
2021-11-19,54129.29296875,58768.9453125,51964.12109375,58768.9453125,11140788
2021-11-22,50340.2421875,55211.87890625,50340.2421875,54129.29296875,13181458
2021-11-23,47169.8125,50108.2578125,46860.5,46860.5,17641187
2021-11-24,48793.69140625,49876.27734375,47169.8125,48793.69140625,6117223
2021-11-25,52196.1015625,52196.1015625,49566.96484375,49566.96484375,4032197
2021-11-26,54051.96484375,55830.49609375,52582.7421875,55830.49609375,11382358
2021-11-29,54206.62109375,55521.1875,52660.06640625,53356.015625,6227533
2021-11-30,52969.37890625,55675.84375,51577.48046875,54361.2734375,12260182
2021-12-01,50572.22265625,52505.4140625,50417.5703125,52505.4140625,8053015
2021-12-02,52814.72265625,53742.65234375,50804.20703125,51809.46484375,6211368
2021-12-03,50262.9140625,55211.87890625,50262.9140625,53588.0,7246575
2021-12-06,49798.94921875,52118.7734375,47788.43359375,51345.5,7455039
2021-12-07,52582.7421875,52969.37890625,48716.36328125,50804.20703125,5444113
2021-12-08,52814.72265625,55289.203125,51500.15625,52814.72265625,8330018
2021-12-09,53665.328125,54051.96484375,52814.72265625,52814.72265625,4285794
2021-12-10,52969.37890625,54902.56640625,52737.39453125,54129.29296875,5915872
2021-12-13,56603.7734375,56603.7734375,52582.7421875,52969.37890625,11748334
2021-12-14,60238.16796875,60315.49609375,57377.05078125,57377.05078125,6784127
2021-12-15,63021.9609375,63408.59765625,61475.41015625,63408.59765625,7308519
2021-12-16,67429.6328125,67429.6328125,63021.9609375,63717.91015625,8056248
2021-12-17,70368.078125,71914.6328125,67274.9765625,70213.421875,11520342
2021-12-20,67274.9765625,70445.40625,65728.421875,70368.078125,9425100
2021-12-21,71914.6328125,71914.6328125,65728.421875,66888.3359375,8260444
2021-12-22,74466.4375,76554.28125,73538.5078125,75781.0078125,6144898
2021-12-23,69285.4921875,74621.09375,69285.4921875,74543.765625,13200597
2021-12-24,69594.8046875,72069.2890625,67429.6328125,67429.6328125,5310655
2021-12-27,74466.4375,74466.4375,69208.1640625,70368.078125,5483814
2021-12-28,78487.4765625,79106.09375,74930.40625,77095.578125,6850468
2021-12-29,75007.734375,80807.296875,74079.8046875,79647.3828125,6416987
2021-12-30,74234.4609375,77327.5625,73461.1796875,75007.734375,4482101
2021-12-31,74775.75,76244.9765625,73461.1796875,75007.734375,4257602
2022-01-04,79956.6953125,79956.6953125,75858.3359375,77327.5625,4573143
2022-01-05,85524.28125,85524.28125,81967.2109375,85524.28125,7056604
2022-01-06,84673.6796875,88076.09375,83513.765625,84441.6953125,6645366
2022-01-07,90550.5703125,90550.5703125,83513.765625,85910.921875,5487435
2022-01-10,86606.8671875,96814.1015625,86606.8671875,89622.640625,7886968
2022-01-11,92638.4140625,92638.4140625,86993.5078125,88926.6953125,7508319
2022-01-12,86220.2265625,96659.453125,86220.2265625,92019.796875,17816157
2022-01-13,80188.6796875,89699.96875,80188.6796875,86606.8671875,7986156
2022-01-14,74698.421875,81967.2109375,74621.09375,74621.09375,16688746
2022-01-17,69517.4765625,77250.234375,69517.4765625,77095.578125,10825765
2022-01-18,64723.16796875,64723.16796875,64723.16796875,64723.16796875,906274
2022-01-19,60238.16796875,60238.16796875,60238.16796875,60238.16796875,880539
2022-01-20,64413.85546875,64413.85546875,56062.48046875,56062.48046875,16854922
2022-01-21,68898.859375,68898.859375,64413.85546875,68898.859375,10849172
2022-01-24,64104.546875,70368.078125,64104.546875,69749.4609375,8469296
2022-01-25,64955.1484375,66579.03125,59619.546875,59619.546875,9611967
2022-01-26,65728.421875,69440.1484375,64955.1484375,65032.4765625,6052563
2022-01-27,61166.09765625,66501.703125,61166.09765625,65728.421875,3896799
2022-01-28,56913.08203125,59619.546875,56913.08203125,56913.08203125,11735143
2022-02-07,52969.37890625,59542.22265625,52969.37890625,57609.03125,6816845
2022-02-08,49334.984375,50958.86328125,49334.984375,49412.3125,8639351
2022-02-09,52737.39453125,52737.39453125,45932.5703125,45932.5703125,13214046
2022-02-10,56371.7890625,56371.7890625,55057.22265625,56371.7890625,5502953
2022-02-11,53356.015625,57918.34375,53356.015625,54902.56640625,6370303
2022-02-14,57067.73828125,57067.73828125,51036.1875,51036.1875,8747075
2022-02-15,61011.4453125,61011.4453125,57222.39453125,57841.015625,6221843
2022-02-16,65264.4609375,65264.4609375,63408.59765625,63795.23828125,4224625
2022-02-17,66269.71875,68821.53125,64955.1484375,67429.6328125,9791851
2022-02-18,70754.71875,70832.046875,64955.1484375,65728.421875,7166914
2022-02-21,73461.1796875,75471.6953125,71373.3359375,72687.90625,6197273
2022-02-22,68357.5625,71373.3359375,68357.5625,68357.5625,15791653
2022-02-23,71914.6328125,72687.90625,68357.5625,69594.8046875,7834205
2022-02-24,67584.2890625,72687.90625,66888.3359375,71141.3515625,13985440
2022-02-25,68125.578125,71064.0234375,68125.578125,69826.7890625,5405963
2022-02-28,66501.703125,68821.53125,64955.1484375,67274.9765625,5849402
2022-03-01,71141.3515625,71141.3515625,66501.703125,66579.03125,9513425
2022-03-02,71373.3359375,73847.8203125,69594.8046875,72610.578125,6045322
2022-03-03,72223.9375,73074.546875,71141.3515625,71914.6328125,4347609
2022-03-04,74389.109375,76244.9765625,71759.9765625,72687.90625,6806499
2022-03-07,72765.234375,75394.3671875,71914.6328125,74930.40625,5551578
2022-03-08,67738.9453125,72223.9375,67738.9453125,69749.4609375,12246604
2022-03-09,68125.578125,68821.53125,63640.58203125,68666.875,8168109
2022-03-10,70368.078125,71914.6328125,69749.4609375,70986.703125,3899515
2022-03-11,68048.25,70368.078125,66888.3359375,69208.1640625,5099734
2022-03-14,69208.1640625,71141.3515625,65728.421875,66501.703125,7385077
2022-03-15,70600.0625,71296.0078125,69594.8046875,71141.3515625,3990168
2022-03-16,69904.1171875,71759.9765625,69904.1171875,71759.9765625,3800585
2022-03-17,70832.046875,71527.9921875,70290.75,70368.078125,3856839
2022-03-18,73461.1796875,75239.71875,70754.71875,71141.3515625,11270884
2022-03-21,78564.796875,78564.796875,74157.1328125,74234.4609375,7683935
2022-03-22,79260.75,83591.09375,78564.796875,81193.9375,6738735
2022-03-23,82121.8671875,82740.4921875,78100.8359375,79260.75,6211110
2022-03-24,81348.59375,84441.6953125,80884.625,83513.765625,4844456
2022-03-25,78874.109375,82353.8515625,78874.109375,81348.59375,6470008
2022-03-28,73383.8515625,77250.234375,73383.8515625,76012.9921875,20397772
2022-03-29,78487.4765625,78487.4765625,74621.09375,75007.734375,5761076
2022-03-30,73461.1796875,79647.3828125,72997.21875,78100.8359375,10549149
2022-03-31,71527.9921875,75162.390625,70368.078125,73770.4921875,5401955
2022-04-01,75317.046875,75549.0234375,70368.078125,71527.9921875,6279520
2022-04-04,73461.1796875,77327.5625,73461.1796875,77250.234375,5521964
2022-04-05,72301.265625,75007.734375,71218.6796875,71218.6796875,7763079
2022-04-06,67274.9765625,71914.6328125,67274.9765625,71141.3515625,17012304
2022-04-07,64181.875,67274.9765625,62789.9765625,66115.0625,11215018
2022-04-08,64645.83984375,65728.421875,63408.59765625,64259.203125,6337714
2022-04-12,60160.83984375,66424.375,60160.83984375,65651.1015625,8024693
2022-04-13,61475.41015625,61475.41015625,56139.80859375,61088.7734375,12777850
2022-04-14,57609.03125,62635.32421875,57377.05078125,62248.68359375,7925117
2022-04-15,53588.0,57145.06640625,53588.0,56139.80859375,12820784
2022-04-18,56603.7734375,56603.7734375,50417.5703125,51964.12109375,12993556
2022-04-19,55830.49609375,58382.30859375,55675.84375,57531.703125,8578959
2022-04-20,53742.65234375,56681.1015625,53742.65234375,54902.56640625,6249259
2022-04-21,50030.9296875,53356.015625,50030.9296875,50030.9296875,13520276
2022-04-22,46783.171875,51809.46484375,46551.19140625,47943.0859375,11249158
2022-04-25,43535.41796875,48561.70703125,43535.41796875,47943.0859375,10124074
2022-04-26,46551.19140625,46551.19140625,40519.640625,40519.640625,13305476
2022-04-27,49798.94921875,49798.94921875,43380.76171875,47169.8125,13417079
2022-04-28,47788.43359375,50804.20703125,47556.44921875,49876.27734375,8303895
2022-04-29,50262.9140625,51036.1875,47169.8125,47169.8125,10025015
2022-05-04,47169.8125,50108.2578125,47169.8125,49103.0,9073996
2022-05-05,44927.3125,48484.37890625,43999.3828125,48252.3984375,9206808
2022-05-06,41834.2109375,44463.34765625,41834.2109375,43303.43359375,9078651
2022-05-09,38973.08984375,40906.27734375,38973.08984375,40596.96875,11340846
2022-05-10,40983.60546875,40983.60546875,36266.625,36421.28125,18242525
2022-05-11,43844.7265625,43844.7265625,39050.41796875,42530.15625,15054529
2022-05-12,40828.953125,44772.65625,40828.953125,43999.3828125,12011629
2022-05-13,38006.49609375,40596.96875,38006.49609375,40596.96875,16062190
2022-05-16,37503.8671875,40364.984375,37503.8671875,40210.33203125,9220257
2022-05-17,40055.67578125,40055.67578125,37117.23046875,37503.8671875,7898736
2022-05-18,42839.46875,42839.46875,40828.953125,41215.58984375,11867049
2022-05-19,42839.46875,43458.08984375,41292.91796875,41292.91796875,8864756
2022-05-20,45545.93359375,45777.9140625,42839.46875,43226.10546875,10624801
2022-05-23,42375.50390625,45932.5703125,42375.50390625,45777.9140625,12501623
2022-05-24,44849.984375,44849.984375,39823.69140625,41370.24609375,11217475
2022-05-25,46473.86328125,47556.44921875,44308.69140625,45545.93359375,9932163
2022-05-26,45623.26171875,47401.79296875,45313.94921875,46396.53515625,6780764
2022-05-27,46551.19140625,47943.0859375,45236.62109375,45623.26171875,9080074
2022-05-30,47479.12109375,48484.37890625,46628.51953125,47169.8125,6464060
2022-05-31,46705.84765625,48484.37890625,46164.5546875,47169.8125,10205546
2022-06-01,45236.62109375,46783.171875,44463.34765625,46396.53515625,12021069
2022-06-02,43071.44921875,46241.87890625,42916.796875,45236.62109375,11379642
2022-06-03,44231.36328125,45159.29296875,42143.51953125,42762.140625,8465028
2022-06-06,41138.26171875,44772.65625,41138.26171875,44772.65625,8513523
2022-06-07,40906.27734375,40983.60546875,38509.125,40983.60546875,10640190
2022-06-08,42530.15625,43767.3984375,41215.58984375,41370.24609375,6657134
2022-06-09,42143.51953125,43690.0703125,42143.51953125,42684.8125,3904041
2022-06-10,40210.33203125,42066.19140625,40210.33203125,41370.24609375,6985737
2022-06-13,37426.5390625,39359.7265625,37426.5390625,38586.453125,10693212
2022-06-14,34874.73046875,38277.140625,34874.73046875,36343.953125,8722375
2022-06-15,32438.912109375,35918.65234375,32438.912109375,34874.73046875,15034096
2022-06-16,30196.412109375,33985.4609375,30196.412109375,33250.8515625,12156855
2022-06-17,28108.568359375,29384.47265625,28108.568359375,28611.197265625,17878231
2022-06-20,26175.37890625,28959.171875,26175.37890625,27837.921875,12384847
2022-06-21,24358.181640625,26136.71484375,24358.181640625,24744.818359375,12314884
2022-06-22,26059.38671875,26059.38671875,24280.853515625,25131.45703125,12164227
2022-06-23,27876.5859375,27876.5859375,26755.3359375,27683.265625,9780212
2022-06-24,27103.310546875,29732.447265625,27103.310546875,28263.22265625,15331661
2022-06-27,27915.248046875,28572.533203125,26291.37109375,27025.982421875,10312752
2022-06-28,29848.4375,29848.4375,27837.921875,28301.88671875,9948328
2022-06-29,29384.47265625,30544.38671875,28881.84375,29384.47265625,9765599
2022-06-30,27373.95703125,29500.46484375,27335.29296875,29307.14453125,14233088
2022-07-01,28224.55859375,29229.818359375,25518.09375,26678.0078125,14037815
2022-07-04,28301.88671875,29384.47265625,28147.232421875,28843.1796875,5245348
2022-07-05,26987.318359375,28611.197265625,26639.34375,28263.22265625,6582129
2022-07-06,26987.318359375,28572.533203125,26330.033203125,26330.033203125,10131575
2022-07-07,27799.2578125,28185.89453125,27335.29296875,27451.283203125,6548894
2022-07-08,29732.447265625,29732.447265625,28340.55078125,28611.197265625,22880199
2022-07-11,31008.3515625,31433.65234375,29384.47265625,30003.09375,15273209
2022-07-12,33173.5234375,33173.5234375,31510.98046875,31510.98046875,10252101
2022-07-13,32168.265625,33598.82421875,31588.30859375,33250.8515625,15823336
2022-07-14,32786.88671875,33405.50390625,31742.962890625,31742.962890625,10124074
2022-07-15,32438.912109375,34294.7734375,32438.912109375,33598.82421875,11736307
2022-07-18,30660.376953125,32902.875,30235.076171875,32477.57421875,21950647
2022-07-19,31510.98046875,32361.583984375,29771.111328125,30273.740234375,11880757
2022-07-20,32477.57421875,33173.5234375,31704.298828125,32322.919921875,13512129
2022-07-21,34339.62109375,34764.15234375,34056.60546875,34716.98046875,13619516
2022-07-22,33679.24609375,34481.1328125,33584.90625,33962.265625,6378868
2022-07-25,33207.546875,33820.75390625,32405.66015625,33018.8671875,7174398
2022-07-26,33113.20703125,33962.265625,33113.20703125,33490.56640625,4823636
2022-07-27,34433.9609375,34433.9609375,32547.169921875,32971.69921875,5714460
2022-07-28,36745.28125,36839.62109375,35235.84765625,35518.8671875,15692452
2022-07-29,36132.07421875,36886.79296875,36132.07421875,36792.453125,7196552
2022-08-01,37311.3203125,37830.1875,36273.5859375,36273.5859375,6860532
2022-08-02,37358.4921875,38160.37890625,36603.7734375,37688.6796875,8015508
2022-08-03,37264.15234375,37358.4921875,36320.75390625,36320.75390625,9184900
2022-08-04,37405.66015625,38584.90625,37264.15234375,37877.359375,7511478
2022-08-05,38726.4140625,38962.265625,37075.47265625,37264.15234375,8906014
2022-08-08,38443.39453125,39528.30078125,38160.37890625,39528.30078125,7458054
2022-08-09,38632.07421875,39198.11328125,38066.0390625,38584.90625,5942360
2022-08-10,39716.98046875,40377.359375,38349.0546875,38537.734375,10714692
2022-08-11,37735.84765625,40283.01953125,37264.15234375,40188.6796875,13382394
2022-08-12,38254.71875,38632.07421875,37358.4921875,37735.84765625,6978722
2022-08-15,38396.2265625,38820.75390625,37971.69921875,38679.24609375,5940240
2022-08-16,38915.09375,39150.9453125,38207.546875,38396.2265625,6817814
2022-08-17,38867.92578125,40377.359375,38773.5859375,39009.43359375,11954256
2022-08-18,38490.56640625,39009.43359375,38207.546875,38679.24609375,6707044
2022-08-19,38396.2265625,39150.9453125,37924.52734375,38490.56640625,6828414
2022-08-22,35990.56640625,38160.37890625,35849.0546875,37830.1875,15376678
2022-08-23,37735.84765625,37735.84765625,35424.52734375,35424.52734375,8086210
2022-08-24,37358.4921875,38160.37890625,37216.98046875,37924.52734375,5545602
2022-08-25,37735.84765625,38301.88671875,37169.8125,37358.4921875,6401764
2022-08-26,37830.1875,38679.24609375,37452.83203125,37924.52734375,9550600
2022-08-29,37547.16796875,37547.16796875,35849.0546875,36792.453125,9862876
2022-08-30,35849.0546875,37924.52734375,35849.0546875,37735.84765625,8015402
2022-08-31,35849.0546875,36367.92578125,34905.66015625,35094.33984375,9756558
2022-09-05,35566.0390625,36415.09375,35566.0390625,35849.0546875,5584292
2022-09-06,36320.75390625,36650.9453125,35518.8671875,35660.37890625,6702062
2022-09-07,34433.9609375,36603.7734375,34433.9609375,36179.24609375,8264714
2022-09-08,33018.8671875,35188.6796875,33018.8671875,35094.33984375,9324502
2022-09-09,34905.66015625,34905.66015625,31132.076171875,33396.2265625,12795578
2022-09-12,33962.265625,34905.66015625,33962.265625,34905.66015625,4798514
2022-09-13,33584.90625,33962.265625,33018.8671875,33962.265625,5320458
2022-09-14,33584.90625,34150.9453125,32547.169921875,32547.169921875,8612606
2022-09-15,33443.39453125,34150.9453125,33443.39453125,33726.4140625,3949878
2022-09-16,31792.453125,33301.88671875,31745.283203125,33207.546875,8737156
2022-09-19,31132.076171875,32075.47265625,29716.98046875,31886.79296875,11730172
2022-09-20,31179.24609375,31603.7734375,30283.01953125,31132.076171875,5496418
2022-09-21,31037.736328125,31792.453125,30566.037109375,30754.716796875,4009556
2022-09-22,31273.583984375,31556.603515625,30660.376953125,30660.376953125,4856284
2022-09-23,30330.189453125,31509.43359375,30330.189453125,31132.076171875,4976806
2022-09-26,30094.33984375,30094.33984375,28207.546875,29245.283203125,19190664
2022-09-27,29150.943359375,30094.33984375,28301.88671875,29716.98046875,5220712
2022-09-28,29056.603515625,29575.47265625,27924.52734375,28301.88671875,8047414
2022-09-29,28301.88671875,29716.98046875,28207.546875,29433.962890625,5613548
2022-09-30,28018.8671875,28018.8671875,26320.75390625,27830.189453125,13935608
2022-10-03,26084.90625,27641.509765625,26084.90625,26933.962890625,7025362
2022-10-04,25424.52734375,26415.09375,24339.623046875,25943.396484375,14237284
2022-10-05,26886.79296875,27075.47265625,25566.037109375,25849.056640625,9608900
2022-10-06,25754.716796875,26933.962890625,25188.6796875,26886.79296875,9128190
2022-10-07,25141.509765625,25141.509765625,23962.263671875,24339.623046875,17517242
2022-10-10,25000.0,25047.169921875,23443.396484375,23490.56640625,9788146
2022-10-11,23254.716796875,24811.3203125,23254.716796875,24339.623046875,9645682
2022-10-12,23301.88671875,24056.603515625,21650.943359375,21698.11328125,13599376
2022-10-13,23867.923828125,24481.1328125,23396.2265625,23584.90625,6142382
2022-10-14,24103.7734375,24811.3203125,24056.603515625,24386.79296875,6414166
2022-10-17,23113.20703125,23773.583984375,22452.830078125,23584.90625,8932145
2022-10-18,24716.98046875,24716.98046875,23301.88671875,23584.90625,12444506
2022-10-19,24622.640625,25188.6796875,24622.640625,25000.0,5763008
2022-10-20,23867.923828125,24764.150390625,23820.75390625,24433.962890625,5470342
2022-10-21,22216.98046875,23867.923828125,22216.98046875,23867.923828125,11000892
2022-10-24,20707.546875,22169.810546875,20707.546875,21981.1328125,5637080
2022-10-25,19292.453125,21226.416015625,19292.453125,19292.453125,14862366
2022-10-26,17971.697265625,19245.283203125,17971.697265625,18490.56640625,8168148
2022-10-27,18679.24609375,19009.43359375,16745.283203125,16745.283203125,28663142
2022-10-28,17924.52734375,19811.3203125,17924.52734375,19245.283203125,11518066
2022-10-31,16698.11328125,17641.509765625,16698.11328125,17452.830078125,20167984
2022-11-01,17830.189453125,17830.189453125,16886.79296875,16981.1328125,18224686
2022-11-02,17547.169921875,18537.736328125,17547.169921875,17924.52734375,10924466
2022-11-03,16792.453125,17735.849609375,16556.603515625,16556.603515625,12991572
2022-11-04,15660.376953125,16745.283203125,15660.376953125,16698.11328125,13990304
2022-11-07,14575.4716796875,14575.4716796875,14575.4716796875,14575.4716796875,2625938
2022-11-08,13584.9052734375,13584.9052734375,13584.9052734375,13584.9052734375,1316944
2022-11-09,12641.509765625,14292.453125,12641.509765625,12641.509765625,60771390
2022-11-10,11792.453125,12311.3203125,11792.453125,11792.453125,14012034
2022-11-11,10990.56640625,12028.3017578125,10990.56640625,11320.7548828125,20677632
2022-11-14,10235.8486328125,10424.5283203125,10235.8486328125,10235.8486328125,21844268
2022-11-15,9528.3017578125,9528.3017578125,9528.3017578125,9528.3017578125,1522372
2022-11-16,10188.6796875,10188.6796875,8867.9248046875,8867.9248046875,55072618
2022-11-17,10518.8681640625,10896.2265625,10330.1884765625,10330.1884765625,17824748
2022-11-18,11226.4150390625,11226.4150390625,9905.66015625,10566.0380859375,31119586
2022-11-21,11981.1318359375,11981.1318359375,11745.283203125,11981.1318359375,31174176
2022-11-22,12264.1513671875,12783.0185546875,11509.43359375,12594.33984375,38709186
2022-11-23,11415.0947265625,12358.490234375,11415.0947265625,11981.1318359375,20116786
2022-11-24,11462.263671875,11745.283203125,10660.376953125,10754.716796875,30418714
2022-11-25,12264.1513671875,12264.1513671875,11603.7734375,11886.7919921875,21865256
2022-11-28,13113.2080078125,13113.2080078125,13018.8681640625,13113.2080078125,6455824
2022-11-29,13962.263671875,14009.43359375,12830.1884765625,14009.43359375,48517260
2022-11-30,14905.66015625,14905.66015625,13490.56640625,13962.263671875,22752476
2022-12-01,15943.396484375,15943.396484375,14433.9619140625,15943.396484375,32521224
2022-12-02,17028.302734375,17028.302734375,15424.5283203125,16981.1328125,39224876
2022-12-05,18207.546875,18207.546875,17311.3203125,18066.037109375,19133636
2022-12-06,16933.962890625,19245.283203125,16933.962890625,18207.546875,46897156
2022-12-07,15754.716796875,16886.79296875,15754.716796875,16037.736328125,28546860
2022-12-08,16839.623046875,16839.623046875,16179.2451171875,16226.4150390625,18137660
2022-12-09,17971.697265625,17971.697265625,16603.7734375,17641.509765625,24361980
2022-12-12,16745.283203125,18679.24609375,16745.283203125,18113.20703125,22101848
2022-12-13,17405.66015625,17405.66015625,15613.2080078125,16273.5849609375,30294482
2022-12-14,16792.453125,17924.52734375,16792.453125,17924.52734375,14580618
2022-12-15,17169.810546875,17405.66015625,16084.9052734375,16462.263671875,14829294
2022-12-16,17924.52734375,17924.52734375,16556.603515625,16745.283203125,24273470
2022-12-19,16981.1328125,18584.90625,16981.1328125,18207.546875,20264656
2022-12-20,15801.88671875,16933.962890625,15801.88671875,16792.453125,28758860
2022-12-21,14716.9814453125,16226.4150390625,14716.9814453125,16226.4150390625,19117948
2022-12-22,15188.6796875,15377.3583984375,14292.453125,15235.8486328125,13778834
2022-12-23,14952.830078125,15566.0380859375,14811.3203125,15094.33984375,6977768
2022-12-26,13915.0947265625,15047.169921875,13915.0947265625,15047.169921875,9753908
2022-12-27,14858.490234375,14858.490234375,13113.2080078125,13207.546875,14792936
2022-12-28,14811.3203125,15377.3583984375,14622.6416015625,15235.8486328125,10078692
2022-12-29,13962.263671875,15188.6796875,13962.263671875,14811.3203125,8927638
2022-12-30,13490.56640625,14245.283203125,13490.56640625,14150.943359375,6407064
2023-01-03,14433.9619140625,14433.9619140625,13584.9052734375,13584.9052734375,6683300
2023-01-04,14811.3203125,15235.8486328125,14716.9814453125,14811.3203125,12281160
2023-01-05,14952.830078125,15188.6796875,14386.7919921875,14858.490234375,8851106
2023-01-06,14245.283203125,15235.8486328125,14245.283203125,14905.66015625,10067032
2023-01-09,13962.263671875,14622.6416015625,13962.263671875,14528.3017578125,6814316
2023-01-10,14245.283203125,14433.9619140625,13632.0751953125,14056.603515625,6349930
2023-01-11,14622.6416015625,15094.33984375,14386.7919921875,14433.9619140625,7758458
2023-01-12,14339.623046875,14811.3203125,14339.623046875,14811.3203125,5074750
2023-01-13,14386.7919921875,14716.9814453125,14292.453125,14481.1318359375,6623198
2023-01-16,14056.603515625,14433.9619140625,14056.603515625,14386.7919921875,5566272
2023-01-17,14622.6416015625,14622.6416015625,14056.603515625,14056.603515625,8292698
2023-01-18,15613.2080078125,15613.2080078125,14716.9814453125,14905.66015625,14808624
2023-01-19,15566.0380859375,15943.396484375,15377.3583984375,15660.376953125,10119714
2023-01-27,15235.8486328125,15990.56640625,15235.8486328125,15849.056640625,9744474
2023-01-30,16037.736328125,16273.5849609375,15000.0,15188.6796875,19259882
2023-01-31,16509.43359375,16509.43359375,15896.2265625,16132.0751953125,14545744
2023-02-01,15377.3583984375,16886.79296875,15377.3583984375,16745.283203125,21272610
2023-02-02,14716.9814453125,15566.0380859375,14433.9619140625,15424.5283203125,13863422
2023-02-03,14764.1513671875,15141.509765625,14433.9619140625,15000.0,9943012
2023-02-06,15000.0,15094.33984375,14386.7919921875,14622.6416015625,5679268
2023-02-07,14150.943359375,15094.33984375,14150.943359375,14952.830078125,9766734
2023-02-08,14103.7734375,14433.9619140625,13490.56640625,14245.283203125,9051022
2023-02-09,13962.263671875,14433.9619140625,13962.263671875,14103.7734375,5234810
2023-02-10,13396.2265625,14009.43359375,13301.88671875,14009.43359375,8028864
2023-02-13,12500.0,13207.546875,12500.0,13207.546875,16126734
2023-02-14,12500.0,12735.8486328125,12358.490234375,12500.0,5059486
2023-02-15,13207.546875,13349.056640625,12452.830078125,12500.0,7450952
2023-02-16,13396.2265625,13537.736328125,13113.2080078125,13443.396484375,5104218
2023-02-17,13396.2265625,14009.43359375,13396.2265625,13490.56640625,8283582
2023-02-20,14292.453125,14292.453125,13584.9052734375,13584.9052734375,13210674
2023-02-21,14433.9619140625,14905.66015625,14433.9619140625,14622.6416015625,11494746
2023-02-22,13490.56640625,14339.623046875,13490.56640625,14103.7734375,12245544
2023-02-23,13443.396484375,13679.2451171875,12641.509765625,13490.56640625,10842422
2023-02-24,13018.8681640625,13632.0751953125,12971.6982421875,13490.56640625,4669088
2023-02-27,12452.830078125,12971.6982421875,12452.830078125,12971.6982421875,7477240
2023-02-28,12735.8486328125,12877.3583984375,12547.169921875,12641.509765625,4761838
2023-03-01,11886.7919921875,12264.1513671875,11886.7919921875,11886.7919921875,36634660
2023-03-02,11886.7919921875,12358.490234375,11792.453125,11886.7919921875,6560340
2023-03-03,11084.9052734375,11981.1318359375,11084.9052734375,11698.11328125,24208598
2023-03-06,11839.623046875,11839.623046875,11415.0947265625,11509.43359375,13531324
2023-03-07,11273.5849609375,11933.9619140625,11179.2451171875,11933.9619140625,11454678
2023-03-08,11509.43359375,11698.11328125,11037.736328125,11037.736328125,9081444
2023-03-09,11415.0947265625,11792.453125,11367.9248046875,11698.11328125,7111858
2023-03-10,11132.0751953125,11367.9248046875,11084.9052734375,11226.4150390625,9699424
2023-03-13,10943.396484375,11273.5849609375,10849.056640625,10849.056640625,7209908
2023-03-14,10377.3583984375,11037.736328125,10235.8486328125,10943.396484375,12412706
2023-03-15,11084.9052734375,11084.9052734375,10660.376953125,10849.056640625,10063640
2023-03-16,11320.7548828125,11509.43359375,10849.056640625,11037.736328125,13659372
2023-03-17,11745.283203125,11886.7919921875,11415.0947265625,11650.943359375,18557102
2023-03-20,11037.736328125,11792.453125,11037.736328125,11603.7734375,10877084
2023-03-21,11367.9248046875,11462.263671875,10943.396484375,11226.4150390625,12548280
2023-03-22,11556.603515625,11886.7919921875,11509.43359375,11698.11328125,11637952
2023-03-23,11792.453125,11792.453125,11367.9248046875,11415.0947265625,10553466
2023-03-24,12028.3017578125,12264.1513671875,11698.11328125,11886.7919921875,20209006
2023-03-27,12500.0,12547.169921875,12075.4716796875,12169.8115234375,17588368
2023-03-28,12169.8115234375,12783.0185546875,12169.8115234375,12735.8486328125,16054230
2023-03-29,12405.66015625,12452.830078125,12028.3017578125,12264.1513671875,8906332
2023-03-30,12169.8115234375,12735.8486328125,12169.8115234375,12735.8486328125,11954256
2023-03-31,12735.8486328125,12830.1884765625,12075.4716796875,12216.9814453125,15701674
2023-04-03,13584.9052734375,13584.9052734375,13160.376953125,13301.88671875,21652090
2023-04-04,14056.603515625,14292.453125,13773.5849609375,13773.5849609375,18026572
2023-04-05,14622.6416015625,14622.6416015625,13820.7548828125,13915.0947265625,20667986
2023-04-06,15000.0,15613.2080078125,14716.9814453125,14905.66015625,33806792
2023-04-07,16037.736328125,16037.736328125,15047.169921875,15283.0185546875,29577922
2023-04-10,16415.09375,16792.453125,16084.9052734375,16603.7734375,28594030
2023-04-11,16509.43359375,16509.43359375,15283.0185546875,16084.9052734375,43724258
2023-04-12,16226.4150390625,16839.623046875,15896.2265625,16556.603515625,21844162
2023-04-13,16415.09375,16933.962890625,16084.9052734375,16509.43359375,25950920
2023-04-14,15283.0185546875,16603.7734375,15283.0185546875,16509.43359375,43224468
2023-04-17,15377.3583984375,15424.5283203125,14905.66015625,15283.0185546875,15236334
2023-04-18,16415.09375,16415.09375,15000.0,15377.3583984375,35348350
2023-04-19,16037.736328125,16933.962890625,16037.736328125,16745.283203125,28035410
2023-04-20,16179.2451171875,16462.263671875,15707.546875,16226.4150390625,15241952
2023-04-21,16132.0751953125,16745.283203125,15990.56640625,16226.4150390625,21378398
2023-04-24,15943.396484375,16367.9248046875,15518.8681640625,16226.4150390625,17032822
2023-04-25,15283.0185546875,16415.09375,15283.0185546875,16179.2451171875,25391028
2023-04-26,15943.396484375,15943.396484375,15330.1884765625,15424.5283203125,14214313
2023-04-27,16509.43359375,16886.79296875,15943.396484375,15990.56640625,34553880
2023-04-28,17641.509765625,17641.509765625,16509.43359375,16698.11328125,36135294
2023-05-04,17830.189453125,18490.56640625,17452.830078125,17641.509765625,31392854
2023-05-05,17971.697265625,18207.546875,17216.98046875,17830.189453125,23355086
2023-05-08,17783.01953125,18301.88671875,17358.490234375,18301.88671875,30646402
2023-05-09,17452.830078125,17877.359375,17264.150390625,17783.01953125,17297716
2023-05-10,18066.037109375,18396.2265625,17452.830078125,17452.830078125,22567612
2023-05-11,19292.453125,19292.453125,18113.20703125,18207.546875,37916518
2023-05-12,19481.1328125,19575.47265625,19150.943359375,19339.623046875,19739744
2023-05-15,19056.603515625,19952.830078125,19056.603515625,19716.98046875,21077358
2023-05-16,19811.3203125,19811.3203125,19056.603515625,19103.7734375,22448044
2023-05-17,19622.640625,20377.359375,19622.640625,20000.0,23054152
2023-05-18,18254.716796875,19764.150390625,18254.716796875,19669.810546875,35861814
2023-05-19,19339.623046875,19339.623046875,17924.52734375,18632.076171875,33841878
2023-05-22,19339.623046875,19622.640625,19056.603515625,19622.640625,13824308
2023-05-23,19433.962890625,19764.150390625,19198.11328125,19433.962890625,23030938
2023-05-24,19669.810546875,20235.849609375,19528.302734375,19528.302734375,27888388
2023-05-25,19386.79296875,19764.150390625,18726.416015625,19433.962890625,22462884
2023-05-26,19622.640625,19952.830078125,19103.7734375,19386.79296875,16785524
2023-05-29,19716.98046875,20094.33984375,19622.640625,20000.0,16782556
2023-05-30,19764.150390625,20471.697265625,19669.810546875,20094.33984375,29352884
2023-05-31,20141.509765625,20424.52734375,19622.640625,19858.490234375,23040160
2023-06-01,20896.2265625,20990.56640625,20283.01953125,20330.189453125,24487060
2023-06-02,20566.037109375,21320.75390625,20330.189453125,21320.75390625,23977836
2023-06-05,20000.0,20754.716796875,20000.0,20707.546875,25470740
2023-06-06,20141.509765625,20330.189453125,19622.640625,19952.830078125,22627184
2023-06-07,20754.716796875,20943.396484375,20047.169921875,20047.169921875,26442654
2023-06-08,19622.640625,20990.56640625,19622.640625,20896.2265625,31465676
2023-06-09,19716.98046875,19952.830078125,18679.24609375,19716.98046875,30813670
2023-06-12,19103.7734375,19716.98046875,18820.75390625,19622.640625,24533700
2023-06-13,19764.150390625,20047.169921875,19056.603515625,19386.79296875,26141720
2023-06-14,19339.623046875,20283.01953125,19339.623046875,20000.0,16032818
2023-06-15,19386.79296875,19528.302734375,19150.943359375,19339.623046875,10594700
2023-06-16,19622.640625,20141.509765625,19575.47265625,19716.98046875,26561480
2023-06-19,20000.0,20424.52734375,19528.302734375,19811.3203125,22384868
2023-06-20,20613.20703125,20660.376953125,20094.33984375,20235.849609375,20010574
2023-06-21,20471.697265625,20707.546875,20235.849609375,20660.376953125,23542388
2023-06-22,21745.283203125,21886.79296875,20849.056640625,20943.396484375,50625706
2023-06-23,21509.43359375,21839.623046875,21320.75390625,21745.283203125,25803262
2023-06-26,21792.453125,21981.1328125,20754.716796875,21415.09375,42798984
2023-06-27,21556.603515625,21981.1328125,21415.09375,21981.1328125,20596966
2023-06-28,21132.076171875,21792.453125,21132.076171875,21745.283203125,28352954
2023-06-29,19905.66015625,21037.736328125,19905.66015625,20943.396484375,54887330
2023-06-30,19858.490234375,20047.169921875,19528.302734375,19811.3203125,19278644
2023-07-03,19716.98046875,20141.509765625,19622.640625,20000.0,11922668
2023-07-04,20283.01953125,20330.189453125,19622.640625,19716.98046875,16098962
2023-07-05,20047.169921875,20518.8671875,20047.169921875,20471.697265625,11400194
2023-07-06,19669.810546875,20235.849609375,19433.962890625,20047.169921875,19324118
2023-07-07,19622.640625,19716.98046875,18867.923828125,19575.47265625,17215566
2023-07-10,20188.6796875,20471.697265625,19622.640625,19622.640625,16585184
2023-07-11,19905.66015625,20471.697265625,19811.3203125,20377.359375,16249694
2023-07-12,19858.490234375,20047.169921875,19622.640625,19952.830078125,13534928
2023-07-13,20849.056640625,21037.736328125,19858.490234375,20000.0,38148764
2023-07-14,21132.076171875,21226.416015625,20566.037109375,21226.416015625,22756610
2023-07-17,21839.623046875,22358.490234375,21320.75390625,21367.923828125,50385298
2023-07-18,22028.302734375,22311.3203125,21556.603515625,21886.79296875,34256020
2023-07-19,21650.943359375,22500.0,21603.7734375,22311.3203125,41841168
2023-07-20,21886.79296875,21886.79296875,21037.736328125,21509.43359375,31344730
2023-07-21,23396.2265625,23396.2265625,21839.623046875,21886.79296875,43491482
2023-07-24,23584.90625,24150.943359375,23443.396484375,23726.416015625,35726770
2023-07-25,24150.943359375,24292.453125,23396.2265625,23584.90625,44149212
2023-07-26,24009.43359375,24433.962890625,23679.24609375,24056.603515625,26928876
2023-07-27,24528.302734375,24716.98046875,23726.416015625,24009.43359375,49397484
2023-07-28,24150.943359375,24952.830078125,23962.263671875,24528.302734375,43671894
2023-07-31,24528.302734375,24622.640625,23443.396484375,23962.263671875,40804064
2023-08-01,23490.56640625,24716.98046875,23490.56640625,24669.810546875,29484430
2023-08-02,23867.923828125,24103.7734375,23396.2265625,23490.56640625,18967428
2023-08-03,24150.943359375,24433.962890625,23632.076171875,23867.923828125,28446478
2023-08-04,25377.359375,25660.376953125,24245.283203125,24528.302734375,38389596
2023-08-07,25141.509765625,25566.037109375,24811.3203125,25566.037109375,22779188
2023-08-08,24716.98046875,25235.849609375,24575.47265625,25141.509765625,25847888
2023-08-09,24339.623046875,24858.490234375,24339.623046875,24528.302734375,21646472
2023-08-10,24292.453125,24905.66015625,24245.283203125,24339.623046875,20396944
2023-08-11,25000.0,25000.0,23915.09375,24528.302734375,24448794
2023-08-14,25943.396484375,26556.603515625,25377.359375,25518.8671875,34688076
2023-08-15,25849.056640625,26367.923828125,25707.546875,26226.416015625,21771128
2023-08-16,26886.79296875,26886.79296875,25377.359375,25896.2265625,33401024
2023-08-17,26226.416015625,27122.640625,26226.416015625,27028.302734375,23045884
2023-08-18,24433.962890625,26179.24609375,24433.962890625,25943.396484375,53699706
2023-08-21,23962.263671875,24481.1328125,23018.8671875,24056.603515625,28019722
2023-08-22,23962.263671875,24245.283203125,22641.509765625,23962.263671875,24550872
2023-08-23,23726.416015625,24622.640625,23726.416015625,24339.623046875,20817870
2023-08-24,25377.359375,25377.359375,23679.24609375,23820.75390625,35412480
2023-08-25,25471.697265625,26132.076171875,25377.359375,25377.359375,31183080
2023-08-28,26132.076171875,26132.076171875,25283.01953125,25518.8671875,22041746
2023-08-29,26132.076171875,27122.640625,26132.076171875,26320.75390625,27255780
2023-08-30,26886.79296875,27028.302734375,25896.2265625,26226.416015625,31868476
2023-08-31,27028.302734375,27594.33984375,27028.302734375,27264.150390625,18019152
2023-09-05,27311.3203125,27735.849609375,27028.302734375,27169.810546875,18416122
2023-09-06,27783.01953125,27830.189453125,26792.453125,27122.640625,28373762
2023-09-07,27688.6796875,28301.88671875,27452.830078125,27971.697265625,23057650
2023-09-08,27735.849609375,28018.8671875,27452.830078125,27547.169921875,16395656
2023-09-11,26226.416015625,27924.52734375,26226.416015625,27830.189453125,36278076
2023-09-12,27311.3203125,27311.3203125,25660.376953125,26226.416015625,25596032
2023-09-13,26792.453125,27783.01953125,26415.09375,27358.490234375,25928130
2023-09-14,25754.716796875,26745.283203125,25754.716796875,26603.7734375,29125302
2023-09-15,25660.376953125,26273.583984375,25471.697265625,25896.2265625,18797404
2023-09-18,25283.01953125,25849.056640625,25188.6796875,25471.697265625,17830896
2023-09-19,25849.056640625,25943.396484375,24952.830078125,25471.697265625,21199152
2023-09-20,26698.11328125,26981.1328125,25754.716796875,26037.736328125,17487244
2023-09-21,25943.396484375,26792.453125,25943.396484375,26792.453125,18189176
2023-09-22,24150.943359375,25377.359375,24150.943359375,25283.01953125,30738516
2023-09-25,22500.0,24433.962890625,22500.0,24056.603515625,27680946
2023-09-26,23113.20703125,23443.396484375,22122.640625,22169.810546875,26901952
2023-09-27,24056.603515625,24056.603515625,22216.98046875,23113.20703125,18023710
2023-09-28,23113.20703125,23915.09375,22971.697265625,23773.583984375,20977612
2023-09-29,23679.24609375,23773.583984375,23254.716796875,23537.736328125,18340968
2023-10-02,23679.24609375,24056.603515625,23443.396484375,23679.24609375,8419474
2023-10-03,22028.302734375,23254.716796875,22028.302734375,23207.546875,29967896
2023-10-04,22075.47265625,22547.169921875,20754.716796875,20754.716796875,20333450
2023-10-05,20566.037109375,22500.0,20566.037109375,22264.150390625,20054776
2023-10-06,21037.736328125,21037.736328125,19622.640625,20424.52734375,23215060
2023-10-09,21839.623046875,21981.1328125,20754.716796875,20990.56640625,15353464
2023-10-10,21650.943359375,22122.640625,21509.43359375,21981.1328125,14926496
2023-10-11,22075.47265625,22075.47265625,20990.56640625,21650.943359375,14915790
2023-10-12,22452.830078125,22735.849609375,22028.302734375,22264.150390625,14699020
2023-10-13,22358.490234375,22830.189453125,21556.603515625,21886.79296875,16396504
2023-10-16,22122.640625,22735.849609375,21839.623046875,22358.490234375,14434020
2023-10-17,20613.20703125,22358.490234375,20613.20703125,22358.490234375,11670918
2023-10-18,19198.11328125,20849.056640625,19198.11328125,20707.546875,26733518
2023-10-19,17971.697265625,19339.623046875,17971.697265625,19056.603515625,25090836
2023-10-20,19198.11328125,19198.11328125,17971.697265625,17971.697265625,18687058
2023-10-23,18915.09375,19811.3203125,18867.923828125,19292.453125,16601190
2023-10-24,20094.33984375,20094.33984375,19056.603515625,19198.11328125,17019890
2023-10-25,19811.3203125,20471.697265625,19811.3203125,20188.6796875,20979202
2023-10-26,18679.24609375,19198.11328125,18443.396484375,19103.7734375,39372322
2023-10-27,19952.830078125,19952.830078125,18679.24609375,19103.7734375,25327216
2023-10-30,19103.7734375,20377.359375,19103.7734375,19764.150390625,20059864
2023-10-31,19056.603515625,20000.0,18867.923828125,19339.623046875,25742736
2023-11-01,19433.962890625,19433.962890625,18396.2265625,19433.962890625,20961288
2023-11-02,20754.716796875,20754.716796875,19716.98046875,19858.490234375,27822668
2023-11-03,21037.736328125,21367.923828125,20613.20703125,21084.90625,28509124
2023-11-06,21509.43359375,21509.43359375,20849.056640625,21273.583984375,15647508
2023-11-07,21084.90625,21650.943359375,20943.396484375,21179.24609375,19047246
2023-11-08,22547.169921875,22547.169921875,20896.2265625,21037.736328125,28421780
2023-11-09,23113.20703125,23773.583984375,22735.849609375,23018.8671875,30425392
2023-11-10,23018.8671875,24433.962890625,22783.01953125,22783.01953125,37237376
2023-11-13,23584.90625,23726.416015625,22877.359375,23349.056640625,24345338
2023-11-14,23349.056640625,24056.603515625,23113.20703125,23915.09375,19177732
2023-11-15,23443.396484375,24339.623046875,23301.88671875,23962.263671875,27062436
2023-11-16,24622.640625,24622.640625,23207.546875,23207.546875,30467580
2023-11-17,24150.943359375,25188.6796875,23301.88671875,24811.3203125,38317304
2023-11-20,24528.302734375,24811.3203125,23301.88671875,23584.90625,22296040
2023-11-21,24481.1328125,25047.169921875,24339.623046875,25000.0,17068438
2023-11-22,25094.33984375,25283.01953125,24339.623046875,24433.962890625,27237866
2023-11-23,23349.056640625,25424.52734375,23349.056640625,25235.849609375,39794626
2023-11-24,23584.90625,23679.24609375,22169.810546875,23584.90625,36419480
2023-11-27,22783.01953125,23726.416015625,22783.01953125,23632.076171875,13837452
2023-11-28,23113.20703125,23254.716796875,22216.98046875,22641.509765625,22168734
2023-11-29,23632.076171875,23679.24609375,23066.037109375,23207.546875,16168392
2023-11-30,23301.88671875,24056.603515625,23301.88671875,23632.076171875,17965304
2023-12-01,23679.24609375,23962.263671875,23160.376953125,23632.076171875,14275868
2023-12-04,25047.169921875,25330.189453125,24103.7734375,24150.943359375,30715090
2023-12-05,25000.0,25283.01953125,24905.66015625,25047.169921875,18906160
2023-12-06,25707.546875,25849.056640625,24716.98046875,25000.0,25079600
2023-12-07,24952.830078125,25896.2265625,24150.943359375,25754.716796875,35275528
2023-12-08,25235.849609375,25566.037109375,24622.640625,25047.169921875,26200126
2023-12-11,24858.490234375,25471.697265625,24528.302734375,25471.697265625,13178026
2023-12-12,24858.490234375,25188.6796875,24811.3203125,25000.0,11798224
2023-12-13,24339.623046875,25235.849609375,24339.623046875,25094.33984375,20158338
2023-12-14,23679.24609375,24764.150390625,23679.24609375,24764.150390625,17640732
2023-12-15,23773.583984375,24386.79296875,23396.2265625,23632.076171875,19910298
2023-12-18,24009.43359375,24433.962890625,23867.923828125,24056.603515625,10287406
2023-12-19,24386.79296875,24386.79296875,23679.24609375,24009.43359375,12481076
2023-12-20,24339.623046875,24622.640625,24245.283203125,24528.302734375,7223158
2023-12-21,24669.810546875,24811.3203125,24009.43359375,24150.943359375,14552422
2023-12-22,24339.623046875,24952.830078125,24339.623046875,24716.98046875,10249246
2023-12-25,25094.33984375,25188.6796875,24339.623046875,24433.962890625,17744824
2023-12-26,25235.849609375,25424.52734375,24952.830078125,25283.01953125,17852944
2023-12-27,25047.169921875,25566.037109375,25047.169921875,25377.359375,13677392
2023-12-28,25188.6796875,25660.376953125,25047.169921875,25094.33984375,19630564
2023-12-29,25235.849609375,25471.697265625,25141.509765625,25424.52734375,11380372
2024-01-02,24528.302734375,25471.697265625,24481.1328125,25471.697265625,21759468
2024-01-03,24811.3203125,24905.66015625,24386.79296875,24386.79296875,12501110
2024-01-04,25000.0,25613.20703125,24669.810546875,24811.3203125,27117132
2024-01-05,25613.20703125,25707.546875,25094.33984375,25094.33984375,29290238
2024-01-08,26179.24609375,26603.7734375,25896.2265625,25943.396484375,33595958
2024-01-09,25849.056640625,26415.09375,25754.716796875,26273.583984375,28640246
2024-01-10,25283.01953125,25943.396484375,25141.509765625,25849.056640625,24668108
2024-01-11,25518.8671875,25613.20703125,25094.33984375,25424.52734375,14756790
2024-01-12,24858.490234375,25283.01953125,24622.640625,25188.6796875,32751456
2024-01-15,24764.150390625,25377.359375,24764.150390625,25000.0,11590040
2024-01-16,25283.01953125,25283.01953125,24575.47265625,24622.640625,10604876
2024-01-17,25330.189453125,25754.716796875,25188.6796875,25330.189453125,17276198
2024-01-18,25471.697265625,25849.056640625,25377.359375,25613.20703125,18401812
2024-01-19,25094.33984375,25801.88671875,25094.33984375,25707.546875,15121642
2024-01-22,25613.20703125,25660.376953125,24905.66015625,25188.6796875,19486722
2024-01-23,25330.189453125,25801.88671875,25330.189453125,25801.88671875,8613136
2024-01-24,25330.189453125,25613.20703125,25235.849609375,25330.189453125,10913866
2024-01-25,25330.189453125,25613.20703125,25235.849609375,25377.359375,10011806
2024-01-26,25424.52734375,25896.2265625,25377.359375,25424.52734375,13292824
2024-01-29,25188.6796875,25566.037109375,25188.6796875,25518.8671875,9677906
2024-01-30,25424.52734375,25566.037109375,25283.01953125,25283.01953125,9868070
2024-01-31,25566.037109375,25990.56640625,25424.52734375,25660.376953125,27617452
2024-02-01,25849.056640625,26132.076171875,25613.20703125,25660.376953125,17108506
2024-02-02,26084.90625,26933.962890625,25943.396484375,26084.90625,27911496
2024-02-05,25990.56640625,26273.583984375,25754.716796875,26226.416015625,17019466
2024-02-06,25990.56640625,26273.583984375,25943.396484375,26037.736328125,11835324
2024-02-07,25754.716796875,26084.90625,25707.546875,26037.736328125,19441884
2024-02-15,26132.076171875,26132.076171875,25707.546875,25943.396484375,17405836
2024-02-16,26273.583984375,26792.453125,26226.416015625,26415.09375,27219846
2024-02-19,26037.736328125,26320.75390625,25849.056640625,26320.75390625,20302498
2024-02-20,25943.396484375,26367.923828125,25849.056640625,26132.076171875,16998478
2024-02-21,25660.376953125,26084.90625,25518.8671875,25943.396484375,21661524
2024-02-22,25471.697265625,25754.716796875,25471.697265625,25660.376953125,13585066
2024-02-23,24669.810546875,25566.037109375,24528.302734375,25566.037109375,29453690
2024-02-26,24952.830078125,25047.169921875,24528.302734375,24716.98046875,14174532
2024-02-27,25801.88671875,25801.88671875,24952.830078125,25094.33984375,20047038
2024-02-28,25471.697265625,25943.396484375,25330.189453125,25943.396484375,14452464
2024-02-29,25754.716796875,26226.416015625,25471.697265625,25566.037109375,29749748
2024-03-01,25990.56640625,26132.076171875,25754.716796875,25943.396484375,14217038
2024-03-04,26509.43359375,27169.810546875,26367.923828125,26367.923828125,52357428
2024-03-05,26273.583984375,26698.11328125,26132.076171875,26556.603515625,20278542
2024-03-06,25613.20703125,26367.923828125,25566.037109375,26273.583984375,25250896
2024-03-07,25801.88671875,25943.396484375,25188.6796875,25566.037109375,30644812
2024-03-08,25047.169921875,25990.56640625,25047.169921875,25943.396484375,34055998
2024-03-11,24716.98046875,25283.01953125,24575.47265625,25047.169921875,19717060
2024-03-12,24858.490234375,25141.509765625,24622.640625,24764.150390625,14811274
2024-03-13,25471.697265625,25471.697265625,24858.490234375,25047.169921875,15998686
2024-03-14,25943.396484375,26226.416015625,25471.697265625,25754.716796875,37398390
2024-03-15,26886.79296875,27358.490234375,25990.56640625,26084.90625,74370236
2024-03-18,28726.416015625,28726.416015625,27169.810546875,27264.150390625,83661030
2024-03-19,28207.546875,29198.11328125,28207.546875,29198.11328125,30035948
2024-03-20,28679.24609375,29056.603515625,27877.359375,28160.376953125,31267456
2024-03-21,29905.66015625,30283.01953125,28207.546875,29150.943359375,47500614
2024-03-22,30141.509765625,30471.697265625,29292.453125,30188.6796875,26077060
2024-03-25,30188.6796875,31132.076171875,29905.66015625,30047.169921875,27137590
2024-03-26,30141.509765625,30801.88671875,29622.640625,30000.0,18308002
2024-03-27,30896.2265625,31603.7734375,29952.830078125,30235.849609375,23852438
2024-03-28,30849.056640625,31226.416015625,30801.88671875,31132.076171875,13375928
2024-03-29,30377.359375,30943.396484375,30235.849609375,30849.056640625,17899796
2024-04-01,31603.7734375,31981.1328125,30330.189453125,30377.359375,28347898
2024-04-02,31698.11328125,31886.79296875,30849.056640625,31273.583984375,19791684
2024-04-03,30000.0,31603.7734375,30000.0,31603.7734375,29243704
2024-04-04,30377.359375,31509.43359375,29905.66015625,30377.359375,33840288
2024-04-05,30188.6796875,31084.90625,29811.3203125,29952.830078125,26364426
2024-04-08,30283.01953125,30801.88671875,30000.0,30188.6796875,19052122
2024-04-09,31084.90625,31084.90625,30000.0,30330.189453125,18338636
2024-04-10,30471.697265625,31226.416015625,30471.697265625,31084.90625,17999118
2024-04-11,31132.076171875,31415.09375,30047.169921875,30047.169921875,23372894
2024-04-12,31698.11328125,32028.302734375,31226.416015625,31320.75390625,24792234
2024-04-15,29481.1328125,31745.283203125,29481.1328125,31462.263671875,37811790
2024-04-16,28396.2265625,29245.283203125,27594.33984375,29198.11328125,48410730
2024-04-17,27169.810546875,28726.416015625,27169.810546875,28584.90625,28236386
2024-04-19,25849.056640625,27358.490234375,25518.8671875,26415.09375,41270570
2024-04-22,26509.43359375,26839.623046875,25943.396484375,26603.7734375,19640422
2024-04-23,25283.01953125,26603.7734375,25094.33984375,26509.43359375,24132278
2024-04-24,27028.302734375,27028.302734375,25754.716796875,25801.88671875,26853722
2024-04-25,26698.11328125,26981.1328125,26367.923828125,26933.962890625,15973352
2024-04-26,26226.416015625,26886.79296875,26132.076171875,26320.75390625,22680714
2024-05-02,25330.189453125,25896.2265625,24716.98046875,25754.716796875,36519650
2024-05-03,25330.189453125,25849.056640625,25283.01953125,25707.546875,13134460
2024-05-06,26509.43359375,26603.7734375,25377.359375,25707.546875,22997760
2024-05-07,26273.583984375,26603.7734375,26084.90625,26556.603515625,14894696
2024-05-08,26981.1328125,27358.490234375,25377.359375,25849.056640625,30364442
2024-05-09,26509.43359375,27500.0,26415.09375,27311.3203125,16571192
2024-05-10,26981.1328125,27264.150390625,26462.263671875,26698.11328125,22393348
2024-05-13,26886.79296875,27216.98046875,26179.24609375,27169.810546875,14657468
2024-05-14,26745.283203125,27216.98046875,26698.11328125,26933.962890625,11740348
2024-05-15,26886.79296875,27169.810546875,26650.943359375,26886.79296875,15461690
2024-05-16,27075.47265625,27830.189453125,27075.47265625,27405.66015625,18969866
2024-05-17,27594.33984375,27641.509765625,26981.1328125,27075.47265625,19650598
2024-05-20,27405.66015625,28113.20703125,27405.66015625,28113.20703125,15197008
2024-05-21,27264.150390625,27452.830078125,26886.79296875,27358.490234375,17933822
2024-05-22,27641.509765625,28018.8671875,27264.150390625,27358.490234375,26441276
2024-05-23,27547.169921875,27594.33984375,27122.640625,27547.169921875,14452888
2024-05-24,26226.416015625,27783.01953125,25754.716796875,27358.490234375,33754852
2024-05-27,25801.88671875,26273.583984375,25801.88671875,26226.416015625,15581788
2024-05-28,26273.583984375,26698.11328125,25990.56640625,26037.736328125,11166676
2024-05-29,26367.923828125,26650.943359375,26037.736328125,26415.09375,13989562
2024-05-30,26037.736328125,26320.75390625,25613.20703125,26037.736328125,16583912
2024-05-31,26179.24609375,26556.603515625,25943.396484375,26367.923828125,9975130
2024-06-03,26933.962890625,27311.3203125,26462.263671875,26462.263671875,16663306
2024-06-04,26698.11328125,27075.47265625,26698.11328125,27028.302734375,9795566
2024-06-05,26462.263671875,26981.1328125,26462.263671875,26886.79296875,11663604
2024-06-06,26179.24609375,26650.943359375,25990.56640625,26650.943359375,12694984
2024-06-07,26084.90625,26415.09375,26037.736328125,26415.09375,8068720
2024-06-10,26226.416015625,26603.7734375,25943.396484375,26273.583984375,11042656
2024-06-11,25943.396484375,26320.75390625,25801.88671875,26226.416015625,11052196
2024-06-12,26179.24609375,26226.416015625,25801.88671875,26037.736328125,9259630
2024-06-13,26603.7734375,27075.47265625,26367.923828125,26415.09375,20730526
2024-06-14,25849.056640625,26698.11328125,25849.056640625,26650.943359375,14341588
2024-06-17,25471.697265625,25943.396484375,25471.697265625,25849.056640625,13367872
2024-06-18,25471.697265625,25896.2265625,25471.697265625,25566.037109375,7745208
2024-06-19,25330.189453125,25754.716796875,25235.849609375,25754.716796875,10457218
2024-06-20,25047.169921875,25518.8671875,24716.98046875,25518.8671875,13799186
2024-06-21,24669.810546875,25094.33984375,24669.810546875,25000.0,10207482
2024-06-24,25047.169921875,25707.546875,25000.0,25000.0,20029442
2024-06-25,25235.849609375,25424.52734375,25047.169921875,25424.52734375,5404304
2024-06-26,24858.490234375,25377.359375,24716.98046875,25235.849609375,7673234
2024-06-27,25707.546875,25896.2265625,24716.98046875,24905.66015625,14405294
2024-06-28,25047.169921875,25754.716796875,24952.830078125,25754.716796875,8742456
2024-07-01,25377.359375,25566.037109375,25000.0,25141.509765625,6202484
2024-07-02,26037.736328125,26084.90625,25235.849609375,25613.20703125,13689476
2024-07-03,25849.056640625,26179.24609375,25707.546875,26084.90625,6133478
2024-07-04,25566.037109375,26132.076171875,25471.697265625,25849.056640625,7727294
2024-07-05,25330.189453125,25754.716796875,25188.6796875,25566.037109375,9476506
2024-07-08,24858.490234375,25424.52734375,24716.98046875,25377.359375,15132030
2024-07-09,25000.0,25188.6796875,24811.3203125,24811.3203125,7564266
2024-07-10,24952.830078125,25330.189453125,24858.490234375,25094.33984375,6787074
2024-07-11,25518.8671875,26084.90625,25141.509765625,25188.6796875,17775458
2024-07-12,25188.6796875,25754.716796875,25141.509765625,25754.716796875,7329582
2024-07-15,25047.169921875,25377.359375,25047.169921875,25188.6796875,6070620
2024-07-16,24811.3203125,25424.52734375,24811.3203125,25094.33984375,8410888
2024-07-17,23113.20703125,25000.0,23113.20703125,24858.490234375,37624912
2024-07-18,23301.88671875,23349.056640625,22547.169921875,23160.376953125,13494436
2024-07-19,22452.830078125,23396.2265625,22169.810546875,23396.2265625,12560364
2024-07-22,22641.509765625,22783.01953125,21698.11328125,22169.810546875,15263788
2024-07-23,21981.1328125,22830.189453125,21886.79296875,22830.189453125,6368268
2024-07-24,23066.037109375,23160.376953125,21650.943359375,21745.283203125,13076054
2024-07-25,22924.52734375,22924.52734375,22452.830078125,22688.6796875,6165278
2024-07-26,22924.52734375,22924.52734375,22358.490234375,22924.52734375,5830954
2024-07-29,23113.20703125,23632.076171875,22924.52734375,23113.20703125,9236204
2024-07-30,22924.52734375,23160.376953125,22311.3203125,22924.52734375,6501086
2024-07-31,23066.037109375,23396.2265625,22594.33984375,23018.8671875,7161360
2024-08-01,22028.302734375,23018.8671875,21462.263671875,23018.8671875,14995184
2024-08-02,22547.169921875,22547.169921875,21415.09375,21981.1328125,10888320
2024-08-05,21273.583984375,22169.810546875,20990.56640625,21886.79296875,20676148
2024-08-06,21509.43359375,21886.79296875,20943.396484375,21698.11328125,10189568
2024-08-07,21698.11328125,21981.1328125,21367.923828125,21698.11328125,7501514
2024-08-08,21603.7734375,22075.47265625,21273.583984375,21603.7734375,9211824
2024-08-09,21839.623046875,22028.302734375,21556.603515625,21933.962890625,7172278
2024-08-12,21037.736328125,21226.416015625,20330.189453125,20471.697265625,36318674
2024-08-13,21132.076171875,21415.09375,20801.88671875,21037.736328125,7690724
2024-08-14,20943.396484375,21320.75390625,20660.376953125,21179.24609375,10340406
2024-08-15,20943.396484375,21037.736328125,20471.697265625,20943.396484375,14629590
2024-08-16,22405.66015625,22405.66015625,21037.736328125,21226.416015625,29709998
2024-08-19,22358.490234375,23018.8671875,22264.150390625,22783.01953125,14499846
2024-08-20,23632.076171875,23773.583984375,22311.3203125,22594.33984375,27692076
2024-08-21,23160.376953125,23632.076171875,22924.52734375,23537.736328125,22719192
2024-08-22,23254.716796875,23537.736328125,22971.697265625,23207.546875,10839772
2024-08-23,23726.416015625,24056.603515625,23018.8671875,23254.716796875,21303562
2024-08-26,23679.24609375,23962.263671875,23584.90625,23915.09375,12577748
2024-08-27,23632.076171875,23915.09375,23301.88671875,23396.2265625,17172530
2024-08-28,22688.6796875,24150.943359375,22075.47265625,23867.923828125,44432762
2024-08-29,22500.0,23018.8671875,22452.830078125,22641.509765625,11755506
2024-08-30,21886.79296875,22452.830078125,21320.75390625,22264.150390625,34263652
2024-09-04,22028.302734375,22075.47265625,21320.75390625,21462.263671875,10146638
2024-09-05,21556.603515625,22358.490234375,21462.263671875,22028.302734375,12877198
2024-09-06,21179.24609375,21650.943359375,20707.546875,21603.7734375,19994250
2024-09-09,21179.24609375,21509.43359375,20943.396484375,21132.076171875,6616308
2024-09-10,21226.416015625,21320.75390625,20471.697265625,21226.416015625,14434020
2024-09-11,20660.376953125,21084.90625,20283.01953125,21084.90625,9258888
2024-09-12,20471.697265625,20943.396484375,20471.697265625,20849.056640625,5277210
2024-09-13,20754.716796875,20849.056640625,20377.359375,20518.8671875,7019850
2024-09-16,20660.376953125,20849.056640625,20283.01953125,20754.716796875,8488904
2024-09-17,21226.416015625,21320.75390625,20471.697265625,20471.697265625,14087188
2024-09-18,21367.923828125,21509.43359375,21084.90625,21320.75390625,9972268
2024-09-19,21603.7734375,21792.453125,21367.923828125,21367.923828125,10610918
2024-09-20,21462.263671875,21792.453125,21367.923828125,21792.453125,8272240
2024-09-23,21320.75390625,21509.43359375,21132.076171875,21462.263671875,6359152
2024-09-24,21462.263671875,21509.43359375,21132.076171875,21179.24609375,7498970
2024-09-25,21745.283203125,21981.1328125,21556.603515625,21603.7734375,13627996
2024-09-26,21745.283203125,21981.1328125,21650.943359375,21886.79296875,9932836
2024-09-27,21886.79296875,22216.98046875,21603.7734375,21886.79296875,13541712
2024-09-30,21886.79296875,21886.79296875,21509.43359375,21792.453125,10356942
2024-10-01,21603.7734375,22122.640625,21556.603515625,22028.302734375,13747352
2024-10-02,21132.076171875,21556.603515625,20754.716796875,21415.09375,21777594
2024-10-03,20660.376953125,21084.90625,20330.189453125,20943.396484375,16757328
2024-10-04,20518.8671875,20896.2265625,20518.8671875,20707.546875,8483392
2024-10-07,20471.697265625,20754.716796875,20377.359375,20707.546875,4727176
2024-10-08,20094.33984375,20566.037109375,20047.169921875,20471.697265625,10942698
2024-10-09,20188.6796875,20424.52734375,20094.33984375,20235.849609375,5405682
2024-10-10,20141.509765625,20518.8671875,20094.33984375,20377.359375,6230150
2024-10-11,20283.01953125,20471.697265625,20141.509765625,20141.509765625,4362536
2024-10-14,20047.169921875,20471.697265625,20047.169921875,20377.359375,5968542
2024-10-15,19198.11328125,20141.509765625,18726.416015625,20047.169921875,26466080
2024-10-16,18867.923828125,19198.11328125,18867.923828125,19150.943359375,5327878
2024-10-17,19858.490234375,20094.33984375,18820.75390625,19009.43359375,11135936
2024-10-18,19245.283203125,20094.33984375,19245.283203125,20094.33984375,5485924
2024-10-21,19103.7734375,19528.302734375,19103.7734375,19245.283203125,5908864
2024-10-22,19103.7734375,19433.962890625,18962.263671875,19103.7734375,7759730
2024-10-23,19764.150390625,19952.830078125,19103.7734375,19245.283203125,12528882
2024-10-24,19481.1328125,19905.66015625,19481.1328125,19764.150390625,4998960
2024-10-25,19858.490234375,20094.33984375,19528.302734375,19716.98046875,10729002
2024-10-28,19669.810546875,19952.830078125,19528.302734375,19905.66015625,3993020
2024-10-29,19339.623046875,19905.66015625,19339.623046875,19905.66015625,7764076
2024-10-30,19386.79296875,19764.150390625,19245.283203125,19339.623046875,4689016
2024-10-31,19386.79296875,19716.98046875,19339.623046875,19386.79296875,4582062
2024-11-01,19622.640625,19952.830078125,19386.79296875,19386.79296875,10419058
2024-11-04,19764.150390625,19858.490234375,19433.962890625,19764.150390625,6458580
2024-11-05,19905.66015625,20330.189453125,19764.150390625,19764.150390625,10752216
2024-11-06,19858.490234375,20188.6796875,19622.640625,20141.509765625,9050916
2024-11-07,20047.169921875,20424.52734375,19858.490234375,19952.830078125,10693068
2024-11-08,19669.810546875,20141.509765625,19622.640625,20047.169921875,7748600
2024-11-11,19245.283203125,19669.810546875,19198.11328125,19622.640625,8935270
2024-11-12,19198.11328125,19528.302734375,19150.943359375,19339.623046875,4803920
2024-11-13,19433.962890625,19481.1328125,19056.603515625,19198.11328125,5540620
2024-11-14,19009.43359375,19575.47265625,18915.09375,19481.1328125,4493234
2024-11-15,18867.923828125,19103.7734375,18537.736328125,19056.603515625,9069466
2024-11-18,18773.583984375,19056.603515625,18443.396484375,18867.923828125,6266190
2024-11-19,18773.583984375,19103.7734375,18679.24609375,18679.24609375,5961864
2024-11-20,19575.47265625,20000.0,18773.583984375,18867.923828125,14936248
2024-11-21,19575.47265625,19716.98046875,19481.1328125,19622.640625,2914470
2024-11-22,19339.623046875,19716.98046875,19292.453125,19716.98046875,4792260
2024-11-25,19339.623046875,19433.962890625,19103.7734375,19433.962890625,6361802
2024-11-26,19433.962890625,19811.3203125,19245.283203125,19245.283203125,8304570
2024-11-27,19386.79296875,19481.1328125,19103.7734375,19433.962890625,5504156
2024-11-28,19198.11328125,19528.302734375,19103.7734375,19433.962890625,5043162
2024-11-29,19150.943359375,19198.11328125,18867.923828125,19150.943359375,8286232
2024-12-02,19150.943359375,19433.962890625,19056.603515625,19245.283203125,5441404
2024-12-03,19150.943359375,19245.283203125,18773.583984375,19245.283203125,8049004
2024-12-04,19056.603515625,19339.623046875,18773.583984375,19150.943359375,8709384
2024-12-05,19811.3203125,19952.830078125,18773.583984375,19009.43359375,17311814
2024-12-06,19669.810546875,19952.830078125,19528.302734375,19811.3203125,8417990
2024-12-09,19811.3203125,20094.33984375,19669.810546875,19716.98046875,9954460
2024-12-10,19811.3203125,20000.0,19764.150390625,19811.3203125,6137718
2024-12-11,19622.640625,20000.0,19528.302734375,19811.3203125,6500132
2024-12-12,19575.47265625,19716.98046875,19339.623046875,19669.810546875,7087478
2024-12-13,19386.79296875,19622.640625,19245.283203125,19528.302734375,6833184
2024-12-16,19009.43359375,19339.623046875,18679.24609375,19339.623046875,17976646
2024-12-17,18867.923828125,19056.603515625,18679.24609375,19009.43359375,6911624
2024-12-18,18773.583984375,18962.263671875,18726.416015625,18773.583984375,5140788
2024-12-19,18443.396484375,18584.90625,17783.01953125,18490.56640625,17587414
2024-12-20,17924.52734375,18396.2265625,17924.52734375,18301.88671875,6274352
2024-12-23,18301.88671875,18443.396484375,18254.716796875,18301.88671875,5787388
2024-12-24,18113.20703125,18301.88671875,17783.01953125,18160.376953125,7539462
2024-12-25,18113.20703125,18301.88671875,18066.037109375,18113.20703125,4270316
2024-12-26,18113.20703125,18490.56640625,18113.20703125,18207.546875,5327030
2024-12-27,17924.52734375,18207.546875,17924.52734375,18160.376953125,5523130
2024-12-30,17830.189453125,18018.8671875,17594.33984375,17924.52734375,6606874
2024-12-31,17830.189453125,17971.697265625,17547.169921875,17783.01953125,6557266
2025-01-02,18207.546875,18207.546875,17735.849609375,17877.359375,4361264
2025-01-03,18066.037109375,18254.716796875,17735.849609375,18207.546875,5120542
2025-01-06,17688.6796875,18066.037109375,17452.830078125,18066.037109375,6086414
2025-01-07,17075.47265625,17688.6796875,16792.453125,17688.6796875,13748094
2025-01-08,17358.490234375,17358.490234375,16603.7734375,16981.1328125,12141346
2025-01-09,17122.640625,17500.0,16981.1328125,17075.47265625,9361708
2025-01-10,16886.79296875,17216.98046875,16650.943359375,17122.640625,5285902
2025-01-13,16981.1328125,17122.640625,16320.7548828125,16792.453125,7643766
2025-01-14,16886.79296875,17075.47265625,16698.11328125,16981.1328125,3359776
2025-01-15,17216.98046875,17358.490234375,16839.623046875,16839.623046875,6039032
2025-01-16,17311.3203125,17500.0,17169.810546875,17311.3203125,4531076
2025-01-17,17358.490234375,17547.169921875,17169.810546875,17311.3203125,4456165
2025-01-20,17358.490234375,17405.66015625,17075.47265625,17216.98046875,5348018
2025-01-21,17500.0,17547.169921875,17169.810546875,17169.810546875,6009889
2025-01-22,17311.3203125,17547.169921875,17169.810546875,17547.169921875,3954542
2025-01-23,17169.810546875,17452.830078125,17169.810546875,17358.490234375,4808054
2025-01-24,16698.11328125,17452.830078125,16462.263671875,17169.810546875,18572472
2025-02-03,16462.263671875,16886.79296875,16084.9052734375,16839.623046875,9986896
2025-02-04,16698.11328125,16745.283203125,16367.9248046875,16462.263671875,7475544
2025-02-05,17830.189453125,17830.189453125,16698.11328125,16839.623046875,28963970
2025-02-06,17735.849609375,17924.52734375,17594.33984375,17877.359375,11326524
2025-02-07,17641.509765625,18018.8671875,17594.33984375,17830.189453125,8062254
2025-02-10,17311.3203125,17594.33984375,17216.98046875,17547.169921875,10300444
2025-02-11,17405.66015625,17405.66015625,17169.810546875,17311.3203125,7303506
2025-02-12,17264.150390625,17594.33984375,17169.810546875,17547.169921875,5573374
2025-02-13,17547.169921875,17547.169921875,17264.150390625,17358.490234375,6464092
2025-02-14,17405.66015625,17877.359375,17405.66015625,17735.849609375,6863606
2025-02-17,17735.849609375,17877.359375,17500.0,17547.169921875,8741396
2025-02-18,18160.376953125,18537.736328125,17688.6796875,17830.189453125,15039492
2025-02-19,18301.88671875,18490.56640625,18160.376953125,18160.376953125,11125230
2025-02-20,18113.20703125,18584.90625,18066.037109375,18396.2265625,12899034
2025-02-21,18254.716796875,18301.88671875,17924.52734375,18113.20703125,9218184
2025-02-24,18254.716796875,18490.56640625,18113.20703125,18301.88671875,6067016
2025-02-25,18443.396484375,18726.416015625,18301.88671875,18443.396484375,14548606
2025-02-26,18254.716796875,18537.736328125,18160.376953125,18443.396484375,6841770
2025-02-27,18726.416015625,18726.416015625,18160.376953125,18160.376953125,17048192
2025-02-28,18773.583984375,19056.603515625,18584.90625,18773.583984375,14241630
2025-03-03,18867.923828125,19009.43359375,18679.24609375,18820.75390625,10885776
2025-03-04,18820.75390625,19245.283203125,18726.416015625,18867.923828125,14985538
2025-03-05,18443.396484375,18915.09375,18396.2265625,18867.923828125,13373702
2025-03-06,18867.923828125,18867.923828125,18396.2265625,18443.396484375,10996122
2025-03-07,19056.603515625,19481.1328125,18962.263671875,19009.43359375,13579236
2025-03-10,19009.43359375,19198.11328125,18915.09375,19103.7734375,10587386
2025-03-11,19198.11328125,19198.11328125,18632.076171875,18773.583984375,9677906
2025-03-12,19009.43359375,19339.623046875,18867.923828125,19339.623046875,8160728
2025-03-13,18962.263671875,19339.623046875,18537.736328125,19009.43359375,16907212
2025-03-14,19481.1328125,20000.0,18726.416015625,18962.263671875,26715922
2025-03-17,19858.490234375,20141.509765625,19669.810546875,20000.0,22955996
2025-03-18,19669.810546875,20047.169921875,19339.623046875,20047.169921875,17415164
2025-03-19,19292.453125,19669.810546875,19198.11328125,19669.810546875,11028558
2025-03-20,19198.11328125,19481.1328125,18773.583984375,19433.962890625,14547652
2025-03-21,19056.603515625,19339.623046875,19056.603515625,19245.283203125,8059392
2025-03-24,18820.75390625,19009.43359375,18396.2265625,18962.263671875,16436572
2025-03-25,19056.603515625,19292.453125,18773.583984375,18962.263671875,9145892
2025-03-26,18584.90625,19198.11328125,18584.90625,19056.603515625,7400496
2025-03-27,18632.076171875,18820.75390625,18490.56640625,18632.076171875,5640366
2025-03-28,18679.24609375,18962.263671875,18490.56640625,18773.583984375,9626814
2025-03-31,18726.416015625,18962.263671875,18254.716796875,18490.56640625,10229424
2025-04-01,18773.583984375,18867.923828125,18632.076171875,18820.75390625,4257384
2025-04-02,18726.416015625,19056.603515625,18726.416015625,18867.923828125,15488402
2025-04-03,17452.830078125,18254.716796875,17452.830078125,17688.6796875,18183558
2025-04-04,16273.5849609375,16745.283203125,16273.5849609375,16273.5849609375,23898124
2025-04-08,15141.509765625,15566.0380859375,15141.509765625,15141.509765625,4327450
2025-04-09,14103.7734375,14103.7734375,14103.7734375,14103.7734375,3147246
2025-04-10,15047.169921875,15047.169921875,15047.169921875,15047.169921875,29971394
2025-04-11,15707.546875,15754.716796875,14150.943359375,14481.1318359375,28581310
2025-04-14,15471.6982421875,15896.2265625,14764.1513671875,15801.88671875,22086372
2025-04-15,14764.1513671875,15754.716796875,14764.1513671875,15188.6796875,18976014
2025-04-16,14339.623046875,15047.169921875,14339.623046875,14811.3203125,13575314
2025-04-17,14764.1513671875,14764.1513671875,13820.7548828125,14056.603515625,17912410
2025-04-18,14764.1513671875,15000.0,14528.3017578125,15000.0,13673364
2025-04-21,14386.7919921875,14952.830078125,14339.623046875,14764.1513671875,11820378
2025-04-22,13396.2265625,14339.623046875,13396.2265625,14245.283203125,32447660
2025-04-23,13679.2451171875,14103.7734375,12877.3583984375,13773.5849609375,19752464
2025-04-24,14056.603515625,14292.453125,13679.2451171875,13679.2451171875,11143462
2025-04-25,13867.9248046875,14386.7919921875,13867.9248046875,14103.7734375,9031942
2025-04-28,13867.9248046875,14150.943359375,13820.7548828125,13867.9248046875,7652140
2025-04-29,13867.9248046875,14056.603515625,13820.7548828125,14056.603515625,5389676
2025-05-05,14245.283203125,14245.283203125,13820.7548828125,13915.0947265625,8327221
2025-05-06,14433.9619140625,14811.3203125,14292.453125,14292.453125,12223655
2025-05-07,14764.1513671875,15000.0,14386.7919921875,14386.7919921875,13210864
2025-05-08,14622.6416015625,14952.830078125,14481.1318359375,14952.830078125,8602226
2025-05-09,14528.3017578125,14952.830078125,14481.1318359375,14764.1513671875,10986497
2025-05-12,14622.6416015625,14811.3203125,14528.3017578125,14622.6416015625,6558190
2025-05-13,14858.490234375,15000.0,14764.1513671875,14858.490234375,11352133
2025-05-14,15094.33984375,15235.8486328125,14669.8115234375,14858.490234375,15067115
2025-05-15,15094.33984375,15424.5283203125,15000.0,15330.1884765625,8907681
2025-05-16,14858.490234375,15330.1884765625,14811.3203125,15094.33984375,11326396
2025-05-19,15094.33984375,15377.3583984375,14669.8115234375,14764.1513671875,15967023
2025-05-20,14952.830078125,15235.8486328125,14905.66015625,15188.6796875,6925186
2025-05-21,14905.66015625,15047.169921875,14716.9814453125,15047.169921875,9492265
2025-05-22,15000.0,15188.6796875,14716.9814453125,14905.66015625,12915856
2025-05-23,14716.9814453125,15094.33984375,14716.9814453125,15047.169921875,7105962
2025-05-26,15235.8486328125,15330.1884765625,14150.943359375,14811.3203125,20268991
2025-05-27,16273.5849609375,16273.5849609375,15377.3583984375,15377.3583984375,34094719
2025-05-28,16037.736328125,16698.11328125,15943.396484375,16698.11328125,18641128
2025-05-29,16400.0,16650.0,15950.0,16400.0,17260250
2025-05-30,16100.0,16550.0,15900.0,16500.0,19174480
2025-06-02,17200.0,17200.0,16500.0,16500.0,13677130
2025-06-03,17500.0,18050.0,17450.0,17600.0,24586030
2025-06-04,17900.0,18450.0,17500.0,17700.0,24359700
2025-06-05,17800.0,18250.0,17650.0,18250.0,12380880
2025-06-06,18000.0,18400.0,17350.0,17650.0,24779250
2025-06-09,18100.0,18600.0,18050.0,18100.0,20072070
2025-06-10,17800.0,18250.0,17550.0,18050.0,14227760
2025-06-11,17600.0,17950.0,17350.0,17850.0,15740940
2025-06-12,17800.0,18150.0,17600.0,17600.0,13258340
2025-06-13,16750.0,17550.0,16600.0,17450.0,35960790
2025-06-16,17200.0,17200.0,16700.0,16800.0,8809757
2025-06-17,17250.0,17550.0,17100.0,17250.0,12963090
2025-06-18,17300.0,17650.0,17150.0,17300.0,12541620
2025-06-19,17350.0,17500.0,16950.0,17250.0,11118000
2025-06-20,17350.0,17550.0,17150.0,17400.0,7916908
2025-06-23,17150.0,17200.0,16900.0,17200.0,9932488
2025-06-24,17300.0,17600.0,17250.0,17350.0,14284070
2025-06-25,17250.0,17600.0,17250.0,17400.0,8889441
2025-06-26,17300.0,17400.0,17100.0,17250.0,8865871
2025-06-27,17600.0,18100.0,17500.0,17500.0,23668330
2025-06-30,17700.0,17850.0,17600.0,17850.0,9671547
2025-07-01,17100.0,17850.0,17050.0,17850.0,19074920
2025-07-02,17400.0,17450.0,17100.0,17300.0,11565750
2025-07-03,17650.0,17850.0,17350.0,17400.0,22313530
2025-07-04,18250.0,18600.0,17750.0,17750.0,28531260
2025-07-07,18600.0,18900.0,18150.0,18500.0,21685090
2025-07-08,18500.0,18800.0,18200.0,18800.0,22409050
2025-07-09,18650.0,19100.0,18450.0,18750.0,25765980
2025-07-10,18400.0,18900.0,18250.0,18700.0,23367880
2025-07-11,18050.0,18550.0,18050.0,18450.0,21424630
2025-07-14,18750.0,18850.0,17700.0,18100.0,30090180
2025-07-15,18400.0,19100.0,18400.0,18900.0,23290460
2025-07-16,19000.0,19250.0,18300.0,18400.0,29891420
2025-07-17,20300.0,20300.0,19050.0,19300.0,51747900
2025-07-18,20550.0,21650.0,20500.0,20950.0,31518880
2025-07-21,20100.0,20950.0,20100.0,20950.0,32391550
2025-07-22,20500.0,20500.0,19750.0,20000.0,25635670
2025-07-23,20300.0,21300.0,20250.0,20800.0,29424140
2025-07-24,20700.0,21100.0,20250.0,20500.0,26073580
2025-07-25,21800.0,21800.0,20700.0,20800.0,34977420
2025-07-28,23300.0,23300.0,22300.0,22650.0,31074390
2025-07-29,21700.0,24100.0,21700.0,24000.0,63204620
2025-07-30,22050.0,22300.0,21150.0,21700.0,30256520
2025-07-31,21750.0,22250.0,20750.0,22100.0,39824770
2025-08-01,20850.0,21950.0,20850.0,21900.0,26926020
2025-08-04,21500.0,21500.0,20450.0,20450.0,16941740
2025-08-05,21250.0,22500.0,20000.0,21800.0,48437420
2025-08-06,21550.0,21600.0,21200.0,21350.0,13935440
2025-08-07,22050.0,22400.0,21800.0,22200.0,24083630
2025-08-08,22800.0,23250.0,21650.0,22150.0,45217050
2025-08-11,23350.0,24150.0,23150.0,23250.0,29291830
2025-08-12,23150.0,24000.0,22300.0,23450.0,37338960
2025-08-13,24200.0,24450.0,23150.0,23500.0,43165400
2025-08-14,24350.0,24750.0,23650.0,24750.0,31893290
2025-08-15,23300.0,24350.0,23000.0,24350.0,34279800
2025-08-18,23500.0,24100.0,22600.0,23200.0,33104760
2025-08-19,25100.0,25100.0,23650.0,23650.0,52326020
2025-08-20,25000.0,25800.0,23950.0,25400.0,47464950
2025-08-21,24350.0,25450.0,24350.0,25150.0,25891610
2025-08-22,22700.0,23950.0,22650.0,23700.0,49689870
2025-08-25,21300.0,23400.0,21300.0,22950.0,25441120
2025-08-26,22750.0,22750.0,21300.0,21350.0,18950970
2025-08-27,23100.0,24000.0,22900.0,23000.0,20824770
2025-08-28,23150.0,23200.0,22600.0,23100.0,13415370
2025-08-29,23300.0,24000.0,23250.0,23500.0,18749710
2025-09-03,24900.0,24900.0,23650.0,23700.0,30344170
2025-09-04,25400.0,26300.0,25200.0,25700.0,33346850
2025-09-05,25400.0,27000.0,25350.0,25800.0,47166790
2025-09-08,24000.0,25550.0,24000.0,25100.0,40608440
2025-09-09,24250.0,24350.0,23400.0,24050.0,24674620
2025-09-10,23550.0,24400.0,23400.0,24400.0,23717480
2025-09-11,24000.0,24000.0,22600.0,23300.0,21523500
2025-09-12,24550.0,25350.0,24350.0,24400.0,24626160
2025-09-15,25150.0,25750.0,24600.0,24900.0,21605860
2025-09-16,24400.0,25600.0,24200.0,25600.0,25785610
2025-09-17,23650.0,24650.0,23650.0,24200.0,22146420
2025-09-18,24150.0,24500.0,23400.0,23800.0,16001550
2025-09-19,24500.0,25150.0,24150.0,24400.0,19117560
2025-09-22,24800.0,25400.0,24400.0,24750.0,30223440
2025-09-23,24200.0,25200.0,24100.0,25100.0,11964870
2025-09-24,25500.0,25500.0,23800.0,23950.0,28435380
2025-09-25,25300.0,26400.0,25300.0,25700.0,28493210
2025-09-26,25150.0,25850.0,24950.0,25350.0,21849090
2025-09-29,24400.0,25950.0,24400.0,25550.0,31635060
2025-09-30,23300.0,24650.0,22900.0,24400.0,36985090
2025-10-01,23250.0,23600.0,23200.0,23500.0,13385560
2025-10-02,22450.0,23450.0,22450.0,23300.0,19723330
2025-10-03,21500.0,22300.0,21500.0,22250.0,27418240
2025-10-06,23000.0,23000.0,21700.0,21700.0,15020240
2025-10-07,22050.0,23050.0,22000.0,23050.0,16199570
2025-10-08,21550.0,22500.0,21300.0,22400.0,38941310
2025-10-09,20800.0,20950.0,20250.0,20500.0,13027350
2025-10-10,21400.0,21550.0,20950.0,21000.0,10741090
2025-10-13,22500.0,22500.0,20900.0,20950.0,26020070
2025-10-14,22600.0,23200.0,22350.0,22800.0,27261530
2025-10-15,23000.0,23000.0,22350.0,22600.0,17693760
2025-10-16,24600.0,24600.0,23250.0,23250.0,44600470
2025-10-17,24600.0,25100.0,24250.0,24600.0,24125560
2025-10-20,22900.0,24800.0,22900.0,24100.0,35186540
2025-10-21,21900.0,22900.0,21600.0,22900.0,33256750
2025-10-22,22500.0,22500.0,21000.0,22100.0,20308820
2025-10-23,21850.0,22900.0,21850.0,22600.0,14287230
2025-10-24,21900.0,22400.0,21250.0,21600.0,15023160
2025-10-27,20400.0,22200.0,20400.0,22100.0,17410890
2025-10-28,20950.0,20950.0,19500.0,19900.0,18979460
2025-10-29,21150.0,21450.0,21100.0,21100.0,7767996
2025-10-30,21250.0,21650.0,21000.0,21200.0,8239728
2025-10-31,20600.0,21250.0,20550.0,21250.0,7657131
2025-11-03,19300.0,20750.0,19300.0,20550.0,16570320
2025-11-04,20650.0,20650.0,18600.0,19250.0,17574680
2025-11-05,20150.0,20650.0,20050.0,20650.0,5488131
2025-11-06,20300.0,20550.0,19750.0,20200.0,8915702
2025-11-07,19700.0,20350.0,19500.0,20300.0,8170237
2025-11-10,19650.0,19950.0,19050.0,19600.0,7752509
2025-11-11,20150.0,20200.0,19600.0,19700.0,10092490
2025-11-12,20600.0,20850.0,20050.0,20250.0,12053450
2025-11-13,20000.0,20650.0,20000.0,20650.0,8874814
2025-11-14,20450.0,20600.0,20000.0,20100.0,11963040
2025-11-17,21350.0,21650.0,20600.0,20600.0,16966370
2025-11-18,21000.0,21400.0,20850.0,21400.0,9910677
2025-11-19,21100.0,21600.0,20750.0,21100.0,14882380
2025-11-20,21100.0,21250.0,20500.0,21250.0,8145004
2025-11-21,21000.0,21150.0,20550.0,20850.0,10487390
2025-11-24,20700.0,21050.0,20600.0,21000.0,7239288
2025-11-25,20050.0,21000.0,19800.0,20700.0,11959010
2025-11-26,20750.0,20850.0,20000.0,20150.0,7856215
2025-11-27,20250.0,20850.0,20250.0,20800.0,7563852
2025-11-28,20650.0,20800.0,20050.0,20250.0,8841519
2025-12-01,20200.0,20700.0,20150.0,20700.0,6989294
2025-12-02,20000.0,20200.0,19500.0,20200.0,11359130
2025-12-03,20200.0,20300.0,19750.0,20050.0,6455764
2025-12-04,20800.0,20950.0,20250.0,20250.0,12496270
2025-12-05,20550.0,20800.0,20400.0,20800.0,8019351
2025-12-08,20000.0,20650.0,19900.0,20550.0,10986010
2025-12-09,19800.0,20000.0,19000.0,20000.0,14427460
2025-12-10,19400.0,19900.0,19250.0,19900.0,5976044
2025-12-11,19400.0,19600.0,19150.0,19500.0,5313337
2025-12-12,18050.0,19450.0,18050.0,19400.0,14767690
2025-12-15,17450.0,18150.0,17150.0,18050.0,15057710
2025-12-16,17950.0,18650.0,16850.0,17300.0,15727910
2025-12-17,17900.0,18350.0,17750.0,18100.0,6217745
2025-12-18,17900.0,18050.0,17500.0,17950.0,5506153
2025-12-19,17950.0,18200.0,17650.0,18000.0,8103189
2025-12-22,18450.0,18450.0,18000.0,18050.0,6408043
2025-12-23,18050.0,18500.0,17750.0,18500.0,6695651
2025-12-24,18200.0,18700.0,18100.0,18150.0,10348260
2025-12-25,17800.0,18450.0,17800.0,18350.0,8832634
2025-12-26,17500.0,17900.0,17050.0,17600.0,10893080
2025-12-29,17400.0,17750.0,17300.0,17600.0,6318602
2025-12-30,17050.0,17500.0,17050.0,17450.0,8236281
2025-12-31,16750.0,17200.0,16750.0,17050.0,9564000
2026-01-05,17300.0,17500.0,16950.0,17000.0,11008000
2026-01-06,17000.0,17500.0,16600.0,17450.0,8537610
2026-01-07,17150.0,17250.0,16850.0,17100.0,6513203
2026-01-08,17000.0,17500.0,16800.0,17150.0,16711860
2026-01-09,16000.0,17000.0,15850.0,16950.0,30115010
2026-01-12,16600.0,16850.0,15600.0,16000.0,17182430
2026-01-13,16750.0,17050.0,16500.0,16950.0,17273670
2026-01-14,16700.0,17000.0,16300.0,16750.0,15229590
2026-01-15,16500.0,17000.0,16300.0,16450.0,13203110
2026-01-16,16150.0,16650.0,16100.0,16600.0,12674440
2026-01-19,16250.0,16500.0,16100.0,16150.0,5977343
2026-01-20,16050.0,16400.0,15900.0,16250.0,9470285
2026-01-21,15550.0,16200.0,15350.0,16050.0,15802470
2026-01-22,16600.0,16600.0,15500.0,15700.0,23545980
2026-01-23,16100.0,16600.0,16050.0,16600.0,7297496
2026-01-26,15550.0,16300.0,15350.0,16200.0,10364760
2026-01-27,15600.0,15850.0,15400.0,15600.0,6379445
2026-01-28,15950.0,16200.0,15100.0,15650.0,11743940
2026-01-29,16000.0,16200.0,15850.0,16100.0,3341386
2026-01-30,16200.0,16500.0,15950.0,16150.0,13154190
2026-02-02,16200.0,16400.0,15900.0,16400.0,7604279
2026-02-03,16300.0,16500.0,16100.0,16300.0,7674051
2026-02-04,16300.0,16450.0,16050.0,16300.0,10023880
2026-02-05,15900.0,16500.0,15900.0,16350.0,9658033
2026-02-06,15300.0,15750.0,15300.0,15600.0,12019190
2026-02-09,15500.0,15600.0,15200.0,15500.0,7982665
2026-02-10,15350.0,15600.0,15300.0,15550.0,3890010
2026-02-11,16150.0,16400.0,15400.0,15400.0,14819390
2026-02-12,15800.0,16200.0,15750.0,16150.0,6040976
2026-02-13,15850.0,15950.0,15550.0,15800.0,10653100
2026-02-23,16000.0,16050.0,15700.0,15950.0,5785084
2026-02-24,15600.0,16100.0,15550.0,15950.0,14436920
2026-02-25,15350.0,15750.0,15350.0,15700.0,12245440
2026-02-26,15350.0,15550.0,15200.0,15450.0,9049030
2026-02-27,14950.0,15400.0,14950.0,15350.0,15986130
2026-03-02,14000.0,14600.0,13950.0,14100.0,21950080
2026-03-03,14050.0,14350.0,13950.0,14000.0,18024440
2026-03-04,14050.0,14250.0,13250.0,14050.0,13379760
2026-03-05,13750.0,14350.0,13750.0,14250.0,12339970
2026-03-06,13550.0,14000.0,13500.0,13950.0,7979364
2026-03-09,12650.0,12950.0,12650.0,12650.0,9300723
2026-03-10,12600.0,12950.0,12350.0,12450.0,27181650
2026-03-11,13350.0,13450.0,12650.0,12650.0,13459010
2026-03-12,13450.0,13550.0,13000.0,13300.0,12258250
2026-03-13,13550.0,13900.0,13250.0,13350.0,13109520
2026-03-16,13700.0,14000.0,13600.0,13700.0,10069450
2026-03-17,13450.0,13850.0,13450.0,13850.0,7133799
2026-03-18,13450.0,13550.0,13100.0,13450.0,7586521
2026-03-19,13600.0,13900.0,13200.0,13250.0,9718219
2026-03-20,13350.0,13800.0,13350.0,13550.0,7095930
2026-03-23,12800.0,13400.0,12700.0,13300.0,14121430
2026-03-24,13500.0,13650.0,13000.0,13250.0,10213160
2026-03-25,13800.0,14000.0,13500.0,13700.0,11707420
2026-03-26,13550.0,14000.0,13500.0,13850.0,10631420
2026-03-27,14450.0,14450.0,13600.0,13600.0,24729160
2026-03-30,14200.0,14600.0,14050.0,14100.0,13426280
2026-03-31,14250.0,14500.0,14100.0,14300.0,11425460
2026-04-01,14300.0,14650.0,14250.0,14500.0,12477860
2026-04-02,14250.0,14350.0,13950.0,14250.0,8487589
2026-04-03,14150.0,14400.0,14100.0,14250.0,12864650
2026-04-06,13600.0,14350.0,13550.0,14100.0,9981040
2026-04-07,13600.0,13800.0,13400.0,13650.0,10018690
2026-04-08,14450.0,14500.0,14050.0,14050.0,17773540
2026-04-09,14550.0,15150.0,14250.0,14400.0,16855970
2026-04-10,14550.0,15000.0,14550.0,14800.0,7873601
2026-04-13,14650.0,15100.0,14350.0,14450.0,14098370
2026-04-14,14750.0,14950.0,14550.0,14900.0,6886800
2026-04-15,14650.0,15000.0,14650.0,14750.0,12877610
2026-04-16,14550.0,14700.0,14300.0,14700.0,8077167
2026-04-17,14350.0,14700.0,14300.0,14650.0,6691076
2026-04-20,14350.0,14600.0,14300.0,14350.0,5240206
2026-04-21,14150.0,14600.0,14150.0,14400.0,9686745
2026-04-22,14150.0,14400.0,14100.0,14250.0,4447750
2026-04-23,14050.0,14400.0,13850.0,14200.0,11914700
2026-04-24,14300.0,14400.0,13950.0,14050.0,6600513
2026-04-28,14100.0,14500.0,14100.0,14300.0,5565885
2026-04-29,14700.0,14900.0,14100.0,14100.0,15557470
2026-05-04,14650.0,15100.0,14600.0,14800.0,10547110
2026-05-05,14300.0,14700.0,14150.0,14600.0,8777056
2026-05-06,14750.0,14900.0,14450.0,14550.0,10488820
2026-05-07,14500.0,15000.0,14500.0,14850.0,8833204
2026-05-08,14450.0,14600.0,14350.0,14550.0,8146760
2026-05-11,14450.0,14750.0,14300.0,14550.0,10277040
2026-05-12,14650.0,14950.0,14450.0,14450.0,14803710
2026-05-13,14650.0,14800.0,14500.0,14650.0,5431826
2026-05-14,14850.0,15200.0,14700.0,14800.0,12881820
2026-05-15,14950.0,15050.0,14750.0,14900.0,8158487
2026-05-18,14850.0,14900.0,14550.0,14900.0,8185516
2026-05-19,14650.0,15000.0,14450.0,14900.0,12159750
2026-05-20,13850.0,14650.0,13650.0,14650.0,26798710
2026-05-21,13600.0,13950.0,13600.0,13850.0,5654675
2026-05-22,13500.0,13700.0,13450.0,13700.0,6165597
2026-05-25,13600.0,13850.0,13550.0,13600.0,4749720
2026-05-26,13800.0,14150.0,13650.0,13700.0,7859600
2026-05-27,13750.0,13900.0,13750.0,13850.0,3128400
