Price,Close,High,Low,Open,Volume
Ticker,EIB.VN,EIB.VN,EIB.VN,EIB.VN,EIB.VN
Date,,,,,
2017-01-03,6129.19873046875,6129.19873046875,5869.761391737575,5869.761391737575,131466
2017-01-04,6388.6357421875,6388.6357421875,6096.768969049196,6129.198877082196,105663
2017-01-05,6194.05810546875,6226.487533105366,6031.9095277904735,6213.51576205072,46604
2017-01-06,6323.7763671875,6349.71990958947,6044.881846871108,6044.881846871108,156965
2017-01-09,6310.8046875,6323.77645888909,6174.600128251069,6174.600128251069,14408
2017-01-10,6226.48779296875,6343.234217164729,6057.853802556919,6057.853802556919,13166
2017-01-11,6226.48779296875,6226.48779296875,6096.769117344994,6226.48779296875,10680
2017-01-12,6226.48779296875,6226.48779296875,6096.769117344994,6096.769117344994,14665
2017-01-13,6226.48779296875,6226.48779296875,6168.114340954884,6168.114340954884,31347
2017-01-16,6226.48779296875,6226.48779296875,6096.769117344994,6226.48779296875,60983
2017-01-17,6135.6845703125,6220.001560823406,6096.768777859614,6096.768777859614,194995
2017-01-18,6194.05810546875,6194.05810546875,6103.254748422761,6103.254748422761,22044
2017-01-19,6194.05810546875,6245.945189687335,6096.768862895438,6245.945189687335,34801
2017-01-20,6220.001953125,6226.487838970931,6161.628500679864,6194.058409741276,19332
2017-01-23,6142.17041015625,6220.001514652559,6142.17041015625,6220.001514652559,57285
2017-01-24,6213.515625,6220.001510384264,6135.6845205571,6161.62806209416,111558
2017-01-25,6213.515625,6213.515625,6194.057968847205,6213.515625,69619
2017-02-03,7069.65771484375,7102.087623527104,6810.2208445356655,7004.798857140541,618183
2017-02-06,7004.798828125,7069.657685559548,6842.650724875134,7069.657685559548,269463
2017-02-07,7004.798828125,7004.798828125,6712.932050342542,7004.798828125,337582
2017-02-08,7004.798828125,7004.798828125,6810.220816326112,7004.798828125,222100
2017-02-09,6875.080078125,7004.798751233677,6875.080078125,7004.798751233677,59452
2017-02-10,6810.220703125,6939.939375501378,6810.220703125,6939.939375501378,89270
2017-02-13,6907.50927734375,6972.368611746511,6745.361181252708,6745.361181252708,187752
2017-02-14,6939.939453125,6939.939453125,6875.080116211356,6875.080116211356,109876
2017-02-15,6842.650390625,7004.798485954248,6777.791056526956,7004.798485954248,210479
2017-02-16,6369.17822265625,7296.665167368253,6369.17822265625,6842.650763598365,923737
2017-02-17,6680.50244140625,6810.220632607704,6680.50244140625,6777.791204765274,805467
2017-02-20,6972.36865234375,7134.516749378913,6712.931793053835,6777.791127834245,8582911
2017-02-21,7102.08740234375,7102.08740234375,6907.509395798699,7069.657494670374,411960
2017-02-22,7004.798828125,7069.657685559548,6939.939490858704,7004.798828125,227888
2017-02-23,6939.939453125,6972.36888166595,6875.080116211356,6939.939453125,198934
2017-02-24,6875.080078125,6939.939414679338,6777.791313209364,6875.080078125,211525
2017-02-27,6810.220703125,6875.0800393131885,6810.220703125,6810.220703125,138663
2017-02-28,6907.50927734375,6907.50927734375,6680.502326681673,6810.22051565547,363916
2017-03-01,7004.798828125,7004.798828125,6777.791387608838,6939.939490858704,489049
2017-03-02,7069.65771484375,7069.65771484375,6875.080182070624,6875.080182070624,314023
2017-03-03,7069.65771484375,7069.65771484375,6907.509610922229,6939.939519605583,366280
2017-03-06,7037.22802734375,7069.657455003433,6939.939264532967,7069.657455003433,4725310
2017-03-07,6907.50927734375,7037.2279461492735,6875.079850058232,6939.9391844609945,149693
2017-03-08,7069.65771484375,7069.65771484375,6842.65075321902,6842.65075321902,359204
2017-03-09,7004.798828125,7069.657685559548,6875.080153592408,6875.080153592408,467078
2017-03-10,7069.65771484375,7069.65771484375,7004.798857140541,7004.798857140541,183162
2017-03-13,7037.22802734375,7069.657455003433,6939.939264532967,6939.939264532967,107451
2017-03-14,7037.22802734375,7037.22802734375,7004.798599684067,7004.798599684067,35180
2017-03-15,7037.22802734375,7037.22802734375,7004.798599684067,7037.22802734375,324581
2017-03-16,7069.65771484375,7102.087623527104,7004.798857140541,7004.798857140541,327765
2017-03-17,7069.65771484375,7102.087623527104,7037.228285992146,7069.65771484375,339264
2017-03-20,7393.9541015625,7458.812956625759,7069.657427087551,7069.657427087551,546867
2017-03-21,7653.39111328125,7880.398550005451,7264.235576015726,7393.954248381481,22727481
2017-03-22,7912.828125,7912.828125,7523.672580513869,7653.391255286496,1222353
2017-03-23,7977.6875,8107.406175384232,7588.531953679055,7783.109486923652,702696
2017-03-24,7653.39111328125,7977.687314363897,7653.39111328125,7912.82797818102,746089
2017-03-27,7718.25048828125,7718.25048828125,7653.391151772178,7653.391151772178,432156
2017-03-28,7750.6796875,7815.539022091748,7718.25026011999,7783.10911488001,330537
2017-03-29,7653.39111328125,7750.679877639696,7653.39111328125,7750.679877639696,285372
2017-03-30,7653.39111328125,7718.250449464128,7653.39111328125,7718.250449464128,345553
2017-03-31,7556.1025390625,7653.391305869094,7556.1025390625,7588.531968054113,136814
2017-04-03,7685.8203125,7718.250219541238,7458.812882538239,7556.102123830226,288614
2017-04-04,7653.39111328125,7783.109305815265,7653.39111328125,7653.39111328125,437262
2017-04-05,7653.39111328125,7653.39111328125,7361.5243403741715,7653.39111328125,309720
2017-04-07,7912.828125,8107.4061371589405,7458.813243127555,7458.813243127555,369067
2017-04-10,7750.6796875,7977.687118655253,7653.390925528242,7912.8277840635055,285797
2017-04-11,7685.8203125,7783.109073960261,7588.531551039739,7718.250219541238,270599
2017-04-12,7556.1025390625,7588.531968054113,7523.672630239133,7588.531968054113,278273
2017-04-13,7556.1025390625,7588.531968054113,7393.954434440926,7556.1025390625,65074
2017-04-14,7426.3837890625,7523.672554894815,7199.376348899267,7523.672554894815,130724
2017-04-17,7393.9541015625,7491.242863989119,7134.516761982541,7393.9541015625,673864
2017-04-18,7393.9541015625,7393.9541015625,7069.657427087551,7199.3760968775305,699424
2017-04-19,7134.51708984375,7393.954441345953,6907.5096471952,7393.954441345953,1394818
2017-04-20,7264.2353515625,7329.094685741328,7134.516683204844,7329.094685741328,40165
2017-04-21,7102.08740234375,7264.235501215424,7069.657494670374,7134.51683018539,307872
2017-04-24,7588.53173828125,7588.53173828125,6842.650575572868,7004.7986752847655,1370758
2017-04-25,7458.81298828125,7653.390993792016,7296.664890271478,7653.390993792016,271130
2017-04-26,7199.3759765625,7458.812831975054,7199.3759765625,7458.812831975054,360400
2017-04-27,7393.9541015625,7523.672291520749,7134.516761982541,7134.516761982541,216692
2017-04-28,7264.2353515625,7458.812874267259,7264.2353515625,7458.812874267259,67467
2017-05-03,7231.8056640625,7264.235572052114,7134.516899757138,7264.235572052114,233388
2017-05-04,7361.5244140625,7393.95432239443,7199.376311898086,7199.376311898086,215464
2017-05-05,7199.3759765625,7393.953977995708,7134.516642751431,7393.953977995708,180192
2017-05-08,7199.3759765625,7393.953977995708,7166.946549572827,7199.3759765625,205207
2017-05-09,7264.2353515625,7296.664778736051,7134.516683204844,7166.946590210121,122118
2017-05-10,7296.6650390625,7361.524375555344,7231.805702569656,7329.094947224793,299326
2017-05-11,7264.2353515625,7329.094685741328,7231.805444557223,7296.664778736051,149889
2017-05-12,7264.2353515625,7264.2353515625,7231.805444557223,7231.805444557223,151405
2017-05-15,7231.8056640625,7264.235572052114,7166.946807746752,7264.235572052114,397839
2017-05-16,7134.51708984375,7231.8058567412,7134.51708984375,7199.376427719301,566321
2017-05-17,7134.51708984375,7199.376427719301,7069.6577519682,7102.087660821851,448080
2017-05-18,7199.3759765625,7199.3759765625,7069.657308940362,7134.516642751431,157951
2017-05-19,7199.3759765625,7199.3759765625,7102.087215761758,7134.516642751431,122799
2017-05-22,7426.3837890625,7685.820657892589,7134.517011733808,7134.517011733808,935449
2017-05-23,7329.0947265625,7426.383488456752,7296.664819376597,7329.0947265625,482020
2017-05-24,7426.3837890625,7458.8132177293555,7231.805777566123,7329.095023230185,470246
2017-05-25,7458.81298828125,7491.242895782244,7329.094797772472,7393.954132942727,214768
2017-05-26,7588.53173828125,7685.820502142042,7329.094874708561,7426.383638569352,567154
2017-05-29,7620.9609375,7653.390844367836,7523.672176559941,7653.390844367836,557820
2017-05-30,7653.39111328125,7783.109305815265,7588.531777098373,7653.39111328125,837315
2017-05-31,7718.25048828125,7783.10934495858,7523.672478754033,7620.961243601771,481110
2017-06-01,7653.39111328125,7718.250449464128,7588.531777098373,7588.531777098373,361067
2017-06-02,7523.67236328125,7653.391034308482,7523.67236328125,7523.67236328125,389112
2017-06-05,7523.67236328125,7523.67236328125,7458.813027767635,7458.813027767635,124223
2017-06-06,7718.25048828125,7783.10934495858,7393.954285567632,7458.813142244961,4166064
2017-06-07,7783.109375,7977.687385278253,7718.2505180723265,7783.109375,3151024
2017-06-08,7653.39111328125,7783.109305815265,7653.39111328125,7783.109305815265,81423578
2017-06-09,7977.6875,8172.265033244597,7847.968824615767,8042.546837692116,1741796
2017-06-12,7945.25732421875,8172.264758596155,7847.968560866073,8042.546567403163,441945
2017-06-13,8010.11669921875,8042.54660705067,7880.398507386284,7945.257363386649,499382
2017-06-14,7880.3984375,8010.116628182077,7880.3984375,8010.116628182077,659879
2017-06-15,7880.3984375,7945.257292925172,7815.539102243095,7880.3984375,280690
2017-06-16,7912.828125,7912.828125,7783.109450227374,7880.398696222718,217919
2017-06-19,7977.6875,8042.546837692116,7912.828162307884,7912.828162307884,891828
2017-06-20,8496.560546875,8528.990452984244,7977.686847444207,7977.686847444207,16381325
2017-06-21,8691.138671875,8950.576019561579,8431.702283851913,8820.857345718288,2685080
2017-06-22,8496.560546875,8788.426822867928,8496.560546875,8755.997876422109,742832
2017-06-23,8334.4130859375,8431.70184635607,8237.12432551893,8237.12432551893,13289890
2017-06-26,8237.125,8366.842718070819,8204.695090650535,8237.125,1012868
2017-06-27,8237.125,8334.413768384875,8107.406322265662,8237.125,679591
2017-06-28,8172.2646484375,8237.124462907317,8107.405793631142,8237.124462907317,265114
2017-06-29,8172.2646484375,8204.694555672408,8010.116551758147,8172.2646484375,696227
2017-06-30,8366.8427734375,8366.8427734375,8074.976466351485,8172.265235380157,788241
2017-07-03,8301.9833984375,8561.420739512472,8237.124543000491,8431.702068974986,612849
2017-07-04,8237.125,8366.842718070819,8204.695090650535,8301.983859035408,708878
2017-07-05,8366.8427734375,8366.8427734375,8172.265235380157,8172.265235380157,840587
2017-07-06,8366.8427734375,8496.561452030239,8334.413823536961,8496.561452030239,20211821
2017-07-07,8431.7021484375,8691.138532293999,8301.983476677511,8366.842332725768,3663575
2017-07-10,8366.8427734375,8496.561452030239,8172.265235380157,8496.561452030239,497156
2017-07-11,8237.125,8431.702536769748,8237.125,8237.125,483095
2017-07-12,8431.7021484375,8431.7021484375,8172.264804917524,8301.983476677511,498625
2017-07-13,8334.4130859375,8431.70184635607,8237.12432551893,8431.70184635607,316675
2017-07-14,8334.4130859375,8334.4130859375,8204.694418824925,8334.4130859375,274372
2017-07-17,7783.109375,8237.124732315924,7783.109375,8237.124732315924,6257672
2017-07-18,7783.109375,7912.828048518835,7523.672507794074,7783.109375,608092
2017-07-19,7264.2353515625,7912.827733687329,7264.2353515625,7912.827733687329,937510
2017-07-20,7426.3837890625,7556.102463393418,7264.235686064726,7264.235686064726,795558
2017-07-21,7556.1025390625,7718.250643684074,7329.095096625946,7329.095096625946,9202989
2017-07-24,7588.53173828125,7588.53173828125,7458.813066579037,7556.102310271566,482231
2017-07-25,7653.39111328125,7685.820541456818,7523.672440915495,7685.820541456818,355476
2017-07-26,7880.3984375,7880.3984375,7718.2503392736035,7718.2503392736035,334037
2017-07-27,7718.25048828125,7977.687354485796,7718.25048828125,7945.257446315389,194192
2017-07-28,7880.3984375,7880.3984375,7750.679766986189,7783.109194698775,182874
2017-07-31,7523.67236328125,8237.124574099289,7523.67236328125,7880.398468690269,847769
2017-08-01,7588.53173828125,8042.546609407259,7588.53173828125,7977.687273556153,2176969
2017-08-02,8107.40576171875,8107.40576171875,7653.390900870963,7945.257185845918,27259008
2017-08-03,8496.560546875,8561.420359093489,8139.834458663581,8237.124176991316,2078744
2017-08-04,8431.7021484375,8496.561004485755,8237.124620629256,8496.561004485755,1051144
2017-08-07,8366.8427734375,8431.702592565633,8237.12505450829,8431.702592565633,3301870
2017-08-08,8204.6943359375,8399.271854808934,8204.6943359375,8237.124242303884,3086814
2017-08-09,8139.8349609375,8237.124685268562,8042.546676101664,8237.124685268562,750317
2017-08-10,8107.40576171875,8172.264616269811,8042.546427335963,8139.834709162554,296235
2017-08-11,8074.97607421875,8074.97607421875,7912.8279737678595,8074.97607421875,349506
2017-08-14,7912.828125,8172.264994713504,7912.828125,8139.835086104473,1620935
2017-08-15,7847.96875,8172.264955545533,7847.96875,7977.687424150912,916995
2017-08-16,7847.96875,7977.687424150912,7847.96875,7847.96875,328553
2017-08-17,7329.0947265625,8010.116539653996,7329.0947265625,7880.398350405569,1533786
2017-08-18,7815.5390625,7815.5390625,7588.531630171062,7653.390965098149,30921113
2017-08-21,7977.6875,7977.6875,7685.8207203013535,7815.539395685586,322265
2017-08-22,7783.109375,7977.687385278253,7718.2505180723265,7977.687385278253,335749
2017-08-23,7653.39111328125,7783.109305815265,7620.961205273941,7783.109305815265,107770
2017-08-24,7750.6796875,7750.6796875,7653.390925528242,7653.390925528242,151193
2017-08-25,7783.109375,7783.109375,7653.391181312909,7783.109375,474747
2017-08-28,7815.5390625,7912.827824974765,7685.820392645826,7718.250300025235,381370
2017-08-29,7912.828125,7977.687462386313,7750.680021450092,7750.680021450092,1061568
2017-08-30,7880.3984375,7880.3984375,7783.109194698775,7783.109194698775,305250
2017-08-31,7880.3984375,7880.3984375,7783.109194698775,7847.96852995568,15436496
2017-09-01,7880.3984375,7912.827865212586,7815.539102243095,7880.3984375,411309
2017-09-05,7847.96875,7912.828087075456,7783.109412924544,7880.3986584536015,867633
2017-09-06,7880.3984375,7880.3984375,7718.2503392736035,7847.96852995568,188965
2017-09-07,7880.3984375,7912.827865212586,7815.539102243095,7912.827865212586,452444
2017-09-08,7847.96875,7880.3986584536015,7783.109412924544,7880.3986584536015,185238
2017-09-11,7815.5390625,7847.968490047678,7685.820392645826,7847.968490047678,117148
2017-09-12,7912.828125,8042.546799772627,7815.539358836405,7815.539358836405,14629204
2017-09-13,8107.40576171875,8107.40576171875,7912.827758570387,7912.827758570387,859073
2017-09-14,8107.40576171875,8204.69452337707,8042.546427335963,8074.975854611493,5553808
2017-09-15,8301.9833984375,8366.842253874509,8010.116629644023,8010.116629644023,806922
2017-09-18,8301.9833984375,8431.702068974986,8172.264727900014,8301.9833984375,618850
2017-09-19,8172.2646484375,8237.124462907317,8107.405793631142,8172.2646484375,186404
2017-09-20,8010.11669921875,8172.264798883136,8010.11669921875,8172.264798883136,144269
2017-09-21,8042.54638671875,8172.264574997484,8042.54638671875,8074.975813830502,95406
2017-09-22,8042.54638671875,8172.264574997484,7977.68705266352,8042.54638671875,311537
2017-09-25,8074.97607421875,8139.834930533713,7977.687309914564,8139.834930533713,87467
2017-09-26,8042.54638671875,8074.975813830502,8010.116479775273,8074.975813830502,140617
2017-09-27,8042.54638671875,8107.405720773979,8042.54638671875,8042.54638671875,264645
2017-09-28,7977.6875,8042.546837692116,7945.257591238066,8042.546837692116,474914
2017-09-29,8107.40576171875,8107.40576171875,7847.968424187599,7977.687092953175,507246
2017-10-02,7977.6875,7977.6875,7912.828162307884,7912.828162307884,3227
2017-10-03,7912.828125,7977.687462386313,7783.109450227374,7912.828125,169025
2017-10-04,7912.828125,7912.828125,7783.109450227374,7783.109450227374,126951
2017-10-05,7783.109375,7912.828048518835,7750.679946536163,7912.828048518835,860905
2017-10-06,7718.25048828125,7783.10934495858,7685.820580110842,7783.10934495858,374370
2017-10-09,7783.109375,7783.109375,7750.679946536163,7783.109375,90300
2017-10-10,7653.39111328125,7718.250449464128,7588.531777098373,7718.250449464128,405294
2017-10-11,7783.109375,7783.109375,7620.961273017328,7653.391181312909,239630
2017-10-12,7750.6796875,7750.6796875,7620.961018316503,7653.390925528242,123709
2017-10-13,7620.9609375,7750.679605307894,7491.24274952383,7750.679605307894,289947
2017-10-16,7329.0947265625,7653.390919431161,7264.235392022422,7620.961012245258,623138
2017-10-17,7458.81298828125,7718.250328962271,7458.81298828125,7458.81298828125,606486
2017-10-18,7491.2431640625,7685.820696709844,7491.2431640625,7653.391267879203,547443
2017-10-19,7556.1025390625,7653.391305869094,7491.24320124752,7653.391305869094,154390
2017-10-20,7458.81298828125,7556.1022309525,7426.383560611988,7556.1022309525,157056
2017-10-23,7426.3837890625,7491.24312622796,7361.524451897041,7458.8132177293555,96678
2017-10-24,7491.2431640625,7588.531930386172,7393.9543977388275,7588.531930386172,386021
2017-10-25,7458.81298828125,7491.242895782244,7361.524225441733,7458.81298828125,57331
2017-10-26,7393.9541015625,7458.812956625759,7361.52419419914,7458.812956625759,64270
2017-10-27,7393.9541015625,7458.812956625759,7231.80552440916,7231.80552440916,73119
2017-10-30,7231.8056640625,7393.95424434709,7199.376235904626,7296.665000209988,201222
2017-10-31,7393.9541015625,7393.9541015625,7199.3760968775305,7329.09476666751,129632
2017-11-01,7231.8056640625,7393.95424434709,7231.8056640625,7393.95424434709,21802
2017-11-02,7199.3759765625,7393.953977995708,7199.3759765625,7231.805403552174,82815
2017-11-03,7329.0947265625,7393.954061102578,7134.516722942267,7134.516722942267,425097
2017-11-06,7393.9541015625,7523.672291520749,7264.23543177252,7523.672291520749,117390
2017-11-07,7393.9541015625,7426.38352909413,7264.23543177252,7393.9541015625,113012
2017-11-08,7329.0947265625,7393.954061102578,7231.805484836519,7296.664819376597,227949
2017-11-09,7231.8056640625,7393.95424434709,7231.8056640625,7329.094908199602,303447
2017-11-10,7329.0947265625,7329.0947265625,7199.376057482345,7329.0947265625,51982
2017-11-13,7231.8056640625,7329.094908199602,7134.516899757138,7329.094908199602,506291
2017-11-14,7134.51708984375,7296.66519461675,7134.51708984375,7296.66519461675,524367
2017-11-15,7296.6650390625,7329.094947224793,7134.516937746261,7134.516937746261,222979
2017-11-16,7588.53173828125,7620.961166290935,7231.805631016032,7231.805631016032,808437
2017-11-17,7523.67236328125,7588.531698794866,7426.383599926694,7588.531698794866,387581
2017-11-20,7523.67236328125,7523.67236328125,7458.813027767635,7523.67236328125,280433
2017-11-21,7718.25048828125,7783.10934495858,7458.813142244961,7588.531815263106,1243019
2017-11-22,8074.97607421875,8172.264838522936,7718.250445159488,7718.250445159488,1768341
2017-11-23,8139.8349609375,8301.983541825784,8042.546676101664,8172.264869047854,1128961
2017-11-24,8074.97607421875,8139.834930533713,8010.116738072045,8139.834930533713,1009402
2017-11-27,8139.8349609375,8301.983541825784,7847.968666934767,8074.976104380276,2067743
2017-11-28,8010.11669921875,8139.834891051216,7750.67983572208,8139.834891051216,209374
2017-11-29,8074.97607421875,8107.405982207972,7783.109301474452,8010.116738072045,424945
2017-11-30,8074.97607421875,8172.264838522936,8010.116738072045,8042.546646061268,987297
2017-12-01,8074.97607421875,8172.264838522936,8042.546646061268,8107.405982207972,149889
2017-12-04,7945.25732421875,8107.405902915527,7945.25732421875,8074.975995243477,1355395
2017-12-05,8074.97607421875,8172.264838522936,7977.687309914564,8010.116738072045,2322300
2017-12-06,8139.8349609375,8204.694777158207,7977.687339712698,8074.976104380276,1684070
2017-12-07,8431.7021484375,8691.138532293999,8172.264804917524,8172.264804917524,25767100
2017-12-08,8301.9833984375,8561.420739512472,8301.9833984375,8431.702068974986,479565
2017-12-11,7945.25732421875,8301.983429620883,7945.25732421875,8301.983429620883,705500
2017-12-12,8074.97607421875,8107.405982207972,7653.391109012784,7945.257401925342,1049280
2017-12-13,8010.11669921875,8074.976035050852,7815.539171554182,8074.976035050852,232343
2017-12-14,8010.11669921875,8010.11669921875,7783.109263722263,7977.687271218568,325962
2017-12-15,8139.8349609375,8172.264869047854,7977.687339712698,8010.116767991311,239933
2017-12-18,7977.6875,8139.835124482664,7945.257591238066,8139.835124482664,385112
2017-12-19,7977.6875,8139.835124482664,7847.968824615767,8139.835124482664,1605845
2017-12-20,8042.54638671875,8172.264574997484,7783.109050497833,7847.968384553063,43606834
2017-12-21,8042.54638671875,8139.834668054006,8010.116479775273,8042.54638671875,42539660
2017-12-22,8042.54638671875,8042.54638671875,7945.257145720044,8010.116479775273,411520
2017-12-25,7945.25732421875,8042.546567403163,7945.25732421875,8042.546567403163,219100
2017-12-26,7912.828125,8010.116891163596,7912.828125,7912.828125,329917
2017-12-27,7912.828125,8074.976228549909,7912.828125,7912.828125,735104
2017-12-28,8139.8349609375,8172.264869047854,7912.828003323733,7912.828003323733,961009
2017-12-29,8204.6943359375,8269.553189006834,8107.405576501783,8139.834523204734,913905
2018-01-02,8204.6943359375,8301.983095373216,8107.405576501783,8301.983095373216,1058750
2018-01-03,8366.8427734375,8464.131542466172,8237.12505450829,8237.12505450829,2017014
2018-01-04,7847.96875,8691.138692485687,7847.96875,8431.702303847356,4152640
2018-01-05,8366.8427734375,8366.8427734375,8366.8427734375,8366.8427734375,2195180
2018-01-08,8950.576171875,8950.576171875,8496.561285529187,8561.421103386308,4422013
2018-01-09,9274.8720703125,9404.590742001585,8755.998343219644,9274.8720703125,3400731
2018-01-10,9664.02734375,9761.31706945941,9274.872279566354,9274.872279566354,7844109
2018-01-11,9728.88671875,9793.74557327853,9404.590526780448,9664.026904558015,3157206
2018-01-12,9501.8798828125,9728.887327358398,9437.021024226606,9728.887327358398,7841821
2018-01-15,9501.8798828125,9599.168650523095,9404.591115101905,9469.449973687795,5351040
2018-01-16,9501.8798828125,9599.168650523095,9437.021024226606,9501.8798828125,11554178
2018-01-17,9080.294921875,9534.309811918278,9080.294921875,9501.87990272561,1736656
2018-01-18,9599.16796875,9599.16796875,9015.4344442821,9080.294257924892,1982976
2018-01-19,9858.60546875,9988.32317887652,9664.0269842333,9664.0269842333,3661681
2018-01-22,9923.46484375,10053.183520336548,9793.746167163452,9858.605985288485,1717600
2018-01-25,10020.7529296875,10150.471597450907,9858.605314730825,10085.612743400929,3771481
2018-01-26,10150.4716796875,10150.4716796875,9891.034342058783,10020.753010873144,1618072
2018-01-29,10442.337890625,10701.775226411544,10182.901514501902,10182.901514501902,2483523
2018-01-30,10507.1982421875,10701.77577415464,10247.760893122317,10280.19080167134,29485477
2018-01-31,10053.18359375,10636.91716282043,9858.606057281031,10636.91716282043,2048880
2018-02-01,10053.18359375,10247.76113021897,9858.606057281031,10053.18359375,19500684
2018-02-02,10118.0419921875,10182.901807834234,9923.464464574245,10020.753228380872,631486
2018-02-05,9437.0205078125,10053.18298948305,9437.0205078125,9891.034412396164,1314593
2018-02-06,9469.44921875,9793.745405152464,8788.426939405796,8820.856845945073,2323314
2018-02-07,9826.17578125,9826.17578125,9469.449671261576,9469.449671261576,1051038
2018-02-08,9372.1611328125,9696.457342537346,9372.1611328125,9599.168575586242,470868
2018-02-09,9534.3095703125,9534.3095703125,8885.717160876016,8885.717160876016,22356034
2018-02-12,9728.88671875,9793.74557327853,9534.30919550096,9761.316625845991,482822
2018-02-13,10377.4794921875,10377.4794921875,9664.02726727838,9728.887083904749,872602
2018-02-21,10409.9091796875,10474.768035274605,9696.456969912004,10312.620416475109,2184742
2018-02-22,10507.1982421875,10766.634631589188,10247.760893122317,10345.049659105884,3014361
2018-02-23,10247.7607421875,10507.198087431543,10150.471977636857,10247.7607421875,1467393
2018-02-26,9955.89453125,10377.479501026524,9793.745949209457,10247.760827326789,2109212
2018-02-27,10182.9013671875,10247.760220364107,9923.464035154191,10053.182701170846,797846
2018-02-28,10053.18359375,10182.90227128382,9923.46491621618,10053.18359375,1687131
2018-03-01,9923.46484375,10053.183520336548,9923.46484375,9988.323702211515,848512
2018-03-02,9761.31640625,9923.464018755283,9728.886499883569,9923.464018755283,1205005
2018-03-05,9437.0205078125,9793.745650009418,9437.0205078125,9761.31670232281,1025144
2018-03-06,9599.16796875,9664.026822729347,9404.590447148516,9664.026822729347,15742656
2018-03-07,9242.4423828125,9664.027356104922,9242.4423828125,9664.027356104922,919889
2018-03-08,9242.4423828125,9404.590966205316,9210.013433864737,9210.013433864737,1010054
2018-03-09,9242.4423828125,9404.590966205316,9210.013433864737,9242.4423828125,374218
2018-03-12,9858.60546875,9858.60546875,9210.013079463562,9404.590604316802,3754588
2018-03-13,9728.88671875,9858.605387470512,9566.738142933496,9858.605387470512,5424957
2018-03-14,9728.88671875,9826.17548037452,9631.59795712548,9631.59795712548,1826416
2018-03-15,9728.88671875,9793.74557327853,9696.456811654009,9728.88671875,12604730
2018-03-16,9728.88671875,10053.182910719552,9696.456811654009,9793.74557327853,23076458
2018-03-19,9534.3095703125,9858.60577503074,9469.449753570756,9728.887101210748,28244594
2018-03-20,9404.5908203125,9631.598257742791,9404.5908203125,9469.449676865375,948601
2018-03-21,9404.5908203125,9566.738441526431,9372.16091220432,9566.738441526431,10823261
2018-03-22,9599.16796875,9599.16796875,9404.590447148516,9566.738061928603,539063
2018-03-23,9566.73828125,9566.73828125,9274.87199215662,9404.590662752613,406642
2018-03-26,9145.1533203125,9501.879424486926,9080.29446485509,9404.590661469076,7102381
2018-03-27,9080.294921875,9339.73131642579,8918.14633557518,9112.724831067668,13497067
2018-03-28,9015.4345703125,9080.294384861993,8950.575715426465,9015.4345703125,7492298
2018-03-29,9080.294921875,9080.294921875,8983.006153960514,9080.294921875,5375054
2018-03-30,9080.294921875,9112.724831067668,8885.717386046028,9080.294921875,616819
2018-04-02,9015.4345703125,9145.153239748028,8950.575715426465,9080.294384861993,4160807
2018-04-03,9404.5908203125,9404.5908203125,9015.434802004796,9080.294618221154,1536240
2018-04-04,9534.3095703125,9599.168427390752,9404.590896492506,9469.449753570756,3025102
2018-04-05,9534.3095703125,9631.598335761622,9501.879661941628,9534.3095703125,684834
2018-04-06,9696.45703125,9793.745795077824,9534.309411424789,9534.309411424789,16369537
2018-04-09,9599.16796875,9696.456729550742,9534.309114770656,9664.026822729347,742741
2018-04-10,9534.3095703125,9664.027284469004,9437.020804863376,9501.879661941628,689864
2018-04-11,9469.44921875,9599.167885243673,9404.590365334883,9501.879125289275,7327120
2018-04-12,9566.73828125,9631.59809637973,9372.160755187746,9372.160755187746,661849
2018-04-13,9631.5986328125,9728.887401262136,9534.309864362864,9599.168723441448,9069659
2018-04-16,9793.74609375,9858.605911388844,9534.30970218514,9631.5984689799,3016739
2018-04-17,10247.7607421875,10377.479414809522,9891.03463239281,9891.03463239281,15447072
2018-04-18,10669.345703125,10701.775611180155,10312.620553172215,10345.049501563888,6153250
2018-04-19,10312.6201171875,10604.486398354278,10053.182783041402,10442.337824597107,1626465
2018-04-20,10507.1982421875,10507.1982421875,9858.605829188036,10312.62071022036,975358
2018-04-23,9858.60546875,10442.338043309715,9858.60546875,10442.338043309715,2025760
2018-04-24,9793.74609375,9923.464769364184,9437.020935390376,9923.464769364184,618986
2018-04-26,9437.0205078125,9793.745650009418,9404.59060046243,9534.309270199246,747908
2018-04-27,9793.74609375,9793.74609375,9372.161117751531,9437.020935390376,8712302
2018-05-02,9631.5986328125,9955.894847532454,9404.59118654218,9923.464938161402,514701
2018-05-03,9728.88671875,9728.88671875,9372.160619684457,9404.590526780448,529882
2018-05-04,9728.88671875,9891.034334903048,9599.168050029488,9891.034334903048,588199
2018-05-07,9988.3232421875,9988.3232421875,9728.886860626564,9858.605531238769,459625
2018-05-08,9988.3232421875,10085.612964894251,9826.17562366985,9988.3232421875,371871
2018-05-09,9988.3232421875,10053.183057325336,9858.605531238769,9988.3232421875,4805277
2018-05-10,9631.5986328125,9988.323797239984,9631.5986328125,9988.323797239984,374127
2018-05-11,9826.17578125,9858.605689338989,9599.168343954048,9631.598252043035,1244140
2018-05-14,9826.17578125,9923.46454585348,9696.45710855753,9923.46454585348,7416875
2018-05-15,9761.31640625,9826.175259319429,9631.59774044771,9826.175259319429,611365
2018-05-16,9728.88671875,9728.88671875,9599.168050029488,9664.026904558015,115815
2018-05-17,9534.3095703125,9728.887101210748,9534.3095703125,9599.168427390752,252721
2018-05-18,9566.73828125,9664.027044281129,9404.590662752613,9664.027044281129,5358311
2018-05-21,9566.73828125,9728.886859410855,9534.309333348603,9728.886859410855,690924
2018-05-22,9404.5908203125,9599.16834963461,9404.5908203125,9599.16834963461,832846
2018-05-23,9469.44921875,9534.309031828556,9372.160458795604,9534.309031828556,166208
2018-05-24,9599.16796875,9599.16796875,9372.16054032712,9372.16054032712,4846217
2018-05-25,9534.3095703125,9664.027284469004,9534.3095703125,9631.598335761622,148662
2018-05-28,9404.5908203125,9534.309493081735,9145.15347477403,9404.5908203125,1469893
2018-05-29,9404.5908203125,9469.449676865375,9274.872147543265,9339.73100409614,530973
2018-05-30,9307.3017578125,9404.59051936026,9145.153182123931,9404.59051936026,256993
2018-05-31,9372.1611328125,9501.87980863514,9210.01350778183,9307.302274732932,366052
2018-06-01,9372.1611328125,9534.309717506676,9372.1611328125,9501.87980863514,21475310
2018-06-04,9664.02734375,9728.887160889606,9437.020862751871,9534.309628797784,934434
2018-06-05,10020.7529296875,10085.612743400929,9469.449311440598,9664.026833253987,1012917
2018-06-06,9923.46484375,10053.183520336548,9858.605985288485,10053.183520336548,276554
2018-06-07,9858.60546875,9923.46432381326,9664.0269842333,9923.46432381326,290781
2018-06-08,9858.60546875,9923.46432381326,9728.88679896002,9728.88679896002,404385
2018-06-11,9826.17578125,9858.605689338989,9728.88701664652,9858.605689338989,5322631
2018-06-12,9599.16796875,9728.88663637214,9566.738061928603,9728.88663637214,5126468
2018-06-13,9501.8798828125,9599.168650523095,9469.449973687795,9599.168650523095,232524
2018-06-14,9566.73828125,9631.59809637973,9469.449518218871,9469.449518218871,223298
2018-06-15,9469.44921875,9599.167885243673,9469.44921875,9534.309031828556,91451
2018-06-18,9339.73046875,9534.308946582503,9339.73046875,9534.308946582503,14769677
2018-06-19,9242.4423828125,9469.449823764342,9145.15361664221,9210.013433864737,18123637
2018-06-20,9339.73046875,9372.160374999325,9242.441709665462,9242.441709665462,10134182
2018-06-21,9210.013671875,9307.30244055948,9177.583762425666,9242.442621660812,8665016
2018-06-22,9274.8720703125,9339.730926325305,9080.294542610614,9210.013214299695,3292309
2018-06-25,9404.5908203125,9404.5908203125,9274.872147543265,9274.872147543265,18374465
2018-06-26,9307.3017578125,9404.59051936026,9274.871850742096,9372.160612289856,32940708
2018-06-27,9372.1611328125,9404.591041684036,9307.302274732932,9404.591041684036,57619
2018-06-28,9339.73046875,9404.590281248644,9242.441709665462,9372.160374999325,128557
2018-06-29,9404.5908203125,9664.027206187486,9274.872147543265,9339.73100409614,728605
2018-07-02,9274.8720703125,9501.879505852528,9145.153398623415,9145.153398623415,347644
2018-07-03,9145.1533203125,9404.590661469076,8626.279597662815,9242.44208333035,1004675
2018-07-04,9210.013671875,9372.161299794623,9080.294993741183,9145.153852976331,836285
2018-07-05,9210.013671875,9210.013671875,9047.86508429185,9210.013671875,816406
2018-07-06,9080.294921875,9145.153780596818,8950.576244767846,9080.294921875,935594
2018-07-09,9112.724609375,9307.302140470323,9080.29470097128,9080.29470097128,2066284
2018-07-10,9080.294921875,9112.724831067668,9080.294921875,9112.724831067668,2853925
2018-07-11,9080.294921875,9080.294921875,8950.576244767846,9080.294921875,1993246
2018-07-12,9080.294921875,9210.013598982152,8820.857567660694,9210.013598982152,2113602
2018-07-13,9080.294921875,9145.153780596818,8950.576244767846,9080.294921875,871799
2018-07-16,9080.294921875,9112.724831067668,9080.294921875,9080.294921875,11218311
2018-07-17,9177.5830078125,9210.012914595334,8950.575579659557,9080.294247127444,6359932
2018-07-18,9177.5830078125,9274.871768497556,9080.294247127444,9274.871768497556,682833
2018-07-19,9112.724609375,9210.013374922662,9080.29470097128,9210.013374922662,15836654
2018-07-20,9080.294921875,9080.294921875,9015.435103489666,9080.294921875,9745570
2018-07-23,9080.294921875,9080.294921875,8983.006153960514,9080.294921875,173390
2018-07-24,9080.294921875,9080.294921875,9015.435103489666,9080.294921875,11085268
2018-07-25,9145.1533203125,9145.1533203125,8950.575794276801,9080.29446485509,210146
2018-07-26,9177.5830078125,9274.871768497556,9145.153101029668,9210.012914595334,161178
2018-07-27,9080.294921875,9177.583689789486,9080.294921875,9145.153780596818,92755
2018-07-30,9145.1533203125,9145.1533203125,9080.29446485509,9145.1533203125,1685630
2018-07-31,9112.724609375,9210.013374922662,9080.29470097128,9145.153558115226,6362033
2018-08-01,9080.294921875,9112.724831067668,9015.435103489666,9080.294921875,164238
2018-08-02,9080.294921875,9080.294921875,9015.435103489666,9080.294921875,587109
2018-08-03,9112.724609375,9112.724609375,9015.434884163844,9015.434884163844,145390
2018-08-06,9210.013671875,9242.442621660812,9080.294993741183,9112.72490319052,14627650
2018-08-07,9080.294921875,9210.013598982152,9047.865012682332,9210.013598982152,78452
2018-08-08,9080.294921875,9112.724831067668,9015.435103489666,9080.294921875,163829
2018-08-09,9080.294921875,9112.724831067668,9015.435103489666,9080.294921875,204994
2018-08-10,9080.294921875,9080.294921875,8950.576244767846,9080.294921875,926934
2018-08-13,9015.4345703125,9112.72429213674,9015.4345703125,9112.72429213674,33914672
2018-08-14,9080.294921875,9177.583689789486,9015.435103489666,9015.435103489666,15505146
2018-08-15,9047.8642578125,9112.724070786531,9047.8642578125,9080.294164299516,208919
2018-08-16,9080.294921875,9080.294921875,9047.865012682332,9080.294921875,2872500
2018-08-17,9080.294921875,9080.294921875,9015.435103489666,9080.294921875,389294
2018-08-20,9112.724609375,9112.724609375,9015.434884163844,9080.29470097128,592259
2018-08-21,9307.3017578125,9404.59051936026,9080.294327646576,9080.294327646576,1664586
2018-08-22,9080.294921875,9307.302366896638,9080.294921875,9307.302366896638,182919
2018-08-23,9145.1533203125,9145.1533203125,9080.29446485509,9080.29446485509,182464
2018-08-24,9080.294921875,9145.153780596818,9047.865012682332,9145.153780596818,573805
2018-08-27,9080.294921875,9112.724831067668,9015.435103489666,9015.435103489666,535791
2018-08-28,9112.724609375,9112.724609375,9047.864792567563,9080.29470097128,457308
2018-08-29,9047.8642578125,9112.724070786531,9047.8642578125,9080.294164299516,908192
2018-08-30,9080.294921875,9080.294921875,8950.576244767846,9047.865012682332,678287
2018-08-31,9112.724609375,9112.724609375,8950.5760270199,9080.29470097128,6471941
2018-09-04,9080.294921875,9080.294921875,9015.435103489666,9080.294921875,260342
2018-09-05,9047.8642578125,9047.8642578125,8983.005404501902,9015.434351325484,351931
2018-09-06,9080.294921875,9080.294921875,8950.576244767846,8983.006153960514,210191
2018-09-07,9080.294921875,9080.294921875,8950.576244767846,8983.006153960514,2392707
2018-09-10,9080.294921875,9080.294921875,8983.006153960514,9080.294921875,340644
2018-09-11,9080.294921875,9080.294921875,8950.576244767846,8950.576244767846,393248
2018-09-12,9015.4345703125,9015.4345703125,8950.575715426465,8950.575715426465,286038
2018-09-13,9015.4345703125,9015.4345703125,8918.14580815172,8983.005622701212,237584
2018-09-14,9015.4345703125,9015.4345703125,8918.14580815172,8983.005622701212,890495
2018-09-17,9015.4345703125,9015.4345703125,8950.575715426465,9015.4345703125,204495
2018-09-18,8950.576171875,8950.576171875,8885.717313681387,8950.576171875,133784
2018-09-19,8983.005859375,9015.434807840687,8885.717094650969,8885.717094650969,317780
2018-09-20,9210.013671875,9242.442621660812,8950.576315607372,9015.435174842516,4557177
2018-09-21,9112.724609375,9274.872232066607,9112.724609375,9274.872232066607,2920529
2018-09-24,9145.1533203125,9274.871990890788,9112.724372415529,9274.871990890788,118103
2018-09-25,9112.724609375,9145.153558115226,9015.434884163844,9145.153558115226,6793100
2018-09-26,9145.1533203125,9210.013135433375,8950.575794276801,8950.575794276801,4793929
2018-09-27,9080.294921875,9242.442548511304,9080.294921875,9210.013598982152,4956502
2018-09-28,9177.5830078125,9210.012914595334,9047.864340344611,9112.724153910278,7626553
2018-10-01,9404.5908203125,9566.738441526431,9210.01329099039,9210.01329099039,1023553
2018-10-02,9404.5908203125,9437.02072842068,9339.73100409614,9404.5908203125,19708089
2018-10-03,9664.02734375,9728.887160889606,9339.731137042463,9404.59095418207,848057
2018-10-04,9631.5986328125,9664.02758252003,9534.309864362864,9664.02758252003,3834101
2018-10-05,9372.1611328125,9631.59848445778,9372.1611328125,9501.87980863514,598047
2018-10-08,9274.8720703125,9372.160834163444,9112.724450448752,9112.724450448752,687485
2018-10-09,9145.1533203125,9339.7308463482,9145.1533203125,9339.7308463482,379855
2018-10-10,9112.724609375,9274.872232066607,9112.724609375,9177.583466518943,2585385
2018-10-11,8755.998046875,9015.434421809128,8723.568140134443,8950.575567991456,854148
2018-10-12,8950.576171875,9047.864938997172,8626.279961579921,8755.998637630653,259115
2018-10-15,8950.576171875,9080.294847925734,8853.287404752828,9080.294847925734,76270
2018-10-16,8950.576171875,9080.294847925734,8820.857495824266,8820.857495824266,214616
2018-10-17,9080.294921875,9177.583689789486,8950.576244767846,8950.576244767846,396582
2018-10-18,9015.4345703125,9112.72429213674,8820.857045990937,9080.294384861993,57331
2018-10-19,9015.4345703125,9015.4345703125,8755.998191104904,8950.575715426465,283599
2018-10-22,8788.427734375,9015.435181357336,8788.427734375,9015.435181357336,493474
2018-10-23,8691.138671875,8885.71716247168,8626.2798147851,8788.427437341594,286751
2018-10-24,8950.576171875,8950.576171875,8626.279961579921,8820.857495824266,145693
2018-10-25,8918.1455078125,8950.575413995095,8496.56056609248,8950.575413995095,198510
2018-10-26,8918.1455078125,8950.575413995095,8755.997896226381,8918.1455078125,115708
2018-10-29,8885.716796875,8918.145744253938,8626.279459862792,8918.145744253938,202737
2018-10-30,8885.716796875,8885.716796875,8691.138314284117,8691.138314284117,241357
2018-10-31,8885.716796875,8885.716796875,8755.998128368896,8885.716796875,6142053
2018-11-01,8885.716796875,8885.716796875,8820.856982790221,8885.716796875,1082113
2018-11-02,8885.716796875,8885.716796875,8788.427075747833,8820.856982790221,201813
2018-11-05,8885.716796875,8885.716796875,8755.998128368896,8885.716796875,181374
2018-11-06,8885.716796875,8885.716796875,8820.856982790221,8820.856982790221,187661
2018-11-07,8820.857421875,8885.71723918837,8788.427513218314,8853.287330531686,341492
2018-11-08,8885.716796875,8885.716796875,8755.998128368896,8788.427075747833,172783
2018-11-09,8853.287109375,8853.287109375,8755.998345498734,8755.998345498734,219676
2018-11-12,8691.138671875,8853.287254094985,8691.138671875,8853.287254094985,187556
2018-11-13,8658.7099609375,8691.13891054123,8561.421192799271,8593.850142403002,195055
2018-11-14,8853.287109375,8853.287109375,8561.4208177462,8658.709581622466,269448
2018-11-15,8853.287109375,8853.287109375,8691.138529805572,8820.857201528419,110496
2018-11-16,8788.427734375,8788.427734375,8691.138965620217,8755.998784565756,118254
2018-11-19,8755.998046875,8788.426993952115,8626.279379576214,8788.426993952115,104558
2018-11-20,8755.998046875,8755.998046875,8593.849472835656,8755.998046875,226100
2018-11-21,8755.998046875,8755.998046875,8593.849472835656,8593.849472835656,186616
2018-11-22,8723.568359375,8723.568359375,8593.849688816126,8691.138451819415,152693
2018-11-23,8755.998046875,8755.998046875,8561.420525758544,8691.138233393885,200010
2018-11-26,8691.138671875,8755.998488628391,8496.56114094181,8658.709723161795,142830
2018-11-27,8755.998046875,8755.998046875,8561.420525758544,8561.420525758544,2429675
2018-11-28,8788.427734375,8788.427734375,8658.710015810972,8658.710015810972,6673921
2018-11-29,8788.427734375,8788.427734375,8691.138965620217,8691.138965620217,1270064
2018-11-30,8820.857421875,8853.287330531686,8691.138746911756,8788.427513218314,369461
2018-12-03,8983.005859375,9047.86471596986,8853.287186521795,8853.287186521795,257509
2018-12-04,9177.5830078125,9469.449289867667,8918.145672876723,9015.43443356178,58947439
2018-12-05,8918.1455078125,9177.582837946404,8918.1455078125,9177.582837946404,244781
2018-12-06,9274.8720703125,9404.590742001585,8788.427291394308,8788.427291394308,14094114
2018-12-07,9015.4345703125,9307.301816458305,9015.4345703125,9307.301816458305,259342
2018-12-10,8950.576171875,9080.294847925734,8950.576171875,9080.294847925734,160677
2018-12-11,8983.005859375,9047.86471596986,8820.857278392623,9047.86471596986,9278276
2018-12-12,8885.716796875,8950.575651296327,8853.28688983261,8885.716796875,15120586
2018-12-13,8853.287109375,8918.145965404685,8853.287109375,8853.287109375,82633
2018-12-14,9242.4423828125,9437.02087481658,8820.857409520078,8820.857409520078,13076318
2018-12-17,8983.005859375,9242.442245417926,8983.005859375,9242.442245417926,8435581
2018-12-18,8950.576171875,9015.435030068613,8918.14626294644,9015.435030068613,160207
2018-12-19,9080.294921875,9112.724831067668,8950.576244767846,8950.576244767846,553806
2018-12-20,9080.294921875,9112.724831067668,9080.294921875,9080.294921875,63665
2018-12-21,9080.294921875,9112.724831067668,9047.865012682332,9080.294921875,3751512
2018-12-24,8983.005859375,9080.294624099031,8983.005859375,9080.294624099031,288630
2018-12-25,9015.4345703125,9080.294384861993,8950.575715426465,8983.005622701212,16554427
2018-12-26,9015.4345703125,9080.294384861993,8950.575715426465,9015.4345703125,2496917
2018-12-27,9242.4423828125,9307.302200035025,9080.294759083185,9080.294759083185,7969000
2018-12-28,9112.724609375,9274.872232066607,9080.29470097128,9242.442323662888,25811462
2019-01-02,9080.294921875,9145.153780596818,9080.294921875,9080.294921875,418611
2019-01-03,9047.8642578125,9112.724070786531,9047.8642578125,9080.294164299516,626970
2019-01-04,9112.724609375,9112.724609375,9047.864792567563,9047.864792567563,4066339
2019-01-07,9080.294921875,9339.73131642579,9080.294921875,9080.294921875,33136250
2019-01-08,9080.294921875,9274.872457703972,9080.294921875,9080.294921875,1317310
2019-01-09,9469.44921875,9469.44921875,9145.153032347536,9145.153032347536,34196530
2019-01-10,9469.44921875,9534.309031828556,9404.590365334883,9469.44921875,4429134
2019-01-11,9404.5908203125,9534.309493081735,9372.16091220432,9534.309493081735,8899658
2019-01-14,9404.5908203125,9501.879584973556,9372.16091220432,9501.879584973556,34468403
2019-01-15,9534.3095703125,9534.3095703125,9210.013365594255,9307.30213104338,176222
2019-01-16,9404.5908203125,9566.738441526431,9404.5908203125,9404.5908203125,42412147
2019-01-17,9664.02734375,9664.02734375,9469.449811658178,9566.738577704087,9574709
2019-01-18,9534.3095703125,9631.598335761622,9501.879661941628,9534.3095703125,130800
2019-01-21,9728.88671875,9728.88671875,9501.879288404967,9501.879288404967,35880995
2019-01-22,10377.4794921875,10409.909400500685,9793.745940867628,9793.745940867628,12645736
2019-01-23,10507.1982421875,10572.057099622049,10377.479567654907,10377.479567654907,428793
2019-01-24,10442.337890625,10604.486465407452,10312.620182395174,10507.19770440336,218949
2019-01-25,10377.4794921875,10442.33834915038,9728.887083904749,10377.4794921875,444899
2019-01-28,10377.4794921875,10442.33834915038,10247.760818598252,10377.4794921875,284296
2019-01-29,10636.9169921875,10636.9169921875,10280.190874607824,10345.049732502535,3571106
2019-01-30,10701.775390625,10734.2052980118,10377.479195747375,10636.91653551486,6178295
2019-01-31,10831.494140625,10831.494140625,10636.916614191909,10701.775469781782,1417697
2019-02-01,11577.375,11577.375,10831.493861455096,10896.352715373308,2860182
2019-02-11,11577.375,11577.375,11285.508717872894,11577.375,248660
2019-02-12,11674.6640625,11771.952825723958,11544.9453916469,11577.375299276042,465701
2019-02-13,11998.9599609375,11998.9599609375,11674.663771713876,11804.382439336016,421975
2019-02-14,11609.8056640625,12063.819590430772,11544.94584625024,11998.96073228202,398839
2019-02-15,11544.9453125,11609.805127313635,11350.36778738602,11544.9453125,464035
2019-02-18,11350.3681640625,11998.960575742443,11317.938255579456,11998.960575742443,546685
2019-02-19,11350.3681640625,11512.516746814234,11253.07939827686,11350.3681640625,3119298
2019-02-20,11447.65625,11544.9450100079,11317.937583434985,11382.797396549213,398142
2019-02-21,11026.0712890625,11415.226328587682,10896.352622666294,11317.937568706386,1085613
2019-02-22,10896.353515625,11026.072192651682,10539.627393717505,10539.627393717505,144844
2019-02-25,11544.9453125,11642.23407505699,10896.352922344426,10896.352922344426,10220832
2019-02-26,11350.3681640625,11577.37560411683,10928.783192436887,11253.07939827686,6875811
2019-02-27,11609.8056640625,11609.8056640625,11350.36831214048,11350.36831214048,517109
2019-02-28,11317.9384765625,11609.805739281635,11220.649708877292,11609.805739281635,131345
2019-03-01,11220.6494140625,11415.226944320526,11026.071883804474,11317.938179191511,108179
2019-03-04,11544.9453125,11674.663982463808,11155.79026227204,11220.649117422212,1817082
2019-03-05,11253.0791015625,11544.945391223671,11253.0791015625,11544.945391223671,2076274
2019-03-06,11285.5087890625,11512.516218703371,11253.078882067104,11512.516218703371,43043
2019-03-07,11090.9306640625,11285.50915264003,11026.071807645643,11090.9306640625,5085757
2019-03-08,11253.0791015625,11415.226720375327,11026.071667493765,11026.071667493765,250858
2019-03-11,11253.0791015625,11382.797772410844,11090.9305230862,11090.9305230862,38665
2019-03-12,11480.0869140625,11480.0869140625,11253.07947251066,11253.07947251066,865405
2019-03-13,11544.9453125,11609.805127313635,11447.65654994301,11544.9453125,1944186
2019-03-14,11415.2265625,11609.805045913185,11415.2265625,11544.945231554304,174874
2019-03-15,11480.0869140625,11544.945771792954,11415.227096668545,11415.227096668545,14387033
2019-03-18,11285.5087890625,11512.516218703371,11123.360213748969,11285.5087890625,5370372
2019-03-19,11415.2265625,11674.663900608608,11285.508853109151,11674.663900608608,161299
2019-03-20,11285.5087890625,11415.226497717184,11220.648975071706,11285.5087890625,7380194
2019-03-21,11253.0791015625,11447.656628003282,11220.649193934549,11220.649193934549,244766
2019-03-22,11350.3681640625,11447.656929848145,11155.790632491216,11220.649489793814,4267031
2019-03-25,11317.9384765625,11350.36838567874,11220.649708877292,11350.36838567874,8818013
2019-03-26,11415.2265625,11512.51628403832,11155.790184054847,11155.790184054847,438293
2019-03-27,11480.0869140625,11480.0869140625,11253.07947251066,11480.0869140625,2720745
2019-03-28,11155.7900390625,11480.086227651638,11090.930225546606,11350.367560283294,26932181
2019-03-29,11415.2265625,11415.2265625,11123.360276875408,11155.790184054847,1987412
2019-04-01,11155.7900390625,11415.226414135745,11155.7900390625,11415.226414135745,29394145
2019-04-02,10896.353515625,11350.368405386627,10896.353515625,11350.368405386627,62038679
2019-04-03,11285.5087890625,11285.5087890625,10896.352784108096,10896.352784108096,91138861
2019-04-04,11317.9384765625,11350.36838567874,11090.931032075843,11350.36838567874,9535967
2019-04-05,11350.3681640625,11350.3681640625,11123.360724008173,11123.360724008173,71858989
2019-04-08,11415.2265625,11415.2265625,11155.790184054847,11350.367707804577,487050
2019-04-09,11382.7978515625,11447.656707605942,11220.649271958682,11447.656707605942,49468
2019-04-10,11285.5087890625,11285.5087890625,11123.360213748969,11253.078882067104,12745655
2019-04-11,11350.3681640625,11382.798072545544,11285.509306759905,11285.509306759905,6203900
2019-04-12,11188.2197265625,11350.368311419335,11090.9309595138,11090.9309595138,17764160
2019-04-16,11285.5087890625,11285.5087890625,11090.930306753571,11285.5087890625,276478
2019-04-17,11123.3603515625,11285.50892888498,11123.3603515625,11155.790258959689,15216547
2019-04-18,11155.7900390625,11285.508706430845,11123.360132304551,11155.7900390625,2932500
2019-04-19,11123.3603515625,11285.50892888498,11090.930444165311,11155.790258959689,283145
2019-04-22,11285.5087890625,11285.5087890625,11090.930306753571,11090.930306753571,218116
2019-04-23,11285.5087890625,11285.5087890625,11026.071452426231,11285.5087890625,3007222
2019-04-24,11155.7900390625,11220.648892914953,11058.501278452102,11058.501278452102,143723
2019-04-25,11188.2197265625,11220.649635466569,11026.072101369173,11090.9309595138,119842
2019-04-26,11026.0712890625,11188.21890231018,11026.0712890625,11026.0712890625,170162
2019-05-02,11188.2197265625,11188.2197265625,11026.072101369173,11026.072101369173,3938023
2019-05-03,11285.5087890625,11285.5087890625,11026.071452426231,11188.21906807631,869875
2019-05-06,11155.7900390625,11285.508706430845,11155.7900390625,11285.508706430845,4075
2019-05-07,11090.9306640625,11220.649336559693,11090.9306640625,11090.9306640625,3039117
2019-05-08,11220.6494140625,11415.226944320526,11026.071883804474,11026.071883804474,2576365
2019-05-09,11804.3828125,11869.241668529685,11123.36050570266,11317.938033455192,330764
2019-05-10,11869.2412109375,11998.959877659332,11674.66369068647,11739.522544215666,569594
2019-05-13,11544.9453125,11998.960177541594,11512.516364756646,11869.241507577786,332129
2019-05-14,11285.5087890625,11998.960025317065,11285.5087890625,11544.94516603532,398991
2019-05-15,11447.65625,11544.9450100079,11285.50863654131,11285.50863654131,64664
2019-05-16,11674.6640625,11674.6640625,11350.367865198985,11350.367865198985,153617
2019-05-17,11544.9453125,11674.663982463808,11415.226642536192,11674.663982463808,124420
2019-05-20,12128.6787109375,12128.6787109375,11253.078898120308,11253.078898120308,803467
2019-05-21,11934.1015625,12128.67909152879,11934.1015625,12128.67909152879,10502357
2019-05-22,11869.2412109375,11998.959877659332,11674.66369068647,11934.101024130136,4499238
2019-05-23,11869.2412109375,11934.101024130136,11544.945023964638,11869.2412109375,9721039
2019-05-24,11544.9453125,12388.116187433016,11544.9453125,11642.23407505699,24985571
2019-05-27,11934.1015625,11998.960418955105,11544.94554477894,11544.94554477894,10327451
2019-05-28,11674.6640625,11966.530352171872,11577.375299276042,11577.375299276042,12409514
2019-05-29,11544.9453125,11739.52283761398,11480.086457349827,11674.663982463808,10169970
2019-05-30,11739.5234375,11739.5234375,11480.087043978729,11480.087043978729,14453274
2019-05-31,11480.0869140625,11739.52330464782,11480.0869140625,11674.664446917364,13357040
2019-06-03,12063.8193359375,12128.679152381505,11317.938164475874,11415.226929478393,938253
2019-06-04,11934.1015625,12031.390327014396,11480.086688323836,11609.805360897524,22617165
2019-06-05,11512.5166015625,11934.101567869038,11480.086693488618,11934.101567869038,11593425
2019-06-06,11901.671875,11998.96064131733,11480.086901070405,11544.945758727456,469368
2019-06-07,11934.1015625,11934.1015625,11609.805360897524,11609.805360897524,426733
2019-06-10,11836.8125,11934.101262065202,11707.093830691914,11934.101262065202,6185522
2019-06-11,11901.671875,11998.96064131733,11739.523291362117,11836.813017342947,381885
2019-06-12,11771.953125,12031.390473301824,11771.953125,11901.671799150912,5628958
2019-06-13,11836.8125,11901.671354822314,11739.52277827134,11869.241447579428,16481429
2019-06-14,11804.3828125,11966.530432405953,11771.95290465342,11836.81272034658,4225441
2019-06-17,12031.390625,12258.398067710454,11739.523364564557,11739.523364564557,2835531
2019-06-18,12063.8193359375,12096.2492441595,11901.671714154469,11901.671714154469,7285224
2019-06-19,12031.390625,12063.81957419899,11869.242040351031,12063.81957419899,251387
2019-06-20,11998.9599609375,12161.108535381034,11934.101106958156,11934.101106958156,17557907
2019-06-21,11869.2412109375,12096.248637784847,11869.2412109375,12063.818731188529,460686
2019-06-24,12128.6787109375,12161.10861797916,11804.38251951126,11804.38251951126,15853109
2019-06-25,12063.8193359375,12128.679152381505,11901.671714154469,11934.101622376467,7823109
2019-06-26,11966.5302734375,12096.24894343711,11934.101325685197,11934.101325685197,71194
2019-06-27,12128.6787109375,12128.6787109375,11901.671280972789,12031.389949475972,255857
2019-06-28,12193.5380859375,12193.5380859375,11804.383023477152,11901.67178909224,19897889
2019-07-01,12193.5380859375,12225.967994363691,11998.960554707326,11998.960554707326,178708
2019-07-02,12128.6787109375,12193.537565357366,11901.671280972789,12063.81889685418,97679
2019-07-03,11869.2412109375,12128.678544381164,11869.2412109375,12128.678544381164,80695
2019-07-04,12096.2490234375,12128.678931067749,11869.2415893527,11869.2415893527,30598498
2019-07-05,11901.671875,12128.679316294936,11901.671875,12096.24940763466,2800365
2019-07-08,11934.1015625,12063.819275410204,11869.241746381414,11901.671654440708,2089577
2019-07-09,11998.9599609375,12031.389867758897,11707.093678535271,12031.389867758897,15439830
2019-07-10,11998.9599609375,12063.818814916847,11804.382439336016,11869.24129331536,12474740
2019-07-11,12031.390625,12096.249483061483,11966.53080727501,11998.960716137504,2031245
2019-07-12,11804.3828125,12063.819196282218,11804.3828125,12031.390248099113,65740
2019-07-15,11836.8125,11934.101262065202,11674.663923449029,11804.382592757114,183601
2019-07-16,11836.8125,11869.241447579428,11739.52277827134,11869.241447579428,1330790
2019-07-17,11869.2412109375,11934.101024130136,11674.66369068647,11739.522544215666,262897
2019-07-18,11220.6494140625,11804.382964500064,11220.6494140625,11707.094199371051,748135
2019-07-19,11869.2412109375,11869.2412109375,11350.367503713607,11544.945023964638,733014
2019-07-22,11674.6640625,11869.241588947914,11674.6640625,11739.522918094815,6250997
2019-07-23,11674.6640625,11771.952825723958,11577.375299276042,11674.6640625,5305101
2019-07-24,11642.234375,11739.523140063477,11609.805426421168,11609.805426421168,5986874
2019-07-25,11577.375,11642.233853918207,11544.945093209171,11642.233853918207,94118
2019-07-26,11447.65625,11642.233770015804,11350.3674899921,11350.3674899921,4805490
2019-07-29,11739.5234375,11739.5234375,11382.798276450312,11382.798276450312,881421
2019-07-30,11642.234375,11804.382956548116,11480.08675311537,11480.08675311537,96210
2019-07-31,11642.234375,11707.094191484644,11415.22693663073,11415.22693663073,672152
2019-08-01,11480.0869140625,11674.664446917364,11447.657005365523,11447.657005365523,4140534
2019-08-02,11512.5166015625,11707.094130678828,11350.368020856571,11480.086693488618,920268
2019-08-05,11544.9453125,11544.9453125,11350.36778738602,11544.9453125,328855
2019-08-06,11642.234375,11642.234375,11285.50922298842,11285.50922298842,135754
2019-08-07,11350.3681640625,11674.664369902472,11350.3681640625,11674.664369902472,144708
2019-08-08,11415.2265625,11577.375138733743,11155.790184054847,11350.367707804577,292569
2019-08-09,11480.0869140625,11480.0869140625,11188.219655116704,11447.657005365523,2626384
2019-08-12,11253.0791015625,11480.086535631235,11253.0791015625,11285.509009190451,127118
2019-08-13,11155.7900390625,11447.656320893691,11155.7900390625,11188.218986157004,106603
2019-08-14,11090.9306640625,11382.797917097054,11090.9306640625,11382.797917097054,80012
2019-08-15,11674.6640625,11674.6640625,10928.782904674012,11090.930523492783,188722
2019-08-16,11317.9384765625,11480.087062480188,11285.509527109774,11480.087062480188,23629704
2019-08-19,11285.5087890625,11447.65640471258,11155.790120744365,11447.65640471258,2440964
2019-08-20,11285.5087890625,11415.226497717184,11026.071452426231,11415.226497717184,7746292
2019-08-21,11317.9384765625,11512.51697159643,11058.502082623118,11090.931032075843,4645281
2019-08-22,11350.3681640625,11382.798072545544,11188.219581310766,11188.219581310766,68937
2019-08-23,11317.9384765625,11415.227244247708,11285.509527109774,11415.227244247708,17108325
2019-08-26,10928.783203125,11220.649500767364,10896.35329461024,11220.649500767364,6359451
2019-08-27,11123.3603515625,11220.649114090604,11026.071589034398,11026.071589034398,7100185
2019-08-28,11155.7900390625,11220.648892914953,10961.212517841706,10993.641464936209,7189638
2019-08-29,11090.9306640625,11155.790480142838,10896.353135148453,10896.353135148453,78467
2019-08-30,10961.212890625,11155.790418463244,10799.064310984148,10799.064310984148,3027769
2019-09-03,10961.212890625,10961.212890625,10766.634403123282,10961.212890625,14850902
2019-09-04,10928.783203125,10993.642060491027,10799.06452872945,10961.21311163976,7311953
2019-09-05,10831.494140625,11090.930522647968,10799.064232998327,10928.782903841548,3665
2019-09-06,10961.212890625,10961.212890625,10766.634403123282,10766.634403123282,11515441
2019-09-09,11026.0712890625,11026.0712890625,10766.633956270089,10961.212435696116,70468
2019-09-10,10928.783203125,10961.21311163976,10799.06452872945,10831.494437244211,5071166
2019-09-11,10896.353515625,10928.78342479755,10766.634838598318,10831.494656943416,32408
2019-09-12,10896.353515625,10896.353515625,10766.634838598318,10799.064747770868,75164
2019-09-13,10896.353515625,10896.353515625,10734.205889089284,10896.353515625,187010
2019-09-16,10896.353515625,10896.353515625,10442.338625863373,10442.338625863373,8439634
2019-09-17,10831.494140625,10961.212811468218,10572.056798938562,10572.056798938562,240993
2019-09-18,10669.345703125,10766.634467626984,10572.056938623016,10766.634467626984,39150
2019-09-19,10896.353515625,10896.353515625,10572.057302890054,10669.346070744186,170859
2019-09-20,10896.353515625,10961.213333970098,10734.205889089284,10766.634838598318,9112476
2019-09-23,10831.494140625,10896.352996214877,10701.775469781782,10896.352996214877,10807319
2019-09-24,10766.634765625,10863.923532819736,10636.917049141026,10701.775907383011,30074
2019-09-25,10831.494140625,10863.923088588204,10636.916614191909,10669.34556215511,49529
2019-09-26,10636.9169921875,10896.35338342985,10604.487083408392,10701.775850082213,118376
2019-09-27,10701.775390625,10766.634245735138,10539.626813354458,10604.48662812806,139693
2019-09-30,10701.775390625,10766.634245735138,10669.3454832382,10701.775390625,544336
2019-10-01,10799.064453125,10799.064453125,10572.057014437944,10734.20559621305,8678455
2019-10-02,10766.634765625,10799.064674577749,10701.775907383011,10766.634765625,92452
2019-10-03,10896.353515625,10896.353515625,10636.917121235152,10636.917121235152,863678
2019-10-04,10961.212890625,11123.360510602375,10766.634403123282,11123.360510602375,3248705
2019-10-07,10961.212890625,11026.071746683256,10734.205454925892,11026.071746683256,196965
2019-10-08,10896.353515625,10961.213333970098,10766.634838598318,10766.634838598318,43089
2019-10-09,10831.494140625,11026.071667058091,10766.634325371657,10961.212811468218,4210078
2019-10-10,10831.494140625,10831.494140625,10701.775469781782,10734.205377408452,142481
2019-10-11,10766.634765625,10993.64220896722,10636.917049141026,10993.64220896722,25907
2019-10-14,10896.353515625,10928.78342479755,10669.346070744186,10766.634838598318,46740
2019-10-15,10831.494140625,10896.352996214877,10701.775469781782,10896.352996214877,5322797
2019-10-16,10799.064453125,10831.49436141272,10669.345779637611,10701.775687925332,12162080
2019-10-17,10604.486328125,10799.063847614245,10604.486328125,10799.063847614245,14698708
2019-10-18,10734.205078125,10766.63402518404,10474.76774367201,10701.775171402516,212570
2019-10-21,10766.634765625,10766.634765625,10604.487140188276,10701.775907383011,4566692
2019-10-22,10766.634765625,10766.634765625,10539.62732228278,10766.634765625,65618
2019-10-23,10701.775390625,10766.634245735138,10572.05672074126,10766.634245735138,75164
2019-10-24,10701.775390625,10701.775390625,10572.05672074126,10572.05672074126,4557768
2019-10-25,10701.775390625,10701.775390625,10604.48662812806,10604.48662812806,75558
2019-10-28,10766.634765625,10961.21325967798,10604.487140188276,10604.487140188276,906177
2019-10-29,10766.634765625,10766.634765625,10636.917049141026,10766.634765625,12316834
2019-10-30,10701.775390625,10766.634245735138,10636.91653551486,10636.91653551486,1560891
2019-10-31,10701.775390625,10734.2052980118,10636.91653551486,10636.91653551486,62028
2019-11-01,10701.775390625,10766.634245735138,9955.894238372815,10604.48662812806,9171263
2019-11-04,10701.775390625,10734.2052980118,10572.05672074126,10669.3454832382,147466
2019-11-05,11285.5087890625,11447.65640471258,10636.916407135275,10734.205168458016,1000508
2019-11-06,11285.5087890625,11285.5087890625,10766.634115789962,11285.5087890625,7096094
2019-11-07,11934.1015625,11934.1015625,10928.78304963328,11058.501722206964,277842
2019-11-08,11934.1015625,12290.826712498285,11544.94554477894,11544.94554477894,2034639
2019-11-11,11934.1015625,11934.1015625,11609.805360897524,11609.805360897524,2504887
2019-11-12,11998.9599609375,11998.9599609375,11739.522625693224,11934.101106958156,207036
2019-11-13,12063.8193359375,12128.679152381505,11609.805419146913,11804.382949151948,413263
2019-11-14,12161.109375,12161.109375,11804.38325432614,11804.38325432614,859012
2019-11-15,12225.9677734375,12225.9677734375,12031.390245723387,12063.81919390009,473807
2019-11-18,12161.109375,12225.968233457286,11901.672021843828,12225.968233457286,836118
2019-11-19,11901.671875,12161.109224955211,11901.671875,12128.679316294936,21514
2019-11-20,11674.6640625,11934.1014042062,11674.6640625,11739.522918094815,63740
2019-11-21,10863.9228515625,11642.233899977397,10863.9228515625,11609.804952721715,747151
2019-11-22,11026.0712890625,11285.508621854911,10734.205009418614,11285.508621854911,280872
2019-11-25,11253.0791015625,11253.0791015625,10831.494141052985,11026.071667493765,104057
2019-11-26,11188.2197265625,11253.079544370636,10928.783334320471,11253.079544370636,672349
2019-11-27,11026.0712890625,11188.21890231018,10961.212435696116,11188.21890231018,8263418
2019-11-28,11090.9306640625,11123.360572102669,10863.923227108284,11026.071807645643,209055
2019-11-29,11090.9306640625,11188.219428519524,10928.78304318862,11188.219428519524,3179206
2019-12-02,10799.064453125,11090.930748724004,10799.064453125,11090.930748724004,32968
2019-12-03,10961.212890625,11026.071746683256,10669.34563920416,10928.782982764134,130497
2019-12-04,10896.353515625,10993.642283479132,10701.775979916734,10961.213333970098,151692
2019-12-05,10896.353515625,10961.213333970098,10701.775979916734,10701.775979916734,7963470
2019-12-06,10993.6416015625,11090.930363381978,10701.775316104064,10734.205223265042,154845
2019-12-09,10896.353515625,10993.642283479132,10701.775979916734,10993.642283479132,13926664
2019-12-10,10831.494140625,10928.782903841548,10734.205377408452,10896.352996214877,8363234
2019-12-11,10831.494140625,10896.352996214877,10636.916614191909,10766.634325371657,50179
2019-12-12,10863.9228515625,10961.21257231988,10669.34532937464,10734.205143212892,97103
2019-12-13,10896.353515625,10928.78342479755,10734.205889089284,10863.92360645245,23863336
2019-12-16,10961.212890625,10993.64183882239,10766.634403123282,10766.634403123282,83285
2019-12-17,11026.0712890625,11026.0712890625,10799.063862784998,10799.063862784998,131163
2019-12-18,10993.6416015625,11026.071508723477,10863.922932582043,11026.071508723477,7915395
2019-12-19,10766.634765625,10993.64220896722,10734.20581633576,10831.494583530495,298159
2019-12-20,10993.6416015625,10993.6416015625,10734.205223265042,10734.205223265042,116375
2019-12-23,11123.3603515625,11544.945309072102,10799.064156581002,10993.64168163721,14023071
2019-12-24,11188.2197265625,11317.938402515269,11090.9309595138,11123.360868417867,175540
2019-12-25,11155.7900390625,11155.7900390625,10928.78261108376,11123.360132304551,29953
2019-12-26,11090.9306640625,11188.219428519524,10928.78304318862,11026.071807645643,27712696
2019-12-27,10961.212890625,11123.360510602375,10928.782982764134,11090.93060274151,11518744
2019-12-30,11544.9453125,11609.805127313635,10766.634252380618,11026.071592308232,296039
2019-12-31,11544.9453125,11544.9453125,10928.782829751242,11544.9453125,227040
2020-01-02,11480.0869140625,11544.945771792954,11026.072030958816,11026.072030958816,3539380
2020-01-03,11188.2197265625,11480.086987372106,11188.2197265625,11415.227169563968,342673
2020-01-06,11350.3681640625,11447.656929848145,11090.930815525126,11090.930815525126,85118
2020-01-07,11317.9384765625,11447.657153363947,11090.931032075843,11350.36838567874,713605
2020-01-08,11220.6494140625,11350.36808745568,11123.360648933489,11123.360648933489,2148954
2020-01-09,11317.9384765625,11350.36838567874,11155.790850308324,11285.509527109774,15465587
2020-01-10,11674.6640625,11804.3827333531,11350.367865198985,11350.367865198985,741741
2020-01-13,11674.6640625,11739.522918094815,11220.649194345886,11674.6640625,6456470
2020-01-14,11674.6640625,11674.6640625,11188.219286716743,11220.649194345886,11343475
2020-01-15,11674.6640625,11674.6640625,11350.367865198985,11674.6640625,87725
2020-01-16,11382.7978515625,11674.6641432532,11285.5090876656,11317.938035855585,116648
2020-01-17,11544.9453125,11674.663982463808,11350.36778738602,11350.36778738602,25479682
2020-01-20,11544.9453125,11577.375219906817,11317.937879979205,11382.797694792838,885177
2020-01-21,11350.3681640625,11544.945695633784,11155.790632491216,11544.945695633784,1869884
2020-01-22,11317.9384765625,11350.36838567874,11155.790850308324,11350.36838567874,71998
2020-01-30,11642.234375,11934.101629853913,11026.071876376833,11220.64940650378,417217
2020-01-31,11577.375,11674.663760709034,11220.64890429124,11642.233853918207,1005221
2020-02-03,11480.0869140625,11544.945771792954,10799.064589406977,11253.07947251066,172541
2020-02-04,11382.7978515625,11512.51652331286,11090.930600208325,11285.5090876656,280585
2020-02-05,11155.7900390625,11382.797467041242,11123.360132304551,11155.7900390625,7800852
2020-02-06,11480.0869140625,11480.0869140625,11026.072030958816,11058.501939655796,106981
2020-02-07,11350.3681640625,11480.086838331188,11188.219581310766,11480.086838331188,8342492
2020-02-10,11317.9384765625,11350.36838567874,11123.360941192084,11350.36838567874,124648
2020-02-11,11382.7978515625,11382.7978515625,11155.79041591524,11317.938035855585,1538907
2020-02-12,11317.9384765625,11447.657153363947,11220.649708877292,11447.657153363947,160556
2020-02-13,11285.5087890625,11350.367643389842,11220.648975071706,11220.648975071706,71922
2020-02-14,11220.6494140625,11350.36808745568,11155.790557197652,11220.6494140625,957070
2020-02-17,11253.0791015625,11317.937957154938,11188.219286306592,11285.509009190451,771634
2020-02-18,11285.5087890625,11382.797550385238,11220.648975071706,11350.367643389842,3264810
2020-02-19,11220.6494140625,11285.509230590837,11188.219505798334,11220.6494140625,38089
2020-02-20,11155.7900390625,11317.937653525349,11155.7900390625,11317.937653525349,399733
2020-02-21,11220.6494140625,11220.6494140625,10961.21302693963,11220.6494140625,1356138
2020-02-24,11155.7900390625,11220.648892914953,10701.775183105015,11220.648892914953,122103
2020-02-25,11155.7900390625,11253.078799672898,10701.775183105015,10701.775183105015,9163384
2020-02-26,11188.2197265625,11220.649635466569,11026.072101369173,11155.790777321938,690091
2020-02-27,11220.6494140625,11220.6494140625,11026.071883804474,11026.071883804474,365279
2020-02-28,11155.7900390625,11220.648892914953,10961.212517841706,11058.501278452102,35842420
2020-03-02,11480.0869140625,11544.945771792954,10993.64212226184,10993.64212226184,2067002
2020-03-03,11350.3681640625,11512.516746814234,11188.219581310766,11188.219581310766,182737
2020-03-04,11350.3681640625,11447.656929848145,11155.790632491216,11447.656929848145,4069293
2020-03-05,11220.6494140625,11480.08676084886,10863.923302147128,11253.079322326666,1357531
2020-03-06,11155.7900390625,11285.508706430845,10928.78261108376,11285.508706430845,932646
2020-03-09,11026.0712890625,11123.360048943796,10442.337770111291,10442.337770111291,207404
2020-03-10,10993.6416015625,11026.071508723477,10507.19779246511,10507.19779246511,4281926
2020-03-11,10896.353515625,10993.642283479132,10312.620908500206,10993.642283479132,301023
2020-03-12,10831.494140625,10863.923088588204,10150.471838445705,10442.338128095344,369779
2020-03-13,10636.9169921875,10799.064616756032,10085.613341260185,10085.613341260185,26239271
2020-03-16,10377.4794921875,10636.916839365997,9955.89452277006,10636.916839365997,2019593
2020-03-17,10442.337890625,10507.19770440336,9793.745510822086,9793.745510822086,16237101
2020-03-18,10604.486328125,10604.486328125,10312.620048891136,10442.337755441671,3331596
2020-03-19,10150.4716796875,10604.486540706024,10118.041772568047,10377.479110196762,204571
2020-03-20,10345.0498046875,10377.479713692896,9923.464826271407,10150.472269982152,48270
2020-03-23,10377.4794921875,10572.057022739627,9631.598318628685,10377.4794921875,5288040
2020-03-24,10377.4794921875,10442.33834915038,9793.745940867628,9793.745940867628,4180882
2020-03-25,10377.4794921875,10409.909400500685,10020.75337973294,10182.901961635373,103587
2020-03-26,9988.3232421875,10377.479254024103,9826.17562366985,10377.479254024103,6037025
2020-03-27,10182.9013671875,10182.9013671875,9404.590330751013,9858.605181977582,846118
2020-03-30,10182.9013671875,10182.9013671875,9501.879090347644,9599.167849944277,577623
2020-03-31,9501.8798828125,10150.472307325492,9501.8798828125,9923.464862779594,947449
2020-04-01,9858.60546875,9858.60546875,9080.294409673585,9080.294409673585,21009987
2020-04-03,9858.60546875,9858.60546875,9242.44202716346,9631.598036533402,3732149
2020-04-06,10053.18359375,10053.18359375,9534.30984327824,9858.606057281031,6577288
2020-04-07,10053.18359375,10053.18359375,9728.887379747212,9728.887379747212,3277310
2020-04-08,9858.60546875,10020.753086239878,9599.16812917004,9599.16812917004,5383917
2020-04-09,9858.60546875,9923.46432381326,9761.31670632338,9858.60546875,393476
2020-04-10,9826.17578125,9826.17578125,9501.879579350563,9761.316924735507,757165
2020-04-13,9858.60546875,9858.60546875,9631.598036533402,9826.17556138664,244100
2020-04-14,9826.17578125,9955.89445394247,9696.45710855753,9858.605689338989,5421538
2020-04-15,9826.17578125,9858.605689338989,9664.02720046854,9826.17578125,15639037
2020-04-16,9826.17578125,9858.605689338989,9696.45710855753,9728.88701664652,9394425
2020-04-17,9858.60546875,10118.041848666498,9728.88679896002,9858.60546875,1325487
2020-04-20,9858.60546875,10053.18299360324,9793.74565402328,9923.46432381326,10506765
2020-04-21,9826.17578125,9923.46454585348,9631.598252043035,9858.605689338989,376946
2020-04-22,9988.3232421875,10118.0419127997,9696.456953057648,9696.456953057648,3812086
2020-04-23,9923.46484375,10182.902196923096,9923.46484375,10118.042378798064,335779
2020-04-24,9923.46484375,9988.323702211515,9826.176076225967,9826.176076225967,10547840
2020-04-27,9793.74609375,9923.464769364184,9631.5984689799,9793.74609375,36709053
2020-04-28,9826.17578125,9826.17578125,9631.598252043035,9728.88701664652,13249617
2020-04-29,9728.88671875,9826.17548037452,9664.026904558015,9664.026904558015,11482881
2020-05-04,9761.31640625,9793.745352952998,9599.16783408128,9599.16783408128,14307197
2020-05-05,9728.88671875,9761.316625845991,9534.30919550096,9761.316625845991,11500987
2020-05-06,9728.88671875,9728.88671875,9599.168050029488,9728.88671875,5035637
2020-05-07,9793.74609375,9826.176002569422,9631.5984689799,9826.176002569422,3078299
2020-05-08,9891.0341796875,10085.61265954656,9761.316472666043,9761.316472666043,2201559
2020-05-11,9988.3232421875,10053.183057325336,9826.17562366985,9891.034479144217,281978
2020-05-12,9891.0341796875,10020.752846372394,9728.88656607896,9955.893992861667,317280
2020-05-13,9891.0341796875,9923.464086274584,9210.01285900282,9891.0341796875,758665
2020-05-14,9955.89453125,10020.753388268122,9761.31700053214,9761.31700053214,1196338
2020-05-15,10053.18359375,10118.042452685151,9891.035006916843,9923.46491621618,661894
2020-05-18,10215.3310546875,10215.3310546875,9923.46475473353,9988.323612613243,786180
2020-05-19,10539.626953125,10669.345624728996,10247.760661763614,10247.760661763614,12423150
2020-05-20,10572.056640625,10766.63416414435,10409.909024246694,10507.197786006367,4387362
2020-05-21,11285.5087890625,11285.5087890625,10572.056593144483,10636.916407135275,5482385
2020-05-22,10961.212890625,11350.367946301483,10734.205454925892,10831.494218845011,972252
2020-05-25,10961.212890625,11123.360510602375,10701.775547065026,10831.494218845011,6675379
2020-05-26,10961.212890625,11090.93060274151,10896.353074903269,10896.353074903269,579351
2020-05-27,11155.7900390625,11415.226414135745,11026.071371694155,11026.071371694155,6623256
2020-05-28,10961.212890625,11415.22680235974,10961.212890625,11155.790418463244,4397150
2020-05-29,11220.6494140625,11415.226944320526,11026.071883804474,11026.071883804474,549155
2020-06-01,11317.9384765625,11739.523456419573,11090.931032075843,11317.9384765625,347809
2020-06-02,11415.2265625,11674.663900608608,11317.937800625135,11317.937800625135,20510088
2020-06-03,11447.65625,11771.95243658082,11415.226343442886,11480.086156557114,4768749
2020-06-04,11447.65625,11642.233770015804,11415.226343442886,11415.226343442886,8678125
2020-06-05,11480.0869140625,11674.664446917364,11447.657005365523,11544.945771792954,9933095
2020-06-08,11512.5166015625,11804.382895236991,11480.086693488618,11609.805366120663,8831634
2020-06-09,11739.5234375,11869.24211409239,11512.516953042705,11512.516953042705,5093302
2020-06-10,11739.5234375,11771.953346563976,11544.945902443167,11771.953346563976,339167
2020-06-11,11674.6640625,11771.952825723958,11577.375299276042,11739.522918094815,281281
2020-06-12,11609.8056640625,11804.38319817226,11382.79822104661,11382.79822104661,7276605
2020-06-15,11804.3828125,11934.101484222849,11544.945469054306,11609.805284747466,7864987
2020-06-16,11609.8056640625,11771.953289266132,11577.37575515637,11609.8056640625,986584
2020-06-17,11739.5234375,11804.383255627952,11480.087043978729,11804.383255627952,2094076
2020-06-18,11739.5234375,11739.5234375,11544.945902443167,11739.5234375,408900
2020-06-19,11836.8125,11836.8125,11609.805068626712,11609.805068626712,28727765
2020-06-22,11804.3828125,11836.81272034658,11544.945469054306,11674.664140777151,159344
2020-06-23,11674.6640625,11836.812640982242,11642.234154870855,11836.812640982242,54286
2020-06-24,11674.6640625,11804.3827333531,11609.805206905185,11804.3827333531,30347
2020-06-25,11512.5166015625,11836.812803310871,11382.797928930451,11609.805366120663,2622262
2020-06-26,11512.5166015625,11577.37545804678,11350.368020856571,11512.5166015625,22631256
2020-06-29,11674.6640625,11674.6640625,11188.219286716743,11415.2267207938,41964111
2020-06-30,11544.9453125,11707.093889870624,11188.219210015395,11382.797694792838,19825783
2020-07-01,11512.5166015625,11544.9455499729,11350.368020856571,11415.226877340852,17544271
2020-07-02,11480.0869140625,11512.51682275948,11155.790706083226,11512.51682275948,15793156
2020-07-03,11577.375,11577.375,11123.360143582204,11350.367571791105,19298659
2020-07-06,11544.9453125,11577.375219906817,11155.79026227204,11577.375219906817,142178
2020-07-07,11544.9453125,11544.9453125,11285.508932235847,11544.9453125,104345
2020-07-08,11447.65625,11480.086156557114,11317.937583434985,11480.086156557114,16014651
2020-07-09,11447.65625,11577.374916565015,11220.648823427084,11350.3674899921,44690767
2020-07-10,11415.2265625,11447.65646967944,11220.649038750273,11350.367707804577,1855264
2020-07-13,11285.5087890625,11480.086311707975,10961.21259809889,11415.226497717184,12839502
2020-07-14,11026.0712890625,11317.937568706386,10896.352622666294,11220.64880882509,22948871
2020-07-15,11220.6494140625,11220.6494140625,10993.641975540308,11026.071883804474,1219307
2020-07-16,11415.2265625,11415.2265625,11026.071515000544,11220.649038750273,338826
2020-07-17,11317.9384765625,11382.798294794982,11123.360941192084,11188.219799761053,252160
2020-07-20,11253.0791015625,11253.0791015625,11155.790338342107,11155.790338342107,142011
2020-07-21,11220.6494140625,11415.226944320526,11123.360648933489,11123.360648933489,150799
2020-07-22,11253.0791015625,11285.509009190451,11026.071667493765,11123.360430714156,229509
2020-07-23,11220.6494140625,11220.6494140625,10993.641975540308,11123.360648933489,3352096
2020-07-24,10896.353515625,11285.509546705043,10604.487212062602,11220.649728359946,662546
2020-07-27,10636.9169921875,11058.501967661889,10215.331057049609,10636.9169921875,10311981
2020-07-28,10701.775390625,10701.775390625,10118.041855979896,10280.190433250436,757816
2020-07-29,11447.65625,11447.65625,10150.471503676725,10150.471503676725,1035265
2020-07-30,11090.9306640625,11285.50915264003,10734.205514274574,10734.205514274574,14584105
2020-07-31,10734.205078125,10799.063931906529,10474.76774367201,10636.91631762099,1244140
2020-08-03,10766.634765625,10766.634765625,10507.198372993542,10539.62732228278,1083325
2020-08-04,10928.783203125,10928.783203125,10604.486996967871,10766.634620214689,512382
2020-08-05,11026.0712890625,11026.0712890625,10734.205009418614,10928.782529181206,302053
2020-08-06,10993.6416015625,11026.071508723477,10831.49398508452,10863.922932582043,1645586
2020-08-07,10961.212890625,10961.212890625,10734.205454925892,10734.205454925892,157966
2020-08-10,10928.783203125,10993.642060491027,10734.205671363425,10961.21311163976,257054
2020-08-11,11026.0712890625,11026.0712890625,10766.633956270089,10831.49376929991,432021
2020-08-12,10961.212890625,10993.64183882239,10863.923167042403,10863.923167042403,11050420
2020-08-13,10831.494140625,10961.212811468218,10831.494140625,10961.212811468218,375915
2020-08-14,11026.0712890625,11026.0712890625,10799.063862784998,10896.352622666294,605290
2020-08-17,11026.0712890625,11350.367475221296,10863.922716151385,10896.352622666294,11687727
2020-08-18,10928.783203125,11026.071969005789,10799.06452872945,10896.35329461024,10838925
2020-08-19,10928.783203125,10928.783203125,10766.634620214689,10831.494437244211,188738
2020-08-20,10993.6416015625,10993.6416015625,10701.775316104064,10831.49398508452,672440
2020-08-21,10993.6416015625,10993.6416015625,10831.49398508452,10863.922932582043,736317
2020-08-24,10993.6416015625,11026.071508723477,10863.922932582043,10928.782746903998,631592
2020-08-25,10993.6416015625,11026.071508723477,10863.922932582043,10896.352839743022,2949181
2020-08-26,10993.6416015625,11026.071508723477,10896.352839743022,10896.352839743022,182889
2020-08-27,10993.6416015625,11058.501415884455,10896.352839743022,10961.212654064975,1179656
2020-08-28,11317.9384765625,11480.087062480188,10928.78340582167,10993.642264390635,811452
2020-08-31,11188.2197265625,11350.368311419335,11155.790777321938,11350.368311419335,148223
2020-09-01,11155.7900390625,11155.7900390625,11058.501278452102,11090.930225546606,804770
2020-09-03,11155.7900390625,11415.226414135745,11123.360132304551,11155.7900390625,917298
2020-09-04,11058.501953125,11155.79071967093,10993.642135652046,11026.072044388522,892662
2020-09-07,10961.212890625,11155.790418463244,10961.212890625,11090.93060274151,721499
2020-09-08,11090.9306640625,11090.9306640625,10799.064370691429,10961.21295122879,618122
2020-09-09,10896.353515625,11058.50210182423,10831.494656943416,11026.072192651682,5204361
2020-09-10,10896.353515625,11026.072192651682,10896.353515625,10896.353515625,1229110
2020-09-11,10831.494140625,10961.212811468218,10831.494140625,10896.352996214877,152071
2020-09-14,11090.9306640625,11090.9306640625,10734.205514274574,10928.78304318862,966115
2020-09-15,10961.212890625,11026.071746683256,10928.782982764134,11026.071746683256,911950
2020-09-16,10993.6416015625,10993.6416015625,10863.922932582043,10961.212654064975,156238
2020-09-17,11026.0712890625,11026.0712890625,10831.49376929991,10896.352622666294,866269
2020-09-18,11026.0712890625,11026.0712890625,10863.922716151385,10896.352622666294,1399863
2020-09-21,11058.501953125,11058.501953125,10896.353369106117,10993.642135652046,961858
2020-09-22,11058.501953125,11058.501953125,10961.21318657907,11058.501953125,784680
2020-09-23,11090.9306640625,11155.790480142838,10993.641899605476,11058.501715685814,7195683
2020-09-24,11123.3603515625,11123.3603515625,11026.071589034398,11058.501496431589,1238215
2020-09-25,11090.9306640625,11155.790480142838,11058.501715685814,11155.790480142838,12596494
2020-09-28,11155.7900390625,11253.078799672898,11026.071371694155,11058.501278452102,7296474
2020-09-29,11026.0712890625,11155.789955458706,10993.64138254759,11155.789955458706,247115
2020-09-30,11026.0712890625,11058.501195577412,10928.782529181206,10961.212435696116,164556
2020-10-01,11026.0712890625,11058.501195577412,10928.782529181206,10993.64138254759,9302185
2020-10-02,11026.0712890625,11155.789955458706,10928.782529181206,11026.0712890625,346279
2020-10-05,11253.0791015625,11350.367864782893,10928.782904273374,11155.790338342107,9055053
2020-10-06,11382.7978515625,11577.3753793563,11220.649271958682,11350.36794370904,1275579
2020-10-07,11317.9384765625,11382.798294794982,11188.219799761053,11317.9384765625,475261
2020-10-08,11123.3603515625,11285.50892888498,11058.501496431589,11285.50892888498,946464
2020-10-09,11123.3603515625,11155.790258959689,10993.64168163721,11155.790258959689,2335890
2020-10-12,11155.7900390625,11253.078799672898,11090.930225546606,11155.7900390625,3661529
2020-10-13,11285.5087890625,11285.5087890625,11090.930306753571,11090.930306753571,6473955
2020-10-14,11285.5087890625,11415.226497717184,11253.078882067104,11350.367643389842,11945295
2020-10-15,11415.2265625,11415.2265625,11188.219131570831,11382.797614984016,763953
2020-10-16,11253.0791015625,11415.226720375327,11090.9305230862,11415.226720375327,2050381
2020-10-19,11155.7900390625,11415.226414135745,11090.930225546606,11220.648892914953,184601
2020-10-20,11350.3681640625,11415.227021365095,11155.790632491216,11155.790632491216,855360
2020-10-21,11188.2197265625,11317.938402515269,11188.2197265625,11253.079544370636,533185
2020-10-22,11350.3681640625,11350.3681640625,11155.790632491216,11188.219581310766,25604345
2020-10-23,11350.3681640625,11382.798072545544,11220.649489793814,11382.798072545544,2351238
2020-10-26,11220.6494140625,11415.226944320526,11220.6494140625,11350.36808745568,661758
2020-10-27,11220.6494140625,11285.509230590837,11090.93074066932,11123.360648933489,12822247
2020-10-28,11220.6494140625,11285.509230590837,11026.071883804474,11058.50179206864,598290
2020-10-29,11188.2197265625,11285.509453274706,10993.642192465102,11026.072101369173,777256
2020-10-30,11155.7900390625,11188.218986157004,10961.212517841706,11188.218986157004,11700529
2020-11-02,11155.7900390625,11155.7900390625,11026.071371694155,11058.501278452102,459611
2020-11-03,11220.6494140625,11285.509230590837,11058.50179206864,11285.509230590837,597245
2020-11-04,11188.2197265625,11285.509453274706,11058.50201027324,11220.649635466569,176465
2020-11-05,11155.7900390625,11220.648892914953,11026.071371694155,11220.648892914953,443717
2020-11-06,11220.6494140625,11220.6494140625,10993.641975540308,11058.50179206864,405824
2020-11-09,11220.6494140625,11253.079322326666,11058.50179206864,11058.50179206864,1182156
2020-11-10,11220.6494140625,11285.509230590837,11123.360648933489,11220.6494140625,227327
2020-11-11,11188.2197265625,11220.649635466569,11058.50201027324,11123.360868417867,2553158
2020-11-12,11220.6494140625,11220.6494140625,11090.93074066932,11220.6494140625,488519
2020-11-13,11155.7900390625,11220.648892914953,11090.930225546606,11123.360132304551,1172762
2020-11-16,11123.3603515625,11188.219206693417,10993.64168163721,11123.3603515625,791452
2020-11-17,11220.6494140625,11220.6494140625,10961.21302693963,11123.360648933489,913632
2020-11-18,11155.7900390625,11220.648892914953,10993.641464936209,11058.501278452102,4110201
2020-11-19,11123.3603515625,11155.790258959689,10961.212733903483,11155.790258959689,607865
2020-11-20,11188.2197265625,11188.2197265625,11026.072101369173,11026.072101369173,493428
2020-11-23,11123.3603515625,11123.3603515625,10993.64168163721,11090.930444165311,1397955
2020-11-24,11123.3603515625,11123.3603515625,11026.071589034398,11026.071589034398,346764
2020-11-25,11188.2197265625,11188.2197265625,11058.50201027324,11123.360868417867,583926
2020-11-26,11188.2197265625,11220.649635466569,11058.50201027324,11188.2197265625,2296300
2020-11-27,11090.9306640625,11188.219428519524,11090.9306640625,11188.219428519524,140981
2020-11-30,11155.7900390625,11155.7900390625,11058.501278452102,11155.7900390625,543442
2020-12-01,11123.3603515625,11155.790258959689,11026.071589034398,11090.930444165311,1064355
2020-12-02,11155.7900390625,11188.218986157004,10993.641464936209,10993.641464936209,4726992
2020-12-03,11155.7900390625,11155.7900390625,11026.071371694155,11155.7900390625,1540058
2020-12-04,11058.501953125,11155.79071967093,11058.501953125,11155.79071967093,494807
2020-12-07,11155.7900390625,11155.7900390625,11058.501278452102,11123.360132304551,1175898
2020-12-08,11058.501953125,11123.360810934451,11058.501953125,11123.360810934451,924813
2020-12-09,11090.9306640625,11123.360572102669,11026.071807645643,11058.501715685814,3011058
2020-12-10,11155.7900390625,11155.7900390625,11058.501278452102,11123.360132304551,484322
2020-12-11,11090.9306640625,11155.790480142838,11058.501715685814,11058.501715685814,697469
2020-12-14,11155.7900390625,11155.7900390625,11090.930225546606,11090.930225546606,2966514
2020-12-15,11123.3603515625,11155.790258959689,11058.501496431589,11090.930444165311,1326123
2020-12-16,11123.3603515625,11123.3603515625,11026.071589034398,11090.930444165311,1291290
2020-12-17,11058.501953125,11123.360810934451,10701.775836014256,11123.360810934451,9627807
2020-12-18,11155.7900390625,11155.7900390625,11026.071371694155,11090.930225546606,620531
2020-12-21,11934.1015625,11934.1015625,11090.930670602776,11155.79048672136,5898463
2020-12-22,12744.841796875,12744.841796875,12647.553030756022,12647.553030756022,1925034
2020-12-23,12647.552734375,13555.582476424808,12647.552734375,13555.582476424808,1561890
2020-12-24,12323.2568359375,12550.264276993108,11771.953187611523,12193.538161096652,23186910
2020-12-25,12388.1162109375,12647.552591693891,11771.952767356208,12193.537725790877,5190149
2020-12-28,12193.5380859375,12712.412782102623,12063.81941189622,12712.412782102623,16565457
2020-12-29,12193.5380859375,12323.25675997878,11998.960554707326,11998.960554707326,665622
2020-12-30,13036.708984375,13036.708984375,11901.671786354276,12161.109134377151,4990471
2020-12-31,12485.4052734375,12712.412711839164,12290.826783619295,12647.552895345263,1544739
2021-01-04,12647.552734375,12777.271406048329,12388.116350691824,12485.40511453095,1021038
2021-01-05,12647.552734375,12712.4125500434,12485.40511453095,12712.4125500434,8937995
2021-01-06,13296.1455078125,13296.1455078125,12452.975557667458,12647.553090829622,5924933
2021-01-07,13036.708984375,13296.145372734383,12971.849167537535,13296.145372734383,1467393
2021-01-08,13231.2861328125,13296.144988110267,12971.848792294491,13004.27869977511,1467393
2021-01-11,13101.5673828125,13296.144907185002,12971.848713343014,13231.286052281988,759680
2021-01-12,13101.5673828125,13231.286052281988,12971.848713343014,13231.286052281988,3559470
2021-01-13,13944.7373046875,14009.59711929964,13036.708537088662,13101.567392037345,27168374
2021-01-14,14009.59765625,14496.04148616785,13750.160307184817,14204.17518821714,769680
2021-01-15,14269.0341796875,14366.32294658495,14009.597787848805,14009.597787848805,798013
2021-01-18,13912.30859375,14269.033741532288,13620.441342356433,14269.033741532288,840587
2021-01-19,13101.5673828125,13782.589677779715,12939.418806059775,13361.004721751477,997857
2021-01-20,13101.5673828125,13101.5673828125,12193.537656189548,12712.412334067498,1052704
2021-01-21,12971.8486328125,13263.714917559317,12647.552440983773,13101.56730147668,12139457
2021-01-22,13296.1455078125,13296.1455078125,12971.84929932106,13166.426832483225,612108
2021-01-25,12971.8486328125,13198.856063058953,12777.271109647954,13198.856063058953,1721781
2021-01-26,12193.5380859375,13036.708987374075,12063.81941189622,13036.708987374075,5521702
2021-01-27,11480.0869140625,12225.96809644848,11415.227096668545,12225.96809644848,10699928
2021-01-28,11739.5234375,11739.5234375,10701.775944087887,10831.494620680282,6598498
2021-01-29,10928.783203125,11674.66438132004,10928.783203125,11026.071969005789,5058681
2021-02-01,11350.3681640625,11350.3681640625,10928.783192436887,10928.783192436887,6205461
2021-02-02,11350.3681640625,11415.227021365095,10831.494426651245,11026.071958222528,3872949
2021-02-03,11609.8056640625,11674.664522211251,11188.21972727334,11285.50945399173,6823948
2021-02-04,11544.9453125,11609.805127313635,11188.219210015395,11544.9453125,1000599
2021-02-05,11609.8056640625,11609.8056640625,11382.79822104661,11544.94584625024,674985
2021-02-08,11512.5166015625,11577.37545804678,11220.649348224526,11577.37545804678,1426485
2021-02-09,11544.9453125,11609.805127313635,11285.508932235847,11350.36778738602,412718
2021-02-17,11674.6640625,11869.241588947914,11382.797772828128,11544.9453916469,3425534
2021-02-18,11998.9599609375,11998.9599609375,11480.086250112392,11674.663771713876,1101188
2021-02-19,11998.9599609375,11998.9599609375,11642.233864892482,11674.663771713876,597714
2021-02-22,11869.2412109375,11966.529971063012,11707.093597282788,11966.529971063012,1199065
2021-02-23,11869.2412109375,11869.2412109375,11674.66369068647,11869.2412109375,983918
2021-02-24,11804.3828125,11869.241668529685,11609.805284747466,11869.241668529685,496807
2021-02-25,11739.5234375,11804.383255627952,11577.375811507143,11804.383255627952,1876626
2021-02-26,11739.5234375,11739.5234375,11544.945902443167,11544.945902443167,6714557
2021-03-01,11966.5302734375,11998.960180853268,11674.663985685977,11739.52284085405,3710225
2021-03-02,12193.5380859375,12290.826851552589,11998.960554707326,12063.81941189622,1929201
2021-03-03,12161.109375,12225.968233457286,11998.960789361514,12225.968233457286,1612845
2021-03-04,12063.8193359375,12193.53800916202,11739.523132707944,12193.53800916202,573623
2021-03-05,11998.9599609375,12063.818814916847,11707.093678535271,12063.818814916847,1034977
2021-03-08,11966.5302734375,12031.390088269036,11804.382655685586,11998.960180853268,2879181
2021-03-09,11934.1015625,11934.1015625,11771.95298186702,11771.95298186702,593472
2021-03-10,11934.1015625,11934.1015625,11707.09412541192,11771.95298186702,333629
2021-03-11,11934.1015625,11934.1015625,11836.812797985604,11934.1015625,5118378
2021-03-12,11934.1015625,11966.53051089581,11869.241746381414,11934.1015625,870890
2021-03-15,11966.5302734375,11998.960180853268,11934.101325685197,11998.960180853268,1379364
2021-03-16,11934.1015625,11966.53051089581,11739.523073807728,11966.53051089581,3250538
2021-03-17,11966.5302734375,11998.960180853268,11804.382655685586,11934.101325685197,291963
2021-03-18,12420.544921875,12485.40473557478,12063.818825516548,12063.818825516548,1837083
2021-03-19,12777.271484375,12842.13034077752,12452.975283035435,12452.975283035435,4551058
2021-03-22,12550.263671875,12906.989770571705,12420.545003288613,12906.989770571705,1637692
2021-03-23,12323.2568359375,12550.264276993108,12031.39053729322,12517.83436836702,1165580
2021-03-24,11998.9599609375,12193.537482538984,11771.95253251462,11771.95253251462,927404
2021-03-25,12323.2568359375,12420.54560215226,11869.241953826284,11869.241953826284,3502805
2021-03-26,12323.2568359375,12323.2568359375,11804.38309623761,12323.2568359375,1858294
2021-03-29,12258.3974609375,12323.256315788563,12031.390029463586,12323.256315788563,1587391
2021-03-30,12647.552734375,12777.271406048329,12225.967771184296,12258.397679018495,4176124
2021-03-31,13036.708984375,13425.864046745824,12647.552962340684,12744.84172793339,5090954
2021-04-01,13166.4267578125,13523.152873029034,13101.567900347449,13523.152873029034,5268677
2021-04-02,13231.2861328125,13328.574895590886,13101.567462553498,13198.856225331883,2258740
2021-04-05,14139.3154296875,14139.3154296875,13620.441689071333,13620.441689071333,3000997
2021-04-06,14982.486328125,15047.345185786282,14398.752770519468,14658.190120491592,6179567
2021-04-07,14917.6259765625,15014.914739402016,14593.329780542956,15014.914739402016,4396120
2021-04-08,14787.908203125,14982.48572797824,14690.61848103492,14950.055820614878,3004179
2021-04-09,14560.9013671875,14787.908808700213,14463.611641113335,14787.908808700213,3066602
2021-04-12,15177.0634765625,15177.0634765625,14560.90098555633,14593.329933734278,3792193
2021-04-13,15306.7822265625,15955.374628727794,15241.922410547882,15631.078427645149,2743578
2021-04-14,16376.958984375,16376.958984375,14917.626528158342,14917.626528158342,5130347
2021-04-15,16733.685546875,17187.70044211782,16182.38188260351,16376.959420660853,3793253
2021-04-16,16993.12109375,17317.418235515597,16312.099783099831,16733.68376420289,2136167
2021-04-19,17576.85546875,17674.146156831834,16993.1228562213,17057.982675166837,2351466
2021-04-20,17576.85546875,18322.73858830607,17122.842494112378,17836.292825205106,4866288
2021-04-22,16409.388671875,17641.71359783637,16376.957805845184,17576.853785103605,2737821
2021-04-23,17479.56640625,17479.56640625,15987.804990524624,16182.381565100795,4120822
2021-04-26,16960.693359375,17479.566136222842,16409.389714436864,17382.277370605934,2832212
2021-04-27,16928.26171875,16960.692585360284,16409.38896558133,16603.966487935442,1736327
2021-04-28,17836.291015625,17836.291015625,16409.388578878817,16539.10628428234,3115237
2021-04-29,17803.86328125,17803.86328125,17187.699820147453,17187.699820147453,7783322
2021-05-04,17122.841796875,17382.27722343892,16733.684818375183,17187.699693852494,7846654
2021-05-05,16993.12109375,17447.13594062573,16993.12109375,17057.98090596849,5272920
2021-05-06,16733.685546875,17317.420080374082,16733.685546875,16993.122904060478,7581988
2021-05-07,16668.826171875,16863.40369271214,16474.24865103786,16863.40369271214,3142858
2021-05-10,16149.9521484375,16636.39596995843,16085.093292122536,16214.811964415943,1469514
2021-05-11,16668.826171875,16993.121400161275,16020.232836312123,16085.092649700133,1876324
2021-05-12,16441.818359375,16798.54446648745,16376.958543719931,16603.966938849197,1788144
2021-05-13,17511.99609375,17511.99609375,16441.817808282598,16441.817808282598,3707649
2021-05-14,17706.57421875,17836.29193080937,17382.277059611144,17576.854587363676,2942211
2021-05-17,17479.56640625,18030.870059704765,17187.700104890482,18030.870059704765,3089810
2021-05-18,16863.404296875,17252.559352491488,16798.544481163266,17187.699536779754,2210862
2021-05-19,17057.982421875,17220.131007167598,16733.685251289804,16863.404887254692,1741781
2021-05-20,16863.404296875,17057.981824683244,16668.826769066756,17057.981824683244,2512826
2021-05-21,16895.833984375,17057.982571085955,16733.68539766404,16863.405034763622,1366638
2021-05-24,16895.833984375,17057.982571085955,16798.54521621383,16895.833984375,3116147
2021-05-25,17382.27734375,17674.145559476765,16279.670055577277,16928.262465130232,3925372
2021-05-26,18582.173828125,18582.173828125,17414.70861546397,17414.70861546397,4067187
2021-05-27,19879.357421875,19879.357421875,19457.77342814703,19879.357421875,8579367
2021-05-28,20690.099609375,20819.819245396586,19717.211935848256,20430.662256658863,2953877
2021-05-31,21273.833984375,21273.833984375,19717.21179826688,20300.944398309795,3708709
2021-06-01,21079.25390625,21403.551065091728,20949.53619430948,21208.97353751747,7875139
2021-06-02,20203.654296875,20625.24020416068,19911.788016135783,20106.3655366286,6123508
2021-06-03,20754.958984375,20917.10756627743,19782.069412287383,20300.944106644376,5802152
2021-06-04,21662.98828125,21727.846177176405,20625.240833831187,20754.958545010937,2955544
2021-06-07,21241.40234375,21598.12844836172,20300.94366031562,21598.12844836172,5395493
2021-06-08,19911.7890625,21014.39634945252,19879.3581944957,21014.39634945252,5517915
2021-06-09,20171.2265625,20430.661992535184,18874.04173501608,19652.351863775635,12733522
2021-06-10,19652.3515625,20106.366437091907,19457.77403329304,19457.77403329304,9808867
2021-06-11,19717.2109375,20171.2258019332,19457.77359792004,19652.35112277328,1501483
2021-06-14,19717.2109375,20106.36598720648,19490.20254561994,20106.36598720648,6212597
2021-06-15,19457.7734375,19782.068669806096,19392.913623308017,19717.210774941024,4719144
2021-06-16,18874.041015625,19457.77358994548,18809.18120092486,18938.898910998218,3322960
2021-06-17,18809.181640625,18874.04145684136,18387.59571420912,18744.32182440864,26784896
2021-06-18,19328.0546875,19392.914504639608,19003.75944045596,19003.75944045596,11085526
2021-06-21,19101.046875,19392.913152792225,19003.758115735924,19392.913152792225,3697953
2021-06-22,19165.908203125,19263.196970082,18874.04190225401,19198.337152334992,2257074
2021-06-23,19003.759765625,19263.1971192956,19003.759765625,19068.61958387441,16275569
2021-06-24,18906.470703125,19133.477184467905,18841.610885886887,19133.477184467905,1538917
2021-06-25,18971.330078125,19133.47673845001,18484.88433916911,18841.61044667265,2781760
2021-06-28,19328.0546875,19392.914504639608,19003.75944045596,19133.47715540817,2401313
2021-06-29,19782.068359375,20106.365505918955,19425.34418523428,19425.34418523428,1010281
2021-06-30,19652.3515625,19846.929091706963,19490.202981718543,19782.06927552899,2092228
2021-07-01,19911.7890625,20106.36659321786,19328.05455101944,19652.351715100525,9086022
2021-07-02,20333.373046875,20365.803914838245,19879.35816933236,20041.506751167657,21194104
2021-07-05,20592.810546875,20657.670363956186,20106.366717083605,20171.22653416479,3227053
2021-07-06,19782.068359375,20884.675586701447,19782.068359375,20754.95787967999,7825290
2021-07-07,19782.068359375,19976.645879570624,19328.05350580959,19652.350652353543,2517068
2021-07-08,19036.1875,19782.068644613748,18938.89873849937,19782.068644613748,1125582
2021-07-09,18744.322265625,19263.19696891556,18160.58966391838,18809.182083368072,6424866
2021-07-12,18679.4609375,19392.91311700452,17447.13601598689,18160.58819549141,1610723
2021-07-13,18225.44921875,19328.054588514515,17836.292237232363,18225.44921875,336052
2021-07-14,17187.69921875,18225.44857362808,16960.692746949742,18225.44857362808,6344261
2021-07-15,17576.85546875,17674.146156831834,17252.560212676406,17252.560212676406,514534
2021-07-16,17511.99609375,17803.862375424684,17382.27646678777,17803.862375424684,789073
2021-07-19,16830.97265625,17479.56502559434,16312.099912370648,17414.707132188712,7549085
2021-07-20,16733.685546875,16863.405185131265,16214.812751831105,16409.390289888448,337719
2021-07-21,16701.255859375,17025.553021366246,16668.82691090666,16668.82691090666,404537
2021-07-22,17511.99609375,17511.99609375,16668.826195803056,16701.25514288017,5769576
2021-07-23,16863.404296875,17511.99669601146,16863.404296875,16895.833245067388,1672843
2021-07-26,16863.404296875,16863.404296875,16214.811897738537,16863.404296875,737863
2021-07-27,16149.9521484375,16993.122078849432,16149.9521484375,16993.122078849432,16690424
2021-07-28,16052.6630859375,16376.95832115166,16052.6630859375,16214.811663208042,4337608
2021-07-29,16863.404296875,16863.404296875,16020.233410266816,16020.233410266816,551778
2021-07-30,17122.841796875,17187.699693852494,16539.10728878876,16766.1156861909,6484409
2021-08-02,16733.685546875,17122.84254231674,16733.685546875,17122.84254231674,583169
2021-08-03,17511.99609375,17609.28485430823,16733.684089957285,16733.684089957285,1433454
2021-08-04,17803.86328125,17836.292229977036,17284.98858565554,17511.996984725734,7031368
2021-08-05,17868.72265625,18030.86931520329,17447.136736586795,17609.285314867022,551503
2021-08-06,17479.56640625,17966.012161176215,17479.56640625,17966.012161176215,708014
2021-08-09,17576.85546875,17576.85546875,17349.848981431187,17479.566699995215,5911240
2021-08-10,17317.419921875,17641.715175893416,17284.989052944235,17414.708690013227,833921
2021-08-11,17284.98828125,17479.565808839474,17252.559333094072,17317.41914873288,454232
2021-08-12,17317.419921875,17479.56658922069,17187.700284806004,17220.131153736773,6265474
2021-08-13,17057.982421875,17382.277673133176,16928.262785910116,17187.700138512868,276812
2021-08-16,17220.130859375,17317.41962585017,16928.262640622488,17252.55980842439,739226
2021-08-17,17220.130859375,17414.708392325338,17057.98227547405,17057.98227547405,6416381
2021-08-18,17057.982421875,17317.419774477752,17025.55347254729,17057.982421875,1568149
2021-08-19,16798.544921875,17090.41122124451,16733.685104461663,17090.41122124451,2164045
2021-08-20,16149.9521484375,16863.404366219504,16020.23347614409,16798.54455024106,6463349
2021-08-23,15566.21875,16279.67001485836,15501.359893072326,15890.514953965345,810892
2021-08-24,15631.078125,15890.514505044885,15566.218310241182,15631.078125,426657
2021-08-25,15955.375,15955.375,15631.078791371172,15695.937649231537,5635488
2021-08-26,15728.3671875,16344.529681481556,15728.3671875,16149.952152820377,325750
2021-08-27,15955.375,16085.093675384232,15663.507740469602,15663.507740469602,386203
2021-08-30,16539.107421875,16863.404586679895,15858.086062842502,15987.80473683176,7111233
2021-08-31,16441.818359375,16798.54446648745,16441.818359375,16798.54446648745,1857082
2021-09-01,16247.2412109375,16474.249611365,16214.812262016569,16441.818743117074,314841
2021-09-06,16182.380859375,16376.958385129008,16020.233241134483,16376.958385129008,5707002
2021-09-07,16863.404296875,17090.41077287563,15955.37455421856,16149.952082026804,1999503
2021-09-08,16539.107421875,16733.684953027143,16376.958839472552,16733.684953027143,246660
2021-09-09,16506.677734375,16603.96649559695,16214.811450709154,16603.96649559695,5851241
2021-09-10,16733.685546875,16993.122904060478,16344.530470760314,16506.679058917118,812709
2021-09-13,16539.107421875,16830.973718603214,16441.81865629893,16733.684953027143,187874
2021-09-14,16603.966796875,16603.966796875,16376.958403686798,16506.67803388775,5923664
2021-09-15,16539.107421875,16603.967238701378,16279.67007389648,16603.967238701378,306507
2021-09-16,16344.529296875,16636.3955829988,16344.529296875,16409.389111344815,907859
2021-09-17,16863.404296875,16863.404296875,16279.669794123316,16279.669794123316,6613801
2021-09-20,16409.388671875,16863.403522350633,16344.528859142234,16798.54370961787,953918
2021-09-21,16052.6630859375,16344.52937342832,16020.2331785507,16214.811663208042,1017403
2021-09-22,16085.0927734375,16214.811441547958,15890.514291440088,15987.80401227052,7795443
2021-09-23,15760.796875,16441.81821578644,15760.796875,15955.374400938985,1166945
2021-09-24,15598.6484375,16085.093216394236,15566.218529663456,16052.663308557694,1220580
2021-09-27,15436.5009765625,15825.656035953449,15371.641160221683,15825.656035953449,7568024
2021-09-28,15468.9296875,15468.9296875,14366.322423274672,15436.500739491115,426202
2021-09-29,15241.921875,15404.07044967573,15177.063020927775,15177.063020927775,233024
2021-09-30,15306.7822265625,15566.21861163053,15047.34488183099,15566.21861163053,6922734
2021-10-01,14820.3369140625,15339.210625269689,14593.32948547246,15306.781678087857,732653
2021-10-04,14333.8935546875,14690.618702406064,14204.174882942803,14625.759846365456,620592
2021-10-05,14528.470703125,14755.478132835036,14269.033366409689,14269.033366409689,6474561
2021-10-06,14463.611328125,14723.048672714953,14398.752471809252,14528.471144104227,405445
2021-10-07,14301.4638671875,14528.4713063225,14269.03395883579,14528.4713063225,2051623
2021-10-08,14528.470703125,14658.189371482656,14301.463273414964,14301.463273414964,6011692
2021-10-11,15112.205078125,15112.205078125,14560.901426445298,14560.901426445298,368779
2021-10-12,15047.3447265625,15371.640924298845,14950.055963207944,15371.640924298845,1652995
2021-10-13,14982.486328125,15177.063860772343,14950.05641946261,15177.063860772343,6056085
2021-10-14,15306.7822265625,15404.070990920947,14917.626209465236,14917.626209465236,605896
2021-10-15,15112.205078125,15436.501287368148,15112.205078125,15306.782611738188,1637540
2021-10-18,15047.3447265625,15241.922253271612,15047.3447265625,15241.922253271612,5949269
2021-10-19,15371.640625,15371.640625,14982.485579158954,15047.344433577977,425142
2021-10-20,15177.0634765625,15404.070912125504,15079.77471270171,15404.070912125504,1712691
2021-10-21,15047.3447265625,15241.922253271612,14917.62605553527,15241.922253271612,5946846
2021-10-22,15177.0634765625,15209.493384403922,14950.056040999496,15209.493384403922,407112
2021-10-25,15014.9150390625,15177.063620140088,15014.9150390625,15177.063620140088,1501937
2021-10-26,15047.3447265625,15112.204541907851,14885.197107526064,15014.914818889823,7084397
2021-10-27,15241.921875,15241.921875,15014.914446252047,15047.344353119885,608168
2021-10-28,15306.7822265625,15501.359755279393,15177.063554196746,15241.922410547882,1633753
2021-10-29,14593.330078125,15468.92992119904,14593.330078125,15047.344953743166,6564560
2021-11-01,15112.205078125,15274.35270291482,14917.626584848307,14950.056493671673,815134
2021-11-02,16149.9521484375,16149.9521484375,14950.056109134566,15177.06354573216,2560855
2021-11-03,16830.97265625,17025.55209444748,16214.81115293534,16376.957805776276,7606356
2021-11-04,16571.537109375,16798.54357310462,16474.2483507299,16798.54357310462,1271488
2021-11-05,16409.388671875,16798.54370961787,16344.528859142234,16474.248484607768,746499
2021-11-08,16344.529296875,16539.10682095753,15890.514434240118,15890.514434240118,6038964
2021-11-09,16539.107421875,16636.39618745107,16409.389707549235,16506.678473125306,1336941
2021-11-10,16863.404296875,17025.552876490852,16668.826769066756,16668.826769066756,1963746
2021-11-11,17122.841796875,17317.419326461426,16603.967105093223,16928.262347961605,6996066
2021-11-12,18290.306640625,18290.306640625,17187.69938020475,17317.41901044651,2323284
2021-11-15,18549.744140625,19003.759011705053,18095.729269544947,19003.759011705053,1067855
2021-11-16,18290.306640625,18614.60379690245,18225.448744831057,18290.306640625,6249718
2021-11-17,17966.01171875,18290.306961387785,17706.57437304359,18160.589248198063,1694964
2021-11-18,17382.27734375,18095.729570056345,17382.27734375,18030.869753302955,2121925
2021-11-19,18030.869140625,18257.87753188477,17511.996382209807,17576.85427743238,6980157
2021-11-22,17966.01171875,18776.75078500795,17966.01171875,18711.89288807657,2925241
2021-11-23,17836.291015625,18095.728345758904,17511.995792452763,17966.01064035538,678773
2021-11-24,19068.619140625,19068.619140625,17803.863270459413,17803.863270459413,9852370
2021-11-25,18971.330078125,19555.062661679724,18809.18149847304,19555.062661679724,2581612
2021-11-26,18679.4609375,19425.34398291727,18614.60304432821,19133.4757863368,1750417
2021-11-29,18387.595703125,18776.75076153464,18160.58922549504,18614.60410008193,1676933
2021-11-30,17771.43359375,18809.18102247193,17252.558919725583,18420.02597661707,6762586
2021-12-01,17739.00390625,18160.58984683576,17576.85531992263,17576.85531992263,730135
2021-12-02,18030.869140625,18484.884003817617,17771.433721080863,17868.722483241643,1794962
2021-12-03,17511.99609375,18290.30617821583,17511.99609375,17739.00256194357,3856434
2021-12-06,16344.529296875,17511.996360697114,16312.10034930355,17252.559022144764,1604512
2021-12-07,16603.966796875,16863.404137949972,16376.958403686798,16409.389270900505,1631177
2021-12-08,17317.419921875,17479.56658922069,16701.256444114864,16830.974161856822,6162295
2021-12-09,17576.85546875,18030.87036271467,17317.420031621943,17317.420031621943,1108158
2021-12-10,17382.27734375,17771.43432494336,17349.848395036795,17382.27734375,1541179
2021-12-13,17155.271484375,17609.286379410274,17155.271484375,17382.27797222911,5992450
2021-12-14,17382.27734375,17511.996977256782,16798.544750950434,17155.270864103608,1064522
2021-12-15,17155.271484375,17447.137791327594,17090.41166527652,17447.137791327594,1733600
2021-12-16,16863.404296875,17447.13688029973,16863.404296875,17187.699536779754,5679275
2021-12-17,16863.404296875,16960.693060779122,16701.255717259144,16960.693060779122,1299669
2021-12-20,17155.271484375,17252.5602533592,16863.405177422406,16863.405177422406,552109
2021-12-21,17349.84765625,17414.707470241545,17057.981372278395,17349.84765625,6289565
2021-12-22,17706.57421875,17933.58069468564,17317.419163244933,17349.84811142804,1185429
2021-12-23,18938.8984375,18938.8984375,17576.85387881159,17966.010837956048,6727435
2021-12-24,20236.083984375,20236.083984375,19198.33653066199,20009.07750860185,10031154
2021-12-27,21630.556640625,21630.556640625,20236.083138158367,20236.083138158367,2249953
2021-12-28,23025.033203125,23122.32196768316,22052.1436382164,23122.32196768316,5376099
2021-12-29,22181.861328125,24322.217984833453,22181.861328125,24322.217984833453,7631052
2021-12-30,21922.42578125,22700.735892602966,21857.56596552827,22700.735892602966,2287679
2021-12-31,21857.56640625,22441.299001534728,21857.56640625,22052.143938011577,2504644
2022-01-04,21987.283203125,22376.43825040292,21598.128155847087,21727.845865164087,7010156
2022-01-05,22246.720703125,22635.87575323741,21825.136705278863,22019.71423033507,2334193
2022-01-06,22181.861328125,22376.438857039047,21857.566086377243,22376.438857039047,1409667
2022-01-07,21662.98828125,22376.43857172903,21662.98828125,21857.56580768309,1734054
2022-01-10,21208.97265625,21922.42484059514,20787.386751138725,21727.845401779025,2247073
2022-01-11,21435.98046875,21987.284115034334,21079.25435417461,21079.25435417461,1511635
2022-01-12,21922.42578125,21922.42578125,21079.253934848348,21500.83985804917,1173914
2022-01-13,22181.861328125,22927.742495404505,22181.861328125,22441.298673119385,1678146
2022-01-14,21954.85546875,22181.8619524298,21403.551814868195,21792.706883649,773164
2022-01-17,21338.69140625,22019.714677090866,20949.53634824206,21922.425912588875,815437
2022-01-18,20981.96484375,21371.12181268517,20236.08369222521,20236.08369222521,5468825
2022-01-19,20981.96484375,21306.261997974823,20495.521031739685,20981.96484375,399384
2022-01-20,21144.11328125,21403.550619051435,20495.520896409864,20981.96470520824,411203
2022-01-21,21662.98828125,21727.846177176405,20754.958545010937,21208.97341313047,726196
2022-01-24,21922.42578125,22117.003309088243,21371.122145932663,21403.551094130053,923313
2022-01-25,22635.876953125,22635.876953125,21857.56681164334,21922.42662987582,975433
2022-01-26,22862.884765625,22960.17353079255,22376.43902046027,22700.736183903424,1198459
2022-01-27,22895.3125,22927.74144689368,22246.72012683836,22700.7349799842,455899
2022-01-28,24289.787109375,24484.364638226925,22117.00342431051,23025.03317183748,34762003
2022-02-07,23316.8984375,24451.93461222225,22700.735010406293,24451.93461222225,1282851
2022-02-08,23154.75,23608.764856417794,22765.594957163856,23316.898574290688,6544711
2022-02-09,22571.017578125,23089.89033207064,22117.00271884325,23089.89033207064,2895848
2022-02-10,22700.736328125,23349.328739804943,22635.87651115891,23349.328739804943,31581009
2022-02-11,23219.611328125,23219.611328125,22571.01890798346,22603.44785722608,1317547
2022-02-14,23706.0546875,23868.203269112004,23057.46228037896,23219.610861990965,3420079
2022-02-15,24160.068359375,24322.21693289945,23706.053505102675,23706.053505102675,1648601
2022-02-16,23219.611328125,24516.796168408084,23219.611328125,24516.796168408084,33172052
2022-02-17,23414.1875,23673.624836827985,22733.16425091068,23089.890349133293,853163
2022-02-18,23316.8984375,23479.04509151255,23154.74986416057,23414.187197638283,771953
2022-02-21,22895.3125,23349.32735314584,22700.7349799842,23284.46754003161,891950
2022-02-22,22700.736328125,23284.46892283885,22700.736328125,22830.454042730194,5375948
2022-02-23,21403.55078125,23154.75042552185,21403.55078125,22700.735560760488,526352
2022-02-24,21792.70703125,22830.45452813642,21468.411778178568,22181.862102666528,1530876
2022-02-25,22635.876953125,22830.454488495416,21922.42662987582,21922.42662987582,742559
2022-02-28,21954.85546875,23025.03382722421,21079.254644666184,23025.03382722421,776649
2022-03-01,21954.85546875,22214.292821046205,21857.5667015548,22019.715286655806,597410
2022-03-02,20754.958984375,22246.721331492627,20754.958984375,22246.721331492627,1022251
2022-03-03,20787.38671875,21403.55014239048,20787.38671875,20981.96423793608,1027251
2022-03-04,20430.662109375,22052.1441126664,20430.662109375,20852.248044415406,2589188
2022-03-07,21630.556640625,21630.556640625,20560.38028350389,20625.24009643837,1673752
2022-03-08,21500.83984375,21695.41737145884,21273.83336786534,21273.83336786534,5499430
2022-03-09,22538.587890625,22830.45418986288,21468.411460086103,21500.840409114644,848163
2022-03-10,22246.720703125,22506.158042975585,22052.1431780688,22181.860888330622,257266
2022-03-11,22960.173828125,23025.03364551896,22376.439310233407,22571.01876241527,954828
2022-03-14,23738.482421875,23868.20204826027,22635.87519423458,22668.30606049434,1692237
2022-03-15,23997.919921875,24062.7797355178,23284.467729784963,23868.20221391631,18454661
2022-03-16,24289.787109375,24387.075873800964,23349.3284134817,23997.92081609711,909677
2022-03-17,23900.6328125,23997.92158002296,23543.90669180682,23803.34404497705,419233
2022-03-18,23349.328125,24127.63823079166,23349.328125,23900.631756378072,425444
2022-03-21,23479.046875,24257.35893455435,23122.322673613824,23543.906693127952,3068420
2022-03-22,23511.4765625,24322.217530722814,23349.327984990054,23965.49142793169,5971845
2022-03-23,23965.4921875,24095.209902023107,23511.47730767864,23770.91465605185,727863
2022-03-24,23511.4765625,23997.92037570292,23479.04569540185,23479.04569540185,355598
2022-03-25,23868.203125,24192.498366938995,23414.18825082384,23414.18825082384,696651
2022-03-28,23835.771484375,23933.06024573469,23479.04538628049,23933.06024573469,1356032
2022-03-29,24322.21875,24322.21875,23673.62632677308,23965.49262932614,9966716
2022-03-30,24257.357421875,24257.357421875,23706.053800484045,24192.49760779168,1944352
2022-03-31,23933.060546875,24192.49788687422,23933.060546875,24192.49788687422,38302536
2022-04-01,24127.638671875,24192.498488319,23803.343428308934,23868.20324475293,613926
2022-04-04,23803.34375,24387.07634790397,23803.34375,24387.07634790397,554079
2022-04-05,23543.90625,23803.343598301824,23543.90625,23543.90625,739529
2022-04-06,23641.1953125,23673.626181024247,23349.32901174384,23673.626181024247,5022318
2022-04-07,23381.7578125,23673.626030730225,23381.7578125,23511.477447119432,734226
2022-04-08,22765.595703125,23641.1945781971,22635.876071711165,23089.890943005685,911495
2022-04-12,21922.42578125,22765.5957083247,21922.42578125,22700.735892602966,507868
2022-04-13,22117.00390625,22181.86180439595,21727.84692073928,21727.84692073928,662561
2022-04-14,21922.42578125,22181.86120548302,21922.42578125,22181.86120548302,222115
2022-04-15,21598.12890625,22052.14378362411,21533.269089674563,22052.14378362411,437565
2022-04-18,20527.951171875,21533.26972131199,20300.94468619263,20981.96606256677,591654
2022-04-19,20333.373046875,20819.818792380884,20171.226384366684,20171.226384366684,341052
2022-04-20,20300.943359375,21014.39555802224,20300.943359375,20398.232121069905,344235
2022-04-21,19911.7890625,21208.97388017038,19717.21153178214,19782.069429136773,284842
2022-04-22,20625.240234375,20754.957941784607,19782.06841856846,19976.645939346312,304539
2022-04-25,19652.3515625,20592.81026010932,19198.336687908097,20333.372914724376,538927
2022-04-26,19944.216796875,19944.216796875,18517.31435204524,19068.617961955413,262418
2022-04-27,19976.646484375,20009.077351607382,19036.18780184761,19782.06895828844,100300
2022-04-28,19457.7734375,20365.803158880124,19133.476285867,19976.646193055138,223176
2022-04-29,19457.7734375,19879.357431430617,19457.7734375,19879.357431430617,2212226
2022-05-04,19036.1875,19782.068644613748,19003.75855260876,19782.068644613748,315598
2022-05-05,19425.345703125,19457.77465258264,19036.188712998268,19457.77465258264,122724
2022-05-06,19198.3359375,19392.913459101484,19036.187363056462,19295.624698300744,2278133
2022-05-09,19068.619140625,19328.054568938005,17868.723087201157,18744.321976243267,4372484
2022-05-10,19068.619140625,19328.054568938005,18290.30709770503,18549.74444534502,518776
2022-05-11,20398.232421875,20398.232421875,18420.02629202214,19068.61868599502,518321
2022-05-12,20495.521484375,21046.82512327098,20300.94395527371,20398.232719824355,473625
2022-05-13,20300.943359375,20495.52088276481,19457.77345157686,20398.232121069905,619986
2022-05-16,20171.2265625,21079.254406277145,20171.2265625,20300.944277517592,2649490
2022-05-17,20430.662109375,20722.530328655976,18776.751156975493,19846.92950946706,292114
2022-05-18,20430.662109375,21079.25452682616,20171.226677856142,21079.25452682616,1082249
2022-05-19,19717.2109375,20463.092089213056,19457.77359792004,20106.36598720648,2893121
2022-05-20,20041.505859375,20106.36567308843,19068.61825030805,20106.36567308843,210297
2022-05-23,20009.078125,20268.5154762522,19295.625888888208,20041.507074158897,373930
2022-05-24,20495.521484375,20560.381300517754,20041.506610029664,20300.94395527371,1399364
2022-05-25,21079.25390625,21079.25390625,20333.372744106364,20722.529718581827,2985997
2022-05-26,21079.25390625,21208.97353751747,20819.818482368955,21079.25390625,1331941
2022-05-27,22117.00390625,22408.870205887783,21046.82555491777,21079.254503990745,2605854
2022-05-30,22052.142578125,22700.73495044259,21792.70524533259,22700.73495044259,2482372
2022-05-31,21533.26953125,21889.995650739704,21273.83409828205,21273.83409828205,1056644
2022-06-01,21079.25390625,21468.410880725463,20917.107246156083,21468.410880725463,1023311
2022-06-02,20722.529296875,21144.113291597605,20495.52090644005,20787.387191861915,147117
2022-06-03,20430.662109375,20981.96576017484,20138.79580942103,20949.53681106673,1056492
2022-06-06,20398.232421875,20495.521185004585,19911.78860622708,19911.78860622708,1700570
2022-06-07,19782.068359375,20398.23178621239,19522.632945332087,20398.23178621239,1681025
2022-06-08,20171.2265625,20171.2265625,19522.63414875804,20106.366745327705,339234
2022-06-09,19684.78125,20236.084909894344,19522.63458245763,20236.084909894344,4950957
2022-06-10,19717.2109375,19944.217410053137,19652.35112277328,19717.2109375,1582845
2022-06-13,20041.505859375,20430.66090300178,19457.77329393483,19846.92833756161,580896
2022-06-14,20300.943359375,20365.803173613906,20106.36583598519,20333.372306831,1826779
2022-06-15,19911.7890625,20365.80394061733,19782.069429136773,20365.80394061733,240146
2022-06-16,19846.9296875,19976.647404423034,19782.06986937497,19782.06986937497,723772
2022-06-17,20333.373046875,20333.373046875,19814.500272059828,19846.929220696096,5010501
2022-06-20,20365.802734375,21111.683864391463,20333.371868291542,20754.957772761525,3140691
2022-06-21,20430.662109375,20527.950876026323,20073.93791120482,20171.226677856142,922253
2022-06-22,20560.380859375,20625.24067412612,19911.788469844545,19911.788469844545,3483866
2022-06-23,20657.669921875,20722.52973756816,20430.66152661241,20722.52973756816,429232
2022-06-24,20398.232421875,20690.09871126376,20138.79508042046,20690.09871126376,145147
2022-06-27,20398.232421875,20592.80994813417,20106.366132486244,20592.80994813417,17975534
2022-06-28,21760.27734375,21760.27734375,20236.08413995828,20592.81024976756,4353393
2022-06-29,20754.958984375,21695.41768848594,20754.958984375,21695.41768848594,6177749
2022-06-30,20754.958984375,21273.833678732,20625.24127044924,21273.833678732,6634710
2022-07-01,21014.396484375,21014.396484375,20365.804071375536,20463.092837359105,629077
2022-07-04,21014.396484375,21241.402965227662,20787.38808419534,21241.402965227662,8969510
2022-07-05,21079.25390625,21176.542670037128,20884.676378675744,21079.25390625,15912850
2022-07-06,20754.958984375,21079.25422885289,19619.92274971193,21079.25422885289,8651940
2022-07-07,20333.373046875,20722.530027145105,20300.94409823873,20300.94409823873,9226323
2022-07-08,20203.654296875,20463.091630641044,20171.225349901822,20171.225349901822,1551785
2022-07-11,19879.357421875,20236.083520769072,19782.06866029725,20236.083520769072,905737
2022-07-12,20138.794921875,20365.80331360817,19879.35758246292,20365.80331360817,905737
2022-07-13,20041.505859375,20236.08338118839,20041.505859375,20138.794620281697,957251
2022-07-14,19944.216796875,20171.225181775764,19911.78785017212,20171.225181775764,6120478
2022-07-15,20073.9375,20106.366448443816,19846.9291029124,19944.21786757081,3939008
2022-07-18,19879.357421875,20073.93686435742,19879.357421875,19911.788288618856,187117
2022-07-19,19911.7890625,20041.506776536244,19782.069429136773,19846.929245818385,3299324
2022-07-20,19944.216796875,20106.36536904314,19749.63927800398,19814.49909073661,605896
2022-07-21,19911.7890625,20073.937644540543,19782.069429136773,20073.937644540543,360749
2022-07-22,19976.646484375,20073.93716674522,19814.499825520816,19976.646484375,494989
2022-07-25,19782.068359375,20041.505692744788,19684.77959927719,19976.645879570624,1290427
2022-07-26,19522.6328125,19944.216796946428,19457.772999767138,19652.35051863885,20970169
2022-07-27,19457.7734375,19555.06219912452,19425.344490067466,19490.20238493253,3215690
2022-07-28,19425.345703125,19717.21200622478,19392.91483434034,19457.77465258264,545139
2022-07-29,19457.7734375,19587.49114655706,19295.624861683496,19522.633251691983,642258
2022-08-01,19555.0625,19782.068974174315,19392.91392168867,19782.068974174315,321811
2022-08-02,19652.3515625,19717.211378677977,19457.77403329304,19587.491746322023,831800
2022-08-03,19976.646484375,20203.65487769396,19652.3512473397,19652.3512473397,1445575
2022-08-04,19814.5,20106.36629169992,19749.640184291035,19976.646660281986,167723
2022-08-05,19717.2109375,19846.92864762652,19490.20254561994,19846.92864762652,331053
2022-08-08,19587.4921875,19717.21182277769,19392.91465391048,19717.21182277769,3477351
2022-08-09,19587.4921875,19684.78095429476,19392.91465391048,19555.06323834408,1744811
2022-08-10,19457.7734375,19684.77990818158,19457.7734375,19522.633251691983,1383758
2022-08-11,19457.7734375,19652.35096074904,19425.344490067466,19619.922013316504,630743
2022-08-12,19425.345703125,19457.77465258264,19392.91483434034,19392.91483434034,1536179
2022-08-15,19457.7734375,19587.49114655706,19457.7734375,19555.06219912452,357264
2022-08-16,19457.7734375,19587.49114655706,19392.913623308017,19392.913623308017,1011796
2022-08-17,19457.7734375,19490.20238493253,19425.344490067466,19490.20238493253,274994
2022-08-18,19392.9140625,19490.202826327823,19392.9140625,19457.773878160864,355598
2022-08-19,19263.197265625,19457.77480252427,19230.766396590425,19392.914983782164,619684
2022-08-22,19392.9140625,19717.211221477373,19328.054246839136,19328.054246839136,1026341
2022-08-23,19522.6328125,19555.061759203,19328.053374301417,19392.91318703428,293326
2022-08-24,19457.7734375,19587.49114655706,19392.913623308017,19587.49114655706,1182247
2022-08-25,19392.9140625,19457.773878160864,19328.054246839136,19457.773878160864,13853650
2022-08-26,20236.083984375,20430.66151198825,19425.344925762085,19425.344925762085,22546500
2022-08-29,20073.9375,20203.655213102225,19587.49175738098,20203.655213102225,3507502
2022-08-30,19782.068359375,20106.365505918955,19782.068359375,20106.365505918955,856496
2022-08-31,19684.78125,19879.35878651247,19587.492481743764,19717.212118970103,3143419
2022-09-05,19652.3515625,19976.646804735952,19490.202981718543,19944.217856310446,606956
2022-09-06,19652.3515625,19814.50014328146,19555.06279789652,19619.92261407449,5937148
2022-09-07,19684.78125,19782.07001825624,19457.774763844463,19587.492481743764,9014357
2022-09-08,19879.357421875,19879.357421875,19587.491137141737,19749.639712880296,14147886
2022-09-09,19846.9296875,19944.218455024034,19717.21197057697,19879.358636899004,9724191
2022-09-12,19749.640625,19911.78920822725,19717.211676085342,19911.78920822725,178480
2022-09-13,20041.505859375,20495.520716715208,19652.35081574822,19749.63957665492,2298133
2022-09-14,21435.98046875,21435.98046875,19749.64058105451,19749.64058105451,4046885
2022-09-15,22895.3125,22927.74144689368,21598.127753676723,22052.14260682256,3072814
2022-09-16,22117.00390625,23349.328922274104,21987.28427130409,22992.60280516336,3517047
2022-09-19,22635.876953125,22830.454488495416,22181.86206415169,22311.58170061665,3229023
2022-09-20,22895.3125,23025.03212622845,22668.30603309052,22700.7349799842,3412503
2022-09-21,22376.439453125,22960.17397474421,22181.8619190276,22895.31415693607,1271639
2022-09-22,22733.1640625,22733.1640625,22376.437967233906,22376.437967233906,2438888
2022-09-23,22506.158203125,22960.17307126247,22473.72925516052,22960.17307126247,5461250
2022-09-26,22765.595703125,23284.46847079948,22181.86120041665,22181.86120041665,12003946
2022-09-27,23025.033203125,23284.468629062125,22960.17338697724,22960.17338697724,6418805
2022-09-28,22700.736328125,23187.18015705321,22700.736328125,23187.18015705321,6963339
2022-09-29,23835.771484375,23835.771484375,22506.15777268353,22506.15777268353,21146680
2022-09-30,22181.861328125,23608.765765930635,22181.861328125,23349.32842093625,108271792
2022-10-03,21598.12890625,22441.29884442278,21598.12890625,22181.861497448008,12510799
2022-10-04,21079.25390625,22181.86117538876,21079.25390625,21662.988408299723,2015867
2022-10-05,22538.587890625,22538.587890625,21598.12917552727,21662.98899291136,16571927
2022-10-06,23965.4921875,23965.4921875,22246.72143393864,23025.033479058253,21839848
2022-10-07,24127.638671875,24127.638671875,22311.58108538568,22635.87632895175,55309257
2022-10-10,24127.638671875,24127.638671875,22765.59596183976,22765.59596183976,121749588
2022-10-11,23997.919921875,24127.63762983369,23089.89020818348,24127.63762983369,4131277
2022-10-12,23997.919921875,24127.63762983369,23414.187357070547,23414.187357070547,4004599
2022-10-13,24516.794921875,24516.794921875,23316.898909654366,23997.92024441265,5008682
2022-10-14,23933.060546875,24646.51275204112,23933.060546875,24646.51275204112,148461820
2022-10-17,23997.919921875,23997.919921875,23349.32754342776,23933.06010823221,3261446
2022-10-18,23997.919921875,23997.919921875,23543.90506502924,23997.919921875,4042188
2022-10-19,24030.349609375,24289.786952612183,23414.188078429503,23673.62542166669,2021320
2022-10-20,23997.919921875,23997.919921875,23511.476117871287,23997.919921875,20165807
2022-10-21,23868.203125,23933.06102179162,23414.18825082384,23576.33491212985,69177651
2022-10-24,23673.625,23868.202524130404,22214.291649695075,23673.625,4072793
2022-10-25,25295.10546875,25295.10546875,22700.73587393738,23608.765615987188,10407510
2022-10-26,25878.837890625,25943.697705889488,23997.920521897297,25295.105311225427,27280280
2022-10-27,27240.8828125,27240.8828125,24970.81036439906,25619.402766617462,15023217
2022-10-28,25554.54296875,27500.320176787383,25554.54296875,27240.88283185034,124821039
2022-10-31,23997.919921875,25295.10467876949,23997.919921875,25035.667343525216,527109
2022-11-01,23349.328125,24289.7868092739,23349.328125,23511.476703482243,4451876
2022-11-02,22084.572265625,23349.328105824723,22052.14331768596,23349.328105824723,5257920
2022-11-03,22700.736328125,22700.736328125,21014.396441622543,21241.40292201338,4925481
2022-11-04,21176.54296875,22246.721304831128,21144.114020139168,22246.721304831128,15807852
2022-11-07,19717.2109375,21403.55076577936,19717.2109375,21403.55076577936,1598299
2022-11-08,19457.7734375,19457.7734375,18355.166192870834,18355.166192870834,3711247
2022-11-09,18095.728515625,19392.91325914444,18095.728515625,18095.728515625,19613500
2022-11-10,16830.97265625,16830.97265625,16830.97265625,16830.97265625,5876998
2022-11-11,15663.5068359375,16214.81141439977,15663.5068359375,15663.5068359375,17784174
2022-11-14,14593.330078125,14593.330078125,14593.330078125,14593.330078125,1158762
2022-11-15,13588.0126953125,13588.0126953125,13588.0126953125,13588.0126953125,2596308
2022-11-16,12647.552734375,12647.552734375,12647.552734375,12647.552734375,29498324
2022-11-17,11771.953125,12971.849181484822,11771.953125,11771.953125,144829365
2022-11-18,12582.6943359375,12582.6943359375,11804.383237257874,12582.6943359375,13707138
2022-11-21,11707.09375,13101.567276207652,11707.09375,12874.559846399028,23199668
2022-11-22,12517.833984375,12517.833984375,11026.071668624703,11220.649195085443,32859013
2022-11-23,12615.123046875,12906.99030315357,12193.538076320943,12323.25675025992,14729239
2022-11-24,12290.826171875,12485.404652008558,11934.101037567596,12355.685985140666,7608325
2022-11-25,12388.1162109375,12485.40497367908,12063.819055580949,12290.826488532455,16112239
2022-11-28,12615.123046875,12615.123046875,12323.25675025992,12452.9754241989,14164402
2022-11-29,13490.72265625,13490.72265625,12582.693874166984,12615.122822326875,19692014
2022-11-30,14269.0341796875,14431.182764292254,13815.0192943904,14269.0341796875,13642746
2022-12-01,13620.44140625,14787.908497973916,13620.44140625,14787.908497973916,14694996
2022-12-02,13944.7373046875,14042.026066942251,13263.715009240776,13555.58225566849,6654255
2022-12-05,14236.6044921875,14658.189446767568,14042.026008819928,14139.314770671986,7413482
2022-12-06,13296.1455078125,14333.893950783206,13296.1455078125,14204.17527545393,13176391
2022-12-07,12647.552734375,13296.145133078157,12582.693878370075,13133.997513234104,4346424
2022-12-08,13523.15234375,13523.15234375,12971.848718052135,12971.848718052135,4057339
2022-12-09,14463.611328125,14463.611328125,13782.589977987463,13815.0189263136,5883513
2022-12-12,15468.9296875,15468.9296875,15468.9296875,15468.9296875,2214195
2022-12-13,16539.107421875,16539.107421875,16539.107421875,16539.107421875,3696135
2022-12-14,17641.71484375,17674.145712070185,16668.827180684428,17674.145712070185,13958951
2022-12-15,18160.58984375,18744.322451236912,17057.982527834472,17057.982527834472,8155284
2022-12-16,17771.43359375,18193.0175869838,17576.854151495667,18063.299878141148,12576385
2022-12-19,18095.728515625,18484.883554815457,17706.573476434543,17706.573476434543,7890138
2022-12-20,18484.884765625,19230.76594603955,17901.15216860326,18128.158649891608,9788886
2022-12-21,18679.4609375,19295.624357919984,18322.736767074595,18484.883419330923,126635653
2022-12-22,18160.58984375,19392.914877109164,18063.301075835512,18971.330855922068,194241867
2022-12-23,18063.30078125,18355.16708023356,17447.13731495561,18160.58954757785,26323391
2022-12-26,16993.12109375,17998.439546165766,16928.26128153151,17998.439546165766,9655859
2022-12-27,17576.85546875,17576.85546875,16733.685499766194,16863.40513765727,31277379
2022-12-28,18095.728515625,18257.877088396646,17511.995956839313,17836.29118305574,80770137
2022-12-29,17511.99609375,18160.58847058049,17511.99609375,17836.2913225018,8854814
2022-12-30,18128.158203125,18128.158203125,17187.699513547377,17187.699513547377,14511364
2023-01-03,17771.43359375,18160.588639604863,17739.00272704416,18063.299878141148,10958559
2023-01-04,17609.28515625,17901.15144292924,17576.854289289917,17576.854289289917,11359308
2023-01-05,17901.15234375,17998.441110872172,17576.855173791413,17609.286042383483,10710836
2023-01-06,18225.44921875,18355.16693303789,17771.43433975191,18030.869768327688,20632297
2023-01-09,18679.4609375,19198.335598835445,18484.883419330923,18484.883419330923,29199846
2023-01-10,18225.44921875,19036.188291871527,18225.44921875,19036.188291871527,36317729
2023-01-11,16993.12109375,18484.88333948731,16993.12109375,18225.44792926705,7897108
2023-01-12,16214.8115234375,17317.418768449712,16149.951709222983,17122.841245133077,10260998
2023-01-13,16701.255859375,16798.54462410698,16149.952219451454,16312.10080044708,207757799
2023-01-16,17349.84765625,17544.425178897738,16701.25527431524,16733.684221647563,5418977
2023-01-17,17349.84765625,17511.996231565416,17187.699080934584,17382.276603582322,6832281
2023-01-18,17317.419921875,17511.997458151458,17025.553617460315,17317.419921875,3065845
2023-01-19,17576.85546875,17901.152644150643,17025.553725357593,17025.553725357593,21042137
2023-01-27,17479.56640625,17771.434626936534,17479.56640625,17641.714991225406,10264786
2023-01-30,16863.404296875,17479.56582849212,16733.684665451536,17479.56582849212,11543395
2023-01-31,16863.404296875,17025.552876490852,16668.826769066756,17025.552876490852,4031885
2023-02-01,16668.826171875,17187.698920998417,16571.53741145643,16928.261586773264,3636288
2023-02-02,16409.388671875,16798.54370961787,16376.957805845184,16603.966190746432,3438867
2023-02-03,16409.388671875,16798.54370961787,16409.388671875,16539.10637801367,16324053
2023-02-06,16733.685546875,16798.545366003134,16539.108008817657,16798.545366003134,8745423
2023-02-07,16214.8115234375,16863.403907601925,16214.8115234375,16798.54409338741,12484588
2023-02-08,15858.0859375,16409.389577849222,15858.0859375,16247.240996728398,11462185
2023-02-09,15987.8046875,16020.233636149633,15825.656105597876,15890.514962560632,50407071
2023-02-10,14885.197265625,16052.663397943055,14885.197265625,16052.663397943055,11738695
2023-02-13,13847.44921875,15047.345291380158,13847.44921875,14885.197666257343,38229507
2023-02-14,14333.8935546875,14690.618702406064,13847.448775560764,13944.737539453416,10489933
2023-02-15,13620.44140625,14625.759917587571,13458.29378552714,14625.759917587571,5784273
2023-02-16,14269.0341796875,14333.893997394804,13523.152993698051,13944.7379701415,36404999
2023-02-17,14943.5693359375,15021.40092105531,14554.414289338814,14787.90808502879,2264978
2023-02-20,14904.654296875,15099.231823746984,14748.992083444717,14943.569610316705,6719809
2023-02-21,15721.880859375,15916.459348161789,15138.148272005084,15177.063585897047,9170768
2023-02-22,15332.7255859375,15682.965325376625,15177.06337289084,15682.965325376625,3590329
2023-02-23,15254.89453125,15332.726120317671,14826.824150200062,15215.979216547914,23146488
2023-02-24,14904.654296875,15293.810310282444,14865.738983433295,15177.063410293862,2383536
2023-02-27,14165.259765625,14826.82394506128,14087.42817763418,14787.908630897617,2598935
2023-02-28,14009.59765625,14554.41493769069,13931.766067665048,14243.090502677867,7540120
2023-03-01,14009.59765625,14359.83740572355,13737.188535697906,13970.681382125777,25077761
2023-03-02,14282.005859375,14593.330295308506,14009.597697680803,14243.090544799186,17728166
2023-03-03,14009.59765625,14398.75272018428,13970.681382125777,14398.75272018428,24311489
2023-03-06,14204.1748046875,14476.583917884222,14087.427904794122,14087.427904794122,2356516
2023-03-07,15177.0634765625,15177.0634765625,14320.921778789454,14398.752406012696,7426108
2023-03-08,15877.54296875,16033.205182943531,15177.063484710836,15177.063484710836,6857054
2023-03-09,15877.54296875,16266.698984065571,15877.54296875,15955.374555678503,20356394
2023-03-10,15955.375,16188.86880762432,15644.050562943245,15799.712781471622,36140245
2023-03-13,15644.0498046875,16149.951750468152,15644.0498046875,15721.880430347544,31595302
2023-03-14,15060.31640625,15838.627468023877,15021.401093077173,15721.880568841929,14090489
2023-03-15,15566.21875,15721.880966289904,15332.725905396886,15449.472807530188,6270324
2023-03-16,15605.134765625,15877.542919877582,15177.063437994551,15254.894065020011,7178512
2023-03-17,15215.978515625,15916.45894631246,15215.978515625,15721.880462438276,9890324
2023-03-20,14593.330078125,15293.810528382322,14554.41476412834,15215.978940725516,10116835
2023-03-21,14437.66796875,14865.739304854742,14165.259809104702,14710.07708805879,15023424
2023-03-22,14787.908203125,14943.569455276822,14476.583779494433,14671.161304347672,9954938
2023-03-23,14787.908203125,14787.908203125,14515.49909253239,14748.991930423585,12952255
2023-03-24,14865.7392578125,15021.401474115864,14787.908629492562,14826.823943652533,3564572
2023-03-27,14943.5693359375,14943.5693359375,14748.991812638158,14865.738710483143,2654616
2023-03-28,14787.908203125,15060.31635405415,14748.991930423585,14982.48572797824,5648872
2023-03-29,14710.0771484375,14943.569994758072,14671.161833994653,14748.992462880346,2786431
2023-03-30,14748.9921875,14943.569715744745,14671.161560067492,14865.739088312235,2909409
2023-03-31,14710.0771484375,14748.992462880346,14593.330245445464,14748.992462880346,5675008
2023-04-03,15254.89453125,15293.810805615589,14748.992561132389,14787.908835497976,18798472
2023-04-04,15215.978515625,15371.640726926276,15177.063202715546,15254.893828534454,13232300
2023-04-05,15254.89453125,15527.3036534916,15138.148587143743,15254.89453125,28353488
2023-04-06,15021.4013671875,15449.47269889044,14982.486053304548,15410.556425344002,9695884
2023-04-07,14865.7392578125,15099.2321024358,14865.7392578125,15021.401474115864,16609376
2023-04-10,14865.7392578125,15021.401474115864,14826.823943652533,14904.654571972467,7968142
2023-04-11,14982.486328125,14982.486328125,14787.908795477657,14904.654739267962,16186595
2023-04-12,15215.978515625,15566.218251137,14982.48567850482,15021.400991414272,10386778
2023-04-13,15254.89453125,15410.556749721842,15215.979216547914,15371.641435019756,20750199
2023-04-14,15371.640625,15955.37415342502,15254.893727382305,15332.725312348586,11503043
2023-04-17,15371.640625,15488.387522617692,15293.80999969717,15410.555937651414,15301701
2023-04-18,15177.0634765625,15410.556317895704,15021.40126245254,15371.641004284083,19093794
2023-04-19,15527.3037109375,15682.96592998524,15138.148643149902,15138.148643149902,12511987
2023-04-20,15371.640625,15527.302835269107,15371.640625,15488.387522617692,5768566
2023-04-21,14982.486328125,15488.388296873494,14982.486328125,15371.641393419688,12094192
2023-04-24,14865.7392578125,15099.2321024358,14710.077041509136,14982.486159955895,19543052
2023-04-25,14632.24609375,15021.40114618095,14632.24609375,14865.738933275876,6960966
2023-04-26,14710.0771484375,14748.992462880346,14476.584302116926,14476.584302116926,14376645
2023-04-27,14865.7392578125,14904.654571972467,14671.161727349168,14787.908629492562,1530902
2023-04-28,14710.0771484375,15060.316897750108,14710.0771484375,14982.486268864415,10389177
2023-05-04,14593.330078125,14865.739195428598,14554.41476412834,14748.992293775127,4543087
2023-05-05,14671.1611328125,14787.908030224824,14515.49892281722,14671.1611328125,14626084
2023-05-08,14748.9921875,14826.823774595983,14554.414659255255,14748.9921875,12742386
2023-05-09,14865.7392578125,15099.2321024358,14748.992355669105,14748.992355669105,12633196
2023-05-10,15215.978515625,15215.978515625,14904.654093022453,14982.48567850482,22288677
2023-05-11,15060.31640625,15332.725517786725,15021.401093077173,15293.810204613896,1979125
2023-05-12,15060.31640625,15099.231719422827,14943.569507068052,15060.31640625,11737003
2023-05-15,15099.2314453125,15410.55586437029,15060.316132846136,15215.978342375032,6442037
2023-05-16,15021.4013671875,15138.148268499845,14982.486053304548,15099.231994953409,11838263
2023-05-17,14671.1611328125,15060.316177968978,14671.1611328125,14943.569280556656,15383340
2023-05-18,14787.908203125,14865.738829200913,14671.161304347672,14671.161304347672,4094611
2023-05-19,14826.82421875,14904.65484851401,14710.07731444048,14904.65484851401,24032580
2023-05-22,15254.89453125,15254.89453125,14748.992561132389,14826.824150200062,13319798
2023-05-23,15293.810546875,15605.1349785517,15177.063645080369,15293.810546875,11575011
2023-05-24,15177.0634765625,15449.4725911708,15177.0634765625,15410.556317895704,42211116
2023-05-25,15060.31640625,15254.893931777602,14943.569507068052,15177.063305431948,5852656
2023-05-26,15215.978515625,15371.640726926276,15021.400991414272,15021.400991414272,11936241
2023-05-29,15760.796875,15955.374400938985,15215.978650774689,15410.556176713671,53049602
2023-05-30,15916.458984375,16111.03554938758,15605.134561027951,15877.542711709024,53221178
2023-05-31,15799.7119140625,16033.204749204486,15644.049704080026,15916.458811465218,14822545
2023-06-01,16227.783203125,16422.36073685458,15799.712820852616,15799.712820852616,13486461
2023-06-02,16500.193359375,16889.348428569236,16305.615824777882,16500.193359375,24632694
2023-06-05,16072.12109375,16733.68428957232,15955.374195822082,16694.769936480956,9012817
2023-06-06,16305.615234375,16422.360215444485,15916.459219608034,16111.035787496305,21509577
2023-06-07,16694.76953125,16694.76953125,16188.867598726683,16344.528845967614,18278281
2023-06-08,16188.8681640625,16733.684467758292,16188.8681640625,16733.684467758292,24233839
2023-06-09,16111.0361328125,16305.615583861718,15644.050440544554,16227.783035711234,18032326
2023-06-12,16616.9375,17083.9250947568,16344.52934927648,16461.27624796568,26699444
2023-06-13,16733.685546875,17045.00999163216,16616.938640175184,16889.348728917106,26603865
2023-06-14,16422.359375,16850.430681437283,16383.445023077336,16733.683787015583,12630419
2023-06-15,16149.9521484375,16539.107205654243,16149.9521484375,16383.44595049833,21320427
2023-06-16,16188.8681640625,16500.192588743066,16111.035618397162,16344.52941673932,21912296
2023-06-19,15955.375,16188.86880762432,15955.375,16188.86880762432,7359569
2023-06-20,16149.9521484375,16149.9521484375,15916.45930604015,15994.289933618104,14336658
2023-06-21,16227.783203125,16227.783203125,16072.121943872136,16227.783203125,18558578
2023-06-22,16422.359375,16539.1062694217,16305.614399905153,16422.359375,25187733
2023-06-23,16422.359375,16733.683787015583,16344.528751827818,16578.02254067122,16279333
2023-06-26,16422.359375,16578.02254067122,15877.542133804443,16344.528751827818,20984917
2023-06-27,16149.9521484375,16422.360304623828,16072.121520859542,16344.529677045872,5114287
2023-06-28,16188.8681640625,16344.52941673932,16072.121264891422,16149.951891229832,19046826
2023-06-29,16344.529296875,16850.431243354968,16266.69867110737,16305.614943654644,18982307
2023-06-30,16539.107421875,16539.107421875,16188.868633531938,16500.19306724076,15310035
2023-07-03,16033.205078125,16461.276404274533,15994.289764746898,16383.445777518327,29479588
2023-07-04,15799.7119140625,16033.204749204486,15799.7119140625,15994.289436624733,17581326
2023-07-05,15721.880859375,16033.205289837682,15721.880859375,15955.374662053751,4892448
2023-07-06,15527.3037109375,15838.628149032982,15527.3037109375,15838.628149032982,10043730
2023-07-07,15760.796875,15799.712188255104,15254.893964029792,15449.47244963224,48850625
2023-07-10,15838.6279296875,15877.543243994627,15721.881027102618,15799.71261538037,19900772
2023-07-11,15838.6279296875,15994.290146579511,15799.71261538037,15916.459517965252,18993670
2023-07-12,15838.6279296875,15955.37483227238,15799.71261538037,15916.459517965252,8497424
2023-07-13,15760.796875,15916.45908768388,15721.88060208143,15838.627501510207,10827047
2023-07-14,15799.7119140625,16111.035374363995,15644.049704080026,15838.627226642257,40289439
2023-07-17,16344.529296875,16422.35992264263,15916.45893582612,16033.204874477564,9604093
2023-07-18,16149.9521484375,16539.107205654243,16111.03587498504,16422.360304623828,15591721
2023-07-19,15916.458984375,16266.698720724564,15877.542711709024,16188.868094719532,36991781
2023-07-20,15410.556640625,15955.374881251237,15410.556640625,15877.54329273456,26630254
2023-07-21,15644.0498046875,15721.880430347544,15488.387593703956,15605.134491857478,11024265
2023-07-24,15644.0498046875,15838.627328501068,15605.134491857478,15838.627328501068,14812949
2023-07-25,15799.7119140625,16033.204749204486,15682.965016659782,15682.965016659782,9954590
2023-07-26,15682.9658203125,15877.543352845596,15605.13519116466,15877.543352845596,9286675
2023-07-27,15644.0498046875,15799.712015671044,15527.302906533978,15760.796702841022,13262362
2023-07-28,15916.458984375,15955.374297377515,15605.134561027951,15644.049874030468,24281944
2023-07-31,16383.4462890625,16539.107547435156,15955.374949547197,15994.29026414036,54816410
2023-08-01,16694.76953125,16967.177673585058,16383.445117441275,16500.192012535405,23099393
2023-08-02,17862.236328125,17862.236328125,16578.02419962927,16694.7711057338,24175759
2023-08-03,17511.99609375,18056.812385145324,17511.99609375,17862.23486402887,17581326
2023-08-04,18523.80078125,18601.6314092344,17589.827487456365,17667.658115440758,19032558
2023-08-07,18640.546875,18912.955020802565,18134.644936037013,18523.79997841979,22064818
2023-08-08,18757.294921875,19068.61935873863,18484.884840039944,18562.717388751105,28064315
2023-08-09,18835.125,19185.3657009685,18484.8842990315,18679.46182646057,33026951
2023-08-10,18874.041015625,19379.942963901467,18757.29411689552,18835.124742939533,22230345
2023-08-11,18874.041015625,18990.78599502756,18679.461571524585,18912.955368983545,17515468
2023-08-14,19457.7734375,19535.604062934235,18796.208322991737,18990.78584624078,35601835
2023-08-15,19224.279296875,19574.51998403406,19146.4486728375,19457.77308831437,20271244
2023-08-16,19535.60546875,19769.09928118223,18951.87285699648,19107.5341190666,20002361
2023-08-17,19224.279296875,19535.60371235188,19224.279296875,19535.60371235188,7314620
2023-08-18,17901.15234375,19146.45009837543,17901.15234375,19068.619468543093,37777976
2023-08-21,17901.15234375,18212.47678240636,17511.997275261307,17901.15234375,20692763
2023-08-22,18329.22265625,18601.630805010416,17434.165665185566,18017.898235098,18160859
2023-08-23,18329.22265625,18601.630805010416,18134.645132945858,18601.630805010416,17527248
2023-08-24,18368.13671875,18445.969262301955,18212.475470299847,18445.969262301955,10832476
2023-08-25,18679.4609375,18874.040374995933,18368.136524564103,18368.136524564103,42524620
2023-08-28,19846.9296875,19846.9296875,18757.295107365426,18951.87264241349,45634783
2023-08-29,19457.7734375,20002.591654193457,19418.85716511943,20002.591654193457,12825427
2023-08-30,19691.267578125,19885.84510478308,19418.857505342134,19574.52067826476,16740434
2023-08-31,20236.083984375,20236.083984375,19691.267674788665,19808.01265589505,22882857
2023-09-05,19885.845703125,20547.40892980276,19808.013154658325,20236.08449391705,28448903
2023-09-06,19885.845703125,20041.50696140436,19613.43562214564,20002.592606498016,9513943
2023-09-07,19885.845703125,20158.253864777373,19846.92942889166,19924.76005803134,7191138
2023-09-08,19846.9296875,20508.494842125045,19846.9296875,19924.76031765382,11546224
2023-09-11,19457.7734375,20041.50600724712,19457.7734375,19963.675381812885,11349763
2023-09-12,19769.09765625,19769.09765625,19341.026341752164,19535.60386300993,20757649
2023-09-13,19769.09765625,20236.08332340325,19691.26703161227,19846.92828088773,14043899
2023-09-14,19769.09765625,20119.33642678322,19652.350759629964,19846.92828088773,9159531
2023-09-15,19769.09765625,20002.59144949007,19730.181384267693,19924.758905525458,10557229
2023-09-18,18484.884765625,19846.92941133605,18445.97041075308,19769.09878226522,22431578
2023-09-19,17901.15234375,18679.462480727383,17706.574809505655,18640.548125474725,19798073
2023-09-20,18290.306640625,18290.306640625,17862.23531561569,18134.645387527216,7813726
2023-09-21,17901.15234375,18368.138042071027,17823.321713917667,18290.307412238693,23584105
2023-09-22,18000.775390625,18230.376784601784,17220.129499507824,18230.376784601784,16187602
2023-09-25,16760.92578125,18000.776452808248,16760.92578125,17908.93473820206,11239922
2023-09-26,16072.12109375,16852.767008349176,16072.12109375,16485.40399920522,12571537
2023-09-27,16669.0859375,16669.0859375,15704.75849323744,16255.803021291324,9849029
2023-09-28,16026.2001953125,16852.76696369634,15796.598795037606,16852.76696369634,11120403
2023-09-29,16485.404296875,16577.244091155844,16163.961178238153,16209.881075378576,10969105
2023-10-02,16255.802734375,16531.324033875488,16118.041124961292,16531.324033875488,12844387
2023-10-03,15383.31640625,16163.961385280689,15383.31640625,16026.200732431387,6594624
2023-10-04,15566.9970703125,15750.678581892944,15153.714149088246,15153.714149088246,5117703
2023-10-05,15291.4755859375,15704.75850238695,15245.554728741185,15704.75850238695,13483979
2023-10-06,15658.837890625,15704.758748541077,15153.71421152916,15291.475825613888,16314611
2023-10-09,15888.4404296875,15980.28118683193,15612.918158254217,15658.838056994678,10259481
2023-10-10,16163.9609375,16255.802649739942,15934.359535890511,16072.121144586972,6754054
2023-10-11,16209.880859375,16347.64246828748,16026.20031359746,16118.04106631796,7759533
2023-10-12,16026.2001953125,16347.642347630044,16026.2001953125,16301.722451440446,9337997
2023-10-13,16026.2001953125,16118.04094735515,15888.439547080254,15980.280299122902,3367895
2023-10-16,15842.51953125,16163.961700611471,15796.599632625575,16072.121903362626,9979141
2023-10-17,15796.599609375,16255.803393260858,15796.599609375,15934.360264709008,7518997
2023-10-18,15566.9970703125,16026.20084926361,15475.15631452228,15842.519337683168,11507101
2023-10-19,15704.7587890625,15888.44030187374,15521.07727625126,15612.91803265688,3773997
2023-10-20,16255.802734375,16255.802734375,15658.83735968804,15796.598969101748,22254716
2023-10-23,16301.72265625,16393.56244978304,16163.961046623508,16255.802759483478,9704472
2023-10-24,16806.84765625,16944.607349644513,16163.961409767724,16347.64292028738,34645958
2023-10-25,16623.166015625,17082.368828666586,16623.166015625,16806.847524707024,16423751
2023-10-26,15796.599609375,16347.643190374529,15612.918095820656,16347.643190374529,21043476
2023-10-27,16347.642578125,16347.642578125,15612.917511087944,15980.280524438203,6851250
2023-10-30,15888.4404296875,16301.723357005674,15888.4404296875,16255.803458265213,4066385
2023-10-31,15475.15625,16026.200782443802,15475.15625,15842.5192716292,8248309
2023-11-01,15750.6787109375,15750.6787109375,15245.555029784571,15429.236542869909,6042525
2023-11-02,16163.9609375,16255.802649739942,15796.598886857511,15980.280392010483,4059045
2023-11-03,16347.642578125,16347.642578125,16072.12127777577,16255.802784450902,4703283
2023-11-06,16531.32421875,16715.005726913463,16255.80291616828,16393.562607795666,43633423
2023-11-07,16255.802734375,16531.324033875488,16118.041124961292,16393.56242446178,5122518
2023-11-08,16715.005859375,16715.005859375,15934.359923325628,16118.041432944714,15945675
2023-11-09,16669.0859375,16898.68734435738,16623.166039993917,16898.68734435738,12584484
2023-11-10,16301.72265625,16806.847278662517,16301.72265625,16531.324059409533,13335238
2023-11-13,16347.642578125,16439.48429112603,16072.12127777577,16393.56247496205,8302600
2023-11-14,17449.732421875,17449.732421875,16347.643331064231,16485.404947247334,35693595
2023-11-15,17633.4140625,18092.616893942268,17403.812646778864,17908.935377499954,26138238
2023-11-16,17541.572265625,17771.17368031223,17311.970850937767,17771.17368031223,41226736
2023-11-17,17082.369140625,17863.01508864803,17036.449242347644,17633.413677934255,36202808
2023-11-20,16898.6875,17036.449113114042,16577.244375842893,16669.086091027915,26953481
2023-11-21,17036.44921875,17495.6520395415,16990.52740120926,17036.44921875,12033327
2023-11-22,17541.572265625,17633.413983096107,17036.449537178494,17036.449537178494,23152553
2023-11-23,16898.6875,17954.854749002385,16898.6875,17633.413544172254,28905194
2023-11-24,17174.208984375,17174.208984375,16485.40475034082,17174.208984375,22350695
2023-11-27,16806.84765625,17174.208757962337,16806.84765625,17128.288860164164,32903891
2023-11-28,16669.0859375,16852.767446851296,16393.562713809577,16806.84754934521,31709995
2023-11-29,16623.166015625,16760.9257079413,16577.244198859276,16669.085913063765,14777128
2023-11-30,16715.005859375,17357.890183378317,16623.16606422894,16669.08596180197,16153576
2023-12-01,16806.84765625,16990.527247442682,16531.32443080703,16990.527247442682,5980658
2023-12-04,17174.208984375,17403.812315046725,16760.926060089092,16990.52747143382,25334176
2023-12-05,17036.44921875,17357.890425573252,16990.52740120926,17266.05062914575,11171014
2023-12-06,17357.890625,17403.812443068342,16990.52759641533,17082.369313225005,13288865
2023-12-07,17495.65234375,17771.17365715017,17174.209212010614,17449.73244473781,29008663
2023-12-08,17541.572265625,17771.17368031223,17357.89075000981,17587.49216469704,11949332
2023-12-11,17449.732421875,17679.333835962152,17266.05090673987,17633.413937010126,19145617
2023-12-12,17449.732421875,17587.49211873108,17266.05090673987,17495.652320827026,23815867
2023-12-13,17449.732421875,18046.696866232407,17449.732421875,17725.253734914182,28795561
2023-12-14,16990.52734375,17633.413593876343,16944.60744569154,17633.413593876343,25789140
2023-12-15,16760.92578125,17128.28880102082,16760.92578125,16990.52718877502,17109942
2023-12-18,16439.484375,16852.767287295872,16439.484375,16760.925573826265,20847291
2023-12-19,16806.84765625,16806.84765625,16439.48463521069,16531.32443080703,30101100
2023-12-20,16944.607421875,17036.44913718981,16806.847727893255,16806.847727893255,11411464
2023-12-21,16806.84765625,16944.607349644513,16669.086043528518,16806.84765625,23115210
2023-12-22,16806.84765625,16990.527247442682,16760.92583912486,16806.84765625,32084806
2023-12-25,16760.92578125,17036.449005741597,16760.92578125,16898.6873934958,27031731
2023-12-26,16760.92578125,16898.6873934958,16623.166088331167,16852.767495856187,35881059
2023-12-27,16760.92578125,16944.60729113541,16715.00588361039,16852.767495856187,42576220
2023-12-28,16852.767578125,16898.687475988776,16715.005965206703,16852.767578125,7111541
2023-12-29,16852.767578125,17082.368986770845,16852.767578125,16898.687475988776,21262312
2024-01-02,16944.607421875,17266.050546486367,16898.687523881086,16990.527319868914,10592144
2024-01-03,17266.05078125,17266.05078125,16898.687753649745,16944.607652268023,11972016
2024-01-04,17357.890625,17771.173552326,17266.050827517338,17403.812443068342,24313396
2024-01-05,17357.890625,17725.253653584667,17311.970726258667,17449.73234180967,17064574
2024-01-08,17311.970703125,17587.49201453182,17220.130905765065,17541.572115851854,30899567
2024-01-09,17128.2890625,17403.81229119771,17082.36916415938,17403.81229119771,30380071
2024-01-10,17541.572265625,17633.413983096107,17082.369436250538,17220.131052793684,26757597
2024-01-11,18276.296875,18643.65987702261,17771.1722673872,17771.1722673872,33164799
2024-01-12,18138.53515625,18368.13655125001,17817.09397098073,17908.93376124999,41849733
2024-01-15,17679.333984375,18322.218333081262,17679.333984375,18184.458635068728,16085096
2024-01-16,17908.935546875,17954.85544658811,17541.57251051601,17679.334128982395,15702999
2024-01-17,17725.25390625,18046.69704067536,17679.334006854104,18000.777141279465,26647922
2024-01-18,17817.095703125,18000.777220847547,17725.2539846002,17725.2539846002,10657414
2024-01-19,18230.376953125,18230.376953125,17817.094056280996,17908.933846989945,24164987
2024-01-22,18322.216796875,18551.818193638912,18138.535295598493,18368.13669236241,36515462
2024-01-23,18046.6953125,18459.97820614064,17954.85360317605,18368.136496816693,13787592
2024-01-24,18000.775390625,18230.376784601784,17908.933681438175,18092.61518048497,39306738
2024-01-25,18092.615234375,18092.615234375,17863.013839714335,18092.615234375,22043712
2024-01-26,17908.935546875,18092.61706505449,17817.095747448777,18092.61706505449,26113029
2024-01-29,17633.4140625,17954.855276778773,17633.4140625,17908.935377499954,44802719
2024-01-30,17771.173828125,17863.015546360006,17541.572411528046,17633.414129763052,8339580
2024-01-31,17220.130859375,17817.095298587432,17220.130859375,17771.173480704165,35001198
2024-02-01,17082.369140625,17266.05065306142,17082.369140625,17220.130754784062,46538794
2024-02-02,16944.607421875,17174.208831171556,16944.607421875,17128.288933177642,70758458
2024-02-05,17266.05078125,17357.89057848656,16944.607652268023,16990.527550886305,47256764
2024-02-06,17174.208984375,17403.812315046725,17128.289085971453,17357.890497316184,16154646
2024-02-07,17174.208984375,17266.05070050909,17036.449289164364,17220.130802105545,12516218
2024-02-15,17449.732421875,17679.333835962152,17174.209189508798,17311.970805691897,21458957
2024-02-16,17311.970703125,17587.49201453182,17220.130905765065,17541.572115851854,21686225
2024-02-19,17266.05078125,17403.812396431847,17082.36926744987,17403.812396431847,15182123
2024-02-20,17128.2890625,17403.81229119771,17082.36916415938,17357.890473530097,28909046
2024-02-21,17266.05078125,17403.812396431847,17082.36926744987,17220.130882631718,17111547
2024-02-22,17174.208984375,17357.890497316184,17128.289085971453,17266.05070050909,11315999
2024-02-23,16852.767578125,17541.57180406254,16852.767578125,17174.208782498394,52304596
2024-02-26,16669.0859375,16944.60724186346,16531.32432565479,16852.767446851296,21237895
2024-02-27,16715.005859375,16806.847573848023,16485.404452182884,16715.005859375,28021973
2024-02-28,16806.84765625,16898.68745184634,16669.086043528518,16806.84765625,17600537
2024-02-29,16623.166015625,16944.607217023327,16577.244198859276,16898.68731958456,11831097
2024-03-01,16760.92578125,16760.92578125,16577.24427136459,16715.00588361039,10018089
2024-03-04,16806.84765625,16898.68745184634,16715.005941326686,16806.84765625,13658978
2024-03-05,16806.84765625,16852.76755404817,16669.086043528518,16806.84765625,7255991
2024-03-06,16577.244140625,16898.687260221082,16577.244140625,16715.005751784312,12589513
2024-03-07,16669.0859375,16669.0859375,16485.404428148704,16577.244223160873,24046880
2024-03-08,16255.802734375,16760.92543668038,16255.802734375,16715.005539984788,23317547
2024-03-11,16485.404296875,16806.847415511846,16255.802891845942,16255.802891845942,14691849
2024-03-12,16669.0859375,16715.005835006083,16531.32432565479,16531.32432565479,9882413
2024-03-13,16669.0859375,16760.92573251217,16485.404428148704,16715.005835006083,16342431
2024-03-14,16485.404296875,16715.005701904058,16439.484399734578,16715.005701904058,15806789
2024-03-15,16393.5625,16806.847330145454,16393.5625,16485.4042131413,32955465
2024-03-18,16898.6875,16898.6875,16255.803171012763,16439.48468205583,32788438
2024-03-19,17082.369140625,17449.732165497837,16806.847831633866,16944.607526465938,45444291
2024-03-20,16990.52734375,17174.208855310815,16806.84775151617,17082.369059193898,20514607
2024-03-21,16715.005859375,17128.2887761862,16577.244247328945,17036.44898104014,42620989
2024-03-22,16898.6875,17174.208806901108,16715.005988956935,16806.847704141957,31104760
2024-03-25,16944.607421875,17082.369035183725,16806.847727893255,16990.527319868914,21094622
2024-03-26,17128.2890625,17220.130778508235,16806.847854788663,16806.847854788663,27636067
2024-03-27,17082.369140625,17311.970551338774,16990.527424743294,17128.289038902356,22842552
2024-03-28,16990.52734375,17220.130672696254,16944.60744569154,17220.130672696254,39676723
2024-03-29,16898.6875,17082.369011043065,16852.767602070977,16990.527295858043,28175347
2024-04-01,16715.005859375,16990.52716414015,16669.08596180197,16852.767471421055,21005309
2024-04-02,16715.005859375,16852.767471421055,16577.244247328945,16715.005859375,8663148
2024-04-03,16577.244140625,16760.92564906177,16577.244140625,16715.005751784312,8828035
2024-04-04,16439.484375,16669.085779683603,16439.484375,16577.244066213996,7522314
2024-04-05,16347.642578125,16485.404187963082,16301.72268128795,16393.56247496205,11295134
2024-04-08,16255.802734375,16485.404137179892,16255.802734375,16439.4842404843,7706568
2024-04-09,16485.404296875,16531.324194015422,16255.802891845942,16393.56258326721,7261341
2024-04-10,16485.404296875,16669.085804763632,16439.484399734578,16485.404296875,22163573
2024-04-11,16669.0859375,16760.92573251217,16301.72291879741,16439.48453064262,12076769
2024-04-12,16669.0859375,16760.92573251217,16577.244223160873,16715.005835006083,5080788
2024-04-15,15612.91796875,16760.92597962597,15612.91796875,16531.324569383472,26534897
2024-04-16,15566.9970703125,15796.599439619802,15245.554904878469,15612.917928039356,68626964
2024-04-17,15475.15625,15796.599373757295,15429.236352128091,15796.599373757295,22239629
2024-04-19,15153.7138671875,15475.156026641824,14924.112461814908,15337.395375350963,9954531
2024-04-22,15796.599609375,15842.519507931836,15245.55506871197,15337.39582548914,23563465
2024-04-23,15934.359375,16209.88067028404,15658.837120052514,15750.677871701677,77727100
2024-04-24,16209.880859375,16531.32397372848,15888.439664348438,16026.20031359746,11536954
2024-04-25,16485.404296875,16485.404296875,16118.04128109773,16209.881075378576,18504901
2024-04-26,16485.404296875,16623.16590762321,16255.802891845942,16439.484399734578,22309714
2024-05-02,16301.72265625,16485.40416264301,16209.88094339003,16485.40416264301,3977297
2024-05-03,16163.9609375,16347.64244265297,16163.9609375,16347.64244265297,8457173
2024-05-06,16485.404296875,16485.404296875,16163.961178238153,16163.961178238153,37089270
2024-05-07,16301.72265625,16669.085669036023,16301.72265625,16485.40416264301,18612393
2024-05-08,16531.32421875,16898.687235076926,16347.642710586537,16347.642710586537,14692919
2024-05-09,16347.642578125,16623.16579780116,16301.72268128795,16623.16579780116,9903064
2024-05-10,16209.880859375,16439.48418067144,16118.04106631796,16393.562364816,16667657
2024-05-13,16255.802734375,16347.642527766187,16163.961021656884,16347.642527766187,8206686
2024-05-14,16209.880859375,16347.64246828748,16163.96096284648,16347.64246828748,4512297
2024-05-15,16209.880859375,16393.562364816,16163.96096284648,16209.880859375,20972000
2024-05-16,16347.642578125,16485.404187963082,16209.88096828692,16347.642578125,8465947
2024-05-17,16301.72265625,16439.48426587649,16255.802759483478,16439.48426587649,9587414
2024-05-20,16990.52734375,17174.208855310815,16393.562911009096,16439.48472839454,30590230
2024-05-21,16944.607421875,17357.8903424742,16944.607421875,17036.44913718981,30475954
2024-05-22,16715.005859375,17128.2887761862,16715.005859375,17128.2887761862,16148333
2024-05-23,16990.52734375,16990.52734375,16669.086138013812,16806.84775151617,10337270
2024-05-24,16439.484375,17036.44879490814,16393.562558601727,16944.607081438535,37732019
2024-05-27,17266.05078125,17311.970679868282,16439.484928812926,16531.324726049486,24954112
2024-05-28,17220.130859375,17403.812372927056,17036.449345822944,17357.89055504379,15176345
2024-05-29,18046.6953125,18092.615207498548,17082.36792089622,17220.12952521872,37319888
2024-05-30,18092.615234375,18138.535129441763,17725.252235187192,17817.09394464757,18825451
2024-05-31,18322.216796875,18781.421509729706,18046.69550462368,18184.45711041277,32052599
2024-06-03,18184.45703125,18459.97832230189,18046.69542606062,18459.97832230189,24352986
2024-06-04,17908.935546875,18276.29858323399,17908.935546875,18138.536964767605,44781030
2024-06-05,17908.935546875,18322.2184829471,17908.935546875,17908.935546875,23260890
2024-06-06,17908.935546875,18230.37868352088,17771.173928408614,17954.85544658811,12083296
2024-06-07,18184.45703125,18276.296821825006,17954.85371615875,18092.615321348127,18483822
2024-06-10,17954.85546875,18276.29860579264,17817.095769440628,18138.53698715621,12596147
2024-06-11,17403.8125,18092.616741354224,17357.89068178144,17908.935226461028,16555147
2024-06-12,17633.4140625,17725.25386105764,17266.05102961537,17449.732546057683,44061102
2024-06-13,17541.572265625,17771.17368031223,17495.652366552957,17679.33388216815,5447477
2024-06-14,16990.52734375,17863.015003495617,16990.52734375,17633.413593876343,10719260
2024-06-17,17174.208984375,17357.890497316184,16898.687674626726,17128.289085971453,7704856
2024-06-18,16990.52734375,17541.571878432445,16990.52734375,17311.97046881317,8706911
2024-06-19,17220.130859375,17357.89055504379,16898.68773082715,17082.369244379206,95710537
2024-06-20,17036.44921875,17357.890425573252,16944.607502995506,17220.130730931996,5284623
2024-06-21,17036.44921875,17311.9705273595,16990.52740120926,17036.44921875,6009655
2024-06-24,16715.005859375,17174.208673759233,16577.244247328945,17036.44898104014,29322857
2024-06-25,16806.84765625,16852.76755404817,16623.166145730345,16715.005941326686,114892320
2024-06-26,16760.92578125,16852.767495856187,16623.166088331167,16760.92578125,40698841
2024-06-27,16852.767578125,16944.60737385255,16715.005965206703,16806.847680261224,18751215
2024-06-28,17357.890625,17357.890625,16715.006284640334,16944.607697674,42833287
2024-07-01,16990.52734375,17082.369059193898,16806.84775151617,16990.52734375,11065298
2024-07-02,17357.890625,17357.890625,16898.68779893267,17036.44941448367,23237639
2024-07-03,17633.4140625,17817.095578942313,17403.812646778864,17449.732546057683,15028182
2024-07-04,17495.65234375,17771.17365715017,17495.65234375,17633.413960113598,39156243
2024-07-05,17495.65234375,17817.095475489386,17495.65234375,17817.095475489386,26795154
2024-07-08,17266.05078125,17587.491990904968,17266.05078125,17495.652193668408,16427132
2024-07-09,17357.890625,17495.652240551004,17311.970726258667,17403.812443068342,10910255
2024-07-10,17541.572265625,17817.095498711296,17541.572265625,17541.572265625,24562599
2024-07-11,17587.4921875,17725.253804221764,17495.652389236842,17587.4921875,23522666
2024-07-12,17403.8125,17633.41391378474,17082.369369105152,17082.369369105152,27621268
2024-07-15,17403.8125,17495.65229778309,17311.970782889894,17495.65229778309,12151241
2024-07-16,17220.130859375,17449.73227148332,17220.130859375,17449.73227148332,9281394
2024-07-17,17036.44921875,17495.6520395415,17036.44921875,17357.890425573252,6402773
2024-07-18,17220.130859375,17311.970656487527,16990.527527939677,17082.369244379206,12125561
2024-07-19,17082.369140625,17311.970551338774,17036.449242347644,17220.130754784062,9727798
2024-07-22,16852.767578125,17174.208782498394,16760.925863070475,17082.368986770845,11684614
2024-07-23,16485.404296875,16990.527004073534,16439.484399734578,16990.527004073534,6962276
2024-07-24,16806.84765625,16806.84765625,16393.56281808555,16485.404533008863,4065786
2024-07-25,16806.84765625,16852.76755404817,16669.086043528518,16806.84765625,1405659
2024-07-26,16944.607421875,16990.527319868914,16715.006012578444,16806.847727893255,4786431
2024-07-29,16760.92578125,17036.449005741597,16760.92578125,17036.449005741597,2239189
2024-07-30,16760.92578125,16898.6873934958,16715.00588361039,16760.92578125,6163842
2024-07-31,16715.005859375,16898.687368994088,16715.005859375,16898.687368994088,4567937
2024-08-01,16531.32421875,16806.84744065867,16393.562607795666,16760.925624122592,5399648
2024-08-02,16577.244140625,16577.244140625,16301.72283763332,16485.40434607009,2929446
2024-08-05,16623.166015625,17266.05033774861,16301.722894899716,16531.324301420507,27484555
2024-08-06,16898.6875,16898.6875,16393.56286479983,16577.244375842893,3303231
2024-08-07,16898.6875,16898.6875,16623.166193098892,16898.6875,55531395
2024-08-08,16852.767578125,17036.449088907073,16669.086067342927,16806.847680261224,57947840
2024-08-09,16852.767578125,16944.60737385255,16806.847680261224,16806.847680261224,13859496
2024-08-12,17311.970703125,17403.812419811948,16852.767877671296,16898.687776351264,5637830
2024-08-13,17220.130859375,17357.89055504379,17036.449345822944,17266.050757931265,12158731
2024-08-14,16944.607421875,17266.050546486367,16898.687523881086,17266.050546486367,3434914
2024-08-15,16806.84765625,16990.527247442682,16669.086043528518,16944.607349644513,1760899
2024-08-16,17036.44921875,17128.289015177503,16806.84780835425,16852.767706568004,13091664
2024-08-19,17541.572265625,17725.25378124019,16944.607819707388,17082.369436250538,23075513
2024-08-20,17495.65234375,17633.413960113598,17357.890727386402,17633.413960113598,5505792
2024-08-21,17587.4921875,17633.414005958606,17403.812590973685,17495.652389236842,8642711
2024-08-22,17311.970703125,17679.33373121877,17311.970703125,17679.33373121877,9453985
2024-08-23,17311.970703125,17357.89060180497,17174.209087758085,17311.970703125,12126952
2024-08-26,17266.05078125,17587.491990904968,17220.130882631718,17449.73229505013,6158385
2024-08-27,17220.130859375,17403.812372927056,17174.209041491733,17357.89055504379,3181217
2024-08-28,17174.208984375,17266.05070050909,17128.289085971453,17220.130802105545,6185028
2024-08-29,16760.92578125,17449.731923152023,16715.00588361039,17220.130515627003,16068832
2024-08-30,17036.44921875,17220.130730931996,16898.687604781757,16898.687604781757,25339526
2024-09-04,17082.369140625,17082.369140625,16898.68762818858,16990.527424743294,5809779
2024-09-05,17082.369140625,17128.289038902356,16944.607526465938,17128.289038902356,7415849
2024-09-06,16944.607421875,17220.13064849245,16715.006012578444,16990.527319868914,9516473
2024-09-09,16806.84765625,16944.607349644513,16760.92583912486,16944.607349644513,15185547
2024-09-10,16806.84765625,16898.68745184634,16760.92583912486,16852.76755404817,5313513
2024-09-11,16852.767578125,16944.60737385255,16715.005965206703,16715.005965206703,14989844
2024-09-12,16852.767578125,16944.60737385255,16806.847680261224,16852.767578125,26069266
2024-09-13,16852.767578125,16898.687475988776,16806.847680261224,16852.767578125,17116683
2024-09-16,16852.767578125,16990.527271716324,16806.847680261224,16898.687475988776,12569183
2024-09-17,17082.369140625,17128.289038902356,16852.767729911222,16852.767729911222,43122926
2024-09-18,17036.44921875,17174.208913391256,17036.44921875,17082.369116963753,7721120
2024-09-19,17150.0,17500.0,17050.0,17500.0,21546000
2024-09-20,17200.0,17350.0,17100.0,17300.0,6564600
2024-09-23,17200.0,17350.0,16950.0,17150.0,10087800
2024-09-24,17300.0,17300.0,17050.0,17100.0,3036600
2024-09-25,17450.0,17450.0,17300.0,17350.0,6637900
2024-09-26,17900.0,17950.0,17500.0,17550.0,13059200
2024-09-27,18550.0,19000.0,18000.0,18050.0,35004700
2024-09-30,18800.0,18900.0,18550.0,18550.0,20872900
2024-10-01,18900.0,19200.0,18750.0,18850.0,12446500
2024-10-02,19200.0,19200.0,18700.0,18850.0,25320000
2024-10-03,19300.0,19750.0,19300.0,19400.0,20638300
2024-10-04,18650.0,19350.0,18650.0,19300.0,14322000
2024-10-07,18850.0,19100.0,18800.0,18800.0,12050100
2024-10-08,18850.0,19050.0,18800.0,18900.0,11297800
2024-10-09,19200.0,19250.0,18850.0,18900.0,9376500
2024-10-10,18850.0,19400.0,18850.0,19400.0,29469600
2024-10-11,19100.0,19100.0,18850.0,18900.0,13254100
2024-10-14,18250.0,19150.0,17850.0,19100.0,99711800
2024-10-15,18200.0,18500.0,18200.0,18250.0,30029600
2024-10-16,18450.0,18900.0,18200.0,18250.0,12486700
2024-10-17,18800.0,18850.0,18550.0,18600.0,19868900
2024-10-18,19450.0,19850.0,18800.0,18900.0,41698900
2024-10-21,20800.0,20800.0,19350.0,19350.0,37074100
2024-10-22,21600.0,22000.0,20800.0,20800.0,29762000
2024-10-23,21600.0,21800.0,21050.0,21350.0,6990300
2024-10-24,21400.0,22100.0,21250.0,21300.0,21987900
2024-10-25,20850.0,21600.0,20850.0,21350.0,14991100
2024-10-28,19850.0,21000.0,19800.0,20850.0,10153600
2024-10-29,19950.0,20150.0,19550.0,20000.0,13008500
2024-10-31,19950.0,20200.0,19800.0,20200.0,11126500
2024-11-01,19650.0,19950.0,19650.0,19800.0,3199200
2024-11-04,18700.0,19700.0,18650.0,19650.0,23550700
2024-11-06,19450.0,19550.0,19000.0,19550.0,13676400
2024-11-07,19200.0,19550.0,19150.0,19550.0,2628200
2024-11-08,19000.0,19300.0,18750.0,19300.0,8236400
2024-11-11,18700.0,19000.0,18450.0,18900.0,23833200
2024-11-12,18550.0,18950.0,18500.0,18550.0,9921900
2024-11-13,18650.0,18700.0,18150.0,18500.0,8106187
2024-11-14,18550.0,18650.0,18250.0,18650.0,9301600
2024-11-15,18000.0,18500.0,18000.0,18400.0,7367097
2024-11-18,18050.0,18150.0,17450.0,17950.0,8688500
2024-11-19,17900.0,18000.0,17600.0,18000.0,11484100
2024-11-20,18100.0,18100.0,17600.0,17850.0,16561500
2024-11-21,18050.0,18050.0,17800.0,17800.0,1609200
2024-11-22,18000.0,18050.0,17850.0,18050.0,5061300
2024-11-25,18250.0,18350.0,17850.0,18000.0,2358200
2024-11-26,18300.0,18350.0,18150.0,18250.0,3037000
2024-11-27,18700.0,18750.0,18200.0,18300.0,9050310
2024-11-28,18800.0,19200.0,18450.0,18750.0,5309400
2024-11-29,18500.0,18800.0,18500.0,18800.0,8334800
2024-12-02,18500.0,18600.0,18350.0,18500.0,15680100
2024-12-03,18500.0,18500.0,18350.0,18500.0,53923810
2024-12-04,18400.0,18450.0,18350.0,18400.0,9059218
2024-12-05,18700.0,18700.0,18000.0,18300.0,18787050
2024-12-06,18600.0,18700.0,18550.0,18700.0,38281610
2024-12-09,18950.0,19000.0,18600.0,18650.0,45765480
2024-12-10,19000.0,19200.0,19000.0,19000.0,47005230
2024-12-11,19250.0,19350.0,19000.0,19000.0,19825380
2024-12-12,19750.0,20100.0,19250.0,19300.0,25980090
2024-12-13,19700.0,20000.0,19700.0,20000.0,10660500
2024-12-16,19400.0,19800.0,19250.0,19800.0,49061460
2024-12-17,19550.0,19600.0,19300.0,19300.0,42040720
2024-12-18,19550.0,19650.0,19500.0,19550.0,8497200
2024-12-19,19150.0,19350.0,19100.0,19300.0,20195000
2024-12-20,19000.0,19200.0,18950.0,19200.0,34575180
2024-12-23,19500.0,19650.0,19100.0,19100.0,16621310
2024-12-24,19600.0,19750.0,19450.0,19500.0,16362400
2024-12-25,19500.0,19800.0,19350.0,19600.0,15181880
2024-12-26,19250.0,19550.0,19200.0,19550.0,20154400
2024-12-27,19450.0,19700.0,19250.0,19250.0,6129300
2024-12-30,19300.0,19700.0,19150.0,19500.0,4108900
2024-12-31,19300.0,19300.0,18900.0,19300.0,10988000
2025-01-02,18750.0,19250.0,18650.0,19250.0,10158840
2025-01-03,18250.0,18850.0,18250.0,18850.0,5154900
2025-01-06,18250.0,18450.0,17900.0,18400.0,5321300
2025-01-07,18200.0,18350.0,18050.0,18100.0,7709600
2025-01-08,18350.0,18400.0,18100.0,18200.0,1333100
2025-01-09,18400.0,18450.0,18250.0,18400.0,3915500
2025-01-10,18100.0,18400.0,18100.0,18400.0,2686600
2025-01-13,18300.0,18300.0,17900.0,17950.0,6550800
2025-01-14,18250.0,18400.0,18100.0,18300.0,7490000
2025-01-15,18250.0,18350.0,18100.0,18250.0,18145500
2025-01-16,18300.0,18400.0,18200.0,18350.0,3089800
2025-01-17,18300.0,18350.0,18150.0,18350.0,4892583
2025-01-20,18400.0,18650.0,18300.0,18400.0,7185600
2025-01-21,18150.0,18500.0,18100.0,18500.0,16017030
2025-01-22,17900.0,18250.0,17750.0,18150.0,17721200
2025-01-23,18350.0,18350.0,17900.0,18000.0,5946700
2025-01-24,18550.0,18550.0,18000.0,18300.0,14847800
2025-02-03,18200.0,18500.0,18200.0,18500.0,4287700
2025-02-04,18600.0,18750.0,18250.0,18250.0,15189100
2025-02-05,18500.0,18650.0,18450.0,18650.0,2934500
2025-02-06,18600.0,18900.0,18550.0,18550.0,2831800
2025-02-07,18650.0,18850.0,18450.0,18600.0,4603100
2025-02-10,18750.0,19150.0,18450.0,18600.0,5916200
2025-02-11,18950.0,18950.0,18750.0,18750.0,3229800
2025-02-12,19200.0,19400.0,19000.0,19100.0,5971800
2025-02-13,19150.0,19200.0,19050.0,19200.0,2446300
2025-02-14,19100.0,19300.0,19050.0,19150.0,8095300
2025-02-17,19400.0,19700.0,18950.0,19100.0,19375600
2025-02-18,19450.0,19650.0,19400.0,19550.0,18347540
2025-02-19,20450.0,20450.0,19500.0,19550.0,24144500
2025-02-20,20450.0,20700.0,20150.0,20600.0,15502400
2025-02-21,20200.0,20450.0,20100.0,20350.0,9611500
2025-02-24,20500.0,20700.0,20100.0,20100.0,7252000
2025-02-25,20700.0,20800.0,20550.0,20700.0,7545900
2025-02-26,20800.0,21100.0,20600.0,20750.0,8594600
2025-02-27,20800.0,20850.0,20500.0,20800.0,14592900
2025-02-28,21300.0,21300.0,20600.0,20700.0,29855620
2025-03-03,21650.0,22000.0,21200.0,21500.0,48776700
2025-03-04,22250.0,22350.0,21050.0,21650.0,14068790
2025-03-05,22000.0,22550.0,22000.0,22400.0,17283000
2025-03-06,22200.0,22350.0,20500.0,22000.0,52052400
2025-03-07,21650.0,22200.0,21500.0,22200.0,9353300
2025-03-10,21050.0,21700.0,21000.0,21550.0,12449700
2025-03-11,21300.0,21400.0,20700.0,20900.0,22982500
2025-03-12,20950.0,21350.0,20950.0,21300.0,30781600
2025-03-13,20350.0,21050.0,20300.0,21000.0,20567400
2025-03-14,20150.0,20550.0,20150.0,20350.0,6661100
2025-03-17,20350.0,20550.0,20150.0,20150.0,43280800
2025-03-18,20300.0,20600.0,20200.0,20450.0,28793000
2025-03-19,19900.0,20300.0,19900.0,20200.0,28946180
2025-03-20,19950.0,20000.0,19750.0,20000.0,13705200
2025-03-21,20000.0,20300.0,19900.0,19900.0,8057800
2025-03-24,20100.0,20200.0,19900.0,20150.0,5833400
2025-03-25,19900.0,20350.0,19800.0,20200.0,17149830
2025-03-26,19500.0,20000.0,19300.0,19900.0,10635700
2025-03-27,19450.0,19800.0,19350.0,19600.0,5553600
2025-03-28,19500.0,19650.0,19250.0,19400.0,8499700
2025-03-31,19500.0,19500.0,19000.0,19250.0,13224500
2025-04-01,19550.0,19650.0,19350.0,19500.0,11998580
2025-04-02,19800.0,20100.0,19700.0,19700.0,27826600
2025-04-03,18450.0,19400.0,18450.0,19100.0,14513700
2025-04-04,18000.0,18100.0,17250.0,17650.0,27198400
2025-04-08,16750.0,17500.0,16750.0,17300.0,9067700
2025-04-09,15600.0,16450.0,15600.0,15600.0,39803300
2025-04-10,16650.0,16650.0,16650.0,16650.0,13650700
2025-04-11,17800.0,17800.0,16900.0,17450.0,11731200
2025-04-14,18350.0,18400.0,17650.0,17800.0,8023900
2025-04-15,18250.0,18450.0,17800.0,18150.0,9424300
2025-04-16,18100.0,18350.0,17950.0,18100.0,9327324
2025-04-17,18100.0,18100.0,17800.0,17800.0,9039000
2025-04-18,18950.0,19350.0,18150.0,18200.0,21346500
2025-04-21,18800.0,19250.0,18650.0,19000.0,12590800
2025-04-22,18400.0,19250.0,17500.0,18700.0,23849100
2025-04-23,18850.0,18950.0,18600.0,18950.0,12968100
2025-04-24,18950.0,19100.0,18450.0,18900.0,7551600
2025-04-25,19050.0,19050.0,18750.0,19000.0,5600100
2025-04-28,19350.0,19400.0,18900.0,19100.0,8705200
2025-04-29,18950.0,19350.0,18950.0,19350.0,11213320
2025-05-05,19250.0,19550.0,18850.0,19100.0,7110999
2025-05-06,19000.0,19400.0,18850.0,19250.0,15362730
2025-05-07,19000.0,19150.0,18900.0,18950.0,6538017
2025-05-08,19250.0,19300.0,18950.0,19100.0,7523350
2025-05-09,19100.0,19400.0,19100.0,19350.0,5321946
2025-05-12,19250.0,19350.0,19000.0,19150.0,12706800
2025-05-13,19700.0,19850.0,19300.0,19450.0,13253750
2025-05-14,19900.0,19900.0,19500.0,19700.0,12021640
2025-05-15,19850.0,20150.0,19600.0,19900.0,10475030
2025-05-16,19450.0,19900.0,19450.0,19900.0,7633791
2025-05-19,19350.0,19750.0,19250.0,19350.0,14830860
2025-05-20,19900.0,20150.0,19300.0,19450.0,13050280
2025-05-21,20250.0,20500.0,20000.0,20100.0,14044240
2025-05-22,21100.0,21650.0,20150.0,20250.0,39437030
2025-05-23,21400.0,21900.0,21300.0,21400.0,21802780
2025-05-26,21900.0,22200.0,21300.0,21600.0,15319520
2025-05-27,22050.0,22300.0,21700.0,22050.0,29331760
2025-05-28,21750.0,22300.0,21750.0,22250.0,14893580
2025-05-29,22900.0,23250.0,21800.0,21800.0,23011590
2025-05-30,22700.0,23450.0,22550.0,23200.0,24466190
2025-06-02,23300.0,23400.0,22450.0,22500.0,26057280
2025-06-03,23150.0,23450.0,23100.0,23450.0,14951830
2025-06-04,24650.0,24750.0,23050.0,23250.0,56854360
2025-06-05,24300.0,24750.0,24150.0,24650.0,17766050
2025-06-06,24100.0,24950.0,23900.0,24200.0,16076920
2025-06-09,23100.0,24350.0,23100.0,24150.0,16840360
2025-06-10,22900.0,23700.0,21600.0,23000.0,32202550
2025-06-11,22700.0,23000.0,22400.0,23000.0,11576020
2025-06-12,23100.0,23100.0,22650.0,22700.0,12981220
2025-06-13,22650.0,23100.0,22450.0,22950.0,15570560
2025-06-16,23300.0,23300.0,22600.0,22800.0,32001410
2025-06-17,23450.0,23800.0,23250.0,23500.0,12473590
2025-06-18,23050.0,23750.0,23000.0,23550.0,10474080
2025-06-19,23150.0,23300.0,22700.0,23050.0,13407910
2025-06-20,23500.0,23600.0,23100.0,23400.0,11779800
2025-06-23,22900.0,23350.0,22900.0,23300.0,12387900
2025-06-24,23350.0,23450.0,22950.0,23050.0,22023970
2025-06-25,23350.0,24400.0,23350.0,23400.0,13116640
2025-06-26,23250.0,23400.0,22900.0,23400.0,30722820
2025-06-27,22950.0,23400.0,22900.0,23400.0,12505930
2025-06-30,22850.0,23050.0,22850.0,23000.0,10773540
2025-07-01,22550.0,23050.0,22500.0,22750.0,10515700
2025-07-02,22650.0,22700.0,22400.0,22550.0,11634770
2025-07-03,23200.0,23700.0,22550.0,22650.0,24415950
2025-07-04,23400.0,23600.0,23150.0,23450.0,11654380
2025-07-07,23650.0,24050.0,23350.0,23550.0,24657090
2025-07-08,23750.0,23750.0,23050.0,23650.0,27152350
2025-07-09,23750.0,24200.0,23700.0,24050.0,18050370
2025-07-10,23700.0,24000.0,23700.0,23750.0,13488280
2025-07-11,24500.0,24900.0,23500.0,23800.0,33506480
2025-07-14,25300.0,25600.0,24800.0,25000.0,25228070
2025-07-15,24600.0,25450.0,24600.0,25450.0,24569880
2025-07-16,24700.0,25050.0,24250.0,24500.0,20400790
2025-07-17,24550.0,25000.0,24550.0,25000.0,19667960
2025-07-18,25150.0,25700.0,24550.0,24700.0,26437180
2025-07-21,25400.0,25950.0,25100.0,25500.0,27390120
2025-07-22,27150.0,27150.0,25000.0,25300.0,26896230
2025-07-23,26950.0,28000.0,26750.0,28000.0,15954430
2025-07-24,27050.0,27850.0,26600.0,27100.0,16220490
2025-07-25,27700.0,28200.0,27000.0,27300.0,23013000
2025-07-28,29350.0,29600.0,27900.0,28100.0,24027810
2025-07-29,27300.0,29350.0,27300.0,28900.0,43888400
2025-07-30,26600.0,27450.0,25750.0,27100.0,29814780
2025-07-31,27000.0,27000.0,25350.0,26700.0,24342850
2025-08-01,26200.0,27200.0,26000.0,27200.0,12634530
2025-08-04,27050.0,27200.0,25750.0,26050.0,15742200
2025-08-05,26850.0,28000.0,25300.0,27350.0,29026040
2025-08-06,27400.0,27400.0,26800.0,27000.0,12265310
2025-08-07,27100.0,27900.0,26950.0,27600.0,16058620
2025-08-08,26700.0,27400.0,26400.0,27200.0,18375750
2025-08-11,27900.0,28450.0,26700.0,26800.0,29505180
2025-08-12,27600.0,28150.0,27300.0,28000.0,11567810
2025-08-13,27700.0,28000.0,26800.0,27800.0,46535040
2025-08-14,28300.0,28900.0,27500.0,27900.0,29422830
2025-08-15,29700.0,30250.0,28250.0,28750.0,35211380
2025-08-18,30500.0,31500.0,30000.0,30500.0,37470970
2025-08-19,31100.0,31650.0,30450.0,31100.0,42331280
2025-08-20,30200.0,31150.0,29150.0,31100.0,52809480
2025-08-21,31100.0,31500.0,30500.0,30700.0,27361650
2025-08-22,28950.0,30900.0,28950.0,30000.0,30809300
2025-08-25,26950.0,29200.0,26950.0,29050.0,25292700
2025-08-26,28600.0,28600.0,26550.0,26700.0,21908130
2025-08-27,28300.0,28900.0,27950.0,28900.0,29383820
2025-08-28,29250.0,29250.0,27850.0,28100.0,17225430
2025-08-29,29700.0,30150.0,29300.0,29500.0,20790370
2025-09-03,30200.0,30550.0,29450.0,29700.0,25120660
2025-09-04,29800.0,30400.0,29300.0,30400.0,24543250
2025-09-05,28750.0,30050.0,28750.0,29700.0,18075070
2025-09-08,26750.0,28600.0,26750.0,28400.0,38040340
2025-09-09,27200.0,27250.0,26400.0,26750.0,11194100
2025-09-10,26900.0,27650.0,26850.0,27450.0,18604960
2025-09-11,27000.0,27000.0,25950.0,27000.0,10674870
2025-09-12,27200.0,27550.0,27000.0,27100.0,22125450
2025-09-15,27500.0,27500.0,26850.0,27450.0,21427990
2025-09-16,27500.0,27800.0,27350.0,27600.0,10608860
2025-09-17,26800.0,27500.0,26800.0,27350.0,10176380
2025-09-18,26650.0,26900.0,26350.0,26850.0,7277114
2025-09-19,26100.0,26700.0,26100.0,26700.0,7091195
2025-09-22,25000.0,26400.0,25000.0,26100.0,11637660
2025-09-23,25200.0,25800.0,24950.0,24950.0,29055300
2025-09-24,26000.0,26000.0,25000.0,25500.0,8143940
2025-09-25,26200.0,26500.0,25950.0,26150.0,5209271
2025-09-26,25700.0,26400.0,25700.0,26300.0,6251003
2025-09-29,25650.0,25950.0,25400.0,25600.0,20424300
2025-09-30,26000.0,26250.0,25350.0,25700.0,32298220
2025-10-01,26300.0,26550.0,26050.0,26050.0,7771550
2025-10-02,25650.0,26450.0,25550.0,26300.0,7878267
2025-10-03,25200.0,25750.0,25200.0,25750.0,11038030
2025-10-06,26300.0,26400.0,25400.0,25500.0,9254701
2025-10-07,25650.0,26650.0,25650.0,26650.0,5535487
2025-10-08,26000.0,26200.0,25650.0,26200.0,6530869
2025-10-09,26750.0,26850.0,26200.0,26250.0,11774310
2025-10-10,26800.0,27100.0,26600.0,26900.0,8755297
2025-10-13,26500.0,26650.0,26250.0,26450.0,9933701
2025-10-14,26500.0,27400.0,26500.0,26500.0,17847560
2025-10-15,26750.0,27350.0,26700.0,26700.0,11115810
2025-10-16,26600.0,27050.0,26500.0,26800.0,8871456
2025-10-17,25800.0,26750.0,25800.0,26700.0,13146650
2025-10-20,24000.0,26350.0,24000.0,25800.0,12586060
2025-10-21,23800.0,24450.0,22350.0,24000.0,13648420
2025-10-22,23400.0,23900.0,22700.0,23900.0,8252410
2025-10-23,23100.0,23750.0,23100.0,23550.0,4232111
2025-10-24,22600.0,23000.0,22000.0,22800.0,13251930
2025-10-27,22450.0,23000.0,22000.0,22850.0,6638780
2025-10-28,22850.0,22900.0,22250.0,22450.0,14455470
2025-10-29,23200.0,23500.0,22950.0,23150.0,8716173
2025-10-30,22650.0,23400.0,22650.0,23400.0,9445329
2025-10-31,22150.0,23000.0,22050.0,22500.0,9936067
2025-11-03,21500.0,22400.0,21500.0,22150.0,6562111
2025-11-04,22500.0,22850.0,21150.0,21500.0,20465890
2025-11-05,22300.0,22800.0,22250.0,22500.0,2487932
2025-11-06,21750.0,22450.0,21650.0,22450.0,5397816
2025-11-07,21450.0,21950.0,21400.0,21750.0,6610007
2025-11-10,20800.0,21550.0,20650.0,21500.0,15686960
2025-11-11,20900.0,21200.0,20200.0,21200.0,6210438
2025-11-12,21600.0,21600.0,20850.0,21000.0,7577380
2025-11-13,21350.0,21700.0,21350.0,21700.0,8305464
2025-11-14,21350.0,21650.0,21050.0,21300.0,6217678
2025-11-17,22150.0,22200.0,21300.0,21400.0,15589570
2025-11-18,22500.0,22750.0,22150.0,22250.0,11606390
2025-11-19,22500.0,22600.0,22300.0,22600.0,27394730
2025-11-20,22450.0,22500.0,22050.0,22450.0,7201749
2025-11-21,22300.0,22400.0,21750.0,22200.0,5507674
2025-11-24,22150.0,22450.0,22000.0,22400.0,9633095
2025-11-25,21050.0,22200.0,21050.0,22100.0,19144420
2025-11-26,22200.0,22300.0,21200.0,21200.0,10755270
2025-11-27,22250.0,22750.0,22200.0,22200.0,5817282
2025-11-28,22000.0,22250.0,21850.0,22250.0,4266504
2025-12-01,21750.0,22200.0,21700.0,22000.0,18935170
2025-12-02,22250.0,22400.0,21650.0,21700.0,4986033
2025-12-03,22550.0,22700.0,22200.0,22400.0,13735290
2025-12-04,22500.0,22850.0,22500.0,22600.0,46470830
2025-12-05,22750.0,23450.0,22500.0,22500.0,13581750
2025-12-08,22300.0,22900.0,22300.0,22750.0,19755760
2025-12-09,22550.0,22750.0,21850.0,22250.0,8572790
2025-12-10,22450.0,23000.0,22450.0,22600.0,23776810
2025-12-11,22250.0,22550.0,22150.0,22500.0,4222720
2025-12-12,20700.0,22250.0,20700.0,22150.0,8870600
2025-12-15,20150.0,20850.0,20100.0,20500.0,6875716
2025-12-16,21550.0,21550.0,19800.0,20600.0,11693870
2025-12-17,21650.0,21850.0,21250.0,21600.0,6413248
2025-12-18,21450.0,21700.0,21300.0,21600.0,6874753
2025-12-19,21500.0,21600.0,21250.0,21500.0,6326700
2025-12-22,22500.0,22600.0,21250.0,21550.0,14532080
2025-12-23,22450.0,22750.0,22250.0,22750.0,18036670
2025-12-24,22400.0,22800.0,22250.0,22450.0,5131386
2025-12-25,22000.0,22650.0,22000.0,22400.0,5320610
2025-12-26,21550.0,21950.0,21000.0,21950.0,36728180
2025-12-29,21300.0,21750.0,21300.0,21550.0,4809008
2025-12-30,21650.0,21650.0,21300.0,21350.0,6271728
2025-12-31,21300.0,21750.0,21300.0,21650.0,19941000
2026-01-05,20950.0,21500.0,20500.0,21500.0,7291681
2026-01-06,21200.0,21500.0,20600.0,20950.0,41989010
2026-01-07,21750.0,22000.0,21400.0,21500.0,10081530
2026-01-08,21850.0,22200.0,21450.0,21700.0,9957366
2026-01-09,21300.0,22050.0,21300.0,21950.0,7248646
2026-01-12,22000.0,22150.0,20950.0,21300.0,12021960
2026-01-13,23500.0,23500.0,21900.0,22300.0,34957430
2026-01-14,23050.0,24200.0,22950.0,23500.0,18092090
2026-01-15,23100.0,23350.0,22400.0,22950.0,21296010
2026-01-16,23000.0,23450.0,22700.0,23450.0,10243500
2026-01-19,23100.0,23400.0,22700.0,23000.0,7028099
2026-01-20,22900.0,23400.0,22850.0,23200.0,8768180
2026-01-21,22200.0,22900.0,22150.0,22550.0,10984270
2026-01-22,22400.0,22950.0,22250.0,22250.0,7858687
2026-01-23,22550.0,22950.0,22400.0,22500.0,6877522
2026-01-26,21600.0,22900.0,21300.0,22600.0,9675007
2026-01-27,21000.0,21800.0,21000.0,21700.0,6854853
2026-01-28,20850.0,21350.0,20700.0,21050.0,7982228
2026-01-29,20950.0,21300.0,20850.0,21300.0,3709092
2026-01-30,20850.0,21200.0,20700.0,21200.0,12474450
2026-02-02,20650.0,20800.0,20400.0,20750.0,9490825
2026-02-03,21500.0,21600.0,20750.0,20750.0,12807460
2026-02-04,21450.0,21650.0,21300.0,21600.0,7788631
2026-02-05,21000.0,21600.0,21000.0,21600.0,7506359
2026-02-06,20600.0,20950.0,20500.0,20900.0,10222450
2026-02-09,20500.0,21100.0,20500.0,21000.0,9954638
2026-02-10,20000.0,21450.0,20000.0,21000.0,63835680
2026-02-11,21400.0,21400.0,20500.0,21000.0,236947400
2026-02-12,22350.0,22700.0,21900.0,22500.0,32801410
2026-02-13,23100.0,23200.0,22300.0,22300.0,15538740
2026-02-23,23400.0,23850.0,22550.0,23100.0,13651540
2026-02-24,24200.0,24350.0,23300.0,23400.0,18068510
2026-02-25,23600.0,24550.0,23600.0,24350.0,22040350
2026-02-26,23900.0,24050.0,23300.0,23600.0,12856740
2026-02-27,23400.0,24000.0,23400.0,23900.0,17575120
2026-03-02,22700.0,23350.0,22700.0,22700.0,37808620
2026-03-03,22800.0,23250.0,22500.0,22800.0,26396310
2026-03-04,22500.0,23250.0,21850.0,22800.0,20554160
2026-03-05,22350.0,23300.0,22350.0,22600.0,16040250
2026-03-06,22050.0,22550.0,22000.0,22350.0,8941037
2026-03-09,20550.0,20950.0,20550.0,20600.0,20804250
2026-03-10,21050.0,21500.0,20600.0,21000.0,11491400
2026-03-11,22450.0,22500.0,21100.0,21200.0,12065000
2026-03-12,22550.0,23300.0,22050.0,22100.0,13770900
2026-03-13,22500.0,22900.0,22300.0,22300.0,6432959
2026-03-16,22350.0,22850.0,22000.0,22550.0,7690289
2026-03-17,23000.0,23250.0,22500.0,22800.0,7825666
2026-03-18,22850.0,23550.0,22500.0,23150.0,12317700
2026-03-19,22350.0,22650.0,22200.0,22400.0,18447370
2026-03-20,22250.0,22850.0,22250.0,22250.0,11789880
2026-03-23,21250.0,22000.0,21000.0,21900.0,15922830
2026-03-24,22150.0,22200.0,21550.0,21950.0,4582120
2026-03-25,22550.0,22700.0,22150.0,22450.0,6170459
2026-03-26,22400.0,22750.0,22250.0,22700.0,31837480
2026-03-27,22750.0,22850.0,22300.0,22450.0,35647300
2026-03-30,23000.0,23300.0,22100.0,22350.0,12476610
2026-03-31,23600.0,23900.0,23000.0,23100.0,42409010
2026-04-01,23400.0,24050.0,23350.0,23900.0,14709450
2026-04-02,22850.0,23350.0,22850.0,23100.0,10000170
2026-04-03,22150.0,23100.0,22150.0,22850.0,14872650
2026-04-06,22100.0,22450.0,21800.0,22200.0,11013590
2026-04-07,22100.0,22450.0,21800.0,22450.0,8266906
2026-04-08,23050.0,23200.0,22600.0,22850.0,15480530
2026-04-09,22600.0,23000.0,22600.0,22900.0,16961670
2026-04-10,23100.0,24050.0,22650.0,22750.0,30047160
2026-04-13,22950.0,23500.0,22750.0,22900.0,42871860
2026-04-14,23000.0,23550.0,22950.0,23200.0,14500530
2026-04-15,22700.0,23300.0,22700.0,23150.0,16078500
2026-04-16,22350.0,22800.0,22250.0,22800.0,15006230
2026-04-17,22400.0,22800.0,22300.0,22400.0,19331310
2026-04-20,22550.0,22900.0,22450.0,22700.0,7550999
2026-04-21,22950.0,23400.0,22550.0,22800.0,22100720
2026-04-22,22650.0,23100.0,22650.0,23000.0,8023156
2026-04-23,22400.0,23300.0,22100.0,22800.0,19892610
2026-04-24,22350.0,22550.0,22150.0,22400.0,8206170
2026-04-28,21850.0,22500.0,21800.0,22350.0,10232780
2026-04-29,21750.0,21900.0,21600.0,21850.0,9050729
2026-05-04,21850.0,22050.0,21700.0,21700.0,4077714
2026-05-05,21500.0,21900.0,21400.0,21850.0,7176328
2026-05-06,21950.0,22250.0,21500.0,21500.0,7214033
2026-05-07,22050.0,22450.0,22000.0,22150.0,9195387
2026-05-08,22150.0,22750.0,22000.0,22050.0,10704540
2026-05-11,22750.0,23200.0,22250.0,22450.0,29175190
2026-05-12,22550.0,22950.0,22450.0,22900.0,7457066
2026-05-13,22100.0,22900.0,22050.0,22500.0,15150630
2026-05-14,22100.0,22350.0,22000.0,22100.0,7252514
2026-05-15,21850.0,22300.0,21800.0,22100.0,10859420
2026-05-18,21700.0,21900.0,21550.0,21850.0,9707320
2026-05-19,21700.0,22250.0,21700.0,21800.0,7271676
2026-05-20,21400.0,21900.0,20700.0,21700.0,10327910
2026-05-21,21400.0,21650.0,21200.0,21600.0,5667581
2026-05-22,21200.0,21450.0,21050.0,21450.0,17247670
2026-05-25,21500.0,21850.0,21200.0,21200.0,12276350
2026-05-26,21550.0,21700.0,21350.0,21400.0,5044200
2026-05-27,21950.0,22100.0,21600.0,21600.0,10080300
