Price,Close,High,Low,Open,Volume
Ticker,FCM.VN,FCM.VN,FCM.VN,FCM.VN,FCM.VN
Date,,,,,
2017-01-03,4756.33203125,4764.84063760383,4509.581041691667,4671.245499279279,56138
2017-01-04,4722.296875,4832.909219885855,4688.262451475856,4832.909219885855,180095
2017-01-05,4722.296875,4832.909219885855,4645.719422070676,4781.857584599639,77121
2017-01-06,5011.59130859375,5045.625735026821,4764.840780089133,4764.840780089133,201630
2017-01-09,5079.66064453125,5181.764392557139,4935.0133949089895,5096.677857796827,98475
2017-01-10,5096.677734375,5105.186340801743,5045.6256273821255,5088.1691279482575,89252
2017-01-11,5096.677734375,5105.186340801743,5020.099808101897,5096.677734375,60512
2017-01-12,5020.099609375,5088.168926526751,5020.099609375,5045.625427644757,72419
2017-01-13,4960.53955078125,5249.833105436068,4935.01326313207,4952.030475943247,79263
2017-01-16,4943.52197265625,5037.117113502465,4943.52197265625,4960.53965425482,32381
2017-01-17,4943.52197265625,5096.677828016393,4943.52197265625,5062.64293325168,109514
2017-01-18,4943.52197265625,5020.099900336321,4943.52197265625,5020.099900336321,60885
2017-01-19,4849.9267578125,5003.082610835874,4807.38372554624,4807.38372554624,59768
2017-01-20,4977.556640625,4986.065246820388,4815.8921860478185,4858.435685457163,103707
2017-01-23,4977.556640625,4977.556640625,4807.383579852431,4969.048034429612,104056
2017-01-24,4969.0478515625,4977.556457444761,4807.383402934771,4960.539245680239,319240
2017-01-25,4943.52197265625,5190.272968862608,4909.487546323963,4969.048260837892,50872
2017-02-03,5003.08251953125,5020.099732127195,4943.52180701303,5020.099732127195,40826
2017-02-06,5003.08251953125,5020.099732127195,4935.013200715058,4977.556700637331,99546
2017-02-07,4969.0478515625,5011.590880973804,4960.539245680239,4960.539245680239,84235
2017-02-08,5003.08251953125,5020.099732127195,4935.013200715058,4969.048094339359,58596
2017-02-09,4900.978515625,5003.082254218537,4849.926412112039,5003.082254218537,152268
2017-02-10,4892.47021484375,4935.013246730295,4849.92671452479,4935.013246730295,98769
2017-02-13,4892.47021484375,4935.013246730295,4824.400895392863,4900.978821221059,193005
2017-02-14,5045.62548828125,5062.642700665595,4866.944289813225,4892.470108389742,338994
2017-02-15,4926.50439453125,5045.625346302117,4926.50439453125,5045.625346302117,53353
2017-02-16,4935.01318359375,4969.048077099972,4849.926652476807,4849.926652476807,183444
2017-02-17,4909.4873046875,5003.082440927124,4858.435667701743,5003.082440927124,32539
2017-02-20,4969.0478515625,4986.065063327022,4858.435506660722,4858.435506660722,74505
2017-02-21,5020.099609375,5105.18613870659,5011.591003285081,5020.099609375,175360
2017-02-22,4960.53955078125,5079.660508891896,4952.030475943247,5079.660508891896,78192
2017-02-23,5190.27294921875,5266.8504081765695,5037.117094438264,5062.64291409087,316737
2017-02-24,5190.27294921875,5334.919729015944,5190.27294921875,5224.307375422225,127824
2017-02-27,5105.18603515625,5266.850016018023,5062.6425371371815,5266.850016018023,39755
2017-02-28,5020.099609375,5164.746381336024,5020.099609375,5020.099609375,202577
2017-03-01,5020.099609375,5096.677532616671,4960.539366745566,5096.677532616671,120710
2017-03-02,4977.556640625,5020.09967160194,4969.048034429612,5020.09967160194,49440
2017-03-03,4952.0302734375,5054.134014561592,4935.013061322217,4935.013061322217,74302
2017-03-06,4952.0302734375,4969.047953985179,4892.470031034011,4952.0302734375,95206
2017-03-07,5003.08251953125,5130.712082433251,4943.52180701303,4943.52180701303,268502
2017-03-08,4986.0654296875,5062.64288825452,4969.048216672607,5003.082642702393,108533
2017-03-09,5020.099609375,5079.660320436832,5020.099609375,5062.642639824596,88226
2017-03-10,5020.099609375,5062.642639824596,4849.926550711821,4875.452837413977,43386
2017-03-13,5003.08251953125,5037.1169447231405,4952.030413311003,5020.099732127195,60749
2017-03-14,5020.099609375,5062.642639824596,5003.082397195162,5020.099609375,94710
2017-03-15,5003.08251953125,5037.1169447231405,4994.573913233277,5020.099732127195,216051
2017-03-16,5003.08251953125,5054.134157319087,4935.013200715058,4935.013200715058,79330
2017-03-17,5003.08251953125,5037.1169447231405,4994.573913233277,5028.608338425168,141084
2017-03-20,4986.0654296875,5020.099855717286,4977.5568231800535,5020.099855717286,75114
2017-03-21,5020.099609375,5105.18613870659,4994.573791105243,5020.099609375,69566
2017-03-22,4943.52197265625,5088.169221433321,4943.52197265625,5088.169221433321,104936
2017-03-23,5011.59130859375,5045.625735026821,4952.030593903449,5045.625735026821,56803
2017-03-24,5003.08251953125,5020.099732127195,4969.048094339359,5011.591125829223,24432
2017-03-27,4994.57373046875,4994.57373046875,4781.85764393845,4952.030232103254,64222
2017-03-28,4900.978515625,4969.047830831486,4892.469909778237,4935.01293901205,90436
2017-03-29,4900.978515625,4917.995727318525,4849.926412112039,4900.978515625,102230
2017-03-30,4824.40087890625,4875.452985428056,4824.40087890625,4849.926697950947,199127
2017-03-31,4688.2626953125,4977.556715611073,4688.2626953125,4977.556715611073,167805
2017-04-03,4807.3837890625,4849.926821890848,4705.280041842038,4764.840756234152,76591
2017-04-04,4807.3837890625,4858.435896888943,4756.332149668482,4858.435896888943,93131
2017-04-05,4756.33203125,4798.8750630191535,4722.297137402264,4790.366456665323,102331
2017-04-07,4679.75390625,4756.331828604251,4594.66737790443,4730.805542197905,116707
2017-04-10,4688.2626953125,4832.909471245581,4679.754088988932,4679.754088988932,74944
2017-04-11,4739.314453125,4764.840741173753,4620.193493149709,4764.840741173753,45100
2017-04-12,4628.7021484375,4764.840791356565,4594.667721923948,4739.314503038972,52902
2017-04-13,4637.2109375,4679.753968018114,4628.701862963978,4628.701862963978,72633
2017-04-14,4577.650390625,4637.211103920275,4458.529432466868,4594.667603442959,168482
2017-04-17,4424.4951171875,4637.211219582429,4424.4951171875,4637.211219582429,180422
2017-04-18,4450.02099609375,4518.089849966507,4424.495175891466,4518.089849966507,56848
2017-04-19,4364.93408203125,4526.598064400796,4169.235207242542,4450.020610430566,180287
2017-04-20,4441.51220703125,4441.51220703125,4194.76121657457,4364.934281135563,318823
2017-04-21,4441.51220703125,4450.020813416058,4339.408461981138,4441.51220703125,191302
2017-04-24,4415.98583984375,4424.494914507592,4356.4255962237,4381.951414918008,654130
2017-04-25,4450.02099609375,4467.03820956194,4407.477493990843,4415.986100724937,119627
2017-04-26,4424.4951171875,4543.616078316769,4424.4951171875,4450.020937051108,16641
2017-04-27,4330.89990234375,4424.495042019313,4254.321975621486,4424.495042019313,211586
2017-04-28,4398.96875,4398.96875,4313.882216881491,4330.899898251128,96446
2017-05-03,4381.95166015625,4552.1247311736015,4381.95166015625,4424.495162126804,118387
2017-05-04,4424.4951171875,4484.05536353592,4381.951615649057,4381.951615649057,150893
2017-05-05,4433.00341796875,4484.055054173834,4381.95131333127,4467.037842105473,71382
2017-05-08,4552.12451171875,4679.754074612612,4424.4949488248885,4424.4949488248885,205453
2017-05-09,4586.15869140625,4594.667297248205,4467.0377411864965,4509.580770396271,114632
2017-05-10,4594.66748046875,4637.210979807407,4509.580950223839,4526.598162586341,123032
2017-05-11,4518.08984375,4594.667772683922,4509.581237027613,4594.667772683922,132357
2017-05-12,4832.90966796875,4832.90966796875,4594.667744346384,4594.667744346384,672722
2017-05-15,4917.99609375,4969.048201066766,4832.909560510336,4935.013306711448,411390
2017-05-16,4866.9443359375,4960.539473370807,4849.926654959473,4917.995973574353,203457
2017-05-17,4832.90966796875,4866.944563080824,4807.383847959017,4866.944563080824,271795
2017-05-18,4262.83056640625,4433.003632177654,4254.321959960922,4313.88220507822,264906
2017-05-19,4330.89990234375,4339.408508820399,4254.321975621486,4254.321975621486,62362
2017-05-22,4296.86474609375,4330.899638358205,4254.32171630367,4262.830322261686,100854
2017-05-23,4203.26953125,4271.338846036829,4152.217896484165,4254.321634448217,165235
2017-05-24,4203.26953125,4254.321634448217,4169.235108072777,4245.813028653912,59430
2017-05-25,4254.32177734375,4339.408306577105,4237.304565183559,4237.304565183559,83265
2017-05-26,4220.28759765625,4254.322023949469,4160.72688321069,4220.28759765625,106154
2017-05-29,4220.28759765625,4220.28759765625,4169.235489783995,4211.778991082945,93977
2017-05-30,4220.28759765625,4279.847843669385,4169.235489783995,4186.252702930605,128230
2017-05-31,4169.2353515625,4254.321882907125,4160.726745271279,4254.321882907125,127903
2017-06-01,4126.6923828125,4194.761234176594,4126.6923828125,4160.726808494547,47343
2017-06-02,4373.44287109375,4381.9514774466,4169.235381760528,4169.235381760528,725174
2017-06-05,4296.86474609375,4356.425456232254,4271.338928219702,4339.4082443162215,673173
2017-06-06,4441.51220703125,4526.598270879331,4254.321929700643,4254.321929700643,574089
2017-06-07,4747.8232421875,4747.8232421875,4441.512019940011,4441.512019940011,1174426
2017-06-08,5079.66064453125,5079.66064453125,4858.435935213895,4935.0133949089895,1251525
2017-06-09,5020.099609375,5420.005969330792,4952.030292223249,5164.746381336024,824101
2017-06-12,4807.3837890625,4986.065463806413,4764.840756234152,4935.013355979971,782451
2017-06-13,4773.34912109375,4832.909364037511,4603.176061532487,4773.34912109375,499956
2017-06-14,4790.3662109375,4935.0129799652,4620.193155725297,4935.0129799652,232772
2017-06-15,4730.8056640625,4866.944300295272,4705.279845431007,4713.788451641505,225624
2017-06-16,4679.75390625,4841.417888517428,4654.228088276047,4832.909282526111,210774
2017-06-19,4645.7197265625,4764.840685136869,4594.667619497817,4679.754152317343,223932
2017-06-20,4594.66748046875,4679.754010713661,4594.66748046875,4603.176086650001,309825
2017-06-21,4552.12451171875,4645.719649422892,4552.12451171875,4594.667543205901,144613
2017-06-22,4849.9267578125,4858.435832698171,4552.124595083841,4594.667627350102,316128
2017-06-23,4943.52197265625,5079.66061485025,4781.857979145462,4917.996152907035,426375
2017-06-26,4917.99609375,5011.591233470388,4892.470274307827,4943.521913192173,328846
2017-06-27,4849.9267578125,4935.013290777439,4679.75416031504,4900.978864964431,218791
2017-06-28,4807.3837890625,4849.926821890848,4739.314468104718,4849.926821890848,244284
2017-06-29,4815.89208984375,4892.470012504898,4807.383483818333,4807.383483818333,105962
2017-06-30,4815.89208984375,4849.926513945417,4773.349059716666,4807.383483818333,122581
2017-07-03,4764.8408203125,4815.892460393069,4713.7887117995,4815.892460393069,223346
2017-07-04,4713.78857421875,4849.926745559251,4705.279967786994,4849.926745559251,104801
2017-07-05,4832.90966796875,4892.470383090556,4713.788706157567,4764.840814609463,151378
2017-07-06,4764.8408203125,4875.453175586164,4764.8408203125,4875.453175586164,170184
2017-07-07,4849.9267578125,4935.013290777439,4764.84069327998,4773.349299733231,251015
2017-07-10,4841.41796875,4883.9614678440175,4679.753983803456,4849.926574882324,239300
2017-07-11,4756.33203125,4841.418094788308,4679.754105633109,4841.418094788308,214551
2017-07-12,4747.8232421875,4764.840454240295,4688.262531570324,4756.3318482138975,110562
2017-07-13,4747.8232421875,4977.556541765019,4688.262531570324,4688.262531570324,39530
2017-07-14,4696.771484375,4747.823592735126,4679.754271065768,4730.805910993465,277083
2017-07-17,4722.296875,4756.331766956531,4679.753845594821,4722.296875,121172
2017-07-18,4713.78857421875,4730.80578708226,4637.211116332953,4722.297180650505,57953
2017-07-19,4713.78857421875,4747.823468378188,4637.211116332953,4713.78857421875,28300
2017-07-20,4645.7197265625,4679.754152317343,4509.581086678291,4637.211120123789,212443
2017-07-21,4969.0478515625,4969.0478515625,4679.753846268472,4679.753846268472,897771
2017-07-24,5309.3935546875,5309.3935546875,5309.3935546875,5309.3935546875,767714
2017-07-25,5675.26513671875,5675.26513671875,5675.26513671875,5675.26513671875,421358
2017-07-26,6066.6630859375,6066.6630859375,6066.6630859375,6066.6630859375,218791
2017-07-27,6483.58642578125,6483.58642578125,6483.58642578125,6483.58642578125,170726
2017-07-28,6509.1123046875,6934.54448758776,6313.413425604195,6934.54448758776,4466083
2017-07-31,6058.154296875,6509.112297851923,6058.154296875,6466.569266979535,1822445
2017-08-01,6475.078125,6475.078125,6041.13731949405,6058.154532504884,1873183
2017-08-02,6926.0361328125,6926.0361328125,6381.482975145324,6628.233500285901,2004413
2017-08-03,7402.51953125,7402.51953125,7147.260414750218,7147.260414750218,1456166
2017-08-04,7487.6064453125,7913.038640351447,7487.6064453125,7913.038640351447,2169738
2017-08-07,7062.17431640625,7657.779582411201,7019.631283876935,7487.6065154290945,1611772
2017-08-08,6628.2333984375,7062.174196604921,6568.673153906826,6585.690366629876,2485483
2017-08-09,6296.396484375,6551.655617734253,6168.766917695373,6483.5867653357445,1746655
2017-08-10,6458.060546875,6704.811058446599,6134.732112651651,6134.732112651651,730112
2017-08-11,6160.25830078125,6458.060934820956,6126.223406206834,6458.060934820956,654446
2017-08-14,6355.95703125,6543.14683884803,6177.275361545268,6296.396318537619,473268
2017-08-15,6296.396484375,6509.112584985185,6126.2234165138825,6126.2234165138825,335713
2017-08-16,6364.4658203125,6441.043279442584,6185.784145477453,6296.396499320001,392843
2017-08-17,6126.22314453125,6381.482734990304,6126.22314453125,6296.396204837286,342726
2017-08-18,6228.3271484375,6245.344829928275,5956.050802639016,5956.050802639016,154061
2017-08-21,5998.59375,6279.379166768021,5998.59375,6279.379166768021,382425
2017-08-22,6126.22314453125,6211.309674684268,5998.593583517924,5998.593583517924,723291
2017-08-23,6109.2060546875,6168.766767518631,5956.050672086954,6168.766767518631,231475
2017-08-24,6083.68017578125,6126.223207075894,5981.576432241698,6041.137144486606,345229
2017-08-25,6083.68017578125,6126.223207075894,5956.050613464912,6015.610857277413,524772
2017-08-28,5973.06787109375,6041.137190111674,5956.050658447372,5998.593690063317,507859
2017-08-29,5956.05078125,6041.137314668627,5751.843288418264,5973.067994247242,700820
2017-08-30,5794.38623046875,6007.102326478894,5777.3690177371245,5777.3690177371245,230370
2017-08-31,5828.4208984375,5870.963928617469,5785.877399825135,5785.877399825135,169170
2017-09-01,6083.68017578125,6117.714600816965,5828.421051148574,5870.964082443217,525617
2017-09-05,6083.68017578125,6194.292525579731,6041.137144486606,6194.292525579731,326016
2017-09-06,6117.71484375,6151.749738569641,5956.050849978308,6049.645990975572,194989
2017-09-07,6015.61083984375,6109.205976853128,6015.61083984375,6109.205976853128,249865
2017-09-08,6041.13720703125,6066.663026072309,5990.0851005167215,5998.593706863741,170771
2017-09-11,5879.47265625,6066.662929778037,5785.877519485982,6041.137111142143,474970
2017-09-12,5956.05078125,5964.559387748621,5802.894927409988,5802.894927409988,117429
2017-09-13,6024.1201171875,6041.137330228572,5904.998689035153,5904.998689035153,109694
2017-09-14,6441.04296875,6441.04296875,5973.067756243215,6032.628467792712,1206594
2017-09-15,6475.078125,6806.915184008525,6475.078125,6543.146977043335,1038867
2017-09-18,6628.2333984375,6713.319930485162,6475.078015497639,6551.655472751363,617328
2017-09-19,6636.74169921875,6806.914755478674,6449.551899451705,6551.655171088789,720934
2017-09-20,6568.6728515625,6636.741699321611,6526.129353280664,6560.164245592611,441280
2017-09-21,6960.0703125,7028.139630461927,6534.6381292108645,6551.655341593245,826840
2017-09-22,6934.54443359375,7019.630963197778,6806.914873403906,7019.630963197778,621602
2017-09-25,6679.28564453125,6968.579203729615,6679.28564453125,6755.86310338424,483968
2017-09-26,6551.6552734375,6721.828332355835,6483.586424616086,6636.741802896668,477631
2017-09-27,6594.19873046875,6619.724548614531,6466.569171307448,6551.655231793385,146958
2017-09-28,6594.19873046875,6645.250366760313,6517.62080759901,6594.19873046875,148457
2017-09-29,6466.5693359375,6551.6553985896135,6424.025836179036,6551.6553985896135,427266
2017-10-02,6407.0087890625,6509.112535313522,6296.396436326594,6509.112535313522,106706
2017-10-03,6253.85302734375,6458.060507550007,5998.593442869732,6432.5342211999305,578384
2017-10-04,6381.48291015625,6389.991516561865,6211.309845179117,6245.344739233993,220584
2017-10-05,6381.48291015625,6424.025942184326,6296.396377667684,6381.48291015625,117733
2017-10-06,6534.63818359375,6568.673077074162,6372.974196183321,6372.974196183321,343312
2017-10-09,6670.77685546875,6747.354312226456,6424.025867285574,6585.6903239722205,193760
2017-10-10,6628.2333984375,6662.268292316013,6534.638260028313,6602.707579352926,156553
2017-10-11,6628.2333984375,6636.7420047990245,6534.638260028313,6636.7420047990245,133620
2017-10-12,6594.19873046875,6636.741760711719,6432.534278680676,6628.233154663125,122784
2017-10-13,6551.6552734375,6653.759015102021,6466.569212410733,6653.759015102021,251894
2017-10-16,6466.5693359375,6611.216110878501,6466.5693359375,6475.077942202712,128580
2017-10-17,6509.1123046875,6551.655335604564,6441.042986787793,6534.638123237738,198180
2017-10-18,6747.3544921875,6764.371705254195,6466.569539722174,6509.112572388914,442915
2017-10-19,6892.00146484375,7087.699875726724,6704.811191721874,6730.337010302384,501782
2017-10-20,6806.9150390625,6968.579027655381,6662.2682631180905,6968.579027655381,652867
2017-10-23,6330.4306640625,6381.482769805798,6330.4306640625,6338.939270280982,298900
2017-10-24,5887.9814453125,6126.2233635109,5887.9814453125,5887.9814453125,2074261
2017-10-25,5488.07470703125,5887.9810588972905,5479.5661011134525,5768.860107615736,2488415
2017-10-26,5700.791015625,5870.964077525857,5488.074922465133,5488.074922465133,603562
2017-10-27,5530.61865234375,5768.860574174775,5454.040724457911,5768.860574174775,283340
2017-10-30,5190.27294921875,5530.618616550774,5190.27294921875,5445.532082609662,400916
2017-10-31,5181.76416015625,5343.428147361067,4994.573885765487,5105.186235463228,403588
2017-11-01,5181.76416015625,5351.936753612246,5181.76416015625,5181.76416015625,459433
2017-11-02,5232.81591796875,5309.393844422343,5190.272885734764,5190.272885734764,343425
2017-11-03,5173.25537109375,5266.850036549297,5164.746296710855,5241.324218697784,288865
2017-11-06,5300.88525390625,5360.445499212826,5173.25568838831,5275.358966056726,216344
2017-11-07,5394.48046875,5454.0407148870245,5292.376721225531,5300.885327816534,308258
2017-11-08,5402.98876953125,5437.023193968912,5360.445270551772,5420.0059817500805,149574
2017-11-09,5292.37646484375,5445.531844494842,5292.37646484375,5360.445314274278,114880
2017-11-10,5309.3935546875,5402.988688927179,5275.358662325185,5360.445190582384,165336
2017-11-13,5385.9716796875,5385.9716796875,5232.815829373355,5232.815829373355,462455
2017-11-14,5411.49755859375,5454.040590579132,5300.885206999342,5402.988952196674,193772
2017-11-15,5360.4453125,5437.023236516401,5241.3243576036,5241.3243576036,48178
2017-11-16,5377.46240234375,5385.971476758302,5275.358662125456,5292.376342522166,179373
2017-11-17,5360.4453125,5420.006024164401,5283.867856916003,5360.4453125,324731
2017-11-20,5283.86767578125,5360.445128740118,5275.358601464544,5360.445128740118,78722
2017-11-21,5283.86767578125,5351.936522855799,5232.81557204295,5351.936522855799,182643
2017-11-22,5249.8330078125,5317.902326223832,5190.272764080941,5317.902326223832,160105
2017-11-23,5275.35888671875,5317.902386873183,5241.324461341133,5317.902386873183,566377
2017-11-24,5275.35888671875,5275.35888671875,5190.2728232747095,5232.815854996729,198135
2017-11-27,5445.53173828125,5522.109660829367,5266.850075146443,5275.358681159301,651796
2017-11-28,5488.07470703125,5649.739156334182,5445.531677442263,5607.196126745194,472151
2017-11-29,5377.46240234375,5658.247805052156,5377.46240234375,5488.0747485442025,747013
2017-11-30,5368.9541015625,5522.109954812358,5360.445495096666,5522.109954812358,455634
2017-12-01,5488.07470703125,5539.126810970424,5360.445149831899,5360.445149831899,760160
2017-12-04,5530.61865234375,5615.705186835524,5445.532117851976,5530.61865234375,416983
2017-12-05,5488.07470703125,5573.161234641615,5462.548889277858,5530.618205052627,321202
2017-12-06,5351.9365234375,5488.074686033782,5317.902099896526,5488.074686033782,305056
2017-12-07,5402.98876953125,5479.566224515989,5343.428058332941,5351.936664442357,117654
2017-12-08,5343.42822265625,5445.531967541573,5275.358903255231,5445.531967541573,110889
2017-12-11,5266.85009765625,5343.42802053165,5266.85009765625,5283.867778187092,213672
2017-12-12,5190.27294921875,5326.411122465075,5147.729448031982,5232.815981973095,273103
2017-12-13,5232.81591796875,5258.3417373091415,5130.712172174765,5232.81591796875,124149
2017-12-14,5275.35888671875,5317.902386873183,5181.764216930305,5266.850280374346,107552
2017-12-15,5317.90234375,5402.988874936482,5258.3416313897405,5266.850237665148,133405
2017-12-18,5343.42822265625,5377.462648140553,5275.358903255231,5360.445435398402,298370
2017-12-19,5334.91943359375,5394.480144584069,5258.341510444024,5343.428039673453,111926
2017-12-20,5343.42822265625,5445.531967541573,5275.358903255231,5334.919616285175,302823
2017-12-21,5343.42822265625,5445.531967541573,5317.902403543023,5445.531967541573,179125
2017-12-22,5317.90234375,5351.9367688516295,5275.358843940555,5343.428162576222,105229
2017-12-25,5300.88525390625,5351.936892740458,5275.358966056726,5351.936892740458,76940
2017-12-26,5266.85009765625,5326.410808433205,5105.186114288623,5198.781249262469,1013791
2017-12-27,5275.35888671875,5334.919599561991,5198.781429619114,5317.902386873183,142944
2017-12-28,5292.37646484375,5343.428101916646,5275.358784053714,5343.428101916646,128647
2017-12-29,5292.37646484375,5351.936708095462,5275.358784053714,5317.902283380198,166576
2018-01-02,5283.86767578125,5351.936522855799,5283.86767578125,5343.427916971481,140689
2018-01-03,5283.86767578125,5326.410705202843,5283.86767578125,5283.86767578125,161942
2018-01-04,5190.27294921875,5300.885302812469,5105.186415277638,5300.885302812469,325824
2018-01-05,5062.642578125,5190.272604783128,5003.0823362214405,5164.746318392066,237271
2018-01-08,5096.677734375,5190.272873501589,5062.642840235611,5062.642840235611,147634
2018-01-09,5011.59130859375,5096.677843108854,5003.082701985482,5062.642948243356,233347
2018-01-10,5105.18603515625,5190.272562761999,5096.677429238915,5096.677429238915,163555
2018-01-11,5232.81591796875,5232.81591796875,5105.186352834375,5173.25567284117,149326
2018-01-12,5207.2900390625,5309.393783688526,5164.746538882749,5232.815858110904,235297
2018-01-15,5190.27294921875,5258.341801625701,5105.186415277638,5190.27294921875,152201
2018-01-16,5130.7119140625,5190.27262462616,5096.677489987492,5190.27262462616,224451
2018-01-17,5139.220703125,5232.815841097248,5037.116958830948,5181.764203166428,268728
2018-01-18,5130.7119140625,5139.220520081252,5045.625385442584,5045.625385442584,175371
2018-01-19,5130.7119140625,5232.8156547199205,5122.203308043748,5190.27262462616,204088
2018-01-22,5105.18603515625,5122.203246990922,5096.677429238915,5122.203246990922,389968
2018-01-25,5079.66064453125,5105.186464429615,4969.048289872572,5105.186464429615,798315
2018-01-26,5173.25537109375,5190.272582994759,4986.065103317875,4986.065103317875,107935
2018-01-29,5105.18603515625,5215.798380514007,5079.660217404243,5147.72906474293,263192
2018-01-30,5139.220703125,5164.7465220904105,5062.642777796358,5164.7465220904105,185766
2018-01-31,5020.099609375,5096.677532616671,5020.099609375,5062.642639824596,243979
2018-02-01,4917.99609375,5020.099839951112,4917.99609375,5020.099839951112,247914
2018-02-02,4935.01318359375,4969.048077099972,4824.400833671448,4824.400833671448,177502
2018-02-05,4849.9267578125,4935.013290777439,4773.349299733231,4773.349299733231,175495
2018-02-06,4679.75390625,4764.84043459557,4518.089455550178,4764.84043459557,416070
2018-02-07,4773.34912109375,4960.539392924658,4637.210954504181,4637.210954504181,87020
2018-02-08,4764.8408203125,4815.892460393069,4628.70217656612,4815.892460393069,51244
2018-02-09,4696.771484375,4739.31451764808,4594.667736087177,4679.754271065768,151772
2018-02-12,4764.8408203125,4832.909673753258,4645.7198583587415,4798.875247032879,78180
2018-02-13,4747.8232421875,4764.840454240295,4696.771137596721,4764.840454240295,97742
2018-02-21,4824.40087890625,4841.418091602714,4747.82342177216,4841.418091602714,71472
2018-02-22,4798.875,4849.9266374525705,4739.314287872927,4841.418031210475,163848
2018-02-23,4798.875,4807.383606242095,4722.297075388736,4807.383606242095,149111
2018-02-26,4764.8408203125,4815.892460393069,4679.754285079121,4747.82360695231,88294
2018-02-27,4705.27978515625,4773.349102400666,4679.753966851744,4773.349102400666,96187
2018-02-28,4679.75390625,4773.349040586887,4679.75390625,4705.279724223953,199702
2018-03-01,4688.2626953125,4756.332014333461,4679.754088988932,4679.754088988932,103989
2018-03-02,4645.7197265625,4756.332078698159,4637.211120123789,4756.332078698159,39552
2018-03-05,4654.22802734375,4730.805480263071,4654.22802734375,4679.753844983524,170929
2018-03-06,4679.75390625,4713.78833021527,4594.66737790443,4603.175983895748,72205
2018-03-07,4764.8408203125,4773.349426992595,4679.754285079121,4713.7887117995,46802
2018-03-08,4739.314453125,4790.366560790081,4679.754207353567,4790.366560790081,50793
2018-03-09,4730.8056640625,4739.314270272997,4679.754026799515,4739.314270272997,30498
2018-03-12,4730.8056640625,4747.823344915901,4645.719601957524,4713.788451641505,124904
2018-03-13,4909.4873046875,4917.995910851792,4730.805638372544,4730.805638372544,106311
2018-03-14,4909.4873046875,4935.013123180379,4892.470092358914,4892.470092358914,72464
2018-03-15,4858.435546875,4858.435546875,4773.349018915726,4781.857624868415,59689
2018-03-16,4883.96142578125,4892.470031840294,4781.85768464033,4858.43560760412,132221
2018-03-19,4875.453125,4883.961731591812,4815.892410424888,4815.892410424888,67345
2018-03-20,4866.9443359375,4883.961548483117,4832.909442413856,4883.961548483117,88114
2018-03-21,4730.8056640625,4866.944300295272,4730.8056640625,4781.857769757891,156812
2018-03-22,4841.41796875,4841.41796875,4807.383544220706,4807.383544220706,43792
2018-03-23,4798.875,4798.875,4679.75404417826,4773.349181273714,174311
2018-03-26,4798.875,4824.400818726285,4739.314287872927,4824.400818726285,183478
2018-03-27,4798.875,4841.418031210475,4764.840575031619,4773.349181273714,83637
2018-03-28,4815.89208984375,4849.926513945417,4773.349059716666,4815.89208984375,44322
2018-03-29,4756.33203125,4841.418094788308,4756.33203125,4841.418094788308,62576
2018-03-30,4815.89208984375,4909.487224555731,4739.314167182602,4807.383483818333,136867
2018-04-02,4807.3837890625,4841.418215325179,4790.366575931161,4832.909608759509,75395
2018-04-03,4764.8408203125,4807.383853712974,4730.80592515969,4807.383853712974,77267
2018-04-04,4790.3662109375,4841.417846441727,4722.296895166141,4841.417846441727,69814
2018-04-05,4849.9267578125,4849.9267578125,4730.805799034553,4841.418151359248,91733
2018-04-06,5071.15185546875,5105.186280775549,4824.400866697225,4824.400866697225,320627
2018-04-09,5071.15185546875,5309.393769481164,5071.15185546875,5190.2728124749565,283430
2018-04-10,5181.76416015625,5300.88511610517,5020.099704519025,5071.151810458509,192148
2018-04-11,5011.59130859375,5105.186449717122,4824.401026347006,5105.186449717122,298528
2018-04-12,4935.01318359375,4994.573895905332,4849.926652476807,4849.926652476807,52947
2018-04-13,4900.978515625,5190.272519712085,4900.978515625,5020.0994659120615,144105
2018-04-16,5020.099609375,5088.168926526751,4900.978655683734,5088.168926526751,29427
2018-04-17,4935.01318359375,5020.099714710692,4849.926652476807,5020.099714710692,43352
2018-04-18,4926.50439453125,5096.677450450998,4858.435546909263,5096.677450450998,62339
2018-04-19,4875.453125,4926.504764550873,4807.383803833076,4926.504764550873,155606
2018-04-20,4935.01318359375,4935.01318359375,4722.297090017599,4722.297090017599,118274
2018-04-23,4849.9267578125,5020.099823742378,4832.909544905996,5020.099823742378,218667
2018-04-24,4849.9267578125,4917.996077870935,4790.366512639735,4841.418151359248,108115
2018-04-26,4764.8408203125,4883.9617822662585,4764.8408203125,4883.9617822662585,186116
2018-04-27,4764.8408203125,4764.8408203125,4679.754285079121,4722.297318479595,146293
2018-05-02,4730.8056640625,4807.383588389384,4722.297057852003,4722.297057852003,12019
2018-05-03,4764.8408203125,4798.875247032879,4722.297318479595,4798.875247032879,120721
2018-05-04,4866.9443359375,4926.504579847162,4739.3143049805485,4764.840592231384,114903
2018-05-07,4977.556640625,5020.09967160194,4900.978716434103,4935.013141215655,35516
2018-05-08,4883.96142578125,5020.099591158344,4875.452819722206,5020.099591158344,104541
2018-05-09,4909.4873046875,4977.556622434246,4883.961486194621,4883.961486194621,53432
2018-05-10,4917.99609375,4969.048201066766,4892.470274307827,4935.013306711448,130587
2018-05-11,4952.0302734375,4977.556560042821,4900.978637091652,4900.978637091652,292067
2018-05-14,4943.52197265625,5054.134326668608,4943.52197265625,4977.556867420963,26631
2018-05-15,4943.52197265625,4977.556867420963,4935.013366073179,4943.52197265625,48910
2018-05-16,5122.20361328125,5130.712219807039,4935.013332849047,4943.521939374837,232828
2018-05-17,4764.8408203125,4866.9445689060685,4764.8408203125,4849.926887113448,212623
2018-05-18,4781.85791015625,4807.383729537197,4696.7713771206745,4764.840697235619,87448
2018-05-21,4773.34912109375,4807.383545633042,4764.840514958927,4781.857727228573,111746
2018-05-22,4730.8056640625,4773.349163547394,4730.8056640625,4773.349163547394,147488
2018-05-23,4747.8232421875,4807.383484372282,4594.667396847558,4730.80556170231,119131
2018-05-24,4849.9267578125,4849.9267578125,4747.823480373476,4807.38372554624,178573
2018-05-25,4960.53955078125,5181.764254191366,4849.926730643776,4849.926730643776,722490
2018-05-28,5300.88525390625,5300.88525390625,5122.203581121682,5283.8680409615135,692713
2018-05-29,5666.7568359375,5666.7568359375,5437.0235203286375,5437.0235203286375,363742
2018-05-30,5785.87744140625,6058.154241811997,5624.213457128149,6058.154241811997,982480
2018-05-31,5573.16162109375,5700.791187143145,5385.971809489768,5530.618588554759,386879
2018-06-01,5445.53173828125,5445.53173828125,5326.410785668843,5368.9538157331335,302711
2018-06-04,5819.91259765625,5819.91259765625,5445.53203870666,5445.53203870666,472839
2018-06-05,6211.3095703125,6219.818176341587,5870.96392385183,5870.96392385183,778628
2018-06-06,6551.6552734375,6619.724590691314,6211.30962403323,6253.853122979013,423872
2018-06-07,6296.396484375,6466.5695522361175,6168.766917695373,6466.5695522361175,181786
2018-06-08,6628.2333984375,6628.2333984375,6211.309812993128,6296.39634504079,400059
2018-06-11,6219.818359375,6628.233334519374,6219.818359375,6381.482815549819,214991
2018-06-12,6041.13720703125,6126.223270501444,6015.610919557779,6015.610919557779,162145
2018-06-13,5870.9638671875,6092.188558673377,5785.877339285456,6092.188558673377,162901
2018-06-14,6143.24072265625,6211.309570895334,5956.050453133978,5956.050453133978,112028
2018-06-15,6211.3095703125,6381.482627759033,6041.136981298363,6126.223041589234,114587
2018-06-18,6168.7666015625,6211.309632131351,5777.368846599477,6211.309632131351,648041
2018-06-19,5743.33447265625,6126.223156440557,5743.33447265625,5956.050564236111,409654
2018-06-20,6092.18896484375,6092.18896484375,5785.877725033851,5956.050792183492,130530
2018-06-21,6117.71484375,6117.71484375,5666.756820389711,5785.877781177385,29258
2018-06-22,6083.68017578125,6083.68017578125,5726.317307609023,5743.334520126879,3021
2018-06-25,5717.80859375,6126.223091790087,5700.79091311998,5700.79091311998,20114
2018-06-26,5530.61865234375,5700.791252894871,5530.61865234375,5530.61865234375,52203
2018-06-27,5147.7294921875,5785.877799571029,5147.7294921875,5785.877799571029,46554
2018-06-28,5343.42822265625,5402.988935686194,5275.358903255231,5402.988935686194,43273
2018-06-29,5343.42822265625,5343.42822265625,5105.186307401302,5275.358903255231,4408
2018-07-02,5317.90234375,5343.428162576222,5190.272781186482,5343.428162576222,8738
2018-07-03,4952.0302734375,5249.832890752136,4952.0302734375,5020.099590331028,86907
2018-07-04,4713.78857421875,5292.376622172608,4705.279967786994,5190.272876559128,79421
2018-07-05,4841.41796875,5020.099634393591,4467.037893630572,4594.667454047823,41492
2018-07-06,5173.25537109375,5173.25537109375,4764.840411739981,4764.840411739981,15604
2018-07-09,5062.642578125,5105.186076488507,5020.099548193886,5105.186076488507,11895
2018-07-10,4781.85791015625,5105.186360945501,4781.85791015625,4790.366516616566,32720
2018-07-11,4781.85791015625,4781.85791015625,4484.0552787479455,4688.262770660359,19494
2018-07-12,4841.41796875,4841.41796875,4781.8577258237365,4832.909362617676,2288
2018-07-13,4935.01318359375,4935.01318359375,4577.650315021483,4637.2110273330645,60163
2018-07-16,4722.296875,5105.186013376168,4722.296875,5105.186013376168,20080
2018-07-17,5020.099609375,5045.625427644757,5011.591003285081,5011.591003285081,14274
2018-07-18,5011.59130859375,5020.099915202018,4764.840780089133,4858.435921212505,65767
2018-07-19,5003.08251953125,5003.08251953125,4781.8578189191385,4781.8578189191385,1285
2018-07-20,5003.08251953125,5003.08251953125,4892.470169225194,4892.470169225194,12075
2018-07-23,5003.08251953125,5011.591125829223,4994.573913233277,5003.08251953125,39214
2018-07-24,4781.85791015625,4892.470262572772,4773.349303695934,4849.926761838775,69127
2018-07-25,4917.99609375,4926.504700230724,4739.314420789949,4781.857921625991,40916
2018-07-26,4909.4873046875,4909.4873046875,4764.840531462119,4892.470092358914,11974
2018-07-27,5071.15185546875,5088.16906812215,4883.961579416535,4935.013217376732,93593
2018-07-30,5062.642578125,5105.186076488507,5062.642578125,5071.151652543616,30115
2018-07-31,5088.1689453125,5105.186157555167,4960.539385060101,5105.186157555167,21726
2018-08-01,5105.18603515625,5156.237670660266,5088.168823321578,5088.168823321578,82950
2018-08-02,5105.18603515625,5113.694641073586,5105.18603515625,5113.694641073586,18220
2018-08-03,5181.76416015625,5190.272766407429,5105.186235463228,5105.186235463228,31716
2018-08-06,5173.25537109375,5181.763977044255,5062.642556872413,5181.763977044255,14702
2018-08-07,5156.23779296875,5156.23779296875,5020.099626629722,5147.729186849586,45122
2018-08-08,5105.18603515625,5139.2204588255945,4977.556477963822,5139.2204588255945,2469
2018-08-09,5139.220703125,5139.220703125,5020.099746187341,5096.677671515983,21197
2018-08-10,5139.220703125,5139.220703125,4849.92668288645,4977.556714578324,21219
2018-08-13,5190.27294921875,5232.815981973095,5105.186415277638,5105.186415277638,8839
2018-08-14,5105.18603515625,5275.358621935358,5105.18603515625,5275.358621935358,195970
2018-08-15,5164.74658203125,5181.764263304771,5105.186337087383,5181.764263304771,7272
2018-08-16,5054.13427734375,5139.220810776507,5037.117064343684,5037.117064343684,24906
2018-08-17,5045.62548828125,5139.220624827551,5028.608275896905,5139.220624827551,83491
2018-08-20,5054.13427734375,5130.712204276474,5054.13427734375,5054.13427734375,39654
2018-08-21,5402.98876953125,5402.98876953125,5402.98876953125,5402.98876953125,87313
2018-08-22,5777.369140625,5777.369140625,5777.369140625,5777.369140625,24534
2018-08-23,6177.275390625,6177.275390625,6177.275390625,6177.275390625,43025
2018-08-24,6602.70751953125,6602.70751953125,6602.70751953125,6602.70751953125,49170
2018-08-27,6934.54443359375,7062.173993783593,6466.569223420192,7062.173993783593,1110350
2018-08-28,6772.88037109375,6934.544353894222,6449.551937060412,6892.001323797359,512922
2018-08-29,6934.54443359375,7147.260523387622,6713.319737682715,6781.389055052418,229626
2018-08-30,6926.0361328125,7019.631272659855,6636.742106778168,6815.423779980612,451124
2018-08-31,6849.4580078125,6960.070357444658,6806.9149765818265,6960.070357444658,319556
2018-09-04,6619.724609375,6849.457911660478,6381.482700962831,6806.91488102702,108262
2018-09-05,6849.4580078125,6977.087569936927,6389.991396791596,6389.991396791596,230799
2018-09-06,7147.2607421875,7232.347274396292,6849.458113672934,6849.458113672934,663094
2018-09-07,7062.17431640625,7274.890415917672,6977.087782915197,7274.890415917672,314459
2018-09-10,6900.51025390625,7232.347309544028,6602.707623944425,7062.174244299436,394715
2018-09-11,6764.37158203125,6934.544646463101,6636.742017923569,6653.759230680271,140215
2018-09-12,6781.38916015625,6806.91497890336,6636.741917057813,6789.897766405286,167332
2018-09-13,7062.17431640625,7062.17431640625,6636.7421173834055,7019.631283876935,193253
2018-09-14,7189.8037109375,7189.8037109375,6994.105297537968,7062.174147961315,146326
2018-09-17,6926.0361328125,7206.821552354566,6926.0361328125,7206.821552354566,177118
2018-09-18,6977.08740234375,7028.139507026668,6738.845496309855,7028.139507026668,108172
2018-09-19,7053.66552734375,7062.174133629401,6977.087602340481,7062.174133629401,226492
2018-09-20,7538.658203125,7538.658203125,6909.018546156537,7053.665317134331,597360
2018-09-21,7564.18408203125,7657.779217568981,7104.717478875478,7657.779217568981,528549
2018-09-24,7572.69287109375,7649.270796280692,7104.717650530857,7308.925138741096,508716
2018-09-25,7947.07275390625,7947.07275390625,7232.34703158559,7402.519621857577,2127276
2018-09-26,7572.69287109375,7938.564347551523,7572.69287109375,7683.305221504928,24120945
2018-09-27,7147.2607421875,7436.554764324427,7053.66560360107,7257.873093529205,345601
2018-09-28,6772.88037109375,7232.346969869442,6772.88037109375,7232.346969869442,354519
2018-10-01,6594.19873046875,6934.544377709691,6594.19873046875,6679.285259387084,121950
2018-10-02,6134.732421875,6594.199044080285,6134.732421875,6594.199044080285,659159
2018-10-03,6185.78369140625,6202.80090329711,5973.06760590572,6134.732055733671,50196
2018-10-04,6219.818359375,6253.853252925304,6151.74950913921,6211.309753095527,56690
2018-10-05,6168.7666015625,6279.378949473911,6126.22310256125,6279.378949473911,51357
2018-10-08,5956.05078125,6211.309913073461,5870.9642478313735,6211.309913073461,114745
2018-10-09,5913.50732421875,5956.050825460063,5709.300298303664,5956.050825460063,61493
2018-10-10,5862.45556640625,5913.507204745496,5700.791108133807,5913.507204745496,65090
2018-10-11,5454.04052734375,5615.704983878658,5454.04052734375,5573.161483954119,280623
2018-10-12,5522.10986328125,5530.618469606051,5275.358874564787,5275.358874564787,44254
2018-10-15,5368.9541015625,5573.161593607365,5190.272897347557,5530.618561278193,35335
2018-10-16,5105.18603515625,5445.531677146856,5020.099507550502,5445.531677146856,316759
2018-10-17,5190.27294921875,5317.902515914207,5105.186415277638,5292.3766962616,31321
2018-10-18,5190.27294921875,5283.868089710732,4858.435888437594,5190.27294921875,174514
2018-10-19,5096.677734375,5190.272873501589,4943.521881828794,5190.272873501589,56995
2018-10-22,5147.7294921875,5181.76438711534,5088.16924582053,5147.7294921875,80988
2018-10-23,5011.59130859375,5139.220876150192,4935.0133806869135,5139.220876150192,49632
2018-10-24,4935.01318359375,5105.186245827635,4935.01318359375,5011.591108442239,88373
2018-10-25,5011.59130859375,5020.099915202018,4637.21121253269,4637.21121253269,100392
2018-10-26,5088.1689453125,5139.2205820405,4824.400750253968,4824.400750253968,43859
2018-10-29,5003.08251953125,5079.660444645415,4858.435744033303,4858.435744033303,14601
2018-10-30,5020.099609375,5054.134033734676,4935.013080043411,5054.134033734676,65349
2018-10-31,5147.7294921875,5147.7294921875,5028.608531021132,5105.186459068235,90109
2018-11-01,5181.76416015625,5224.307191412147,5088.1690229608685,5224.307191412147,32381
2018-11-02,5266.85009765625,5266.85009765625,5105.186114288623,5181.764037164024,39361
2018-11-05,5113.69482421875,5266.850204648392,5105.186217996682,5181.764142427705,24895
2018-11-06,5181.76416015625,5224.307191412147,5113.694841714407,5224.307191412147,25470
2018-11-07,5181.76416015625,5224.307191412147,5147.729266719125,5190.272766407429,8343
2018-11-08,5232.81591796875,5266.850343755938,5181.764279287967,5224.307311521953,27950
2018-11-09,5224.30712890625,5232.8157350556285,5130.711992830682,5156.237811278818,19787
2018-11-12,5198.78125,5198.78125,5105.186115012876,5113.694721063306,22899
2018-11-13,5139.220703125,5190.272809488231,4960.539501934717,5190.272809488231,31581
2018-11-14,5113.69482421875,5232.815779760117,5071.151793108407,5139.220642884956,43701
2018-11-15,5113.69482421875,5147.729249107025,5071.151793108407,5147.729249107025,13090
2018-11-16,5130.7119140625,5139.220520081252,5113.694702024996,5139.220520081252,8196
2018-11-19,5130.7119140625,5190.27262462616,5105.186096006244,5130.7119140625,102715
2018-11-20,5488.07470703125,5488.07470703125,5190.272563043559,5190.272563043559,133169
2018-11-21,5870.9638671875,5870.9638671875,5785.877339285456,5870.9638671875,265853
2018-11-22,6117.71484375,6262.362092760512,5956.050849978308,6262.362092760512,267116
2018-11-23,6032.62841796875,6109.205872772555,5709.299981277707,5709.299981277707,60264
2018-11-26,5879.47265625,6032.628504930179,5700.790988933928,5700.790988933928,73546
2018-11-27,5751.84326171875,5879.472827038036,5700.791154531584,5709.300229423127,139629
2018-11-28,5956.05078125,5956.05078125,5641.230935503775,5641.230935503775,84111
2018-11-29,6253.85302734375,6372.973979392002,5956.050413006925,6032.628335192369,438112
2018-11-30,6211.3095703125,6389.99123378812,6211.3095703125,6296.396099035766,48708
2018-12-03,6287.8876953125,6296.396301615342,6168.766738640301,6296.396301615342,75948
2018-12-04,6168.7666015625,6253.8531311326005,6058.15425365109,6168.7666015625,83683
2018-12-05,6228.3271484375,6313.413682161685,6075.171762479906,6270.870649515804,375660
2018-12-06,6083.68017578125,6304.904875378211,6083.68017578125,6304.904875378211,53499
2018-12-07,6066.6630859375,6211.309863696601,6066.6630859375,6211.309863696601,99885
2018-12-10,6109.2060546875,6160.258161175957,5964.559278429629,5964.559278429629,19708
2018-12-11,6058.154296875,6194.292464099044,6032.628478351568,6194.292464099044,81112
2018-12-12,6083.68017578125,6109.205994558036,6007.102251018484,6007.102251018484,37106
2018-12-13,6092.18896484375,6168.76689190433,6058.154538786791,6058.154538786791,89298
2018-12-14,6126.22314453125,6151.749431479838,6100.697326015065,6126.22314453125,72678
2018-12-17,6083.68017578125,6143.240888026158,6083.68017578125,6092.188782040179,422609
2018-12-18,6100.697265625,6126.223083888507,6041.137023010149,6041.137023010149,56780
2018-12-19,6049.64599609375,6194.292776794211,6049.64599609375,6194.292776794211,108724
2018-12-20,6151.74951171875,6168.766724284833,6049.645767889842,6083.680193022008,389844
2018-12-21,6100.697265625,6143.240764496577,5956.050493699392,6126.223083888507,340302
2018-12-24,6075.17138671875,6100.697204727457,5939.033222239917,6100.697204727457,18400
2018-12-25,5828.4208984375,6066.662804310116,5828.4208984375,5870.963928617469,68676
2018-12-26,5819.91259765625,6117.714761400564,5811.403991173979,5811.403991173979,35234
2018-12-27,5956.05078125,6041.137314668627,5836.929821836891,5956.05078125,13575
2018-12-28,5734.82568359375,5947.541768390454,5734.82568359375,5828.420817116187,38876
2019-01-02,5700.791015625,6041.1371394267135,5700.791015625,5956.050608476286,127633
2019-01-03,5836.9296875,5836.9296875,5700.791049790458,5836.9296875,56397
2019-01-04,5692.2822265625,5700.790832541044,5530.618244537778,5624.213378734151,308044
2019-01-07,5675.26513671875,5700.790955203614,5658.247924395508,5658.247924395508,18998
2019-01-08,5734.82568359375,5734.82568359375,5351.936543586726,5530.618204714322,285223
2019-01-09,5768.8603515625,5785.877564117699,5760.351745284901,5785.877564117699,3326
2019-01-10,5768.8603515625,5768.8603515625,5700.791032909296,5700.791032909296,6776
2019-01-11,5836.9296875,5836.9296875,5836.9296875,5836.9296875,3393
2019-01-14,5870.9638671875,5870.9638671875,5836.929443399639,5870.9638671875,7351
2019-01-15,5573.16162109375,5845.438434640558,5573.16162109375,5785.877720653549,4510
2019-01-16,5581.669921875,5870.963932591812,5581.669921875,5743.334373533112,8501
2019-01-17,5683.77392578125,5683.77392578125,5530.618541511203,5581.670180123747,11410
2019-01-18,5700.791015625,5777.368940323626,5539.127028408353,5547.635634660155,52203
2019-01-21,5913.50732421875,5956.050825460063,5913.50732421875,5956.050825460063,16799
2019-01-22,5956.05078125,5956.05078125,5785.877714412746,5956.05078125,14725
2019-01-23,5896.48974609375,5956.050456771722,5794.386005240368,5870.963927988503,15052
2019-01-24,5956.05078125,6194.292700076219,5956.05078125,6194.292700076219,157
2019-01-25,5939.033203125,5947.541809100518,5726.317116872285,5947.541809100518,40747
2019-01-28,5717.80859375,6211.309621210588,5717.80859375,6041.137030801985,16213
2019-01-29,5785.87744140625,5836.929546421502,5539.126927724327,5836.929546421502,35640
2019-01-30,5573.16162109375,5845.438434640558,5530.618588554759,5539.127195062558,5671
2019-01-31,5564.65283203125,5785.8775308413215,5530.618407116595,5785.8775308413215,24173
2019-02-01,5649.7392578125,5649.7392578125,5615.704833529997,5649.7392578125,1206
2019-02-11,5751.84326171875,5768.860474636998,5539.127163375801,5539.127163375801,24421
2019-02-12,5870.9638671875,5956.050395089543,5785.877339285456,5785.877339285456,35888
2019-02-13,5870.9638671875,5870.9638671875,5700.790811383414,5870.9638671875,8478
2019-02-14,5717.80859375,5879.472578059793,5717.80859375,5785.877442540482,47963
2019-02-15,5768.8603515625,5785.877564117699,5700.791032909296,5717.808713896903,11511
2019-02-18,5845.4384765625,5862.455689700139,5709.30030302896,5862.455689700139,45911
2019-02-19,5836.9296875,5870.96411271118,5785.877581250819,5819.91247489441,23857
2019-02-20,5836.9296875,5836.9296875,5709.300124525664,5828.421081197205,66533
2019-02-21,5870.9638671875,5956.050395089543,5828.420837452673,5870.9638671875,24568
2019-02-22,5947.5419921875,5947.5419921875,5785.877536811267,5785.877536811267,46351
2019-02-25,6296.396484375,6296.396484375,5828.421250405562,5956.050817085188,238071
2019-02-26,6279.37890625,6296.396118360402,6041.1369998395685,6296.396118360402,127802
2019-02-27,6270.87060546875,6296.396424876984,6083.680326276866,6296.396424876984,45054
2019-02-28,6628.2333984375,6636.7420047990245,6126.223280945466,6126.223280945466,372582
2019-03-01,6594.19873046875,6628.233154663125,6381.482642389113,6381.482642389113,33452
2019-03-04,6543.14697265625,6619.724899586079,6381.4829807293,6619.724899586079,11387
2019-03-05,6475.078125,6551.6555835487525,6134.732459486058,6551.6555835487525,61674
2019-03-06,6372.97412109375,6458.060651143637,6160.258030185233,6219.818273317473,86073
2019-03-07,6338.939453125,6458.060880484566,6338.939453125,6364.4657409491465,40060
2019-03-08,6381.48291015625,6381.48291015625,6262.361952045223,6262.361952045223,33001
2019-03-11,6492.09521484375,6500.603821187743,6262.361906691117,6381.48286393943,251770
2019-03-12,6449.55224609375,6492.0952782290815,6296.396393541721,6381.482926244802,45832
2019-03-13,6338.939453125,6551.655551587566,6338.939453125,6347.4485280213285,26101
2019-03-14,6338.939453125,6475.078093412384,6321.922240197182,6338.939453125,53646
2019-03-15,6262.36181640625,6458.060696361509,6262.36181640625,6458.060696361509,3878
2019-03-18,6372.97412109375,6551.65531892287,6262.361772558617,6381.4827272554985,76196
2019-03-19,6372.97412109375,6381.4827272554985,6296.396197205611,6381.4827272554985,178291
2019-03-20,6313.41357421875,6372.974287337072,6304.904967835048,6304.904967835048,13180
2019-03-21,6262.36181640625,6364.465559494542,6253.853210184926,6313.413453734192,229953
2019-03-22,6338.939453125,6338.939453125,6253.85338848591,6296.396420805455,192171
2019-03-25,6338.939453125,6338.939453125,6262.361994949819,6296.396420805455,176611
2019-03-26,6381.48291015625,6628.233432783919,6347.44848453379,6628.233432783919,51256
2019-03-27,6475.078125,6551.6555835487525,6381.482985007992,6551.6555835487525,53420
2019-03-28,6509.1123046875,6534.638123237738,6381.482743503902,6466.569273770435,7385
2019-03-29,6492.09521484375,6517.621033875729,6466.569395811772,6509.112427531736,15052
2019-04-01,6424.02587890625,6466.569378947678,6253.85328403777,6321.922134612198,270160
2019-04-02,6381.48291015625,6424.025942184326,6330.430803290144,6381.48291015625,14781
2019-04-03,6381.48291015625,6381.48291015625,6262.361952045223,6381.48291015625,72915
2019-04-04,6381.48291015625,6509.112474672892,6304.904984073299,6509.112474672892,3844
2019-04-05,6449.55224609375,6449.55224609375,6321.92221282292,6321.92221282292,55281
2019-04-08,6313.41357421875,6424.02592563928,6313.41357421875,6424.02592563928,61550
2019-04-09,6296.396484375,6466.5695522361175,6296.396484375,6381.483018305559,67413
2019-04-10,6424.02587890625,6458.060772625875,6304.904921968591,6441.043091549856,94044
2019-04-11,6424.02587890625,6458.060772625875,6338.939347255805,6458.060772625875,13101
2019-04-12,6458.060546875,6458.060546875,6296.396095547128,6424.025654345114,27759
2019-04-16,6441.04296875,6441.04296875,6313.413407923822,6347.448300994565,7452
2019-04-17,6398.5,6432.53442496838,5998.593632891898,5998.593632891898,15706
2019-04-18,6296.396484375,6806.915219525929,6270.870664725559,6798.406612976116,105331
2019-04-19,6236.8359375,6381.482710297752,6211.309650650184,6228.32686292846,25628
2019-04-22,6287.8876953125,6296.396301615342,6202.801163851669,6211.309770154511,40240
2019-04-23,6287.8876953125,6313.413514221026,6211.309770154511,6211.309770154511,2908
2019-04-24,6211.3095703125,6296.396099035766,6211.3095703125,6211.3095703125,70457
2019-04-25,6202.80126953125,6287.887802441734,6092.188917277346,6092.188917277346,38932
2019-04-26,6202.80126953125,6262.361983098314,6126.223343068573,6262.361983098314,13563
2019-05-02,6270.87060546875,6270.87060546875,6134.732433525753,6134.732433525753,31017
2019-05-03,6262.36181640625,6287.887635070221,6143.240860875311,6287.887635070221,2130
2019-05-06,6211.3095703125,6228.326782370674,6083.680011443798,6083.680011443798,14319
2019-05-07,6202.80126953125,6287.887802441734,6117.7147366207655,6287.887802441734,15818
2019-05-08,6211.3095703125,6296.396099035766,6126.223041589234,6134.732116050716,34490
2019-05-09,6083.68017578125,6211.309738097588,6066.662963263393,6066.662963263393,21027
2019-05-10,6160.25830078125,6168.766907316748,6058.154553922848,6168.766907316748,18096
2019-05-13,6211.3095703125,6585.690109321913,6066.662799385625,6066.662799385625,26067
2019-05-14,6211.3095703125,6296.396099035766,6083.680011443798,6126.223041589234,24286
2019-05-15,6211.3095703125,6372.974021729945,6109.20582953106,6372.974021729945,8997
2019-05-16,6211.3095703125,6338.939129181202,6143.240722079803,6287.88749300668,29935
2019-05-17,6211.3095703125,6211.3095703125,6126.223041589234,6211.3095703125,67920
2019-05-20,6287.8876953125,6296.396301615342,6211.309770154511,6262.361876403974,23395
2019-05-21,6151.74951171875,6296.396286962865,6151.74951171875,6253.853255547658,27161
2019-05-22,6211.3095703125,6296.396099035766,6126.223041589234,6296.396099035766,49429
2019-05-23,6202.80126953125,6287.887802441734,6117.7147366207655,6287.887802441734,29495
2019-05-24,6202.80126953125,6296.396408889541,6126.223343068573,6296.396408889541,518
2019-05-27,6100.697265625,6245.344505983006,6092.188659537164,6126.223083888507,17814
2019-05-28,6151.74951171875,6151.74951171875,6083.680193022008,6100.697405588092,285516
2019-05-29,6126.22314453125,6151.749431479838,6083.680113670943,6092.188719843004,82668
2019-05-30,6126.22314453125,6262.36178014904,6126.22314453125,6262.36178014904,11410
2019-05-31,6270.87060546875,6296.396424876984,6126.223358623922,6211.309891750452,21873
2019-06-03,6211.3095703125,6449.5519444241245,6083.680011443798,6279.378886977592,19900
2019-06-04,6202.80126953125,6270.870589546121,6092.188917277346,6270.870589546121,2773
2019-06-05,6228.3271484375,6236.836223399099,6083.680369009082,6236.836223399099,8072
2019-06-06,6202.80126953125,6287.887802441734,6083.68031082954,6083.68031082954,7013
2019-06-07,6211.3095703125,6287.88749300668,6202.800964283413,6287.88749300668,642
2019-06-10,6202.80126953125,6202.80126953125,6109.206130172959,6202.80126953125,789
2019-06-11,6126.22314453125,6202.801068512206,6083.680113670943,6126.22314453125,47727
2019-06-12,6024.1201171875,6058.154543269644,5658.248163074767,5785.877729315228,30002
2019-06-13,5836.9296875,5853.94690010559,5666.756624579278,5666.756624579278,1240
2019-06-14,5828.4208984375,6100.697228454092,5658.247840852833,6100.697228454092,4419
2019-06-17,5785.87744140625,5862.455364712929,5675.265093711002,5862.455364712929,2401
2019-06-18,5751.84326171875,5785.877687555248,5615.705089940339,5700.791154531584,64019
2019-06-19,5743.33447265625,5751.843078844852,5624.213517583416,5751.843078844852,3777
2019-06-20,5666.7568359375,5734.826157331115,5666.7568359375,5726.317550710966,28198
2019-06-21,5751.84326171875,5768.860474636998,5675.26533515421,5760.351868177874,1702
2019-06-24,5947.5419921875,6126.223191606211,5700.79100600443,5743.334505624052,8366
2019-06-25,5939.033203125,5947.541809100518,5785.8773587009055,5947.541809100518,710
2019-06-26,5794.38623046875,6032.628614008745,5675.26527291496,5675.26527291496,97686
2019-06-27,5785.87744140625,5870.963970810071,5785.87744140625,5794.386047503392,49756
2019-06-28,5785.87744140625,6177.275195604388,5785.87744140625,6041.137029617713,3980
2019-07-01,5785.87744140625,5947.54189411675,5785.87744140625,5785.87744140625,33407
2019-07-02,5700.791015625,5700.791015625,5700.791015625,5700.791015625,5919
2019-07-03,5777.369140625,5828.421248338196,5700.791213271416,5819.912641791401,8546
2019-07-04,5828.4208984375,5828.4208984375,5700.790871032802,5785.877399825135,7001
2019-07-05,5709.30029296875,5828.421253154751,5709.30029296875,5709.30029296875,1567
2019-07-08,5743.33447265625,5785.877503599261,5709.300047901842,5709.300047901842,2514
2019-07-09,5700.791015625,5785.877546575428,5700.791015625,5785.877546575428,27567
2019-07-10,5734.82568359375,5785.8773190974125,5734.82568359375,5743.334289511027,7103
2019-07-11,5768.8603515625,5768.8603515625,5700.791032909296,5734.825926452102,22268
2019-07-12,5819.91259765625,5828.421204138521,5743.334670883394,5811.403991173979,4645
2019-07-15,5819.91259765625,5819.91259765625,5819.91259765625,5819.91259765625,902
2019-07-16,5947.5419921875,5947.5419921875,5700.79100600443,5862.455461380662,28582
2019-07-17,6024.1201171875,6041.137330228572,5956.050796590791,6041.137330228572,15672
2019-07-18,5998.59375,5998.59375,5956.050717958973,5956.050717958973,14668
2019-07-19,6041.13720703125,6083.6802387663465,5956.050675128644,6083.6802387663465,20892
2019-07-22,6151.74951171875,6168.766724284833,6151.74951171875,6168.766724284833,620
2019-07-23,6338.939453125,6466.569486948475,6211.309887733945,6211.309887733945,24027
2019-07-25,6253.85302734375,6296.396057206557,5947.541807034364,5947.541807034364,1195
2019-07-26,6126.22314453125,6126.22314453125,5870.964022504599,5947.541946485556,23869
2019-07-29,6126.22314453125,6126.22314453125,5870.964022504599,5956.050552657617,21546
2019-07-30,6126.22314453125,6126.22314453125,5836.929597816353,5836.929597816353,124
2019-07-31,6109.2060546875,6126.223267372849,5828.421108514431,5836.929714857105,4961
2019-08-01,6109.2060546875,6109.2060546875,5836.929714857105,6109.2060546875,1522
2019-08-02,5947.5419921875,5956.050598424943,5785.877536811267,5785.877536811267,146
2019-08-05,5913.50732421875,5913.50732421875,5870.964291409862,5870.964291409862,68258
2019-08-06,5785.87744140625,5904.99839519864,5743.334410920539,5785.87744140625,6235
2019-08-07,5777.369140625,6117.714807794089,5777.369140625,6117.714807794089,22
2019-08-08,5990.0849609375,6041.137066262428,5760.351658056332,6041.137066262428,1262
2019-08-09,5887.9814453125,5904.998658264897,5751.843273260903,5768.8604862133,5863
2019-08-12,5998.59375,5998.59375,5956.050717958973,5956.050717958973,124
2019-08-13,5998.59375,5998.59375,5956.050717958973,5956.050717958973,236
2019-08-14,5990.0849609375,5990.0849609375,5760.351658056332,5777.36887035384,3765
2019-08-16,5956.05078125,5956.05078125,5768.860501415505,5768.860501415505,259
2019-08-19,6075.17138671875,6075.17138671875,5743.334347308375,5743.334347308375,14950
2019-08-20,6126.22314453125,6338.939235697593,6126.22314453125,6338.939235697593,1330
2019-08-21,6126.22314453125,6126.22314453125,6117.714538359188,6117.714538359188,5073
2019-08-22,6194.29248046875,6194.29248046875,6194.29248046875,6194.29248046875,22
2019-08-23,6109.2060546875,6194.292586546653,6109.2060546875,6194.292586546653,58720
2019-08-26,5947.5419921875,6211.309722413049,5760.351718098938,6211.309722413049,4194
2019-08-27,6049.64599609375,6117.714848925766,5794.38639267641,5956.050855017302,1894
2019-08-28,6075.17138671875,6075.17138671875,5956.0504342457225,5956.0504342457225,3427
2019-08-29,6024.1201171875,6109.20618239286,5956.050796590791,6109.20618239286,3630
2019-08-30,5998.59375,6015.61096281641,5922.016292326152,6015.61096281641,66297
2019-09-03,6083.68017578125,6083.68017578125,6083.68017578125,6083.68017578125,33858
2019-09-04,5956.05078125,5956.05078125,5956.05078125,5956.05078125,1454
2019-09-05,6083.68017578125,6083.68017578125,6083.68017578125,6083.68017578125,11
2019-09-06,6083.68017578125,6083.68017578125,6083.68017578125,6083.68017578125,11
2019-09-09,5956.05078125,5956.05078125,5785.877714412746,5956.05078125,834
2019-09-10,5785.87744140625,6041.137029617713,5777.368835309107,5785.87744140625,28266
2019-09-11,6058.154296875,6083.680115398433,5870.964024171688,6083.680115398433,34230
2019-09-12,5973.06787109375,6066.6630090812405,5666.75663816171,6041.137190111674,28942
2019-09-13,5887.9814453125,5939.033552602111,5717.808847356109,5717.808847356109,10666
2019-09-16,5956.05078125,5956.05078125,5870.9642478313735,5887.981460828614,1837
2019-09-17,5922.01611328125,5947.541931734124,5615.704886549557,5615.704886549557,28413
2019-09-18,5785.87744140625,5922.016075825323,5641.230669322433,5922.016075825323,4183
2019-09-19,5947.5419921875,5956.050598424943,5649.739368579772,5956.050598424943,4081
2019-09-20,5956.05078125,5956.05078125,5641.230935503775,5785.877714412746,10598
2019-09-23,5956.05078125,5956.05078125,5956.05078125,5956.05078125,45
2019-09-24,5675.26513671875,5870.964015300846,5675.26513671875,5845.438196815981,1262
2019-09-25,5785.87744140625,5998.5935306996025,5615.704851031007,5615.704851031007,22662
2019-09-26,5853.94677734375,5930.5247008954175,5615.704868996786,5904.998414089928,11601
2019-09-27,5828.4208984375,5828.4208984375,5624.213416708858,5785.877399825135,5795
2019-09-30,5717.80859375,5819.912335368122,5649.73927652712,5649.73927652712,10271
2019-10-01,5768.8603515625,5870.964095326102,5700.791032909296,5870.964095326102,3326
2019-10-02,5692.2822265625,5734.825724887611,5530.618244537778,5615.704772755607,7238
2019-10-03,5700.791015625,5700.791015625,5700.791015625,5700.791015625,236
2019-10-04,5615.705078125,5794.38628182309,5581.670183927692,5794.38628182309,383
2019-10-07,5734.82568359375,5734.82568359375,5615.704732319482,5700.7907914922525,405
2019-10-08,5615.705078125,5717.808823852088,5573.1615774864695,5700.791142537225,12819
2019-10-09,5785.87744140625,5785.87744140625,5700.790912002429,5751.843017017681,2942
2019-10-10,5743.33447265625,5743.33447265625,5743.33447265625,5743.33447265625,157
2019-10-11,5777.369140625,5777.369140625,5751.8433209846135,5751.8433209846135,225
2019-10-15,5768.8603515625,5768.8603515625,5768.8603515625,5768.8603515625,112
2019-10-16,5760.3515625,5777.368774515216,5547.635475445008,5760.3515625,23711
2019-10-17,5573.16162109375,5947.542181166558,5573.16162109375,5785.877720653549,16935
2019-10-18,5743.33447265625,5956.050564236111,5547.635593453593,5956.050564236111,22166
2019-10-21,5947.5419921875,5956.050598424943,5743.334505624052,5785.877536811267,41931
2019-10-22,5862.45556640625,5904.998598355622,5743.3346085155945,5743.3346085155945,54492
2019-10-23,5751.84326171875,5870.964220578911,5751.84326171875,5768.860474636998,2875
2019-10-24,5870.9638671875,5904.998290975361,5700.790811383414,5743.334309550631,12357
2019-10-25,5785.87744140625,5785.87744140625,5624.213457128149,5709.29998653197,4149
2019-10-28,6168.7666015625,6185.783813790041,5530.618332435345,5785.877452713247,172090
2019-10-29,6058.154296875,6168.766645575612,5956.050554348866,6168.766645575612,24365
2019-10-30,5956.05078125,6083.68034716173,5956.05078125,5956.05078125,14849
2019-10-31,5768.8603515625,5956.050626534506,5615.704970133302,5956.050626534506,51797
2019-11-01,5760.3515625,5947.541831532168,5649.7392159687,5768.860168507608,15458
2019-11-04,5615.705078125,5870.964208226511,5615.705078125,5870.964208226511,11342
2019-11-05,5709.30029296875,5785.877751953192,5530.618618473537,5547.635831581191,15942
2019-11-06,5573.16162109375,5709.300262083365,5445.532055044356,5709.300262083365,35020
2019-11-07,5573.16162109375,5581.6702276015485,5573.16162109375,5573.16162109375,28683
2019-11-11,5615.705078125,5683.77392965478,5539.127151721579,5539.127151721579,1747
2019-11-12,5649.7392578125,5658.247863883125,5556.14412260322,5658.247863883125,6629
2019-11-13,5658.248046875,5658.248046875,5573.161514984586,5649.7394405292,3833
2019-11-14,5649.7392578125,5658.247863883125,5573.161334744472,5658.247863883125,5209
2019-11-15,5658.248046875,5658.248046875,5641.2308341834,5641.2308341834,4915
2019-11-18,5700.791015625,5828.421046266846,5530.618422156551,5828.421046266846,12763
2019-11-19,5658.248046875,5658.248046875,5445.53195136517,5530.618483255585,12503
2019-11-20,5649.7392578125,5658.247863883125,5530.618304391343,5530.618304391343,5344
2019-11-22,5615.705078125,5700.791142537225,5326.411053826181,5700.791142537225,1533
2019-11-25,5232.81591796875,5539.127155350702,5232.81591796875,5530.618548903905,5795
2019-11-26,5590.1787109375,5590.1787109375,5445.5319350596,5445.5319350596,405
2019-11-27,5658.248046875,5658.248046875,5658.248046875,5658.248046875,11
2019-11-28,5615.705078125,5615.705078125,5275.358946746428,5275.358946746428,575
2019-11-29,5717.80859375,5717.80859375,5607.196246033069,5607.196246033069,902
2019-12-02,5573.16162109375,5573.16162109375,5368.95412804175,5368.95412804175,620
2019-12-03,5564.65283203125,5658.247968978958,5292.3764958491965,5658.247968978958,1713
2019-12-04,5615.705078125,5615.705078125,5241.324520981538,5241.324520981538,124
2019-12-05,5530.61865234375,5530.61865234375,5496.584225920012,5496.584225920012,18321
2019-12-06,5658.248046875,5658.248046875,5658.248046875,5658.248046875,11
2019-12-09,5513.60107421875,5760.351586324731,5275.358699723172,5760.351586324731,6077
2019-12-10,5607.1962890625,5607.1962890625,5283.867849529304,5292.376455693409,3405
2019-12-11,5530.61865234375,5530.61865234375,5462.549331063846,5462.549331063846,1364
2019-12-12,5573.16162109375,5573.16162109375,5573.16162109375,5573.16162109375,22
2019-12-13,5641.23095703125,5641.23095703125,5641.23095703125,5641.23095703125,11
2019-12-16,5437.0234375,5445.532043990526,5292.376658728625,5360.445510652839,1973
2019-12-17,5420.005859375,5437.02307120961,5360.445149521477,5368.953755438783,7464
2019-12-18,5360.4453125,5360.4453125,5360.4453125,5360.4453125,11500
2019-12-19,5360.4453125,5360.4453125,5360.4453125,5360.4453125,5254
2019-12-20,5462.54931640625,5471.057922989354,5317.902536061062,5471.057922989354,16551
2019-12-23,5360.4453125,5615.704903077202,5190.272720547602,5190.272720547602,4307
2019-12-24,5309.3935546875,5317.902160669981,5309.3935546875,5317.902160669981,1082
2019-12-25,5343.42822265625,5360.445435398402,5309.393797171947,5309.393797171947,6201
2019-12-26,5360.4453125,5530.618372884802,5343.428100148,5530.618372884802,1657
2019-12-27,5402.98876953125,5402.98876953125,5317.902240004695,5343.428058332941,4701
2019-12-30,5360.4453125,5402.988811812402,5198.7813267236015,5198.7813267236015,19674
2019-12-31,5351.9365234375,5351.9365234375,5207.289754955974,5351.9365234375,8535
2020-01-02,5334.91943359375,5351.936645753156,5232.815692204915,5351.936645753156,2954
2020-01-03,5343.42822265625,5343.42822265625,5232.815871399852,5334.919616285175,11680
2020-01-06,5334.91943359375,5402.988750663772,5105.18613257697,5105.18613257697,6336
2020-01-08,5309.3935546875,5309.3935546875,5122.203286208142,5130.711892190623,2401
2020-01-09,5675.26513671875,5675.26513671875,5156.237818697838,5156.237818697838,2807
2020-01-10,5360.4453125,6024.119873254803,5317.902281620001,5530.618372884802,3754
2020-01-13,5360.4453125,5360.4453125,5360.4453125,5360.4453125,56
2020-01-14,5334.91943359375,5360.445251832859,5232.815692204915,5360.445251832859,4577
2020-01-15,5343.42822265625,5700.791095538672,5190.272839544474,5360.445435398402,7125
2020-01-16,5164.74658203125,5343.428253727681,5156.2379756106975,5156.2379756106975,3957
2020-01-17,5300.88525390625,5445.532032368926,5147.729400538787,5445.532032368926,4194
2020-01-20,5300.88525390625,5300.88525390625,5156.238007011154,5156.238007011154,1296
2020-01-21,5615.705078125,5615.705078125,5445.532012435714,5445.532012435714,124
2020-01-22,5947.5419921875,5947.5419921875,5598.6877311551125,5598.6877311551125,6640
2020-01-30,5692.2822265625,5692.2822265625,5547.635456494865,5547.635456494865,3292
2020-01-31,5437.0234375,5437.0234375,5300.885265219153,5360.445510652839,10384
2020-02-03,5275.35888671875,5700.791077668605,5062.642791243823,5079.660472365044,30217
2020-02-04,5020.099609375,5530.618316932138,5020.099609375,5530.618316932138,3743
2020-02-05,5275.35888671875,5360.445418595204,5275.35888671875,5360.445418595204,180
2020-02-06,5190.27294921875,5351.936942117682,5096.677808726769,5105.186415277638,7475
2020-02-10,5232.81591796875,5437.023409556718,5105.186352834375,5275.358950202736,1082
2020-02-11,5513.60107421875,5598.687603079142,4994.573763445993,5351.936622540765,36452
2020-02-12,5870.9638671875,5870.9638671875,5513.601012117788,5513.601012117788,394
2020-02-14,5462.54931640625,5870.964306124928,5462.54931640625,5530.618637503505,451
2020-02-17,5530.61865234375,5530.61865234375,5105.186448317308,5113.695054923242,383
2020-02-18,5530.61865234375,5530.61865234375,5530.61865234375,5530.61865234375,45
2020-02-19,5488.07470703125,5870.963847061696,5156.23767093998,5530.618205052627,1477
2020-02-20,5488.07470703125,5488.07470703125,5445.531677442263,5445.531677442263,225
2020-02-21,5615.705078125,5615.705078125,5479.566438200603,5615.705078125,631
2020-02-24,5224.30712890625,5224.30712890625,5224.30712890625,5224.30712890625,112
2020-02-25,5351.9365234375,5428.514444837078,4935.012961331021,4935.012961331021,9053
2020-02-27,5445.53173828125,5530.618266842225,5020.099563908771,5343.42799769456,462
2020-02-28,5343.42822265625,5343.42822265625,5071.151881917,5079.660488288075,1905
2020-03-02,5258.341796875,5343.42833073924,4994.574057171522,5343.42833073924,1364
2020-03-03,5402.98876953125,5402.98876953125,5402.98876953125,5402.98876953125,11
2020-03-04,5530.61865234375,5530.61865234375,5445.532117851976,5445.532117851976,281
2020-03-05,5360.4453125,5530.618372884802,5351.936706324001,5530.618372884802,462
2020-03-06,5343.42822265625,5351.936829027326,4994.573956144904,5020.099775258131,101
2020-03-09,5343.42822265625,5428.514754799421,4977.5567434027525,4977.5567434027525,1770
2020-03-10,5334.91943359375,5402.988750663772,4977.556572949025,5402.988750663772,124
2020-03-11,5190.27294921875,5334.919729015944,4994.574061683919,5334.919729015944,2784
2020-03-12,5105.18603515625,5547.635416587276,4832.909240504332,5190.272562761999,32483
2020-03-13,4849.9267578125,5343.428274263211,4756.332086826727,5275.358954204777,3675
2020-03-16,5105.18603515625,5105.18603515625,5105.18603515625,5105.18603515625,11
2020-03-17,5105.18603515625,5105.18603515625,5105.18603515625,5105.18603515625,22
2020-03-18,5266.85009765625,5445.531761554718,4764.840467022527,5190.272643213246,1973
2020-03-19,5190.27294921875,5190.27294921875,4900.978921191939,4900.978921191939,405
2020-03-20,5224.30712890625,5360.445295728712,4841.417978454599,5360.445295728712,811
2020-03-23,4866.9443359375,5190.272779601465,4866.9443359375,4875.452942210309,789
2020-03-24,4849.9267578125,5181.764283219004,4543.6159886305895,5181.764283219004,9121
2020-03-25,5105.18603515625,5105.18603515625,4552.124308367468,4935.012979944753,1138
2020-03-26,5105.18603515625,5105.18603515625,5105.18603515625,5105.18603515625,11
2020-03-27,5020.099609375,5020.099609375,4747.823277632792,4747.823277632792,484
2020-03-30,5011.59130859375,5190.272984232226,4671.245638965761,4671.245638965761,8298
2020-03-31,4662.73681640625,4679.754028834646,4662.73681640625,4679.754028834646,3608
2020-04-01,4679.75390625,4679.75390625,4424.494789645684,4424.494789645684,3946
2020-04-03,5003.08251953125,5003.08251953125,4849.92666930292,4849.92666930292,191
2020-04-06,4849.9267578125,5105.186356707317,4679.75416031504,5105.186356707317,3743
2020-04-07,5020.099609375,5105.18613870659,4849.926550711821,5096.677532616671,947
2020-04-08,4977.556640625,5020.09967160194,4688.262624684594,5020.09967160194,33
2020-04-09,4849.9267578125,5020.099823742378,4849.9267578125,4935.013290777439,4791
2020-04-10,4849.9267578125,4849.9267578125,4679.75416031504,4679.75416031504,5017
2020-04-13,4935.01318359375,4935.01318359375,4926.504577325297,4926.504577325297,56
2020-04-14,4935.01318359375,4935.01318359375,4679.754058675331,4935.01318359375,4667
2020-04-15,4764.8408203125,5062.642990980681,4764.8408203125,5062.642990980681,3393
2020-04-16,4935.01318359375,4935.01318359375,4764.840589792274,4764.840589792274,31310
2020-04-17,4764.8408203125,5105.1864928135865,4764.8408203125,5105.1864928135865,3393
2020-04-20,5096.677734375,5096.677734375,4764.840678434777,4849.926742702205,22786
2020-04-21,5317.90234375,5428.514693762704,5105.18625,5147.729281377036,39090
2020-04-22,5343.42822265625,5402.988935686194,5130.71212651453,5402.988935686194,18671
2020-04-23,5709.30029296875,5709.30029296875,5624.213758998057,5709.30029296875,119639
2020-04-24,5666.7568359375,5709.30033747067,5666.7568359375,5709.30033747067,12943
2020-04-27,5368.9541015625,5700.791159027301,5368.9541015625,5666.756733163963,9764
2020-04-28,5317.90234375,5683.77381888974,5130.712068826222,5130.712068826222,31806
2020-04-29,5496.583984375,5522.109803071083,5275.358817045062,5522.109803071083,25560
2020-05-04,5445.53173828125,5496.583842790793,5232.815651095011,5496.583842790793,48662
2020-05-05,5385.9716796875,5402.98889229298,5275.358860887056,5317.902360833167,8287
2020-05-06,5505.0927734375,5726.31747968216,5122.20360655044,5530.618592981325,26360
2020-05-07,5360.4453125,5360.4453125,5326.410887796002,5343.428100148,15909
2020-05-08,5454.04052734375,5496.584027268289,5360.445389628658,5496.584027268289,25154
2020-05-11,5462.54931640625,5530.618637503505,5377.4627821427885,5454.040709823146,13586
2020-05-12,5479.56640625,5479.56640625,5275.3589159865305,5360.4454483350455,16078
2020-05-13,5402.98876953125,5479.566224515989,5283.867815567032,5479.566224515989,32088
2020-05-14,5394.48046875,5402.989075341004,5360.445573953559,5402.989075341004,42224
2020-05-15,5334.91943359375,5402.988750663772,5317.902221434344,5360.445251832859,21704
2020-05-18,5437.0234375,5513.601364347161,5317.902478200205,5505.092757856633,9065
2020-05-19,5309.3935546875,5471.057536787023,5207.289814465341,5471.057536787023,95397
2020-05-20,5258.341796875,5394.480438430753,5232.815977245455,5394.480438430753,18592
2020-05-21,5402.98876953125,5462.549012297159,5266.850134915801,5394.480163421835,55653
2020-05-22,5394.48046875,5462.549321478028,5292.376721225531,5462.549321478028,81495
2020-05-25,5385.9716796875,5462.549136412162,5300.885148227687,5394.48028599024,27995
2020-05-26,5368.9541015625,5445.532028187429,5309.393856301659,5394.480389392423,33159
2020-05-27,5292.37646484375,5377.46252663191,5275.358784053714,5377.46252663191,66815
2020-05-28,5377.46240234375,5437.023112651252,5275.358662125456,5317.902160468641,260238
2020-05-29,5700.791015625,5743.334515316418,5377.4625727592975,5402.988859947111,227416
2020-06-01,5802.89453125,5947.541768716416,5700.79079180469,5700.79079180469,129921
2020-06-02,5488.07470703125,5853.946635226101,5488.07470703125,5853.946635226101,38673
2020-06-03,5522.10986328125,5573.161501230056,5454.040544250431,5496.584044306847,74054
2020-06-04,5428.5146484375,5573.161422344109,5402.988829824405,5573.161422344109,139573
2020-06-05,5505.0927734375,5615.70512655983,5343.4283127950985,5445.53205940282,63083
2020-06-08,5564.65283203125,5777.368924612658,5513.601194659267,5777.368924612658,122998
2020-06-09,5581.669921875,5658.247844683178,5573.161315833246,5615.70481447441,136664
2020-06-10,5743.33447265625,5785.877503599261,5556.144199642195,5658.247942337825,199657
2020-06-11,5751.84326171875,6117.7147447583575,5743.334655259625,5743.334655259625,437639
2020-06-12,5700.791015625,5743.334515316418,5385.971647443507,5402.988859947111,132966
2020-06-15,5334.91943359375,5700.790900318178,5334.91943359375,5700.790900318178,103470
2020-06-16,5394.48046875,5607.196570389941,5334.919754180549,5334.919754180549,23452
2020-06-17,5445.53173828125,5581.669902919373,5411.497314229819,5411.497314229819,59306
2020-06-18,5445.53173828125,5547.635478867941,5241.324257107869,5445.53173828125,97675
2020-06-19,5445.53173828125,5445.53173828125,5351.936603707418,5437.023132268392,78237
2020-06-22,5445.53173828125,5462.548950306967,5368.9538157331335,5462.548950306967,53759
2020-06-23,5445.53173828125,5530.618266842225,5402.98870821696,5445.53173828125,64526
2020-06-24,5811.40380859375,5819.9124148087,5454.040473836191,5462.549080051142,245670
2020-06-25,5615.705078125,5785.877675381867,5471.057831759381,5471.057831759381,85036
2020-06-26,5615.705078125,5658.248110331112,5402.988980229601,5615.705078125,51774
2020-06-29,5402.98876953125,5420.0059817500805,5377.462482770604,5402.98876953125,75012
2020-06-30,5428.5146484375,5479.56628566369,5377.462542778905,5402.988829824405,32201
2020-07-01,5437.0234375,5564.65300329032,5428.514831009473,5522.109970837687,17487
2020-07-02,5437.0234375,5437.0234375,5368.954117143366,5437.0234375,54717
2020-07-03,5394.48046875,5513.601429456476,5368.954180544562,5368.954180544562,13067
2020-07-06,5522.10986328125,5658.248032910477,5360.445406245208,5445.53193792563,30859
2020-07-07,5428.5146484375,5785.877514318044,5428.5146484375,5530.618391322285,117158
2020-07-08,5530.61865234375,5700.791252894871,5462.549331063846,5573.161685373424,30126
2020-07-09,5632.72216796875,5700.791018011664,5530.618424471971,5615.704955458022,7204
2020-07-10,5632.72216796875,5700.791018011664,5496.583999450514,5700.791018011664,13552
2020-07-13,5530.61865234375,5632.722400047393,5530.61865234375,5632.722400047393,9245
2020-07-14,5530.61865234375,5615.705186835524,5530.61865234375,5530.61865234375,19889
2020-07-15,5573.16162109375,5692.282580635347,5496.584162523566,5675.265367619751,10124
2020-07-16,5573.16162109375,5649.739548096356,5530.618588554759,5530.618588554759,125051
2020-07-17,5573.16162109375,5615.705122065163,5547.635801570355,5573.16162109375,9865
2020-07-20,5530.61865234375,5573.161685373424,5530.61865234375,5530.61865234375,15007
2020-07-21,5454.04052734375,5530.618452461991,5428.514708448473,5530.618452461991,33588
2020-07-22,5377.46240234375,5530.618246887387,5377.46240234375,5488.0747485442025,31524
2020-07-23,5462.54931640625,5700.791237598003,5445.5321032400425,5445.5321032400425,112592
2020-07-24,5420.005859375,5530.618204732352,5420.005859375,5454.040283044219,185676
2020-07-27,5122.20361328125,5445.5320665585,5122.20361328125,5402.989033929554,46227
2020-07-28,5198.78125,5445.531762327255,5071.151690811157,5071.151690811157,52237
2020-07-29,5445.53173828125,5556.144084880799,5105.186092469746,5556.144084880799,25707
2020-07-30,5479.56640625,5488.07501264161,5351.936841943435,5360.4454483350455,2841
2020-07-31,5215.798828125,5462.549357768232,5207.2902214774695,5215.798828125,23125
2020-08-03,5437.0234375,5437.0234375,5275.358977315152,5275.358977315152,9922
2020-08-04,5445.53173828125,5445.53173828125,5445.53173828125,5445.53173828125,67
2020-08-05,5445.53173828125,5445.53173828125,5190.272621030721,5232.815651095011,24004
2020-08-06,5232.81591796875,5275.358950202736,4935.013287033595,5275.358950202736,46486
2020-08-07,5275.35888671875,5275.35888671875,5232.815854996729,5232.815854996729,5310
2020-08-10,5275.35888671875,5615.705014224564,5122.203504087064,5615.705014224564,22572
2020-08-11,5105.18603515625,5105.18603515625,5105.18603515625,5105.18603515625,3258
2020-08-12,5105.18603515625,5266.850016018023,5105.18603515625,5105.18603515625,11297
2020-08-13,5113.69482421875,5113.69482421875,5105.186217996682,5105.186217996682,5051
2020-08-14,5232.81591796875,5266.850343755938,5113.694959281172,5241.324524415547,10294
2020-08-17,5122.20361328125,5224.30736002314,5113.695006755461,5224.30736002314,18152
2020-08-18,5198.78125,5207.289856050429,5122.203327113735,5122.203327113735,6144
2020-08-19,5232.81591796875,5249.833130862345,5147.72938506836,5249.833130862345,8805
2020-08-20,5232.81591796875,5317.90245086914,5113.694959281172,5317.90245086914,20543
2020-08-21,5258.341796875,5258.341796875,5190.272944529546,5190.272944529546,980
2020-08-24,5275.35888671875,5275.35888671875,5232.815854996729,5249.833067685538,4307
2020-08-25,5266.85009765625,5309.393596334759,5173.255431114801,5309.393596334759,39045
2020-08-26,5292.37646484375,5317.902283380198,5190.272722265554,5190.272722265554,19235
2020-08-27,5343.42822265625,5445.531967541573,5190.272839544474,5445.531967541573,9155
2020-08-28,5343.42822265625,5462.549180283724,5147.729339256681,5462.549180283724,37929
2020-08-31,5317.90234375,5351.9367688516295,5156.237887652444,5156.237887652444,4397
2020-09-01,5283.86767578125,5283.86767578125,5105.186015345784,5105.186015345784,1251
2020-09-03,5190.27294921875,5275.359014727438,5190.27294921875,5275.359014727438,4994
2020-09-04,5275.35888671875,5275.35888671875,5190.2728232747095,5190.2728232747095,52879
2020-09-07,5266.85009765625,5351.936626580873,5266.85009765625,5351.936626580873,563
2020-09-08,5266.85009765625,5266.85009765625,5190.272643213246,5198.781249262469,28164
2020-09-09,5232.81591796875,5232.81591796875,5190.272885734764,5190.272885734764,462
2020-09-10,5249.8330078125,5249.8330078125,5190.272764080941,5198.781370328306,5885
2020-09-11,5207.2900390625,5275.358889858242,5173.255613664629,5275.358889858242,676
2020-09-14,5224.30712890625,5224.30712890625,5173.255492009977,5181.764098159356,38673
2020-09-15,5190.27294921875,5224.307375422225,5173.255736117013,5181.7643426678815,63173
2020-09-16,5266.85009765625,5266.85009765625,5190.272643213246,5190.272643213246,13248
2020-09-17,5275.35888671875,5309.393780528779,5190.2728232747095,5190.2728232747095,16100
2020-09-18,5258.341796875,5266.8504034181815,5190.272944529546,5232.815977245455,6584
2020-09-21,5258.341796875,5351.936937282421,5190.272944529546,5190.272944529546,3258
2020-09-22,5198.78125,5326.410809188842,5198.78125,5326.410809188842,21005
2020-09-23,5198.78125,5317.902203138413,5198.78125,5317.902203138413,9628
2020-09-24,5309.3935546875,5309.3935546875,5300.884948705019,5300.884948705019,157
2020-09-25,5232.81591796875,5309.393844422343,5190.272885734764,5309.393844422343,5118
2020-09-28,5207.2900390625,5232.815858110904,5198.781432713033,5198.781432713033,52879
2020-09-29,5215.798828125,5224.30743477253,5215.798828125,5215.798828125,47355
2020-09-30,5215.798828125,5215.798828125,5198.78161482994,5198.78161482994,4295
2020-10-01,5215.798828125,5445.532144473172,5215.798828125,5445.532144473172,4216
2020-10-02,5224.30712890625,5445.531825654902,5215.798522756872,5215.798522756872,21625
2020-10-05,5309.3935546875,5309.3935546875,5224.307026430302,5224.307026430302,2097
2020-10-06,5275.35888671875,5275.35888671875,5241.324461341133,5241.324461341133,2559
2020-10-07,5249.8330078125,5258.341614059866,5190.272764080941,5190.272764080941,3044
2020-10-08,5249.8330078125,5258.341614059866,5207.289976575672,5249.8330078125,4295
2020-10-09,5249.8330078125,5275.358826554597,5190.272764080941,5232.815795317769,51571
2020-10-12,5258.341796875,5258.341796875,5190.272944529546,5190.272944529546,2987
2020-10-13,5258.341796875,5258.341796875,5190.272944529546,5258.341796875,6099
2020-10-14,5275.35888671875,5275.35888671875,4900.978802267732,5249.833067685538,19629
2020-10-15,5258.341796875,5266.8504034181815,5232.815977245455,5266.8504034181815,1623
2020-10-16,5232.81591796875,5258.3417373091415,5232.81591796875,5249.833130862345,3833
2020-10-19,5249.8330078125,5402.988857129894,5190.272764080941,5402.988857129894,5039
2020-10-20,5249.8330078125,5249.8330078125,4977.556671031988,5249.8330078125,18073
2020-10-21,5232.81591796875,5249.833130862345,5105.186352834375,5249.833130862345,24680
2020-10-22,5232.81591796875,5232.81591796875,5232.81591796875,5232.81591796875,11
2020-10-23,5215.798828125,5215.798828125,5190.273008182409,5215.798828125,2063
2020-10-26,5190.27294921875,5215.7987688713565,4858.435888437594,5215.7987688713565,35550
2020-10-27,5190.27294921875,5266.8504081765695,4935.013347395414,4935.013347395414,5592
2020-10-28,5190.27294921875,5190.27294921875,5190.27294921875,5190.27294921875,11
2020-10-29,5190.27294921875,5190.27294921875,5190.27294921875,5190.27294921875,1138
2020-10-30,5088.1689453125,5181.764081079567,4935.013098263701,5181.764081079567,9166
2020-11-02,5020.099609375,5088.168926526751,5020.099609375,5088.168926526751,56
2020-11-03,4858.435546875,5003.082316503092,4849.92647248992,4994.573710550404,34208
2020-11-04,5105.18603515625,5190.272562761999,4858.43552668873,4858.43552668873,33543
2020-11-05,5249.8330078125,5249.8330078125,4858.435715136463,4858.435715136463,22
2020-11-06,4935.01318359375,4935.01318359375,4935.01318359375,4935.01318359375,1127
2020-11-09,5096.677734375,5181.7642670748455,4935.013275402052,5181.7642670748455,541
2020-11-10,4935.01318359375,5105.186245827635,4935.01318359375,5105.186245827635,11771
2020-11-11,5105.18603515625,5105.18603515625,5088.168823321578,5105.18603515625,5648
2020-11-12,5105.18603515625,5105.18603515625,5096.677429238915,5096.677429238915,157
2020-11-13,5096.677734375,5096.677734375,5096.677734375,5096.677734375,90
2020-11-16,5079.66064453125,5096.677857796827,4900.978968377836,4900.978968377836,4803
2020-11-17,5096.677734375,5105.186340801743,4824.400923421977,4824.400923421977,6528
2020-11-18,5096.677734375,5096.677734375,4935.013275402052,5020.099808101897,5344
2020-11-19,5096.677734375,5096.677734375,5088.1691279482575,5088.1691279482575,2255
2020-11-20,5054.13427734375,5054.13427734375,4935.013317910859,4935.013317910859,8253
2020-11-23,4960.53955078125,4960.53955078125,4960.53955078125,4960.53955078125,33
2020-11-24,5096.677734375,5105.186340801743,4960.539563114698,4960.539563114698,518
2020-11-25,5054.13427734375,5054.13427734375,4832.909571478034,4832.909571478034,7294
2020-11-26,4935.01318359375,5062.642746052959,4892.470152251483,5020.099714710692,12357
2020-11-27,5020.099609375,5020.099609375,4935.013080043411,4986.065185015324,5896
2020-11-30,4977.556640625,5003.082459211164,4764.840548875491,4849.9266108293705,5186
2020-12-01,5020.099609375,5020.099609375,4645.719536121364,4943.521686133329,3562
2020-12-02,5003.08251953125,5011.591125829223,4679.754074911055,4849.92666930292,6032
2020-12-03,4935.01318359375,5020.099714710692,4935.01318359375,5020.099714710692,6438
2020-12-04,4935.01318359375,4935.01318359375,4849.926652476807,4935.01318359375,11094
2020-12-07,5079.66064453125,5275.359065517812,4892.470361745048,4935.0133949089895,14939
2020-12-08,4935.01318359375,5020.099714710692,4935.01318359375,5020.099714710692,11928
2020-12-09,4994.57373046875,5011.590942441992,4943.521626116634,4994.57373046875,22764
2020-12-10,4935.01318359375,4994.573895905332,4875.452939714576,4994.573895905332,49767
2020-12-11,5105.18603515625,5105.18603515625,4935.012979944753,4935.012979944753,8050
2020-12-14,5088.1689453125,5096.677551433833,4935.013098263701,4935.013098263701,12346
2020-12-15,5079.66064453125,5079.66064453125,4935.0133949089895,4952.030608174567,5581
2020-12-16,5105.18603515625,5105.18603515625,4952.030191779425,4952.030191779425,47309
2020-12-17,5105.18603515625,5113.694641073586,5105.18603515625,5113.694641073586,23474
2020-12-18,5105.18603515625,5105.18603515625,4858.43552668873,4858.43552668873,1510
2020-12-21,4935.01318359375,5105.186245827635,4849.926652476807,5105.186245827635,8771
2020-12-22,5037.11669921875,5079.660197067493,4764.840374089297,4849.926432922009,25402
2020-12-23,5062.642578125,5062.642578125,5020.099548193886,5020.099548193886,37782
2020-12-24,5020.099609375,5105.18613870659,5020.099609375,5105.18613870659,35527
2020-12-25,5088.1689453125,5096.677551433833,4943.521704385034,4952.030310506368,6607
2020-12-28,5105.18603515625,5232.815592348678,5020.099507550502,5232.815592348678,6505
2020-12-29,5147.7294921875,5190.272993739192,4977.556891278015,4977.556891278015,37173
2020-12-30,5198.78125,5292.376384987124,5190.27264394957,5190.27264394957,32550
2020-12-31,5224.30712890625,5283.867840384303,5164.746417428197,5283.867840384303,12120
2021-01-04,5275.35888671875,5351.936812250799,5190.2728232747095,5190.2728232747095,14770
2021-01-05,5641.23095703125,5641.23095703125,5105.18640341045,5275.359002464677,141050
2021-01-06,6032.62841796875,6032.62841796875,5879.472571496341,5913.506995853588,171718
2021-01-07,6168.7666015625,6432.534327954172,5964.559117967218,6432.534327954172,87719
2021-01-08,5870.9638671875,6083.679952726412,5853.946655293569,6041.136922991585,50399
2021-01-11,5870.9638671875,5939.033183195613,5700.790811383414,5939.033183195613,64493
2021-01-12,5896.48974609375,5896.48974609375,5709.299944889545,5870.963927988503,44536
2021-01-13,6304.90478515625,6304.90478515625,5896.4898168423815,5956.050528234988,367339
2021-01-14,6551.6552734375,6636.741802896668,6381.482682951565,6628.233196793991,104857
2021-01-15,6381.48291015625,6594.199007161458,6143.240993934197,6594.199007161458,38109
2021-01-18,6287.8876953125,6296.396301615342,6083.68020717947,6083.68020717947,63252
2021-01-19,5853.94677734375,6279.3789572915,5853.94677734375,6049.6456550689,192126
2021-01-20,5904.99853515625,6126.223235790113,5547.635665309026,5547.635665309026,27511
2021-01-21,6024.1201171875,6024.1201171875,5870.964262953009,6015.611042234542,58630
2021-01-22,6117.71484375,6117.71484375,5632.722394002497,5956.050849978308,87155
2021-01-25,5947.5419921875,6117.714585368768,5709.300080674279,6117.714585368768,101249
2021-01-26,5683.77392578125,5947.542130576641,5615.705074297859,5947.542130576641,24692
2021-01-27,5615.705078125,5862.455601785288,5615.705078125,5862.455601785288,19280
2021-01-28,5224.30712890625,5615.70488550728,5224.30712890625,5360.445295728712,89072
2021-01-29,5496.583984375,5547.635621767166,4866.944312610515,4892.470131306598,29427
2021-02-01,5394.48046875,5488.075141251039,5122.203652540607,5488.075141251039,8907
2021-02-02,5275.35888671875,5275.35888671875,5062.642791243823,5190.2728232747095,8343
2021-02-03,5360.4453125,5394.480205636402,5105.186190355202,5292.376463092002,23113
2021-02-04,5360.4453125,5360.4453125,5275.3587823076,5283.867856916003,2593
2021-02-05,5360.4453125,5428.514630340402,5317.902281620001,5360.4453125,14544
2021-02-08,5190.27294921875,5420.006262957056,5190.27294921875,5420.006262957056,451
2021-02-09,5232.81591796875,5232.81591796875,5105.186352834375,5190.272885734764,9583
2021-02-17,5505.0927734375,5581.670232068975,5360.445525824315,5420.006239858995,39688
2021-02-18,5505.0927734375,5692.282585191304,5505.0927734375,5530.618592981325,25819
2021-02-19,5505.0927734375,5530.618592981325,5488.075091975861,5530.618592981325,7554
2021-02-22,5607.1962890625,5607.1962890625,5505.092546660838,5505.092546660838,3157
2021-02-23,5530.61865234375,5598.687973623655,5368.954189966137,5598.687973623655,3720
2021-02-24,5573.16162109375,5870.964254163952,5530.618588554759,5530.618588554759,52428
2021-02-25,5819.91259765625,5862.455630067603,5573.16160437314,5573.16160437314,33374
2021-02-26,5573.16162109375,5819.912615117163,5530.618588554759,5700.791187143145,20971
2021-03-01,5700.791015625,5947.542002224483,5573.161453415561,5573.161453415561,4059
2021-03-02,5700.791015625,5913.507108784867,5615.704953106979,5836.929652518648,8794
2021-03-03,5700.791015625,5700.791015625,5615.704953106979,5615.704953106979,61223
2021-03-04,5717.80859375,5956.050501381484,5717.80859375,5956.050501381484,11838
2021-03-05,5615.705078125,5734.826036734533,5615.705078125,5624.213684566223,17701
2021-03-08,5947.5419921875,5956.050598424943,5632.7221561048855,5700.79100600443,104068
2021-03-09,5956.05078125,6168.766880580358,5939.033568252759,6126.2233796548335,109818
2021-03-10,6211.3095703125,6338.939129181202,6041.136981298363,6253.853068890331,75542
2021-03-11,6083.68017578125,6211.309738097588,5998.593644759555,6211.309738097588,45776
2021-03-12,6041.13720703125,6041.13720703125,6024.119994337212,6041.13720703125,15897
2021-03-15,6109.2060546875,6211.309799232002,5870.964140227801,5956.050672086954,28187
2021-03-16,6041.13720703125,6041.13720703125,5956.050675128644,5998.593706863741,23452
2021-03-17,6075.17138671875,6202.800945194679,5964.559040248625,6202.800945194679,28864
2021-03-18,6049.64599609375,6075.171815905756,5879.472927148857,6075.171815905756,19956
2021-03-19,5956.05078125,6049.645921167248,5870.9642478313735,5964.559387748621,14544
2021-03-22,5785.87744140625,5956.050500213892,5700.790912002429,5956.050500213892,55698
2021-03-23,5998.59375,5998.59375,5853.946972628094,5853.946972628094,44536
2021-03-24,5956.05078125,5998.593813743103,5794.386320911367,5998.593813743103,28751
2021-03-25,5870.9638671875,5998.593424824369,5802.894551179387,5956.050395089543,17476
2021-03-26,5717.80859375,5794.386048639291,5709.29998765119,5709.29998765119,20633
2021-03-29,5785.87744140625,5939.033288019607,5717.808592629112,5717.808592629112,14770
2021-03-30,5870.9638671875,5870.9638671875,5785.877339285456,5785.877339285456,28751
2021-03-31,5836.9296875,5870.96411271118,5777.368974948024,5870.96411271118,38560
2021-04-01,5981.57666015625,5998.59387332251,5836.929879810614,5836.929879810614,19731
2021-04-02,5947.5419921875,5973.067810899829,5939.033385950057,5973.067810899829,20633
2021-04-05,5819.91259765625,5998.593802216355,5785.877703294747,5947.542163322731,24354
2021-04-06,6219.818359375,6219.818359375,5785.877565392205,5870.964096619351,202724
2021-04-07,6389.9912109375,6585.6900857714745,6236.835834529222,6381.48260493884,86592
2021-04-08,6458.060546875,6466.569152899373,6381.48262422325,6458.060546875,84224
2021-04-09,6636.74169921875,6636.74169921875,6432.534219079799,6458.060505421462,206332
2021-04-12,6636.74169921875,6849.457785327459,6551.655171088789,6840.949179357702,93131
2021-04-13,6466.5693359375,6721.828460758657,6466.5693359375,6721.828460758657,82194
2021-04-14,6551.6552734375,6577.18156017793,6338.9391840057815,6424.025713464949,93808
2021-04-15,6304.90478515625,6577.181586842963,6253.853148333217,6551.655299999045,35854
2021-04-16,6466.5693359375,6721.828460758657,6253.853242442401,6253.853242442401,84788
2021-04-19,6296.396484375,6466.5695522361175,6262.362058175746,6466.5695522361175,9358
2021-04-20,5870.9638671875,6296.396038265324,5870.9638671875,6296.396038265324,90651
2021-04-22,5870.9638671875,5956.050395089543,5785.877339285456,5870.9638671875,17476
2021-04-23,5956.05078125,5956.05078125,5700.791180994119,5700.791180994119,23339
2021-04-26,5743.33447265625,5956.050564236111,5743.33447265625,5956.050564236111,42281
2021-04-27,5785.87744140625,5785.87744140625,5700.790912002429,5743.334410920539,3608
2021-04-28,5700.791015625,6117.714595692933,5496.583997149342,5496.583997149342,47806
2021-04-29,5785.87744140625,5956.050500213892,5658.247881516718,5956.050500213892,37658
2021-05-04,5615.705078125,5785.877675381867,5496.584119515467,5496.584119515467,23564
2021-05-05,5836.9296875,5836.9296875,5471.057742750169,5471.057742750169,52654
2021-05-06,5777.369140625,5836.929854884992,5581.670253183856,5624.213754350258,34276
2021-05-07,5777.369140625,5819.912641791401,5530.618613903084,5819.912641791401,50061
2021-05-10,5522.10986328125,5615.705001286473,5522.10986328125,5615.705001286473,25707
2021-05-11,5522.10986328125,5615.705001286473,5445.53193792563,5513.601256956449,32246
2021-05-12,5573.16162109375,5615.705122065163,5496.584162523566,5522.109982046961,38560
2021-05-13,5530.61865234375,5573.161685373424,5530.61865234375,5573.161685373424,27849
2021-05-14,5488.07470703125,5530.618205052627,5488.07470703125,5513.600993217032,20858
2021-05-17,5488.07470703125,5530.618205052627,5488.07470703125,5488.07470703125,13868
2021-05-18,5530.61865234375,5785.877787386645,5522.110045737815,5785.877787386645,13642
2021-05-19,5420.005859375,5607.196126420484,5411.497253457696,5607.196126420484,17138
2021-05-20,5445.53173828125,5615.7047954032,5445.53173828125,5615.7047954032,2706
2021-05-21,5513.60107421875,5530.61828630435,5334.919410455166,5445.531757443957,4848
2021-05-24,5530.61865234375,5530.61865234375,5513.601439131881,5513.601439131881,4848
2021-05-25,5530.61865234375,5530.61865234375,5488.07515088165,5530.61865234375,23452
2021-05-26,5488.07470703125,5488.07470703125,5488.07470703125,5488.07470703125,4510
2021-05-27,5700.791015625,5785.877546575428,5454.040497457924,5488.074922465133,19393
2021-05-28,5556.14404296875,5743.334310704369,5462.548909100939,5471.057515049614,6877
2021-05-31,5445.53173828125,5530.618266842225,5394.480102204102,5530.618266842225,17927
2021-06-01,5445.53173828125,5445.53173828125,5428.514526255534,5428.514526255534,19956
2021-06-02,5615.705078125,5743.334643175755,5445.532012435714,5445.532012435714,21197
2021-06-03,5615.705078125,5615.705078125,5471.057831759381,5615.705078125,20295
2021-06-04,5556.14404296875,5624.213358990536,5547.635437020075,5615.704753041862,47918
2021-06-07,5496.583984375,5683.773789912015,5496.583984375,5683.773789912015,29878
2021-06-08,5530.61865234375,5700.791252894871,5530.61865234375,5547.63586555562,69454
2021-06-09,5530.61865234375,5675.2654330770665,5488.07515088165,5675.2654330770665,25707
2021-06-10,5641.23095703125,5760.351916898936,5471.057889544599,5530.618603694654,38447
2021-06-11,5624.21337890625,5641.230590863857,5573.161274601033,5615.704772927445,34952
2021-06-14,5530.61865234375,5624.213793441459,5530.61865234375,5624.213793441459,29540
2021-06-15,5547.6357421875,5692.282519704167,5530.618529354058,5530.618529354058,14770
2021-06-16,5607.1962890625,5607.1962890625,5530.618365153153,5547.635577481363,25707
2021-06-17,5607.1962890625,5615.704895226605,5530.618365153153,5607.1962890625,35065
2021-06-18,5641.23095703125,5658.24817009343,5615.705137437979,5649.73956356234,34276
2021-06-21,5862.45556640625,5862.45556640625,5641.230863404687,5641.230863404687,70243
2021-06-22,5870.9638671875,5956.050395089543,5828.420837452673,5956.050395089543,46002
2021-06-23,5709.30029296875,5947.542213340752,5709.30029296875,5947.542213340752,11951
2021-06-24,5700.791015625,5794.38615282723,5649.739378114187,5785.877546575428,18265
2021-06-25,5700.791015625,5700.791015625,5641.230771862385,5641.230771862385,4397
2021-06-28,5700.791015625,5768.860334071825,5658.247984365989,5700.791015625,32584
2021-06-29,5683.77392578125,5717.808819955363,5683.77392578125,5700.791138652097,9583
2021-06-30,5794.38623046875,5862.455549827665,5683.773879280772,5700.791092012398,57502
2021-07-01,5922.01611328125,5956.050537885082,5794.386084152076,5802.894690303035,75091
2021-07-02,5870.9638671875,5922.015971301682,5802.894551179387,5922.015971301682,37996
2021-07-05,5785.87744140625,5853.946758615786,5717.808592629112,5819.912334227218,20746
2021-07-06,5777.369140625,5777.369140625,5530.618613903084,5530.618613903084,12177
2021-07-07,5709.30029296875,5717.808899522577,5454.040691056671,5530.618618473537,25594
2021-07-08,5717.80859375,5717.80859375,5615.704852131878,5700.79091311998,8569
2021-07-09,5692.2822265625,5709.29990695198,5530.618244537778,5709.29990695198,12966
2021-07-12,5479.56640625,5615.70504538059,5309.393809985385,5615.70504538059,36080
2021-07-13,5428.5146484375,5666.756559024529,5105.186207374417,5666.756559024529,80841
2021-07-14,5232.81591796875,5368.954089549923,5190.272885734764,5368.954089549923,23339
2021-07-15,5266.85009765625,5266.85009765625,5122.203326387068,5232.81567345936,20858
2021-07-16,5411.49755859375,5632.722261782566,5105.186323001755,5190.272855404935,9020
2021-07-19,5343.42822265625,5343.42822265625,5062.64280711351,5190.272839544474,11951
2021-07-20,5317.90234375,5317.90234375,5105.18625,5113.694856275408,9245
2021-07-21,5300.88525390625,5309.393860378617,5156.238007011154,5156.238007011154,11162
2021-07-22,5360.4453125,5360.4453125,5241.3243576036,5275.3587823076,9922
2021-07-23,5343.42822265625,5360.445435398402,5232.815871399852,5360.445435398402,6765
2021-07-26,5249.8330078125,5275.358826554597,5198.781370328306,5215.798582823038,9245
2021-07-27,5249.8330078125,5394.480250882529,5249.8330078125,5360.44535746066,11162
2021-07-28,5241.32421875,5249.832824700589,5207.289794947644,5207.289794947644,15897
2021-07-29,5275.35888671875,5275.35888671875,5181.764216930305,5181.764216930305,5299
2021-07-30,5275.35888671875,5275.35888671875,5028.608365866206,5028.608365866206,19393
2021-08-02,5445.53173828125,5615.7047954032,5266.850075146443,5275.358681159301,24015
2021-08-03,5488.07470703125,5573.161234641615,5368.953755749696,5445.531677442263,8456
2021-08-04,5488.07470703125,5522.109599134829,5275.358622221534,5522.109599134829,69792
2021-08-05,5445.53173828125,5488.07476834554,5445.53173828125,5488.07476834554,4735
2021-08-06,5428.5146484375,5437.023254641865,5360.445330370176,5437.023254641865,6314
2021-08-09,5454.04052734375,5479.566346239028,5360.445389628658,5368.953995927084,16799
2021-08-10,5402.98876953125,5445.531800078327,5360.445270551772,5445.531800078327,29878
2021-08-11,5522.10986328125,5564.652894905255,5445.53193792563,5445.53193792563,36643
2021-08-12,5683.77392578125,5785.877671438753,5445.532008724547,5454.040615159972,57051
2021-08-13,5709.30029296875,5930.525000233098,5530.618618473537,5930.525000233098,37094
2021-08-16,5794.38623046875,5802.894836834563,5700.791092012398,5717.808773176436,52428
2021-08-17,5751.84326171875,5870.964220578911,5751.84326171875,5794.386294014372,67311
2021-08-18,5751.84326171875,5785.877687555248,5607.196483481215,5607.196483481215,29427
2021-08-19,5700.791015625,5700.791015625,5666.756590617792,5683.773803121396,20633
2021-08-20,5573.16162109375,5717.808868591163,5539.127195062558,5700.791187143145,83998
2021-08-23,5488.07470703125,5615.704732662992,5488.07470703125,5573.161234641615,18378
2021-08-24,5683.77392578125,5836.9297784837145,5496.584115769509,5777.3690650033295,34388
2021-08-25,5675.26513671875,5777.368879090609,5547.635575862028,5777.368879090609,20633
2021-08-26,5666.7568359375,5692.282655797945,5539.127268202847,5692.282655797945,61561
2021-08-27,5615.705078125,5641.230897448667,5547.635758162802,5547.635758162802,1578
2021-08-30,5717.80859375,5717.80859375,5547.635534908998,5658.247882625929,69003
2021-08-31,5700.791015625,5870.964077525857,5666.756590617792,5870.964077525857,45889
2021-09-01,5709.30029296875,5802.894965060846,5666.756791767191,5666.756791767191,11387
2021-09-06,5956.05078125,6041.137314668627,5785.877714412746,5785.877714412746,233279
2021-09-07,5802.89453125,6083.679931832699,5802.89453125,6083.679931832699,96401
2021-09-08,5845.4384765625,5956.05083038958,5802.894975285976,5802.894975285976,44536
2021-09-09,5870.9638671875,5870.9638671875,5777.368733338491,5785.877339285456,42281
2021-09-10,5904.99853515625,6032.62856650321,5802.894791138127,6032.62856650321,28525
2021-09-13,5947.5419921875,6083.680160418996,5802.8947492861535,5947.5419921875,113990
2021-09-14,5956.05078125,6041.137314668627,5828.421215338271,5870.9642478313735,156158
2021-09-15,6372.97412109375,6372.97412109375,6041.137075488352,6041.137075488352,901887
2021-09-16,6636.74169921875,6721.828227348712,6483.586323330733,6713.319621378955,246471
2021-09-17,6526.12939453125,6662.268027774766,6381.482623696459,6653.7589533187,134736
2021-09-20,6253.85302734375,6466.569113522569,6211.309529048551,6466.569113522569,378727
2021-09-21,6236.8359375,6253.853149778276,5956.050529611234,6211.309650650184,454157
2021-09-22,6670.77685546875,6670.77685546875,6245.344666418516,6253.853272724928,2532252
2021-09-23,7130.24365234375,7130.24365234375,7062.17433171685,7130.24365234375,1664077
2021-09-24,6806.9150390625,7394.011217596787,6798.406432738265,7394.011217596787,554166
2021-09-27,6330.4306640625,6721.828423842292,6330.4306640625,6466.569300423023,626890
2021-09-28,6151.74951171875,6313.413499528948,5896.4899179302765,5913.507130496359,794436
2021-09-29,6211.3095703125,6296.396099035766,6126.223041589234,6126.223041589234,295292
2021-09-30,6279.37890625,6415.517071565618,6211.309589375992,6415.517071565618,229446
2021-10-01,6177.275390625,6236.836103617765,6049.64582670612,6194.292603356529,263158
2021-10-04,6270.87060546875,6338.939457224039,6058.154506868633,6177.275465872808,314347
2021-10-05,6270.87060546875,6441.043203289392,6126.223358623922,6270.87060546875,213097
2021-10-06,6704.81103515625,6704.81103515625,6228.326757284554,6270.87025569103,867836
2021-10-07,6874.98388671875,7062.174162636762,6704.811291874347,6781.389217192155,581790
2021-10-08,6755.86279296875,6874.98374747695,6721.8283683756645,6874.98374747695,205317
2021-10-11,6611.21630859375,6755.863087860562,6466.569529326938,6755.863087860562,454946
2021-10-12,6611.21630859375,6619.724915113419,6432.534634815836,6441.043241335506,359898
2021-10-13,6551.6552734375,6636.741802896668,6534.638061232146,6568.672954075253,132030
2021-10-14,6636.74169921875,6755.86265122774,6551.655171088789,6611.215881309479,279394
2021-10-15,6517.62109375,6764.371616857398,6517.62109375,6721.828584746611,262594
2021-10-18,6543.14697265625,6628.233506085791,6466.569514158841,6628.233506085791,382222
2021-10-19,6679.28564453125,6806.915211051991,6526.129789960423,6696.302857609692,360236
2021-10-20,6892.00146484375,6977.087526778781,6696.302585528371,6696.302585528371,837958
2021-10-21,6917.52734375,6960.07037508852,6874.983843979071,6943.053162553112,313557
2021-10-22,7317.43359375,7334.450806010265,6917.527231904148,6917.527231904148,618433
2021-10-25,7419.53759765625,7572.692981837482,7317.433852057956,7317.433852057956,620350
2021-10-26,7419.53759765625,7504.623661961147,7232.347319320642,7419.53759765625,461034
2021-10-27,7530.14990234375,7725.848317447095,7445.063370141366,7487.606402026351,705476
2021-10-28,7487.6064453125,7657.779510701046,7487.6064453125,7657.779510701046,435666
2021-10-29,7555.67578125,7725.848378568641,7487.606461263093,7530.149961917066,503203
2021-11-01,7530.14990234375,7572.692934228735,7470.589189272357,7572.692934228735,500384
2021-11-02,7870.49560546875,8040.668670797798,7359.976877914023,7496.115049117811,1203380
2021-11-03,7632.25341796875,7998.125354915682,7632.25341796875,7998.125354915682,970101
2021-11-04,7938.564453125,8108.737518374102,7657.779504426122,7870.495601771292,729154
2021-11-05,8491.626953125,8491.626953125,7913.038887480237,7981.107741015552,1141593
2021-11-08,8483.1181640625,8848.990117679004,8287.419277490755,8848.990117679004,1277006
2021-11-09,8253.384765625,8491.626682264165,8244.876159204488,8338.47082983012,2100419
2021-11-10,8806.4462890625,8806.4462890625,8244.876376760978,8253.384983406006,919589
2021-11-11,9019.162109375,9359.508238238705,8678.816917376125,9359.508238238705,1043163
2021-11-12,8891.533203125,9104.249303980312,8678.817102269688,9019.162301519278,757680
2021-11-15,9444.59375,9487.137716269954,8806.44549832798,9019.161582218652,1657763
2021-11-16,9274.421875,9487.137964455367,8806.445728706349,9444.593997072456,872121
2021-11-17,9444.59375,9699.852863295851,9019.161582218652,9019.161582218652,918461
2021-11-18,9444.59375,9657.309833890671,9274.42163237928,9487.137716269954,1496305
2021-11-19,9231.8779296875,9784.94013833957,8848.989717244314,9784.94013833957,1375437
2021-11-22,8636.2734375,9146.79166744891,8636.2734375,8934.075582159401,1281065
2021-11-23,8934.076171875,9019.162236861206,8185.315052537019,8185.315052537019,714384
2021-11-24,8848.990234375,9189.335436087971,8763.903231298114,9104.249369875944,453367
2021-11-25,8934.076171875,8976.619204368104,8763.903105037747,8763.903105037747,518086
2021-11-26,9274.421875,9444.593997072456,8806.445728706349,9019.161818161718,1678734
2021-11-29,9687.0908203125,9687.0908203125,8891.533288733886,8891.533288733886,875247
2021-11-30,9780.685546875,10295.45807592536,9687.089945406442,10295.45807592536,1197097
2021-12-01,9499.9013671875,9827.483656061637,9359.508422318671,9780.68632006031,931725
2021-12-02,9640.29296875,9921.078846649529,9265.912422793836,9265.912422793836,884677
2021-12-03,9359.5078125,9733.888349847548,9359.5078125,9733.888349847548,725495
2021-12-06,8713.7021484375,9593.495996147476,8713.7021484375,9172.318100295515,606185
2021-12-07,9013.2060546875,9172.317548932591,8844.73434435492,9172.317548932591,199465
2021-12-08,8872.8134765625,9265.912588410214,8704.342696303429,9078.72324895117,308012
2021-12-09,9144.2392578125,9144.2392578125,8751.140141029828,8872.813587951623,415125
2021-12-10,9172.3173828125,9453.102312461782,9078.722718550996,9088.081997604191,327077
2021-12-13,9406.3056640625,9499.90127199211,9088.082658204468,9088.082658204468,525415
2021-12-14,9265.912109375,9640.29264266777,9191.036939581223,9640.29264266777,581482
2021-12-15,9172.3173828125,9359.50764820028,9172.3173828125,9359.50764820028,358032
2021-12-16,9041.28515625,9172.317880701745,9022.565660262711,9172.317880701745,441262
2021-12-17,9640.29296875,9640.29296875,9125.52042070888,9172.317754737198,1284940
2021-12-20,9640.29296875,10295.458455740883,9593.49563472168,10295.458455740883,849520
2021-12-21,9780.685546875,9827.482879176892,9406.305014730317,9593.49528080266,536997
2021-12-22,10248.6611328125,10435.85140599332,9593.49564511203,9780.685918292853,1554412
2021-12-23,10950.6240234375,10950.6240234375,10295.458531618067,10295.458531618067,2161007
2021-12-24,10482.6484375,11512.194441845182,10482.6484375,11512.194441845182,1267822
2021-12-27,10576.244140625,10810.23174336115,10108.267998287907,10576.244140625,502352
2021-12-28,11278.20703125,11278.20703125,11137.81409383646,11278.20703125,959092
2021-12-29,11699.384765625,12026.967033155515,11418.599831046731,12026.967033155515,1646457
2021-12-30,11512.1953125,11699.385594434738,11325.005030565262,11699.385594434738,817232
2021-12-31,11231.41015625,11558.992441101902,10857.029599106538,11558.992441101902,649952
2022-01-04,11980.169921875,11980.169921875,11091.016831870966,11231.409770190214,1261672
2022-01-05,12260.9560546875,12635.335669919585,12214.157783026769,12260.9560546875,918195
2022-01-06,12307.7529296875,12448.144928830425,11839.777725481506,12073.765327584502,654155
2022-01-07,12307.7529296875,12635.33519788578,12026.967057672073,12307.7529296875,753580
2022-01-10,12167.3603515625,13150.10905879284,12167.3603515625,12167.3603515625,1512490
2022-01-11,12214.1572265625,12588.53776160302,11605.789091337852,12167.35989389863,816412
2022-01-12,11933.373046875,12448.145612396382,11371.802208871351,11980.170382492428,1234100
2022-01-13,11137.814453125,12073.765837966275,11137.814453125,12073.765837966275,837322
2022-01-14,10763.43359375,11231.409741323096,10389.053987302244,10389.053987302244,996197
2022-01-17,10014.673828125,11137.814564278457,10014.673828125,11044.219893292682,575947
2022-01-18,9331.4296875,9733.889027378127,9331.4296875,9340.788967368948,963090
2022-01-19,9125.5205078125,9359.508117052326,8985.127567522677,8985.127567522677,311190
2022-01-20,9733.888671875,9733.888671875,8994.486851935671,8994.486851935671,469962
2022-01-21,9593.49609375,10108.26866642189,9350.149195667267,10108.26866642189,486055
2022-01-24,8938.330078125,9453.102622157414,8938.330078125,9359.507954829627,440135
2022-01-25,9134.8798828125,9256.553328465165,8760.499329369817,8891.532991507169,143807
2022-01-26,8713.7021484375,9359.508380325817,8610.747260204625,9359.508380325817,192802
2022-01-27,8535.87109375,8891.533091971545,8432.917143038618,8891.533091971545,176505
2022-01-28,8685.623046875,8891.532815627883,7946.222171100067,8545.231044759643,340812
2022-02-07,9013.2060546875,9172.317548932591,8797.93701137662,8797.93701137662,172712
2022-02-08,9593.49609375,9640.293430017471,9013.20668818474,9013.20668818474,433780
2022-02-09,9640.29296875,9640.29296875,9331.429252552363,9359.50802771528,416252
2022-02-10,9827.4833984375,10155.066615589,9640.293122474475,9640.293122474475,418405
2022-02-11,9546.6982421875,9874.280515242988,9499.900908445974,9874.280515242988,382222
2022-02-14,9499.9013671875,9546.698703188827,9312.711086317344,9546.698703188827,456227
2022-02-15,9359.5078125,9733.888349847548,9359.5078125,9733.888349847548,243745
2022-02-16,9453.1025390625,9546.69814243236,9359.507872557437,9546.69814243236,464325
2022-02-17,9499.9013671875,9640.29337519148,9359.508422318671,9453.103094321325,421582
2022-02-18,9546.6982421875,9546.6982421875,9359.507970356592,9499.900908445974,337840
2022-02-21,9827.4833984375,9827.4833984375,9546.698452925371,9640.293122474475,551040
2022-02-22,9499.9013671875,9733.888984058982,9359.508422318671,9733.888984058982,514960
2022-02-23,9733.888671875,9780.686006375448,9453.10279114267,9546.698397008386,547247
2022-02-24,9359.5078125,9733.888349847548,9088.082157139224,9733.888349847548,808725
2022-02-25,9453.1025390625,9593.495475684893,9340.788377137544,9453.1025390625,396572
2022-02-28,9359.5078125,9499.900748221527,9322.069758765245,9359.5078125,326462
2022-03-01,9546.6982421875,9640.292909670552,9359.507970356592,9593.495575929026,549810
2022-03-02,9134.8798828125,9546.69849159945,8891.532991507169,9546.69849159945,909687
2022-03-03,9265.912109375,9359.50771113058,9134.879391154918,9134.879391154918,476112
2022-03-04,9406.3056640625,9453.102999594888,9265.912720600503,9406.3056640625,665020
2022-03-07,10061.470703125,10061.470703125,9359.507892264592,9499.900829182594,3135475
2022-03-08,10763.43359375,10763.43359375,10295.458383041703,10669.83892635426,2724347
2022-03-09,10763.43359375,11184.611470760425,10108.268111385423,11184.611470760425,1785140
2022-03-10,11512.1953125,11512.1953125,10389.054557756424,10482.649230291368,2708767
2022-03-11,11512.1953125,12120.563494571688,11231.41035803032,11371.802366832731,2826232
2022-03-14,10716.63671875,11512.1951731248,10716.63671875,11512.1951731248,2117240
2022-03-15,11044.2197265625,11465.397613369796,10342.256894171947,10389.054228958354,1526635
2022-03-16,10950.6240234375,11325.004572152837,10903.826689064286,11184.611632168382,795195
2022-03-17,10669.8388671875,11137.814075300765,10669.8388671875,10950.623804682498,786687
2022-03-18,10857.029296875,11137.814238483854,10669.83902351416,10857.029296875,1069075
2022-03-21,11605.7890625,11605.7890625,10903.826263691835,11231.409465254514,1871342
2022-03-22,11325.0048828125,12167.36067209652,11231.410211498647,12167.36067209652,1656810
2022-03-23,11371.8017578125,11605.789363483434,11091.016818380342,11231.409756528825,1305030
2022-03-24,11325.0048828125,11418.600490991192,11091.017267663032,11231.410211498647,1102387
2022-03-25,11325.0048828125,11512.195162305045,11278.207547155576,11512.195162305045,699050
2022-03-28,10763.43359375,11278.207075020966,10576.244258958524,11278.207075020966,1645945
2022-03-29,10857.029296875,11184.61157260786,10669.83902351416,10763.433691762177,618792
2022-03-30,10482.6484375,11184.61123901794,10155.06617153754,10810.231640327242,1241992
2022-03-31,10389.0537109375,10810.231576743949,10342.256378484512,10482.648375843475,680497
2022-04-01,10389.0537109375,10669.838642520208,10014.673177584038,10389.0537109375,668505
2022-04-04,10435.8515625,10623.041838488118,10201.863951731058,10623.041838488118,671990
2022-04-05,10576.244140625,10857.029076535422,10435.851204237391,10482.648537411666,567030
2022-04-06,10295.458984375,10669.839549554235,10201.864311512618,10576.244876691855,581790
2022-04-07,10201.8642578125,10669.83949339081,10108.268648577929,10669.83949339081,557805
2022-04-08,9827.4833984375,10342.256891552026,9827.4833984375,10155.066615589,638780
2022-04-12,9153.599609375,10201.86424854159,9144.239392654654,9874.281021815552,622482
2022-04-13,9453.1025390625,9593.495475684893,9153.599044127415,9153.599044127415,656000
2022-04-14,9359.5078125,9780.685682799794,9265.91220973072,9780.685682799794,178862
2022-04-15,9219.115234375,9453.102845077072,9088.082509653175,9406.305510309625,210535
2022-04-18,8582.6689453125,9237.834420685653,8582.6689453125,9219.114925287382,638780
2022-04-19,7983.66015625,8844.734467779923,7983.66015625,8620.107078976534,552577
2022-04-20,7431.44921875,7983.660294711844,7431.44921875,7983.660294711844,492820
2022-04-21,6916.67626953125,7206.8214324468,6916.67626953125,6916.67626953125,625865
2022-04-22,6823.08154296875,7113.226235040571,6439.3417133846615,6504.858075427043,501532
2022-04-25,6355.10595703125,7019.631209778491,6345.746677346565,7019.631209778491,244667
2022-04-26,6795.0029296875,6795.0029296875,5924.568832695809,6083.68033604826,227857
2022-04-27,7113.22607421875,7113.22607421875,6551.655261841618,6795.0026138717085,268857
2022-04-28,7122.58544921875,7440.808913840437,7103.866421888062,7103.866421888062,255020
2022-04-29,7262.978515625,7272.337795238068,7113.226294356614,7160.0236292867785,417687
2022-05-04,7103.86669921875,7253.618923710486,7094.507419404227,7253.618923710486,281670
2022-05-05,7010.271484375,7113.226371834617,6832.440953898049,7103.866623687189,191265
2022-05-06,7000.912109375,7000.912109375,6626.5315572217005,6626.5315572217005,88047
2022-05-09,6514.2177734375,6991.552268440808,6514.2177734375,6991.552268440808,278185
2022-05-10,6355.10595703125,6495.498899760863,6064.961260319756,6064.961260319756,465452
2022-05-11,6364.4658203125,6645.250773987659,6083.680398204916,6645.250773987659,121565
2022-05-12,5924.56884765625,6355.106023143849,5924.56884765625,6177.275491393095,299505
2022-05-13,5512.75,6064.961068468583,5512.75,5709.300019917565,263630
2022-05-16,5559.5478515625,5896.489875893085,5260.043413550953,5540.828824186779,254815
2022-05-17,5849.6923828125,5896.4897157647465,5288.12204522357,5559.547700584346,323080
2022-05-18,5896.48974609375,6130.477817355699,5840.33266520277,5859.05169216643,232470
2022-05-19,5802.89453125,5849.692332229978,5709.299866154823,5709.299866154823,203667
2022-05-20,5774.81640625,5962.006679167116,5709.300044945211,5709.300044945211,188190
2022-05-23,5784.17578125,5962.006777675715,5568.907198054695,5962.006777675715,170150
2022-05-24,5615.705078125,5943.28783140932,5381.716995694127,5943.28783140932,261272
2022-05-25,5840.3330078125,5849.692756059596,5615.705139503697,5615.705139503697,171175
2022-05-26,6055.60205078125,6064.961330574351,5896.490078406747,5896.490078406747,276032
2022-05-27,6083.68017578125,6195.994340517998,6055.601868813267,6083.68017578125,211560
2022-05-30,6289.58935546875,6289.58935546875,6083.6800574562285,6177.275192916465,167075
2022-05-31,6177.275390625,6364.465667536646,6149.196614872047,6364.465667536646,253482
2022-06-01,6177.275390625,6298.948836401363,6046.242196786848,6186.634670254375,173122
2022-06-02,6139.83740234375,6233.432541822455,6074.321038924865,6177.275458135232,200490
2022-06-03,6074.32080078125,6177.275215955291,5971.365917174809,6083.680080145981,172917
2022-06-06,5896.48974609375,6083.680015730351,5802.89461127545,6083.680015730351,172302
2022-06-07,5709.30029296875,5887.130825749126,5531.46929175595,5793.535685224606,177632
2022-06-08,5802.89453125,5868.411358935491,5709.299866154823,5709.299866154823,131712
2022-06-09,5802.89453125,5896.489664777567,5728.018892860337,5728.018892860337,194135
2022-06-10,5699.9404296875,5952.647069788413,5625.064318778724,5952.647069788413,186037
2022-06-13,5409.7958984375,5578.267153099024,5306.841477027228,5578.267153099024,158362
2022-06-14,5260.04345703125,5391.076649744442,5147.729291848515,5334.919567153074,104345
2022-06-15,4904.38232421875,5260.043373196463,4895.022576386494,5241.324345964352,205512
2022-06-16,4866.9443359375,4997.977059911721,4679.754061070887,4960.539473370807,169637
2022-06-17,4548.720703125,4679.753890763006,4530.001676319571,4539.361423938481,171585
2022-06-20,4230.49755859375,4773.349375878976,4230.49755859375,4548.721037691986,184295
2022-06-21,4118.18359375,4258.576061894438,4080.745539787164,4211.77872865709,156005
2022-06-22,4296.01416015625,4398.968575399481,4033.947779714061,4118.183636215251,119105
2022-06-23,4352.17138671875,4389.609442315284,4211.778912447957,4305.3735830068745,78720
2022-06-24,4427.04736328125,4539.361526655274,4361.530533763535,4361.530533763535,80360
2022-06-27,4520.642578125,4632.956275021863,4427.047440350606,4586.158940350872,42230
2022-06-28,4586.15869140625,4614.236996998225,4417.68745255725,4417.68745255725,81692
2022-06-29,4398.96875,4632.956364751583,4305.373610412883,4586.159029174235,96145
2022-06-30,4539.36181640625,4586.1591532496695,4445.76667428698,4492.564011130399,160822
2022-07-01,4576.7998046875,4586.159084542996,4267.935606104881,4539.361748400663,98502
2022-07-04,4539.36181640625,4679.75429536894,4530.002067978107,4586.1591532496695,45715
2022-07-05,4427.04736328125,4539.361526655274,4408.3283360522455,4539.361526655274,88867
2022-07-06,4539.36181640625,4679.75429536894,4417.687897434982,4417.687897434982,158670
2022-07-07,4679.75390625,4773.349040586887,4408.328250889223,4408.328250889223,132225
2022-07-08,4773.34912109375,4773.34912109375,4679.753985178296,4773.34912109375,106292
2022-07-11,4679.75390625,4773.349040586887,4632.95610486536,4773.349040586887,93275
2022-07-12,4661.03515625,4773.349324125772,4501.923652642201,4773.349324125772,133250
2022-07-13,4848.22509765625,4876.303403449229,4661.034830928429,4679.753857601211,138272
2022-07-14,4904.38232421875,4960.539405915084,4773.349133593971,4960.539405915084,130687
2022-07-15,4913.74169921875,5044.774892392868,4904.382419636805,4960.539502425712,96350
2022-07-18,5035.4150390625,5147.729202291258,4960.53939867573,4960.53939867573,120335
2022-07-19,4923.1015625,5035.415262275057,4895.022786231919,4895.022786231919,86612
2022-07-20,5016.6962890625,5026.056037398284,4913.741867963444,4913.741867963444,148317
2022-07-21,5016.6962890625,5026.056037398284,4960.539672777508,5016.6962890625,91327
2022-07-22,4988.61767578125,5072.85306348874,4913.741567404637,5016.695982206281,116747
2022-07-25,4876.3037109375,5054.134241326312,4866.944431227129,5054.134241326312,85382
2022-07-26,4773.34912109375,4979.258420107749,4735.911066727568,4792.0681482768405,115312
2022-07-27,4866.9443359375,4932.46069792461,4679.754061070887,4932.46069792461,80565
2022-07-28,4932.4609375,4997.9773026693165,4782.708710333069,4866.944572330684,83230
2022-07-29,4848.22509765625,4932.460483467576,4829.506070983468,4866.944124329032,50122
2022-08-01,4895.0224609375,4895.0224609375,4735.910967433396,4857.584407356253,166767
2022-08-02,5035.4150390625,5035.4150390625,4866.944262651765,4866.944262651765,177427
2022-08-03,5035.4150390625,5082.212841290683,4866.944262651765,5035.4150390625,74210
2022-08-04,5119.65087890625,5194.526987479805,5035.4150225448,5044.774770332695,230420
2022-08-05,5231.96533203125,5362.998529304574,5129.010442814568,5362.998529304574,250100
2022-08-08,5484.671875,5512.750182527957,5269.40328917761,5344.279400495383,284847
2022-08-09,5522.10986328125,5522.10986328125,5372.3576424728935,5484.671808079161,283515
2022-08-10,5681.22119140625,5756.0972995400125,5512.749948105285,5522.109695838203,404567
2022-08-11,5522.10986328125,5746.738194493784,5522.10986328125,5681.2213636739225,213097
2022-08-12,5484.671875,5568.907266016287,5391.076735852783,5456.593099039626,121872
2022-08-15,5494.03125,5596.986139064041,5456.593193691699,5494.03125,129765
2022-08-16,5484.671875,5522.109930658887,5475.312126869069,5494.031154698513,141962
2022-08-17,5550.18798828125,5596.9857899639255,5475.311880334886,5522.109682017562,217197
2022-08-18,5475.31201171875,5568.907148897584,5428.514677345536,5568.907148897584,133557
2022-08-19,5475.31201171875,5559.547869395904,5428.514677345536,5475.31201171875,122590
2022-08-22,5419.15478515625,5596.9857752784665,5306.841091963791,5596.9857752784665,164717
2022-08-23,5381.716796875,5419.154851206255,5325.560183810517,5325.560183810517,108752
2022-08-24,5428.5146484375,5484.671730445752,5381.716845881088,5381.716845881088,97580
2022-08-25,5475.31201171875,5494.031039154516,5428.514677345536,5428.514677345536,90200
2022-08-26,5465.95263671875,5494.030943165627,5409.795555392598,5475.3119160569095,157337
2022-08-29,5381.716796875,5428.51459900527,5241.324327348992,5409.7955718396415,148112
2022-08-30,5428.5146484375,5447.233675773584,5381.716845881088,5381.716845881088,56375
2022-08-31,5428.5146484375,5437.87392788934,5334.919511757081,5334.919511757081,84665
2022-09-05,5381.716796875,5447.233626170898,5372.357517508386,5409.7955718396415,119105
2022-09-06,5428.5146484375,5437.87392788934,5381.716845881088,5381.716845881088,121052
2022-09-07,5362.99853515625,5447.233927850513,5362.99853515625,5428.514899648185,158157
2022-09-08,5391.07666015625,5428.514715289466,5353.638605023034,5428.514715289466,98195
2022-09-09,5409.7958984375,5428.5149267332245,5344.279533618677,5409.7958984375,133147
2022-09-12,5578.26708984375,5662.502482003102,5419.155116918138,5447.2338932595385,269267
2022-09-13,5559.5478515625,5690.581043192552,5475.31199415555,5615.704933689665,147805
2022-09-14,5550.18798828125,5578.266762977334,5437.873826361704,5578.266762977334,99527
2022-09-15,5465.95263671875,5662.502187144086,5456.592888948192,5662.502187144086,109367
2022-09-16,5428.5146484375,5475.311982561508,5409.795621101416,5428.5146484375,211867
2022-09-19,4979.25830078125,5325.560061153207,4960.539274046755,4960.539274046755,95017
2022-09-20,5147.7294921875,5147.7294921875,4866.944536735501,5035.415322633729,66625
2022-09-21,5129.01025390625,5231.965139330966,4866.944337444266,4866.944337444266,36182
2022-09-22,5007.3369140625,5054.134249555386,4951.1798304115855,5054.134249555386,115107
2022-09-23,4960.53955078125,5044.774941569536,4707.832441551561,4707.832441551561,83230
2022-09-26,4754.63037109375,4913.741877209625,4679.7542579962965,4913.741877209625,128740
2022-09-27,4698.47314453125,4885.663421627893,4492.563839724943,4885.663421627893,47765
2022-09-28,4698.47314453125,4857.58464584719,4679.754116821586,4698.47314453125,56170
2022-09-29,4689.11328125,5026.055771745374,4679.75400184133,5026.055771745374,55657
2022-09-30,4586.15869140625,4689.113103153336,4361.530372940917,4689.113103153336,151905
2022-10-03,4427.04736328125,4838.865493886937,4427.04736328125,4632.956194367893,43152
2022-10-04,4473.8447265625,4492.563753914621,4389.609337694158,4427.0473923984,58732
2022-10-05,4586.15869140625,4632.956023537002,4445.766226581609,4473.844532173584,47355
2022-10-06,4511.28271484375,4754.630066838338,4314.733164756628,4604.877850226284,100860
2022-10-07,4202.4189453125,4576.799481766011,4202.4189453125,4576.799481766011,194135
2022-10-10,4202.4189453125,4211.778692940034,3921.6337771885633,3921.6337771885633,103525
2022-10-11,4118.18359375,4324.092422113203,3949.712350917237,4324.092422113203,132840
2022-10-12,4202.4189453125,4258.576025780527,4118.183558826656,4202.4189453125,94402
2022-10-13,4258.576171875,4389.609364128946,4099.464672639984,4211.77883742908,15887
2022-10-14,4286.654296875,4305.373323545172,4239.856964415765,4305.373323545172,45202
2022-10-17,4305.37353515625,4305.37353515625,4202.419117626243,4286.65450756603,51352
2022-10-18,4370.89013671875,4389.609163327302,4258.575977067439,4258.575977067439,41820
2022-10-19,4352.17138671875,4389.609442315284,4211.778912447957,4389.609442315284,452025
2022-10-20,4296.01416015625,4305.37343952727,4211.778772087461,4305.37343952727,27470
2022-10-21,4118.18359375,4296.014115857274,4071.3857920802566,4296.014115857274,67957
2022-10-24,3930.993408203125,4118.183682030037,3874.8363260550514,4118.183682030037,207255
2022-10-25,3856.117431640625,3968.4315998096367,3743.803263471613,3968.4315998096367,303400
2022-10-26,3856.117431640625,3930.9935437533,3790.600833542034,3930.9935437533,41000
2022-10-27,4024.588623046875,4024.588623046875,3809.319803977559,3809.319803977559,72775
2022-10-28,4090.10498046875,4202.4191467894925,3930.993479063906,4202.4191467894925,91532
2022-10-31,4099.46484375,4258.576349626266,4024.588730765304,4118.183871996174,54735
2022-11-01,3930.993408203125,4183.7000436532535,3837.3982712896686,4183.7000436532535,38232
2022-11-02,3949.71240234375,4024.588511244333,3771.881643704865,3771.881643704865,37105
2022-11-03,4015.228759765625,4052.666814181885,3930.9933715452416,4052.666814181885,17117
2022-11-04,3790.600830078125,4015.228931994669,3743.803260050468,4015.228931994669,133762
2022-11-07,3678.28662109375,3930.993496431937,3678.28662109375,3743.8032184036506,88765
2022-11-08,3678.28662109375,3743.8032184036506,3463.0180355774287,3463.0180355774287,64882
2022-11-09,3725.084228515625,3837.3983964757576,3556.6132107916364,3837.3983964757576,10967
2022-11-10,3472.37744140625,3725.0840746631097,3472.37744140625,3725.0840746631097,287717
2022-11-11,3238.389892578125,3472.377502748319,3238.389892578125,3463.017988972863,173225
2022-11-14,3013.761474609375,3238.389798709173,3013.761474609375,3238.389798709173,144012
2022-11-15,2807.8525390625,2807.8525390625,2807.8525390625,2807.8525390625,68470
2022-11-16,2976.323486328125,2995.042513749872,2611.3026858202643,2611.3026858202643,274495
2022-11-17,3144.794677734375,3144.794677734375,2995.0424609979955,2995.0424609979955,43357
2022-11-18,3023.12109375,3154.154287386889,2966.964010762762,3154.154287386889,75132
2022-11-21,3126.07568359375,3182.232765461835,3023.121033502262,3023.121033502262,27982
2022-11-22,3126.07568359375,3182.232765461835,3088.6376290150274,3135.435197238431,161642
2022-11-23,3144.794677734375,3163.5137048264223,3088.637596458233,3126.075650642328,25112
2022-11-24,3116.71630859375,3144.794850776844,2995.042625800342,3116.71630859375,19680
2022-11-25,3088.6376953125,3116.716236849247,3013.7615845478417,3013.7615845478417,78105
2022-11-28,3294.546630859375,3294.546630859375,3097.997082362765,3097.997082362765,84562
2022-11-29,3360.063232421875,3453.658367251058,3294.546638041448,3313.265665007284,64575
2022-11-30,3406.86083984375,3453.658407807892,3360.063271879608,3453.658407807892,49097
2022-12-01,3481.737060546875,3575.332199484852,3444.299004971684,3463.01803275928,162565
2022-12-02,3537.89404296875,3537.89404296875,3453.658420327927,3481.736961208201,76055
2022-12-05,3556.613037109375,3603.410604807469,3472.3774152528053,3556.613037109375,172712
2022-12-06,3313.265869140625,3622.129833106319,3313.265869140625,3537.894206570221,162667
2022-12-07,3229.0302734375,3444.298849032441,3229.0302734375,3313.265660451748,40077
2022-12-08,3266.46826171875,3331.9848593911065,3229.030440122184,3322.625345437913,63652
2022-12-09,3369.4228515625,3369.4228515625,3247.7494066853483,3266.468200021967,40795
2022-12-12,3369.4228515625,3425.5799342209725,3275.827713798379,3275.827713798379,64267
2022-12-13,3303.90625,3369.422846333204,3275.827708714341,3369.422846333204,28700
2022-12-14,3416.220458984375,3463.0180283943782,3360.0633756923708,3444.299000630377,50532
2022-12-15,3463.01806640625,3509.815636329928,3369.422926558895,3444.299038436779,115927
2022-12-16,3659.567626953125,3659.567626953125,3285.187301669056,3369.422927556619,313650
2022-12-19,3706.364990234375,3837.3981787534376,3565.972522465862,3687.64596330308,126587
2022-12-20,3500.4560546875,3706.365124155609,3453.6584856683376,3706.365124155609,107830
2022-12-21,3519.175048828125,3743.803143767706,3294.5467196723403,3500.4560213984764,24805
2022-12-22,3416.220458984375,3556.613167214385,3285.1872646363654,3556.613167214385,39667
2022-12-23,3322.625244140625,3444.298921822664,3275.827675801379,3416.2203808191166,70930
2022-12-26,3200.951904296875,3322.625351701557,3191.592390326037,3275.827781847368,48277
2022-12-27,3257.10888671875,3275.8276798614456,3182.232777283155,3182.232777283155,583122
2022-12-28,3360.063232421875,3369.4227459047934,3275.8276110756105,3275.8276110756105,22652
2022-12-29,3360.063232421875,3369.4227459047934,3275.8276110756105,3341.3442054560387,20090
2022-12-30,3360.063232421875,3388.1417728706297,3285.187124558529,3388.1417728706297,30135
2023-01-03,3500.4560546875,3584.6916789219927,3322.625292414683,3322.625292414683,44382
2023-01-04,3528.53466796875,3603.4107799244985,3463.0180700074698,3463.0180700074698,70827
2023-01-05,3528.53466796875,3547.253695957687,3397.50147204619,3547.253695957687,16912
2023-01-06,3481.737060546875,3509.8156022282683,3369.4228938213023,3453.6585188654817,61602
2023-01-09,3444.298828125,3547.2534756705936,3425.5798012985283,3463.017854951472,35670
2023-01-10,3463.01806640625,3463.01806640625,3369.422926558895,3444.299038436779,65805
2023-01-11,3463.01806640625,3509.815636329928,3463.01806640625,3472.3775803909857,36080
2023-01-12,3463.01806640625,3472.3775803909857,3322.625356635217,3322.625356635217,33927
2023-01-13,3453.658447265625,3472.377474665145,3453.658447265625,3463.017960965385,44792
2023-01-16,3444.298828125,3463.017854951472,3397.501261058821,3463.017854951472,36490
2023-01-17,3556.613037109375,3556.613037109375,3378.7822798566167,3416.220334015092,59450
2023-01-18,3547.253662109375,3565.972689919693,3472.377550868104,3537.894148204216,73390
2023-01-19,3509.8154296875,3556.6129968559435,3444.298835651679,3444.298835651679,90610
2023-01-27,3753.16259765625,3753.16259765625,3594.051101256713,3743.8030840906185,153647
2023-01-30,4015.228759765625,4015.228759765625,3921.6338579411768,3921.6338579411768,162360
2023-01-31,4127.54296875,4296.014215489928,4015.2288042567134,4024.588552180692,230112
2023-02-01,4015.228759765625,4211.778779667188,4015.228759765625,4136.902670834669,206332
2023-02-02,3930.993408203125,4164.981016270562,3828.038757598323,3828.038757598323,104242
2023-02-03,4015.228759765625,4043.30753479402,3930.9933715452416,3940.352650933106,64472
2023-02-06,4090.10498046875,4155.62181170539,3753.1627157227294,3940.35275870776,107112
2023-02-07,3996.509765625,4174.340759789824,3977.790738261987,4174.340759789824,62320
2023-02-08,3921.634033203125,3996.5099111657246,3837.3984070019615,3959.071855076319,114287
2023-02-09,3987.150390625,4118.1835790264495,3884.1957425952896,3884.1957425952896,108547
2023-02-10,3884.19580078125,3977.790702539585,3865.476773586344,3930.993368768518,53710
2023-02-13,3884.19580078125,4118.183640717591,3818.6792055990745,3884.19580078125,64575
2023-02-14,3968.431396484375,4024.5884776916346,3884.195774673485,3884.195774673485,248050
2023-02-15,4080.74560546875,4080.7456054687495,3977.790721197643,4043.3075509033297,101065
2023-02-16,4080.74560546875,4202.419048590163,4033.947803045773,4052.6668303284832,115517
2023-02-17,3987.150390625,4118.1835790264495,3977.790642951557,4118.1835790264495,73800
2023-02-20,4155.62158203125,4211.778662087915,3987.150341861256,3987.150341861256,211047
2023-02-21,4211.77880859375,4277.295170055971,4183.700033372509,4230.497367498037,122590
2023-02-22,4118.18359375,4202.418980950183,4024.588458842909,4202.418980950183,181732
2023-02-23,4118.18359375,4155.621647712836,4024.588458842909,4118.18359375,99732
2023-02-24,4099.46484375,4202.419264887743,4024.588730765304,4202.419264887743,51967
2023-02-27,3846.7578125,4118.183711490753,3837.3982987416985,4099.464683974149,39052
2023-02-28,3902.914794921875,4015.228722923917,3846.7577138127535,4015.228722923917,52992
2023-03-01,3902.914794921875,3968.431389549182,3753.1625786308873,3902.914794921875,147292
2023-03-02,3902.914794921875,4071.385804033037,3884.1957678855015,3884.1957678855015,56580
2023-03-03,3874.83642578125,4052.666956277416,3874.83642578125,3912.274481510171,39360
2023-03-06,3940.352783203125,3987.150587010562,3856.117392155123,3865.476906073368,26342
2023-03-07,3940.352783203125,4005.8696148470535,3837.398364318632,4005.8696148470535,16297
2023-03-08,3893.555419921875,3959.071782663811,3893.555419921875,3940.3527549614846,43460
2023-03-09,3968.431396484375,3977.790675802719,3893.555288208028,3930.9933423462016,200592
2023-03-10,3930.993408203125,3959.07171506096,3884.195839746397,3902.914867129088,27470
2023-03-13,3884.19580078125,3930.993368768518,3753.162610416899,3753.162610416899,30135
2023-03-14,3781.2412109375,3884.195862135755,3781.2412109375,3884.195862135755,47150
2023-03-15,3846.7578125,3930.9934363247166,3781.241216191888,3781.241216191888,78720
2023-03-16,3799.960205078125,3846.75777339389,3743.803123099208,3828.038746067584,45612
2023-03-17,3762.522216796875,3818.679299766412,3743.803189140363,3790.6007582816433,52582
2023-03-20,3725.084228515625,3856.117424469113,3725.084228515625,3743.80325650898,41000
2023-03-21,3762.522216796875,3799.9602721099,3743.803189140363,3743.803189140363,33825
2023-03-22,3743.80322265625,3837.398361776709,3743.80322265625,3837.398361776709,25522
2023-03-23,3884.19580078125,3884.19580078125,3753.162610416899,3771.881637611806,41000
2023-03-24,3809.31982421875,3893.555449519554,3771.881768529504,3893.555449519554,41820
2023-03-27,3818.67919921875,3837.398226382381,3771.881631309672,3809.319685636935,70110
2023-03-28,3799.960205078125,3865.476800720197,3799.960205078125,3837.398259730737,34235
2023-03-29,3781.2412109375,3818.679265918684,3781.2412109375,3818.679265918684,16092
2023-03-30,3790.600830078125,3856.117428116845,3781.2413160725937,3790.600830078125,57400
2023-03-31,3790.600830078125,3874.836456127908,3762.5222880615306,3846.7579141113138,42127
2023-04-03,3865.476806640625,3874.8363203181134,3790.600697220719,3790.600697220719,62525
2023-04-04,3650.2080078125,3902.914878195352,3650.2080078125,3865.476823323818,157850
2023-04-05,3818.67919921875,3865.476767127828,3743.8030905642254,3865.476767127828,98195
2023-04-06,3902.914794921875,3977.79066885117,3771.881605667261,3818.6791732581946,308217
2023-04-07,3902.914794921875,4015.228722923917,3874.836254367314,3930.9933354764353,137555
2023-04-10,3912.2744140625,3959.071748700656,3884.195872749884,3902.914900291628,138887
2023-04-11,3874.83642578125,3912.274481510171,3828.0388561200975,3902.914967577941,103935
2023-04-12,3874.83642578125,3921.633995442401,3790.600800391177,3921.633995442401,68572
2023-04-13,3818.67919921875,3921.6338486187215,3818.67919921875,3921.6338486187215,37310
2023-04-14,3799.960205078125,3865.476800720197,3799.960205078125,3865.476800720197,60270
2023-04-17,3762.522216796875,3818.679299766412,3753.162702968619,3753.162702968619,66317
2023-04-18,3781.2412109375,3790.600724682796,3678.286559739245,3762.522183446908,56477
2023-04-19,3781.2412109375,3781.2412109375,3743.803155956317,3753.162669701612,42230
2023-04-20,3762.522216796875,3902.914924220716,3762.522216796875,3902.914924220716,16912
2023-04-21,3762.522216796875,3856.117355079436,3762.522216796875,3856.117355079436,23370
2023-04-24,3715.724609375,3790.6007192296506,3706.365095643168,3771.881691765988,73595
2023-04-25,3650.2080078125,3837.398282170168,3650.2080078125,3837.398282170168,60577
2023-04-26,3715.724609375,3790.6007192296506,3622.129706272891,3790.6007192296506,25010
2023-04-27,3725.084228515625,3725.084228515625,3556.6132107916364,3650.2081165422032,45202
2023-04-28,3697.005615234375,3818.6792948448906,3697.005615234375,3743.803184315343,49097
2023-05-04,3697.005615234375,3790.60075339631,3687.646101418181,3725.0841566829554,78207
2023-05-05,3734.443603515625,3753.162630812255,3697.0055489223655,3743.80311716394,74312
2023-05-08,3734.443603515625,3790.6006854055145,3668.927007977421,3734.443603515625,50430
2023-05-09,3725.084228515625,3781.241312495691,3715.724714518947,3781.241312495691,68777
2023-05-10,3865.476806640625,3921.6338887055545,3725.084101478301,3762.522156188254,201105
2023-05-11,3856.117431640625,3884.1959736828776,3818.679375584288,3865.476945654709,25625
2023-05-12,3996.509765625,4015.2287929880126,3837.398267255594,3837.398267255594,350242
2023-05-15,4024.588623046875,4108.824013683878,3996.50984721293,4108.824013683878,296430
2023-05-16,4118.18359375,4164.980926987347,4024.588458842909,4024.588458842909,343887
2023-05-17,4136.90283203125,4164.98113972133,4033.947944158645,4118.183804093724,208895
2023-05-18,4043.3076171875,4118.183727545826,4033.947869176504,4118.183727545826,109060
2023-05-19,4043.3076171875,4062.0266447770814,3977.79078640776,4033.947869176504,107317
2023-05-22,4071.385986328125,4193.059901728664,4024.588650858054,4062.0267066070783,134377
2023-05-23,4118.18359375,4164.980926987347,4005.869431861491,4164.980926987347,129662
2023-05-24,4015.228759765625,4127.542923014404,4015.228759765625,4127.542923014404,73902
2023-05-25,3996.509765625,4043.307568248735,3996.509765625,4015.2287929880126,50122
2023-05-26,4174.3408203125,4174.3408203125,3977.790795934936,4052.666906472596,424350
2023-05-29,4398.96875,4398.96875,4221.138219000687,4249.2165266606125,445772
2023-05-30,4576.7998046875,4576.7998046875,4296.014382536222,4398.968803108811,294277
2023-05-31,4445.7666015625,4576.79979838602,4436.406853287465,4576.79979838602,202335
2023-06-01,4464.4853515625,4567.439765579735,4314.733135950234,4445.766324610967,306475
2023-06-02,4445.7666015625,4539.361742150728,4389.609517209563,4445.7666015625,293765
2023-06-05,4427.04736328125,4632.956194367893,4398.968588221543,4632.956194367893,218735
2023-06-06,4436.40673828125,4483.204541578424,4380.249655384089,4389.609403416489,149342
2023-06-07,4427.04736328125,4558.080553884279,4408.3283360522455,4492.563724366563,351677
2023-06-08,4445.7666015625,4520.6427140330825,4445.7666015625,4492.563937640402,241900
2023-06-09,4427.04736328125,4455.125669908555,4352.171254365234,4445.766390510254,120540
2023-06-12,4735.9111328125,4735.9111328125,4398.968638815168,4492.563776036649,964012
2023-06-13,4848.22509765625,4941.820231020161,4773.348990965122,4941.820231020161,518547
2023-06-14,4576.7998046875,4876.303786549772,4520.642720257244,4866.944506694275,394420
2023-06-15,4661.03515625,4754.630296146476,4511.282932415637,4576.799764559381,148830
2023-06-16,4539.36181640625,4782.708717483922,4539.36181640625,4782.708717483922,235135
2023-06-19,4445.7666015625,4604.878106346276,4417.687825169819,4511.282965758048,148112
2023-06-20,4586.15869140625,4586.15869140625,4305.373293324583,4305.373293324583,93172
2023-06-21,4614.2373046875,4651.675360261522,4501.923606397851,4586.158997223192,212995
2023-06-22,4642.31591796875,4670.394224449505,4567.439809443537,4632.956170186898,193212
2023-06-23,4866.9443359375,4951.179725411272,4614.237230651367,4661.035033584225,375252
2023-06-26,4801.427734375,4801.427734375,4642.316227370634,4773.349426022878,214635
2023-06-27,4726.55126953125,4801.42737748122,4576.799522063708,4763.9893235062345,142987
2023-06-28,4679.75390625,4773.349040586887,4595.518519562998,4726.551239202247,89687
2023-06-29,4567.43994140625,4661.035079766921,4567.43994140625,4661.035079766921,56067
2023-06-30,4492.56396484375,4595.518854330425,4492.56396484375,4567.440077767722,173225
2023-07-03,4455.12548828125,4632.956005490763,4408.328156332783,4520.642315127965,71545
2023-07-04,4464.4853515625,4492.563657773602,4398.968523015936,4427.047297659434,201310
2023-07-05,4455.12548828125,4586.158673542296,4445.76620926451,4586.158673542296,171482
2023-07-06,4455.12548828125,4473.844514747114,4380.249382417796,4473.844514747114,112955
2023-07-07,4417.6875,4483.204327805518,4146.261846489,4370.890167366679,70212
2023-07-10,4427.04736328125,4464.485417739258,4398.968588221543,4417.687615450547,193930
2023-07-11,4398.96875,4483.204609844615,4380.249722082576,4483.204609844615,258710
2023-07-12,4567.43994140625,4586.158969078384,4398.9686923570425,4483.204551097853,337327
2023-07-13,4539.36181640625,4642.316238521232,4511.283039554253,4595.518901677812,127715
2023-07-14,4539.36181640625,4586.1591532496695,4511.283039554253,4539.36181640625,249280
2023-07-17,4717.19189453125,4745.270200226518,4539.361375974852,4576.799429190135,493640
2023-07-18,4763.9892578125,4792.06803212274,4717.191925205286,4726.551204353773,352292
2023-07-19,4960.53955078125,5082.212997127089,4735.911217435933,4773.349272993486,504505
2023-07-20,4866.9443359375,5044.774862844579,4773.349198504193,4792.068225990854,367565
2023-07-21,4857.58447265625,4951.179607867557,4670.394202233636,4951.179607867557,671887
2023-07-24,4792.068359375,4857.584723185716,4782.708611154942,4857.584723185716,190035
2023-07-25,4698.47314453125,4866.944393918228,4679.754116821586,4792.068283079571,234622
2023-07-26,4754.63037109375,4754.63037109375,4661.035229721932,4679.7542579962965,583122
2023-07-27,4810.787109375,4829.506136300951,4698.472947819295,4773.349055523098,263630
2023-07-28,4866.9443359375,4913.741670437949,4773.349198504193,4782.70847803132,476830
2023-07-31,4960.53955078125,4960.53955078125,4820.146608224219,4866.944411887368,350345
2023-08-01,4773.34912109375,4997.976978858438,4773.34912109375,4997.976978858438,319287
2023-08-02,4838.86572265625,4866.94449904345,4726.5515539722965,4820.146694542257,168920
2023-08-03,4866.9443359375,4866.9443359375,4773.349198504193,4820.146533004642,137145
2023-08-04,4866.9443359375,4866.9443359375,4782.70847803132,4792.068225990854,156107
2023-08-07,5100.93212890625,5203.886549572399,4895.022819141526,5203.886549572399,404567
2023-08-08,5054.13427734375,5072.853305330308,5026.055969580124,5063.49402555324,197415
2023-08-09,4988.61767578125,5072.85306348874,4969.898648687097,5054.134036394587,232162
2023-08-10,4932.4609375,5016.696331065183,4913.741909104134,5016.696331065183,228677
2023-08-11,4932.4609375,4979.258742705882,4773.349430351351,4895.022880708267,193110
2023-08-14,5269.4033203125,5269.4033203125,4876.3037335715135,4951.1798453317015,694437
2023-08-15,5634.423828125,5634.423828125,5634.423828125,5634.423828125,303195
2023-08-16,6027.52294921875,6027.52294921875,5905.849507880891,6027.52294921875,2233577
2023-08-17,5849.6923828125,6345.746360581805,5615.704781186479,6345.746360581805,1149435
2023-08-18,5447.23388671875,5896.490091749891,5447.23388671875,5634.424167328568,686340
2023-08-21,5138.3701171875,5353.638703965751,5100.932061362376,5241.3245364903805,1206220
2023-08-22,5494.03125,5494.03125,4829.506453176293,5185.167519672728,652925
2023-08-23,5409.7958984375,5774.816715987921,5409.7958984375,5774.816715987921,387552
2023-08-24,5409.7958984375,5568.907404734947,5241.324643775975,5568.907404734947,194442
2023-08-25,5344.279296875,5419.15493830859,5288.122214475501,5381.716883375591,131097
2023-08-28,5456.5927734375,5531.468880287317,5353.638360735196,5353.638360735196,161437
2023-08-29,5372.357421875,5522.109636534282,5334.91936821018,5428.514502372231,381915
2023-08-30,5362.99853515625,5428.514899648185,5316.200730434216,5428.514899648185,167997
2023-08-31,5372.357421875,5428.514502372231,5288.12203534535,5288.12203534535,224167
2023-09-05,5615.705078125,5615.705078125,5334.919660267404,5381.716995694127,517010
2023-09-06,5578.26708984375,5699.94053817002,5512.750257335432,5699.94053817002,252355
2023-09-07,5643.783203125,5690.58100547029,5596.985869212113,5596.985869212113,532077
2023-09-08,5615.705078125,5662.502413551723,5550.188246408685,5662.502413551723,326770
2023-09-11,5793.53564453125,5896.490064168866,5522.109973132828,5709.300252867058,826047
2023-09-12,5896.48974609375,5943.287547719098,5728.018971853206,5943.287547719098,707660
2023-09-13,5896.48974609375,5962.006574682758,5653.142863998565,5896.48974609375,713707
2023-09-14,5802.89453125,5896.489664777567,5765.456477838974,5887.130385641005,497637
2023-09-15,6083.68017578125,6177.275313061873,5812.254511883646,5812.254511883646,532282
2023-09-18,5990.0849609375,6149.196458038087,5896.489824868801,6083.680097006199,302682
2023-09-19,5990.0849609375,6008.80398815124,5849.692491050653,5990.0849609375,452025
2023-09-20,5990.0849609375,6121.118151433679,5896.489824868801,5990.0849609375,192495
2023-09-21,6177.275390625,6252.151501389659,5990.085113713354,6064.961224478013,1116532
2023-09-22,5840.3330078125,6167.915764677244,5765.456895565424,6167.915764677244,514447
2023-09-25,5437.8740234375,5840.332884018652,5437.8740234375,5634.424048136138,490872
2023-09-26,5138.3701171875,5437.87409535607,5100.932061362376,5428.514815615999,813952
2023-09-27,5138.3701171875,5138.3701171875,4885.663474584125,4885.663474584125,123922
2023-09-28,5129.01025390625,5334.919556323273,4960.53947490655,5147.729281398707,84152
2023-09-29,5194.52685546875,5278.7622412570845,5072.852947912681,5278.7622412570845,48892
2023-10-02,5231.96533203125,5278.762668269796,5194.527275667443,5194.527275667443,58322
2023-10-03,5119.65087890625,5194.526987479805,4941.820355260256,5147.729185405134,37720
2023-10-04,5231.96533203125,5231.96533203125,5100.932134757925,5100.932134757925,26240
2023-10-05,5222.60546875,5334.9196353688585,4866.944409556031,5175.808133541684,28290
2023-10-06,5072.85302734375,5428.514539598509,5054.134000382973,5428.514539598509,101065
2023-10-09,5241.32421875,5409.795459749967,5129.010058083356,5409.795459749967,69700
2023-10-10,5222.60546875,5447.233801987717,5213.246189081304,5447.233801987717,56785
2023-10-11,5241.32421875,5400.435712144884,5129.010058083356,5400.435712144884,728570
2023-10-12,5288.1220703125,5344.279151181064,5175.8079085753725,5175.8079085753725,61602
2023-10-13,5100.93212890625,5241.324605893258,4979.258680079672,4979.258680079672,61602
2023-10-16,4979.25830078125,5353.638367038754,4773.349006701808,4773.349006701808,40385
2023-10-17,5044.77490234375,5147.729320110288,4997.977099044479,4997.977099044479,118490
2023-10-18,4941.8203125,5054.134005956113,4857.58445686742,5044.774726681601,91942
2023-10-19,4960.53955078125,4960.53955078125,4913.741747118101,4960.53955078125,60065
2023-10-20,4960.53955078125,4960.53955078125,4801.427580445443,4801.427580445443,27880
2023-10-23,4960.53955078125,5100.932024905865,4866.944411887368,5100.932024905865,11275
2023-10-24,5007.3369140625,5007.3369140625,4857.584690993394,4857.584690993394,38232
2023-10-25,4997.97705078125,5007.336798723686,4932.460688913827,5007.336798723686,18655
2023-10-26,4857.58447265625,4960.539355604887,4651.675175191374,4707.832256318158,145345
2023-10-27,4904.38232421875,4904.38232421875,4679.753997433414,4857.584521922271,57092
2023-10-30,4698.47314453125,4904.382449337557,4698.47314453125,4904.382449337557,31160
2023-10-31,4398.96875,4782.708588090972,4398.96875,4679.754168761352,62422
2023-11-01,4389.609375,4398.968654539399,4258.576182421544,4258.576182421544,96555
2023-11-02,4614.2373046875,4679.754136158247,4389.609439675784,4408.328467462796,122897
2023-11-03,4586.15869140625,4623.596744483806,4445.766226581609,4623.596744483806,106087
2023-11-06,4567.43994140625,4679.754107439055,4492.563830717713,4679.754107439055,62217
2023-11-07,4501.92333984375,4567.439699002926,4473.84456560954,4567.439699002926,61602
2023-11-08,4548.720703125,4632.956089533236,4445.766289911334,4483.204343522193,262195
2023-11-09,4586.15869140625,4866.944089487917,4558.080385814276,4866.944089487917,201617
2023-11-10,4586.15869140625,4595.518438891832,4548.720638328695,4567.439664867472,75132
2023-11-13,4492.56396484375,4661.035218922687,4492.56396484375,4661.035218922687,83435
2023-11-14,4530.001953125,4576.799757214346,4445.766561569566,4576.799757214346,76362
2023-11-15,4539.36181640625,4679.75429536894,4539.36181640625,4661.035266945086,90302
2023-11-16,4576.7998046875,4586.159084542996,4492.563943825904,4539.361748400663,25112
2023-11-17,4558.08056640625,4586.158873110692,4492.5637367085465,4576.799593686679,100860
2023-11-20,4539.36181640625,4548.721096401961,4417.687897434982,4548.721096401961,68265
2023-11-21,4661.03515625,4661.03515625,4492.563904436342,4539.361708600791,49302
2023-11-22,4530.001953125,4586.159036972763,4501.923645417329,4586.159036972763,71237
2023-11-23,4520.642578125,4623.596995460629,4520.642578125,4539.361605679879,211047
2023-11-24,4530.001953125,4530.001953125,4464.48558951882,4530.001953125,31467
2023-11-27,4539.36181640625,4614.237461669234,4445.76667428698,4530.002067978107,33005
2023-11-28,4483.20458984375,4492.563869544498,4352.171395006362,4455.1258138766725,77592
2023-11-29,4464.4853515625,4501.923405465566,4436.406576919002,4492.563657773602,42742
2023-11-30,4464.4853515625,4539.3614593686325,4445.766324610967,4464.4853515625,36080
2023-12-01,4445.7666015625,4483.204657797792,4155.621899955206,4445.7666015625,63550
2023-12-04,4539.36181640625,4567.440124825816,4267.935670044149,4267.935670044149,108855
2023-12-05,4473.8447265625,4576.799611215369,4464.485447102642,4539.361556511126,38437
2023-12-06,4520.642578125,4520.642578125,4473.844775021597,4473.844775021597,62935
2023-12-07,4492.56396484375,4539.361769637446,4445.766628482481,4520.642741406453,129765
2023-12-08,4548.720703125,4661.034863957577,4492.563622708712,4492.563622708712,204077
2023-12-11,4548.720703125,4632.956089533236,4548.720703125,4576.79947754934,44690
2023-12-12,4539.36181640625,4586.1591532496695,4530.002067978107,4539.36181640625,42332
2023-12-13,4567.43994140625,4586.158969078384,4511.282858389847,4539.361634114255,99015
2023-12-14,4623.59716796875,4689.11353263906,4558.08080329844,4689.11353263906,127202
2023-12-15,4539.36181640625,4586.1591532496695,4398.968869011128,4586.1591532496695,137965
2023-12-18,4464.4853515625,4586.158792531268,4464.4853515625,4539.3614593686325,52582
2023-12-19,4464.4853515625,4492.563657773602,4398.968523015936,4492.563657773602,46842
2023-12-20,4408.32861328125,4483.204726906042,4408.32861328125,4483.204726906042,45612
2023-12-21,4398.96875,4501.923637762039,4398.96875,4408.328498174921,28392
2023-12-22,4380.24951171875,4464.485367517893,4352.1712054073005,4408.328286462597,73287
2023-12-25,4445.7666015625,4492.563937640402,4380.249768934528,4427.047573444855,68880
2023-12-26,4398.96875,4483.204609844615,4398.96875,4483.204609844615,32390
2023-12-27,4398.96875,4464.485581927192,4380.249722082576,4398.96875,185012
2023-12-28,4398.96875,4427.047526092345,4380.249722082576,4398.96875,121462
2023-12-29,4436.40673828125,4473.844793546024,4389.609403416489,4389.609403416489,57195
2024-01-02,4473.8447265625,4501.923501806884,4427.0473923984,4436.406671858258,67547
2024-01-03,4501.92333984375,4501.92333984375,4445.766259807719,4445.766259807719,63755
2024-01-04,4464.4853515625,4501.923405465566,4445.766324610967,4501.923405465566,65805
2024-01-05,4455.12548828125,4501.923288662101,4436.406461815386,4501.923288662101,38027
2024-01-08,4464.4853515625,4492.563657773602,4398.968523015936,4483.204378514033,63550
2024-01-09,4427.04736328125,4464.485417739258,4417.687615450547,4417.687615450547,11685
2024-01-10,4398.96875,4464.485581927192,4398.96875,4408.328498174921,70110
2024-01-11,4398.96875,4436.406805834847,4352.171414422651,4352.171414422651,52275
2024-01-12,4258.576171875,4408.328391593796,4230.497396461522,4389.609364128946,98810
2024-01-15,4249.21630859375,4305.373389464077,4211.778723112594,4305.373389464077,24190
2024-01-16,4211.77880859375,4277.295170055971,4164.981006035817,4249.21639483473,68367
2024-01-17,4211.77880859375,4286.654449508114,4193.059781257058,4211.77880859375,83742
2024-01-18,4202.4189453125,4267.935304975668,4202.4189453125,4211.778692940034,39360
2024-01-19,4211.77880859375,4267.935422171422,4193.059781257058,4202.419060709201,113467
2024-01-22,4211.77880859375,4305.373476844807,4202.419060709201,4211.77880859375,109470
2024-01-23,4211.77880859375,4277.295170055971,4211.77880859375,4211.77880859375,54325
2024-01-24,4249.21630859375,4267.935335550525,4202.418975418008,4221.138002374783,118182
2024-01-25,4221.13818359375,4286.654546538971,4202.419155833342,4211.778903929754,79745
2024-01-26,4211.77880859375,4277.295170055971,4164.981006035817,4277.295170055971,72775
2024-01-29,4211.77880859375,4230.497367498037,4052.666842015663,4211.77880859375,51147
2024-01-30,4183.7001953125,4211.778971620596,4118.1838313143135,4193.059943559339,54940
2024-01-31,4164.98095703125,4230.497317722615,4136.902650572779,4211.778759038567,114390
2024-02-01,4164.98095703125,4174.340704805673,4090.104848565462,4127.542902798356,60577
2024-02-02,4118.18359375,4183.699953968765,4118.18359375,4164.980926987347,39155
2024-02-05,4118.18359375,4202.418980950183,4090.104819061675,4090.104819061675,58117
2024-02-06,4108.82373046875,4146.261783378516,4108.82373046875,4118.183477912383,28597
2024-02-07,4164.98095703125,4174.340704805673,4099.464596339885,4108.823875681909,93992
2024-02-15,4211.77880859375,4211.77880859375,4146.2619786991245,4164.981006035817,87022
2024-02-16,4211.77880859375,4239.857115382586,4174.340753920365,4202.419060709201,68675
2024-02-19,4211.77880859375,4211.77880859375,4164.981006035817,4211.77880859375,100347
2024-02-20,4183.7001953125,4249.216559310687,4183.7001953125,4211.778971620596,174762
2024-02-21,4239.85693359375,4239.85693359375,4183.699853991474,4183.699853991474,65292
2024-02-22,4221.13818359375,4305.373574299379,4221.13818359375,4305.373574299379,133660
2024-02-23,4221.13818359375,4239.857211354159,4118.183765127713,4221.13818359375,114595
2024-02-26,4221.13818359375,4230.497463257746,4164.981100312526,4221.13818359375,94402
2024-02-27,4221.13818359375,4230.497463257746,4202.419155833342,4211.778903929754,96145
2024-02-28,4352.17138671875,4352.17138671875,4211.778912447957,4211.778912447957,239952
2024-02-29,4305.37353515625,4361.530617926912,4305.37353515625,4361.530617926912,92660
2024-03-01,4305.37353515625,4324.09256274647,4267.935479975809,4286.65450756603,116030
2024-03-04,4436.40673828125,4436.40673828125,4258.576209989779,4305.37354485454,317852
2024-03-05,4427.04736328125,4464.485417739258,4333.452227136229,4436.406642679551,137145
2024-03-06,4305.37353515625,4436.406728287794,4305.37353515625,4427.0474487088895,88970
2024-03-07,4352.17138671875,4352.17138671875,4211.778912447957,4314.733331122216,161642
2024-03-08,4239.85693359375,4352.171092798303,4211.778628008805,4305.37329224688,284642
2024-03-11,4193.0595703125,4286.654233854993,4174.340543917525,4239.856902083747,83332
2024-03-12,4136.90283203125,4202.419195596382,4136.90283203125,4193.05991584383,81692
2024-03-13,4230.49755859375,4230.49755859375,4118.183857932681,4164.981194172091,132122
2024-03-14,4239.85693359375,4239.85693359375,4155.621548406528,4239.85693359375,126485
2024-03-15,4249.21630859375,4249.21630859375,4211.778723112594,4239.85702933156,63140
2024-03-18,4249.21630859375,4305.373389464077,4174.340669199042,4258.576056288335,137145
2024-03-19,4249.21630859375,4286.654362507302,4202.418975418008,4286.654362507302,108240
2024-03-20,4258.576171875,4258.576171875,4193.059809964231,4258.576171875,59142
2024-03-21,4277.29541015625,4277.29541015625,4249.216633358845,4258.57638176879,49917
2024-03-22,4267.935546875,4286.654574758638,4221.138211382114,4277.295295033028,61602
2024-03-25,4267.935546875,4305.373602642277,4211.778931656504,4258.57626714939,55350
2024-03-26,4258.576171875,4267.93545139122,4202.419089480452,4267.93545139122,32390
2024-03-27,4267.935546875,4305.373602642277,4211.778931656504,4305.373602642277,41922
2024-03-28,4249.21630859375,4277.295083245112,4211.778723112594,4249.21630859375,71340
2024-03-29,4193.0595703125,4267.935207460018,4193.0595703125,4230.497154670068,139195
2024-04-01,4239.85693359375,4324.092318780972,4174.34057494062,4258.575960127842,63755
2024-04-02,4249.21630859375,4267.935335550525,4211.778723112594,4211.778723112594,29417
2024-04-03,4239.85693359375,4249.216212644604,4193.0596014747125,4211.778628008805,59450
2024-04-04,4193.0595703125,4211.778596707475,4174.340543917525,4211.778596707475,29725
2024-04-05,4211.77880859375,4230.497367498037,4174.340753920365,4193.059781257058,18552
2024-04-08,4183.7001953125,4211.778971620596,4183.7001953125,4202.419223373757,16502
2024-04-09,4183.7001953125,4211.778971620596,4164.981167251243,4174.340915498084,37310
2024-04-10,4136.90283203125,4193.05991584383,4136.90283203125,4183.700167658856,52890
2024-04-11,4118.18359375,4183.699953968765,4099.464566768582,4127.542873024511,54120
2024-04-12,4155.62158203125,4155.62158203125,4099.464501974585,4127.542807786723,22242
2024-04-15,4080.74560546875,4155.62171459959,4080.7456054687495,4155.62171459959,28290
2024-04-16,3846.7578125,4071.385908483039,3799.960243708491,4071.385908483039,123205
2024-04-17,3846.7578125,3930.9934363247166,3837.3982987416985,3846.7578125,29725
2024-04-19,3650.2080078125,3828.038768452285,3603.4106734392863,3828.038768452285,98195
2024-04-22,3753.16259765625,3902.914814706354,3650.207948434303,3902.914814706354,58322
2024-04-23,3828.038818359375,3837.398332199281,3678.2865969208833,3678.2865969208833,26752
2024-04-24,3874.83642578125,3874.83642578125,3706.365175001105,3706.365175001105,34132
2024-04-25,3790.600830078125,3874.836456127908,3650.208119995153,3874.836456127908,32595
2024-04-26,3743.80322265625,3818.6793339526166,3528.534636895404,3790.60079221648,46637
2024-05-02,3799.960205078125,3799.960205078125,3650.207986467676,3753.16263676236,30340
2024-05-03,3799.960205078125,3809.319718741278,3753.16263676236,3799.960205078125,50840
2024-05-06,3856.117431640625,3930.9935437533,3799.960347556119,3799.960347556119,55452
2024-05-07,3874.83642578125,3874.83642578125,3650.208091407723,3856.117397916789,24292
2024-05-08,3874.83642578125,3874.83642578125,3809.3198282556377,3837.3983700523286,24702
2024-05-09,3837.398193359375,3874.8362473644615,3809.31965285556,3874.8362473644615,22242
2024-05-10,3865.476806640625,3874.8363203181134,3781.241183543231,3828.038751930672,26035
2024-05-13,3865.476806640625,3930.993402383043,3790.600697220719,3874.8363203181134,174045
2024-05-14,3846.7578125,3874.8363537749055,3809.319757466793,3865.476840016604,66215
2024-05-15,3837.398193359375,3884.195760865733,3837.398193359375,3884.195760865733,30545
2024-05-16,3828.038818359375,3874.836387558904,3809.319790679564,3837.398332199281,152212
2024-05-17,3837.398193359375,3846.757706860647,3799.960139354289,3818.679166356832,52787
2024-05-20,3837.398193359375,3865.47673386319,3799.960139354289,3799.960139354289,80052
2024-05-21,3837.398193359375,3837.398193359375,3809.31965285556,3837.398193359375,79027
2024-05-22,3930.993408203125,3940.352687678268,3818.6792439069777,3837.3982712896686,167587
2024-05-23,3865.476806640625,3930.993402383043,3865.476806640625,3921.6338887055545,58937
2024-05-24,3818.67919921875,3902.91482145509,3809.319685636935,3837.398226382381,65292
2024-05-27,3828.038818359375,3884.1959013988094,3781.241249159847,3818.6793045194695,66830
2024-05-28,3828.038818359375,3837.398332199281,3781.241249159847,3828.038818359375,42025
2024-05-29,3809.31982421875,3837.398365985685,3781.241282451815,3790.600796374127,78412
2024-05-30,3809.31982421875,3828.038852063373,3790.600796374127,3828.038852063373,69085
2024-05-31,3809.31982421875,3809.31982421875,3790.600796374127,3809.31982421875,30237
2024-06-03,3837.398193359375,3837.398193359375,3809.31965285556,3809.31965285556,76875
2024-06-04,3856.117431640625,3874.8364596687934,3818.679375584288,3837.398403612456,135710
2024-06-05,3856.117431640625,3884.1959736828776,3837.398403612456,3856.117431640625,54017
2024-06-06,3856.117431640625,3856.117431640625,3818.679375584288,3837.398403612456,37412
2024-06-07,4071.385986328125,4118.183790230615,3846.757886050186,3856.117399987442,330152
2024-06-10,3968.431396484375,4118.183613037068,3959.071648733632,4118.183613037068,56785
2024-06-11,3865.476806640625,4024.588539157925,3865.476806640625,3968.431457092996,99937
2024-06-12,3977.790771484375,3996.509799003728,3856.1173268247817,3865.476840584459,35977
2024-06-13,3884.19580078125,3996.509729734493,3874.836287183796,3996.509729734493,46842
2024-06-14,3856.117431640625,3930.9935437533,3856.117431640625,3921.634029739215,26035
2024-06-17,3799.960205078125,3996.509757788137,3799.960205078125,3856.117287057044,38745
2024-06-18,3856.117431640625,3865.476945654709,3799.960347556119,3799.960347556119,38540
2024-06-19,3837.398193359375,3856.117220361918,3818.679166356832,3856.117220361918,35055
2024-06-20,3818.67919921875,3846.757739964197,3809.319685636935,3837.398226382381,36695
2024-06-21,3837.398193359375,3893.5552743670046,3818.679166356832,3884.195760865733,44587
2024-06-24,3818.67919921875,3874.8362807096432,3818.67919921875,3837.398226382381,64165
2024-06-25,3809.31982421875,3818.6793381410616,3725.084198917945,3818.6793381410616,57297
2024-06-26,3809.31982421875,3828.038852063373,3809.31982421875,3818.6793381410616,6662
2024-06-27,3809.31982421875,3837.398365985685,3809.31982421875,3837.398365985685,9122
2024-06-28,3743.80322265625,3809.319820040571,3743.80322265625,3809.319820040571,36182
2024-07-01,3753.16259765625,3781.241138353144,3753.16259765625,3753.16259765625,21422
2024-07-02,3837.398193359375,3837.398193359375,3837.398193359375,3837.398193359375,307
2024-07-03,3790.600830078125,3837.398400105782,3762.5222880615306,3790.600830078125,14042
2024-07-04,3790.600830078125,3837.398400105782,3771.881802067062,3781.2413160725937,47047
2024-07-05,3743.80322265625,3809.319820040571,3743.80322265625,3809.319820040571,33005
2024-07-08,3799.960205078125,3809.319718741278,3743.803123099208,3743.803123099208,16605
2024-07-09,3799.960205078125,3809.319718741278,3743.803123099208,3743.803123099208,43357
2024-07-10,3790.600830078125,3828.03888610025,3753.1627740559993,3799.960344083656,12095
2024-07-11,3781.2412109375,3781.2412109375,3753.162669701612,3781.2412109375,33825
2024-07-12,3743.80322265625,3781.241278304433,3743.80322265625,3781.241278304433,8097
2024-07-15,3743.80322265625,3790.60079221648,3706.365167008066,3706.365167008066,13735
2024-07-16,3743.80322265625,3790.60079221648,3725.084194832159,3790.60079221648,85690
2024-07-17,3584.691650390625,3753.162663302505,3584.691650390625,3753.162663302505,90610
2024-07-18,3678.28662109375,3734.443704502237,3491.096577281672,3491.096577281672,82512
2024-07-19,3612.770263671875,3697.00565470064,3612.770263671875,3687.646140784532,30955
2024-07-22,3547.253662109375,3640.8488011609647,3500.45609258358,3612.770259445488,35567
2024-07-23,3463.01806640625,3603.410776177283,3341.3443846046885,3547.25369226887,27675
2024-07-24,3463.01806640625,3584.691748207812,3463.01806640625,3491.0966083604567,21525
2024-07-25,3444.298828125,3556.612989083829,3425.5798012985283,3472.377368364708,46945
2024-07-26,3509.8154296875,3509.8154296875,3397.5012684832354,3463.017862519056,57502
2024-07-29,3509.8154296875,3528.534456554877,3481.7368893864336,3500.455916253811,32287
2024-07-30,3463.01806640625,3537.8941782841343,3463.01806640625,3509.815636329928,24190
2024-07-31,3463.01806640625,3463.01806640625,3434.939524452044,3463.01806640625,33620
2024-08-01,3369.4228515625,3416.22042044456,3322.62528268044,3397.501392891736,101577
2024-08-02,3238.389892578125,3369.4228512183035,3182.232809925389,3369.4228512183035,68265
2024-08-05,3023.12109375,3266.468219145159,3023.12109375,3023.12109375,34952
2024-08-06,3079.278076171875,3172.873211427239,2929.525859763293,3172.873211427239,74620
2024-08-07,3060.55908203125,3154.1542182930502,3004.40200027417,3004.40200027417,24805
2024-08-08,3051.19970703125,3060.559221082664,2957.6045665171105,3060.559221082664,44690
2024-08-09,3163.513671875,3163.513671875,3004.4019432499176,3051.199510492589,50840
2024-08-12,3163.513671875,3163.513671875,3144.7946449779315,3163.513671875,21320
2024-08-13,3079.278076171875,3144.7946708506297,3069.9185626463386,3144.7946708506297,8302
2024-08-14,3079.278076171875,3079.278076171875,3069.9185626463386,3069.9185626463386,16297
2024-08-15,3088.6376953125,3088.6376953125,3069.918667621336,3069.918667621336,9327
2024-08-16,3182.23291015625,3210.3114523670083,3060.5592272429635,3079.278255383469,29622
2024-08-19,3182.23291015625,3275.8278166425653,3182.23291015625,3275.8278166425653,6047
2024-08-20,3182.23291015625,3191.5924242265028,3126.0758257347334,3182.23291015625,44997
2024-08-21,3154.154296875,3182.232838453084,3107.356727578195,3182.232838453084,5842
2024-08-22,3144.794677734375,3210.311272556541,3041.8400287281142,3210.311272556541,28802
2024-08-23,3079.278076171875,3154.154184376166,3079.278076171875,3144.7946708506297,21627
2024-08-26,3116.71630859375,3126.0758226547814,3079.2782523496244,3088.637766410656,16195
2024-08-27,3051.19970703125,3097.99727728832,3013.761650825594,3079.278249185492,43972
2024-08-28,3088.6376953125,3097.9972091580826,3060.559153775753,3088.6376953125,21935
2024-08-29,3069.918701171875,3135.435298806969,3060.5591872240043,3097.9972430154867,47970
2024-08-30,3097.9970703125,3097.9970703125,3069.9185300341733,3069.9185300341733,17835
2024-09-04,3097.9970703125,3107.356583738609,3004.4019360514103,3097.9970703125,29930
2024-09-05,3088.6376953125,3107.3567230036647,3079.278181466918,3097.9972091580826,11172
2024-09-06,3079.278076171875,3097.997103222948,3079.278076171875,3088.6375896974114,10045
2024-09-09,3060.55908203125,3116.71616378833,3060.55908203125,3116.71616378833,11377
2024-09-10,3107.356689453125,3266.4681888938694,3079.278148219546,3088.6376619640723,26547
2024-09-11,3097.9970703125,3116.716097164718,3097.9970703125,3116.716097164718,4407
2024-09-12,3107.356689453125,3126.0757169421777,3107.356689453125,3107.356689453125,5535
2024-09-13,3088.6376953125,3097.9972091580826,3079.278181466918,3079.278181466918,25215
2024-09-16,3097.9970703125,3135.435124016936,3088.637556886391,3088.637556886391,15170
2024-09-17,3172.873291015625,3172.873291015625,3088.6376671728303,3097.997180933141,9122
2024-09-18,3107.356689453125,3163.5137719202835,3088.6376619640723,3107.356689453125,5125
2024-09-19,3154.154296875,3154.154296875,3097.9972137188342,3097.9972137188342,51967
2024-09-20,3107.356689453125,3154.154258175757,3097.9971757085987,3154.154258175757,9430
2024-09-23,3069.918701171875,3107.3567569633574,3069.918701171875,3097.9972430154867,50737
2024-09-24,3088.6376953125,3097.9972091580826,3079.278181466918,3079.278181466918,27470
2024-09-25,3116.71630859375,3116.71630859375,3088.637766410656,3097.997280471687,37617
2024-09-26,3069.918701171875,3116.716270911228,2995.0425895889102,2995.0425895889102,47150
2024-09-27,3069.918701171875,3079.2782151197453,3060.5591872240043,3079.2782151197453,128842
2024-09-30,3079.278076171875,3088.6375896974114,3069.9185626463386,3069.9185626463386,28802
2024-10-01,3097.9970703125,3107.356583738609,2957.604368920865,3088.637556886391,68060
2024-10-02,3088.6376953125,3097.9972091580826,3088.6376953125,3097.9972091580826,7892
2024-10-03,3069.918701171875,3182.2328685463217,3069.918701171875,3088.637729067616,16502
2024-10-04,3097.9970703125,3107.356583738609,3069.9185300341733,3107.356583738609,37515
2024-10-07,3088.6376953125,3107.3567230036647,3079.278181466918,3088.6376953125,25317
2024-10-08,3079.278076171875,3097.997103222948,3079.278076171875,3088.6375896974114,34440
2024-10-09,3079.278076171875,3079.278076171875,3041.840022069729,3041.840022069729,4100
2024-10-10,3060.55908203125,3088.63762290979,3060.55908203125,3088.63762290979,4202
2024-10-11,3079.278076171875,3079.278076171875,2938.885373288829,2938.885373288829,15887
2024-10-14,3079.278076171875,3088.6375896974114,3079.278076171875,3079.278076171875,11685
2024-10-15,3088.6376953125,3097.9972091580826,3069.918667621336,3088.6376953125,21217
2024-10-16,3088.6376953125,3097.9972091580826,3079.278181466918,3088.6376953125,34337
2024-10-17,3088.6376953125,3154.154292231576,3079.278181466918,3079.278181466918,26342
2024-10-18,3088.6376953125,3107.3567230036647,3079.278181466918,3107.3567230036647,25010
2024-10-21,3107.356689453125,3238.3898818764947,3088.6376619640723,3238.3898818764947,6970
2024-10-22,3163.513671875,3229.03026601474,3163.513671875,3210.3112391176714,59757
2024-10-23,3172.873291015625,3172.873291015625,3107.356694693452,3135.435235974383,21730
2024-10-24,3144.794677734375,3182.23273191847,3144.794677734375,3182.23273191847,8815
2024-10-25,3144.794677734375,3163.5137048264223,3135.435164188352,3154.1541912803987,8815
2024-10-28,3144.794677734375,3163.5137048264223,3135.435164188352,3144.794677734375,4715
2024-10-29,3135.435302734375,3163.5138446131577,3126.075788774781,3144.794816693969,19065
2024-10-30,3135.435302734375,3191.59238649194,3135.435302734375,3154.154330653563,27880
2024-10-31,3126.07568359375,3154.1542245277924,3097.997142659708,3144.794710883112,7380
2024-11-01,3079.278076171875,3116.7161302740205,3051.199535595266,3088.6375896974114,16810
2024-11-04,3060.55908203125,3172.87324554541,2901.44735038619,3107.35665016215,19680
2024-11-05,3069.918701171875,3079.2782151197453,2929.525991953816,2995.0425895889102,27880
2024-11-06,3069.918701171875,3097.9972430154867,2957.604533797428,3069.918701171875,14965
2024-11-07,3069.918701171875,3126.0757848590983,2892.087936162334,2892.087936162334,67752
2024-11-08,3116.71630859375,3116.71630859375,3013.761653922405,3069.918738288593,29212
2024-11-11,3023.12109375,3107.356718230857,2995.042552256381,3107.356718230857,20090
2024-11-12,3023.12109375,3041.840121412413,2995.042552256381,3041.840121412413,31467
2024-11-13,3004.402099609375,3023.1211274806465,2995.04258567374,3004.402099609375,10455
2024-11-14,3041.840087890625,3051.199601618687,2957.604464338064,3051.199601618687,31467
2024-11-15,2938.885498046875,3079.278206889704,2920.166470201165,3079.278206889704,55247
2024-11-18,2892.087890625,2948.244973428003,2892.087890625,2910.806918226001,9635
2024-11-19,2826.571533203125,2929.525950973284,2817.212019386183,2901.447409522457,31980
2024-11-20,2901.447265625,2948.2448323887834,2761.054799549845,2835.9309063718983,26445
2024-11-21,2966.9638671875,2995.0424073223617,2882.7282467829145,2882.7282467829145,44997
2024-11-22,2976.323486328125,2995.042513749872,2957.604458906378,2966.963972617252,14247
2024-11-25,2995.04248046875,2995.04248046875,2976.3234532550105,2995.04248046875,26035
2024-11-26,2985.68310546875,2985.68310546875,2901.44747909638,2901.44747909638,20602
2024-11-27,2948.244873046875,3032.480494383345,2948.244873046875,2966.963900010535,44587
2024-11-28,2954.796630859375,3021.9510997425427,2954.796630859375,3021.9510997425427,31500
2024-11-29,2935.609619140625,3050.731564989277,2887.642141703687,2973.9836010901754,21600
2024-12-02,2973.983642578125,2973.983642578125,2954.796651335685,2973.983642578125,10100
2024-12-03,2983.5771484375,2983.5771484375,2973.9836527833604,2973.9836527833604,5400
2024-12-04,2983.5771484375,3002.76413974578,2964.3901571292204,2973.9836527833604,6900
2024-12-05,2993.170654296875,3002.764149983724,2935.609680175781,2935.609680175781,11000
2024-12-06,2993.170654296875,2993.170654296875,2964.390167236328,2964.390167236328,23400
2024-12-09,3050.731689453125,3108.292664725825,2973.9837224228577,3108.292664725825,3400
2024-12-10,2973.983642578125,3021.9511206842235,2973.983642578125,3002.764129441784,20200
2024-12-11,3031.544677734375,3137.0731317061413,2973.983702840684,2973.983702840684,31100
2024-12-12,3012.357666015625,3108.2926235320465,2993.170674512341,3108.2926235320465,3900
2024-12-13,2993.170654296875,3021.951141357422,2983.577158610026,3021.951141357422,8100
2024-12-16,2983.5771484375,3002.76413974578,2973.9836527833604,2993.17064409164,8900
2024-12-17,2983.5771484375,3012.35763539992,2926.016174512661,2993.17064409164,23600
2024-12-18,2926.01611328125,2983.577086001537,2926.01611328125,2973.983590548156,58100
2024-12-19,2906.8291015625,2973.983569255363,2878.048615408416,2926.016092331889,71800
2024-12-20,2954.796630859375,3012.357604187805,2897.235657530945,2897.235657530945,25300
2024-12-23,2945.203125,3002.764098127036,2935.609629478827,2954.7966205211724,19500
2024-12-24,2926.01611328125,2973.983590548156,2926.01611328125,2945.2031041880123,22500
2024-12-25,3127.4794921875,3127.4794921875,2964.390070815759,2964.390070815759,78700
2024-12-26,3338.53662109375,3338.53662109375,3338.53662109375,3338.53662109375,54100
2024-12-27,3501.6259765625,3568.7804473458905,3348.130043343322,3568.7804473458905,482200
2024-12-30,3472.845458984375,3549.593424928781,3357.723510067766,3501.625946213527,51200
2024-12-31,3233.008056640625,3472.845449566488,3233.008056640625,3472.845449566488,73500
2025-01-02,3242.6015625,3261.788553994083,3175.44709227071,3233.0080667529587,90600
2025-01-03,3242.6015625,3242.6015625,3127.479613535503,3242.6015625,97900
2025-01-06,3348.130126953125,3424.878095479271,3233.008174163906,3242.6016702296743,47700
2025-01-07,3242.6015625,3376.91050295858,3117.886117788462,3338.5365199704142,35500
2025-01-08,3185.04052734375,3280.975482986634,3060.3250850080008,3280.975482986634,11100
2025-01-09,3165.853515625,3213.820993134469,3156.260020123106,3185.040506628788,30200
2025-01-10,3041.13818359375,3213.8211088451303,3021.9511918991525,3137.073142066739,58200
2025-01-13,3060.3251953125,3069.9186912225705,3021.951211672218,3041.138203492359,39600
2025-01-14,2993.170654296875,3060.325124104818,2993.170654296875,3060.325124104818,41800
2025-01-15,3089.105712890625,3137.0731929044546,2983.5772568602,3060.325224882328,71200
2025-01-16,3108.292724609375,3165.85370099103,3069.9187403549386,3165.85370099103,63400
2025-01-17,3156.260009765625,3261.78845994016,3060.3250550615026,3108.292532413564,34200
2025-01-20,3060.3251953125,3165.853650323276,3031.5447075822885,3165.853650323276,32500
2025-01-21,3089.105712890625,3117.886200898923,3031.5447368740297,3060.325224882328,14500
2025-01-22,3089.105712890625,3098.699208893391,3050.7317288795616,3050.7317288795616,63100
2025-01-23,3156.260009765625,3194.633991647274,2993.1705867686173,2993.1705867686173,58100
2025-01-24,3060.3251953125,3165.853650323276,3021.951211672218,3156.2601544132053,30000
2025-02-03,3098.69921875,3127.4797068498456,3060.3252346168733,3069.918730650155,98900
2025-02-04,3137.072998046875,3156.2599888606173,3069.918530198777,3146.666493453746,40800
2025-02-05,3117.88623046875,3156.26021484375,3098.69923828125,3137.07322265625,41200
2025-02-06,3328.943115234375,3328.943115234375,3156.2601870665976,3156.2601870665976,101300
2025-02-07,3559.18701171875,3559.18701171875,3559.18701171875,3559.18701171875,95800
2025-02-10,3799.0244140625,3799.0244140625,3683.902462121212,3799.0244140625,846800
2025-02-11,3846.99169921875,4029.26811389495,3799.024221672381,4029.26811389495,487900
2025-02-12,3635.934814453125,3856.585212164001,3597.560832242538,3856.585212164001,201100
2025-02-13,3885.36572265625,3885.36572265625,3626.3413411458337,3635.93483675733,214300
2025-02-14,4153.98388671875,4153.98388671875,4125.203397896218,4153.98388671875,366100
2025-02-17,4441.78857421875,4441.78857421875,4441.78857421875,4441.78857421875,886600
2025-02-18,4748.7802734375,4748.7802734375,4710.406291429924,4748.7802734375,2613800
2025-02-19,4844.71533203125,5074.959228999072,4633.658426477414,4883.08931485922,1780700
2025-02-20,5170.89404296875,5180.487538410251,4796.747720750232,5007.804620463242,1550500
2025-02-21,4844.71533203125,5266.829143138923,4844.71533203125,5266.829143138923,885800
2025-02-24,4815.93505859375,4969.43099671626,4508.94318234873,4969.43099671626,1092300
2025-02-25,4585.69091796875,4748.780343921613,4576.097422324464,4700.812865700183,522400
2025-02-26,4652.84521484375,4719.999681862114,4585.690747825387,4585.690747825387,241700
2025-02-27,4767.96728515625,4796.747771786972,4528.129896566901,4528.129896566901,328000
2025-02-28,4633.658203125,4787.154127038044,4508.942764945652,4777.560631793478,432300
2025-03-03,4317.0732421875,4748.78056640625,4317.0732421875,4720.000078125,687400
2025-03-04,4125.203125,4508.942950581395,4048.455159883721,4221.138081395349,443500
2025-03-05,3933.333251953125,4221.138124047256,3933.333251953125,4086.829183736661,513500
2025-03-06,3981.30078125,4038.861756400602,3885.365822665663,3885.365822665663,270400
2025-03-07,3933.333251953125,4019.674713581364,3846.9917903248856,4000.487722108422,323900
2025-03-10,4125.203125,4153.983611918605,3904.5527252906977,3952.520203488372,411700
2025-03-11,4125.203125,4125.203125,4029.2681686046512,4125.203125,441400
2025-03-12,4029.268310546875,4201.951238141742,4029.268310546875,4163.577254231771,228400
2025-03-13,3952.520263671875,4077.235708884823,3952.520263671875,4029.2682299567655,270400
2025-03-14,3942.9267578125,4019.674723901308,3933.333262051399,3962.113749334702,163700
2025-03-17,4058.048583984375,4106.016061336436,3942.926638339428,3962.113629280253,260200
2025-03-18,4000.48779296875,4096.422752032749,3962.113809343152,4019.67478478155,139600
2025-03-19,3942.9267578125,4086.8291942290143,3933.333262051399,4086.8291942290143,165000
2025-03-20,3904.552734375,4000.487690993551,3856.585256065725,3990.8941953316953,207500
2025-03-21,3875.772216796875,3933.333190313661,3837.398234452352,3885.365712383006,154800
2025-03-24,3741.46337890625,3875.772320713141,3664.715412159455,3741.46337890625,276100
2025-03-25,3731.869873046875,3808.617839587685,3645.528410688464,3799.0243437700833,388400
2025-03-26,3674.308837890625,3751.056803172936,3645.52835090976,3664.715342230336,145800
2025-03-27,3587.96728515625,3664.715248475101,3472.845340177975,3472.845340177975,100400
2025-03-28,3587.96728515625,3635.9347622305313,3549.593303496825,3597.560780571106,126300
2025-03-31,3626.34130859375,3664.715290695271,3559.186839916088,3559.186839916088,183000
2025-04-01,3875.772216796875,3875.772216796875,3597.56084479908,3645.528322729734,401200
2025-04-02,4144.39013671875,4144.39013671875,4077.235666910807,4144.39013671875,400000
2025-04-03,3866.1787109375,4269.1055244843365,3856.585215376861,4153.983577756669,1048400
2025-04-04,4134.796875,4134.796875,3597.561086136891,3645.528567285383,424400
2025-04-08,3846.99169921875,4422.601429775172,3846.99169921875,4422.601429775172,898500
2025-04-09,3597.560791015625,3933.333131510417,3587.967295572917,3587.967295572917,241900
2025-04-10,3846.99169921875,3846.99169921875,3846.99169921875,3846.99169921875,51500
2025-04-11,3837.398193359375,3962.113634643554,3645.528283691406,3933.333148193359,556300
2025-04-14,3875.772216796875,4010.0811550027074,3856.5852256246135,4000.4876594165767,187100
2025-04-15,3770.243896484375,3933.333327121104,3741.463408724952,3933.333327121104,182300
2025-04-16,3760.650390625,3827.804861886161,3760.650390625,3770.2438865194513,83100
2025-04-17,3770.243896484375,3799.0243842437976,3703.089425045722,3751.05690464476,123200
2025-04-18,3789.430908203125,3818.211396113528,3770.243916262856,3789.430908203125,231000
2025-04-21,3741.46337890625,3760.650370592949,3674.308908002805,3674.308908002805,137200
2025-04-22,3540.0,3751.0569105691056,3482.439024390244,3751.0569105691056,350400
2025-04-23,3645.5283203125,3693.495798211348,3559.186860094572,3693.495798211348,105300
2025-04-24,3645.5283203125,3693.495798211348,3616.747833573191,3645.5283203125,67800
2025-04-25,3741.46337890625,3741.46337890625,3655.121916316106,3655.121916316106,147700
2025-04-28,3760.650390625,3837.398357780612,3703.0894152582905,3741.463398836097,64300
2025-04-29,3741.46337890625,3770.243866436298,3693.495899689503,3770.243866436298,63300
2025-05-05,3693.495849609375,3751.056823889002,3645.528371043019,3741.4633281757306,90052
2025-05-06,3703.08935546875,3779.837321385201,3674.3088682500806,3712.682851208306,124103
2025-05-07,3674.308837890625,3741.463307512647,3664.715342230336,3731.869811852358,49266
2025-05-08,3664.71533203125,3741.4632970999673,3635.934845130481,3635.934845130481,115277
2025-05-09,3674.308837890625,3712.68282053178,3645.52835090976,3664.715342230336,128305
2025-05-12,3722.2763671875,3722.2763671875,3645.528400853738,3664.715392437178,130115
2025-05-13,3770.243896484375,3789.43088832399,3693.495929125914,3722.276416885337,242360
2025-05-14,3760.650390625,3779.837382413903,3731.869902941645,3760.650390625,190085
2025-05-15,3703.08935546875,3760.650329906088,3703.08935546875,3760.650329906088,166001
2025-05-16,3664.71533203125,3703.0893145656087,3655.12183639766,3703.0893145656087,179041
2025-05-19,3635.934814453125,3731.869769979593,3635.934814453125,3683.902292216359,175785
2025-05-20,3885.36572265625,3885.36572265625,3597.5608543113426,3635.93483675733,313796
2025-05-21,3933.333251953125,4086.829183736661,3894.95926900724,4086.829183736661,481536
2025-05-22,3779.83740234375,3885.365857739134,3693.495938838436,3885.365857739134,231218
2025-05-23,3664.71533203125,3818.211262168684,3664.71533203125,3789.430775267916,160929
2025-05-26,3712.682861328125,3789.430827453771,3645.528390968185,3664.715382499596,126866
2025-05-27,3760.650390625,3808.617870097257,3674.308927574936,3808.617870097257,151067
2025-05-28,3751.056884765625,3837.398347586317,3722.276397158728,3779.837372372522,174901
2025-05-29,3722.2763671875,3770.243846146102,3693.495879812339,3703.08937560406,68368
2025-05-30,3664.71533203125,3722.276305832788,3635.934845130481,3722.276305832788,364826
2025-06-02,3703.08935546875,3741.463338426976,3645.528381031412,3674.3088682500806,207323
2025-06-03,3693.495849609375,3722.276336749189,3664.7153624695616,3703.0893453226463,98504
2025-06-04,3693.495849609375,3760.6503196022727,3693.495849609375,3693.495849609375,119448
2025-06-05,3808.617919921875,3827.804911961784,3693.495967682423,3722.276455742286,200051
2025-06-06,3741.46337890625,3808.617849809696,3722.276387219552,3808.617849809696,134119
2025-06-09,3655.121826171875,3741.463286632628,3655.121826171875,3741.463286632628,146256
2025-06-10,3683.90234375,3722.276326497396,3645.528361002604,3655.121856689453,82380
2025-06-11,3693.495849609375,3693.495849609375,3645.528371043019,3693.495849609375,112885
2025-06-12,3741.46337890625,3760.650370592949,3693.495899689503,3693.495899689503,235367
2025-06-13,3741.46337890625,3741.46337890625,3693.495899689503,3741.46337890625,351876
2025-06-16,3741.46337890625,3741.46337890625,3693.495899689503,3741.46337890625,60019
2025-06-17,3731.869873046875,3751.0568646820775,3712.682881411673,3741.463368864476,124037
2025-06-18,3990.894287109375,3990.894287109375,3693.4959147526665,3731.869898282565,570091
2025-06-19,3866.1787109375,3981.300657665168,3846.991719816224,3933.333179861973,119378
2025-06-20,3751.056884765625,3837.398347586317,3731.869893027693,3837.398347586317,151808
2025-06-23,3751.056884765625,3779.837372372522,3693.49590955183,3731.869893027693,67354
2025-06-24,3760.650390625,3789.4308783083534,3751.056894730548,3760.650390625,33022
2025-06-25,3760.650390625,3779.837382413903,3760.650390625,3760.650390625,86202
2025-06-26,3760.650390625,3770.2438865194513,3731.869902941645,3760.650390625,85874
2025-06-27,3770.243896484375,3779.837392404183,3741.463408724952,3760.650400564568,44316
2025-06-30,3894.959228515625,4000.487680519743,3789.4307765115072,3789.4307765115072,307196
2025-07-01,3846.99169921875,3933.333158802213,3846.99169921875,3894.959176765119,130701
2025-07-02,3827.8046875,3875.772164786968,3818.2111920426064,3875.772164786968,149294
2025-07-03,3846.99169921875,3914.146167783666,3837.398203709476,3837.398203709476,147176
2025-07-04,3866.1787109375,3914.146188740695,3856.585215376861,3856.585215376861,77417
2025-07-07,3894.959228515625,3933.333211062577,3846.9917503319352,3856.585245968673,140807
2025-07-08,3923.73974609375,3942.926737517191,3894.959258958588,3904.552754670308,130689
2025-07-09,3962.11376953125,4019.674744391268,3914.146290481234,3952.520273721247,316703
2025-07-10,3971.707275390625,4048.45524206484,3952.5202837220713,4048.45524206484,81900
2025-07-11,4048.455078125,4134.796537137145,3962.113619112856,3971.7071145586497,299244
2025-07-14,4019.6748046875,4096.422772318765,3837.398381563246,4096.422772318765,138867
2025-07-15,3981.30078125,4048.455252259036,3952.520293674698,4048.455252259036,236818
2025-07-16,3990.894287109375,4038.861766521747,3942.9268076970025,3981.300791226901,202310
2025-07-17,3990.894287109375,4058.048758286696,3981.300791226901,4010.081278874324,239655
2025-07-18,4058.048583984375,4163.57703415891,3990.894115691489,3990.894115691489,340053
2025-07-21,4048.455078125,4221.137996149289,4038.861582679207,4077.2355644623817,302439
2025-07-22,4077.235595703125,4115.609577780331,4048.455109145221,4077.235595703125,200578
2025-07-23,4067.64208984375,4096.422576328493,4029.268107864092,4058.048594348836,205716
2025-07-24,4125.203125,4153.983611918605,4019.674672965116,4077.235646802325,329150
2025-07-25,4211.54443359375,4393.820844159312,4106.015985371583,4125.202975957432,323425
2025-07-28,4211.54443359375,4345.85336769469,4192.357443007902,4345.85336769469,287172
2025-07-29,3933.333251953125,4211.544628310785,3933.333251953125,4211.544628310785,489314
2025-07-30,4000.48779296875,4010.0812888751498,3837.398362559952,3837.398362559952,181076
2025-07-31,4019.6748046875,4019.6748046875,3933.333341102327,4019.6748046875,69368
2025-08-01,4067.64208984375,4096.422576328493,4000.4876213793486,4019.674612369177,272593
2025-08-04,4029.268310546875,4115.609774344308,4019.674814569383,4115.609774344308,319443
2025-08-05,3990.894287109375,4106.016237699068,3952.520303579477,4038.861766521747,406321
2025-08-06,3981.30078125,4019.674764683735,3952.520293674698,3990.894277108434,265849
2025-08-07,4029.268310546875,4029.268310546875,3952.520342726935,3981.300830659413,275093
2025-08-08,4000.48779296875,4067.642264313549,3981.300801155952,4029.2682806879498,188372
2025-08-11,4038.86181640625,4096.42279241204,4000.48783240239,4019.67482440432,276717
2025-08-12,3990.894287109375,4038.861766521747,3981.300791226901,4029.268270639273,316275
2025-08-13,4029.268310546875,4048.455302501861,4000.487822614397,4010.08131859189,261505
2025-08-14,3990.894287109375,4029.268270639273,3990.894287109375,4029.268270639273,261467
2025-08-15,3971.707275390625,4058.048737899117,3971.707275390625,4058.048737899117,285676
2025-08-18,4019.6748046875,4077.235780410949,3971.7073249179593,3971.7073249179593,192711
2025-08-19,4153.98388671875,4221.138360637991,4067.642420251155,4192.35787181546,426136
2025-08-20,4058.048583984375,4249.91849339262,4019.674602102726,4230.731502451796,266570
2025-08-21,4010.081298828125,4058.0487784791794,3981.3008110374926,4048.4552825489686,260694
2025-08-22,3923.73974609375,4010.081207499236,3846.9917803999847,4010.081207499236,220129
2025-08-25,3856.585205078125,3923.7396738232665,3846.9917095431047,3923.7396738232665,73062
2025-08-26,3942.9267578125,3942.9267578125,3846.99180020149,3846.99180020149,114080
2025-08-27,3933.333251953125,4010.081217844893,3894.95926900724,3942.926747689596,75958
2025-08-28,3971.707275390625,3990.894267059178,3856.585325379304,3933.333292053517,50918
2025-08-29,3933.333251953125,3971.707234899009,3894.95926900724,3971.707234899009,114130
2025-09-03,3923.73974609375,3962.113728940632,3866.178771823426,3933.333241805471,76667
2025-09-04,3942.9267578125,3971.707245095803,3904.552774768096,3942.9267578125,55897
2025-09-05,3933.333251953125,3981.30073063548,3923.739756216654,3942.926747689596,88789
2025-09-08,3923.73974609375,3962.113728940632,3866.178771823426,3923.73974609375,78961
2025-09-09,3923.73974609375,3952.520233228912,3894.959258958588,3933.333241805471,67276
2025-09-10,3933.333251953125,3942.926747689596,3846.9917903248856,3923.739756216654,59349
2025-09-11,3904.552734375,3981.300699669841,3827.80476908016,3933.333221360565,88205
2025-09-12,3914.146240234375,3942.926727294922,3866.1787618001295,3885.365753173828,51091
2025-09-15,3933.333251953125,3952.520243426067,3885.3657732707698,3923.739756216654,138909
2025-09-16,3971.707275390625,4125.203208739054,3914.146300384964,3933.333292053517,186004
2025-09-17,3942.9267578125,4058.048706945712,3933.333262051399,4058.048706945712,126302
2025-09-18,4000.48779296875,4019.67478478155,3952.520313436751,3952.520313436751,25077
2025-09-19,4000.48779296875,4019.67478478155,3962.113809343152,4000.48779296875,15968
2025-09-22,3971.707275390625,4000.487762893456,3952.5202837220713,4000.487762893456,34595
2025-09-23,3923.73974609375,3981.3007203640736,3923.73974609375,3971.707224652353,46188
2025-09-24,3981.30078125,3981.30078125,3885.365822665663,3923.739806099397,59922
2025-09-25,3962.11376953125,3981.300761151256,3885.3658030512256,3981.300761151256,47982
2025-09-26,3990.894287109375,4125.203229464018,3894.9593282846304,3894.9593282846304,469897
2025-09-29,3990.894287109375,4058.048758286696,3981.300791226901,4058.048758286696,64319
2025-09-30,3904.552734375,3981.300699669841,3818.2112734183047,3981.300699669841,172333
2025-10-01,3894.959228515625,3923.739715425839,3779.8372808747695,3923.739715425839,282663
2025-10-02,3818.211181640625,3952.520117678235,3818.211181640625,3952.520117678235,72718
2025-10-03,3789.430908203125,3837.3983880537976,3779.837412232991,3818.211396113528,48605
2025-10-06,3799.0244140625,3875.772382023359,3741.463438091856,3789.4309180673927,115160
2025-10-07,3703.08935546875,3808.61780860387,3674.3088682500806,3808.61780860387,260447
2025-10-08,3731.869873046875,3770.24385631728,3683.9023939588687,3722.2763772292737,61569
2025-10-09,3722.2763671875,3779.837341937822,3712.68287139578,3731.8698629792207,57642
2025-10-10,3703.08935546875,3722.276346947863,3674.3088682500806,3703.08935546875,86150
2025-10-13,3703.08935546875,3741.463338426976,3674.3088682500806,3674.3088682500806,50468
2025-10-14,3683.90234375,3722.276326497396,3664.7153523763022,3703.0893351236978,49814
2025-10-15,3616.747802734375,3741.463244207974,3607.1543072364057,3683.902271220159,110702
2025-10-16,3587.96728515625,3635.9347622305313,3559.1867989116813,3616.747771400818,47685
2025-10-17,3597.560791015625,3645.5282682291663,3549.5933138020832,3607.154286458333,32077
2025-10-20,3520.81298828125,3645.528434732629,3511.2194924003743,3597.5609553282525,50089
2025-10-21,3386.50390625,3635.934788863314,3367.316915279745,3549.593329497168,89083
2025-10-22,3549.593505859375,3616.7479775918496,3415.284562394426,3415.284562394426,82217
2025-10-23,3559.18701171875,3578.37400369567,3463.252051834148,3549.5935157302897,41158
2025-10-24,3520.81298828125,3587.967459447377,3463.2520129959976,3587.967459447377,16481
2025-10-27,3530.406494140625,3549.593485956607,3405.6910473367443,3520.812998232634,60816
2025-10-28,3530.406494140625,3549.593485956607,3463.2520227846894,3530.406494140625,15312
2025-10-29,3597.560791015625,3597.560791015625,3511.21933203125,3597.560791015625,16379
2025-10-30,3549.593505859375,3645.528465477196,3549.593505859375,3607.154481630068,20538
2025-10-31,3559.18701171875,3597.5609956725907,3540.0000197418294,3540.0000197418294,64887
2025-11-03,3616.747802734375,3645.5282892282826,3530.4063432526527,3530.4063432526527,46084
2025-11-04,3635.934814453125,3645.528310005772,3559.186850031951,3616.747823347832,27605
2025-11-05,3568.780517578125,3626.341493668095,3559.18702156313,3568.780517578125,17765
2025-11-06,3530.406494140625,3635.934949128524,3530.406494140625,3568.7804777725883,26487
2025-11-07,3549.593505859375,3597.5609856682854,3463.2520422033363,3597.5609856682854,16121
2025-11-10,3549.593505859375,3549.593505859375,3501.6260260504646,3549.593505859375,34231
2025-11-11,3549.593505859375,3568.780497782939,3415.284562394426,3568.780497782939,21502
2025-11-12,3540.0,3559.1869918699185,3453.6585365853657,3549.59349593496,53865
2025-11-13,3540.0,3549.59349593496,3530.4065040650407,3549.59349593496,3649
2025-11-14,3540.0,3540.0,3396.0975609756097,3540.0,35930
2025-11-17,3540.0,3549.59349593496,3444.0650406504064,3444.0650406504064,62550
2025-11-18,3520.81298828125,3549.593475923876,3453.6585171151223,3539.9999800430005,82957
2025-11-19,3530.406494140625,3587.96746958857,3463.2520227846894,3520.812998232634,69699
2025-11-20,3511.219482421875,3530.406474129098,3453.6585073002047,3530.406474129098,35917
2025-11-21,3501.6259765625,3511.2194723886987,3444.065001605308,3501.6259765625,60863
2025-11-24,3501.6259765625,3530.406464041096,3444.065001605308,3492.0324807363013,30521
2025-11-25,3453.658447265625,3501.6259256998696,3453.658447265625,3501.6259256998696,30243
2025-11-26,3472.845458984375,3501.625946213527,3453.658467498273,3453.658467498273,32932
2025-11-27,3492.032470703125,3501.62596650176,3463.25198330722,3472.8454791058552,18703
2025-11-28,3453.658447265625,3501.6259256998696,3453.658447265625,3501.6259256998696,62808
2025-12-01,3472.845458984375,3492.0324504704763,3444.064971755223,3492.0324504704763,61417
2025-12-02,3472.845458984375,3482.438954727426,3453.658467498273,3482.438954727426,29744
2025-12-03,3492.032470703125,3492.032470703125,3367.3170253208705,3482.43897490449,153422
2025-12-04,3492.032470703125,3501.62596650176,3472.8454791058552,3492.032470703125,48922
2025-12-05,3501.6259765625,3530.406464041096,3492.0324807363013,3492.0324807363013,80445
2025-12-08,3559.18701171875,3635.934979626432,3520.813027764909,3520.813027764909,57022
2025-12-09,3587.96728515625,3607.1542759859626,3453.658349348262,3578.373789741394,118198
2025-12-10,3549.593505859375,3587.967489706504,3482.4390341269004,3587.967489706504,46124
2025-12-11,3549.593505859375,3578.373993744721,3530.406513935811,3578.373993744721,25969
2025-12-12,3472.845458984375,3549.593424928781,3472.845458984375,3530.40643344268,33506
2025-12-15,3453.658447265625,3492.032430013021,3453.658447265625,3472.8454386393228,32676
2025-12-16,3453.658447265625,3501.6259256998696,3405.6909688313804,3501.6259256998696,55839
2025-12-17,3472.845458984375,3511.219441956578,3434.471476012172,3511.219441956578,21162
2025-12-18,3463.251953125,3482.4389445550555,3453.6584574099725,3482.4389445550555,28409
2025-12-19,3453.658447265625,3530.4064127604165,3434.4714558919272,3530.4064127604165,48133
2025-12-22,3453.658447265625,3463.251942952474,3434.4714558919272,3463.251942952474,17300
2025-12-23,3444.06494140625,3501.6259153573296,3424.877950089224,3501.6259153573296,62785
2025-12-24,3444.06494140625,3444.06494140625,3415.2844544307104,3444.06494140625,29204
2025-12-25,3444.06494140625,3453.658437064764,3415.2844544307104,3444.06494140625,33239
2025-12-26,3396.097412109375,3444.064889681541,3386.503916594941,3444.064889681541,26504
2025-12-29,3424.8779296875,3463.251912092962,3396.097442883404,3463.251912092962,18312
2025-12-30,3424.8779296875,3453.6584164915967,3405.6909384847686,3453.6584164915967,8101
2025-12-31,3415.284423828125,3444.064910545778,3405.690928255574,3444.064910545778,13027
2026-01-05,3434.471435546875,3597.5608612572014,3396.097453026798,3492.0324093269905,42308
2026-01-06,3492.032470703125,3520.81295809903,3434.471495911316,3520.81295809903,37656
2026-01-07,3520.81298828125,3520.81298828125,3463.2520129959976,3511.2194924003743,50621
2026-01-08,3540.0,3568.7804878048782,3501.6260162601625,3549.59349593496,56826
2026-01-09,3501.6259765625,3549.593455693493,3453.658497431507,3549.593455693493,30775
2026-01-12,3453.658447265625,3530.4064127604165,3453.658447265625,3530.4064127604165,18976
2026-01-13,3453.658447265625,3492.032430013021,3415.284464518229,3415.284464518229,37400
2026-01-14,3482.43896484375,3482.43896484375,3453.658477530992,3472.8454690728304,25602
2026-01-15,3482.43896484375,3492.032460614669,3463.251973301911,3492.032460614669,16898
2026-01-16,3453.658447265625,3501.6259256998696,3434.4714558919272,3501.6259256998696,33164
2026-01-19,3453.658447265625,3463.251942952474,3424.877960205078,3463.251942952474,39202
2026-01-20,3453.658447265625,3501.6259256998696,3434.4714558919272,3501.6259256998696,21463
2026-01-21,3453.658447265625,3492.032430013021,3424.877960205078,3492.032430013021,28000
2026-01-22,3453.658447265625,3511.2194213867188,3415.284464518229,3511.2194213867188,41477
2026-01-23,3405.69091796875,3492.0323778609154,3405.69091796875,3482.4388823173413,76194
2026-01-26,3348.130126953125,3472.8455758081127,3348.130126953125,3472.8455758081127,60070
2026-01-27,3357.723388671875,3376.9103794642856,3319.3494070870534,3376.9103794642856,43985
2026-01-28,3405.69091796875,3424.877909055898,3328.9429536201583,3376.910431338028,55946
2026-01-29,3616.747802734375,3635.934793730313,3415.2843972770224,3424.877892774992,193066
2026-01-30,3616.747802734375,3683.902271220159,3559.18682974656,3664.715280224221,97971
2026-02-02,3520.81298828125,3645.528434732629,3405.6910377107456,3635.934938851754,96357
2026-02-03,3540.0,3626.3414634146334,3482.439024390244,3549.59349593496,36522
2026-02-04,3549.593505859375,3587.967489706504,3501.6260260504646,3549.593505859375,81505
2026-02-05,3540.0,3597.560975609756,3540.0,3568.7804878048782,69947
2026-02-06,3540.0,3568.7804878048782,3501.6260162601625,3568.7804878048782,59805
2026-02-09,3570.0,3660.0,3520.0,3660.0,28598
2026-02-10,3570.0,3590.0,3540.0,3590.0,24194
2026-02-11,3580.0,3590.0,3530.0,3590.0,11131
2026-02-12,3540.0,3600.0,3530.0,3600.0,30141
2026-02-13,3500.0,3590.0,3500.0,3590.0,31904
2026-02-23,3550.0,3620.0,3540.0,3540.0,10905
2026-02-24,3570.0,3600.0,3550.0,3600.0,43221
2026-02-25,3550.0,3590.0,3550.0,3570.0,31543
2026-02-26,3580.0,3580.0,3540.0,3550.0,37609
2026-02-27,3570.0,3590.0,3570.0,3580.0,35710
2026-03-02,3520.0,3560.0,3460.0,3550.0,48933
2026-03-03,3490.0,3590.0,3480.0,3520.0,53950
2026-03-04,3480.0,3520.0,3420.0,3470.0,47070
2026-03-05,3440.0,3500.0,3440.0,3480.0,35314
2026-03-06,3440.0,3540.0,3400.0,3470.0,35107
2026-03-09,3200.0,3390.0,3200.0,3380.0,171462
2026-03-10,3280.0,3400.0,3260.0,3350.0,15478
2026-03-11,3350.0,3350.0,3280.0,3290.0,42265
2026-03-12,3320.0,3360.0,3310.0,3350.0,45562
2026-03-13,3320.0,3320.0,3280.0,3320.0,62597
2026-03-16,3300.0,3350.0,3290.0,3300.0,37543
2026-03-17,3340.0,3350.0,3280.0,3350.0,25020
2026-03-18,3280.0,3330.0,3280.0,3330.0,50459
2026-03-19,3330.0,3330.0,3270.0,3300.0,63676
2026-03-20,3310.0,3340.0,3280.0,3320.0,37123
2026-03-23,3290.0,3320.0,3200.0,3310.0,40509
2026-03-24,3300.0,3320.0,3290.0,3290.0,14176
2026-03-25,3250.0,3330.0,3250.0,3310.0,37174
2026-03-26,3240.0,3300.0,3210.0,3260.0,22094
2026-03-27,3320.0,3340.0,3200.0,3240.0,90125
2026-03-30,3290.0,3300.0,3220.0,3300.0,28315
2026-03-31,3290.0,3290.0,3240.0,3290.0,46800
2026-04-01,3300.0,3300.0,3260.0,3290.0,33977
2026-04-02,3260.0,3290.0,3190.0,3290.0,83209
2026-04-03,3260.0,3260.0,3170.0,3250.0,26144
2026-04-06,3190.0,3250.0,3170.0,3240.0,18916
2026-04-07,3190.0,3240.0,3140.0,3190.0,37150
2026-04-08,3250.0,3300.0,3210.0,3300.0,18542
2026-04-09,3270.0,3270.0,3220.0,3250.0,37202
2026-04-10,3350.0,3350.0,3270.0,3270.0,70075
2026-04-13,3340.0,3350.0,3280.0,3350.0,31204
2026-04-14,3320.0,3340.0,3220.0,3300.0,76085
2026-04-15,3270.0,3350.0,3250.0,3350.0,29649
2026-04-16,3280.0,3290.0,3240.0,3270.0,12175
2026-04-17,3290.0,3300.0,3240.0,3280.0,9273
2026-04-20,3240.0,3280.0,3230.0,3240.0,19748
2026-04-21,3250.0,3300.0,3250.0,3300.0,1951
2026-04-22,3220.0,3260.0,3220.0,3260.0,14823
2026-04-23,3200.0,3270.0,3190.0,3270.0,25147
2026-04-24,3160.0,3230.0,3120.0,3200.0,35302
2026-04-28,3200.0,3250.0,3160.0,3160.0,5532
2026-04-29,3200.0,3230.0,3160.0,3200.0,38567
2026-05-04,3200.0,3240.0,3150.0,3190.0,34544
2026-05-05,3180.0,3200.0,3120.0,3200.0,52116
2026-05-06,3160.0,3180.0,3130.0,3180.0,14005
2026-05-07,3180.0,3180.0,3140.0,3180.0,23769
2026-05-08,3150.0,3180.0,3140.0,3150.0,17765
2026-05-11,3190.0,3200.0,3140.0,3170.0,14704
2026-05-12,3180.0,3190.0,3150.0,3190.0,8521
2026-05-13,3170.0,3180.0,3140.0,3180.0,6301
2026-05-14,3170.0,3170.0,3130.0,3170.0,31402
2026-05-15,3170.0,3180.0,3150.0,3170.0,3792
2026-05-18,3170.0,3180.0,3130.0,3170.0,46306
2026-05-19,3120.0,3150.0,3120.0,3150.0,11000
2026-05-20,3130.0,3300.0,3120.0,3150.0,72840
2026-05-21,3240.0,3240.0,3150.0,3150.0,1964
2026-05-22,3200.0,3230.0,3160.0,3200.0,32500
2026-05-25,3180.0,3230.0,3180.0,3200.0,44155
2026-05-26,3210.0,3210.0,3170.0,3200.0,10700
2026-05-27,3200.0,3270.0,3200.0,3230.0,73600
