Price,Close,High,Low,Open,Volume
Ticker,FPT.VN,FPT.VN,FPT.VN,FPT.VN,FPT.VN
Date,,,,,
2017-01-03,12118.431640625,12145.450998373874,11969.821930275608,11969.821930275608,3557108
2017-01-04,12226.509765625,12348.100106699638,12077.90006936273,12104.92035104473,3590432
2017-01-05,12185.98046875,12267.040388626385,12185.98046875,12213.000750873587,4002164
2017-01-06,12145.451171875,12294.060884347322,12145.451171875,12213.001883448298,3772806
2017-01-09,12213.0009765625,12267.040615313916,12131.941055188176,12172.470552628138,2168390
2017-01-10,12429.1591796875,12429.1591796875,12199.490489872507,12226.509845236074,3938291
2017-01-11,12456.1796875,12591.27924625165,12456.1796875,12510.219325701784,2868460
2017-01-12,12415.6513671875,12483.201152965476,12388.63108227852,12456.180868056495,1897283
2017-01-13,12131.94140625,12537.240098355343,12077.900839440415,12456.180174635392,5758925
2017-01-16,11888.76171875,12131.94149162109,11888.76171875,12131.94149162109,3574103
2017-01-17,11996.841796875,12104.921077096857,11888.761590158723,11888.761590158723,2149387
2017-01-18,11834.720703125,12077.899521249725,11834.720703125,12077.899521249725,2141452
2017-01-19,11834.720703125,11888.760337542237,11740.150648024091,11834.720703125,5376872
2017-01-20,11942.80078125,12023.860701615951,11821.211363948269,11834.721505091657,2990011
2017-01-23,12010.3505859375,12050.881009453604,11942.800806571717,11996.841371259854,2274247
2017-01-24,12077.900390625,12131.940955426437,11969.821114010909,12077.900390625,1325654
2017-01-25,12185.98046875,12240.020106502796,12064.391052182613,12131.940830997202,15715622
2017-02-03,12077.900390625,12131.940955426437,11996.841396411628,12077.900390625,1746406
2017-02-06,11969.8212890625,12023.860928159844,11942.801006266627,12023.860928159844,2017393
2017-02-07,12023.8603515625,12077.899988068402,11956.31057430653,11956.31057430653,10319982
2017-02-08,12050.880859375,12145.449993412723,12010.350436363651,12050.880859375,3112554
2017-02-09,12037.37109375,12077.90059153086,12023.86095232491,12050.88123517509,2797280
2017-02-10,12010.3505859375,12050.881009453604,11956.31094774375,12023.860727109535,2160905
2017-02-13,12104.9208984375,12118.431039889438,11996.841619810812,12050.881259124157,2961674
2017-02-14,12537.2392578125,12537.2392578125,12131.940592879875,12158.959947978768,6890634
2017-02-15,12429.1591796875,12564.258735988453,12375.119542465996,12564.258735988453,4056372
2017-02-16,12240.0205078125,12496.709490425052,12240.0205078125,12429.159709395728,3914763
2017-02-17,12240.0205078125,12294.06014733708,12131.941228763346,12213.001151297418,3092926
2017-02-20,12172.4697265625,12267.039782830429,12158.95958616789,12240.01950204121,2738640
2017-02-21,12267.0400390625,12402.13959284186,12172.469980819207,12240.019757708887,3710093
2017-02-22,12375.119140625,12510.21869253904,12267.039869691504,12348.099786138797,4321643
2017-02-23,12429.1591796875,12523.729239695916,12334.590046173458,12402.139824323933,3660728
2017-02-24,12429.1591796875,12456.17946154544,12294.059623386547,12429.1591796875,3263183
2017-02-27,12577.7685546875,12672.338612273124,12429.158861264812,12429.158861264812,6289864
2017-02-28,12388.6298828125,12645.31885861731,12375.11974166606,12591.279220525936,2766697
2017-03-01,12348.1005859375,12402.14022490445,12253.530522874538,12388.630083539112,2861185
2017-03-02,12280.5498046875,12402.139214076677,12267.039664423295,12348.099579514188,2195000
2017-03-03,12334.5908203125,12402.140602702511,12199.49125553248,12280.551179699378,1405991
2017-03-06,12415.6513671875,12456.180868056495,12334.591438955034,12334.591438955034,1822632
2017-03-07,12375.119140625,12429.158776091746,12307.56936466798,12429.158776091746,1664419
2017-03-08,12375.119140625,12429.158776091746,12307.56936466798,12348.099786138797,1777551
2017-03-09,12294.0595703125,12402.139770783297,12294.0595703125,12375.119489042005,1815681
2017-03-10,12429.1591796875,12537.239380624884,12348.100187102427,12375.119542465996,4230840
2017-03-13,12361.609375,12510.219071910897,12348.100160594402,12456.179434805395,1837276
2017-03-14,12348.1005859375,12483.200146602074,12348.1005859375,12375.119942173777,2108132
2017-03-15,12307.5712890625,12402.141360786907,12280.551930351588,12348.101716870598,2347419
2017-03-16,12348.1005859375,12402.14022490445,12294.06002047615,12321.080303206823,2143596
2017-03-17,12402.1396484375,12510.21892134774,12361.609226225391,12402.1396484375,3467679
2017-03-20,12591.2802734375,12618.300557989876,12402.141061054252,12402.141061054252,5525394
2017-03-21,12591.2802734375,12766.90934354456,12591.2802734375,12645.31991604779,6605557
2017-03-22,12456.1796875,12631.808743279393,12456.1796875,12618.299528599737,4347345
2017-03-23,12969.556640625,12969.556640625,12402.139093494246,12429.158447265623,7113807
2017-03-24,12888.4990234375,13239.75714528001,12820.94924208403,13077.638225928333,6802853
2017-03-27,12861.478515625,12969.55779330478,12766.908452784392,12861.478515625,6080875
2017-03-28,12807.439453125,13037.108160153315,12780.419169241932,12861.479094396696,4395240
2017-03-29,12834.4580078125,12915.51792789756,12753.399014221824,12807.438652113737,2217789
2017-03-30,12726.3779296875,12929.027253876828,12726.3779296875,12834.457198657412,2642086
2017-03-31,12780.4189453125,12888.499152456629,12699.359021578011,12726.37930498765,4576385
2017-04-03,12537.2392578125,12834.457722866477,12537.2392578125,12780.418086174332,7074130
2017-04-04,12699.3583984375,12699.3583984375,12523.72934437601,12523.72934437601,3444540
2017-04-05,12577.7685546875,12699.357966944484,12577.7685546875,12699.357966944484,2103110
2017-04-07,12699.3583984375,12712.868539479396,12523.72934437601,12523.72934437601,3667127
2017-04-10,12699.3583984375,12766.908177152593,12672.33904284809,12699.3583984375,2089033
2017-04-11,12685.8486328125,12780.417763008889,12645.318211447471,12699.357846773171,1878952
2017-04-12,12847.9677734375,12902.007409750147,12685.848864499558,12699.358078706951,5010823
2017-04-13,12766.908203125,12861.478264116273,12753.398988550003,12793.928485263756,1822177
2017-04-14,12442.669921875,12739.88933069717,12402.140423623983,12726.379189115358,5140430
2017-04-17,12348.1005859375,12564.259141805296,12348.1005859375,12442.669722506062,4272523
2017-04-18,12429.1591796875,12429.1591796875,12253.530127094013,12348.100187102427,2094545
2017-04-19,12429.1591796875,12537.239380624884,12402.139824323933,12429.1591796875,3975648
2017-04-20,12388.6298828125,12523.729441288124,12375.11974166606,12429.159379757431,1847107
2017-04-21,12388.6298828125,12537.239582434564,12388.6298828125,12483.19994434319,1501744
2017-04-24,12361.609375,12442.66929390543,12334.590019694437,12388.629656799932,1862275
2017-04-25,12334.5908203125,12429.159959761855,12294.060394981836,12321.080678535613,2114101
2017-04-26,12429.1591796875,12442.66932061647,12348.100187102427,12402.139824323933,1697985
2017-04-27,12564.259765625,12618.300333769484,12456.18048232493,12456.18048232493,7440810
2017-04-28,12550.7490234375,12577.768377728718,12429.158686396846,12537.238883044723,1560944
2017-05-03,12699.3583984375,12780.418318194488,12550.7496264598,12618.299405174892,2902547
2017-05-04,12699.3583984375,12807.438600278278,12672.33904284809,12699.3583984375,2431480
2017-05-05,12726.3779296875,12766.907423927636,12672.338295202544,12699.35764919786,1086261
2017-05-08,12699.3583984375,12739.888821563183,12645.3187607643,12672.33904284809,1291598
2017-05-09,13050.6171875,13050.6171875,12753.398722642554,12753.398722642554,4102401
2017-05-10,12996.5771484375,13226.246755234066,12996.5771484375,13104.656418403923,5509036
2017-05-11,12996.5771484375,13077.637064159484,12874.98773810169,12996.5771484375,2489522
2017-05-12,12969.556640625,13077.636835193463,12969.556640625,12996.576920890697,1856660
2017-05-15,12915.5185546875,12969.558195201957,12902.00841293528,12969.558195201957,1778499
2017-05-16,12834.4580078125,13050.617485874534,12820.94879321031,12915.51792789756,2241455
2017-05-17,12915.5185546875,12969.558195201957,12766.908848401928,12834.458630668603,1944510
2017-05-18,12942.5380859375,13158.697561925992,12874.988307596994,12956.048226904477,3192470
2017-05-19,13077.6376953125,13077.6376953125,12915.517856044304,12942.53813808713,2521965
2017-05-22,13104.6572265625,13253.266926801778,13104.6572265625,13104.6572265625,6037932
2017-05-23,13199.2275390625,13347.83724212301,13104.6574753437,13145.18789972079,7456294
2017-05-24,13266.77734375,13307.306841705651,13199.227562827637,13293.797626716709,4651874
2017-05-25,13237.0556640625,13361.347671067697,13190.446508870962,13361.347671067697,5231416
2017-05-26,13081.6904296875,13237.055201389949,13050.617660645888,13237.055201389949,2651857
2017-05-29,13237.0556640625,13268.128434190192,13081.690886929611,13081.690886929611,1936450
2017-05-30,13361.3466796875,13563.319670531582,13143.836378437976,13143.836378437976,6225154
2017-05-31,13361.3466796875,13532.246902709416,13361.3466796875,13361.3466796875,7367462
2017-06-01,13501.1748046875,13516.71118936935,13392.42011191454,13392.42011191454,2403383
2017-06-02,13439.029296875,13578.857685827728,13392.420142722229,13547.783989898136,8638189
2017-06-05,13439.029296875,13563.320374615729,13407.956527439816,13547.783989898136,2645964
2017-06-06,13765.29296875,13920.657727367368,13454.56437800958,13454.56437800958,4524191
2017-06-07,13687.6123046875,13920.659000683056,13687.6123046875,13920.659000683056,2572989
2017-06-08,13734.2216796875,13780.830834338069,13578.857830852276,13672.076140153413,1924845
2017-06-09,14029.4140625,14138.168750615196,13734.220913198587,13734.220913198587,4975678
2017-06-12,13889.5859375,14044.950707040847,13858.513168890708,13982.80424332788,1688437
2017-06-13,14091.5595703125,14262.460720645238,13982.803955920988,13982.803955920988,4866396
2017-06-14,14044.951171875,14231.387789701095,14013.877475742904,14231.387789701095,2383321
2017-06-15,14107.0966796875,14107.0966796875,13998.341059703753,14060.487525334927,1877825
2017-06-16,14200.314453125,14215.850837323562,14076.023379536511,14138.168916330756,4469903
2017-06-19,14386.7529296875,14417.825700114172,14277.998233194148,14293.534618407484,4097564
2017-06-20,14340.142578125,14448.897265548556,14293.533426372049,14448.897265548556,2326655
2017-06-21,14759.626953125,14759.626953125,14309.06996175514,14386.751882165678,5930639
2017-06-22,14790.7001953125,15008.210505927307,14697.481887832324,14697.481887832324,4410795
2017-06-23,14744.08984375,14852.84452697488,14666.407000666475,14790.69899370352,2380850
2017-06-26,14511.0439453125,14868.381707271252,14448.897482215629,14868.381707271252,4201218
2017-06-27,14200.314453125,14479.971221687854,14122.632532132197,14448.897526796356,9354693
2017-06-28,14402.2890625,14417.82544744106,14184.77874683074,14262.46159803046,4000654
2017-06-29,14448.8984375,14495.50851952786,14386.752896788768,14386.752896788768,2687638
2017-06-30,14557.6533203125,14557.6533203125,14231.38739517288,14448.897703101164,3717008
2017-07-03,14417.8251953125,14557.653583831245,14386.752425973758,14557.653583831245,2481364
2017-07-04,14479.9716796875,14511.044449067447,14386.752445053244,14448.897983813144,2877855
2017-07-05,14511.0439453125,14511.0439453125,14433.361098065,14448.897482215629,2010521
2017-07-06,14883.9189453125,14883.9189453125,14479.972007727432,14526.581162853276,5876350
2017-07-07,15101.4287109375,15350.01271552001,14914.992097242206,14946.064866191422,28906243
2017-07-10,14977.13671875,15132.501480484329,14790.699189967674,14977.13671875,5546419
2017-07-11,14790.7001953125,14946.06496760719,14604.26265385775,14883.918502792674,3137382
2017-07-12,14899.455078125,14946.06515895622,14619.799225609744,14883.918693346064,2997144
2017-07-13,15179.111328125,15179.111328125,14821.772637674325,14852.845406149272,2970278
2017-07-14,15132.501953125,15210.18387317127,15039.282722575108,15179.111105152762,1652041
2017-07-17,14914.9921875,15132.502497955162,14821.772953593843,15132.502497955162,3161102
2017-07-18,14852.845703125,14914.992167811866,14713.018242191942,14790.700164932528,3104682
2017-07-19,14573.189453125,15008.210061471847,14479.971148405406,14852.845293778151,3310225
2017-07-20,14542.1171875,14573.189956813823,14355.679645122656,14479.971648872352,3653135
2017-07-21,14355.6787109375,14697.481004135834,14355.6787109375,14604.261775766134,2025297
2017-07-24,14448.8984375,14479.972134350051,14293.534585721916,14355.68012643315,1822745
2017-07-25,14511.0439453125,14573.189481915,14355.679177311877,14448.897482215629,2099229
2017-07-26,14852.845703125,14852.845703125,14511.044316572015,14511.044316572015,2143519
2017-07-27,14977.13671875,15116.964170465992,14821.771957015671,14914.991184654004,3798256
2017-07-28,15085.8935546875,15116.96632616652,14883.91961357941,14977.138854510937,4988197
2017-07-31,15023.7470703125,15101.428994142349,14946.065146482651,15070.356224610408,2025451
2017-08-01,15225.7197265625,15365.548104267122,14977.136664583211,15054.81858192226,4445114
2017-08-02,15350.013671875,15505.377526300745,15132.50334918451,15272.330818167678,6565648
2017-08-03,15567.521484375,15878.251014604632,15381.08487803045,15443.230413478632,12117600
2017-08-04,15567.521484375,15660.739787547276,15396.621261892496,15629.667019823184,2744795
2017-08-07,15489.8408203125,15567.522745917828,15443.231664949304,15567.522745917828,2433363
2017-08-08,15210.18359375,15536.448578445,15210.18359375,15489.83942727348,4550725
2017-08-09,15039.283203125,15194.647974676276,14961.60128059656,15194.647974676276,5625223
2017-08-10,15194.6474609375,15210.183844917896,14914.991622796024,14914.991622796024,2664923
2017-08-11,15365.5498046875,15381.086189874635,15101.429403517324,15225.721411508845,1674573
2017-08-14,15287.8662109375,15536.449288372129,15287.8662109375,15536.449288372129,2505122
2017-08-15,15194.6474609375,15287.865764819871,15070.355462599977,15287.865764819871,2566821
2017-08-16,15101.4287109375,15194.64794427954,15054.819557513676,15194.64794427954,2486642
2017-08-17,14728.5537109375,14977.136774745202,14728.5537109375,14914.991240416864,2372452
2017-08-18,14759.626953125,14852.845257617646,14573.18941764534,14728.554184960783,1177323
2017-08-21,14837.30859375,14914.99143919005,14759.6266748043,14914.99143919005,1721258
2017-08-22,14635.3359375,14837.309870634854,14635.3359375,14821.773485508667,2106119
2017-08-23,14666.408203125,14759.627437169154,14604.262664758498,14604.262664758498,1579434
2017-08-24,14821.7724609375,14852.845229041934,14666.407693920964,14728.5541566242,1385617
2017-08-25,14759.626953125,14868.381641699754,14759.626953125,14852.845257617646,1143643
2017-08-28,14790.7001953125,14790.7001953125,14681.945503252296,14697.481887832324,1929914
2017-08-29,14837.30859375,14946.06420676833,14744.090291015162,14759.6266748043,2528348
2017-08-30,14852.845703125,14883.918472221234,14775.163780384411,14806.236549480647,983565
2017-08-31,15070.35546875,15163.574699164776,14852.84516644134,14852.84516644134,3404447
2017-09-01,15101.4287109375,15116.965095412108,15008.210404089852,15101.4287109375,820340
2017-09-05,15070.35546875,15101.42823672347,14992.673548816323,15101.42823672347,1365796
2017-09-06,14977.13671875,15054.818636369995,14852.84472406367,15054.818636369995,1558946
2017-09-07,14883.9189453125,15008.210952142508,14883.9189453125,14914.992641890822,1526462
2017-09-08,14821.7724609375,14914.99169174517,14821.7724609375,14914.99169174517,1709163
2017-09-11,14713.017578125,14977.137030016456,14697.48119427811,14821.772265053218,2666452
2017-09-12,14946.064453125,14946.064453125,14728.55414999746,14759.626918087914,2606484
2017-09-13,15148.0390625,15350.01299078622,15008.210673226644,15008.210673226644,5937356
2017-09-14,15023.7470703125,15225.720998764516,15023.7470703125,15225.720998764516,2687117
2017-09-15,14977.13671875,15070.355019893996,14914.991184654004,15008.209485798,2425550
2017-09-18,15023.7470703125,15039.283455078468,14914.992376950711,15023.7470703125,2453058
2017-09-19,15039.283203125,15179.111590170589,15039.283203125,15070.355972136376,2654265
2017-09-20,15116.9658203125,15148.039517246178,15023.747508994777,15116.9658203125,1927838
2017-09-21,15350.013671875,15412.159213645298,15148.039734627084,15194.648890954806,8405443
2017-09-22,15365.5498046875,15520.913656558854,15350.013419500365,15412.158960248906,4867635
2017-09-25,15179.111328125,15458.767170893923,15179.111328125,15458.767170893923,2274810
2017-09-26,15225.7197265625,15225.7197265625,15070.35496539007,15179.110576159072,2683332
2017-09-27,15225.7197265625,15350.011720799312,15132.501425755643,15225.7197265625,2652740
2017-09-28,15210.18359375,15303.401896093044,15039.282446293404,15225.71997747384,2364327
2017-09-29,15148.0390625,15225.72098626608,15101.42898174594,15194.648216759648,1207734
2017-10-02,14977.13671875,15210.183398104324,14930.527568178002,15148.037864008327,27952129
2017-10-03,14868.3828125,14977.138436133007,14806.237271277963,14977.138436133007,3321827
2017-10-04,14930.529296875,14977.138452843532,14852.84644376634,14883.919214412026,1582795
2017-10-05,15008.2109375,15210.184869342696,14914.99262733926,15039.28370755358,2070914
2017-10-06,15148.0390625,15163.575447253215,15008.210673226644,15008.210673226644,1740218
2017-10-09,15163.5751953125,15225.720733292825,15101.42873083778,15225.720733292825,1788674
2017-10-10,15318.939453125,15318.939453125,15148.039219073164,15148.039219073164,3769644
2017-10-11,15505.376953125,15691.81542453286,15318.939408211556,15350.013104442476,9014904
2017-10-12,15847.1796875,15971.470769695296,15536.450129022878,15536.450129022878,6120214
2017-10-13,15909.32421875,15940.396987326474,15722.887607291155,15909.32421875,3293706
2017-10-16,15971.4697265625,16157.908190667607,15816.105883965543,15847.178652484934,4081076
2017-10-17,16002.5439453125,16002.5439453125,15816.107317300331,16002.5439453125,2629626
2017-10-18,15691.814453125,16126.83505549478,15691.814453125,15971.469363441398,3777341
2017-10-19,15722.88671875,15909.323319672823,15567.521031658986,15691.81395192953,3045115
2017-10-20,15629.6669921875,15753.95991585281,15536.448689180048,15629.6669921875,2342075
2017-10-23,15318.939453125,15629.668077895483,15318.939453125,15629.668077895483,3407868
2017-10-24,15318.939453125,15474.304228757452,15272.33029838359,15318.939453125,3142965
2017-10-25,15443.2314453125,15474.304215112708,15318.93943961725,15381.085905712083,2346408
2017-10-26,15412.1591796875,15505.377492137555,15225.721628292938,15474.304721320872,3327596
2017-10-27,15598.5947265625,15598.5947265625,15272.329729041156,15350.012577208625,2244064
2017-10-30,15536.44921875,15785.03322156506,15505.376450021711,15598.594756206572,5365114
2017-10-31,15660.7392578125,15971.4687775315,15412.15712442822,15536.448191120358,10986650
2017-11-01,15785.0322265625,15847.177760101757,15660.739306495334,15691.813926253615,3037141
2017-11-02,15691.814453125,15971.469363441398,15474.303225445752,15816.105524376731,4121562
2017-11-03,15847.1796875,15847.1796875,15350.013505729934,15536.450129022878,3868050
2017-11-06,15971.4697265625,16095.760800640064,15816.105883965543,15971.4697265625,10117038
2017-11-07,15909.32421875,16002.54252447942,15816.10591302058,16002.54252447942,3867808
2017-11-08,16468.63671875,16468.63671875,15847.17946356634,15909.32500378582,10602095
2017-11-09,16344.345703125,16624.002488210503,16282.20016265908,16592.929717977542,7039056
2017-11-10,16220.0537109375,16561.856017286198,16220.0537109375,16313.272016399302,4182016
2017-11-13,16779.365234375,17027.949232857114,16126.835249466149,16220.053554026164,14854861
2017-11-14,16748.294921875,17245.461138746537,16624.00383090437,16934.731558330946,15457791
2017-11-15,17680.478515625,17711.551282577686,16779.364568019773,16810.43733497246,14328392
2017-11-16,17711.552734375,18239.79166885852,17587.261656376246,17835.84381237375,22078759
2017-11-17,17618.333984375,17804.770596701183,17369.749981617988,17804.770596701183,14669558
2017-11-20,17991.208984375,18022.28175296193,17369.749906658762,17431.895443832633,11610001
2017-11-21,17773.69921875,18270.86541017789,17773.69921875,18084.42878326328,10337411
2017-11-22,18022.279296875,18022.279296875,17711.549800363282,17711.549800363282,8177542
2017-11-23,17897.9921875,18270.86544197821,17773.699249685007,18022.28327232608,10857710
2017-11-24,17991.208984375,18022.28175296193,17711.552214103816,17866.916057038496,7238679
2017-11-27,18084.42578125,18550.519124154,18022.280249261283,18022.280249261283,8103231
2017-11-28,17866.916015625,18084.427248218148,17773.697710080265,18022.281711188323,6999545
2017-11-29,18426.23046875,18550.52154897407,17835.84413170797,18022.282605032924,11740618
2017-11-30,18146.572265625,18643.73840061612,18146.572265625,18612.665632990967,12518672
2017-12-01,18146.572265625,18208.7178008753,17929.062892248945,18084.426730374696,5585225
2017-12-04,18270.86328125,18364.08343683417,18115.49944359088,18177.644978654524,6730462
2017-12-05,17804.771484375,18426.230595756584,17804.771484375,18270.86489141676,15284695
2017-12-06,17649.408203125,17804.772059494437,17400.824179944975,17711.553745672776,10910808
2017-12-07,17431.896484375,17866.917123548053,17338.67817304982,17649.407730455965,5115943
2017-12-08,17245.458984375,17556.188525973015,17121.167908931304,17400.82282867962,6059820
2017-12-11,16624.001953125,17152.24088307148,16624.001953125,16934.729645453048,8354820
2017-12-12,16686.1484375,16996.87800043158,15785.034372688437,16810.43952147707,9507722
2017-12-13,16996.876953125,17027.949722204638,16686.147409339825,16872.584023817653,4964134
2017-12-14,17369.748046875,17369.748046875,16934.72748024691,16934.72748024691,4054450
2017-12-15,17556.189453125,17649.407764630683,17245.459895117187,17400.823747626655,4920717
2017-12-18,17494.04296875,17773.697888186573,17431.89557810865,17711.552350534,6017375
2017-12-19,17152.240234375,17618.333608228255,17059.021930202096,17494.042535997716,7582929
2017-12-20,17494.04296875,17711.552350534,17152.24065867208,17152.24065867208,6052121
2017-12-21,17525.115234375,17835.842913715886,17431.89507758401,17649.406306111356,5634810
2017-12-22,17742.626953125,17835.845269238307,17462.972004785075,17525.117548860617,5306739
2017-12-25,17897.9921875,18053.35604353259,17804.772020891527,17804.772020891527,7309174
2017-12-26,17742.626953125,18022.28375445389,17742.626953125,18022.28375445389,3804482
2017-12-27,17618.333984375,17866.91613414324,17587.26121565397,17866.91613414324,9651132
2017-12-28,17773.69921875,17897.99215634866,17556.18982068295,17618.33536298782,5850764
2017-12-29,17742.626953125,17897.992666302816,17711.55418108723,17773.69972516277,4762621
2018-01-02,18581.59375,18581.59375,17773.698047306294,17804.77081641076,15333851
2018-01-03,18581.59375,18861.250524928982,18488.3754426866,18799.104986720056,9144231
2018-01-04,18954.46875,18954.46875,18612.666438345143,18643.739207314786,8563722
2018-01-05,18643.740234375,18985.54256485932,18612.6674636936,18954.46979417792,8706153
2018-01-08,18923.39453125,18923.39453125,18426.22841283637,18519.44671260356,7721728
2018-01-09,19296.26953125,19358.415064260465,18736.956028178523,18954.4672467038,13162176
2018-01-10,19109.83203125,19575.92540503713,18985.54095903709,19265.197724504866,15604096
2018-01-11,19109.83203125,19234.12495645164,18861.249886824186,18985.54095903709,7389292
2018-01-12,18705.88671875,19265.200325189475,18705.88671875,19203.05292770477,8625244
2018-01-15,18954.46875,19016.614287939286,18550.520900405856,18674.811976284425,7335287
2018-01-16,18954.46875,19109.83259484821,18736.95751422371,18923.39598103036,4922979
2018-01-17,18333.009765625,18985.53970461729,18333.009765625,18954.466938617115,8424585
2018-01-18,18333.009765625,18333.009765625,17897.989188633936,18115.49855063516,10189539
2018-01-19,18301.9375,18581.594282949995,18301.9375,18333.01212298453,6114687
2018-01-22,18923.39453125,19109.83113078437,18457.30117942544,18488.373946014497,7662556
2018-01-25,18985.5390625,19451.63238972732,18923.39353260149,19109.830122297004,16451614
2018-01-26,18892.322265625,19265.19732756984,18799.103963385965,19265.19732756984,4982211
2018-01-29,18736.95703125,19234.125027926595,18612.66595857522,18923.395493250908,4138477
2018-01-30,19886.654296875,19886.654296875,18488.37422063193,18581.592521783736,14623030
2018-01-31,19544.853515625,20352.749227305405,19544.853515625,20135.239841154656,12331360
2018-02-01,19140.904296875,19731.290580366767,19140.904296875,19544.852123952485,6489502
2018-02-02,18954.46875,19203.050901757146,18799.104905151784,19140.905363817856,5718068
2018-02-05,17742.626953125,18892.325077489368,17742.626953125,18674.813820236013,12371447
2018-02-06,16841.51171875,17556.18913324983,16530.782166403704,16530.782166403704,18577096
2018-02-07,17587.263671875,17804.773083299377,17400.825180522217,17711.5547641175,5718592
2018-02-08,17152.240234375,17711.55191240116,17090.09469825973,17400.822378836077,5217982
2018-02-09,17090.095703125,17090.095703125,16313.272750030945,16313.272750030945,6717029
2018-02-12,17742.626953125,17742.626953125,16934.73117416506,17494.044776822844,3621168
2018-02-13,18333.009765625,18426.228063625527,17960.134720634287,18084.425784634983,4503304
2018-02-21,18457.302734375,18736.957657236293,18333.01165754776,18674.812118822672,5506575
2018-02-22,18146.572265625,18488.374562490364,18084.426730374696,18426.229027240064,4691265
2018-02-23,18799.10546875,18830.17823865121,18177.64636474819,18177.64636474819,6156383
2018-02-26,18768.033203125,19203.05199343036,18768.033203125,18954.469827541583,7788046
2018-02-27,18581.59375,18892.323294033453,18488.3754426866,18861.250524928982,4322190
2018-02-28,18581.59375,18768.03221761559,18364.084366268737,18395.157135373203,8658096
2018-03-01,18892.322265625,19016.61333527705,18364.083366615105,18457.301668854143,7065953
2018-03-02,18985.5390625,19047.684592398506,18643.73679506969,18799.10247280449,5620792
2018-03-05,19109.83203125,20042.01877882427,19047.686495143545,19047.686495143545,18396806
2018-03-06,19669.1484375,19669.1484375,19171.980369992896,19420.564403746448,7869843
2018-03-07,19327.34375,19793.43713558911,19109.832515131064,19731.291597909065,7738156
2018-03-08,19327.34375,19420.562056520062,19047.68697745102,19265.19821231996,5546510
2018-03-09,19140.904296875,19606.997658427685,19109.8315296374,19482.70658947729,7994630
2018-03-12,19078.759765625,19451.63484507191,19078.759765625,19265.198231842845,5011122
2018-03-13,18674.810546875,19016.61283236759,18457.301180736125,19016.61283236759,15290836
2018-03-14,18892.322265625,18892.322265625,18457.301668854143,18674.811040745222,6381969
2018-03-15,18830.177734375,18985.54157972036,18736.957574179,18954.468810651284,3631304
2018-03-16,18674.810546875,18892.32176600252,18550.51948050993,18830.176232819984,4723020
2018-03-19,18799.10546875,18830.17823865121,18612.66699635392,18705.88530605754,4082509
2018-03-20,19047.6875,19358.417049913467,18643.73964100914,18705.885180394067,8919852
2018-03-21,18954.46875,19203.050901757146,18954.46875,19047.68705690893,3051616
2018-03-22,18674.810546875,19078.75836555013,18674.810546875,18954.467299185057,3979404
2018-03-23,18208.71875,18519.448295436912,18022.28213453113,18333.011679968047,10291007
2018-03-26,18395.158203125,18457.303744941182,18208.71972468754,18208.71972468754,2933669
2018-03-27,18488.373046875,18674.80963734245,18333.009221485456,18612.664107186632,8404891
2018-03-28,18301.9375,18457.30320296726,18270.86473000432,18364.08489298021,30095601
2018-03-29,18488.373046875,18550.518577030816,18333.009221485456,18457.30028179709,7105740
2018-03-30,18861.251953125,19047.688581868995,18457.304071190745,18519.449614105408,22946466
2018-04-02,19109.83203125,19171.97756735645,18954.468190983865,19109.83203125,7769941
2018-04-03,19016.615234375,19078.7607754072,18923.3969228267,19016.615234375,5216725
2018-04-04,19171.978515625,19513.78083410517,19140.90574603488,19265.1986773842,7013134
2018-04-05,19575.92578125,19793.43701479148,19109.832398505416,19265.198094746123,10622523
2018-04-06,19482.70703125,19979.873171313586,19482.70703125,19948.80040337141,11535866
2018-04-09,19700.220703125,19762.366246716865,19451.63667576857,19451.63667576857,4586573
2018-04-10,20010.947265625,20259.531278627845,19731.29233560925,19762.365105611003,14620464
2018-04-11,19575.92578125,20321.67593483684,19575.92578125,20135.239322934514,12277102
2018-04-12,19762.365234375,19762.365234375,19296.27182832302,19575.92676016089,4028467
2018-04-13,19265.197265625,19855.58169756261,19265.197265625,19855.58169756261,7165064
2018-04-16,18985.5390625,19389.48685982881,18923.39353260149,19265.195800031808,3606023
2018-04-17,19265.197265625,19265.197265625,18923.3949721922,19109.831576070806,5875003
2018-04-18,19265.197265625,19544.85217144291,19234.1244983119,19358.4155675643,4355867
2018-04-19,18861.251953125,19296.272606516588,18861.251953125,19265.19983505926,7258431
2018-04-20,19047.6875,19109.83303938493,18736.957950086533,18954.46919092261,3357488
2018-04-23,18022.279296875,19171.97528388789,17773.695329067923,19047.684226478606,9051366
2018-04-24,17525.115234375,18177.645213979587,17431.89507758401,17835.842913715886,5651113
2018-04-26,17090.095703125,17929.064195988365,17090.095703125,17680.480183922286,8960064
2018-04-27,17711.552734375,17835.84381237375,17059.02272189273,17090.095491392418,4953390
2018-05-02,17711.552734375,18022.2822823607,17649.407195375625,17960.136743361323,4183482
2018-05-03,18022.279296875,18022.279296875,17307.6020107946,17649.40427165864,14368081
2018-05-04,18270.86328125,18333.01066930235,18084.426676059047,18177.644978654524,3910383
2018-05-07,18519.447265625,18519.447265625,18208.717737466843,18270.863272500734,2680861
2018-05-08,18333.009765625,18519.44636162605,18270.86238063604,18395.15529762535,6174286
2018-05-09,18146.572265625,18364.08349198976,18053.35396274955,18208.7178008753,3422051
2018-05-10,18115.5,18457.30230633708,18022.28169454137,18146.57276848621,4720696
2018-05-11,18488.373046875,18488.373046875,18022.27971771781,18022.27971771781,3571094
2018-05-14,19140.904296875,19171.9770641126,18519.44709913432,18674.810935322315,6472925
2018-05-15,19078.759765625,19265.198231842845,18954.46869013896,19265.198231842845,2863624
2018-05-16,18799.10546875,19078.760397860857,18799.10546875,18954.46931825604,2970582
2018-05-17,18830.177734375,19078.759886927568,18768.03219623685,18768.03219623685,2197412
2018-05-18,18892.322265625,18954.467800451024,18270.86321138737,18830.176730798976,2991952
2018-05-21,18954.46875,19389.489368563787,18954.46875,19016.614287939286,4688610
2018-05-22,18550.521484375,19109.833196424453,18488.375944479376,18954.4693466854,7187593
2018-05-23,18830.177734375,18954.468810651284,18488.375421626428,18643.73926697178,3593901
2018-05-24,18488.373046875,19016.611906188,18488.373046875,18923.39361095428,4509745
2018-05-25,17473.84375,18224.25410411113,17473.84375,18224.25410411113,2580593
2018-05-28,16258.8955078125,17223.709771577498,16258.8955078125,16866.370125929956,5677613
2018-05-29,16937.837890625,17223.709604367756,16026.625045800518,16258.895349969283,6240551
2018-05-30,16241.0263671875,16902.10228868993,16223.159851036322,16902.10228868993,4489533
2018-05-31,16437.564453125,16687.70127932922,16080.226659401516,16098.09317848991,3305565
2018-06-01,16598.365234375,16687.699674213185,16330.36191486044,16437.56287206852,4172287
2018-06-04,16884.23828125,16955.704356473354,16562.633530789364,16616.23308720688,3798411
2018-06-05,17080.775390625,17187.97636709656,16866.371584692813,16973.57441415344,5033194
2018-06-06,17330.91015625,17330.91015625,16902.104448874896,17152.24126592611,2701555
2018-06-07,17080.775390625,17473.848108339476,17045.04234946417,17473.848108339476,3022119
2018-06-08,17134.375,17223.709446478464,16973.572625740995,17116.50662831321,2790099
2018-06-11,16973.572265625,17134.37463647238,16973.572265625,17062.906710208117,1916606
2018-06-12,16544.765625,16973.57130533684,16330.361858337215,16973.57130533684,3390951
2018-06-13,16723.435546875,16759.168583719293,16437.56384016529,16437.56384016529,1702163
2018-06-14,16651.966796875,16884.237083845295,16651.966796875,16794.902643162684,1222246
2018-06-15,16616.23046875,16687.698385700016,16526.896035809623,16544.764404788573,1173764
2018-06-18,16223.162109375,16759.168786456565,16223.162109375,16759.168786456565,4354606
2018-06-19,15901.556640625,16115.95856053666,15258.347174912453,16115.95856053666,17512396
2018-06-20,16223.162109375,16223.162109375,15722.888469569994,16044.491364025613,1727225
2018-06-21,15865.822265625,16223.161898694349,15758.621302198617,16223.161898694349,928631
2018-06-22,16080.2255859375,16080.2255859375,15687.152927288584,15830.088776431608,996334
2018-06-25,16115.95703125,16223.159834021848,16044.489113731635,16223.159834021848,1623629
2018-06-26,15901.556640625,16008.757600580831,15830.088716324854,15901.556640625,639451
2018-06-27,15830.0888671875,16044.490789142435,15812.222349189387,16044.490789142435,1300915
2018-06-28,15186.87890625,15830.08835737778,15186.87890625,15830.08835737778,3120272
2018-06-29,14829.5400390625,15365.547566166824,14829.5400390625,15186.877772802516,2017203
2018-07-02,14365.0009765625,14972.476483335467,14293.533978379042,14829.541560474156,2852014
2018-07-03,13936.1953125,14525.803376168516,13936.1953125,14365.001008532665,3586966
2018-07-04,14293.533203125,14293.533203125,13757.525650101916,13954.06196905906,2716584
2018-07-05,14114.8642578125,14329.26803323029,13757.526485104983,14293.534070660658,1888331
2018-07-06,14579.4052734375,14901.009093032291,13900.46181763865,13936.195781259055,2424691
2018-07-09,14347.134765625,14775.940469878462,14222.066358009872,14650.872062263335,1773982
2018-07-10,14436.46875,14543.670635893704,14293.533828636111,14400.73478803543,661353
2018-07-11,14007.6630859375,14293.533855700958,13793.260240238504,14114.864045539804,2128687
2018-07-12,13864.7265625,14168.464761732605,13757.525608119127,13793.259568410866,2045613
2018-07-13,14507.9365234375,14579.404446625294,14043.39687570558,14114.863872399,2815933
2018-07-16,14615.138671875,14829.54151881182,14525.803303031464,14686.60566985768,2029018
2018-07-17,14972.4765625,14972.4765625,14490.069458115431,14543.670865154429,3673067
2018-07-18,15329.8154296875,15329.8154296875,14972.476726977768,15008.210689898182,3175578
2018-07-19,15186.87890625,15329.814751609229,15079.67794872495,15079.67794872495,2185449
2018-07-20,14865.275390625,15115.412198278776,14740.206986798114,15115.412198278776,2841765
2018-07-23,15008.2109375,15258.347755575189,14954.610455482296,15079.67886451989,2951551
2018-07-24,15079.677734375,15169.012173207488,14793.806974214423,15008.209812711268,3766258
2018-07-25,15151.146484375,15651.421067469397,15079.679480928198,15115.413445898832,3703785
2018-07-26,15204.7470703125,15365.549440710558,15043.94469991444,15258.347551613717,1905324
2018-07-27,15472.75,15687.152846110645,15204.74667398529,15329.815078091033,3429819
2018-07-30,15472.75,15544.216997707288,15437.01603789916,15508.483962100838,3178604
2018-07-31,15294.080078125,15544.21594286773,15294.080078125,15472.748950010233,4490143
2018-08-01,15008.2109375,15383.41616461278,14972.476973990057,15258.347755575189,6455475
2018-08-02,15258.34765625,15258.34765625,14865.275913188188,15008.210839803096,1929405
2018-08-03,15222.61328125,15401.282166309822,15151.145356628314,15365.549130493377,1985503
2018-08-06,15097.544921875,15258.347289510848,15097.544921875,15151.145402255484,929322
2018-08-07,14990.3447265625,15115.413138166232,14918.87679807624,15115.413138166232,1714615
2018-08-08,15186.87890625,15222.612867589807,14972.47606470553,14990.343508622618,2028462
2018-08-09,15294.080078125,15437.01499033432,15204.745642182384,15365.547997476822,3272854
2018-08-10,15401.2822265625,15526.350631892545,15258.347303254332,15294.081265704974,2116739
2018-08-13,15526.3505859375,15615.68502855249,15401.282180977634,15401.282180977634,2850819
2018-08-14,15830.0888671875,15847.95538518561,15579.95205624754,15633.553463230674,4331111
2018-08-15,15651.4189453125,15973.02365994774,15615.684058692654,15830.087819445704,4402184
2018-08-16,15365.5498046875,15365.5498046875,15169.013466601637,15329.815840808757,3660111
2018-08-17,15544.2158203125,15544.2158203125,15365.547876330264,15437.014868624296,2463962
2018-08-20,15615.6845703125,15830.088338090103,15419.14917292458,15544.216647719964,2536227
2018-08-21,15615.6845703125,15651.419458103135,15508.483612918064,15579.9515355106,2276943
2018-08-22,15740.75390625,15830.088346289758,15615.684578401097,15633.552948800036,3809447
2018-08-23,15865.822265625,15901.557155426355,15758.621302198617,15758.621302198617,2667942
2018-08-24,15883.6904296875,15901.556947860545,15687.153170817584,15865.822058525642,1671950
2018-08-27,15865.822265625,15901.557155426355,15794.35433901113,15830.089228812483,2413197
2018-08-28,15794.3544921875,15883.690791062863,15740.75493644891,15830.089382335418,2415293
2018-08-29,15794.3544921875,15865.822419494478,15705.020046300991,15776.48797360797,5290110
2018-08-30,15776.486328125,15794.352844841056,15705.018408272104,15794.352844841056,1678401
2018-08-31,15794.3544921875,16044.491311267491,15758.62145502844,15776.48797360797,2727416
2018-09-04,15758.6201171875,15973.023880906452,15722.887083062027,15758.6201171875,1684322
2018-09-05,15472.75,15794.353805918774,15365.54904019187,15740.7542525091,2531420
2018-09-06,15133.279296875,15472.750559363798,15133.279296875,15401.282632578444,4106118
2018-09-07,15365.5498046875,15365.5498046875,15133.279502722891,15186.879985293788,1350775
2018-09-10,15204.7470703125,15437.016440280708,15204.7470703125,15437.016440280708,975122
2018-09-11,15419.1494140625,15437.01593174286,15204.746569426246,15204.746569426246,1803478
2018-09-12,15383.4150390625,15615.68439514117,15383.4150390625,15544.216473350338,1267753
2018-09-13,15508.4833984375,15687.1522759535,15437.015476833358,15615.684354349358,1715571
2018-09-14,15919.423828125,15973.02523685212,15579.952563160565,15579.952563160565,7672015
2018-09-17,15758.6201171875,15901.5559596668,15758.6201171875,15901.5559596668,1499562
2018-09-18,16008.7587890625,16008.7587890625,15615.686102724574,15615.686102724574,2123083
2018-09-19,16241.0263671875,16312.494284780818,16008.756098256368,16080.224015849686,3589702
2018-09-20,16401.83203125,16509.033002797358,16098.093783378672,16098.093783378672,5738651
2018-09-21,16401.83203125,16455.431590529188,16151.695195646842,16455.431590529188,3861597
2018-09-24,16473.298828125,16616.23282934243,16366.096010975862,16401.830901021858,2631596
2018-09-25,16401.83203125,16473.2999632779,16366.09713874156,16437.56507076946,1982027
2018-09-26,16455.4296875,16723.434864857743,16383.963616725954,16437.56316980649,2731824
2018-09-27,16509.03125,16616.232210165614,16455.4298434228,16455.4298434228,2338482
2018-09-28,16544.765625,16616.2316942322,16526.89725470322,16616.2316942322,1486233
2018-10-01,16437.564453125,16598.36683089835,16419.69793403661,16544.767273633173,1379953
2018-10-02,16187.4287109375,16437.56555389253,16169.562190652648,16383.965993037977,2616913
2018-10-03,16258.8955078125,16330.363436942009,16169.561059647842,16187.427578682991,990466
2018-10-04,16383.96484375,16437.5644008447,16223.16246648809,16258.89550455122,1251239
2018-10-05,16294.6279296875,16437.5619132983,16276.759560371102,16419.695396970532,1349926
2018-10-08,16080.2255859375,16258.894470871885,16080.2255859375,16258.894470871885,1358843
2018-10-09,15973.025390625,16133.827765365557,15973.025390625,16080.226356122412,1702217
2018-10-10,16187.4287109375,16223.16360449624,15973.02676154121,15973.02676154121,1847045
2018-10-11,15258.34765625,15865.822252481386,15115.412729635093,15722.888252360895,5782380
2018-10-12,15651.4189453125,15722.886865563518,14901.007635665495,15186.878390175223,3658415
2018-10-15,15365.5498046875,15722.888516980487,15365.5498046875,15651.420589223002,1377245
2018-10-16,15454.8837890625,15544.217306346784,15258.347456852736,15544.217306346784,1803398
2018-10-17,15579.953125,15722.888984767596,15544.21823356364,15651.421054883798,1317535
2018-10-18,15579.953125,15722.888984767596,15508.485195116204,15615.686163447435,1886710
2018-10-19,15365.5498046875,15544.21777109234,15329.815840808757,15365.5498046875,2456978
2018-10-22,15419.1494140625,15615.68481452401,15401.281969887756,15508.483855453074,1139944
2018-10-23,15079.677734375,15419.148972536195,14865.274895878158,15419.148972536195,3055491
2018-10-24,14936.7412109375,15204.745441726369,14936.7412109375,15026.07564570235,1493109
2018-10-25,14668.73828125,14758.072718296256,14293.533089759128,14293.533089759128,2011761
2018-10-26,14579.4052734375,14918.876538089711,14579.4052734375,14829.54209228591,2441978
2018-10-29,14650.87109375,14811.67345383862,14472.202216537911,14472.202216537911,1280709
2018-10-30,14650.87109375,14936.741853185951,14597.270615885243,14686.605054491289,1201722
2018-10-31,14990.3447265625,15008.211245436842,14758.074422229376,14918.87679807624,863239
2018-11-01,14972.4765625,15151.145448644922,14972.4765625,15026.077043044595,1645454
2018-11-02,15329.8154296875,15365.549392607914,15026.077208111185,15133.279096872428,1968380
2018-11-05,15204.7470703125,15365.549440710558,15079.678662946722,15222.613588581433,705214
2018-11-06,15061.8115234375,15276.214379482026,15043.94500480647,15258.347860850994,1326642
2018-11-07,14954.609375,15186.878731291356,14883.141453143726,15061.810331290057,1315704
2018-11-08,15061.8115234375,15151.145969581516,14990.344522418944,15097.545487193993,934897
2018-11-09,14740.20703125,15043.944319604308,14722.33958693834,14936.74243321752,1686230
2018-11-12,14990.3447265625,14990.3447265625,14704.473939111904,14722.340457986244,725101
2018-11-13,14883.140625,14918.87458393979,14722.338273018097,14722.338273018097,1162961
2018-11-14,15097.544921875,15097.544921875,14865.275555896638,14972.476516657603,2089871
2018-11-15,15079.677734375,15151.144729544378,14901.007930215668,15008.209812711268,1324278
2018-11-16,15276.2138671875,15329.815274271908,15097.544980891207,15186.879424039353,1698950
2018-11-19,15419.1494140625,15437.01593174286,15294.08101081682,15365.548934527033,1051423
2018-11-20,15508.4833984375,15508.4833984375,15311.947077273288,15437.015476833358,1460613
2018-11-21,15508.4833984375,15508.4833984375,15258.34659931736,15294.08056011943,3163171
2018-11-22,15508.4833984375,15579.951320041642,15454.882920481572,15508.4833984375,858354
2018-11-23,15383.4150390625,15526.349956149808,15365.54852186197,15401.28155626303,918780
2018-11-26,15169.0126953125,15383.415541188911,15169.0126953125,15383.415541188911,1283604
2018-11-27,15276.2138671875,15329.815274271908,15186.879424039353,15329.815274271908,907125
2018-11-28,15294.080078125,15311.946594715791,15204.745642182384,15276.21263503988,680309
2018-11-29,15329.8154296875,15544.217354221166,15329.8154296875,15472.750354874746,1390174
2018-11-30,15329.8154296875,15347.681947900504,15240.48098563367,15329.8154296875,1032201
2018-12-03,16044.490234375,16044.490234375,15437.01567252215,15437.01567252215,3017021
2018-12-04,16062.359375,16258.894781585936,15990.891449062708,16044.49100377406,2684641
2018-12-05,15937.2900390625,16062.359372681918,15865.822113135522,15883.690484358884,1608601
2018-12-06,15865.822265625,16008.758118852738,15740.754783792358,15901.557155426355,2347323
2018-12-07,16115.95703125,16205.291464900803,15937.288163948391,15937.288163948391,2026206
2018-12-10,15794.3544921875,16080.226201415411,15794.3544921875,16008.758274108432,1845187
2018-12-11,15740.75390625,15901.556268919314,15687.15250103065,15830.088346289758,1016059
2018-12-12,15883.6904296875,15919.423466033586,15740.754578325528,15740.754578325528,3566711
2018-12-13,15937.2900390625,16169.560335077971,15901.557002593425,16062.359372681918,2072404
2018-12-14,15776.486328125,16008.75660439974,15758.619811408942,15937.288684546846,2145015
2018-12-17,15365.5498046875,15758.621554364794,15365.5498046875,15758.621554364794,2064623
2018-12-18,15008.2109375,15294.08171908513,14954.610455482296,15133.279346537593,2988611
2018-12-19,15043.9453125,15222.614208442345,14954.610864528828,15008.21134801264,1408680
2018-12-20,15026.0771484375,15151.145554915056,15026.0771484375,15115.41251863096,1224502
2018-12-21,15186.87890625,15186.87890625,14972.47606470553,14972.47606470553,1284506
2018-12-24,15008.2109375,15294.08171908513,15008.2109375,15222.613792065242,723560
2018-12-25,14829.5400390625,14829.5400390625,14650.87024569819,14793.806080389635,2195169
2018-12-26,14793.8076171875,14954.609984672565,14793.8076171875,14829.541579572448,1044973
2018-12-27,14936.7412109375,15097.543564111958,14936.7412109375,15043.94308855191,1791742
2018-12-28,15079.677734375,15079.677734375,14936.741891047532,15026.076329880025,1438122
2019-01-02,14722.3388671875,15061.810101074549,14704.472350243695,14936.74170298488,1431351
2019-01-03,14579.4052734375,14811.674647228494,14543.671309817097,14811.674647228494,2114961
2019-01-04,14686.6064453125,14811.674856503809,14472.20358705518,14507.937551180474,1005094
2019-01-07,14936.7412109375,15043.94308855191,14865.274219022209,14936.7412109375,1084480
2019-01-08,15008.2109375,15008.2109375,14901.009046970166,14936.743010480111,784969
2019-01-09,15151.146484375,15222.614414316266,14972.4775860163,15043.945515957565,820495
2019-01-10,15061.8115234375,15204.747378463471,15061.8115234375,15151.145969581516,1417974
2019-01-11,15079.677734375,15204.746134039357,15026.076329880025,15151.144729544378,1946015
2019-01-14,15186.87890625,15222.612867589807,15008.210026045335,15115.411910064757,1057744
2019-01-15,15294.080078125,15294.080078125,15115.411206239767,15115.411206239767,954413
2019-01-16,15204.7470703125,15365.549440710558,15204.7470703125,15365.549440710558,495391
2019-01-17,15008.2109375,15276.214274082946,15008.2109375,15186.879828555297,1061382
2019-01-18,15008.2109375,15186.879828555297,15008.2109375,15043.944901009943,603076
2019-01-21,15186.87890625,15294.08079026942,15079.67794872495,15079.67794872495,657904
2019-01-22,15133.279296875,15276.214223951283,15133.279296875,15186.879778716804,375624
2019-01-23,15133.279296875,15151.145815324127,15061.811370089645,15115.412778425873,1365819
2019-01-24,15169.0126953125,15222.613175158003,15133.2787332507,15151.145251034406,622509
2019-01-25,15151.146484375,15222.614414316266,15115.413445898832,15151.146484375,566755
2019-01-28,15043.9453125,15186.880243954984,15043.9453125,15186.880243954984,574349
2019-01-29,15186.87890625,15186.87890625,15008.210026045335,15151.144944910193,1143182
2019-01-30,15437.015625,15508.4835472901,15151.144862333958,15186.87882347901,1829971
2019-01-31,15437.015625,15508.4835472901,15329.814668059213,15472.74958614505,1373313
2019-02-01,15222.61328125,15437.016128620666,14829.541548819512,15437.016128620666,1592696
2019-02-11,15776.486328125,15830.087731261836,15258.346225427344,15365.548105206688,2656128
2019-02-12,15687.1533203125,15937.29013608529,15687.1533203125,15722.888209987948,1862657
2019-02-13,15919.423828125,16080.226201317506,15722.88841777365,15722.88841777365,4448088
2019-02-14,15812.2216796875,16044.490109806122,15812.2216796875,15955.155670609256,1691171
2019-02-15,15794.3544921875,15883.690791062863,15722.88841786938,15812.222863755887,1718385
2019-02-18,15865.822265625,15937.290192238868,15758.621302198617,15901.557155426355,813246
2019-02-19,15865.822265625,16133.82745367422,15830.089228812483,15973.025082040223,3905170
2019-02-20,16026.6240234375,16098.09194731414,15830.088622518317,15830.088622518317,1552653
2019-02-21,16008.7587890625,16044.491827370986,15830.08989154224,15973.025750754015,1991104
2019-02-22,16151.69140625,16223.159321510597,15865.819745207613,16008.755575728805,3302061
2019-02-25,16258.8955078125,16509.032333271323,16241.028988777349,16276.76202684765,17547260
2019-02-26,16151.69140625,16294.627236771194,16080.2234909894,16294.627236771194,1760838
2019-02-27,16115.95703125,16241.026350154289,16044.489113731635,16151.691916503483,1289392
2019-02-28,15794.3544921875,16115.95923857447,15794.3544921875,16115.95923857447,3746877
2019-03-01,15937.2900390625,15937.2900390625,15776.487668974009,15919.423520827962,1621611
2019-03-04,16080.2255859375,16151.69351050901,15937.28973679448,15937.28973679448,2221614
2019-03-05,16044.490234375,16151.693044634536,16008.75719961431,16080.225122124422,2188503
2019-03-06,15937.2900390625,16115.958927385533,15883.690484358884,16062.359372681918,1845822
2019-03-07,15990.8896484375,16080.224082552568,15937.288246773014,15937.288246773014,993866
2019-03-08,15955.1572265625,16008.758636503338,15883.691150626582,15973.025598535382,1840380
2019-03-11,15901.556640625,16026.624118408672,15883.69012279716,15955.156194108526,1020890
2019-03-12,16616.23046875,16616.23046875,15990.889438167374,15990.889438167374,5126438
2019-03-13,16509.03125,16687.70013460562,16509.03125,16616.232210165614,4181315
2019-03-14,16526.8984375,16616.232883422465,16437.563991577535,16509.03191891328,1867729
2019-03-15,16437.564453125,16544.767273633173,16348.23000469413,16526.89890155587,2766071
2019-03-18,16509.03125,16598.36569230281,16419.69680769719,16544.766138714396,2639269
2019-03-19,16330.3603515625,16544.764098442614,16330.3603515625,16509.029214134982,2481668
2019-03-20,16241.0263671875,16401.828718525314,16169.558449594182,16294.62776862964,2116739
2019-03-21,16115.95703125,16366.093816069972,16115.95703125,16366.093816069972,2192330
2019-03-22,16098.091796875,16223.16112573752,16098.091796875,16115.95831443,7873230
2019-03-25,15865.822265625,16080.226045466608,15794.35433901113,15794.35433901113,4392644
2019-03-26,15990.8896484375,16080.224082552568,15901.555214322434,16080.224082552568,1025140
2019-03-27,16080.2255859375,16115.958621728862,16008.75766136599,16008.75766136599,1824931
2019-03-28,16133.8271484375,16205.29322071046,15990.891297913971,15990.891297913971,1227557
2019-03-29,16258.8955078125,16294.630398871706,16187.427578682991,16294.630398871706,1523294
2019-04-01,16366.0947265625,16401.829613804017,16258.893770815364,16401.829613804017,1879252
2019-04-02,16437.564453125,16687.70127932922,16366.09652378252,16366.09652378252,3596128
2019-04-03,16866.369140625,16866.369140625,16437.563443886967,16580.49929379591,2745522
2019-04-04,17080.775390625,17223.71126124646,16884.239958262297,16973.57441415344,4689055
2019-04-05,17080.775390625,17116.50843178583,16955.70604058396,17080.775390625,4022839
2019-04-08,17080.775390625,17152.243325935728,16955.70604058396,17027.173975894686,1201803
2019-04-09,16902.10546875,17330.911201999294,16902.10546875,17080.774369854793,2685997
2019-04-10,16759.16796875,16902.103816859897,16705.566562461598,16794.902857271863,1941060
2019-04-11,16794.90234375,16973.57122192999,16741.300939100514,16759.16745632077,1141403
2019-04-12,17223.70703125,17295.174949008815,16741.299976119466,16741.299976119466,2577565
2019-04-16,17116.5078125,17223.710638081964,16973.573800039052,16973.573800039052,2487724
2019-04-17,17330.91015625,17688.24793689778,17223.709192653434,17259.442229522676,5460595
2019-04-18,17330.91015625,17598.913491735835,17170.10778436073,17330.91015625,2723830
2019-04-19,17313.044921875,17473.847305690528,17295.17840211527,17402.37937366263,1205307
2019-04-22,17116.5078125,17330.911610674924,17080.774772632012,17330.911610674924,2193256
2019-04-23,17116.5078125,17313.045090740932,16973.573800039052,17116.5078125,1976371
2019-04-24,17348.775390625,17384.510277838188,17187.973030637422,17330.90887351276,2270357
2019-04-25,17438.111328125,17563.18066463884,17313.043844600026,17330.91036324804,2577087
2019-04-26,17706.115234375,17777.581303778778,17438.110062155898,17473.84494984652,2442215
2019-05-02,17813.31640625,17938.38388220332,17741.848482995778,17795.449888683634,2349714
2019-05-03,17866.916015625,17866.916015625,17723.982021651907,17831.18298037892,2813145
2019-05-06,17420.244140625,17652.51443309776,17313.04317986403,17509.57858342394,3969579
2019-05-07,17759.71484375,17759.71484375,17527.444558471834,17545.31292886918,8851258
2019-05-08,17741.849609375,17759.716128075663,17509.57930729979,17616.78027249263,3953331
2019-05-09,17366.642578125,17741.848716909302,17366.642578125,17723.982199107377,2498184
2019-05-10,17509.578125,17598.912565460047,17420.243684539957,17509.578125,4162568
2019-05-13,17688.24609375,17795.44889916468,17509.577222043736,17509.577222043736,2258171
2019-05-14,17938.384765625,18152.78854594653,17545.31394785213,17652.514911518472,4143984
2019-05-15,18009.853515625,18081.321445665624,17902.65254705853,18045.588407139778,4088523
2019-05-16,17741.849609375,18117.05391404437,17741.849609375,18009.85294885153,7676344
2019-05-17,17472.05859375,17688.246788148652,17413.096492560617,17688.246788148652,3590485
2019-05-20,17786.515625,17806.168422614912,17491.710689855783,17491.710689855783,4325532
2019-05-21,18042.01171875,18100.971966086025,17825.821674532977,17884.7837748577,2525930
2019-05-22,17786.515625,18140.278952988952,17786.515625,18061.665909540658,12612774
2019-05-23,17963.3984375,18002.70589025898,17766.86302669396,17786.51767956788,3783410
2019-05-24,17924.08984375,18061.66497893192,17786.51470856809,17884.782397556803,3004360
2019-05-27,17786.515625,17865.128668448295,17550.670935689166,17806.168422614912,3454319
2019-05-28,17629.2890625,17845.479140821735,17589.98160707887,17688.249319137205,1854797
2019-05-29,17334.482421875,17629.287382952847,17295.176823187514,17629.287382952847,3633231
2019-05-30,17511.365234375,17570.327339078995,17255.869574950088,17334.48262624069,2380919
2019-05-31,17334.482421875,17609.634583609102,17334.482421875,17531.019680256504,1476798
2019-06-03,17098.640625,17334.483496692326,17098.640625,17295.17789556771,2128356
2019-06-04,17020.0234375,17177.253232898405,17000.37063956954,17098.638335199204,1417182
2019-06-05,17137.94921875,17255.87158893221,17098.641762022595,17098.641762022595,1665642
2019-06-06,17491.712890625,17570.3277969531,17137.947665137428,17216.56257146553,2838738
2019-06-07,17766.865234375,17786.519889691175,17570.329799147796,17609.637256791055,3214857
2019-06-10,17727.5546875,17963.397539272115,17609.634188108328,17884.784490673923,3013024
2019-06-11,17766.865234375,17924.095064948036,17648.94286144522,17727.55777673174,3129265
2019-06-12,17707.900390625,17924.090425206497,17688.24574039653,17766.860635333185,3169740
2019-06-13,17511.365234375,17727.555294649028,17491.71243479956,17707.902495073587,2066712
2019-06-14,17452.40234375,17648.937721742404,17452.40234375,17531.017236142383,1351145
2019-06-17,17314.828125,17491.710715750658,17255.86787907933,17334.480922644005,3289796
2019-06-18,17314.828125,17472.057918106653,17196.905780170007,17432.75046982999,1908404
2019-06-19,17550.671875,17570.326526655477,17373.789275044455,17413.09672536666,2946602
2019-06-20,17845.4765625,17845.4765625,17550.67161592954,17629.286515413492,3272947
2019-06-21,17845.4765625,17924.091461983953,17786.516314381395,17884.784012241977,2226471
2019-06-24,17747.2109375,17865.13144751023,17747.2109375,17845.47864683817,1752676
2019-06-25,18277.853515625,18297.508165605264,17609.6324760678,17688.24551702309,7939506
2019-06-26,18140.279296875,18277.854441753345,18120.62649888753,18277.854441753345,3985017
2019-06-27,17845.4765625,18120.626857705112,17806.169112758023,18100.972206339764,3440092
2019-06-28,17884.78515625,18081.32056454263,17648.940442712235,17845.477703993707,5983913
2019-07-01,18513.69921875,18513.69921875,18042.01168205505,18081.31913119536,6157838
2019-07-02,18435.0859375,18670.928800040045,18336.81823252405,18474.39339008815,8311628
2019-07-03,18395.77734375,18435.08479389976,18297.50964486998,18356.46989360025,4705281
2019-07-04,18454.740234375,18553.00980031157,18395.77997720426,18474.39488875792,3079303
2019-07-05,18317.1640625,18474.393876996524,18238.55100824064,18395.778969748266,2746151
2019-07-08,18199.2421875,18435.085038539502,18100.97263432717,18277.855235854,3820891
2019-07-09,18376.125,18415.43059813388,18120.62749419709,18199.24239644242,2746785
2019-07-10,18494.046875,18651.27669117718,18395.779166383723,18454.739420955702,3094219
2019-07-11,18474.392578125,18572.66027878201,18395.777676403883,18533.35282792145,2450709
2019-07-12,18474.392578125,18651.27518050313,18395.777676403883,18513.70002898556,2997648
2019-07-15,18592.314453125,18690.58401404049,18415.431837661592,18454.739291430007,2838567
2019-07-16,18592.314453125,18788.85172196707,18572.66165273525,18611.96910650366,2893729
2019-07-17,18494.046875,18670.92949170487,18474.394074472315,18592.31458361628,3119924
2019-07-18,18395.77734375,18513.69969419927,18395.77734375,18474.39224404951,2547435
2019-07-19,18946.080078125,18985.387532711,18435.08687448493,18454.73967528345,6786057
2019-07-22,19005.0390625,19122.959553885583,18847.80927000103,18946.076963818563,4358478
2019-07-23,19181.923828125,19181.923828125,18906.771660044844,19064.001470376363,2511786
2019-07-24,19103.306640625,19417.76437072989,19103.306640625,19398.10972029223,5349295
2019-07-25,19122.9609375,19240.88329040633,19064.000687541225,19103.30813851,2865213
2019-07-26,19181.923828125,19181.923828125,19005.04121799647,19064.001470376363,2517457
2019-07-29,19103.306640625,19181.921536398386,18946.07684907824,19181.921536398386,3517187
2019-07-30,18788.849609375,19103.30735117621,18749.542160026263,19103.30735117621,5049836
2019-07-31,19024.69140625,19024.69140625,18670.92623455473,18788.848576116023,2859615
2019-08-01,19005.0390625,19103.30675631753,18946.076963818563,19024.691860068047,2431149
2019-08-02,19181.923828125,19260.536880301905,18808.50395508208,18887.118860247832,5308586
2019-08-05,19260.53515625,19574.99289577639,19181.92211110992,19260.53515625,5652956
2019-08-06,19240.880859375,19378.455993889096,18946.075940851337,18946.075940851337,4392056
2019-08-07,19555.341796875,19555.341796875,19240.88403002581,19260.536829771263,3061950
2019-08-08,19771.529296875,19889.449786044384,19594.64671013231,19594.64671013231,5033641
2019-08-09,20085.990234375,20203.910742397828,19653.610096987555,19771.53245799929,4281485
2019-08-12,20557.67578125,20675.59814116501,19928.760234347727,20085.99004756774,13485470
2019-08-13,20636.2890625,20911.439360974684,20321.831313816256,20479.059261663755,6488073
2019-08-14,20911.439453125,21107.97485204763,20754.20965159589,20832.82455236045,5443621
2019-08-15,20832.822265625,20832.822265625,20203.9068345196,20400.44406485788,5367616
2019-08-16,20439.751953125,21658.277359085405,20439.751953125,20832.8246049513,10936194
2019-08-19,20596.98046875,20714.902812830154,20125.294798406663,20439.75067664313,6974853
2019-08-20,21225.8984375,21225.8984375,20596.98290078905,20596.98290078905,5497638
2019-08-21,21068.666015625,21422.43119280366,20990.0529730209,21265.203254606826,8225691
2019-08-22,20832.822265625,21343.81721151598,20793.514819557346,21068.665089042388,4568126
2019-08-23,21383.125,21383.125,20675.596457105898,20872.13185463392,4509135
2019-08-26,21107.97265625,21304.50988771622,21029.35961665207,21029.35961665207,4480076
2019-08-27,20754.2109375,21343.82087677688,20754.2109375,21225.898518323724,3780630
2019-08-28,20479.056640625,20911.436684597204,20479.056640625,20832.82179424071,4386992
2019-08-29,20714.90234375,20754.20793789802,20400.44461964566,20518.36510806691,3302840
2019-08-30,20872.1328125,20990.05516822176,20793.51790868549,20832.825360592746,2457313
2019-09-03,21107.97265625,21225.894995129733,20832.82238518585,20832.82238518585,3506782
2019-09-04,20911.439453125,21304.512103959016,20832.82455236045,21107.97485204763,4115956
2019-09-05,20675.59765625,21029.36287470911,20675.59765625,20990.055422326004,3736842
2019-09-06,20793.51953125,20911.441896173503,20557.67665439197,20793.51953125,2758072
2019-09-09,21147.283203125,21383.126062474817,20636.290032368925,20832.82543966229,6052894
2019-09-10,21225.8984375,21383.126395183303,21068.66862682783,21304.51334283608,4300139
2019-09-11,21265.205078125,21304.512529292027,20990.054772944583,21225.89762695797,3016717
2019-09-12,22208.576171875,22208.576171875,21383.12348419665,21383.12348419665,9243975
2019-09-13,22326.498046875,22562.34274541792,22129.96265107796,22208.57755059226,11709472
2019-09-16,22680.263671875,22798.18602338308,22287.192872825577,22365.80592084221,3233197
2019-09-17,22640.955078125,22837.492320714387,22444.41968852428,22523.03458556003,4037698
2019-09-18,22169.26953125,22758.87755648132,22129.96208250276,22758.87755648132,11486126
2019-09-19,22719.572265625,22719.572265625,22090.65673191243,22247.886541835,3458072
2019-09-20,22876.802734375,23112.64560306202,22640.95801269908,22680.265466311725,3369710
2019-09-23,22208.576171875,22916.106517602544,22208.576171875,22798.18417565176,9220974
2019-09-24,22090.65625,22405.11400999632,21933.428296496244,22169.27115324628,9745263
2019-09-25,22562.341796875,22562.341796875,22051.34682450346,22129.96172071272,3481437
2019-09-26,22680.263671875,22798.18602338308,22483.728272350287,22680.263671875,2468971
2019-09-27,22994.720703125,23112.643050941864,22562.342467107224,22640.955512663106,6059459
2019-09-30,22680.263671875,23387.79407494597,22680.263671875,23309.179173940585,5718291
2019-10-01,22994.720703125,22994.720703125,22640.955512663106,22680.26296193539,3968315
2019-10-02,22483.73046875,23034.031123568187,22483.73046875,22994.72366922561,6118931
2019-10-03,22483.73046875,22562.34537743515,22169.272686998327,22247.88759568348,7195866
2019-10-04,22326.498046875,22601.650195175072,22287.19245010657,22601.650195175072,3188904
2019-10-07,21815.50390625,22483.726815520884,21815.50390625,22326.49702369779,5724664
2019-10-08,22051.34765625,22090.655105837253,21697.582462953444,21815.5048117152,3227549
2019-10-09,22169.26953125,22405.112370744795,21933.42669175521,22129.96208250276,2311115
2019-10-10,22169.26953125,22405.112370744795,22169.26953125,22247.88442874449,1950209
2019-10-11,22208.576171875,22365.80410815412,22169.268724558067,22287.19106650886,1917431
2019-10-14,22680.263671875,22876.800924388463,22326.49847033952,22405.1133713449,5772018
2019-10-15,22562.341796875,22719.569736304875,22562.341796875,22719.569736304875,1892063
2019-10-16,22601.65234375,22798.18775823024,22562.34489025617,22719.572851242585,2512703
2019-10-17,22287.19140625,22601.649136590368,22247.88395833388,22562.34168867424,4203547
2019-10-18,22444.419921875,22640.95531351907,22247.88453023093,22326.49757509535,3555970
2019-10-21,22208.576171875,22562.34134473877,22129.96127724114,22562.34134473877,3727868
2019-10-22,22129.96484375,22247.8872047054,21894.12197482812,22208.5797510536,3703420
2019-10-23,22169.26953125,22405.112370744795,22012.039736261024,22012.039736261024,1804930
2019-10-24,22876.802734375,22876.802734375,22169.272275325024,22326.50023678674,5459744
2019-10-25,22798.185546875,22994.720942291897,22680.26319783163,22916.10789591837,3319482
2019-10-28,22837.494140625,23112.64444918809,22719.571785674183,22798.18668897473,4259615
2019-10-29,22758.87890625,22916.10871056385,22719.57145517153,22876.8012594854,2420912
2019-10-30,22719.572265625,22837.494623066927,22640.95736066372,22758.87971810564,4328525
2019-10-31,22758.87890625,23073.33666188893,22719.57145517153,22798.186357328465,3218786
2019-11-01,22994.720703125,23073.335601669576,22640.955512663106,22798.18530975225,4182692
2019-11-04,23545.0234375,23780.86628312551,23073.33589326026,23073.33589326026,14026943
2019-11-05,23505.716796875,23623.637297252604,23348.48699238648,23623.637297252604,6744325
2019-11-06,23387.79296875,23741.5581535531,23387.79296875,23505.71531468059,3817414
2019-11-07,23387.79296875,23545.02276332412,23269.87062281941,23387.79296875,3519137
2019-11-08,23427.1015625,23505.71646362972,23269.87176024056,23505.71646362972,2943513
2019-11-11,23584.33203125,23820.176759834107,23387.796610418867,23466.411519946905,5262888
2019-11-12,23977.40234375,24095.324696326486,23584.329688150487,23584.329688150487,6957642
2019-11-13,23780.8671875,24095.32494462225,23780.8671875,24056.017493358377,14304666
2019-11-14,22916.107421875,23977.40112935649,22601.64968391961,23780.865738005134,12187347
2019-11-15,23034.029296875,23112.644199325667,22680.26408883579,22916.10879618779,6198289
2019-11-18,22601.65234375,23112.64553319196,22444.422529774693,22955.41571921665,6745894
2019-11-19,22916.107421875,22916.107421875,22601.64968391961,22601.64968391961,2678568
2019-11-20,22326.498046875,22876.80049048642,22247.88500034941,22876.80049048642,16465191
2019-11-21,22012.041015625,22444.42112398642,21972.735417581946,22326.49877089091,7974504
2019-11-22,22012.041015625,22444.42112398642,21815.5056134546,22129.96336872051,3924121
2019-11-25,22247.88671875,22405.114676934,21933.42894939315,22051.34945478393,2831157
2019-11-26,22444.419921875,22483.72737080156,22326.49757509535,22405.11247294845,2398393
2019-11-27,22405.11328125,22562.34308262853,22365.80583090537,22483.728181939263,1960539
2019-11-28,22012.041015625,22365.806221922747,21933.42796655011,22365.806221922747,3513803
2019-11-29,22169.26953125,22326.497473250303,21933.42669175521,22012.039736261024,1784560
2019-12-02,21461.73828125,22208.576070898816,21461.73828125,22208.576070898816,4808860
2019-12-03,21422.435546875,21697.58588438473,20950.7497834266,21304.515032507403,5959534
2019-12-04,21776.19921875,21815.506671688578,21225.89858358768,21422.43399529169,2298085
2019-12-05,21579.662109375,21933.42730500262,21540.35465952874,21815.50495546384,2857734
2019-12-06,21618.970703125,21776.198657840567,21501.048347346707,21618.970703125,1342358
2019-12-09,21736.890625,21933.42787937807,21618.97012536193,21697.583174124386,2002245
2019-12-10,21815.50390625,21933.42625011732,21540.353623548217,21736.88901033845,1923897
2019-12-11,22208.576171875,22247.88361919193,21697.5812097435,21815.50355169429,2294284
2019-12-12,22405.11328125,22483.728181939263,22287.192783204857,22326.498380560737,2368754
2019-12-13,22444.419921875,22601.6497175812,22365.8050240219,22483.72737080156,4131405
2019-12-16,22208.576171875,22444.419002787978,22169.268724558067,22444.419002787978,2736591
2019-12-17,21776.19921875,22169.27189514689,21658.278712923144,22090.656989269737,5407368
2019-12-18,21815.50390625,22012.03929304024,21618.96851945977,21776.196458294227,2467906
2019-12-19,21933.42578125,22090.653716723424,21776.19599278798,21815.503439903485,2046318
2019-12-20,22208.576171875,22287.19106650886,21933.42589364509,22012.038935290344,1875626
2019-12-23,22051.34765625,22405.11284954656,22012.040206662747,22365.805399959307,1848836
2019-12-24,22169.26953125,22208.576979997244,22051.347185008268,22169.26953125,1993171
2019-12-25,22601.65234375,22758.88030473641,22169.2722083068,22169.2722083068,3872299
2019-12-26,22562.341796875,22837.49208061876,22562.341796875,22719.569736304875,4982934
2019-12-27,22640.955078125,22719.56997516076,22326.497342970644,22562.34203407791,2425355
2019-12-30,23034.029296875,23151.951650551,22640.956637610456,22719.571540061123,6953804
2019-12-31,22916.107421875,23073.33536435835,22798.185075270976,23034.027915490344,1663058
2020-01-02,23034.029296875,23191.259101776337,22798.18644251179,22916.10879618779,2164345
2020-01-03,22640.955078125,23230.5649529045,22562.34203407791,23151.950055868743,4942819
2020-01-06,22405.11328125,22640.95613032904,22326.498380560737,22444.42073159464,2634859
2020-01-07,22837.494140625,22837.494140625,22405.11402546081,22523.03638041163,2020780
2020-01-08,22326.498046875,22680.263241700653,22326.498046875,22601.650195175072,4437500
2020-01-09,22640.955078125,22680.26252664288,22444.41968852428,22523.03458556003,2334095
2020-01-10,22601.65234375,22719.572851242585,22444.422529774693,22601.65234375,2458638
2020-01-13,22444.419921875,22640.95531351907,22405.11247294845,22562.34226865465,1993075
2020-01-14,22405.11328125,22562.34308262853,22405.11328125,22444.42073159464,1943884
2020-01-15,22405.11328125,22444.42073159464,22326.498380560737,22405.11328125,2493321
2020-01-16,22798.185546875,22876.800446237245,22405.112903052486,22405.112903052486,4689602
2020-01-17,22640.955078125,22837.492320714387,22405.1122400064,22798.18487219651,3352067
2020-01-20,22562.341796875,22798.18463251413,22483.72690066574,22601.649244979628,4346701
2020-01-21,21815.50390625,22798.18454617844,21815.50390625,22719.56965026689,10744793
2020-01-22,22208.576171875,22208.576171875,21501.04582614745,21618.968168098247,7640698
2020-01-30,21501.048828125,21933.42895599157,21186.591058673548,21736.89169196637,7174409
2020-01-31,20439.751953125,21579.66245812239,20439.751953125,21225.8972567776,10550086
2020-02-03,20243.21484375,20636.287462373224,19260.53422368624,19496.37890665333,8696226
2020-02-04,20361.138671875,20596.981519073248,20046.680924614426,20596.981519073248,3985959
2020-02-05,20439.751953125,20754.209703988286,20439.751953125,20557.674304569515,3979151
2020-02-06,21068.666015625,21068.666015625,20361.137514256312,20636.28779584224,4184622
2020-02-07,20950.748046875,21029.36295192989,20754.210784237774,20832.825689292666,2941387
2020-02-10,20675.59765625,20832.82561279358,20479.06039433447,20596.98275148379,1781470
2020-02-11,21068.666015625,21107.973463421364,20714.90269143497,20793.515734039072,2619702
2020-02-12,21265.205078125,21501.047932138383,21107.975273456883,21147.28272462392,2666743
2020-02-13,21343.818359375,21422.43140274953,21107.973670285464,21265.20346301182,2487408
2020-02-14,21422.435546875,21422.435546875,21225.90012093633,21265.207576721867,2247662
2020-02-17,21304.51171875,21461.7396644475,21225.89681940689,21461.7396644475,2404911
2020-02-18,22012.041015625,22012.041015625,21343.81990705012,21383.125505093176,4374899
2020-02-19,21894.12109375,22090.65650111097,21815.50618961008,21972.73599788992,1827548
2020-02-20,21933.42578125,22169.26861095444,21815.503439903485,22051.34626960792,1884581
2020-02-21,21501.048828125,21972.73640879661,21501.048828125,21972.73640879661,3519162
2020-02-24,20636.2890625,21186.589659449368,20636.2890625,20872.131910765624,5507872
2020-02-25,21225.8984375,21225.8984375,20439.753090116887,20479.06054278493,3397708
2020-02-26,21618.970703125,21697.58375398837,20832.82537058069,20990.05517828508,7823218
2020-02-27,22012.041015625,22208.578270784183,21461.74040715685,21618.970211284195,7594451
2020-02-28,21658.279296875,21894.12216787639,21461.74202688307,21618.971842876614,5945246
2020-03-02,21894.12109375,22090.65650111097,21540.355878109185,21658.278234319067,4465353
2020-03-03,21972.736328125,22405.11460141525,21894.12142280356,22090.656833118315,3592442
2020-03-04,21815.50390625,21815.50390625,21579.661071504,21815.50390625,4375567
2020-03-05,21461.73828125,21972.733241058148,21461.73828125,21815.5034525053,3129142
2020-03-06,21225.8984375,21343.820795504125,21029.36302714865,21304.51334283608,3573446
2020-03-09,19771.529296875,20439.75034347115,19771.529296875,20125.29447036038,14236373
2020-03-10,20321.833984375,20439.754497509763,19771.53331510882,20046.68364974191,4975306
2020-03-11,19968.06640625,20636.28936357567,19457.07325205449,20439.75210966296,6988101
2020-03-12,18906.76953125,19378.45705614636,18592.311798981973,19103.30677203542,10572677
2020-03-13,18926.427734375,19653.61102930412,17766.864281547445,17806.171737082666,7965695
2020-03-16,18710.236328125,19535.687276840326,18670.92887537824,18926.426391737736,5042694
2020-03-17,19064.001953125,19064.001953125,18277.85658753793,18474.39385542916,6741260
2020-03-18,19024.69140625,19299.84168357108,19005.03860915075,19260.534236383977,4850278
2020-03-19,18749.54296875,18906.770919937964,18710.235517705813,18710.235517705813,5349731
2020-03-20,18749.54296875,18965.73302299864,18611.96781658974,18946.078370982148,3797020
2020-03-23,17452.40234375,18435.082939689124,17452.40234375,18120.625223108145,10177953
2020-03-24,17491.712890625,17688.24830345637,17098.64021197338,17688.24830345637,8568812
2020-03-25,18081.3203125,18238.55011933349,17747.20975246206,18081.3203125,5386707
2020-03-26,17373.7890625,18022.359205398887,17373.7890625,17884.784057448585,6121465
2020-03-27,16941.41015625,17452.403278182865,16862.795259648436,17452.403278182865,6405160
2020-03-30,15880.1162109375,16155.266523774348,15762.19385415506,15919.423663198311,11499297
2020-03-31,16155.2666015625,16666.261630424684,15762.193930050556,16312.496411362818,5882129
2020-04-01,16626.955078125,16980.720316339015,16037.346965431292,16037.346965431292,3643695
2020-04-03,17531.021484375,17550.674285741214,16784.183531645776,16902.105898810074,6442408
2020-04-06,18670.927734375,18670.927734375,17884.78428644862,18081.319685183025,7018151
2020-04-07,18592.314453125,18749.544268198653,18277.856675966603,18670.929360661827,5994990
2020-04-08,18415.427734375,18494.042624395024,17983.049545241865,18120.624676282656,4002611
2020-04-09,18415.427734375,18710.23264545584,18277.85260333421,18474.38982838427,5219151
2020-04-10,18238.55078125,18474.39364707067,18042.01351557537,18317.16383453097,8266508
2020-04-13,18277.853515625,18474.390750484697,18120.62558072583,18238.54792164165,10530500
2020-04-14,19457.07421875,19457.07421875,18474.393459329745,18710.236322753724,9969510
2020-04-15,19692.91796875,19968.068297296733,19594.65025898173,19850.14593378144,5322531
2020-04-16,19771.529296875,19968.064680816384,19378.45667600362,19535.684612559005,3689177
2020-04-17,20125.296875,20164.60247409376,19732.224207162948,20125.296875,6464176
2020-04-20,20164.6015625,20439.751861650395,19928.7587136552,20400.44626433355,5405993
2020-04-21,19378.45703125,20007.37249497805,19221.227238823663,19850.14270255172,9314309
2020-04-22,20085.990234375,20125.29768804558,19142.616905247865,19181.92435891844,10264845
2020-04-23,20046.68359375,20518.36935094956,20046.68359375,20479.06189568477,3355927
2020-04-24,20046.68359375,20125.298504279588,19692.91834935584,20007.376138485204,3454818
2020-04-27,19928.759765625,20243.217531680115,19850.14486086401,20243.217531680115,3547424
2020-04-28,19928.759765625,19968.067218005493,19732.22435671137,19928.759765625,2894682
2020-04-29,19968.06640625,20203.90925795648,19850.14405390237,19968.06640625,3256537
2020-05-04,19850.14453125,20007.37433816116,19574.99422214428,19732.224029055444,2512884
2020-05-05,20007.37109375,20046.678539103665,19810.8357199702,19968.06364839633,1636413
2020-05-06,20793.51953125,20872.134441199003,20046.68344570139,20046.68344570139,10311019
2020-05-07,21029.36328125,21029.36328125,20596.98314966588,20832.826015535,5046217
2020-05-08,21107.97265625,21658.27505136685,21068.665209956755,21068.665209956755,8750173
2020-05-11,21225.8984375,21383.126395183303,20950.74812181257,21225.8984375,5260330
2020-05-12,21383.125,21383.125,21068.66725216193,21225.897052575336,6874468
2020-05-13,22307.826171875,22398.233486911588,21426.36318871711,21471.56499324678,14510751
2020-05-14,22014.005859375,22194.81864206024,21923.59854153804,22127.014080176858,7844844
2020-05-15,21697.58203125,22104.413107239805,21584.573810805872,21833.19300757616,5101966
2020-05-18,21855.794921875,21855.794921875,21426.36477610808,21471.56658398656,4241581
2020-05-19,22262.625,22466.038685129944,21968.80214427561,22240.02224410422,6294383
2020-05-20,22104.4140625,22149.6177232289,21946.202176443232,22149.6177232289,2613810
2020-05-21,22285.2265625,22285.2265625,22081.81101836073,22104.413774925502,4212429
2020-05-22,21901.0,22149.61922436412,21901.0,22149.61922436412,3634543
2020-05-25,21901.0,21968.804569194257,21607.1789648323,21923.600905401792,4434777
2020-05-26,22059.208984375,22059.208984375,21855.79345065963,21923.59801090187,3436941
2020-05-27,21697.58203125,22330.42954812806,21697.58203125,22104.413107239805,4450454
2020-05-28,21697.58203125,21968.80213091364,21697.58203125,21787.989348800773,2552712
2020-05-29,21674.982421875,21742.78698759017,21471.56687174068,21697.58332611713,2871291
2020-06-01,21833.193359375,21855.794262632524,21697.582380863736,21697.582380863736,3401093
2020-06-02,21697.58203125,21923.598472138256,21697.58203125,21833.19300757616,3201979
2020-06-03,21991.40625,22127.01538174363,21652.381567652137,21697.58337624082,4103060
2020-06-04,21878.3984375,22104.41489668524,21878.3984375,22104.41489668524,2785008
2020-06-05,22014.005859375,22014.005859375,21765.388514806386,21878.396735608243,3547627
2020-06-08,22307.826171875,22601.64901924959,22149.61615004392,22149.61615004392,8846763
2020-06-09,22127.015625,22443.43940653217,22104.4147204572,22420.83664900055,3218369
2020-06-10,22059.208984375,22149.61630002376,21878.39620606613,22149.61630002376,2802031
2020-06-11,20793.51953125,22059.21291066864,20793.51953125,22059.21291066864,9713404
2020-06-12,21245.55078125,21245.55078125,20341.484948259687,20341.484948259687,6664655
2020-06-15,20793.51953125,21697.58543669661,20748.31771836884,21697.58543669661,2576283
2020-06-16,21064.73828125,21155.14560701496,20929.12914559141,21064.73828125,2439503
2020-06-17,20951.73046875,21132.543270900223,20906.526804965222,21109.94236550228,2494701
2020-06-18,21064.73828125,21109.94194413248,20861.32457776212,20929.12914559141,1727272
2020-06-19,21245.55078125,21245.55078125,21064.737985249703,21064.737985249703,2415480
2020-06-22,21245.55078125,21245.55078125,21177.74621437349,21245.55078125,1960586
2020-06-23,21494.171875,21878.400258187583,21132.544398416223,21222.95173080941,4311452
2020-06-24,21335.958984375,21674.98368570765,21268.15441470625,21652.382780147705,1273974
2020-06-25,21155.142578125,21290.751694367736,21064.73526530412,21087.33802000363,1533825
2020-06-26,21177.74609375,21313.35707971943,21109.94152725969,21155.1451892495,1265327
2020-06-29,20816.119140625,21064.73648580455,20725.71182256588,21064.73648580455,2689030
2020-06-30,20635.30859375,20974.33329372888,20522.300360423706,20861.325060402585,3345935
2020-07-01,20883.923828125,20929.1274874261,20703.111043909303,20793.5165095228,18851468
2020-07-02,20861.32421875,20929.128785412413,20770.916894540904,20929.128785412413,1131590
2020-07-03,20906.525390625,21019.53361594742,20838.7208260293,21019.53361594742,1420310
2020-07-06,21155.142578125,21222.94713624637,20929.12614906138,21019.53160889368,4581605
2020-07-07,21448.96875,21652.38432652273,21245.55317347727,21245.55317347727,5834365
2020-07-08,21561.97265625,21652.379972745577,21381.159876247504,21381.159876247504,3174644
2020-07-09,21855.794921875,21878.397678803005,21607.177566588296,21652.381227455546,6503993
2020-07-10,21607.177734375,21810.591430374032,21471.5667507202,21742.78686504102,11484798
2020-07-13,21991.40625,22127.01538174363,21584.57514879153,21697.58337624082,8467293
2020-07-14,21946.203125,22081.81226005923,21833.1948947877,21833.1948947877,4994193
2020-07-15,21968.802734375,22127.01461794044,21878.39726732956,22014.006394392087,3182921
2020-07-16,21968.802734375,22036.609150895,21878.39726732956,21946.20183086082,2225843
2020-07-17,21742.78515625,21923.597933924,21742.78515625,21923.597933924,2755941
2020-07-20,21426.365234375,21787.99082306988,21403.76247696357,21742.78716123582,4301880
2020-07-21,21607.177734375,21674.98229970801,21358.55852416892,21471.5667507202,1973357
2020-07-22,21426.365234375,21697.58349940176,21381.16157254094,21697.58349940176,1716590
2020-07-23,21584.57421875,21584.57421875,21290.753210639843,21426.364189529024,1969999
2020-07-24,20748.318359375,21494.172383813348,20522.30187603071,21426.367809407868,6654350
2020-07-27,19753.841796875,20748.31489892505,19708.638137147504,20341.483814366304,6872226
2020-07-28,20657.908203125,20703.11186421718,19957.25608866816,20070.26431490422,4204978
2020-07-29,20138.0703125,20296.28219652436,19799.04564087156,20070.26389578333,3809754
2020-07-30,20409.2890625,20409.2890625,20160.66987472073,20160.66987472073,1456611
2020-07-31,20115.46875,20431.892536831845,19889.45228883121,19889.45228883121,2321801
2020-08-03,20748.318359375,20748.318359375,20115.47072361977,20115.47072361977,3469746
2020-08-04,21042.134765625,21155.14298231595,20883.92289165995,21019.53201049364,2206493
2020-08-05,21245.55078125,21313.35720111533,20906.52609387864,21019.534323002423,4203466
2020-08-06,21155.142578125,21358.556252489107,21109.93892171456,21245.5480379573,2421307
2020-08-07,21290.755859375,21607.17966315995,21155.146716603704,21155.146716603704,2694213
2020-08-10,21335.958984375,21607.179116038904,21290.7553202662,21403.76355404375,2435390
2020-08-11,21245.55078125,21448.96633486835,21245.55078125,21448.96633486835,2538901
2020-08-12,21471.56640625,21471.56640625,21200.34814926913,21290.753617266502,2588307
2020-08-13,21674.982421875,21674.982421875,21471.56687174068,21561.974194686773,3587069
2020-08-14,21607.177734375,21787.990526259287,21448.965846605457,21742.78686504102,3428966
2020-08-17,21245.55078125,21245.55078125,21019.534323002423,21200.34897199154,2201267
2020-08-18,21177.74609375,21313.35707971943,21155.1451892495,21245.55066024031,1312172
2020-08-19,21177.74609375,21268.15341772962,21087.34062275919,21200.34885123931,1841048
2020-08-20,21268.15234375,21448.96512958992,21177.745024335687,21200.347780683624,5088406
2020-08-21,21426.365234375,21471.567043220257,21335.95791070688,21358.558815129505,2644935
2020-08-24,21901.0,21968.804569194257,21629.77987023409,21674.98353402656,7430216
2020-08-25,22081.8125,22127.01616317387,21946.203363467244,21968.80426855975,8195147
2020-08-26,21878.3984375,22081.81213897342,21787.99111263037,22059.211234250422,3071559
2020-08-27,22533.84375,22646.85197303623,21810.590751970365,21810.590751970365,7818033
2020-08-28,22556.44921875,23098.88764275738,22556.44921875,22692.05836150461,9306194
2020-08-31,22375.634765625,22737.26035504214,22307.82834624408,22556.44756033357,4073026
2020-09-01,22556.44921875,22827.669357248164,22307.829986381294,22375.636410747546,3886252
2020-09-03,22782.46484375,22827.6685073148,22556.44837891487,22782.46484375,4842885
2020-09-04,22601.65234375,22601.65234375,22375.635875902168,22375.635875902168,3229032
2020-09-07,21923.6015625,22601.65283373189,21923.6015625,22579.050074663763,9698523
2020-09-08,22375.634765625,22375.634765625,21923.599999370366,22036.61008067563,3699921
2020-09-09,22240.0234375,22375.634421185503,21968.80332311777,21991.40608022641,3128940
2020-09-10,22240.0234375,22511.24355188223,22194.8197762715,22375.634421185503,2111291
2020-09-11,22217.421875,22240.02277845012,22081.810895333125,22149.617311660924,1830494
2020-09-14,22285.2265625,22375.63388278161,22194.819242218386,22262.625658923964,2366192
2020-09-15,22601.65234375,22601.65234375,22285.22854756748,22375.635875902168,4001854
2020-09-16,22827.66796875,22963.27710325616,22601.6515092472,22601.6515092472,4025780
2020-09-17,22601.65234375,22827.668811597832,22556.44867958265,22737.26148326314,3322429
2020-09-18,23144.08984375,23234.497168525908,22601.651454061022,22646.853263460154,7003128
2020-09-21,23144.08984375,23370.106302700944,23144.08984375,23189.29350613796,3211696
2020-09-22,23189.29296875,23189.29296875,22872.86919235594,22963.276515036752,3506200
2020-09-23,23098.884765625,23279.69940409464,22963.275639761483,23189.29208485982,3772981
2020-09-24,22827.66796875,23053.684428252807,22692.056981255017,22918.073440757824,3669508
2020-09-25,22963.275390625,22963.275390625,22601.649823586547,22918.07173149802,3774534
2020-09-28,23098.884765625,23189.29208485982,22872.868320526664,23008.47929937889,2754263
2020-09-29,22692.056640625,23234.49687648471,22692.056640625,23234.49687648471,3988759
2020-09-30,22601.65234375,22782.46514743049,22488.644109826084,22692.0578190958,5247666
2020-10-01,22963.275390625,22963.275390625,22692.05528885181,22692.05528885181,1900488
2020-10-02,22737.259765625,23098.88534566773,22149.61773480837,22963.2762163989,4088348
2020-10-05,22827.66796875,22963.27710325616,22556.447846748863,22782.46430625168,3144765
2020-10-06,22827.66796875,23008.48076575448,22737.260643753347,22963.27710325616,3190791
2020-10-07,22782.46484375,22918.073981455527,22692.0575166204,22692.0575166204,3135005
2020-10-08,23098.884765625,23279.69940409464,22737.259194663147,22827.66651389797,6517279
2020-10-09,22963.275390625,23144.088174144224,22963.275390625,23053.68270887896,2462949
2020-10-12,23008.48046875,23234.49692533528,22872.86948300555,23008.48046875,3254576
2020-10-13,22918.072265625,23053.68324616648,22827.666798252747,23008.479585985984,2652219
2020-10-14,23053.68359375,23234.49638420937,22782.46348156656,22963.27627202593,5057618
2020-10-15,23144.08984375,23234.497168525908,22918.073384799056,23144.08984375,4539528
2020-10-16,24048.15625,24364.58004123274,23008.481255359053,23144.09039275088,12109151
2020-10-19,24093.359375,24319.37583426106,23957.750240638896,24228.970362349934,9682111
2020-10-20,24048.15625,24093.35991346023,23731.73431175613,24002.95443952864,6853079
2020-10-21,23867.34375,24635.80047954384,23867.34375,24048.156553131223,6936575
2020-10-22,24409.78515625,24409.78515625,23776.93938914045,23867.34486844812,5008883
2020-10-23,24364.580078125,24635.800206308188,24183.76727699917,24500.18921572216,5554092
2020-10-26,23867.34375,24635.80047954384,23867.34375,24364.580348352545,8085672
2020-10-27,23550.91796875,24048.15452517101,23550.91796875,23912.54539750562,9442132
2020-10-28,22918.072265625,23686.52892972717,22918.072265625,23505.716141993933,7547789
2020-10-29,23008.48046875,23189.293263420463,22692.056688335088,22782.46401216472,5708101
2020-10-30,23279.701171875,23279.701171875,22827.668247352503,23234.497508824978,3085180
2020-11-02,23370.103515625,23370.103515625,23144.087083628365,23279.69805461951,1817794
2020-11-03,23867.34375,23912.54741403003,23370.10715164745,23460.51447970751,5379008
2020-11-04,23957.75,24093.359132999005,23731.73354300912,23957.75,3294472
2020-11-05,23505.716796875,24138.56249806709,23505.716796875,23822.13872097665,3399906
2020-11-06,23686.525390625,23867.33815134225,23550.91443034572,23686.525390625,2072064
2020-11-09,24138.5625,24138.5625,23822.138722884225,23867.34238432773,4368979
2020-11-10,23957.75,24409.78291398177,23957.75,24409.78291398177,4791103
2020-11-11,23957.75,24138.562794994945,23822.139014012184,24138.562794994945,3501289
2020-11-12,24183.767578125,24183.767578125,23912.54744656469,23957.75111065623,2633035
2020-11-13,24319.373046875,24319.373046875,24183.76392805685,24319.373046875,2766582
2020-11-16,24093.359375,24590.595955972098,23957.750240638896,24409.783159161016,7879593
2020-11-17,24409.78515625,24454.98882239832,23957.75220074476,24228.9723446457,5279609
2020-11-18,24409.78515625,24545.394301705983,24274.17415780504,24545.394301705983,3687937
2020-11-19,24907.017578125,25313.846798883074,24409.78104031461,24545.39016290441,10494935
2020-11-20,24952.220703125,25268.64447655178,24861.81523428075,24907.01889519726,3898237
2020-11-23,25268.64453125,25404.253661304305,24681.00249702966,24952.220757138268,10754852
2020-11-24,25133.03515625,25539.864395436736,24861.815045795927,25268.644284982664,6462100
2020-11-25,24952.220703125,25449.45726722904,24952.220703125,25449.45726722904,3991319
2020-11-26,25178.236328125,25313.847306422453,24771.40709921005,25087.83086224873,3952056
2020-11-27,25404.25390625,25404.25390625,25133.035643526327,25268.64477488816,15912956
2020-11-30,25042.62890625,25630.272812867228,25042.62890625,25630.272812867228,6076778
2020-12-01,24952.220703125,25042.62802495801,24771.40791244774,24861.81523428075,7193386
2020-12-02,25133.03515625,25178.236963835054,24861.815045795927,24861.815045795927,4525445
2020-12-03,25133.03515625,25178.236963835054,24907.01870636973,25087.8314956762,3416813
2020-12-04,25178.236328125,25268.643646989967,25042.627202816253,25042.627202816253,3188060
2020-12-07,25178.236328125,25313.847306422453,25087.83086224873,25268.643646989967,3264418
2020-12-08,25404.25390625,25585.068552050827,25087.83198207612,25178.23745198775,5088137
2020-12-09,25991.8984375,26127.50757219247,25404.25453019204,25449.458192752463,7402259
2020-12-10,25539.865234375,26082.30547310133,25539.865234375,25765.8816916795,7658294
2020-12-11,25765.8828125,25765.8828125,25449.45901731368,25585.07000938877,3928061
2020-12-14,25856.2890625,26217.914653644864,25720.678076079064,25765.881738219374,3141407
2020-12-15,25630.2734375,26037.102704002828,25585.06977389105,25991.89904039388,5597307
2020-12-16,25811.0859375,25991.89873683523,25765.88227441898,25856.28960058101,4188228
2020-12-17,25539.865234375,25811.085353738163,25313.8487770705,25720.67802962084,7535743
2020-12-18,25720.677734375,25811.085057454544,25539.86494120469,25539.86494120469,3303833
2020-12-21,25991.8984375,26127.50757219247,25811.0856402471,25901.49111237913,4956099
2020-12-22,26263.119140625,26443.93194187618,25811.086211002614,25946.695348693785,5407341
2020-12-23,25991.8984375,26489.135019687103,25856.28930280753,26353.524032005804,6173470
2020-12-24,25765.8828125,26127.508418722453,25494.662681338712,25991.89927963625,5008191
2020-12-25,26037.1015625,26037.1015625,25585.068652205973,25765.881445725827,3410789
2020-12-28,26172.708984375,26489.1327421025,25991.89620266872,26172.708984375,5787837
2020-12-29,26489.134765625,26579.540236889938,26037.10185033386,26172.71098372568,4602575
2020-12-30,26263.119140625,26624.74474312736,26263.119140625,26624.74474312736,2527339
2020-12-31,26715.150390625,26760.354051342987,26217.913828704623,26263.117489422613,4483826
2021-01-04,27212.388671875,27212.388671875,26805.557552697497,26941.168543419622,5278959
2021-01-05,28342.470703125,28704.09630199916,27031.57373798125,27121.981064194213,6008410
2021-01-06,28206.857421875,28749.297629099456,28161.655615430216,28523.28118492072,17771440
2021-01-07,28252.060546875,28432.873328199883,27980.84044839334,28297.26420545339,5346499
2021-01-08,28613.6875,28794.50027840221,28297.263748054644,28478.07652645685,6144885
2021-01-11,29246.537109375,29246.537109375,28613.69137281825,28884.909650636226,4140525
2021-01-12,29743.771484375,29834.176952562342,28930.111152756403,29382.14405265937,8670590
2021-01-13,30060.193359375,30467.02445109484,29788.97510221344,29788.97510221344,9152526
2021-01-14,30014.990234375,30286.20847963182,29698.566477590488,30060.19203992536,4255329
2021-01-15,30105.3984375,30286.211235118066,30014.99296518539,30286.211235118066,3623379
2021-01-18,29969.787109375,30286.20901880397,29924.58345003124,30286.20901880397,3119245
2021-01-19,28026.044921875,29879.380153568327,27890.435795185447,29834.176493675568,9637931
2021-01-20,28613.6875,28794.50027840221,27212.38522465272,28342.46740590236,8308756
2021-01-21,29653.365234375,29743.7725588169,28613.690268237224,29156.128655922177,4854748
2021-01-22,30241.0078125,30512.226067966792,29562.958467855544,29698.56759558894,4387135
2021-01-25,30286.2109375,30828.651178012547,29924.585345817515,30195.805466073787,6657206
2021-01-26,29834.17578125,30512.22510448373,29608.159340172093,30512.22510448373,5585973
2021-01-27,28478.076171875,29879.3784297746,28432.87251459012,29698.565653623697,4784859
2021-01-28,26489.134765625,28161.657293397744,26489.134765625,27121.98047643484,22162985
2021-01-29,28342.470703125,28342.470703125,26669.948139107088,26669.948139107088,6951039
2021-02-01,28704.095703125,29562.959725262528,28161.65731613104,29110.926809606488,4494174
2021-02-02,29834.17578125,29834.17578125,28478.077134782547,28523.280793595863,7312453
2021-02-03,31642.310546875,31913.52880564045,29879.38074696702,30512.226439067672,11150542
2021-02-04,32772.3984375,33088.8222644595,31732.72332547149,31732.72332547149,15335562
2021-02-05,32953.203125,33179.2195717533,32455.968424533712,32998.40863793713,5783051
2021-02-08,32229.953125,32953.20429796359,31461.4964374902,32953.20429796359,13276214
2021-02-09,33721.66015625,33721.66015625,31642.310305628187,32275.15413991516,8907967
2021-02-17,35213.37109375,35710.605791324946,34309.3053119938,34490.11624475858,6735700
2021-02-18,35348.984375,35394.18618701019,34625.729440991825,35258.577045001744,8774040
2021-02-19,34625.73046875,35258.578091544055,34354.51217668282,34942.15428014703,11116542
2021-02-22,34716.13671875,35032.560520278814,34399.712917221186,34625.72938888779,7911452
2021-02-23,34128.4921875,34806.54155390155,33721.66108526803,34490.11777505198,7155881
2021-02-24,34083.2890625,34580.52376293355,33857.272615761576,34354.50731619513,6931789
2021-02-25,34444.9140625,34490.11586870399,33676.457415190416,34399.70855031862,4255329
2021-02-26,34444.9140625,34535.32138088537,33857.27205196116,33902.473858165155,6332100
2021-03-01,35213.37109375,35258.57290044684,34716.132690197635,34716.132690197635,4361529
2021-03-02,35213.37109375,35665.4039846281,34761.3382028719,35665.4039846281,5007752
2021-03-03,35122.96484375,35303.775782019846,34987.35571355323,35258.57397394677,12411100
2021-03-04,34309.30859375,35168.16894498371,33947.67928167499,35122.96713396322,8681714
2021-03-05,34309.30859375,34354.51040477049,33676.46100359651,34128.4939377125,6312162
2021-03-08,34264.1015625,34580.52534359286,34083.29062043095,34354.508886523334,11089304
2021-03-09,33902.47265625,34218.89640639221,33676.456221288034,33902.47265625,8463228
2021-03-10,34490.1171875,35032.55741257609,33902.47515449154,34309.306249792986,5577368
2021-03-11,34670.9296875,34851.74061402757,34399.70773874269,34580.52237124756,4199292
2021-03-12,34580.5234375,34851.74168864272,34490.116118459955,34806.53988211141,4329418
2021-03-15,34580.5234375,35032.55632672281,34399.70879941991,34625.72524403132,3780789
2021-03-16,36614.671875,36840.68832230275,34625.72565634484,34806.54029657802,10852932
2021-03-17,36524.26953125,36840.69334178152,36162.64390749025,36840.69334178152,7486444
2021-03-18,36614.671875,36614.671875,36162.638980394506,36614.671875,4570151
2021-03-19,36072.234375,36388.65816623274,35891.42342713682,36162.64170192046,6135861
2021-03-22,35575.0,35981.82741633918,35394.18534430851,35936.6256054052,6453411
2021-03-23,35620.19921875,36162.63944037176,35394.1827685724,35484.59008983894,4896935
2021-03-24,34806.546875,35665.411019466366,34580.53038498024,35213.37803942684,5852521
2021-03-25,34625.73046875,35032.561612828744,34580.52865539813,35032.561612828744,4943528
2021-03-26,34399.7109375,34716.13472081846,33676.4597521815,34444.916452818434,5609270
2021-03-29,35077.76171875,35303.778186463824,34399.71231560853,34580.5269721707,4270364
2021-03-30,34851.7421875,35258.57327601475,34806.54038032168,35213.371468836434,3594206
2021-03-31,35122.96484375,35303.775782019846,34625.72642505846,34851.74287737892,2980305
2021-04-01,36027.03125,36027.03125,35213.37274935953,35213.37274935953,6613131
2021-04-02,36072.234375,36388.65816623274,36072.234375,36343.45635576138,4179142
2021-04-05,35981.82421875,36388.65530491318,35665.4041583758,36343.45349799614,5787458
2021-04-06,35891.421875,36162.64013805472,35755.80903749506,35755.80903749506,3426930
2021-04-07,35981.82421875,36027.02973164449,35755.80777220989,35801.013285104375,4314307
2021-04-08,35981.82421875,36433.85711183023,35936.62241183296,36253.0461781846,4470038
2021-04-09,37111.91015625,37518.73753642282,36117.43705030958,36117.43705030958,10462121
2021-04-12,37111.91015625,37247.519282974274,36840.688196824005,37247.519282974274,4448420
2021-04-13,36479.06640625,37157.1158161589,36388.65907706658,37066.70848697548,7218427
2021-04-14,36614.671875,36614.671875,35936.62253309176,36162.638980394506,5311241
2021-04-15,36162.640625,36795.48818861933,36072.23330077186,36614.67354016306,6464745
2021-04-16,36027.03125,36705.08061819666,35620.20014669096,36072.23305882207,5447662
2021-04-19,36840.6875,36840.6875,35936.62173096822,36162.638173226165,7452233
2021-04-20,37473.5390625,38377.60492904169,36885.89328446568,36976.3006123154,10636249
2021-04-22,36162.640625,37925.57047652698,36162.640625,37066.70645532612,5087927
2021-04-23,37518.73828125,37518.73828125,36027.030445714496,36162.6395751309,6729613
2021-04-26,36614.671875,37428.3303440944,36388.65542769725,37292.72121690824,6540511
2021-04-27,36479.06640625,36795.49020540305,36207.844418699744,36343.45726546379,3803247
2021-04-28,36524.26953125,36750.28600934709,36207.84572071848,36207.84572071848,3626000
2021-04-29,36569.47265625,36976.30006660296,36524.267140003416,36524.267140003416,4678030
2021-05-04,37473.5390625,37744.7573400714,36162.64207362343,36162.64207362343,7189881
2021-05-05,37473.5390625,38196.790273342245,37383.13173465028,38196.790273342245,4926318
2021-05-06,37383.1328125,37744.7584283477,37157.11633934795,37518.74195519565,4132551
2021-05-07,37518.73828125,37970.7711832897,37202.3145086267,37383.12915183359,5773606
2021-05-10,38784.43359375,38874.840924509655,37518.74208104848,37563.94759941725,9615264
2021-05-11,38513.2109375,39146.058475032885,38513.2109375,38874.83651352844,4793674
2021-05-12,38603.62109375,38603.62109375,38106.38264745441,38422.80643946474,3913224
2021-05-13,37970.7734375,38603.62102031684,37970.7734375,38422.80636637553,5853991
2021-05-14,38332.3984375,38965.246010379706,38015.97835703783,38106.3819766112,4005990
2021-05-17,38739.23046875,39146.06159039478,38513.21400249797,38784.4322796093,9422383
2021-05-18,39326.87109375,39507.68574249413,38965.24550223937,39055.65282661143,4788008
2021-05-19,41044.6015625,41180.210704076766,39236.46608622426,39552.88988722196,6137119
2021-05-20,43169.1484375,43169.1484375,40863.78217925976,41044.59681777867,8658903
2021-05-21,42400.69921875,43666.39068179362,42039.06990989947,42626.71568379271,14497301
2021-05-24,42265.08203125,42445.89666709248,41632.23821775607,42400.694861120544,7723860
2021-05-25,42400.69921875,43033.54309728293,41948.66628866458,42265.08637494218,4685165
2021-05-26,43078.74609375,43169.14970969623,42355.49122433745,42581.507676158086,4402876
2021-05-27,42400.69921875,43123.950424495575,42265.08637494218,43078.74861387813,6243789
2021-05-28,42852.73046875,42943.134086440514,42355.49204156413,42491.10117407752,3933793
2021-05-31,44254.03125,44299.23676506324,42807.52518155124,43169.15077216902,9280515
2021-06-01,45277.8828125,46005.65524493913,45225.89906732578,45693.752773893786,6378547
2021-06-02,44446.140625,45485.81547550878,44186.22191237281,45277.88050540703,9563268
2021-06-03,44290.1953125,44394.16281143602,43822.34156728791,44186.22781356398,8205003
2021-06-04,44030.26953125,44238.20449590408,43562.41586077832,44186.22075474056,10851015
2021-06-07,42990.59375,44030.268550102846,42106.86646393554,43978.2848100977,7792597
2021-06-08,42002.90625,43146.5524339293,41898.9387520044,42626.714943951294,8917192
2021-06-09,42470.76171875,42678.69670505598,41067.19685520709,41898.93680043103,6574010
2021-06-10,42574.73046875,42886.63295741664,42106.87302977242,42470.76297252779,4705991
2021-06-11,43406.47265625,43614.40765931823,42262.83013937471,42366.79764090882,4452390
2021-06-14,43562.421875,43978.29186172311,43146.55188827689,43406.47062997883,8488261
2021-06-15,43250.51953125,43926.30826196087,43250.51953125,43562.42202234733,3246214
2021-06-16,43198.5390625,43978.295349444816,42990.60405264805,43250.52281496299,5063417
2021-06-17,42938.61328125,43198.53200107748,42678.69456142252,42678.69456142252,4282296
2021-06-18,43562.421875,43770.35686836155,42990.60064325572,43198.53563661728,3154597
2021-06-21,44498.125,44862.011202850175,43250.51516165654,43458.450134713785,7283590
2021-06-22,44394.16015625,45017.965112556754,44394.16015625,44758.04638076227,5995835
2021-06-23,44134.23828125,44498.12447984659,43718.36833999676,44342.17325187662,5676450
2021-06-24,44030.26953125,44134.23701357704,43614.39960194184,43822.33456659592,4029342
2021-06-25,44290.1953125,44394.16281143602,43770.357817819895,44030.27656515995,2944534
2021-06-28,44550.11328125,44758.04827548802,44394.16203557149,44758.04827548802,3392401
2021-06-29,46057.640625,46265.57931905541,44862.014443552274,45017.96568461067,10168993
2021-06-30,45745.73828125,46317.56320617127,45745.73828125,46265.579458994565,3968443
2021-07-01,46213.59765625,46213.59765625,45745.740205997085,45797.723955361,3102765
2021-07-02,47773.11328125,48085.01579796065,46213.60069769676,46421.53570883718,7133205
2021-07-05,48188.9765625,49384.60270930445,47305.25288877497,49384.60270930445,11566848
2021-07-06,45225.90234375,48344.93098614116,45225.90234375,48085.01224144004,6398623
2021-07-07,47045.33203125,47305.25074704847,44186.22245148958,45225.897314683454,10987711
2021-07-08,46681.44921875,47045.33544729024,46265.57924327544,46993.351700355925,4703189
2021-07-09,46629.46875,47825.095013545295,46161.61499469967,46577.48499941108,7344546
2021-07-12,44758.046875,46629.46547056278,43458.45320167692,46161.61174816647,13458281
2021-07-13,45225.90234375,45381.853590570674,44186.2273649455,45173.91859480977,4808092
2021-07-14,44290.1953125,45537.80529973226,44030.27656515995,45537.80529973226,4758269
2021-07-15,44394.16015625,45017.965112556754,44030.27393173773,44030.27393173773,4990780
2021-07-16,45121.93359375,45745.73856372231,44446.14487628001,44654.079866270775,4354019
2021-07-19,44030.26953125,44913.99313102984,43926.30204892296,44290.1882370676,6411946
2021-07-20,45121.93359375,45121.93359375,43614.40491631693,44082.258643796165,7042273
2021-07-21,45017.96484375,45693.75354238045,44758.04611350752,45121.93233584699,7921966
2021-07-22,46473.515625,46577.48312198718,44810.03196722752,44810.03196722752,8161568
2021-07-23,47045.33203125,48292.94186708265,46109.620948398246,46473.51085649337,13403714
2021-07-26,48708.8125,48812.77998778714,46889.38146372516,46941.36520761873,11453647
2021-07-27,48448.8984375,49332.62216863525,48085.01219526784,49072.7034241837,12379495
2021-07-28,47825.09375,48708.81748666364,47669.14250235348,48240.96374372407,6144393
2021-07-29,48552.86328125,48812.78201149368,47669.13959842147,47825.09083656768,7050532
2021-07-30,48864.765625,49280.63559226188,48240.960674107184,48604.84689546133,13816356
2021-08-02,49696.5078125,50216.349001121656,48864.76784026957,48864.76784026957,8373144
2021-08-03,49800.47265625,49904.440147240646,49228.65145580143,49800.47265625,6447717
2021-08-04,49696.5078125,50008.41030208641,49332.62157464919,49852.45905729321,5688131
2021-08-05,50216.34375,50424.27872131386,49332.61641593887,49488.56764442426,5559282
2021-08-06,50216.34375,50528.24620697078,49800.47010139505,50320.311235656925,7012022
2021-08-09,50684.19921875,50788.16670806496,49852.45559825293,50424.2804954626,6460858
2021-08-10,50840.15234375,51152.05482329628,50736.18485056792,51100.07107670523,5439925
2021-08-11,49956.4296875,50840.15716940712,49956.4296875,50788.17341788187,10577257
2021-08-12,48760.796875,49904.43925546053,48552.86189673445,49800.47176632776,16287110
2021-08-13,49384.60546875,49384.60546875,48344.93050039172,48396.91424880963,7543294
2021-08-16,49176.66796875,49488.57044336112,49072.70047721296,49384.60295182408,3684043
2021-08-17,48760.796875,49176.6668315311,48604.84564130084,48916.74810869916,5938894
2021-08-18,48864.765625,49332.61933816961,48760.79813318453,48760.79813318453,3677473
2021-08-19,49124.68359375,49384.60231926334,48760.797378031326,49384.60231926334,5735401
2021-08-20,48240.96484375,49228.65610136672,47357.24108693504,49124.68860056496,9856910
2021-08-23,47305.25390625,48085.0101057201,47305.25390625,48085.0101057201,8452169
2021-08-24,47773.11328125,47825.09703403511,46733.43822554784,47565.178270109565,9508444
2021-08-25,47773.11328125,48033.03204517554,47305.259506184026,48033.03204517554,3622175
2021-08-26,47513.18359375,48292.93970625588,47409.21611208256,47825.08603875235,3645352
2021-08-27,47825.09375,47825.09375,47097.32126098288,47305.25625784492,4281200
2021-08-30,47929.0625,48344.93250458365,47877.07874942704,48344.93250458365,3031163
2021-08-31,48033.02734375,48448.89732532592,47825.09235296204,47981.04359605301,4339054
2021-09-01,48033.02734375,48344.92982993194,47877.07610065903,47877.07610065903,2907484
2021-09-06,49332.62109375,49332.62109375,47981.04365205085,48033.02739980851,5794349
2021-09-07,48604.84765625,49540.5550972354,48604.84765625,49540.5550972354,4691471
2021-09-08,48396.91796875,48968.739245299046,48240.96671150935,48604.8529784042,2963515
2021-09-09,48448.8984375,48812.78467973216,48240.963441938766,48396.914688609686,2726075
2021-09-10,48604.84765625,49072.70137674271,48552.86390952859,48552.86390952859,2701253
2021-09-13,48344.9296875,48864.76716293838,48292.94593995617,48656.83217276303,3285088
2021-09-14,48760.796875,49228.65057609749,48344.9269184689,48500.87815216807,5006657
2021-09-15,48916.75390625,49072.70515843231,48500.88390043052,48760.802654067695,3900312
2021-09-16,49228.6484375,49384.59966442431,48968.729725959485,49072.697210575694,4432497
2021-09-17,49748.4921875,50424.28462942856,49592.54094074211,49644.524689661404,8338651
2021-09-20,49072.703125,50008.41059932079,48916.751879279866,49904.44310217404,5045166
2021-09-21,48604.84765625,48864.76638985705,48085.010189035886,48552.86390952859,5323669
2021-09-22,48448.8984375,48552.86593528061,48188.97969304845,48448.8984375,4658073
2021-09-23,48396.91796875,48760.80423564485,48344.93421633645,48448.90172116355,3831691
2021-09-24,48188.9765625,48448.89529006619,48188.9765625,48448.89529006619,2717497
2021-09-27,47877.07421875,48604.84665790124,47877.07421875,48292.94418397928,4001785
2021-09-28,48344.9296875,48344.9296875,47565.17347434244,47669.14096943011,4914857
2021-09-29,48448.8984375,48552.86593528061,47981.04469748722,48344.93093971938,3025383
2021-09-30,48344.9296875,48812.783415394544,48344.9296875,48604.84842521919,1855890
2021-10-01,48292.9453125,48396.912806236855,48085.01032502629,48292.9453125,7050872
2021-10-04,49176.66796875,49488.57044336112,48033.02556184255,48344.92803645367,5900567
2021-10-05,49072.703125,49904.44310217404,49072.703125,49384.60561644026,3388679
2021-10-06,49072.703125,49228.65437072013,48708.81688498636,49124.68687357337,4057813
2021-10-07,49020.71484375,49384.60105011708,48916.74735621655,49332.61730635035,2914603
2021-10-08,51411.97265625,51723.87513033621,49072.700394626,49384.6028687122,15813874
2021-10-11,51567.92578125,51619.90952883422,51100.07205299207,51463.95828608157,4633253
2021-10-12,51463.95703125,51567.92452388342,51204.038299666456,51567.92452388342,9009242
2021-10-13,51671.89453125,52763.55325702902,51204.040791630425,51463.95953586352,6862368
2021-10-14,51359.98828125,51983.79322177887,51152.05330107371,51671.89075151444,4539627
2021-10-15,51411.97265625,52035.77760442241,51152.05392784483,51671.89138465517,3107145
2021-10-18,51463.95703125,51983.794494417096,51256.02204598316,51463.95703125,4570106
2021-10-19,51256.0234375,51723.87716705185,51256.0234375,51463.958428411934,3708316
2021-10-20,50736.18359375,51723.87475451314,50216.34614071677,51308.00479208656,4100702
2021-10-21,50268.33203125,51204.03948664168,50268.33203125,51152.05573911991,4408588
2021-10-22,50008.41015625,50632.218839581285,49956.4264081372,50424.283847130064,5113605
2021-10-25,49332.62109375,50008.40981459957,49332.62109375,50008.40981459957,6559089
2021-10-26,50372.296875,50372.296875,49020.71580459574,49384.60201809528,3718902
2021-10-27,51048.0859375,51048.0859375,50164.3622695606,50320.31350507932,12702346
2021-10-28,50944.12109375,51152.05608524405,50528.25111076191,51048.08858949702,3074111
2021-10-29,50372.296875,50944.11806764214,50372.296875,50944.11806764214,4944241
2021-11-01,49800.47265625,50632.216290152624,49696.50516525935,50632.216290152624,5988899
2021-11-02,49956.4296875,50424.28715720512,49644.52717834849,49644.52717834849,3936631
2021-11-03,49956.4296875,50268.33590262937,49488.57592377275,50008.41343902525,5074732
2021-11-04,49904.44140625,50320.31508668186,49748.49016582963,49956.42515305679,3724925
2021-11-05,50736.18359375,50840.15108435665,49904.43996291941,50008.40745352605,4029525
2021-11-08,50632.21875,51204.03997822916,50580.23500197917,50736.18624604167,3266472
2021-11-09,50112.375,50736.18365031275,49904.44001855489,50684.19990495147,3881513
2021-11-10,50424.28515625,50424.28515625,49852.46020618575,50112.37895349781,3517964
2021-11-11,49904.44140625,50944.12004836336,49800.473912636415,50424.28258029544,4861018
2021-11-12,50944.12109375,51048.08858949702,49852.45868242865,50008.40992604919,4327556
2021-11-15,50580.234375,51204.03934351747,50580.234375,51204.03934351747,3640244
2021-11-16,51100.078125,51723.88317013472,50320.3218185816,50580.240587387736,7492923
2021-11-17,51100.078125,51152.061878761226,50944.12686371632,51100.078125,4008903
2021-11-18,50164.36328125,51308.00569811833,50164.36328125,51100.07071323318,5186790
2021-11-19,49540.5546875,50840.15205076422,49436.58719491706,50684.200811889816,5885419
2021-11-22,49384.60546875,49904.44295292914,49384.60546875,49644.52421083957,3413024
2021-11-23,50216.34375,50216.34375,49332.61641593887,49384.60015876734,4769173
2021-11-24,50892.13671875,51152.05545491467,50112.37680427844,50268.3317519548,5304536
2021-11-25,51983.796875,52919.50435155123,51100.07314714607,51204.04064454065,11258731
2021-11-26,51411.97265625,52399.66382418965,51359.988910568965,52035.77760442241,3643163
2021-11-29,50996.10546875,51411.97545685227,50684.2029776733,50684.2029776733,5233328
2021-11-30,50476.26171875,51204.03410760134,50424.27797668919,50996.099139358106,4714285
2021-12-01,51048.0859375,51256.02091819162,50268.32975990641,50684.19972128966,2290254
2021-12-02,50528.25,51100.07121403829,50528.25,50736.18498692301,2122339
2021-12-03,49644.52734375,50840.15733879212,49644.52734375,50840.15733879212,3667800
2021-12-06,49124.68359375,50164.362201780765,48968.732358442,49644.52104477668,5872644
2021-12-07,49904.44140625,49904.44140625,49124.68520414813,49384.60393818209,2647964
2021-12-08,49696.5078125,50164.36525285725,49384.60532291359,50164.36525285725,2099354
2021-12-09,50424.28515625,50424.28515625,49436.59021048646,49436.59021048646,2133299
2021-12-10,49800.47265625,50424.281308171325,49592.5376742687,50112.375129221946,2965522
2021-12-13,49904.44140625,50164.36384626148,49696.50641902284,50164.36384626148,1959742
2021-12-14,49748.4921875,50112.37842993509,49592.54094074211,49904.4434342579,3970395
2021-12-15,49852.45703125,50060.39201585697,49696.50579279478,49748.48953894652,5342832
2021-12-16,49644.52734375,50684.20608369679,49644.52734375,50684.20608369679,3217561
2021-12-17,50112.375,50424.28117814509,49644.5212917485,49696.50503710978,2531889
2021-12-20,49800.47265625,50164.3625806947,49644.52141976402,50164.3625806947,3343489
2021-12-21,49488.57421875,49852.46046688983,49436.59046901574,49748.49296742131,3123967
2021-12-22,49384.60546875,49592.54046242165,49176.67047507834,49384.60546875,4023321
2021-12-23,48448.8984375,49384.60591752556,48344.93093971938,49384.60591752556,6656791
2021-12-24,48760.796875,49124.68308696472,48240.95942933612,48604.84564130084,2227106
2021-12-27,49124.68359375,49384.60231926334,48500.87865251798,48968.732358442,1940938
2021-12-28,49124.68359375,49332.61857416067,48916.748613339325,49124.68359375,2189327
2021-12-29,48656.828125,49280.6330436317,48656.828125,49280.6330436317,1664810
2021-12-30,48656.828125,49020.71432753516,48604.84438178069,48708.81186821931,2238787
2021-12-31,48344.9296875,49072.70215311373,48344.9296875,48760.799667850704,3158795
2022-01-04,48604.84765625,48968.73388329988,48500.88016280717,48552.86390952859,3922395
2022-01-05,48656.828125,48968.73058431585,48604.84438178069,48708.81186821931,3266472
2022-01-06,48604.84765625,48864.76638985705,48604.84765625,48656.83140297141,4206190
2022-01-07,48552.86328125,48708.81451939621,48396.91204310379,48396.91204310379,2478052
2022-01-10,47825.09375,48604.84998823262,47773.110000784494,48448.8987405861,5236796
2022-01-11,46525.5,47929.06122822707,46317.56500322562,47825.09372983988,5012132
2022-01-12,46577.48828125,47097.32582376689,46005.66327850336,46317.569509991554,4089388
2022-01-13,47877.07421875,48188.97669267196,46681.44806871583,47253.26927090609,3554831
2022-01-14,47461.203125,47877.07308034083,47253.26814732959,47669.13810267041,1654588
2022-01-17,46265.58203125,47461.20828278807,46265.58203125,47045.33828225309,3600091
2022-01-18,45797.72265625,46577.4825805675,45745.73890836067,45901.69015202865,2376030
2022-01-19,45901.69140625,46369.54885601532,45745.7401583208,45797.72390763053,1450730
2022-01-20,46161.609375,47305.25174872971,45901.686947720445,45953.670691980886,2474037
2022-01-21,45849.703125,46681.44673772109,45849.703125,46265.576784349214,1692732
2022-01-24,44342.17578125,46005.655641151454,44186.22454438424,45849.704404285694,6992129
2022-01-25,44965.984375,45485.82187337277,43666.39062906807,44290.19562711539,5187884
2022-01-26,44706.06640625,45225.903913697606,44446.1476525262,45225.903913697606,2828826
2022-01-27,44654.08203125,45069.95203139431,44394.16328115981,44706.06578126804,1413498
2022-01-28,46525.5,46525.5,44654.08132305288,44706.06507224647,3623088
2022-02-07,46525.5,46837.40249516157,46265.581254032026,46785.41874596797,1768836
2022-02-08,47097.3203125,47721.12529052342,46525.49908264519,46525.49908264519,1542347
2022-02-09,47149.3046875,47669.14217609722,47097.32093864028,47669.14217609722,2450493
2022-02-10,47825.09375,47825.09375,46889.38626412085,47513.19125470695,2043871
2022-02-11,47617.15234375,48033.02228149693,47513.18485931327,47721.11982818673,2015217
2022-02-14,47305.25390625,47617.15638603804,46993.35142646196,47305.25390625,1412769
2022-02-15,47357.23828125,47669.14076517658,47045.33579732342,47305.254533928906,1196136
2022-02-16,47461.203125,48085.00805801124,47461.203125,47669.13810267041,1487780
2022-02-17,48240.96484375,48240.96484375,47305.25733653416,47773.11109014208,1663349
2022-02-18,47929.0625,48085.01375171887,47669.14374713521,47981.04625057295,1129340
2022-02-21,48604.84765625,48864.76638985705,47825.091455428825,47929.05894887165,2529517
2022-02-22,48292.9453125,48500.88029997371,47825.09159068415,48344.92905936843,2454143
2022-02-23,48344.9296875,48812.783415394544,48136.99469732465,48136.99469732465,1775406
2022-02-24,47825.09375,48604.84998823262,46785.41876568984,48344.931242155086,2459436
2022-02-25,47981.04296875,48552.86418594091,47877.07547471529,48033.02671576735,1934368
2022-02-28,48500.8828125,48604.85031162276,47981.04531688621,47981.04531688621,2849631
2022-03-01,48552.86328125,48864.76575754242,48085.00956681136,48864.76575754242,2011020
2022-03-02,48396.91796875,48552.869225990646,48188.9829590958,48344.93421633645,2460896
2022-03-03,48552.86328125,48864.76575754242,48448.89578915253,48448.89578915253,2612501
2022-03-04,48604.84765625,48760.79889641424,48344.92892264294,48500.88016280717,2452501
2022-03-07,48760.796875,48812.78061956639,47929.0569619378,48396.91066303529,3504641
2022-03-08,49280.63671875,49592.53920132607,48136.99428263773,48760.79924778988,5342832
2022-03-09,49644.52734375,50164.368566712335,49176.67357846399,49176.67357846399,6629857
2022-03-10,49176.66796875,50060.39164681485,49176.66796875,50060.39164681485,2864414
2022-03-11,48448.8984375,49176.67092196432,48188.97969304845,49124.68717307402,2808020
2022-03-14,47721.125,48344.929974225735,47045.33627792212,48344.929974225735,4281930
2022-03-15,47305.25390625,47721.12387930072,46681.44894667391,47721.12387930072,7028265
2022-03-16,47617.15234375,47981.03853927857,47045.33117934797,47357.23363265817,5777923
2022-03-17,47825.09375,48188.97999450856,47565.17500392246,47721.12625156898,5023082
2022-03-18,49436.58984375,50216.34978587939,48344.93111313762,48344.93111313762,5137697
2022-03-21,49540.5546875,49904.44091154029,49384.6034486256,49488.57094120853,3659588
2022-03-22,50112.375,50424.28117814509,49592.537546387226,49904.44001855489,3794643
2022-03-23,50164.36328125,50684.20074346288,49904.44084416607,50164.36328125,3715434
2022-03-24,49904.44140625,50528.25007390903,49540.55517860246,49904.44140625,3400249
2022-03-25,49748.4921875,50164.36588483206,49696.50843858071,49956.42718317719,2539554
2022-03-28,50996.10546875,51308.007959826704,49488.57305590163,49644.52430143998,7886631
2022-03-29,54531.00390625,54531.00390625,51256.024054017376,51256.024054017376,15454521
2022-03-30,55102.8203125,55778.60898191002,54323.06415548843,54998.85282489846,5716054
2022-03-31,55622.6640625,57494.07905169367,54375.05406970422,54842.90781700264,7031551
2022-04-01,57702.01171875,57702.01171875,55154.80808639133,55570.67806718458,8439029
2022-04-04,56818.2890625,59001.61020810267,56818.2890625,59001.61020810267,5968276
2022-04-05,56662.3359375,58013.91335529741,56662.3359375,56714.31968433836,5609836
2022-04-06,58741.69140625,59261.52889135253,56350.43526880074,56350.43526880074,8687053
2022-04-07,58897.640625,60769.05550697011,58273.83566434329,59105.57561188557,9893959
2022-04-08,56402.41796875,59209.544042094814,56402.41796875,58897.64155683179,12044416
2022-04-12,57078.203125,57961.92677809872,55414.72330740242,56662.33317060061,6713443
2022-04-13,59833.3515625,59833.3515625,57078.2091192849,57182.1766188033,6412493
2022-04-14,60613.10546875,61808.73166705101,59885.33300021896,59885.33300021896,9854903
2022-04-15,59781.36328125,61288.8919099944,59261.52582306228,59833.34702706877,7436165
2022-04-18,60041.28125,61652.77734997446,59261.525072593,59781.36252419766,7020600
2022-04-19,58221.8515625,60821.03888271596,58221.8515625,60561.12015069437,14959890
2022-04-20,58221.8515625,58741.6890265432,56974.23794281884,58221.8515625,6112090
2022-04-21,58221.8515625,60249.21767226845,57805.977885287946,57805.977885287946,8113440
2022-04-22,57753.9921875,59209.54074361857,55102.82121045711,58481.76831854797,21678306
2022-04-25,53751.23828125,57650.02270073396,53751.23828125,57234.15275795991,10985931
2022-04-26,54219.1015625,54582.98780195512,50424.28421649039,52087.76416828522,10106030
2022-04-27,53543.3046875,54063.14212934266,52243.71108289334,53283.385966578666,5770259
2022-04-28,54842.90625,55518.69497678869,53283.390097586926,53491.32509044498,5744343
2022-04-29,54582.98828125,55674.647009201246,54167.11828964952,54582.98828125,7321186
2022-05-04,54323.06640625,55050.83884961451,54115.1277164541,54531.00139006844,3829683
2022-05-05,54427.03125,54842.90119740262,52971.48272811354,54375.04750657467,4478488
2022-05-06,52087.76171875,54063.14406860991,52087.76171875,53179.42038577784,5903123
2022-05-09,48864.765625,51463.95662636419,48864.765625,51100.07040501005,9233107
2022-05-10,51152.05859375,51359.993595441214,47825.09486071279,48864.76986916886,6817107
2022-05-11,52971.48828125,52971.48828125,50320.31708862924,50944.122075128245,4211301
2022-05-12,49696.5078125,52971.48765913497,49384.60532291359,51619.91020426051,7803365
2022-05-13,48656.828125,51463.95396481993,48396.909408903455,49956.42170548271,7639840
2022-05-16,48448.8984375,50684.20334576096,48448.8984375,50684.20334576096,3177227
2022-05-17,51827.84375,51827.84375,48085.01027350588,48344.92900756954,3733686
2022-05-18,50788.16796875,52035.77787149824,50684.20047685431,51827.84288770687,3676377
2022-05-19,50424.28515625,50788.171402486885,49436.59021048646,49436.59021048646,4666104
2022-05-20,50684.19921875,51411.971643954734,50424.2804954626,50788.16670806496,2628800
2022-05-23,50164.36328125,51048.08696701189,49956.42459038736,51048.08696701189,2451693
2022-05-24,51048.0859375,51048.0859375,49904.43983771866,50164.3622695606,2563646
2022-05-25,54582.98828125,54582.98828125,51308.00839141857,51723.87838301904,6881897
2022-05-26,54894.88671875,55674.64289538447,54375.04926766035,54686.95173831414,3223766
2022-05-27,58117.87890625,58221.850102428776,54842.90296490682,54894.8867100075,8203780
2022-05-30,57857.9609375,58429.78584706413,56766.30227610725,57753.99344593879,20070073
2022-05-31,57130.19140625,57857.96388424443,55882.581443973824,57857.96388424443,5211063
2022-06-01,58117.87890625,58689.70380833495,57078.204004236286,57130.187749336976,6114646
2022-06-02,57961.93359375,59677.40106334395,57753.99859209956,58637.72605509173,5044253
2022-06-03,59261.52734375,59261.52734375,57650.02747603851,57961.92995895475,4781812
2022-06-06,58741.69140625,60301.20386155757,58221.85392114748,59261.52889135253,6054419
2022-06-07,60093.26171875,60093.26171875,56454.39604993851,58585.73319129008,10998662
2022-06-08,59781.36328125,61132.94067253808,59521.444552156136,60457.151976894034,5582096
2022-06-09,59937.31640625,60249.21889098506,58897.64145713316,60041.28390116169,4408224
2022-06-10,57182.17578125,59625.41569012353,57182.17578125,58949.62695315234,7538549
2022-06-13,53772.03515625,56641.54012568101,53647.27342610474,54894.88702157981,5833466
2022-06-14,55581.0703125,56080.11722710195,53335.37031472336,53647.27278336089,4403540
2022-06-15,56454.40234375,56516.78135910488,54894.88990010184,56516.78135910488,4359890
2022-06-16,57390.109375,58512.96129069909,56267.26116527851,56766.30440226833,5151963
2022-06-17,57390.109375,57764.39458222556,55518.694456805,56329.64018016065,6123497
2022-06-20,57390.109375,58949.62551280677,56953.44515289232,58325.8205400751,4056931
2022-06-21,55581.0703125,58325.817224878585,55518.691301163446,57639.6295702896,4849764
2022-06-22,52711.56640625,56392.0207963747,52649.18739369596,56017.7356031181,5363059
2022-06-23,53335.37109375,54146.32048883437,52212.52293144984,52399.6636741703,5204620
2022-06-24,53335.37109375,54770.125435220834,53335.37109375,53709.65628516835,1416540
2022-06-27,53959.17578125,54832.50418439196,53584.89429760483,53896.79676930161,3831235
2022-06-28,55955.35546875,56267.25793722197,54395.839420412776,55830.593740165736,5898256
2022-06-29,56142.5,56142.5,55019.65177886927,55456.31229943626,4271832
2022-06-30,53772.03515625,56080.11789899353,53772.03515625,55830.59443870303,3081594
2022-07-01,54894.88671875,55393.92993060058,52898.70645939288,54271.08177744243,4207499
2022-07-04,54083.9375,55206.7893626594,53647.273298518834,55206.7893626594,1529238
2022-07-05,53272.99609375,54770.12956022489,53272.99609375,54770.12956022489,3228511
2022-07-06,52087.76171875,53584.89508735061,52087.76171875,52462.04320791141,5713012
2022-07-07,51838.23828125,52773.94941657646,51838.23828125,52337.28520835144,3781653
2022-07-08,52150.14453125,52399.66801285608,51838.24203223128,52337.28899544344,2946694
2022-07-11,51651.09375,52773.94554768376,51651.09375,52773.94554768376,2127398
2022-07-12,52087.76171875,52087.76171875,51588.71849787562,51651.09751074337,1396618
2022-07-13,51463.95703125,52399.66446495078,51463.95703125,52399.66446495078,2683885
2022-07-14,51651.09375,52087.757926212886,51276.812288090216,51651.09375,3351246
2022-07-15,51276.8203125,52399.66857992327,51276.8203125,52399.66857992327,2740918
2022-07-18,51775.86328125,52711.57078312119,51339.19903918123,51651.10153980496,2075841
2022-07-19,51775.86328125,51775.86328125,51276.82002144759,51713.4805575386,3563104
2022-07-20,52961.08984375,53584.89479290962,52399.66390711536,53023.46885627498,6340950
2022-07-21,53023.47265625,53584.89863311974,52711.57015931741,53584.89863311974,3821349
2022-07-22,53085.8515625,53959.17626753503,53085.8515625,53896.79725502447,3331627
2022-07-25,53272.99609375,54271.08630672583,53085.85533693506,54271.08630672583,3415731
2022-07-26,52898.703125,53647.26974857976,52898.703125,53647.26974857976,2190666
2022-07-27,53148.234375,53148.234375,52649.19112130264,52773.95286122141,1933381
2022-07-28,52961.08984375,53522.51578038464,51838.23797048071,53148.2305873024,3552610
2022-07-29,52087.76171875,53148.23087934397,52087.76171875,53085.85186647623,3260449
2022-08-01,52399.66015625,52524.42187834674,51838.23425980327,52399.66015625,3656334
2022-08-02,53023.47265625,53085.85537922315,52087.76516545224,52399.667662384825,2858787
2022-08-03,52898.703125,53148.22656818565,52524.42166619871,53023.46484659282,3716711
2022-08-04,53709.66015625,54021.56265192336,52961.09342543839,53085.85516490328,5018124
2022-08-05,53522.51953125,54395.84429768972,53397.757791479264,53709.66028791725,3460140
2022-08-08,53647.2734375,53896.796897843495,53210.60923488759,53584.89442540284,2540162
2022-08-09,53772.03515625,54582.9845492054,53460.13268387559,53647.27342610474,4216624
2022-08-10,53647.2734375,54083.93764011241,53647.2734375,53834.417885746334,1808471
2022-08-11,53647.2734375,54146.320358187,53460.132695231085,53772.03516767175,3856632
2022-08-12,53959.17578125,53959.17578125,53460.13256773063,53460.13256773063,1974854
2022-08-15,55456.31640625,55581.078152498776,54021.56558933381,54021.56558933381,5064511
2022-08-16,55331.5546875,55768.21891735204,54957.2694736364,55456.31271947688,2153253
2022-08-17,55082.02734375,55581.07055454784,54894.88660294799,55518.691542939625,2290741
2022-08-18,55082.02734375,55955.35574212926,54832.50388536239,54832.50388536239,5099339
2022-08-19,54208.69921875,55206.78935135653,53772.03501735824,54894.88687978775,3196268
2022-08-22,54146.32421875,54458.22671342891,53584.89824593689,54021.5624796829,2527844
2022-08-23,54271.08984375,54271.08984375,53709.66383073752,53709.66383073752,1693189
2022-08-24,53772.03515625,54146.32034668575,53709.65614416609,53959.17589847916,1622771
2022-08-25,53834.41796875,54083.93772350079,53647.27352021512,53772.035250579225,1771513
2022-08-26,54395.83984375,54770.12503241568,53834.4176197176,53896.796631506506,2975743
2022-08-29,53959.17578125,54271.0819589242,52836.32762433706,54271.0819589242,3864692
2022-08-30,53896.80078125,54271.08599873349,53647.27730292768,53959.17979784174,1982003
2022-08-31,54021.55859375,54271.08205393523,53522.51537935697,53522.51537935697,2053331
2022-09-05,53772.03515625,54083.93762862441,53584.89441402084,53959.17589847916,1689538
2022-09-06,53522.51953125,53896.80104458449,53522.51953125,53647.27756504302,2424121
2022-09-07,52399.66015625,53584.89095720324,52399.66015625,53335.36751300976,3525689
2022-09-08,52586.80859375,53023.47283209934,52274.90609578301,52462.04685336765,1976831
2022-09-09,52586.80859375,53023.47283209934,52586.80859375,52773.95305731239,1742007
2022-09-12,52773.953125,53148.23464064935,52586.80866119759,53085.85562336704,1166509
2022-09-13,52773.953125,53210.61365793166,52586.80866119759,53023.472900106986,1943222
2022-09-14,52399.66015625,52711.56260850325,52087.75770399674,52087.75770399674,2243138
2022-09-15,52212.5234375,52711.56665825048,52212.5234375,52711.56665825048,1459430
2022-09-16,51463.95703125,52337.28545176172,51463.95703125,52212.52371940612,2068541
2022-09-19,51838.23828125,52150.14075769966,51089.67159657532,51463.95679190139,3093001
2022-09-20,52025.3828125,52274.9025704598,51339.195139661206,51838.238361558295,3005703
2022-09-21,51339.1953125,51963.00026846583,51339.1953125,51963.00026846583,1179283
2022-09-22,51713.4765625,51775.85928139213,51089.671609443554,51152.05432833569,1813490
2022-09-23,51401.5703125,51838.23448877879,51214.42958151687,51838.23448877879,1809535
2022-09-26,50840.15234375,51152.05482329628,50091.58565164345,50840.15234375,3230854
2022-09-27,50216.34375,51152.05112091234,50216.34375,51152.05112091234,1677371
2022-09-28,48656.828125,50153.96141210699,48656.828125,49966.82067771294,3598541
2022-09-29,48033.02734375,49966.82498166458,48033.02734375,49779.68423115094,1983067
2022-09-30,50216.34375,50403.48448298702,47970.64383622403,48033.022845227286,4595930
2022-10-03,48033.02734375,50091.58671733288,47658.74213674512,49654.92249548265,3448279
2022-10-04,48344.9296875,49280.63714328908,48157.788937537705,48656.83217276303,3142126
2022-10-05,48906.35546875,49592.53945148768,48906.35546875,49280.63696733827,1622520
2022-10-06,47721.125,49218.2584205328,47721.125,49218.2584205328,1926489
2022-10-07,46161.609375,47533.98096467112,46161.609375,47533.98096467112,3245545
2022-10-10,46161.609375,47097.31677168794,44976.378523471,45849.703203460005,2730576
2022-10-11,44290.1953125,46161.6139993261,44290.1953125,46161.6139993261,3208587
2022-10-12,45163.5234375,45724.94940981399,44290.19497078439,44290.19497078439,2225190
2022-10-13,45537.80078125,45537.80078125,44602.09338367125,45038.75757707014,1458821
2022-10-14,46161.609375,46473.51184056264,45912.08592015894,46411.129123863706,1283921
2022-10-17,46036.84765625,46099.22666698334,45288.28099756319,45849.703212095286,1111636
2022-10-18,46723.03515625,46972.55863013961,46161.61289896482,46161.61289896482,1369240
2022-10-19,47097.3203125,47533.98453831192,46598.27336529916,46723.03510209937,2686926
2022-10-20,48532.06640625,48968.73059054317,46972.554109472425,47284.45656882794,2764797
2022-10-21,46099.23046875,48469.69236774455,46099.23046875,48469.69236774455,3810399
2022-10-24,44352.56640625,46473.50819402487,44290.18740042297,46099.22304113152,4888395
2022-10-25,45662.5625,46473.51187586071,44352.569920055495,44539.7143643171,2379558
2022-10-26,46036.84765625,46473.511849315415,45350.66000829653,46473.511849315415,1026741
2022-10-27,47284.46484375,47533.98833729267,45974.47206161783,46223.99555516051,1469012
2022-10-28,46785.41796875,47596.36370150279,46598.273509979816,47596.36370150279,1408023
2022-10-31,47159.69921875,47409.22269177285,45974.46828085792,46785.41771519336,1649692
2022-11-01,47097.3203125,47908.266042734926,46785.417823488286,47596.36355372321,930013
2022-11-02,46161.609375,47409.21923725059,46161.609375,46910.17232756847,1487719
2022-11-03,46223.9921875,47222.08238297667,45974.46871213642,46473.51566286358,1022634
2022-11-04,45475.421875,46161.60952505478,44602.09348619477,46161.60952505478,4140276
2022-11-07,45288.28515625,46161.61362257596,45288.28515625,45288.28515625,3096499
2022-11-08,45724.953125,46099.23466630152,44539.72206758188,44602.10108913947,2532254
2022-11-09,46161.609375,46348.75011314212,45724.945182016825,45724.945182016825,1365287
2022-11-10,45537.80078125,45974.46497464889,43104.96006515431,45849.70324710958,4545285
2022-11-11,45413.046875,45912.09012440296,44913.99991961935,45600.1876302789,2200400
2022-11-14,44165.43359375,45163.523807600825,43666.39033981345,44914.00032764369,2492712
2022-11-15,41108.78125,43666.38355100866,41108.78125,43666.38355100866,13853569
2022-11-16,43229.7265625,43666.39080407879,38239.28285214242,38239.28285214242,5046261
2022-11-17,44290.1953125,44914.000306116126,40235.45914801745,43229.72608215704,3167219
2022-11-18,44602.09765625,44914.000151987726,43167.34691705199,43728.76918579327,1918886
2022-11-21,43728.76953125,44789.23876633152,43354.48801579899,43354.48801579899,1278293
2022-11-22,43978.29296875,44914.00046243074,43104.96449225688,43666.390470856415,1819421
2022-11-23,43978.29296875,44290.19546664358,43479.24971331582,43666.390470856415,708574
2022-11-24,43978.29296875,44290.19546664358,43292.10524979748,43541.62873050344,1393728
2022-11-25,44914.0,44914.0,43978.29251595322,44040.67153249859,2231730
2022-11-28,46348.75,46473.511727115976,45101.13643481762,45163.51915136427,1952497
2022-11-29,46348.75,46723.03147537058,45537.80062673485,46723.03147537058,1739574
2022-11-30,46535.890625,46723.03136223213,45849.7029805124,46473.51161458173,1594635
2022-12-01,46598.2734375,47284.46113797554,46223.99193249708,46847.79691148704,2701832
2022-12-02,48282.55078125,48469.691531632496,46161.612394308126,46598.27290987476,4412664
2022-12-05,48843.97265625,49280.63687443147,48282.55040942602,48656.83190730868,1849990
2022-12-06,47409.22265625,49218.258569366095,47409.22265625,48843.97336011228,2338647
2022-12-07,47721.125,47783.50401503153,46660.65580262073,47346.839791878,1671135
2022-12-08,48033.02734375,49155.87555280947,47159.69890004953,47970.648328904645,1975159
2022-12-09,48656.828125,48656.828125,47533.98001265839,47596.35902213065,1501862
2022-12-12,48033.02734375,48781.59405178217,47658.74213674512,48407.30884477729,3863780
2022-12-13,48157.7890625,48220.16807732343,46910.175412232944,47533.98409035527,1368329
2022-12-14,47596.36328125,48344.92999178834,47471.601545164005,48157.78924064816,2686015
2022-12-15,48469.69140625,48719.21487676625,47658.74198006098,47658.74198006098,1821246
2022-12-16,48594.45703125,48656.836050883394,47658.74579490387,48033.031030637896,1713873
2022-12-19,47783.5,48843.969108272846,47783.5,48843.969108272846,1560719
2022-12-20,47783.5,48157.785176672514,47034.933352632266,48157.785176672514,1279358
2022-12-21,48157.7890625,48282.55079812447,47222.0816042829,48157.7890625,1296142
2022-12-22,48157.7890625,48344.9298129479,47409.2223547308,48157.7890625,1578361
2022-12-23,48656.828125,48656.828125,47533.98001265839,47658.73803160291,2772553
2022-12-26,47658.7421875,48719.21508882108,47658.7421875,48469.69161721876,1266126
2022-12-27,47721.125,48344.929974225735,47409.22251288713,47658.74227899086,2416083
2022-12-28,47845.88671875,48033.02746975457,47409.22249575426,48033.02746975457,896097
2022-12-29,47533.98046875,48033.02366724826,47533.98046875,47721.12120493968,1355881
2022-12-30,47970.64453125,47970.64453125,47409.21861817744,47533.98034396882,1716458
2023-01-03,49904.44140625,49904.44140625,47908.26478767371,47970.64750742837,2334845
2023-01-04,49904.44140625,50528.25007390903,49467.78089785497,50403.48834037722,1208029
2023-01-05,50278.73046875,50840.15645977744,50029.20698252052,50029.20698252052,1540035
2023-01-06,50091.5859375,50590.62916642641,50029.20321764824,50153.96495137423,1094116
2023-01-09,50091.5859375,50465.86743270043,49842.062470048026,50216.34767122599,789180
2023-01-10,50153.96484375,50715.39079132342,50029.20311029174,50341.10559094863,6151937
2023-01-11,50465.8671875,50902.53140043055,50153.96470768925,50153.96470768925,1637828
2023-01-12,50341.10546875,50840.15240137166,50029.20298885022,50528.249921471885,870698
2023-01-13,49904.44140625,50653.0081014633,49904.44140625,50216.34759306828,1519352
2023-01-16,50403.484375,50528.24609871647,49717.296747548055,49966.82019498099,873740
2023-01-17,51152.05859375,51152.05859375,50528.25358867636,50653.01162490886,1646802
2023-01-18,52025.3828125,52025.3828125,51027.292662728345,51214.433407692566,1683455
2023-01-19,52337.2890625,52524.429820955454,51713.48035768556,51775.86308115588,2313454
2023-01-27,52399.66015625,53335.36751300976,52399.66015625,52462.039164309776,1833412
2023-01-30,52212.5234375,52649.18764539822,52212.5234375,52524.42591371623,1391446
2023-01-31,52087.76171875,52212.52345046296,50964.91354528829,52087.76171875,2622595
2023-02-01,51152.05859375,52399.66860389729,51027.29685153972,52399.66860389729,1624749
2023-02-02,51089.67578125,51401.5782832471,50715.39426124459,51214.43752324439,3431092
2023-02-03,49966.82421875,51152.0551305358,49966.82421875,51152.0551305358,3012698
2023-02-06,50216.34375,50902.52767294482,49717.29685406495,49904.43758705197,1544786
2023-02-07,50341.10546875,51089.67216170497,50216.3474415721,50216.3474415721,1239055
2023-02-08,50653.0078125,50964.913997538926,50278.7263200173,50403.488052837376,1356010
2023-02-09,50341.10546875,50902.531414960606,50341.10546875,50528.249921471885,5308612
2023-02-10,50341.10546875,50653.00794864978,50216.3474415721,50590.62893506083,4063507
2023-02-13,50341.10546875,50653.00794864978,49904.44125569481,50341.10546875,3210109
2023-02-14,50403.484375,50528.24609871647,50029.1992038506,50341.101660153145,1195065
2023-02-15,50902.53125,51089.6719961379,50091.58554608413,50216.34727883522,7681328
2023-02-16,50902.53125,51152.0547155022,50341.10530560881,50902.53125,645153
2023-02-17,50902.53125,50902.53125,50528.24975772422,50653.00778449781,832829
2023-02-20,51651.09375,51775.855472629,50777.76539757424,50902.52712020323,2630960
2023-02-21,51651.09375,52212.51964884188,51526.332027371005,51651.09375,1277533
2023-02-22,51027.29296875,51463.95718027028,51027.29296875,51339.195447553415,1592658
2023-02-23,50777.76953125,50964.913983417,50278.72630608551,50964.913983417,15984182
2023-02-24,50403.484375,50715.38683130255,50153.96092756707,50590.62510758608,1324529
2023-02-27,50091.5859375,50216.34767122599,49842.062470048026,49904.44148392225,1650757
2023-02-28,50216.34375,50341.10176800652,49592.5351300812,49904.43758705197,1464448
2023-03-01,50216.34375,50216.34375,49093.49194012339,49592.5351300812,2262756
2023-03-02,49904.44140625,50216.34759306828,49779.68337869572,49904.44140625,2581049
2023-03-03,48968.734375,49904.44182538094,48968.734375,49467.78131331856,1126662
2023-03-06,48781.59765625,49779.68790936757,48719.21863679547,48719.21863679547,1285442
2023-03-07,49155.875,49842.06268546992,49155.875,49343.0194543866,1370154
2023-03-08,49592.54296875,49592.54296875,48968.73795620892,48968.73795620892,1635091
2023-03-09,50278.73046875,50341.10948731846,49405.40197292461,49592.54273460782,1936376
2023-03-10,49592.54296875,50153.96896242811,49280.64046247946,50029.207218724325,974727
2023-03-13,49218.2578125,49530.16029575968,48719.21458048002,48719.21458048002,1348253
2023-03-14,49093.49609375,49343.01956282882,48968.73435921059,49280.63684257033,1060657
2023-03-15,50216.34375,50216.34375,49343.01538809091,49343.01538809091,1977439
2023-03-16,49405.40234375,49904.44561397686,48906.35907352314,49904.44561397686,1828395
2023-03-17,49280.63671875,49904.44168390214,49031.11695627567,49654.92192142781,653061
2023-03-20,48407.3125,49467.78548026773,48407.3125,49343.02373517872,2154991
2023-03-21,48719.21484375,49093.49634329315,48095.40616788212,49031.11732869515,1459238
2023-03-22,48968.734375,49031.1170952786,48407.30842238041,48781.59362611933,1463901
2023-03-23,48656.828125,48968.73058431585,48407.30467515641,48906.35157484359,694430
2023-03-24,49031.1171875,49155.87521633673,48656.8319830571,48843.97273228977,594203
2023-03-27,49343.015625,49405.39463430276,48968.73045125167,49218.25390041722,1609509
2023-03-28,49405.40234375,49405.40234375,48344.93307828177,49405.40234375,2450432
2023-03-29,49280.63671875,49467.78117307768,49031.11695627567,49405.39845297594,1293198
2023-03-30,49343.015625,49467.77734958277,49155.8711851372,49280.63290971998,1472510
2023-03-31,49343.015625,49592.53536818829,49280.63290971998,49343.015625,2651796
2023-04-03,50465.8671875,50465.8671875,49343.019001376815,49530.15974806776,1810143
2023-04-04,50216.34375,50528.24620697078,49904.43758705197,50465.86349199028,889102
2023-04-05,50278.73046875,50278.73046875,49717.304477722566,50216.35145018154,641807
2023-04-06,50091.5859375,50840.15263387838,50091.5859375,50341.10569897444,962577
2023-04-07,50216.34375,50341.10176800652,49904.43758705197,50029.199311035736,6567710
2023-04-10,50091.5859375,50528.25015255219,49966.82420377401,50528.25015255219,1170766
2023-04-11,50091.5859375,50216.34767122599,49966.82420377401,50029.20321764824,812145
2023-04-12,50091.5859375,50216.34767122599,49842.062470048026,50091.5859375,970626
2023-04-13,49654.92578125,50153.9690509683,49467.78501835287,50091.5900319952,852448
2023-04-14,49654.92578125,49966.82828807116,49467.78501835287,49842.066544147136,855489
2023-04-17,49654.92578125,49717.3048002231,49280.6405494779,49654.92578125,947687
2023-04-18,49530.15625,49904.437716948254,49405.394525691496,49654.9179743085,506296
2023-04-19,49467.78125,49779.68373306108,49467.78125,49779.68373306108,638461
2023-04-20,49530.15625,49779.67969861701,49405.394525691496,49779.67969861701,554205
2023-04-21,49467.78125,49904.44176150347,49467.78125,49904.44176150347,582797
2023-04-24,49343.015625,50278.72300040493,49280.63290971998,49592.53536818829,1208332
2023-04-25,48906.35546875,49467.78142260997,48843.97274833358,49343.0196877547,1455841
2023-04-26,48843.97265625,48906.35537654882,48407.30843806853,48719.214627607485,1962991
2023-04-27,48843.97265625,49155.8751398114,48719.214627607485,48719.214627607485,336111
2023-04-28,48344.9296875,49155.87540798835,48344.9296875,49155.87540798835,1453957
2023-05-04,48968.734375,49093.49610957964,48407.30842238041,48532.07015696005,3686396
2023-05-05,48906.35546875,49031.11720360528,48781.593733894726,49031.11720360528,485462
2023-05-08,48968.734375,49218.25784415928,48906.355360698966,48968.734375,1236318
2023-05-09,49218.2578125,49779.68376475845,49031.1170637397,49031.1170637397,921496
2023-05-10,49280.63671875,49654.92192142781,49280.63671875,49280.63671875,961951
2023-05-11,49343.015625,49654.91808346831,49280.63290971998,49343.015625,761957
2023-05-12,50216.34375,50278.722759003256,49155.87094912665,49467.77711207468,1890598
2023-05-15,50528.25,51027.29322741972,50403.48826665069,50777.7697607211,2128768
2023-05-16,50840.15234375,50964.91407676401,50403.48813118972,50528.24986420373,2084181
2023-05-17,50840.15234375,51588.71903585656,50590.62887772198,51089.67210380051,2070213
2023-05-18,51713.4765625,51775.85928139213,50777.76913291533,51027.2925965289,2357049
2023-05-19,51651.09375,51962.99620358389,51027.28884283223,51775.855472629,3123875
2023-05-22,51463.95703125,51651.09777679466,51152.05455334974,51651.09777679466,911003
2023-05-23,51152.05859375,51463.961096286825,50777.773367119145,51463.961096286825,1740031
2023-05-24,50715.39453125,51214.43779590669,50590.63278859138,51152.05877756627,706140
2023-05-25,51900.62109375,52025.38282575042,50528.24945370037,50653.0074797233,2115991
2023-05-26,51838.23828125,52025.38273190178,51339.19506012603,51838.23828125,2145040
2023-05-29,51838.23828125,52212.52347657608,51713.47654947464,52087.76174480072,1337759
2023-05-30,52399.66015625,52961.08605269673,51713.472537706526,51775.855251743495,8307017
2023-05-31,52462.046875,52524.42959820577,51838.2418788088,52524.42959820577,1276621
2023-06-01,52087.76171875,52399.66419504367,51838.23825532408,52399.66419504367,1714481
2023-06-02,52274.90625,52586.80874888714,51838.24201036245,52087.76549186326,1119210
2023-06-05,53023.47265625,53148.23439621858,52274.90592241625,52337.2886453894,2623963
2023-06-06,53210.609375,53210.609375,52836.32788947664,53210.609375,781728
2023-06-07,53023.47265625,53272.996136187154,52586.80841934883,53023.47265625,1949676
2023-06-08,52150.14453125,52961.09399348088,52087.76551383736,52836.33225267784,2885219
2023-06-09,52773.953125,52836.33214228232,52212.52714554824,52586.80866119759,1450304
2023-06-12,52961.08984375,52961.08984375,52150.14044506052,52711.56638169517,1134116
2023-06-13,52649.19140625,52961.093904746136,52586.808682964125,52649.19140625,1580340
2023-06-14,52524.42578125,52898.70726937456,52462.0430625776,52586.80479394494,1229777
2023-06-15,52462.046875,52649.19133863955,52150.1443769044,52524.42959820577,1244986
2023-06-16,52711.56640625,53772.03556151086,52025.38244424575,52462.04294407893,3698005
2023-06-19,52836.33203125,53335.375286393006,52711.570290969816,52836.33203125,1115104
2023-06-20,53335.37109375,53522.51554244789,52836.32787783632,53023.46862055677,2382144
2023-06-21,53522.51953125,53896.80104458449,53272.996051708535,53335.37506860504,4053515
2023-06-22,53335.37109375,53959.17604013647,52836.32787783632,53709.65628516835,1550834
2023-06-23,53085.8515625,53397.75403700768,52898.70711301343,53397.75403700768,2367696
2023-06-26,53522.51953125,53522.51953125,52773.952798603306,53085.855295041285,2646021
2023-06-27,54458.2265625,54458.2265625,53647.277113800206,53647.277113800206,2642975
2023-06-28,54271.08984375,54770.13312977333,54271.08984375,54520.609633772685,1949455
2023-06-29,53959.17578125,54333.46097087259,53959.17578125,54271.0819589242,1942307
2023-06-30,53647.2734375,54021.55862801525,53647.2734375,53959.175909940655,1815163
2023-07-03,53896.80078125,54146.32425957233,53647.27730292768,53959.17979784174,2196370
2023-07-04,54271.08984375,54271.08984375,53772.0428517487,53896.80459974903,2019872
2023-07-05,53659.75,54879.29078344836,53659.75,53874.963515429394,3319764
2023-07-06,53516.27734375,53946.70440883968,53085.853984637935,53659.7542674391,2383010
2023-07-07,54018.4453125,54161.92224759642,53229.3314344145,53229.3314344145,1587924
2023-07-10,54018.4453125,54448.87241181134,53731.49514828509,54018.4453125,1944470
2023-07-11,53803.2265625,54090.18040495735,53803.2265625,54018.44009135423,2724614
2023-07-12,54018.4453125,54305.39547671492,53731.49514828509,53803.231762844334,1720438
2023-07-13,54377.12890625,54377.12890625,54090.17877839915,54377.12890625,1791838
2023-07-14,56170.5703125,56170.5703125,54592.339041146784,55166.24300617408,3733151
2023-07-17,56672.73828125,56816.2115039491,56314.04781254675,56672.73828125,1649554
2023-07-18,56457.5234375,56672.73697255667,56027.09636738666,56672.73697255667,2218359
2023-07-19,56314.046875,56600.997021598654,56170.57365468952,56314.046875,1258886
2023-07-20,57605.3203125,58322.69748123594,56314.04289116628,56385.77949624664,3087119
2023-07-21,58107.484375,58107.484375,57103.15707279263,57174.89367838531,1816618
2023-07-24,58107.484375,58322.69789775551,57820.53424665181,58107.484375,8186040
2023-07-25,58322.703125,58968.34004515506,58107.48958295572,58107.48958295572,1947001
2023-07-26,59327.0234375,59327.0234375,58179.21925222831,58250.959561667216,1841251
2023-07-27,60044.40234375,60546.56599460218,59398.76177580685,59398.76177580685,2352742
2023-07-28,60546.56640625,60546.56640625,59613.97570376183,59900.92583391723,1188159
2023-07-31,61407.421875,61550.89509895394,60546.571413342994,60761.78124927391,2000050
2023-08-01,60618.30859375,61909.58615133297,60618.30859375,61407.42245082971,1900848
2023-08-02,59900.9296875,60833.52044998416,59900.9296875,60618.306912028,2270116
2023-08-03,60044.40234375,60403.08907751123,59470.498381363606,60116.13894930676,1332970
2023-08-04,59757.453125,60618.30728207988,59757.453125,60259.61681463735,3316598
2023-08-07,60618.30859375,60618.30859375,59757.454418042806,59972.66796196961,995203
2023-08-08,60403.08984375,60690.03997559456,60116.139711905445,60259.61292483897,1197809
2023-08-09,59613.98046875,60761.78108111615,59542.24385697156,60259.61738671152,1946764
2023-08-10,58968.33984375,59757.453691231975,58968.33984375,59613.98046767768,1842677
2023-08-11,58824.86328125,59542.24047623592,58466.17283076825,58824.86328125,1697245
2023-08-14,59255.2890625,59685.71240543399,58824.86201358853,58896.59861974794,1341164
2023-08-15,60259.609375,60474.82288769976,58466.16837713839,59255.2858256966,2268895
2023-08-16,61048.7265625,61120.46687476634,59685.71251312437,59685.71251312437,5561650
2023-08-17,61694.3671875,62555.21758160288,60976.99000609218,60976.99000609218,5730403
2023-08-18,61335.6796875,63057.38416028578,60474.82559811838,61407.41629295599,5665198
2023-08-21,61622.6328125,62196.53309601611,61335.68267074194,61622.6328125,4933212
2023-08-22,62053.0546875,62053.0546875,59542.24008069502,61909.58147304245,5044044
2023-08-23,62053.0546875,62268.27192114141,60761.77722749435,61981.31808027122,7091908
2023-08-24,65566.3125,65639.16667642948,61996.58957807643,62287.99875675887,8342066
2023-08-25,66003.4296875,66294.8313708595,64910.65455731113,65202.06376770693,4868649
2023-08-28,68480.375,68698.93000487419,66294.8249512581,67023.34414318392,4714315
2023-08-29,68188.96875,68480.37794470826,67606.15788761938,68480.37794470826,4717091
2023-08-30,70374.515625,71540.13742030879,67824.71700688248,67897.56366469155,4227237
2023-08-31,70447.3671875,71030.17806345974,70010.25714877118,70374.5130053665,2173791
2023-09-05,70520.21875,71904.4031446434,70520.21875,70738.77378457335,2636535
2023-09-06,72122.953125,72122.953125,70155.95795168253,70738.76882735717,3618889
2023-09-07,71321.59375,73434.28242657451,71103.03871076308,72122.95971818977,4815354
2023-09-08,71103.0234375,71758.6808873357,70665.91345291944,71030.16926439153,3485578
2023-09-11,70957.328125,72487.21335204718,69427.45042498934,71904.40244123187,7776047
2023-09-12,72050.1015625,72050.1015625,70957.32642648139,70957.32642648139,5305224
2023-09-13,71394.4296875,72122.94888453712,70957.31967468486,72050.09470672272,6316417
2023-09-14,69864.5546875,71394.43226045195,69573.14549277606,71394.43226045195,4211763
2023-09-15,71030.171875,71248.72687532294,69427.4402239887,69937.3968733853,3706965
2023-09-18,70593.078125,70593.078125,69718.85792246126,70593.078125,3503961
2023-09-19,71685.84375,71685.84375,69864.55692402064,70520.21446082575,5813444
2023-09-20,71758.6875,72632.90754972171,71758.6875,71977.24251243043,3522476
2023-09-21,70520.21875,72050.10399201344,70155.96286805662,71758.69477023678,5922021
2023-09-22,70447.3671875,70665.92220686442,67460.45862556782,69281.74543558052,10326872
2023-09-25,68698.9375,71103.0352888701,68698.9375,70665.92523143256,4167168
2023-09-26,68116.1171875,69573.14816296821,67824.71550862807,68626.08141608015,3396178
2023-09-27,68698.9375,68698.9375,65857.72965369235,68407.52828602951,6877529
2023-09-28,68480.375,68698.93000487419,66586.23413343554,68553.22165026767,2786241
2023-09-29,67606.1640625,69136.04177510265,67606.1640625,68480.38419943671,4538818
2023-10-02,67897.5625,68334.67254750185,67023.34993203252,68043.27086719143,2100313
2023-10-03,67169.046875,68116.11357161382,66659.09020052665,67169.046875,3767271
2023-10-04,67387.6015625,68043.26659256245,66513.38152241675,66513.38152241675,3581593
2023-10-05,66731.9375,67970.41339906299,66731.9375,67606.15755275878,1956108
2023-10-06,67533.296875,67606.15104806556,66294.82109509635,66659.084433389,1771619
2023-10-09,69646.0,69646.0,67169.04817785014,67314.7490123778,6578113
2023-10-10,70155.953125,70811.61813766317,69500.29563937237,70301.66147917107,7681210
2023-10-11,70665.921875,71394.43358476939,69864.55598343926,69864.55598343926,3857465
2023-10-12,70228.8046875,71248.72549354858,69937.39551704243,70665.91467966871,2908572
2023-10-13,70010.2578125,70155.95865111223,69427.44693101496,69937.40362967581,3927823
2023-10-16,70520.21875,72050.10399201344,70155.96286805662,70520.21875,9220997
2023-10-17,67824.7109375,71248.72935921456,67824.7109375,71248.72935921456,3628145
2023-10-18,67751.859375,69136.03612738545,66294.82844147575,69136.03612738545,10451319
2023-10-19,67023.3515625,68698.93760967342,67023.3515625,68480.38258060574,7937083
2023-10-20,67679.0078125,67751.85446131966,65639.16615891206,67387.59863611512,5116056
2023-10-23,66294.828125,68334.66991678905,66149.12729045391,68334.66991678905,4032964
2023-10-24,67023.3515625,67314.75324989931,66149.13144622928,67314.75324989931,3535707
2023-10-25,66221.984375,67533.30699748664,66221.984375,66877.64944976145,3399748
2023-10-26,63235.07421875,65493.463543640006,62652.2595784504,64327.84179007689,8065825
2023-10-27,63380.77734375,64109.28908426165,62870.81686728094,63745.03321400583,3272921
2023-10-30,61923.74609375,63453.631280698006,61923.74609375,63380.777096116944,2628202
2023-10-31,60466.71484375,62142.29699815336,60466.71484375,61996.59240217494,4082820
2023-11-01,62215.1484375,62215.1484375,60175.3104048827,61413.78255523514,6681931
2023-11-02,64837.8046875,64837.8046875,62579.40788169631,62943.66373136621,4945222
2023-11-03,63380.77734375,64983.50919450472,63380.77734375,64837.80835180967,7206439
2023-11-06,64473.54296875,64764.95217220115,63963.58627150564,64254.995474956784,2639808
2023-11-07,64327.84375,64692.099618207016,64036.44206624892,64473.54459187554,1772412
2023-11-08,67460.4609375,67460.4609375,64109.28887708865,64254.9972463492,5503052
2023-11-09,67387.6015625,67970.41241354358,66877.64489047526,67023.34572147722,3981781
2023-11-10,66659.09375,67533.30631379536,66513.38538350395,66659.09375,3905077
2023-11-13,66586.2421875,67023.35225011986,65930.57709357022,66731.94303269446,2657562
2023-11-14,67460.4609375,68043.2718334332,66513.38664545176,67023.350883791,2946925
2023-11-15,67314.75,68334.67091072946,67023.34832666932,68261.8242559148,3900448
2023-11-16,67751.859375,67751.859375,66731.93847423662,67169.0485069975,3248589
2023-11-17,66294.828125,68116.11490145193,66003.42645590781,68043.26824769685,5093342
2023-11-20,66076.28125,67460.45800862525,64910.65198170442,65639.17121526867,2928806
2023-11-21,66950.4921875,67023.34636722077,66076.2796660298,67023.34636722077,2186619
2023-11-22,67751.859375,67824.7135561388,66950.49349061705,66950.49349061705,4488960
2023-11-23,66149.125,68261.82089942666,66149.125,67970.41171338876,3480157
2023-11-24,66440.5390625,67023.34995031604,65712.01980745277,66149.12985507387,3307438
2023-11-27,66076.28125,66586.23793916257,65639.17121526867,66586.23793916257,2885428
2023-11-28,66367.6875,66950.49841083349,65493.46737023151,66149.13246755788,4176188
2023-11-29,66804.7890625,67023.34406712618,66367.67905324764,66731.93488527942,1236271
2023-11-30,66950.4921875,68261.82226025904,66513.38216324699,66586.23634296776,3769255
2023-12-01,67314.75,67679.01338221741,66513.38410778657,67169.04916333465,2480105
2023-12-04,68188.96875,68480.37794470826,67460.45705378319,67460.45705378319,4862040
2023-12-05,69063.1875,69791.69918242902,68261.8216385138,68334.66829053524,4855821
2023-12-06,69208.8984375,69500.30766924689,68553.23331134712,69208.8984375,2785315
2023-12-07,68698.9375,69427.44924437164,67606.16235640614,69281.7484009046,6666629
2023-12-08,68626.078125,69281.7431615726,68116.11392087604,68698.93230474222,2597613
2023-12-11,69208.8984375,69718.855184261,68917.4892057531,69573.15433190599,2409328
2023-12-12,70520.21875,70520.21875,69427.45110416986,69500.30529137317,7013331
2023-12-13,69354.59375,70957.32557899397,69354.59375,70957.32557899397,6207110
2023-12-14,70083.109375,70228.81020816464,69354.59015510505,69791.70018163485,8102738
2023-12-15,70083.109375,70155.9560280644,69208.8893219404,70083.109375,3159981
2023-12-18,68480.375,70083.10668438702,68261.81999512581,69864.55167951282,8675465
2023-12-19,68917.484375,68917.484375,68188.97263725287,68407.52766398428,2858348
2023-12-20,68990.3359375,69208.89095592486,68553.22590065027,68698.93426429087,6634319
2023-12-21,69281.7421875,69281.7421875,68480.37632974565,68917.47882094607,2621513
2023-12-22,68917.484375,69281.74777090989,68771.78353285784,69208.89358632064,2276417
2023-12-25,69937.40625,70083.11462110758,69063.19365853663,69136.040317054,3623384
2023-12-26,70811.6171875,71831.53801783427,70228.80635974262,70301.66053585059,5673391
2023-12-27,70593.078125,71248.74327690405,70593.078125,70957.33403371209,3030771
2023-12-28,70374.515625,70665.92483734537,70155.96059750006,70665.92483734537,2104360
2023-12-29,70010.2578125,70665.92287680924,70010.2578125,70374.51367254864,3226270
2024-01-02,69864.5546875,70593.066383756,69718.84632662009,70593.066383756,2933007
2024-01-03,70155.953125,70301.66147917107,69500.29563937237,69645.99646650789,2061643
2024-01-04,70811.6171875,71685.8371926538,70083.10553456214,70155.95218363465,3968292
2024-01-05,70957.328125,71030.18231149061,70301.67055473058,70884.4814655459,1985468
2024-01-08,70884.4765625,71612.98826886922,70738.76819959735,70957.32321691532,2054369
2024-01-09,70374.515625,70884.47986484531,70374.515625,70884.47986484531,2400335
2024-01-10,68990.3359375,70593.06772125831,68844.63510089544,70447.36688465375,5038723
2024-01-11,69208.8984375,69500.30766924689,68990.34339544903,68990.34339544903,2079497
2024-01-12,68990.3359375,69646.00099277459,68553.22590065027,69063.1901193203,3620342
2024-01-15,69500.2890625,69864.54485938673,69136.02573857842,69208.8799087697,2787800
2024-01-16,69718.8515625,69718.8515625,68990.33981153283,68990.33981153283,1576286
2024-01-17,69718.8515625,69937.40659319745,69208.89484223028,69646.00490362516,2735589
2024-01-18,69646.0,69937.40166905533,69354.59080390875,69718.84665374586,2153425
2024-01-19,70155.953125,70593.06313344212,69718.84311655788,69937.39812077893,2829355
2024-01-22,70228.8046875,70520.2063309223,69791.69469533129,70520.2063309223,1615829
2024-01-23,69646.0,70228.81086514657,69500.29916547234,70010.25584983712,5503859
2024-01-24,69208.8984375,69791.70937395694,69136.04424780406,69791.70937395694,3524195
2024-01-25,69281.7421875,69718.84467870042,69063.18717838192,69281.7421875,1986393
2024-01-26,69864.5546875,70083.10970178398,69427.44465893204,69573.14549277606,1944641
2024-01-29,69864.5546875,70010.25552134402,69427.44465893204,69864.5546875,3804169
2024-01-30,69646.0,69864.55501530945,69500.29916547234,69864.55501530945,1688087
2024-01-31,69718.8515625,69937.40659319745,69573.15071771386,69646.00490362516,3087236
2024-02-01,72778.6015625,72778.6015625,69718.83920222952,69864.54754821987,10875047
2024-02-02,74308.4921875,74454.19301759495,72924.3154840086,72997.16213553824,5089639
2024-02-05,75401.2734375,75838.38353443667,74235.65153036026,74308.5057221954,4258316
2024-02-06,75838.375,76494.04007162002,74964.15490450662,75474.11913588984,4779381
2024-02-07,76421.1875,76494.04168517329,75692.67575641256,76275.48665668978,3208250
2024-02-15,75765.5234375,76858.2985946717,75619.82259222261,76639.74356323735,4622956
2024-02-16,76566.890625,76566.890625,75619.81639077362,75765.51722410234,3118585
2024-02-19,76494.0390625,77951.07002675554,76494.0390625,76858.29492180486,3925310
2024-02-20,75984.0703125,76639.7353364213,75765.51530452623,76639.7353364213,5136985
2024-02-21,77149.703125,77878.21483416243,75401.26297975253,75765.51883433374,5165419
2024-02-22,76202.6328125,77222.5537743081,76202.6328125,77149.7071158452,2997794
2024-02-23,75692.6640625,77732.50566184925,75255.55407306299,76858.28568297523,6821506
2024-02-26,78679.5859375,78679.5859375,75401.26797501171,75692.67719420386,6577716
2024-02-27,78606.7265625,79772.35583529467,78242.47070782993,79043.8365989185,5947545
2024-02-28,79043.8359375,79043.8359375,77441.10416873412,78679.58008587793,6683780
2024-02-29,79408.09375,79699.5029547152,78461.02700698886,78825.28286760574,3933246
2024-03-01,80719.4296875,81156.53976249977,79480.95365067953,79553.8078388584,6561449
2024-03-04,81156.53125,81447.93291807697,80719.42122084864,80865.12205488714,4181213
2024-03-05,80646.5703125,81156.53454288005,80063.75942566295,81156.53454288005,6296577
2024-03-06,79480.9453125,80428.01202428693,78970.98862985654,80136.61035621521,4896686
2024-03-07,81083.6796875,82977.82069930209,78825.28281532263,79480.94788021983,6942792
2024-03-08,80136.609375,82030.74277538157,79772.35353085246,81083.67607519079,4470577
2024-03-11,80136.609375,82686.40781106864,80136.609375,80136.609375,5400095
2024-03-12,81520.7890625,82686.41081696021,80136.61228819899,80136.61228819899,4136514
2024-03-13,85236.21875,85236.21875,81593.64504181073,82176.45593187666,8374993
2024-03-14,85236.21875,86328.98634623503,84289.14446748614,86328.98634623503,8219866
2024-03-15,84507.6953125,85090.50617374087,83414.92777031183,85090.50617374087,6202655
2024-03-18,82322.1640625,84362.00612188282,80937.98713514101,84362.00612188282,10442855
2024-03-19,81593.6328125,82322.14443413353,80937.96783680876,82322.14443413353,5374902
2024-03-20,83414.9296875,83779.18554326802,80937.97782501974,81812.19790049185,5110932
2024-03-21,84653.40625,84653.40625,83487.78438839351,83924.89446825514,5605414
2024-03-22,83706.3359375,84726.25690563087,83414.93424776917,84726.25690563087,3773061
2024-03-25,83050.671875,83852.03782225262,82904.97102832768,83123.52606185444,3970409
2024-03-26,83779.1875,84143.44336427552,82759.2665638068,83050.66824441272,4113356
2024-03-27,83924.890625,83997.7448106529,83123.52469096368,83560.6347508083,1941163
2024-03-28,85309.0546875,85527.60968469211,83997.73223138264,84434.84222576687,3774942
2024-03-29,84871.953125,85381.91734479077,84507.69726917005,84799.10647005565,3430960
2024-04-01,85090.5078125,85673.31868496523,83924.88606756953,84507.69694003476,4289659
2024-04-02,85236.21875,85236.21875,84070.58944283187,84070.58944283187,3630922
2024-04-03,83852.03125,85236.2155295238,83852.03125,84580.550480334,3802186
2024-04-04,83050.671875,84362.00207616058,83050.671875,83779.19116243473,3874923
2024-04-05,82832.109375,83560.62859676612,82030.74349998239,82395.00687438338,3757015
2024-04-08,82030.75,82832.11593851689,82030.75,82832.11593851689,2581518
2024-04-09,82322.1640625,82467.86491615965,81957.9081648324,82030.75482814378,1894479
2024-04-10,82904.96875,84216.29891512365,82540.71287981111,82686.4137224794,2621220
2024-04-11,83706.3359375,84070.59181318179,82540.7141245037,82686.41496936913,2146812
2024-04-12,84143.4375,84434.84668733274,83269.21746503748,84434.84668733274,2463181
2024-04-15,81302.2421875,84216.30439261673,81229.38799790919,84143.45020302592,5672597
2024-04-16,82322.1640625,82467.86491615965,81229.3888424603,81593.65226716481,5981930
2024-04-17,81447.9375,82395.01179211837,81302.236657765,82395.01179211837,3964985
2024-04-19,79408.09375,81010.83308537937,79408.09375,80500.86885888681,10383077
2024-04-22,80355.171875,81156.53781761629,79335.25090012142,80136.6168427377,3313148
2024-04-23,81812.1953125,82540.7070009908,80063.75521686477,80792.2744323914,5599066
2024-04-24,87494.6015625,87494.6015625,82467.85142663265,82759.26061332216,14475686
2024-04-25,89753.0,93249.87267146664,88805.93329759613,89243.04332240894,12187496
2024-04-26,89753.0,91355.73173962308,89024.48831000253,89607.29916740768,8005090
2024-05-02,92739.90625,93978.38211502002,89971.55286174093,90190.10786892303,9109378
2024-05-03,91719.984375,93541.27106329592,91501.43689727722,93322.71605853755,6170121
2024-05-06,92958.4609375,92958.4609375,90700.06422240863,92157.09508960006,3629732
2024-05-07,95653.9765625,95872.53158925891,92667.06789950989,93249.87879518824,5123585
2024-05-08,95435.421875,95435.421875,94196.94589464233,94779.75679239244,5057899
2024-05-09,94925.4609375,96746.74773455244,94706.90591969083,95144.00842827316,4022513
2024-05-10,95435.421875,96309.6419851434,94124.09923682126,95653.97690253584,5513103
2024-05-13,94488.3515625,95799.67415148718,93832.68650448836,95653.9733142744,5766362
2024-05-14,95071.1640625,95945.37662774704,94415.49899328756,94706.90819972738,4168385
2024-05-15,97693.8125,97985.21416654084,95653.97072607077,95799.67155934118,6239156
2024-05-16,98640.875,100025.05167462656,97766.65498358932,98786.5758270566,5348055
2024-05-17,97985.2265625,99078.00176786304,97402.41562865196,98640.89168571784,4032301
2024-05-20,96892.4453125,99150.84206922664,96892.4453125,98495.17703784748,4157277
2024-05-21,99077.9921875,99077.9921875,97256.70537269575,97620.9612302494,5562829
2024-05-22,100535.0234375,101773.49937841756,99150.84665854396,100462.1692549627,9432597
2024-05-23,100170.7578125,100389.30528473188,98349.471169963,100170.7578125,4984501
2024-05-24,96091.078125,100535.01739801868,95144.00391705344,100535.01739801868,18693006
2024-05-27,96746.75,97256.70670213868,95144.01065619054,96892.45083960588,8095153
2024-05-28,99806.5,99806.5,96965.2923789201,97620.95741310064,7167286
2024-05-29,98859.4375,100680.72432092876,98203.77243797696,99879.35842080157,8077299
2024-05-30,98349.484375,98349.484375,96091.08743070147,97475.26426055247,9655968
2024-05-31,98058.0703125,99660.80209171269,97475.25944069866,98349.47951191867,3566251
2024-06-03,99733.6640625,100243.62079251515,98130.93215811436,98349.48719298848,10280584
2024-06-04,101336.3984375,101482.09928862276,100389.32408761006,101263.54424842022,9323359
2024-06-05,102064.90625,105561.77923018143,101773.5045590895,101992.05959079062,8387029
2024-06-06,101700.6484375,103230.52610325807,101117.83753973329,102210.60515040724,6919053
2024-06-07,103449.078125,103449.078125,102356.31054607734,102720.5664057182,5259051
2024-06-10,104906.109375,105634.62109625676,104177.59765374324,104541.8535143716,4992965
2024-06-11,106727.390625,106727.390625,104250.43885897507,105124.65890040404,11133464
2024-06-12,111595.9296875,112187.72595058144,108045.1521090114,108129.69117705007,12897824
2024-06-13,109905.0859375,113117.69982277347,109905.0859375,113033.15315453777,9977629
2024-06-14,110750.5078125,112103.1860604238,109059.65810369435,109989.62582331763,7598279
2024-06-17,108890.578125,111088.6775456314,108636.9533137436,110750.51366249083,5597739
2024-06-18,108214.234375,109651.45165485382,108214.234375,108890.56968445964,7977319
2024-06-19,111173.2265625,112272.27249823944,107030.64484934608,108214.24504996442,11809579
2024-06-20,112694.9921875,114724.00593925807,111426.85289594805,112441.35977182708,12719804
2024-06-21,115062.171875,115062.171875,112694.98674702596,113202.23636267536,8801294
2024-06-24,111680.4765625,114554.9190108048,111595.93748855167,114132.20844985497,16549534
2024-06-25,109905.0859375,110835.05371446896,108721.49334703188,110750.51464183725,16157660
2024-06-26,111426.84375,111426.84375,109397.83016478395,110750.5084201292,8304609
2024-06-27,112272.265625,113371.31908906015,110581.42349026576,111004.13402394931,7506854
2024-06-28,110327.796875,112272.27150832216,110243.2578020747,112272.27150832216,7627949
2024-07-01,108721.5,110243.26416532396,108636.9609221951,110243.26416532396,7422099
2024-07-02,108214.234375,111680.46517883608,107791.51626153397,108721.48395819389,8694000
2024-07-03,110750.5078125,112272.2641952612,109989.62582331763,110327.78968859592,9066715
2024-07-04,114808.53125,114808.53125,111680.46432695253,111680.46432695253,9335584
2024-07-05,117260.265625,118105.68667414862,115062.16633985152,115062.16633985152,8980809
2024-07-08,118021.1484375,118021.1484375,116245.7596644398,117091.18071953412,7021554
2024-07-09,116245.7734375,117767.53759345465,114977.63410900296,117598.45184328142,11150514
2024-07-10,113286.78125,115823.05207522966,113286.78125,114977.62340308396,7288354
2024-07-11,112441.359375,114470.38071520148,112018.64881117592,113371.3271727755,7914414
2024-07-12,113117.6953125,114977.62319667412,111765.01703509896,111765.01703509896,4128499
2024-07-15,112187.7265625,113963.11536142802,111849.55509729365,112864.06189730912,3527279
2024-07-16,113286.78125,113709.491788271,111849.55630515415,112948.60978114171,5005029
2024-07-17,111511.390625,113371.32620466854,109820.54838414218,113286.78713086728,8015614
2024-07-18,108129.6953125,111088.67674107425,108045.15624122812,111088.67674107425,12448979
2024-07-19,106523.390625,109313.28627434676,106523.390625,108721.48999734582,7563204
2024-07-22,104917.09375,106523.3969405797,104156.2116922298,106523.3969405797,7149434
2024-07-23,106100.6875,107791.52978356033,105508.89118163302,105593.43025756931,6223339
2024-07-24,106523.390625,107030.64023637008,104832.54086402424,106100.680083657,4797454
2024-07-25,105677.9609375,106100.67907040988,104917.08652771112,105001.62559693088,3735660
2024-07-26,108214.234375,108214.234375,105170.70649342323,106438.83804701132,7686254
2024-07-29,109059.6640625,110412.34238433148,109059.6640625,109905.0851652932,5761269
2024-07-30,108214.234375,109482.36592858809,107368.80574367128,109059.6554107254,2787369
2024-07-31,108721.5,108721.5,107030.65008346176,107622.44641490949,3556144
2024-08-01,105508.8828125,109651.45671247326,104917.08654107526,109566.91004763904,7900845
2024-08-02,104156.203125,105508.88138359494,102296.2676710806,103226.2353980403,11680779
2024-08-05,100267.25,103902.56650058452,99252.73565064296,102380.81016775555,11977479
2024-08-06,102127.1953125,103057.16316123569,101281.7741385246,101450.8598924406,8075126
2024-08-07,103141.6875,103141.6875,101619.93112344552,102296.26644684712,3246219
2024-08-08,102634.4453125,103479.86642665887,102211.73475542056,102803.5310544526,3711774
2024-08-09,107284.2734375,107284.2734375,103141.69187200523,103479.86334584234,6913109
2024-08-12,109905.0859375,110074.17167836743,106692.47964783054,107284.2759430646,7791250
2024-08-13,109651.4609375,110074.17149114764,108214.2435359772,109651.4609375,5016645
2024-08-14,109482.375,111173.22480715334,109482.375,110496.8818460504,4395529
2024-08-15,108806.0390625,109482.3744244434,108383.32091623094,109144.20294566972,2651439
2024-08-16,110412.34375,110750.51523354164,109144.20448452087,109144.20448452087,6309589
2024-08-19,110327.796875,111088.6789137438,109905.08631916544,110835.05409936389,2938090
2024-08-20,111173.2265625,112018.64768162328,110496.88359071808,110496.88359071808,4582059
2024-08-21,112864.0703125,113117.70272811753,110412.34599596132,110412.34599596132,7442684
2024-08-22,113117.6953125,113709.49158413774,112864.06291350976,113286.7810466256,4094574
2024-08-23,112525.8984375,113033.1480415532,111934.10216903548,113033.1480415532,3823751
2024-08-26,111173.2265625,112864.06880074657,111173.2265625,112694.99065340518,3171929
2024-08-27,112018.640625,112103.18728894876,110243.2518293194,111173.21955913409,3438384
2024-08-28,112694.9921875,113709.49906337904,112356.82069700558,112441.35977182708,3346155
2024-08-29,113033.1484375,113117.69510220748,111765.01682732116,112272.2664331512,3033355
2024-08-30,113963.125,114047.67167125404,112441.36087346986,112864.07144292728,3886769
2024-09-04,112441.359375,112441.359375,111173.22768352772,112441.359375,5675479
2024-09-05,110412.34375,112441.35746004172,109651.46170983334,112441.35746004172,9263939
2024-09-06,111680.4765625,112356.81953650308,110158.72006220136,110327.798210098,4889109
2024-09-09,111004.140625,111511.39025734329,109989.63376470936,110581.43006617924,3317981
2024-09-10,109905.0859375,110750.51464183725,109566.91445576512,110750.51464183725,4824366
2024-09-11,110412.34375,111004.14004839584,109736.00078291672,109905.08652468756,4128959
2024-09-12,111849.5546875,112018.6404194837,110750.50882301142,110750.50882301142,5023199
2024-09-13,112441.359375,112779.53086430096,111595.93824735182,111765.02399200229,4526054
2024-09-16,110835.046875,112441.34992071212,110835.046875,111426.84313371516,2640054
2024-09-17,112356.8125,112356.8125,110919.58756805376,110919.58756805376,4164609
2024-09-18,113794.0390625,114301.29630236184,112356.82160963117,112779.53217838056,6267039
2024-09-19,114301.2890625,114808.5386746283,113540.40704870374,114132.2033265893,5927444
2024-09-20,114385.828125,115823.0530823429,114132.20331895282,115231.25680449694,4277654
2024-09-23,113286.78125,114893.08433367124,112779.52404671258,114893.08433367124,4004529
2024-09-24,113709.4921875,113878.5779225228,113033.14924740884,113286.7816477449,3168842
2024-09-25,113963.125,113963.125,112948.61811418134,113540.4144305426,5381884
2024-09-26,113540.40625,114132.20252372256,113202.23478055748,114132.20252372256,3542689
2024-09-27,113455.859375,113624.94510940852,112864.06310237198,113540.40604000611,4085719
2024-09-30,113709.4921875,113709.4921875,112441.35297263094,113455.85978716394,3770274
2024-10-01,114893.0859375,115146.71074488228,113878.57911236706,113878.57911236706,7920049
2024-10-02,114470.375,114893.08554271927,113794.03205516611,113794.03205516611,2724579
2024-10-03,113286.78125,115062.1700681004,113286.78125,114470.37379540026,4176570
2024-10-04,113371.3203125,113963.11658516404,112864.0631092435,113540.40604691884,1688659
2024-10-07,113371.3203125,114047.66325017532,112948.6097742548,113455.85938190756,2186725
2024-10-08,113117.6953125,114216.7411909108,112948.6095783744,113371.32011588654,2424890
2024-10-09,114470.375,114808.53887681314,113540.40724865532,113540.40724865532,3242884
2024-10-10,119796.5390625,120050.1638638284,114808.53653088523,114808.53653088523,11617529
2024-10-11,118021.1484375,120726.50492852608,118021.1484375,120050.1620079678,4443139
2024-10-14,116330.3046875,119458.3718662217,115907.5941383112,119289.2861274254,6480594
2024-10-15,115823.0546875,117175.73299783768,115484.8832110146,116330.3043066242,3347419
2024-10-16,115231.2578125,115907.59316641012,114977.62540863034,115315.79688338732,3215400
2024-10-17,115823.0546875,115907.5937588194,114554.91544848173,115400.33654409132,4334579
2024-10-18,115823.0546875,116499.39004486689,115484.8832110146,116161.2185683815,2494811
2024-10-21,114554.9140625,116414.8495650627,114554.9140625,115823.05328617526,3290494
2024-10-22,112525.8984375,114723.99777813914,112441.3517730887,114723.99777813914,7100674
2024-10-23,113455.859375,113963.1165782256,112103.18869093916,112356.8134947501,3467365
2024-10-24,113540.40625,113540.40625,113117.69571099873,113455.8595848375,2618780
2024-10-25,113286.78125,113794.0308576837,112948.60978114171,113540.40605384186,2114849
2024-10-28,114047.6640625,114132.2031325097,112948.61057875126,113371.32112000731,1731900
2024-10-29,114470.375,114554.91407030231,113963.1177913746,114470.375,3046579
2024-10-30,114893.0859375,114893.0859375,114301.2896565388,114470.37539332826,2368769
2024-10-31,114893.0859375,114977.6250080928,114385.82872713162,114893.0859375,1542954
2024-11-01,113794.0390625,114132.21055574124,112948.61792500118,114132.21055574124,3067624
2024-11-04,112272.265625,113794.02962274374,112187.72655650474,113794.02962274374,4321584
2024-11-05,112103.1875,113286.780032682,111849.55510327982,112441.35136962082,3152264
2024-11-06,113794.0390625,113794.0390625,112441.36068513933,112525.90735625176,2071724
2024-11-07,114216.7421875,116330.30248910608,113455.86017509768,114385.82792310097,5205474
2024-11-08,114808.53125,115653.95987487992,114216.7350103857,115062.16363526562,2422244
2024-11-11,116922.1015625,117936.61600037124,114977.62694998612,115400.33750129714,6085799
2024-11-12,115653.96875,117429.35760508369,114893.08672702072,117175.73279595855,3409404
2024-11-13,116499.390625,116753.01543582507,115062.173236186,115569.42285783617,4169209
2024-11-14,114977.625,118274.77787815285,114977.625,116583.93570158492,5647996
2024-11-15,113202.234375,114723.99838643576,112103.18849665484,114385.82691820477,7548139
2024-11-18,113286.78125,113794.0308576837,112018.64203958333,113286.78125,4592410
2024-11-19,109905.0859375,112948.61408190604,109820.54686486829,112864.06741367032,10525719
2024-11-20,111934.109375,111934.109375,107115.19225264584,109905.08804135416,11063344
2024-11-21,112441.359375,112441.359375,110750.51711970364,111934.10973665275,4978351
2024-11-22,113202.234375,113624.94491248688,112018.64183179523,112356.81330002622,6412284
2024-11-25,113202.234375,113286.7810398596,112610.4381033976,113286.7810398596,7633354
2024-11-26,114301.2890625,114893.08534038556,112694.98596475404,112779.52503490748,5176264
2024-11-27,117429.3515625,118105.68688389934,114301.28456037064,114301.28456037064,15313744
2024-11-28,117852.0703125,118359.32753565264,116922.10253452216,117852.0703125,8232504
2024-11-29,121994.640625,122924.6083743257,117513.8952098166,117852.06668149936,15510854
2024-12-02,121185.0390625,124423.46154312248,120673.71443588092,122974.6905689137,9131609
2024-12-03,123571.234375,124338.22892999036,120758.92611111744,120758.92611111744,8017454
2024-12-04,122292.921875,124679.12388408076,121696.3713727298,123571.24109845464,8911235
2024-12-05,126553.9921875,126553.9921875,122378.1313145597,122719.01947900848,10125865
2024-12-06,127406.2109375,129451.52470719555,126127.88408897282,129451.52470719555,5753679
2024-12-09,125275.671875,127406.21152800444,124508.67729365348,127150.54921976336,6783855
2024-12-10,127406.2109375,127406.2109375,125275.67129437022,125360.89716780442,4930286
2024-12-11,128258.421875,129281.08640166347,127576.65318051416,127832.31548386846,10656597
2024-12-12,128002.765625,129451.52895468508,127150.55280243506,129451.52895468508,6500612
2024-12-13,127406.2109375,128599.31191259297,127320.99272068904,127406.2109375,5594525
2024-12-16,127747.1015625,128343.6520614618,127406.21337548658,127491.43159392822,6521547
2024-12-17,126127.890625,128258.43037853572,125872.2283046953,127917.54983700396,8470330
2024-12-18,126724.4453125,127661.8763466928,126127.88715383412,126127.88715383412,4070355
2024-12-19,126213.109375,126980.103949222,125446.114800778,125531.33301719236,6698121
2024-12-20,127406.2109375,128343.64960553682,126383.5540526522,126553.99814289738,5446171
2024-12-23,127661.875,127747.10087460613,126724.44397569606,127406.21268942831,4957549
2024-12-24,128173.203125,128514.09129913314,127320.99034629024,127832.31495086684,4643588
2024-12-25,128514.09375,128854.98193063417,128173.20556936583,128343.64965968292,5368318
2024-12-26,127661.875,129025.42008408786,127065.32450425052,128684.53189891006,3384797
2024-12-27,127491.4296875,127747.09965224864,126724.44276312394,127406.21147033264,5303460
2024-12-30,128258.421875,128514.09183497744,126553.9963104738,127320.99087715986,3674715
2024-12-31,129962.8671875,131155.96818602982,128087.9821579735,128428.87034516012,5523681
2025-01-02,129536.7421875,130133.30032827788,127917.54248093526,129962.86389562502,7119420
2025-01-03,126980.1015625,128940.19706942012,126980.1015625,128940.19706942012,7413019
2025-01-06,127235.765625,128002.76019542372,126468.77105457624,127065.32153639216,3987169
2025-01-07,127917.5390625,128940.19591420404,127406.20680833649,127406.20680833649,4661299
2025-01-08,126383.5546875,127832.31797692653,126213.11059639866,127832.31797692653,4461887
2025-01-09,126809.6640625,127150.55225270156,126127.8876820969,126383.5576530598,2259060
2025-01-10,125531.3359375,127065.32512163006,125446.11771910316,126809.66280981616,3148358
2025-01-13,125787.0,126553.9945560532,123315.57224642606,124508.67318770368,5930212
2025-01-14,123656.46875,126127.88901349064,123656.46875,125787.00847631424,4950178
2025-01-15,123997.3515625,124849.56435339151,123400.8010775513,124423.45795794576,3968423
2025-01-16,124849.5625,125275.66888912022,123741.67976298898,124593.9001978525,4435208
2025-01-17,126980.1015625,127917.54020855378,124423.45558202257,124934.7801841442,4485004
2025-01-20,127832.3203125,128173.20850093092,126298.33112118428,126980.10749804613,2642367
2025-01-21,127747.1015625,129025.42077886524,126980.10697003148,128258.42618639674,3997171
2025-01-22,127576.65625,128343.65083513988,127150.54984861636,127491.43037574927,4676591
2025-01-23,131496.84375,132945.61474686902,127832.32246096048,127917.5483378123,9727965
2025-01-24,130729.84375,131667.2900735909,130729.84375,131326.40189348935,4543311
2025-02-03,123997.3515625,127150.54807674648,123826.90747299705,126127.8835397288,14792679
2025-02-04,124593.90625,125275.67497438464,123826.91164967764,124423.46215474798,8338304
2025-02-05,124679.1171875,125701.77404266098,124253.01080256818,125190.449443392,6145714
2025-02-06,124849.5625,125531.33119126772,124082.5679369344,125275.66888912022,4283290
2025-02-07,124508.6796875,125020.0119704365,124253.01737434349,124849.56787612436,5020784
2025-02-10,121014.59375,123997.35388728965,121014.59375,123997.35388728965,8912039
2025-02-11,123912.125,123912.125,119395.38345148394,121185.03489637258,8465609
2025-02-12,123571.234375,124167.78484481217,122974.68390518783,124082.56663053457,2340767
2025-02-13,121952.03125,123571.23863001354,121611.14306790558,123571.23863001354,3735314
2025-02-14,123486.0234375,123571.24165679932,122378.14064686802,122719.02883731225,3739464
2025-02-17,122378.1328125,123571.2337460517,122207.68872818931,123571.2337460517,3238744
2025-02-18,122633.8046875,123059.91107663725,121952.02833958194,122548.5788156987,1913714
2025-02-19,122719.03125,123486.02586526706,121952.03663473293,122633.81302902526,3990271
2025-02-20,121866.8125,123230.35756579312,121866.8125,122889.46938518902,3893209
2025-02-21,121014.59375,121781.58833883182,120588.4873465653,121696.37012079422,6132489
2025-02-24,119736.2734375,121014.59263603692,118884.0606384754,121014.59263603692,8645586
2025-02-25,118457.9453125,119651.04628099404,117776.17661191335,119651.04628099404,8434559
2025-02-26,120844.15625,120844.15625,118372.72841256474,118543.17250376267,4569524
2025-02-27,120418.046875,121185.04148689636,119906.72223815147,121014.59738907233,4509954
2025-02-28,119565.828125,120247.59682593074,118457.94537228644,119395.38403561153,7984679
2025-03-03,119736.2734375,120503.26801927148,119565.82934637042,119736.2734375,3373984
2025-03-04,119310.171875,119821.49651249532,118713.62136017309,118884.0654582127,4628284
2025-03-05,118543.1796875,119395.39253851068,118543.1796875,119310.17431605911,3278764
2025-03-06,120673.7109375,122292.91830255804,118884.05948296904,118884.05948296904,7487879
2025-03-07,120503.265625,121611.14071039503,120247.59566507388,120758.927928303,3951399
2025-03-10,118713.6171875,120588.48688678892,118628.391313164,120588.48688678892,6534069
2025-03-11,117179.6328125,118031.84565100592,116753.52639324704,117605.73923175296,7089059
2025-03-12,115816.0859375,118202.28797477768,115816.0859375,117350.07514907094,7319749
2025-03-13,116327.40625,117605.73309770794,115986.52572635136,115986.52572635136,4266729
2025-03-14,111981.109375,116156.97046508983,111469.78475836026,115560.4199745946,18688649
2025-03-17,110788.0078125,112577.65927459204,110447.11963211391,112151.55287742108,8766449
2025-03-18,110788.0078125,112662.8851480002,110788.0078125,110873.23368590814,6472774
2025-03-19,106186.0546875,111299.3470886466,105248.61596074424,110873.240664655,22154059
2025-03-20,106526.9296875,108060.91885931748,106100.8232856892,106186.04916002536,10014889
2025-03-21,109083.578125,109935.79088732004,106526.92452479393,106526.92452479393,7388519
2025-03-24,109935.796875,110191.45918629614,108487.0259122007,109509.690470632,5853729
2025-03-25,107805.2578125,110702.79209803078,107805.2578125,110617.5662226962,6473579
2025-03-26,104822.5078125,107805.2603880008,104566.83783701164,107805.2603880008,13132079
2025-03-27,107549.59375,107805.25605859749,103203.29622072622,103970.28314651868,8308059
2025-03-28,105674.7109375,107720.032270373,105674.7109375,107464.36231837457,3481049
2025-03-31,103118.0703125,105163.3917504699,103118.0703125,105163.3917504699,6347196
2025-04-01,102691.9609375,104140.7241859272,101243.19768907278,103970.28009964936,9550436
2025-04-02,103970.28125,104225.95121055712,102947.624377641,103288.5125539684,4508229
2025-04-03,96726.4453125,100220.52982289618,96726.4453125,97749.1097959985,13311134
2025-04-04,96300.3515625,97067.34619735088,89993.95803739163,89993.95803739163,25126924
2025-04-08,89567.84375,92039.27154064272,89567.84375,90334.83831755728,19078154
2025-04-09,89738.2890625,92039.27279657006,83346.6701311798,83346.6701311798,21147694
2025-04-10,95959.4609375,95959.4609375,95959.4609375,95959.4609375,2346229
2025-04-11,100987.53125,100987.53125,97408.22828332236,99709.21204331084,22150724
2025-04-14,100987.53125,102265.8581133125,97152.5659733092,102265.8581133125,10797694
2025-04-15,98856.9921875,99709.21265380066,96896.89659994356,98942.21806244177,9026809
2025-04-16,91954.046875,98771.77220018322,91954.046875,97578.67122535406,21726029
2025-04-17,93232.375,94851.5823942102,89397.40205937227,89482.62793395475,13957779
2025-04-18,95107.2421875,98004.77637077132,94169.80353164412,94169.80353164412,9697374
2025-04-21,95192.46875,95874.23745044168,93743.69781954876,95448.13105558771,5016644
2025-04-22,94084.5859375,94766.35463750268,88630.40571098583,94595.9182049694,11778644
2025-04-23,94084.5859375,95192.46868870546,91783.60221882247,95192.46868870546,8367169
2025-04-24,95448.1328125,96896.8961129954,94255.0318222983,95022.02640980273,9498884
2025-04-25,95789.015625,95789.015625,93914.13837033608,95448.12745931148,7721214
2025-04-28,93317.59375,95789.02162100884,93061.93143804165,95448.13343398208,4744899
2025-04-29,93232.375,94169.8060240438,92976.70503287592,93402.8190925416,7141384
2025-05-05,92550.59375,93488.03238123964,91101.83052471904,93317.58829768492,8785524
2025-05-06,93488.03125,94595.9139513886,92550.5926301037,92550.5926301037,7756871
2025-05-07,93488.03125,94766.35037625808,92806.25492403074,93402.81303756528,5050301
2025-05-08,97408.2265625,97663.8888679966,92891.48499673614,94084.58596455124,15656099
2025-05-09,98856.9921875,99197.88037402026,96726.4525066834,97408.22887972396,10149323
2025-05-12,100817.0859375,101157.97411780704,99453.54087289516,99709.21083643704,10533996
2025-05-13,101839.75,102521.518700788,101072.755426224,102265.8563950704,11830797
2025-05-14,107634.8125,107634.8125,102265.85805314248,102265.85805314248,15266284
2025-05-15,106526.9296875,108146.14473365364,105333.82869978044,107805.25654955568,10061767
2025-05-16,103118.0703125,106271.2668584396,103032.8520952036,106100.82276722352,9245113
2025-05-19,100731.8671875,102691.96272895452,99368.32213011324,101243.19945525377,12657486
2025-05-20,101584.0859375,101669.3118154378,99538.77205972426,99538.77205972426,11224421
2025-05-21,100817.0859375,102265.85687549322,99709.21083643704,102265.85687549322,10316701
2025-05-22,99538.7734375,100220.5421873208,98516.11648445691,99794.43576160482,10036641
2025-05-23,99794.4296875,100390.98017851738,98856.99101400892,99453.54150502628,7622512
2025-05-26,99964.875,100390.98140498622,98004.77941176471,99453.54272004252,5434440
2025-05-27,101413.640625,101754.52881942569,100050.09550392088,100050.09550392088,6633821
2025-05-28,100902.3125,101754.52529996449,100135.31791738264,101584.08120864694,5731257
2025-05-29,99794.4296875,101413.63706931524,99794.4296875,101413.63706931524,3386905
2025-05-30,99283.109375,100731.87272839196,99283.109375,100561.4286297652,4659574
2025-06-02,98942.21875,99794.4315655994,98516.11234220031,99283.10693888912,5275590
2025-06-03,100050.09375,100561.42603267464,99112.66271669832,99453.54324852464,6193132
2025-06-04,99794.4296875,100731.8683609911,99283.10507041273,100561.42426975424,8478216
2025-06-05,99538.7734375,99964.87986321596,99283.11111339516,99794.43576160482,5928478
2025-06-06,98004.78125,99538.77046202148,98004.78125,99538.77046202148,6567808
2025-06-09,99027.4296875,99623.98014588036,98004.77285265122,98430.87922911964,5157222
2025-06-10,98601.328125,100050.09140704952,98601.328125,99709.21088320586,4448154
2025-06-11,100476.2109375,100731.87325847369,98942.22169841052,98942.22169841052,7551413
2025-06-12,100691.3515625,101293.7781019353,100261.04799605212,101207.7127494209,4870751
2025-06-13,99314.3828125,100261.05536751205,98884.07921441503,99830.74403738516,7106645
2025-06-16,102412.5703125,103101.06223459584,98970.13389814604,99056.19152238716,9955806
2025-06-17,102240.453125,102670.75670212822,101724.0841932212,102412.56837021804,6830028
2025-06-18,100691.3515625,102842.87712678076,100174.98264353772,102240.45058734546,8806909
2025-06-19,99830.7421875,100777.41472497,99572.56157984155,100691.35709976446,7751533
2025-06-20,99916.8046875,100605.2888655817,99658.616355183,99916.8046875,6447489
2025-06-23,99744.6796875,100088.92563558156,98539.82660125602,99400.43373941844,6843685
2025-06-24,100261.0546875,100691.35828266644,100088.93170302504,100088.93170302504,14906069
2025-06-25,100777.4140625,102756.81674963376,100691.35643786016,100691.35643786016,8463960
2025-06-26,100691.3515625,101810.1392888562,100347.10561652516,101551.95869539576,4867700
2025-06-27,100949.5390625,101810.14625427483,100605.2930929733,100691.35845137593,6868950
2025-06-30,101724.0859375,102842.88144285076,101207.71699686696,101465.90533320433,9263626
2025-07-01,102240.453125,102842.8796793878,101724.0841932212,102412.56837021804,14549235
2025-07-02,102068.328125,102154.38574590356,101207.71325575726,101982.26277205502,5347792
2025-07-03,101551.9609375,103101.05999654708,101379.83796071238,101982.26451344827,8345758
2025-07-04,105424.7109375,106199.26048430636,101896.20916472471,101982.266789018,15619598
2025-07-07,106543.5,107318.0495561588,105855.0158012154,106113.1964092544,8584754
2025-07-08,107145.921875,108178.65972595304,106715.61830312364,106801.6836567238,9298471
2025-07-09,105682.890625,107490.17030784547,105252.5870431856,107404.11268429928,14361866
2025-07-10,106629.5625,107834.4156146177,106285.31654381164,106543.4971449321,6229950
2025-07-11,108953.203125,110158.0639689039,107231.98881207762,107576.22703543714,12676173
2025-07-14,109383.515625,110071.99981124906,107576.22820550772,109469.5732487655,8923096
2025-07-15,108436.84375,109985.94284335,108436.84375,108953.20495975552,6550566
2025-07-16,108695.0234375,109297.44999849147,107662.2932946634,109039.26939579275,5838606
2025-07-17,109297.453125,111104.7328596726,108436.84593669166,109039.27251491588,10387301
2025-07-18,108436.84375,110158.06582394907,108436.84375,110158.06582394907,8065531
2025-07-21,109164.0546875,111242.42744220309,109164.0546875,111242.42744220309,8815279
2025-07-22,110945.515625,111044.48575490632,107580.53120818464,109164.053286686,7127237
2025-07-23,110648.609375,111638.31071109124,110153.75870695438,111143.46004304562,4825624
2025-07-24,109955.8203125,110945.5216654478,109658.90990661566,110846.55153015302,6635334
2025-07-25,109559.9375,110351.69856594398,109361.997233514,109955.818032972,5160642
2025-07-28,110153.7578125,110450.66821091644,109361.99675005616,109658.9071484726,7635424
2025-07-29,104908.34375,110450.6713443396,104908.34375,110153.7609375,16863140
2025-07-30,105007.3125,106887.74505183788,104215.55142554194,105898.04370876533,7517104
2025-07-31,102928.9375,105799.0713341346,102730.99723557691,105007.31027644232,9029001
2025-08-01,105898.0390625,106293.9195823598,100454.68191442757,102632.02477365654,12009590
2025-08-04,105502.1640625,105502.1640625,103720.70162992497,105403.19392735694,5568013
2025-08-05,104710.3984375,107580.53223210068,103918.6373907136,105898.04000767958,12294870
2025-08-06,103819.671875,105106.2836332221,103423.79133400858,104908.3433627264,12760440
2025-08-07,105106.28125,106293.9228460452,103819.66952095104,104512.4604519774,11242080
2025-08-08,104512.4609375,106293.92333984376,103720.69986979169,105403.19213867188,9944007
2025-08-11,105304.21875,108372.2927925282,104215.5473155545,104809.36809797931,10309900
2025-08-12,106392.890625,107085.68154069768,105502.1594476744,106293.92049418604,11035850
2025-08-13,104017.609375,106689.80295551856,103819.6691097764,106491.86269029496,22277030
2025-08-14,102731.0,104710.40269749518,102632.02986512524,104710.40269749518,17641670
2025-08-15,100355.71875,103720.70340236684,100256.74861316568,102731.00203402368,18727080
2025-08-18,99464.984375,101939.2377176617,98970.13370646766,100355.7155783582,11450410
2025-08-19,99267.046875,100454.68851258724,98970.13646560318,99563.9572843968,9195795
2025-08-20,96693.8203125,99267.0437803864,96495.88004573953,99069.1035136259,20040970
2025-08-21,100652.625,101840.26659292036,96693.81969026547,96693.81969026547,13115940
2025-08-22,97980.4296875,100553.65309343436,97782.48942550505,100553.65309343436,7246765
2025-08-25,97782.4921875,100949.53646887653,97782.4921875,100949.53646887653,7814632
2025-08-26,98970.1328125,98970.1328125,96891.7600234375,97782.49121875,5833193
2025-08-27,103918.640625,104017.61075892855,100157.77553571427,100355.71580357142,19764750
2025-08-28,103423.7890625,104017.60986094498,101741.29680023924,104017.60986094498,7522751
2025-08-29,100553.65625,103918.64080954724,100553.65625,103918.64080954724,11882660
2025-09-03,102137.1796875,102236.1498228561,98970.13535610466,100949.53806322676,12062870
2025-09-04,103918.640625,104413.49129464284,102137.17821428573,102236.14834821428,15676230
2025-09-05,102335.1171875,104413.48997370648,102335.1171875,104116.57957567698,10707290
2025-09-08,100850.5625,102829.96510058882,100850.5625,101939.23393032384,14253670
2025-09-09,101048.5078125,101939.23902730166,99959.83632774242,100949.53767752204,7843341
2025-09-10,100157.7734375,101840.26567903905,100058.80330564476,101048.50462419711,8343955
2025-09-11,100949.5390625,101840.27028952206,99464.98701746322,100157.77797181372,7433193
2025-09-12,100553.65625,101840.2679933563,100058.80557947834,100949.53678641732,8913375
2025-09-15,100850.5625,102434.08458047106,100454.68197988224,100850.5625,14188010
2025-09-16,102434.0859375,103720.69764492754,100949.53396739133,101642.32488677536,18031870
2025-09-17,104413.4921875,106689.80528732228,102928.94016587676,102928.94016587676,21564690
2025-09-18,101939.234375,105205.24868021844,101939.234375,104908.33828883496,11795170
2025-09-19,101939.234375,102730.99541868932,99464.98111347089,102730.99541868932,24203740
2025-09-22,98673.2265625,101642.3306717026,98574.2564255266,101444.39039775576,17157560
2025-09-23,96990.7265625,98970.12914540817,96495.87591677296,98970.12914540817,20483520
2025-09-24,98475.28125,98475.28125,96396.9084798995,97089.69940326634,7748532
2025-09-25,96990.7265625,98475.27849968112,96891.7564333546,98475.27849968112,9840162
2025-09-26,96495.8828125,98277.34526442309,96396.91267628204,97188.67376602563,9115898
2025-09-29,94516.4765625,96792.78961060208,94516.4765625,96792.78961060208,11578690
2025-09-30,92042.2265625,94813.39037298388,91844.2862903226,94516.47996471774,13961910
2025-10-01,92438.1015625,93526.77299417826,90458.6989594486,92240.16130219486,7440061
2025-10-02,91151.4921875,92438.10391218784,91052.5220548317,91943.25324884636,10349910
2025-10-03,92438.1015625,93031.9223434154,91151.4898705166,91250.46000066916,7702876
2025-10-06,94516.4765625,94912.35709260473,92537.07391197643,93328.83497218588,11215240
2025-10-07,94516.4765625,95308.23762270942,94219.56616492147,95011.3272251309,7361461
2025-10-08,93526.7734375,95902.05657242064,93526.7734375,94516.47474371691,6317890
2025-10-09,93229.8671875,94021.62826764864,92537.07624236996,94021.62826764864,7145051
2025-10-10,95110.296875,95506.17740309572,92833.98383844952,93229.86436654528,8616495
2025-10-13,93031.921875,93922.6530418883,92735.01148603724,93922.6530418883,11192940
2025-10-14,91448.40625,93526.77911931818,91448.40625,93130.8985727814,12967740
2025-10-15,88677.2421875,92141.19696044922,88578.27205113003,91646.34627859932,18824890
2025-10-16,88875.1796875,90557.671953299,88677.23942093541,88875.1796875,8048952
2025-10-17,87192.6875,90557.67203461974,87192.6875,89172.09016742338,8778276
2025-10-20,86104.015625,90854.58200431034,86104.015625,87390.62735272988,14708210
2025-10-21,92042.2265625,92042.2265625,87588.57043850808,88083.42111895162,21702030
2025-10-22,96001.03125,97980.43395618556,94021.62854381444,94219.568814433,19354130
2025-10-23,94021.625,96297.9380263158,93031.92368421052,96198.96789473684,8997801
2025-10-24,96693.8203125,96693.8203125,93724.71631109263,94021.62671123336,15297910
2025-10-27,96990.7265625,98673.21875797192,95308.23436702804,97980.42785395408,12946370
2025-10-28,101147.4765625,101147.4765625,97584.55175207926,97584.55175207926,27336360
2025-10-29,100652.625,102137.17699115044,100058.8042035398,101345.41592920352,9364715
2025-10-30,101642.328125,102434.08920094935,100553.65664556964,101048.50731803798,9778545
2025-10-31,102829.96875,102829.96875,99959.83487728584,101543.35701395573,17229770
2025-11-03,103918.640625,105205.25236607142,102434.08861607144,102730.99901785712,21030570
2025-11-04,102236.1484375,103621.73031371008,100652.62629325992,103027.90950962005,17700060
2025-11-05,99860.8671875,100949.53868310207,98574.25541997029,100751.59841117443,13302040
2025-11-06,99168.0703125,100949.53265344312,98376.30927208083,99860.86122286676,6801962
2025-11-07,99959.8359375,100751.59701423268,98475.28391862624,98475.28391862624,6042902
2025-11-10,95209.265625,100157.7721543659,95209.265625,100157.7721543659,11901820
2025-11-11,95110.296875,96891.7592514308,95110.296875,95803.08779916754,7317490
2025-11-12,99563.953125,99563.953125,95506.17769942844,95506.17769942844,6679911
2025-11-13,97881.4609375,99662.92332058898,97683.52067271234,99563.95318819516,10241080
2025-11-14,98970.1328125,99860.8640078125,97188.670421875,97881.4613515625,6248754
2025-11-17,99959.8359375,100751.59701423268,99563.95539913366,99563.95539913366,8328005
2025-11-18,98970.1328125,100058.8042734375,97782.49121875,99959.834140625,6682460
2025-11-19,96990.7265625,98475.27849968112,96990.7265625,98475.27849968112,7644901
2025-11-20,97980.4296875,98673.22060448233,97089.69850852272,97584.5491635101,5365921
2025-11-21,99761.890625,100157.77114335318,96792.7867373512,96990.72699652778,7956420
2025-11-24,99168.0703125,100058.80148297155,98574.24953218564,99662.92096276196,6299052
2025-11-25,98673.2265625,99267.04738434052,97980.43560368606,98673.2265625,6454647
2025-11-26,97980.4296875,99168.0712594697,97881.45955650252,98772.1907354798,7628377
2025-11-27,98475.28125,98772.19164572864,97089.69940326634,98178.37085427136,6361150
2025-11-28,96100.0,98376.3130792997,96100.0,98079.40267765192,8133773
2025-12-01,96600.0,97700.0,96100.0,96900.0,5008056
2025-12-02,96600.0,97300.0,95400.0,96800.0,5590644
2025-12-03,96600.0,97000.0,96000.0,97000.0,6571714
2025-12-04,97500.0,98500.0,96600.0,96600.0,8291987
2025-12-05,96200.0,97500.0,96100.0,97500.0,6110389
2025-12-08,95500.0,97300.0,95500.0,96600.0,5628106
2025-12-09,96900.0,97000.0,94400.0,95500.0,11094280
2025-12-10,95600.0,97100.0,95600.0,97100.0,4012603
2025-12-11,96000.0,96600.0,95600.0,95900.0,5846098
2025-12-12,93700.0,96000.0,93500.0,96000.0,5646570
2025-12-15,93800.0,94400.0,93500.0,93900.0,3544964
2025-12-16,94900.0,95400.0,92000.0,93900.0,6319127
2025-12-17,95900.0,96300.0,94400.0,94400.0,5626508
2025-12-18,94400.0,95600.0,93900.0,95500.0,4132572
2025-12-19,93900.0,95000.0,93600.0,94000.0,5306691
2025-12-22,93700.0,94300.0,93500.0,94100.0,6953556
2025-12-23,94000.0,95900.0,93600.0,94000.0,7662562
2025-12-24,93600.0,94200.0,93100.0,94100.0,3972048
2025-12-25,93000.0,94800.0,93000.0,93600.0,4897186
2025-12-26,92500.0,93000.0,91000.0,92700.0,7754428
2025-12-29,94300.0,94900.0,92500.0,92500.0,6376449
2025-12-30,96500.0,96600.0,94300.0,94500.0,7567196
2025-12-31,95800.0,97000.0,95200.0,96800.0,3098712
2026-01-05,95000.0,95700.0,93200.0,95700.0,7152389
2026-01-06,94000.0,94800.0,93600.0,94700.0,5592470
2026-01-07,97500.0,97600.0,94000.0,94100.0,11985400
2026-01-08,96500.0,98100.0,96500.0,98100.0,6006232
2026-01-09,97400.0,99900.0,96000.0,96100.0,10324520
2026-01-12,99500.0,99500.0,98000.0,98000.0,9107222
2026-01-13,98900.0,101700.0,97900.0,99700.0,9446492
2026-01-14,99800.0,101100.0,97800.0,99000.0,14358510
2026-01-15,98500.0,101700.0,98400.0,99800.0,9675790
2026-01-16,105300.0,105300.0,99500.0,99500.0,24007990
2026-01-19,105800.0,108700.0,105500.0,108700.0,15113060
2026-01-20,104100.0,107000.0,104000.0,106100.0,13632800
2026-01-21,105000.0,106500.0,101100.0,103200.0,16492530
2026-01-22,103500.0,105800.0,103500.0,105500.0,8120103
2026-01-23,101000.0,104600.0,101000.0,103600.0,9641869
2026-01-26,98500.0,101600.0,98000.0,100200.0,12330390
2026-01-27,102100.0,102500.0,99100.0,99600.0,11388930
2026-01-28,104500.0,105800.0,102300.0,102400.0,14111840
2026-01-29,106100.0,107200.0,103700.0,105000.0,14490920
2026-01-30,104500.0,106400.0,103900.0,106400.0,12153250
2026-02-02,104300.0,104300.0,101600.0,103300.0,11092230
2026-02-03,103900.0,105400.0,102900.0,104900.0,9561140
2026-02-04,101900.0,103500.0,101500.0,103100.0,15667370
2026-02-05,99000.0,101900.0,99000.0,101200.0,18118560
2026-02-06,97600.0,100000.0,96700.0,98000.0,10796110
2026-02-09,99000.0,99400.0,97900.0,98800.0,6524446
2026-02-10,97800.0,99900.0,97300.0,99900.0,7300120
2026-02-11,98600.0,99500.0,97400.0,98200.0,6467584
2026-02-12,98800.0,99200.0,98400.0,99000.0,5378638
2026-02-13,96300.0,98500.0,96300.0,98100.0,18824790
2026-02-23,94500.0,96800.0,93100.0,96800.0,22701430
2026-02-24,92500.0,94000.0,92500.0,94000.0,29778830
2026-02-25,89100.0,92500.0,89000.0,92200.0,48222350
2026-02-26,90500.0,92200.0,89900.0,90000.0,18204650
2026-02-27,92900.0,93500.0,90300.0,91000.0,19558230
2026-03-02,89600.0,91500.0,89300.0,90100.0,18491010
2026-03-03,87000.0,90900.0,87000.0,90100.0,18180630
2026-03-04,85100.0,87000.0,84200.0,86900.0,26537070
2026-03-05,84400.0,86800.0,84400.0,86500.0,17324920
2026-03-06,81600.0,84600.0,81500.0,84400.0,26032420
2026-03-09,75900.0,76700.0,75900.0,76000.0,18650970
2026-03-10,79500.0,79600.0,76400.0,76400.0,22966040
2026-03-11,80200.0,81000.0,78300.0,80000.0,16440690
2026-03-12,77700.0,79200.0,77500.0,78800.0,12963150
2026-03-13,77000.0,78500.0,76300.0,77100.0,10653110
2026-03-16,78200.0,79300.0,77100.0,77100.0,9341615
2026-03-17,79400.0,81300.0,79100.0,79400.0,11106410
2026-03-18,78600.0,80200.0,78100.0,80000.0,7413932
2026-03-19,76800.0,77800.0,76600.0,77700.0,11647250
2026-03-20,74600.0,76500.0,73600.0,76500.0,23144380
2026-03-23,73100.0,76100.0,71600.0,73700.0,13134310
2026-03-24,75400.0,75900.0,74100.0,75500.0,6405113
2026-03-25,77000.0,77000.0,75600.0,76200.0,8070339
2026-03-26,74200.0,77000.0,74200.0,77000.0,10733690
2026-03-27,76100.0,76300.0,74000.0,74500.0,9394756
2026-03-30,74000.0,75200.0,73500.0,74400.0,8975443
2026-03-31,74700.0,75500.0,74400.0,74900.0,7076062
2026-04-01,75300.0,76300.0,75000.0,75900.0,9410063
2026-04-02,74700.0,75200.0,74200.0,75200.0,6094543
2026-04-03,74000.0,75500.0,73900.0,74700.0,6387168
2026-04-06,73900.0,74500.0,73500.0,74000.0,4641686
2026-04-07,74000.0,74500.0,73800.0,74500.0,5100228
2026-04-08,79100.0,79100.0,75100.0,76000.0,16601460
2026-04-09,78300.0,79200.0,78100.0,79100.0,6525834
2026-04-10,77700.0,79000.0,77300.0,78600.0,6129666
2026-04-13,76000.0,77000.0,75900.0,76900.0,9925620
2026-04-14,76200.0,77200.0,76000.0,77000.0,7139383
2026-04-15,75100.0,77000.0,75000.0,76900.0,11826770
2026-04-16,74100.0,75600.0,74000.0,75600.0,12546610
2026-04-17,76000.0,78000.0,74900.0,75000.0,12728570
2026-04-20,76900.0,77000.0,76100.0,76300.0,6906174
2026-04-21,75100.0,77400.0,75100.0,77000.0,8314892
2026-04-22,74600.0,75500.0,74100.0,75500.0,8290827
2026-04-23,74300.0,76000.0,74100.0,75000.0,8007390
2026-04-24,73400.0,74100.0,73200.0,74000.0,11318020
2026-04-28,74400.0,74400.0,72900.0,73400.0,9871203
2026-04-29,75500.0,75500.0,73400.0,73400.0,10728560
2026-05-04,73700.0,75100.0,73600.0,74900.0,10065980
2026-05-05,74300.0,74500.0,72800.0,73700.0,13115660
2026-05-06,73300.0,74200.0,73000.0,74200.0,11186400
2026-05-07,73000.0,74300.0,73000.0,73900.0,10993620
2026-05-08,71900.0,73300.0,71900.0,73200.0,16211520
2026-05-11,70000.0,71700.0,70000.0,71700.0,17108020
2026-05-12,70600.0,71500.0,70000.0,70100.0,9173420
2026-05-13,70700.0,71500.0,70000.0,70600.0,12201680
2026-05-14,73900.0,75300.0,71000.0,71100.0,22945810
2026-05-15,72900.0,74200.0,72700.0,74200.0,6422714
2026-05-18,74900.0,75300.0,72000.0,72900.0,19149340
2026-05-19,74500.0,75800.0,74300.0,75000.0,13158740
2026-05-20,77700.0,78500.0,72800.0,74800.0,27005490
2026-05-21,76500.0,77900.0,75700.0,77700.0,12528940
2026-05-22,75100.0,77600.0,75100.0,76800.0,12571340
2026-05-25,73500.0,75600.0,73500.0,74600.0,10830750
2026-05-26,73487.7734375,73586.41474412751,72600.00167785234,72600.00167785234,5104800
2026-05-27,72600.0,74276.90217391304,72106.79347826086,73487.77173913043,9176300
