Price,Close,High,Low,Open,Volume
Ticker,GTN,GTN,GTN,GTN,GTN
Date,,,,,
2017-01-03,8.734576225280762,8.933995777276785,8.495272610740491,8.81434435036926,899400
2017-01-04,8.933993339538574,9.013761442861467,8.678736626065334,8.774457893617798,713200
2017-01-05,8.774460792541504,8.933996291169933,8.654809358751498,8.89411222633151,833000
2017-01-06,8.814343452453613,8.957924997970974,8.694691277009815,8.894110808691003,727400
2017-01-09,8.734576225280762,8.854228412913507,8.535156673284739,8.734576225280762,1148200
2017-01-10,8.415504455566406,8.814343522079268,8.359666468961505,8.734575404486636,1694800
2017-01-11,8.734576225280762,8.77446028782501,8.295853058744466,8.415505246377213,1635800
2017-01-12,8.495272636413574,8.734576251677032,8.335737146479676,8.734576251677032,456800
2017-01-13,8.455388069152832,8.734574944576444,8.35966602879176,8.495271365123985,482900
2017-01-17,8.0166654586792,8.575040004501721,7.936897340393772,7.976781399536486,1551700
2017-01-18,8.295849800109863,8.375617893865215,8.200128544038394,8.255966513957109,876000
2017-01-19,8.415504455566406,8.49527181243389,8.25596898110629,8.335736337973774,1146000
2017-01-20,8.654806137084961,8.854225626319868,8.375618547866098,8.455386647850053,978400
2017-01-23,8.654806137084961,8.774457526335913,8.535153987109029,8.654806137084961,501000
2017-01-24,8.734576225280762,8.81434435036926,8.535156673284739,8.654808860917484,662600
2017-01-25,9.25306510925293,9.372716505027096,8.814342056872615,8.814342056872615,1336400
2017-01-26,9.213181495666504,9.492368352671514,9.213181495666504,9.253065549731522,837200
2017-01-27,9.173296928405762,9.292948323181918,9.093528824738314,9.213180980239486,885000
2017-01-30,9.412602424621582,9.53225384413418,8.973879285200098,9.053647405358612,1298400
2017-01-31,9.45248794555664,9.532255317317809,9.253068375065784,9.412603879313412,654900
2017-02-01,9.73167324066162,9.811441359646825,9.452486345663742,9.49236964443118,1980700
2017-02-02,9.532255172729492,9.931094307661482,9.45248780217826,9.731674740195489,719800
2017-02-03,9.651904106140137,9.731671449720414,9.492367897529538,9.612020053987488,607200
2017-02-06,9.612021446228027,9.851325033080514,9.572137388298424,9.612021446228027,492700
2017-02-07,9.532255172729492,9.970978373299737,9.532255172729492,9.691790674557232,693700
2017-02-08,9.651904106140137,9.811439554025712,9.292948397491314,9.492367897529538,1104700
2017-02-09,9.970974922180176,10.090626316956332,9.691787320069125,9.731671371902848,1447900
2017-02-10,10.050743103027344,10.13051044658231,9.731671446632417,10.050743103027344,729400
2017-02-13,9.89120864868164,10.050744885535504,9.69178911333947,10.050744885535504,680600
2017-02-14,9.970974922180176,10.0108589740139,9.731671371902848,9.811439475570296,659300
2017-02-15,10.050743103027344,10.170394498722304,9.931090946607362,10.01085905088735,1048700
2017-02-16,9.93109130859375,10.21027892302502,9.85132396213128,10.130510815837502,801500
2017-02-17,10.010860443115234,10.050744500801974,9.811440915406664,9.851324973093403,626900
2017-02-21,10.010860443115234,10.210279970823803,9.851324973093403,10.050744500801974,799600
2017-02-22,10.529352188110352,10.529352188110352,9.97097759493882,9.97097759493882,1496900
2017-02-23,10.609119415283203,10.649003474432511,10.369815821112498,10.569235356133891,846200
2017-02-24,10.649003028869627,10.672933159067895,10.449583502192109,10.529350856428042,587400
2017-02-27,11.087724685668944,11.167492795642136,10.60114134486271,10.649002362991636,1901700
2017-02-28,10.84842300415039,11.127609896608762,10.832469076208405,11.007958479944485,1621900
2017-03-01,11.526449203491213,11.765752802466062,10.968074646366668,11.167494185391517,2349500
2017-03-02,11.167494773864746,11.566333872931343,11.00795928638315,11.566333872931343,1113200
2017-03-03,11.526449203491213,11.566333263441214,10.928190586416664,11.207378245341522,1049800
2017-03-06,11.885401725769045,12.005053880493234,11.327027285897849,11.44667944062204,1737500
2017-03-07,11.885401725769045,12.044937932067963,11.606214886195952,11.925285777343774,1348100
2017-03-08,11.725868225097656,12.005055871703014,11.646100869442652,11.965171813512944,720200
2017-03-09,11.526449203491213,11.84552092236607,11.422750951911269,11.685984682566056,1812100
2017-03-10,11.247260093688965,11.685982384695432,11.08772388525932,11.526446936990808,1785200
2017-03-13,11.446680068969728,11.805635031396552,11.24726056087426,11.327027907677415,947700
2017-03-14,11.32702922821045,11.486564701140852,11.167493755280049,11.40679734503822,822200
2017-03-15,11.28714370727539,11.566331319271972,11.167492308262592,11.48656321278008,754300
2017-03-16,11.007959365844728,11.406798467790368,10.96807530350512,11.327030343111153,1054500
2017-03-17,10.888307571411133,11.03188989672059,10.649004710195696,10.96807569896644,1455200
2017-03-20,11.007959365844728,11.16749485447794,10.649004326238693,10.888307178825904,1024800
2017-03-21,10.56923484802246,11.16749342432562,10.52935079079056,11.047842013355035,1233900
2017-03-22,10.84842300415039,11.087725837478953,10.449583934302584,10.529351291837052,1094300
2017-03-23,11.007959365844728,11.36691440545076,10.7686557525323,10.7686557525323,708200
2017-03-24,11.167494773864746,11.44668244750145,11.047843348434853,11.047843348434853,651200
2017-03-27,11.167494773864746,11.28714619929464,10.848423798901552,11.00795928638315,499000
2017-03-28,11.127607345581056,11.327026834787617,11.071770132035212,11.167491395567364,593300
2017-03-29,11.007959365844728,11.16749485447794,10.96807530350512,11.087726729798725,325200
2017-03-30,11.526449203491213,11.566333263441214,11.007958706316671,11.007958706316671,826300
2017-03-31,11.566332817077637,11.76575234840656,11.406797344159523,11.48656470025601,1316900
2017-04-03,11.32702922821045,11.630147007140785,11.271192002866094,11.606216876382508,378100
2017-04-04,11.406797409057615,11.566332882883394,11.16749381795638,11.247261935231842,596100
2017-04-05,11.366912841796877,11.606216422190252,11.287144728090713,11.526448308484088,593300
2017-04-06,11.566332817077637,11.63014700624488,11.287145168927085,11.366913285748712,629100
2017-04-07,11.486566543579102,11.725870171721429,11.406799174681836,11.486566543579102,454000
2017-04-10,11.566332817077637,11.74979842075218,11.366913285748712,11.526448758666822,1064500
2017-04-11,11.566332817077637,11.709915123066509,11.406797344159523,11.526448758666822,493900
2017-04-12,11.566332817077637,11.725868289995748,11.446681402570338,11.526448758666822,469600
2017-04-13,11.566332817077637,11.646100933899262,11.390843416505144,11.526448758666822,681800
2017-04-17,11.606218338012695,11.646102401449385,11.406798781554487,11.566334274576006,624900
2017-04-18,11.725868225097656,11.8056363414778,11.327029164647223,11.52644869487244,1105400
2017-04-19,11.925288200378418,12.044940379414088,11.725868662710802,11.805636782067914,800600
2017-04-20,12.08482265472412,12.164590767324484,11.90933402416348,11.965171246548676,1105900
2017-04-21,11.685982704162598,12.164589821085483,11.685982704162598,12.08482171468999,833500
2017-04-24,11.526449203491213,12.005056401440914,11.486565143541206,11.965172341490913,667100
2017-04-25,11.685982704162598,11.845518916953589,11.606215358492143,11.606215358492143,423200
2017-04-26,12.005057334899902,12.24436095248192,11.646102288889487,11.685985591215466,783100
2017-04-27,12.204473495483398,12.324124890637886,11.805634497335086,12.005053996409243,1031100
2017-04-28,11.685982704162598,12.204473874283233,11.566331305294396,12.204473874283233,1002300
2017-05-01,11.526449203491213,11.925288281540908,11.350959796146295,11.685984682566056,1203500
2017-05-02,10.968076705932615,11.606219502786487,10.928192638493254,11.52645136790776,1190200
2017-05-03,10.728771209716797,11.007958872865728,10.369816186186158,10.968074812312285,1506400
2017-05-04,10.290047645568848,11.566332966895672,10.130512170584282,11.28714531512882,1625300
2017-05-05,10.449581146240234,10.569232530980218,10.090625470570378,10.250161664523626,1165400
2017-05-08,10.40969944000244,10.569234909127262,10.210279913415134,10.40969944000244,1613500
2017-05-09,10.329931259155272,10.529350784469951,10.250163905464474,10.409699373571192,1058400
2017-05-10,10.210280418395996,10.433630086217192,10.050744941380858,10.290047776540986,984000
2017-05-11,10.449581146240234,10.489464434003594,9.978951047673048,10.170393567547002,979400
2017-05-12,10.130513191223145,10.569236362175474,10.090629128277437,10.369816808172162,792800
2017-05-15,10.090628623962402,10.313979061005542,10.074675456016571,10.130512684914764,681700
2017-05-16,9.73167324066162,10.329931850875145,9.53225370392378,10.090628254644704,1305600
2017-05-17,9.612021446228027,9.771556917221307,9.332833801445938,9.53225333036882,1142100
2017-05-18,9.77155590057373,10.01085946252871,9.492368284838744,9.61202044617876,907500
2017-05-19,10.050743103027344,10.050743103027344,9.651904103077449,9.731671446632417,1082000
2017-05-22,10.050743103027344,10.13051044658231,9.931090946607362,10.050743103027344,524200
2017-05-23,9.93109130859375,10.21027892302502,9.89120725499999,10.09062676224374,621800
2017-05-24,9.970974922180176,10.130510368790056,9.915137706047972,9.931090870346452,652000
2017-05-25,9.811441421508787,10.170396437755112,9.731673302020644,10.05074501924806,1046000
2017-05-26,10.010860443115234,10.050744500801974,9.691788742346446,9.851324973093403,672900
2017-05-30,9.77155590057373,10.090626809363668,9.651904499958766,10.01085946252871,896700
2017-05-31,9.612021446228027,9.81144097515091,9.516300163632058,9.731672859291704,1461100
2017-06-01,9.93109130859375,9.994905490053746,9.49236824051249,9.612020401293767,706300
2017-06-02,9.89120864868164,9.931092707895106,9.65190581485116,9.851325350193331,1068500
2017-06-05,9.811441421508787,9.87525561280924,9.69178924227657,9.851325481252864,787000
2017-06-06,9.372715950012209,9.731670876803848,9.372715950012209,9.651903537919582,1057800
2017-06-07,9.970974922180176,10.0108589740139,9.372716426849363,9.372716426849363,1000700
2017-06-08,10.250164031982422,10.250164031982422,9.93109233110556,9.970976388805807,575700
2017-06-09,10.369813919067385,10.569233417510986,10.130510368790056,10.250162524291229,1098300
2017-06-12,10.688887596130373,10.792585853615506,10.36981661981089,10.40970068203213,1038800
2017-06-13,10.928190231323242,11.087725705214243,10.688886640124164,10.7287706987782,1156200
2017-06-14,10.84842300415039,11.087725837478953,10.768654885890768,10.888306302555048,789700
2017-06-15,11.087724685668944,11.207376850628728,10.768653767226343,10.808537822212935,740600
2017-06-16,11.207378387451172,11.247262447906904,10.88830666453048,11.047842906353416,651400
2017-06-19,11.32702922821045,11.40679734503822,11.087725638452278,11.287145169796563,1498200
2017-06-20,10.728771209716797,11.327029835842922,10.64900384933509,11.287145775289478,1184800
2017-06-21,10.688887596130373,10.808539782794089,10.609120232413108,10.72877165835161,795800
2017-06-22,10.529352188110352,10.768655802533926,10.409700761261172,10.728771740009128,933200
2017-06-23,10.649003028869627,10.728770383105564,10.449583502192109,10.489466798947516,592100
2017-06-26,10.888307571411133,11.007959762744097,10.688888013248109,10.688888013248109,737500
2017-06-27,10.808537483215332,11.007956991168658,10.768653429479656,10.888304829961632,502600
2017-06-28,10.968076705932615,11.127612214964756,10.84842526433984,10.928192638493254,560300
2017-06-29,10.928190231323242,11.127609763868284,10.768654757432238,11.047842407285351,1083300
2017-06-30,10.928190231323242,11.16749382252232,10.688886640124164,11.007958348631316,796000
2017-07-03,11.087724685668944,11.207376850628728,10.968073281434238,11.007957336420834,204900
2017-07-05,10.968076705932615,11.247264417282846,10.928192638493254,11.087728147525391,449500
2017-07-06,10.768654823303224,11.047842474864108,10.72877076440522,10.968074357068096,360000
2017-07-07,10.928190231323242,11.007958348631316,10.688886640124164,10.768654757432238,382800
2017-07-10,11.207378387451172,11.327029808093194,10.83246943632756,10.88830666453048,784200
2017-07-11,11.207378387451172,11.366913868548927,11.08772620608397,11.207378387451172,654100
2017-07-12,11.127607345581056,11.44667898474654,11.087723295594747,11.327026834787617,354200
2017-07-13,11.207378387451172,11.247262447906904,11.047842906353416,11.127610266539705,422200
2017-07-14,11.32702922821045,11.40679734503822,11.167493755280049,11.167493755280049,473900
2017-07-17,11.366912841796877,11.446680955503036,11.20737737510966,11.287144728090713,367000
2017-07-18,11.207378387451172,11.40679792900466,11.127610266539705,11.327029808093194,539300
2017-07-19,11.406797409057615,11.566332882883394,11.247261935231842,11.247261935231842,631500
2017-07-20,11.725868225097656,11.925287755322872,11.366913222837296,11.406797281027366,1036200
2017-07-21,11.566332817077637,11.725868289995748,11.48656470025601,11.725868289995748,369000
2017-07-24,11.685982704162598,11.80563486375584,11.526447252096649,11.606215358492143,440400
2017-07-25,11.80563735961914,11.88540472215344,11.64610187382534,11.76575329798939,702700
2017-07-26,11.885401725769045,12.005053880493234,11.725866280195133,11.805634383344591,493600
2017-07-27,12.04493808746338,12.084821378827646,11.86944871470553,11.885401879106231,495800
2017-07-28,12.005057334899902,12.14863889686893,11.925289208797484,11.925289208797484,404400
2017-07-31,11.885401725769045,12.124705274492417,11.56633083462122,12.084821222917686,373200
2017-08-01,11.885401725769045,11.965169828918503,11.64609893777068,11.925285777343774,359200
2017-08-02,11.526449203491213,11.885404221590903,11.350959796146295,11.885404221590903,621200
2017-08-03,10.84842300415039,11.406797549792287,10.80853894502058,11.406797549792287,968400
2017-08-04,10.768654823303224,10.928190298170094,10.72877076440522,10.848422941099232,442600
2017-08-07,10.888307571411133,11.04784382652175,10.688888013248109,10.768656140803415,679400
2017-08-08,11.28714370727539,11.765750824776662,10.688885190761322,11.60621537251792,1766700
2017-08-09,11.566332817077637,11.685984231584934,11.08772563759816,11.287145168927085,1075600
2017-08-10,11.366912841796877,11.685983775171303,11.350958914765595,11.566332365337171,1135500
2017-08-11,11.725868225097656,11.765752283287728,11.406797281027366,11.406797281027366,651500
2017-08-14,11.685982704162598,11.885402209426294,11.685982704162598,11.845518916953589,1000200
2017-08-15,11.685982704162598,11.845518916953589,11.64609941168989,11.80563486375584,801800
2017-08-16,11.406797409057615,11.68598429807144,11.366913350419887,11.68598429807144,838600
2017-08-17,11.247260093688965,11.550377063965245,11.247260093688965,11.36691148928618,1598200
2017-08-18,11.047842025756836,11.327028905243308,10.992004041279449,11.167493436861736,1232400
2017-08-21,11.047842025756836,11.127609379585063,10.848422500098591,11.047842025756836,715700
2017-08-22,11.32702922821045,11.40679734503822,11.023911449280115,11.047842340763532,746000
2017-08-23,11.247260093688965,11.36691148928618,11.167491989474142,11.247260093688965,474800
2017-08-24,11.406797409057615,11.486564765607934,11.247261935231842,11.247261935231842,401800
2017-08-25,11.366912841796877,11.566332365337171,11.366912841796877,11.446680955503036,338500
2017-08-28,11.32702922821045,11.446681403452104,11.24726187210782,11.446681403452104,421400
2017-08-29,11.207378387451172,11.350959940076562,11.151540398523071,11.28714574763746,366600
2017-08-30,11.725868225097656,11.829566472101783,11.20737775080215,11.20737775080215,1183600
2017-08-31,11.406797409057615,11.7657524153469,11.327029291782155,11.7657524153469,672000
2017-09-01,11.646100997924805,11.68598429582974,11.406797406869472,11.446681465499552,400000
2017-09-05,11.566332817077637,11.805636406817374,11.311076060408658,11.646100933899262,735700
2017-09-06,11.406797409057615,11.646101000158856,11.406797409057615,11.606216941521124,750600
2017-09-07,11.167494773864746,11.406798385449749,10.968075224331448,11.366914323398046,823800
2017-09-08,10.928190231323242,11.087725705214243,10.768654757432238,11.087725705214243,1151200
2017-09-11,10.968076705932615,11.207380349843485,10.808541196900478,11.087728147525391,681000
2017-09-12,10.968076705932615,11.127612214964756,10.808541196900478,10.928192638493254,529600
2017-09-13,11.167494773864746,11.231308968857386,10.896284064783426,10.968075224331448,411300
2017-09-14,10.688887596130373,11.207378883556045,10.609120232413108,11.127610759113567,1005700
2017-09-15,11.047842025756836,11.047842025756836,10.649002974440345,10.728770328268572,943000
2017-09-18,11.526449203491213,11.630147455071151,10.928190586416664,11.007958706316671,1296100
2017-09-19,11.685982704162598,11.765750810558092,11.526447252096649,11.64609941168989,1172800
2017-09-20,11.685982704162598,11.885402209426294,11.566331305294396,11.80563486375584,736200
2017-09-21,11.566332817077637,11.646100933899262,11.446681402570338,11.646100933899262,463800
2017-09-22,11.646100997924805,11.789682543977888,11.566332880664646,11.566332880664646,693700
2017-09-25,11.486566543579102,11.765754236532697,11.406799174681836,11.606218738012895,1257000
2017-09-26,11.406797409057615,11.646101000158856,11.406797409057615,11.526448824245664,1254400
2017-09-27,11.845518112182615,11.845518112182615,11.430725204266665,11.52644646900304,2688700
2017-09-28,12.204473495483398,12.36400894259772,11.805634497335086,11.84551854929492,1563200
2017-09-29,12.523545265197754,12.56342931994577,12.164590293915746,12.24435840341178,935400
2017-10-02,12.483659744262695,12.962266823577073,12.284240254669202,12.563427844390086,2253300
2017-10-03,12.324126243591309,12.6033138772346,12.228404964814349,12.563429820896255,1471200
2017-10-04,13.042036056518556,13.241455563433364,12.324125375190212,12.364009428718184,1556100
2017-10-05,13.002152442932127,13.321224900620226,12.922385849960342,13.121805375290284,1001500
2017-10-06,12.882500648498535,13.121804984640264,12.802732536451291,12.96226876054578,495100
2017-10-09,12.882500648498535,13.026082945893537,12.762849241152766,12.96226876054578,692500
2017-10-10,12.802733421325684,13.002152954501788,12.683082005710082,12.962269656446685,569400
2017-10-11,12.683080673217772,12.8426168915778,12.643197379352836,12.762848782397787,683800
2017-10-12,12.284242630004885,12.643198389262436,12.204475275178304,12.643198389262436,810400
2017-10-13,12.204473495483398,12.36400894259772,11.84551854929492,12.244357547443236,997000
2017-10-16,12.284242630004885,12.443778861108298,12.124707159626595,12.244359332954158,546300
2017-10-17,12.005057334899902,12.292221219563189,11.965173271848691,12.2842442548079,400600
2017-10-18,12.164589881896973,12.40389344155471,12.005054429033498,12.40389344155471,1195400
2017-10-19,12.12470531463623,12.24435746975658,11.60621492462309,12.12470531463623,938600
2017-10-20,12.364008903503418,12.56342840194702,12.228403583703766,12.244357508727262,926200
2017-10-23,12.244359016418455,12.403894482672502,12.10875367992124,12.403894482672502,850800
2017-10-24,12.204473495483398,12.443777046517392,12.204473495483398,12.284240838678052,723000
2017-10-25,12.164589881896973,12.32412533476045,11.965170375636369,12.204473935294104,722200
2017-10-26,12.364008903503418,12.58735852875725,12.12470535322609,12.204473456893538,1122600
2017-10-27,12.284242630004885,12.48366215815902,11.92528763147246,12.443778861108298,946600
2017-10-30,12.244359016418455,12.403894482672502,12.16459090292888,12.324126369182924,796800
2017-10-31,12.419846534729004,12.52354476867246,12.204473864788785,12.324125263563902,632400
2017-11-01,12.523545265197754,12.56342931994577,12.204474348663762,12.403893861678776,702800
2017-11-02,12.284242630004885,12.48366215815902,12.204475275178304,12.443778861108298,935100
2017-11-03,12.244359016418455,12.324126369182924,11.925287323185255,12.324126369182924,1463300
2017-11-06,11.725868225097656,11.98910194413693,11.08772557623194,11.8854036971328,2775400
2017-11-07,12.04493808746338,12.324124930638346,11.646099088020552,11.646099088020552,1554700
2017-11-08,11.965170860290527,12.108753154046038,11.805635400965002,12.0848222646034,918700
2017-11-09,12.244359016418455,12.403894482672502,11.76575185693121,11.885403266440468,865800
2017-11-10,12.284242630004885,12.643198389262436,12.244359332954158,12.324126687780735,859700
2017-11-13,12.04493808746338,12.204473535095506,11.885401879106231,12.204473535095506,742800
2017-11-14,12.04493808746338,12.124705430916933,11.885401879106231,12.04493808746338,471400
2017-11-15,11.885401725769045,12.084821222917686,11.765750331769862,11.965169828918503,467100
2017-11-16,12.244359016418455,12.443778539417291,11.845519970420789,11.845519970420789,704900
2017-11-17,12.523545265197754,12.722964778212766,12.124706239167727,12.24435840341178,565900
2017-11-20,12.683080673217772,12.762848782397787,12.364009757947857,12.483661160992808,572600
2017-11-21,12.842617988586426,12.922386104580182,12.603314401330286,12.68308175659891,646600
2017-11-22,12.802733421325684,12.962269656446685,12.762850123270582,12.882501538886183,477300
2017-11-24,12.802733421325684,12.906432430589422,12.762850123270582,12.84261824083108,106800
2017-11-27,12.922385215759276,13.16168802583068,12.802732289273417,12.842617105252089,535300
2017-11-28,12.7229642868042,12.842616446426836,12.164589824073694,12.364009329386375,1843700
2017-11-29,12.244359016418455,12.826663658427,12.124706846184091,12.563429948926547,2597000
2017-11-30,11.486566543579102,11.925289735052491,11.366915109870568,11.765754236532697,11428300
2017-12-01,11.566332817077637,11.685984231584934,11.287145168927085,11.446681402570338,3304300
2017-12-04,11.725868225097656,11.8854036971328,11.446681339217436,11.765752283287728,2566200
2017-12-05,11.845518112182615,12.028983679412756,11.606214569979182,11.725865960718403,1739000
2017-12-06,11.80563735961914,11.96517284541294,11.72586923635964,11.84552142124889,776700
2017-12-07,12.08482265472412,12.124706711024302,11.845519838373228,11.845519838373228,1339300
2017-12-08,11.685982704162598,12.228404001911866,11.685982704162598,12.124705767887738,2217000
2017-12-11,11.646100997924805,12.044940062775307,11.606216939294724,11.805636471719978,1501300
2017-12-12,11.725868225097656,11.765752283287728,11.414774244810408,11.646100869442652,1546100
2017-12-13,11.765751838684082,11.925287304690707,11.725867782001147,11.765751838684082,1550300
2017-12-14,12.164589881896973,12.204473935294104,11.76575086937576,11.925286322239236,2893200
2017-12-15,12.96226978302002,13.002153081464572,12.244359760865896,12.244359760865896,3539100
2017-12-18,13.400989532470703,13.60040902861729,12.962267249528214,13.002150540177526,2213000
2017-12-19,13.400989532470703,13.544571813128249,13.24145484842344,13.4009895324707,1694900
2017-12-20,13.839715003967283,13.90352918956312,13.32122455581985,13.560527371441683,1620200
2017-12-21,13.720063209533691,13.959366018412124,13.345153548453954,13.799829798193066,1676300
2017-12-22,13.7599458694458,13.799829161936623,13.46480433208342,13.640294470523244,642400
2017-12-26,13.680177688598633,13.959365298865968,13.600409582600811,13.64029439632476,547100
2017-12-27,13.560527801513672,13.87959873961218,13.424922462640524,13.680179213119333,653700
2017-12-28,13.440876960754396,13.640296495716774,13.400992140891733,13.56052837744176,450800
2017-12-29,13.361106872558594,13.52064308558709,13.281338766044346,13.44087497907284,751100
2018-01-02,13.321222305297852,13.68017646808795,13.24145420641674,13.520641791775663,1006800
2018-01-03,13.281339645385742,13.440875868976937,13.002152014826244,13.400991052354046,945400
2018-01-04,12.922385215759276,13.560527056916458,12.762848994744902,13.440875651880758,1280500
2018-01-05,12.842617988586426,13.042037517845683,12.68308175659891,13.034060554101282,851300
2018-01-08,12.643198013305664,13.042037057754106,12.643198013305664,12.802732718214914,677900
2018-01-09,12.762850761413574,13.12180654765848,12.643199339815396,12.643199339815396,1207900
2018-01-10,13.24145793914795,13.26538731054295,12.683082611025602,12.722966671709369,1035400
2018-01-11,13.7599458694458,13.879597268368356,13.281338752305494,13.361106858737228,1290700
2018-01-12,13.440876960754396,13.879599329091503,13.281340724204368,13.720064613991786,814600
2018-01-16,13.600411415100098,13.879599062984765,13.48076000070675,13.48076000070675,816200
2018-01-17,13.680177688598633,13.759945794596456,13.56052629032694,13.759945794596456,564700
2018-01-18,13.839715003967283,13.87959829942086,13.600410666895256,13.680178779252598,489400
2018-01-19,13.839715003967283,13.87959829942086,13.600410666895256,13.799830187063517,794000
2018-01-22,13.99925136566162,14.142833680624369,13.839716643497754,13.99925136566162,637100
2018-01-23,13.879599571228027,14.039135810561245,13.743994224229894,13.999250990002771,749400
2018-01-24,13.959364891052246,14.039132994719694,13.640293997832488,13.919481599943538,625800
2018-01-25,14.118901252746582,14.118901252746582,13.879596939127968,13.959365043667509,642500
2018-01-26,14.1986722946167,14.1986722946167,13.799833168122404,14.079020860958517,711500
2018-01-29,13.7599458694458,14.11890158766355,13.704108651378611,14.11890158766355,427800
2018-01-30,13.560527801513672,13.743993400739033,13.440876389908013,13.64029591640086,503800
2018-01-31,13.042036056518556,13.75994597712185,12.962267949462612,13.720062684318926,734700
2018-02-01,13.042036056518556,13.321223670489308,12.762848442547805,13.002151242265535,981500
2018-02-02,12.683080673217772,13.081919697667704,12.563429270172822,12.962268294622753,622100
2018-02-05,12.523545265197754,12.643197429441804,12.268288531970562,12.443777916426791,1078000
2018-02-06,12.603315353393556,12.842618958726854,12.204476264746448,12.244360325756196,999400
2018-02-07,12.324126243591309,12.722965285524523,12.284242187252966,12.64319793357294,548200
2018-02-08,12.04493808746338,12.683079877991888,12.005054035374092,12.324124930638346,1105300
2018-02-09,11.965170860290527,12.124706319616052,11.470610556018862,12.124706319616052,1116600
2018-02-12,12.08482265472412,12.24435887992485,11.765751725772864,12.005055302848856,666200
2018-02-13,12.324126243591309,12.324126243591309,12.044939370673118,12.084822666286358,395300
2018-02-14,12.164589881896973,12.40389344155471,12.124705828499843,12.204473935294104,511000
2018-02-15,12.324126243591309,12.403894356267992,12.044939370673118,12.324126243591309,792600
2018-02-16,11.965170860290527,12.364009888966878,11.925286805277876,12.284241778941578,898900
2018-02-20,11.965170860290527,12.204474429641351,11.845519455977652,11.885402750265229,1160300
2018-02-21,12.04493808746338,12.188519609969784,11.949216058159084,12.04493808746338,668900
2018-02-22,11.725868225097656,12.2443594601183,11.63014694187657,12.08482322735802,1174700
2018-02-23,11.80563735961914,11.84552142124889,11.606217812195592,11.68598517472989,811200
2018-02-26,12.244359016418455,12.348056498939757,11.805635913676,11.805635913676,1407900
2018-02-27,11.765751838684082,12.04493947473951,11.36691279330496,11.805635895367017,2057300
2018-02-28,11.007959365844728,11.7657535073964,10.7686557525323,11.7657535073964,2658400
2018-03-01,10.728771209716797,11.087726233247436,10.688887149163351,10.808539330823686,1733700
2018-03-02,11.087724685668944,11.247260905615322,10.48946614304526,10.609118308005042,1221700
2018-03-05,10.928190231323242,11.207377881176358,10.888306172669203,11.007958348631316,809200
2018-03-06,10.928190231323242,10.992004420879644,10.688886640124164,10.888306172669203,1339800
2018-03-07,10.688887596130373,10.928191208732589,10.633050365455766,10.848423845015326,1016000
2018-03-08,10.649003028869627,10.848422555547147,10.569234913908572,10.688886325625036,760600
2018-03-09,10.888307571411133,11.007959762744097,10.712818907949844,10.768656140803415,675400
2018-03-12,10.968076705932615,11.031890909545472,10.84842526433984,10.88830857105389,571900
2018-03-13,10.768654823303224,11.047842474864108,10.64900340733436,11.047842474864108,835800
2018-03-14,10.768654823303224,10.832469013249971,10.609119348436352,10.768654823303224,768100
2018-03-15,10.609119415283203,10.808538950304596,10.529351296984585,10.768654891155286,1077400
2018-03-16,10.688887596130373,10.768655720572848,10.529352107970633,10.609120232413108,2839200
2018-03-19,10.329931259155272,10.848422481408504,10.074674510184524,10.808538424200547,1302400
2018-03-20,10.090628623962402,10.409700350856092,10.050745323735232,10.329932228951373,1707800
2018-03-21,9.77155590057373,10.170394916923678,9.572136392398756,10.050743516308716,3047200
2018-03-22,9.45248794555664,9.835373155750943,9.412603879313412,9.691790821565435,2575000
2018-03-23,9.77155590057373,10.01085946252871,9.412600938003788,9.412600938003788,1963500
2018-03-26,9.970974922180176,10.050743025847623,9.7954855505468,9.85132352740402,1265600
2018-03-27,10.40969944000244,10.48946679420229,9.89120821444037,9.97097632936534,1645900
2018-03-28,10.210280418395996,10.4894673129912,10.170396358960922,10.449584014281283,1842900
2018-03-29,10.130513191223145,10.329932745226456,10.050745826056955,10.21028131711456,1168300
2018-04-02,9.691786766052246,10.290045227184484,9.651903477223408,10.090625740140403,1085900
2018-04-03,9.612021446228027,9.81144097515091,9.412601917305144,9.771556917221307,1269100
2018-04-04,9.73167324066162,9.811441359646825,9.41260228617114,9.49236964443118,743300
2018-04-05,9.612021446228027,9.875255163548225,9.572137388298424,9.81144097515091,1022100
2018-04-06,9.572136878967283,9.715719175583825,9.292949249040705,9.612020934774668,3059000
2018-04-09,9.572136878967283,9.771556397279104,9.516299657272006,9.65190499058205,843200
2018-04-10,9.45248794555664,9.691790821565435,9.412603879313412,9.651907516047496,740800
2018-04-11,9.09352970123291,9.45248544160994,9.053646406279986,9.372717330253913,1353100
2018-04-12,9.09352970123291,9.213181868266949,8.97387829492396,9.09352970123291,1244700
2018-04-13,9.09352970123291,9.213181868266949,8.97387829492396,9.09352970123291,1500500
2018-04-16,9.412602424621582,9.492369784054922,9.093530704712697,9.17329882487121,1412800
2018-04-17,9.372715950012209,9.45248404962145,9.25306456132332,9.45248404962145,938200
2018-04-18,9.412602424621582,9.492369784054922,9.332834304463066,9.412602424621582,523700
2018-04-19,9.73167324066162,9.891208717906862,9.37271822667854,9.41260228617114,1338900
2018-04-20,9.45248794555664,9.851327086538353,9.332835746826952,9.691790821565435,1179600
2018-04-23,9.33283233642578,9.572135885713625,9.292948284756973,9.452484491432209,465100
2018-04-24,9.412602424621582,9.492369784054922,9.29295024438381,9.372718364542324,745800
2018-04-25,9.691786766052246,9.755600941048352,9.41259994062552,9.45248399017933,909000
2018-04-26,9.33283233642578,9.731671331663849,9.33283233642578,9.731671331663849,1188200
2018-04-27,9.173296928405762,9.372716426849363,9.053645533629606,9.33283237501564,997400
2018-04-30,9.013763427734377,9.332834389836846,8.933995306846167,9.25306702967382,888000
2018-05-01,9.0536470413208,9.13341439754678,8.814343451192581,8.97387892436968,734400
2018-05-02,8.933993339538574,9.21318094044369,8.894109287877127,9.053645494522916,834400
2018-05-03,8.575039863586426,8.93399486852176,8.535155805099134,8.894110810034467,1317700
2018-05-04,8.694693565368652,8.854229841282116,8.535158050180533,8.575042119158898,1209800
2018-05-07,9.09352970123291,9.213181868266949,8.654807370950031,8.774458777258982,1491600
2018-05-08,9.013763427734377,9.691789412383422,8.854227946683139,9.452486571169157,1613800
2018-05-09,9.372715950012209,9.77155492660847,9.013761023220564,9.053645073025184,1297500
2018-05-10,9.532255172729492,9.572139238367749,9.292951539625244,9.332835605263496,973700
2018-05-11,9.372715950012209,9.57213543831034,9.332831900207584,9.532251388505715,825900
2018-05-14,9.372715950012209,9.532251388505715,9.316878736720724,9.45248404962145,1806400
2018-05-15,9.372715950012209,9.532251388505715,9.292947850402962,9.332831900207584,1136100
2018-05-16,9.412602424621582,9.476416616458325,9.29295024438381,9.372718364542324,770700
2018-05-17,9.25306510925293,9.492367900801264,9.173297004920135,9.492367900801264,767500
2018-05-18,9.25306510925293,9.412600557193493,9.213181057086532,9.292948400694304,1347200
2018-05-21,9.33283233642578,9.4126004397634,9.05364549619414,9.292948284756973,1073400
2018-05-22,9.532255172729492,9.691790674557232,9.292951539625244,9.332835605263496,1805900
2018-05-23,9.213181495666504,9.612020514866568,9.213181495666504,9.57213646080155,1406700
2018-05-24,9.09352970123291,9.253065923944964,8.97387829492396,9.173297812588936,939600
2018-05-25,9.09352970123291,9.213181868266949,9.013762350601972,9.133413756910922,1205100
2018-05-29,8.774460792541504,9.133415854636786,8.758506862316029,9.053648485685205,1709400
2018-05-30,8.694693565368652,8.97388128749187,8.65481025711563,8.854229841282116,1295400
2018-05-31,8.774460792541504,8.774460792541504,8.535157164236228,8.694692662864657,1039200
2018-06-01,8.694693565368652,8.81434577230375,8.535158050180533,8.81434577230375,791000
2018-06-04,8.654806137084961,8.854225626319868,8.614922087092983,8.734573476343936,500300
2018-06-05,8.694693565368652,8.73457763434702,8.535158050180533,8.694693565368652,756800
2018-06-06,8.933993339538574,9.053645494522916,8.575038396035575,8.65480649935847,884100
2018-06-07,9.0536470413208,9.25306657297346,8.894110807418558,8.97387892436968,633200
2018-06-08,9.09352970123291,9.173297812588936,8.97387829492396,9.053646406279986,437000
2018-06-11,9.45248794555664,9.532255317317809,9.09353211009287,9.09353211009287,707200
2018-06-12,9.213181495666504,9.492368352671514,9.133413387536468,9.492368352671514,759000
2018-06-13,9.45248794555664,9.516302147255692,9.213184308822555,9.213184308822555,845900
2018-06-14,9.73167324066162,9.771557300154225,9.37271822667854,9.49236964443118,1127000
2018-06-15,9.651904106140137,9.97097500191129,9.572136001834838,9.731671449720414,1136300
2018-06-18,9.651904106140137,9.811439554025712,9.532251949682188,9.572136001834838,582400
2018-06-19,9.77155590057373,9.811439954353736,9.61202044617876,9.651904499958766,818000
2018-06-20,10.56923484802246,10.649002962486264,9.75560281910211,9.771556746284917,1810300
2018-06-21,10.050743103027344,10.609117550812192,9.970974998747357,10.529349446532205,1543700
2018-06-22,10.210280418395996,10.234210549766978,9.955022894446614,10.090628240090773,1071300
2018-06-25,11.845518112182615,11.885401401945698,10.848420653605798,11.765750011206476,6233900
2018-06-26,13.161687850952148,13.560526876738576,12.284241689931976,12.324125744655634,5111900
2018-06-27,12.882500648498535,13.16168827993879,12.523545665736131,13.121804984640264,2181800
2018-06-28,12.7229642868042,13.08191924422202,12.483660728283972,12.962267845324428,1032900
2018-06-29,12.603315353393556,12.722966775697609,12.40389580907,12.722966775697609,1057900
2018-07-02,12.44377899169922,12.62724459437834,12.364010875310386,12.563430405557328,838200
2018-07-03,12.643198013305664,12.962268944574376,12.523545843536068,12.563429900125932,682200
2018-07-05,12.762850761413574,12.882502183011752,12.579385146866343,12.683082639864663,1141800
2018-07-06,12.802733421325684,12.882501538886183,12.62724477985282,12.802733421325684,837800
2018-07-09,12.922385215759276,13.002151804816304,12.683080884237716,12.802732289273417,706100
2018-07-10,12.882500648498535,13.081920167891548,12.643197833806996,13.002152055844304,684600
2018-07-11,13.121806144714355,13.48076039848613,12.842618488591649,12.922386607691038,1539400
2018-07-12,13.042036056518556,13.201570749180345,12.88249984240667,13.201570749180345,424700
2018-07-13,12.483659744262695,13.105849099516382,12.268287091078712,13.042034923704463,1684800
2018-07-16,12.204473495483398,12.603312493631712,11.885401840529738,12.563428441671878,2210900
2018-07-17,12.324126243591309,12.523545764557916,12.1247067226247,12.164590778963042,1157900
2018-07-18,12.364008903503418,12.483660298279574,12.12470535322609,12.28424079983597,607600
2018-07-19,12.08482265472412,12.40389434440048,12.08482265472412,12.364010288100296,987800
2018-07-20,12.324126243591309,12.324126243591309,11.909334035557816,12.1247067226247,601300
2018-07-23,12.204473495483398,12.324124890637886,12.084821339603897,12.244357547443236,516100
2018-07-24,11.965170860290527,12.324125833954229,11.885402750265229,12.324125833954229,770500
2018-07-25,12.12470531463623,12.204473418049796,11.925285816827328,12.005053920240895,537500
2018-07-26,12.204473495483398,12.42782312144345,12.005053996409243,12.12470539156373,698400
2018-07-27,11.925288200378418,12.164591797724592,11.685984603032246,12.164591797724592,738600
2018-07-30,12.04493808746338,12.28424087854906,11.845518587741966,11.965169983284806,308600
2018-07-31,12.324126243591309,12.36401029992965,11.949217331171058,12.084822666286358,448000
2018-08-01,11.885401725769045,12.5235442687897,11.869448561574158,12.324124771641058,816300
2018-08-02,11.965170860290527,11.989100989008088,11.646099941639475,11.885402750265229,1022200
2018-08-03,12.04493808746338,12.204473535095506,11.885401879106231,12.005054035374092,520200
2018-08-06,11.885401725769045,12.124705274492417,11.805634383344591,12.084821222917686,976700
2018-08-07,12.842617988586426,13.361108460370447,12.284242698080387,12.284242698080387,1739600
2018-08-08,13.64029598236084,13.72006409763376,12.962269284716394,13.201572109084903,2486700
2018-08-09,13.321222305297852,13.759944566969065,13.12180281882004,13.640293179372364,3823500
2018-08-10,12.96226978302002,13.440876971606206,12.96226978302002,13.321225554822236,1312800
2018-08-13,12.96226978302002,13.161689318143404,12.77880417585458,13.081921199803988,710800
2018-08-14,12.922385215759276,13.17764195222215,12.882500399780604,13.04203662079498,516600
2018-08-15,13.121806144714355,13.161689443538888,12.683082250392864,12.842618488591649,772800
2018-08-16,13.440876960754396,13.480760259166749,13.042037890829636,13.12180600910465,593800
2018-08-17,13.48076057434082,13.640296814620733,13.361109154856058,13.440877274996014,676100
2018-08-20,13.440876960754396,13.640296495716774,13.345154914534318,13.56052837744176,449100
2018-08-21,13.520645141601562,13.640296558842662,13.440877022957393,13.520645141601562,1194500
2018-08-22,13.64029598236084,13.72006409763376,13.40099163654208,13.480759751815,864700
2018-08-23,13.520645141601562,13.68017985743959,13.400992202910146,13.640296558842662,268200
2018-08-24,13.560527801513672,13.64029591640086,13.400991571739295,13.560527801513672,318600
2018-08-27,13.64029598236084,13.799830691456428,13.520644570176586,13.520644570176586,464300
2018-08-28,13.64029598236084,13.72006409763376,13.440876454903664,13.600411163999253,303800
2018-08-29,13.680177688598633,13.759945794596456,13.4009900783313,13.720062502322582,407600
2018-08-30,13.680177688598633,13.720062502322582,13.504689072563488,13.680177688598633,350600
2018-08-31,13.919482231140137,13.919482231140137,13.600409802001602,13.680177909286236,711400
2018-09-04,13.321222305297852,13.91948076473129,13.24145420641674,13.879595954565763,619700
2018-09-05,13.560527801513672,13.75994732800652,13.201572045246447,13.361108275020824,1149300
2018-09-06,13.161687850952148,13.52064358273999,13.065965815325342,13.48075876729126,493600
2018-09-07,13.161687850952148,13.377061290024852,13.121804556953562,13.161687850952148,439000
2018-09-10,13.201570510864258,13.241455324397272,13.042035821082404,13.241455324397272,494000
2018-09-11,13.440876960754396,13.440876960754396,13.081921189241989,13.201572605929355,464800
2018-09-12,13.520645141601562,13.68017985743959,13.400992202910146,13.400992202910146,540000
2018-09-13,13.64029598236084,13.680179279272174,13.520644570176586,13.600411163999253,215100
2018-09-14,13.560527801513672,13.70411010402056,13.480759686626484,13.64029591640086,261800
2018-09-17,13.48076057434082,13.60041199382558,13.321225855511251,13.60041199382558,249500
2018-09-18,13.440876960754396,13.600411675854112,13.400992140891733,13.480760259166749,309100
2018-09-19,13.520645141601562,13.720064677486835,13.377062832332117,13.48076032155432,355400
2018-09-20,13.839715003967283,13.943412485016694,13.560527371441683,13.560527371441683,368100
2018-09-21,14.079022407531738,14.262488060724593,13.919487652279528,13.959370960729906,1395700
2018-09-24,13.839715003967283,14.118902636492887,13.759946891609944,14.039134524135546,455500
2018-09-25,14.079022407531738,14.11890723743281,13.75995137557662,13.879602822378454,443400
2018-09-26,13.7599458694458,14.27843627907693,13.7599458694458,14.11890158766355,549500
2018-09-27,13.959364891052246,13.999248182160954,13.640293997832488,13.83971349627609,374600
2018-09-28,13.959364891052246,14.198667680604558,13.83971349627609,13.959364891052246,484300
2018-10-01,13.879599571228027,14.158787229335989,13.79185600890006,14.031158846449548,377800
2018-10-02,13.887577056884766,14.047113302209333,13.82376286304502,13.847693756278822,559900
2018-10-03,14.1986722946167,14.358208553794627,13.935438531988485,13.999252731369552,713300
2018-10-04,14.142830848693848,14.238552879985292,14.10294755650162,14.198668066342991,435000
2018-10-05,13.983296394348145,14.358204520209354,13.903528287168074,14.190692864436292,367200
2018-10-08,14.031157493591309,14.04711142027645,13.648272381849068,13.959366344958363,531700
2018-10-09,14.015204429626465,14.150809771897109,13.911506942690224,14.015204429626465,318300
2018-10-10,13.408967971801758,14.11890249086432,13.377061640058034,13.95936626779516,466000
2018-10-11,13.06596851348877,13.480761551110753,13.026085211254156,13.393017981904512,451200
2018-10-12,13.201570510864258,13.44087482771214,12.938336827346632,13.33717583397637,816500
2018-10-15,13.416943550109863,13.568502794235547,13.161686836708729,13.161686836708729,363600
2018-10-16,13.879599571228027,13.879599571228027,13.321225776462445,13.456831123460576,755800
2018-10-17,13.9673433303833,14.031157515774565,13.7360159574336,13.87162129157131,498900
2018-10-18,13.99925136566162,14.126879751972869,13.712088257186508,13.919484765304876,449200
2018-10-19,13.903528213500977,14.102947719669494,13.743991999986129,13.999248724449815,791200
2018-10-22,14.709183692932127,14.956463462845129,13.85566842141779,14.039134008080657,3328500
2018-10-23,14.158784866333008,14.717160089359975,13.88757421759992,14.605484131884534,1845200
2018-10-24,13.24145793914795,14.190695388375792,13.097875624976467,14.166764495530424,1565700
2018-10-25,13.632317543029783,13.720062612476877,13.161687387459176,13.353129930520936,953200
2018-10-26,13.225502967834473,13.52064453718912,13.145734852756169,13.416945531152251,639900
2018-10-29,13.209548950195312,13.759947266876436,13.010129424588408,13.400991512203912,482900
2018-10-30,13.528618812561035,13.871620612798983,13.201570938252788,13.201570938252788,699400
2018-10-31,13.807806015014648,13.975319189335313,13.600409548520052,13.767922722840716,612300
2018-11-01,14.182716369628906,14.294390810496408,13.831737599323707,13.83971456244998,826900
2018-11-02,13.919482231140137,14.334273650410053,13.78387690519129,14.2305761759551,557900
2018-11-05,13.959364891052246,14.246529455675043,13.887573749896546,13.98329577858749,857000
2018-11-06,14.75704860687256,15.03623631723865,14.358209455335464,14.549652065499195,2424200
2018-11-07,15.522819519042969,15.538773450737212,14.820863260453583,14.940514705259078,2069800
2018-11-08,15.881770133972168,16.145003834258162,15.52281439655937,15.61853643368617,1530200
2018-11-09,15.682353973388672,16.03333282268301,15.642470670231573,15.841890228918052,1090500
2018-11-12,15.64247226715088,16.049288390976674,15.57865806271452,15.618541369943252,971200
2018-11-13,15.482932090759276,15.86581722081926,15.40316397496755,15.66639769206507,1087800
2018-11-14,15.116000175476074,15.666396953443982,15.108023212127964,15.554722509470816,831600
2018-11-15,15.028257369995115,15.028257369995115,14.62941827104928,14.9644431750218,894600
2018-11-16,14.66929817199707,15.08409110389918,14.66929817199707,14.892648563355914,725800
2018-11-19,14.1986722946167,14.733116784977076,13.959369427300333,14.733116784977076,1107200
2018-11-20,13.799833297729492,14.039137688743915,13.624344628146014,14.007229828028445,1076900
2018-11-21,14.262484550476074,14.358206597229074,13.81578521567948,13.823762179696423,529500
2018-11-23,14.238554954528809,14.445951451336011,14.031158457721604,14.150809873181451,211400
2018-11-26,14.422016143798828,14.741086994479144,14.358201973662764,14.358201973662764,534200
2018-11-27,14.382136344909668,14.62143916057564,14.32629760123409,14.374159381527445,505200
2018-11-28,14.453929901123049,14.51774409735856,14.13485739849503,14.485836238515578,833900
2018-11-29,14.461901664733888,14.621437875455907,14.38213508082294,14.38213508082294,535400
2018-11-30,14.74907112121582,14.812885322353642,14.310348678574606,14.437977080850253,1231300
2018-12-03,14.78895378112793,15.13993107523956,14.45392889387567,14.95646546402889,705000
2018-12-04,13.9673433303833,14.852766483956003,13.951389403672938,14.757044445144013,846400
2018-12-06,14.110926628112791,14.17474081802745,13.536597397430567,13.799831121009822,685600
2018-12-07,13.783878326416016,14.318322722443291,13.728039580544294,14.134855600336724,2712700
2018-12-10,13.72804069519043,13.9434141681178,13.488737850682494,13.736017659534076,1050900
2018-12-11,14.110926628112791,14.414043649844844,13.903530130527578,13.943413428680378,722500
2018-12-12,13.9673433303833,14.318322110760349,13.95936636702812,14.254507925369085,455400
2018-12-13,13.680177688598633,14.055087330353368,13.432897929310457,13.959365298865968,893200
2018-12-14,13.50469207763672,13.831740015697644,13.448854847448327,13.60041260897384,742600
2018-12-17,13.353131294250488,13.46480574207909,13.057991247431977,13.39301611236802,872700
2018-12-18,13.28931713104248,13.584458699851576,13.193596610285647,13.361108282335229,691100
2018-12-19,12.91440773010254,13.408967256629078,12.842616585695444,13.27336193068791,802400
2018-12-20,12.4677095413208,12.9622699016666,12.324127231285674,12.834641519735449,927100
2018-12-21,11.69395923614502,12.563428368779746,11.670029109397966,12.427823049338093,1783800
2018-12-24,11.1993989944458,11.63014508035814,11.1993989944458,11.486562798145687,470000
2018-12-26,11.670031547546388,11.670031547546388,11.055819000489915,11.21535524073457,1617300
2018-12-27,11.4307279586792,11.50251911471193,10.96807468727402,11.470612018777958,1175400
2018-12-28,11.510496139526367,11.741822776447837,11.335006730602268,11.382867755117996,894400
2018-12-31,11.757776260375977,11.797660321757617,11.33500703547106,11.598240775574611,930300
2019-01-02,11.845518112182615,11.981123427407065,11.52644646900304,11.542400393488265,731400
2019-01-03,11.590262413024902,11.973148291086018,11.518471263343123,11.73384471238846,480800
2019-01-04,11.997077941894531,12.084822254267252,11.73384424405129,11.821588556424013,664100
2019-01-07,12.276268005371094,12.324128272275338,11.84552179960677,12.021010459222632,559500
2019-01-08,12.842617988586426,12.842617988586426,12.292219661824792,12.403894872071026,1288200
2019-01-09,13.08191967010498,13.097873596197395,12.65117355503561,12.77880268159974,1283000
2019-01-10,13.432901382446287,13.448855312037074,12.962271109671413,13.026085306584084,975800
2019-01-11,13.400989532470703,13.504688522478936,13.281338139072751,13.353129279401523,623600
2019-01-14,13.249434471130373,13.47278337793164,13.177643316387014,13.377062852574044,806900
2019-01-15,12.986201286315918,13.313249217598871,12.91441012857572,13.249435024213184,1274100
2019-01-16,13.026082038879396,13.297292688085342,12.91440760265933,12.99417570915227,1489200
2019-01-17,13.002152442932127,13.08989752094138,12.842617735538315,12.922385849960342,1072300
2019-01-18,13.161687850952148,13.36110736384536,13.010128595147265,13.081919741504834,1223200
2019-01-22,12.683080673217772,13.034059440739751,12.563429270172822,13.034059440739751,755300
2019-01-23,12.866547584533691,12.922386331726024,12.59533765898296,12.76285009693423,352000
2019-01-24,12.842617988586426,12.994177256829538,12.778803800081471,12.85857191607523,278300
2019-01-25,13.145734786987305,13.201572010827686,12.970246151853216,12.970246151853216,551700
2019-01-28,13.161687850952148,13.31324710675703,13.00215163205752,13.00215163205752,560800
2019-01-29,13.21752643585205,13.2334803636788,13.089898056138656,13.161689209908728,385400
2019-01-30,13.018106460571287,13.241456878215004,12.762849709807185,13.217525987287026,356000
2019-01-31,13.329198837280272,13.329198837280272,13.0579897131977,13.0579897131977,697100
2019-02-01,13.201570510864258,13.36110672209618,13.161687218781312,13.321223430013234,513300
2019-02-04,13.249434471130373,13.408969187209802,13.145735460300935,13.161689388343977,467700
2019-02-05,13.21752643585205,13.424922933248892,13.193597065562226,13.241457327592174,304200
2019-02-06,13.1377592086792,13.273364561497642,13.050015642585196,13.24145822513175,254300
2019-02-07,12.986201286315918,13.050015479701608,12.714989823338954,13.050015479701608,662800
2019-02-08,12.898455619812012,12.994177666311032,12.810710537308768,12.890478655816231,520900
2019-02-11,13.097874641418455,13.257410872173471,12.914409041065364,12.970246265394543,462600
2019-02-12,13.185619354248049,13.369084949505378,13.026083127924151,13.161688463864396,424700
2019-02-13,13.743993759155272,13.855669731489725,13.37706255113571,13.37706255113571,765500
2019-02-14,14.039134979248049,14.1667633545771,13.672202259089335,13.68815618636803,889900
2019-02-15,14.222599029541016,14.318321061337317,14.01520256185743,14.14283092328578,856700
2019-02-19,14.07104206085205,14.286415526220274,14.031158761984006,14.134856251911115,636800
2019-02-20,14.246532440185549,14.278438775466576,14.063065306880825,14.079019235246513,550600
2019-02-21,14.39808750152588,14.437972314977928,14.222598886687054,14.254506737448695,479800
2019-02-22,14.453929901123049,14.525719540618857,14.35820784604455,14.485836238515578,447700
2019-02-25,14.374160766601562,14.597509677024672,14.302369610694036,14.477858257662245,459500
2019-02-26,14.48583698272705,14.605488416634437,14.246534114912276,14.334277688337412,830100
2019-02-27,15.004324913024902,15.028255804190428,14.382136957223874,14.406066326939138,1695600
2019-02-28,17.477127075195312,17.509034929538732,15.283512296943092,15.363280411351402,4298200
2019-03-01,18.003597259521484,18.705554948157545,17.509037613003343,17.796200738854033,4361500
2019-03-04,17.668567657470703,18.19503502355434,17.588799551998925,17.907871973886035,2063800
2019-03-05,18.01954841613769,18.15515375411176,17.66856962583125,17.70047748015467,1566100
2019-03-06,17.923824310302734,18.28278002284854,17.852033167793575,17.947755198289144,1625600
2019-03-07,17.732383728027344,17.9956174391328,17.6526156140514,17.93180325224209,1508000
2019-03-08,17.261751174926758,17.732381309602857,17.174007630825294,17.644637765501397,2154600
2019-03-11,17.7642879486084,17.82012516053529,17.261749998366536,17.38140290558121,1396800
2019-03-12,18.49018096923828,18.514110341574465,17.708456696280685,17.796200263930746,1736400
2019-03-13,18.091339111328125,18.490178151625656,18.08336214794815,18.490178151625656,1464300
2019-03-14,17.86798667907715,18.17110516741414,17.772266172249694,18.139197317504973,1030500
2019-03-15,17.89989471435547,18.091337251442955,17.73238154349764,17.87596382667577,1068700
2019-03-18,17.772268295288086,17.947756926401944,17.668569292145648,17.88394274041052,669700
2019-03-19,17.692502975463867,17.94775975972567,17.636665744087903,17.828108332284256,467800
2019-03-20,17.70047950744629,17.883945126468145,17.3654546059301,17.66059468497388,897600
2019-03-21,17.931800842285156,18.067406161384422,17.572846659810644,17.652613241616077,621000
2019-03-22,17.15007972717285,17.88394366472849,17.134125799487876,17.780246177676734,642600
2019-03-25,17.517009735107422,17.65261506823859,17.054356514092294,17.237823626999294,981900
2019-03-26,17.532962799072266,17.867987633768873,17.285683034864086,17.572847613589783,585000
2019-03-27,17.301639556884766,17.644641405954342,17.221871437330158,17.53296542999776,513900
2019-03-28,17.21389389038086,17.48510457481334,16.974591061269976,17.3734301240883,984100
2019-03-29,17.038406372070312,17.34152341032776,16.9586382499656,17.317592517261232,1062600
2019-04-01,17.556896209716797,17.588802544463842,17.16603410000097,17.181988028099653,757800
2019-04-02,17.389387130737305,17.54892340665077,17.16603817019928,17.54892340665077,427200
2019-04-03,17.70845603942871,17.79619960382414,17.44522230334168,17.509036496288523,728300
2019-04-04,17.572847366333008,18.059429924999456,17.564870403541743,17.660590914136748,746800
2019-04-05,18.01156997680664,18.083361121702005,17.644638810852662,17.67654514111165,1083500
2019-04-08,18.3386173248291,18.3386173248291,18.011569461419608,18.131220859004777,778900
2019-04-09,18.51410484313965,18.59387294395457,18.234918772462382,18.42636130154821,1057900
2019-04-10,19.57502174377441,19.76646430949846,18.52208535011677,18.52208535011677,2681400
2019-04-11,19.54311180114746,20.189230581628347,19.447389767785427,19.74253130932244,1874000
2019-04-12,19.279884338378903,19.83028278471976,19.208093170532248,19.54311811333312,1115900
2019-04-15,19.184158325195312,19.45536900980047,18.91294764059016,19.28785733360625,891800
2019-04-16,19.431440353393555,19.52716088003422,19.176183587084665,19.239997778661888,1217500
2019-04-17,18.93688201904297,19.630862786013097,18.72948548548236,19.543117689116148,1134100
2019-04-18,18.657690048217773,18.904971351694225,18.625783715754817,18.88901742473764,613700
2019-04-22,18.17110252380371,18.59387082344385,17.174005180954623,18.59387082344385,1574500
2019-04-23,18.29874038696289,18.458275131991023,18.091343849120783,18.17111198236015,688800
2019-04-24,18.09931755065918,18.442319396717973,17.995618539713334,18.27480619497865,683300
2019-04-25,18.075382232666016,18.155150331988583,17.453192883689933,18.02752198165245,811700
2019-04-26,17.995615005493164,18.242896277522497,17.748335254913854,18.21098842766709,600600
2019-04-29,18.56197166442871,18.657692194277843,17.867990976495733,17.947759099003605,902300
2019-04-30,18.689594268798828,18.85710590492741,18.282778339193804,18.585895285190727,1482200
2019-05-01,18.522085189819336,18.75341257230697,18.362550480488444,18.72150471757064,965400
2019-05-02,17.875967025756836,18.54601678620009,17.660593562446437,18.426365369288863,1390100
2019-05-03,18.1072940826416,18.1072940826416,17.75631528092684,17.86798973178824,665000
2019-05-06,18.258848190307617,18.458267682194595,17.836079841235215,17.875963131032616,891800
2019-05-07,17.628686904907227,18.514108590985515,17.4452213009086,18.099317121390857,1282600
2019-05-08,16.08119010925293,17.309615093303602,16.025352886605212,16.751239823925985,2337500
2019-05-09,16.04130744934082,16.25667938502612,15.25958173693582,15.969516296962295,1740800
2019-05-10,16.224777221679688,16.40824287093623,15.65044937648286,15.873798333334074,1238700
2019-05-13,15.012299537658691,15.929628922436397,14.9484853592772,15.84986234054705,1566500
2019-05-14,15.15588092803955,15.219695102668036,14.844787016906928,14.99634473074337,1521400
2019-05-15,15.219696998596191,15.243627887606683,14.812881014118526,14.956463305281243,815300
2019-05-16,15.379234313964844,15.49090876108801,15.15588389826828,15.187791752560749,717500
2019-05-17,14.83681583404541,15.307446125791325,14.80490797357764,15.155886831470472,673200
2019-05-20,14.589532852172852,14.836812631622331,14.36618244145868,14.701207296804837,600600
2019-05-21,14.972419738769531,14.996349110337434,14.5895345791793,14.613463950747205,687900
2019-05-22,14.75704860687256,14.996351489214568,14.685257437879832,14.868723082438748,608400
2019-05-23,14.422016143798828,14.669295862894844,14.262479957733754,14.517738159727838,1024300
2019-05-24,14.422016143798828,14.589529291312138,14.302364764974936,14.501784236831364,467200
2019-05-28,14.525714874267578,14.796925501505354,14.398086522796856,14.501785509273043,938500
2019-05-29,14.126875877380373,14.493808528473997,13.975318161110142,14.366180177167507,856400
2019-05-30,14.302367210388184,14.501786716341282,14.142830997045673,14.142830997045673,494200
2019-05-31,13.743993759155272,14.079018633258055,13.608388416745807,14.00722748013244,1190400
2019-06-03,13.696134567260742,13.935437415402818,13.592437072119283,13.720065460655112,728000
2019-06-04,13.7599458694458,13.815783087512989,13.23347849702649,13.696131688590432,1284300
2019-06-05,13.233480453491213,13.839716021969355,13.209549561588677,13.831739058001844,782800
2019-06-06,13.329198837280272,13.42492086806535,13.137756297160188,13.241455290631524,786500
2019-06-07,13.1377592086792,13.504691966314562,13.06596805004294,13.313249383768008,625800
2019-06-10,13.08191967010498,13.313247034094616,12.938337378173502,13.113827522289812,639000
2019-06-11,12.91440773010254,13.12977964187372,12.81868569707638,13.081919386085692,757200
2019-06-12,13.042036056518556,13.161687456377422,12.850593512454347,12.92238465665969,569400
2019-06-13,13.30527114868164,13.345154445692812,12.954292353472342,13.081920729648402,783700
2019-06-14,13.28931713104248,13.385039173249558,13.050014307700156,13.249433834302176,1008900
2019-06-17,13.48873519897461,13.560526342503872,13.16168733243023,13.345152911916086,861100
2019-06-18,13.416943550109863,13.7599453292864,13.32122304330945,13.608386085160715,1013400
2019-06-19,13.416943550109863,13.584456719185624,13.297292155884335,13.424920512584904,801500
2019-06-20,13.361106872558594,13.64827144742985,13.337175984169294,13.528618526933435,1164600
2019-06-21,13.21752643585205,13.35313177947882,12.946315748598517,13.297294553535496,1325400
2019-06-24,12.90643310546875,13.424923614548506,12.898456141150554,13.313249156994509,900000
2019-06-25,12.762850761413574,12.954293340260731,12.691059604164591,12.874525218711824,713700
2019-06-26,12.659152030944824,13.002153114947223,12.659152030944824,12.842618399307876,862700
2019-06-27,12.866547584533691,12.87452454841831,12.579384491938873,12.683081979538333,683300
2019-06-28,13.073941230773926,13.121803003646711,12.78677820078701,12.962266803637348,3345900
2019-07-01,13.145734786987305,13.440876354865344,12.986200079079108,13.27336316189396,497900
2019-07-02,13.1377592086792,13.24145822513175,12.946316626132644,13.105852872313308,483400
2019-07-03,13.464805603027344,13.47278256656847,13.08192048175458,13.177642522797884,251500
2019-07-05,13.48873519897461,13.52064305007654,13.169664295205711,13.400990129894383,529600
2019-07-08,13.839715003967283,14.158785931946465,13.584458261583944,13.871621336040104,1881600
2019-07-09,13.919482231140137,13.943411598310457,13.61636372774855,13.736015127950449,973000
2019-07-10,14.158784866333008,14.1986681587849,13.83173699958724,14.01520257918607,1301200
2019-07-11,14.677275657653809,14.677275657653809,14.190693086979795,14.214622454494018,1542100
2019-07-12,14.780976295471191,14.940511008588595,14.597509169283256,14.701208178187343,1383600
2019-07-15,14.414045333862305,14.820861412641127,14.142834614676422,14.820861412641127,1270400
2019-07-16,14.6134614944458,14.780974674516589,14.27045969275573,14.437972872826515,897900
2019-07-17,14.086994171142578,14.597507633736605,14.086994171142578,14.597507633736605,880100
2019-07-18,13.919482231140137,14.142831105796992,13.775899942317816,14.079016924259305,596000
2019-07-19,14.166766166687012,14.198672506127576,13.895555434914751,13.895555434914751,490900
2019-07-22,13.72804069519043,14.31034692067373,13.72804069519043,14.166764605388815,601700
2019-07-23,13.72804069519043,13.87959997481899,13.536598115294003,13.783879445595968,583400
2019-07-24,14.238554954528809,14.278438252531991,13.664225726001074,13.688156617673162,456200
2019-07-25,14.055088996887209,14.198669778967792,13.85566946897221,14.198669778967792,571700
2019-07-26,14.230578422546388,14.517743045525906,14.110927003455034,14.150810302668704,444200
2019-07-29,14.158784866333008,14.302367153479947,13.99924865362528,14.206645121565296,409500
2019-07-30,14.358206748962402,14.374160677164884,13.799831433478175,14.039135792164416,753700
2019-07-31,14.158784866333008,14.605484131884534,14.094970685539934,14.39808766394452,855800
2019-08-01,14.07104206085205,14.621440409642958,14.047112690111357,14.166764108165816,828100
2019-08-02,13.624344825744627,13.959369760863371,13.464808562754538,13.927461899685133,1072400
2019-08-05,13.408967971801758,13.48075912003786,13.105850973710572,13.361107713461085,896500
2019-08-06,12.97822380065918,13.664225971637777,12.603314859033503,13.520645183375038,1320200
2019-08-07,12.45973300933838,12.571408227763312,10.84842349049401,12.332104622981422,2765100
2019-08-08,12.228404998779297,12.78678026761679,11.925287234781118,12.53949972621232,1056100
2019-08-09,11.622169494628906,12.172567801160843,11.239284377671996,12.164590837709632,1634700
2019-08-12,11.965170860290527,11.997077952155632,11.183446729232916,11.486563721588876,1123800
2019-08-13,11.89338207244873,12.483663769397271,11.845521805520592,11.885405107718965,956300
2019-08-14,11.45465850830078,11.837544434200844,11.335007084364936,11.837544434200844,894500
2019-08-15,11.670031547546388,11.74979890694354,11.327029696035622,11.406797816157948,995900
2019-08-16,12.08482265472412,12.24435887992485,11.765751725772864,11.765751725772864,999800
2019-08-19,12.451753616333008,12.547474887430583,11.327027730030208,12.24435790931745,1289900
2019-08-20,12.539498329162598,12.675103649546498,12.44377706078426,12.44377706078426,1369800
2019-08-21,12.73094081878662,12.802731199260826,12.419846127164996,12.802731199260826,1450400
2019-08-22,12.794756889343262,12.898454368326393,12.603313575645355,12.730941944293903,822200
2019-08-23,12.50759220123291,12.874523377862117,12.435801054248907,12.683080826388162,1056400
2019-08-26,12.515569686889648,12.683082126785694,12.483662591705883,12.683082126785694,1415300
2019-08-27,11.70193862915039,12.603315038240437,11.670031533285483,12.603315038240437,1237800
2019-08-28,11.813615798950195,11.97315130466106,11.654079532514034,11.662056497980902,586200
2019-08-29,11.917309761047363,12.060892053825969,11.869449503937876,11.885402669399348,579100
2019-08-30,12.204473495483398,12.308171726288965,11.90933272814065,11.965169944449409,763900
2019-09-03,11.662055015563965,12.21245339120942,11.558356759852138,12.05291714505264,855400
2019-09-04,11.733842849731444,11.797657025824106,11.374887919028986,11.757772975584947,937800
2019-09-05,12.09280014038086,12.164591292676612,11.66205398733148,11.76575223390033,753700
2019-09-06,12.108755111694336,12.2922207293987,12.09280118281994,12.116731315406335,398000
2019-09-09,12.403894424438477,12.411871387895006,12.10077665961632,12.156613882361812,618600
2019-09-10,13.337175369262695,13.369083218977323,12.387938901277645,12.40389282613496,1258900
2019-09-11,14.047110557556152,14.174738920298449,13.27336189679962,13.345153041023424,1393900
2019-09-12,13.712088584899902,13.967345363622927,13.440877877144086,13.967345363622927,995500
2019-09-13,13.528618812561035,13.99127353582161,13.480758556222057,13.831737319424851,576500
2019-09-16,13.871620178222656,13.8795971409376,13.305269518512276,13.400990028191462,1656800
2019-09-17,13.42492389678955,13.871623257847167,13.329201844409145,13.855670850325774,894800
2019-09-18,13.353131294250488,13.472782705702596,13.209548991927864,13.440876372658812,923500
2019-09-19,12.898455619812012,13.408969143939288,12.882501691820456,13.361108881414934,546200
2019-09-20,12.73094081878662,13.081918801541132,12.722963856270036,12.802731199260826,912300
2019-09-23,13.050015449523926,13.08989874975386,12.611292300467952,12.643199397087011,477700
2019-09-24,12.643198013305664,13.193596320650574,12.579383827051922,13.177642393724586,512900
2019-09-25,12.91440773010254,13.06596546033965,12.451753772892936,12.579382896686132,530800
2019-09-26,12.675105094909668,12.978222859701932,12.611290908713938,12.842617523854733,559200
2019-09-27,12.71498680114746,13.026081490503316,12.611289332087187,12.730940726064434,711300
2019-09-30,13.018106460571287,13.225502950929686,12.746895782521866,12.818686933855552,693300
2019-10-01,12.699036598205566,13.36110942214645,12.63522240510706,13.089898721115208,617400
2019-10-02,12.212451934814451,12.6033140176909,11.981125318344198,12.587360090687726,961100
2019-10-03,12.132683753967283,12.26828908984183,11.670030523592407,12.204474903633232,1174100
2019-10-04,12.300198554992676,12.332105654250135,12.18054712295851,12.18054712295851,325600
2019-10-07,12.12470531463623,12.379962789124631,12.116728352149872,12.268287596490644,553300
2019-10-08,11.845518112182615,12.124704944149132,11.749796086721252,12.013030515652522,522600
2019-10-09,11.861473083496094,12.021008549034772,11.749797877256466,11.9571943628193,314000
2019-10-10,11.869449615478516,12.044939001554262,11.765751376466715,11.949216964985617,441700
2019-10-11,12.491640090942385,12.667129502335271,12.076847835779864,12.076847835779864,470900
2019-10-14,12.276268005371094,12.39591943335693,12.08482465557844,12.39591943335693,349100
2019-10-15,12.770827293395996,12.81868755612503,12.180545648236851,12.31615023311922,429500
2019-10-16,12.85857105255127,13.010128789166178,12.675104702376458,12.675104702376458,379500
2019-10-17,13.225502967834473,13.2653862646485,12.738919595887168,12.946315325785534,353400
2019-10-18,13.097874641418455,13.249433908490696,12.970246265394543,13.20157212639404,387500
2019-10-21,13.026082038879396,13.504689156386952,12.99417570915227,13.241455469975309,726100
2019-10-22,13.28931713104248,13.345154355059009,12.818686926545698,13.002152525871496,1012000
2019-10-23,13.24145793914795,13.464806853236594,13.113829553540048,13.337178467628693,1185100
2019-10-24,13.089900016784668,13.281342615029628,12.579386421464774,13.281342615029628,853900
2019-10-25,13.21752643585205,13.456830788902389,13.073944128311908,13.073944128311908,440100
2019-10-28,13.64029598236084,13.799830691456428,13.233479963774172,13.257410854791123,467900
2019-10-29,13.560527801513672,13.632318952767116,13.369085238654566,13.544573874246185,351500
2019-10-30,13.273361206054688,13.504688552393148,13.145732849954165,13.504688552393148,329200
2019-10-31,13.089900016784668,13.23348234583102,12.826666254016532,13.22550538072283,687900
2019-11-01,13.42492389678955,13.608389515614055,13.209550420021438,13.209550420021438,359300
2019-11-04,13.807806015014648,13.85566779136345,13.480758150548189,13.53659536817172,468400
2019-11-05,13.911505699157717,14.302367763363762,13.759946442767568,13.871620883554968,543400
2019-11-06,13.30527114868164,13.799830726001316,13.281340257604782,13.783878320067,838400
2019-11-07,15.108025550842283,15.139931887723622,13.680180840954913,14.477859041843834,1851800
2019-11-08,15.93760871887207,16.049284691984937,15.27553592989341,15.27553592989341,1358100
2019-11-11,15.698305130004885,15.897724653462362,15.498885606547402,15.746165389628615,961400
2019-11-12,15.554720878601074,15.873791771820834,15.259579351466527,15.722232526997686,813500
2019-11-13,15.379234313964844,15.482931797514892,15.044209451145116,15.38721127753796,627000
2019-11-14,15.37125301361084,15.72223018310334,15.235647714027436,15.35529909096578,461800
2019-11-15,15.195767402648926,15.722234834077849,15.187791960416892,15.466978082045674,575500
2019-11-18,15.435070037841797,15.443047000639869,14.972416845704451,15.21171964384615,610700
2019-11-19,15.610560417175291,15.674374605313124,15.139930209114953,15.459001149804102,601700
2019-11-20,15.522819519042969,15.722239100869013,15.41912200593172,15.554727382431455,708800
2019-11-21,15.626516342163086,15.770098664190384,15.219700270235894,15.58663304002237,751400
2019-11-22,15.833908081054688,15.833908081054688,15.427092131924011,15.690325802367392,967000
2019-11-25,16.663490295410156,16.695398140655367,15.833906097882146,15.85783546036625,1177100
2019-11-26,16.424192428588867,16.74326336872568,16.40026153753476,16.719332477671575,487000
2019-11-27,16.424192428588867,16.71135703543713,16.328470385822698,16.551820804643594,424600
2019-11-29,16.14500617980957,16.472054111877,16.10512287939174,16.35240268917313,181000
2019-12-02,16.065235137939453,16.19286350182268,15.84986322479283,16.19286350182268,475900
2019-12-03,15.91368007659912,16.01737756910795,15.42709590675297,15.849865883951294,804400
2019-12-04,16.232751846313477,16.488008629586442,15.96154113372334,16.11310041933558,564000
2019-12-05,16.320491790771484,16.360376605208184,16.105119878613728,16.296562423559568,317900
2019-12-06,16.472049713134766,16.791120595622974,16.45609578864786,16.51193452435203,494200
2019-12-09,16.39228057861328,16.607653981257222,16.384305138322663,16.39228057861328,451900
2019-12-10,16.08119010925293,16.3683547073843,16.01737592316265,16.3683547073843,1208800
2019-12-11,16.26465606689453,16.43216926002459,16.08916743159421,16.208818843001257,511700
2019-12-12,16.416215896606445,16.65551872763951,16.1051219119734,16.200842435806507,1568300
2019-12-13,16.272632598876953,16.543843268979085,15.849864188356136,16.40026097051911,907200
2019-12-16,16.065235137939453,16.599679482244248,16.033328807693703,16.352399717401763,837000
2019-12-17,16.336442947387695,16.400257118219294,16.04927993937042,16.08916322559648,735500
2019-12-18,16.551822662353516,16.67147408815273,16.31251981075508,16.352403112204676,752700
2019-12-19,17.110193252563477,17.189959833277523,16.599678311583563,16.647540085751995,870600
2019-12-20,17.229848861694336,17.485105633927525,17.118172882754536,17.166034668636037,975400
2019-12-23,17.142105102539062,17.341524661463133,17.094244834403426,17.26973349853443,656300
2019-12-24,17.158058166503906,17.381408608949457,17.12615030839008,17.174012095560823,246200
2019-12-26,17.12615394592285,17.293667193698823,17.062339737591703,17.205922086699466,525100
2019-12-27,17.006498336791992,17.28568600051351,16.97459200115402,17.22984877205928,475200
2019-12-30,16.99054527282715,17.054359468800705,16.767196347644912,17.03840706089515,577600
2019-12-31,17.102218627929688,17.26973029606661,16.91875151143898,16.91875151143898,615700
2020-01-02,16.663490295410156,17.245796299536806,16.51193259484482,17.19793453166899,716500
2020-01-03,16.775169372558594,16.799098739522172,16.288585291631307,16.511935685808606,390900
2020-01-06,16.910776138305664,16.93470550730827,16.480029238856172,16.5278894983116,333100
2020-01-07,17.40534210205078,17.628692597377793,16.9107823557956,17.022456842733718,762700
2020-01-08,17.548921585083008,17.732387218324384,17.341525056503418,17.341525056503418,463700
2020-01-09,16.974590301513672,17.54891797854394,16.918751557200125,17.54891797854394,362000
2020-01-10,16.727310180664062,17.030428728278853,16.591704834931196,16.974591501468318,424900
2020-01-13,16.950658798217773,16.998519055877285,16.57575065722631,16.878867651003425,736200
2020-01-14,17.301639556884766,17.389383119089533,16.831009325107956,16.942683779614203,843200
2020-01-15,17.89989471435547,18.07538332632316,17.261751402613807,17.261751402613807,1089100
2020-01-16,18.02752685546875,18.11527041914045,17.572850544291434,17.891921506393906,657400
2020-01-17,18.01156997680664,18.40243203154245,17.89191857579774,18.18705859685636,990500
2020-01-21,17.413312911987305,17.875966150453632,17.27770757374113,17.875966150453632,708000
2020-01-22,17.469152450561523,17.556897540303915,17.301640757181076,17.469152450561523,784100
2020-01-23,17.788223266601562,17.875968355540586,16.966615693628615,17.365454793969015,730100
2020-01-24,17.22187042236328,17.820129001589102,17.0144739323243,17.820129001589102,730900
2020-01-27,17.070310592651367,17.237823780457695,16.58372799886674,16.94268222167997,590300
2020-01-28,16.950658798217773,17.365451755133964,16.862913724633536,17.181986166230704,631300
2020-01-29,16.934703826904297,17.03042585776702,16.73528432393618,16.982565603060692,510400
2020-01-30,16.71135902404785,16.815056521388218,16.36038018740661,16.70338205941391,670100
2020-01-31,16.176908493041992,16.671467943105927,16.105117359734347,16.64753857963662,647300
2020-02-03,16.352397918701172,16.68742271740573,16.240723492949634,16.25667589559275,911000
2020-02-04,16.934703826904297,17.102217000551548,16.472050640876272,16.663493181151654,527100
2020-02-05,17.309612274169922,17.477123914831264,17.094238860648233,17.13412214991523,598400
2020-02-06,17.524988174438477,17.915850280160235,17.39735979385383,17.41331372178949,572700
2020-02-07,17.102218627929688,17.461172854558892,16.92672847489077,17.461172854558892,350300
2020-02-10,17.01447105407715,17.269727761267713,16.95065687727951,17.0224480163581,434100
2020-02-11,17.485103607177734,17.6207089418895,17.1500787520928,17.189962047587354,479100
2020-02-12,17.724407196044922,17.883943427881256,17.453196514793312,17.59677881915596,447900
2020-02-13,17.81215476989746,17.907876826693066,17.5409440506688,17.620712177756726,419500
2020-02-14,17.987640380859375,18.05943153091462,17.61273222503216,17.8360826386985,631500
2020-02-18,17.732383728027344,18.210990890432782,17.532964203812597,17.979665033497795,433300
2020-02-19,17.65261459350586,17.836081701478868,17.52498622710298,17.812150812234528,458800
2020-02-20,17.006498336791992,17.5808275927792,16.7671954944309,17.5808275927792,677000
2020-02-21,16.19286346435547,16.966612130238584,16.065235100767552,16.966612130238584,689300
2020-02-24,15.522819519042969,15.738193032563256,15.371261732299654,15.60258765606352,808400
2020-02-25,14.796924591064451,15.62651034603048,14.621435998952348,15.62651034603048,1024200
2020-02-26,13.855667114257812,15.036230153734644,13.75994508768807,14.84478762204516,1569600
2020-02-27,14.39011287689209,14.86871849387596,12.882500314752413,14.262482988052886,1924600
2020-02-28,15.092068672180176,15.235650963711455,13.97531971347596,13.991273639523907,1657600
2020-03-02,14.358206748962402,15.147907937581294,14.031158828063171,15.147907937581294,1464400
2020-03-03,13.81578254699707,14.741088893924124,13.688154190279548,14.358203823771555,856100
2020-03-04,13.704110145568848,14.14283249660314,13.472782763839684,13.959366896821544,1078600
2020-03-05,12.571406364440918,13.52064367854478,12.300195703268388,13.480758862813436,1758400
2020-03-06,12.013031005859377,13.20954724425192,11.374888454185005,13.20954724425192,3960100
2020-03-09,10.537325859069824,11.558353432642171,10.1225329556256,11.151537491354564,2253200
2020-03-10,10.7606782913208,10.936167701081215,10.130512569757448,10.936167701081215,2063500
2020-03-11,9.364740371704102,10.601141533996572,9.005785391870827,10.433629108644364,2685200
2020-03-12,8.024641990661621,8.774459067134023,7.569964958071599,8.710644880231058,3049300
2020-03-13,9.75560188293457,9.771555808586406,8.375619264502633,8.527177754569852,1923400
2020-03-16,7.458289623260498,8.670759790767459,7.242916197564676,8.551108394753127,1810400
2020-03-17,8.83029556274414,9.284972557861964,6.804193393743383,7.5938952228532655,2530200
2020-03-18,8.096431732177734,8.774458364644858,7.54603422402358,8.072501604186263,1848900
2020-03-19,8.351691246032715,8.774460493154358,7.889037935433504,8.040596463777975,1169600
2020-03-20,7.849152565002441,8.94197146226242,7.77736141484173,8.471341265186748,1862600
2020-03-23,7.027544498443604,7.952850986253177,6.955753346678184,7.8331988130691,1486500
2020-03-24,8.854228019714355,8.973879441308393,7.258871674592863,7.426384121259627,2667800
2020-03-25,9.691786766052246,10.704838125384152,8.989830841095063,9.021737928593115,1809900
2020-03-26,10.306001663208008,10.409699913032604,9.771557246810174,9.843348401359906,802300
2020-03-27,9.524273872375488,9.931089787413306,9.30890123311866,9.755600434916122,932200
2020-03-30,8.710644721984863,9.572136990249293,8.567062423699092,9.356763542820635,892500
2020-03-31,8.567062377929688,9.189251826693924,8.455387933837462,8.65480745340226,945000
2020-04-01,8.224063873291016,8.54313489930435,7.86510801811935,8.21608690745935,1212400
2020-04-02,8.120363235473633,8.41550403878931,7.657710002089585,8.088456142161805,2013000
2020-04-03,7.569966316223144,8.247993124620475,7.330662692040248,8.11238776294101,1017900
2020-04-06,8.551109313964844,8.606946536677151,8.000711007393146,8.112386213542864,1286700
2020-04-07,8.72659683227539,9.300925195208553,8.511224171628584,9.13341278771659,1292400
2020-04-08,9.221158027648926,9.667857282269276,8.638852691255405,8.878156243735962,893500
2020-04-09,9.396647453308104,10.002882969192523,9.173297806670458,9.683812045424457,880500
2020-04-13,8.319785118103027,9.284975915392232,8.23204001606971,9.261045018078423,755400
2020-04-14,9.00578498840332,9.093529298428178,8.511224697788109,8.511224697788109,873400
2020-04-15,8.287874221801758,8.55110788595054,8.096430934554933,8.55110788595054,889700
2020-04-16,8.040595054626465,8.30382876243015,7.801291476425359,8.224061410179852,2026900
2020-04-17,8.718624114990234,8.894112794325904,8.255970759059263,8.702670183745912,1810300
2020-04-20,8.375618934631348,8.606945522396927,8.20810652550972,8.375618934631348,902000
2020-04-21,7.920944690704346,8.240015663242957,7.857130496196624,8.040596115225023,927700
2020-04-22,7.673661708831787,8.09643080498295,7.530079435875746,7.976779418002893,1177000
2020-04-23,7.976779937744141,8.144292346865768,7.577940940856934,7.585917903368681,797600
2020-04-24,8.15226936340332,8.279897721537028,7.793314415971011,8.064524296642631,759100
2020-04-27,8.814343452453613,8.910064736373567,8.311806141329997,8.311806141329997,990200
2020-04-28,8.997807502746582,9.436530548833275,8.846249019558456,9.16531991086241,1059100
2020-04-29,10.042768478393556,10.393746545337542,9.42057970663025,9.548208094609882,1519000
2020-04-30,9.261042594909668,9.803463953825265,9.237112464582546,9.691788744423487,961000
2020-05-01,8.854228019714355,8.981856405608045,8.42348183696056,8.981856405608045,860100
2020-05-04,8.90208911895752,8.95792635284149,8.335737532894258,8.567064194203182,888700
2020-05-05,9.06960105895996,9.77953493209279,8.941972668447367,9.715720736836492,1287000
2020-05-06,9.221158027648926,9.36473955055724,8.790411937473934,9.253065117264663,1053000
2020-05-07,9.978952407836914,10.441605607622591,9.245088554233757,9.635950609100096,1557500
2020-05-08,10.489468574523926,10.553282773004698,10.066699319407496,10.242188745592246,1140200
2020-05-11,10.17039680480957,10.40172344680368,9.875255969211922,10.31397912078012,982600
2020-05-12,9.89120864868164,10.385769765768364,9.843348386205609,10.266117588127967,980800
2020-05-13,9.524273872375488,10.034788006583236,9.133411880621477,9.931089787413306,1533400
2020-05-14,9.564160346984863,9.635951498530764,9.005785822675241,9.245089407586542,1310800
2020-05-15,9.9071626663208,10.106582203467797,9.356764317789,9.412602305483269,1009500
2020-05-18,10.593165397644045,10.888306215689813,10.385769661128872,10.529351207835504,1809800
2020-05-19,10.593165397644045,11.015935356032037,10.298024579598271,10.529351207835504,744900
2020-05-20,10.816514015197754,11.207376052641049,10.625070717038264,10.9441423734874,598100
2020-05-21,10.792584419250488,11.095702186831392,10.664956045684868,10.712817066134532,571400
2020-05-22,10.792584419250488,10.84842240322928,10.497443615198714,10.808538346308747,801200
2020-05-26,11.446680068969728,11.61419248619892,11.12760839958195,11.37488892433935,684500
2020-05-27,12.08482265472412,12.140660637834417,11.574309168402108,11.781705652582977,1011100
2020-05-28,11.342984199523926,12.395919178469322,11.327030270400408,12.188522664214862,736900
2020-05-29,11.119630813598633,11.398818413578104,10.936165241579271,11.22332904328458,802000
2020-06-01,11.406797409057615,11.63812403628628,11.10367962842607,11.255238138379273,865600
2020-06-02,11.47061252593994,11.693962207352936,11.167494720802562,11.614194844353754,936800
2020-06-03,12.316149711608888,12.491639109209858,11.685984033708936,11.685984033708936,1029000
2020-06-04,12.300198554992676,12.483664185541764,12.021010865945952,12.204477257220292,842700
2020-06-05,13.791854858398438,14.039134639431808,13.018106140063058,13.161688439195403,1616300
2020-06-08,13.600411415100098,14.198670008517116,13.361108586313405,14.142832783230238,1059800
2020-06-09,12.882500648498535,13.337176909282572,12.77082620450251,13.289316650634303,1296000
2020-06-10,12.89047908782959,13.393017186253536,12.579385088819771,12.762850702520415,1304500
2020-06-11,11.55037784576416,12.068869036805069,11.542401643382815,11.981124724809716,1283400
2020-06-12,11.4307279586792,12.23638308191846,11.135587131108664,12.180545854215302,1090600
2020-06-15,11.781705856323242,11.901357266567814,10.696863157678653,10.912236608989016,945800
2020-06-16,11.789680480957031,12.515567330249391,11.56633085672669,12.308171630969442,997100
2020-06-17,11.542399406433104,11.869447223162616,11.5104923209162,11.813610013689262,725600
2020-06-18,11.622169494628906,11.685983680788391,11.279168434202951,11.42274997269924,629100
2020-06-19,11.342984199523926,11.89338182195669,10.984029162222106,11.757776467307636,1162700
2020-06-22,11.606218338012695,11.61419530284508,11.063796901014296,11.175472126491975,640900
2020-06-23,11.478589057922363,11.901358271990368,11.462635129488577,11.82956711548869,1194400
2020-06-24,11.03188705444336,11.327027833196954,10.664955131531448,11.255236689038638,1030700
2020-06-25,11.047842025756836,11.071772155832791,10.553280932686285,10.7925845156212,1278500
2020-06-26,10.266117095947266,11.015934938891968,10.226233038645931,10.936166824289298,1339800
2020-06-29,10.97605037689209,11.095701782569186,10.290046752883155,10.369814863817943,991200
2020-06-30,11.127607345581056,11.271189621241772,10.816513429282807,10.88032760497091,1048900
2020-07-01,10.928190231323242,11.374890318943198,10.888306172669203,11.127609763868284,582300
2020-07-02,10.928190231323242,11.534425792834202,10.872353005642676,11.374890318943198,597300
2020-07-06,11.095702171325684,11.183447248573264,10.88032948141595,11.143563191708465,426400
2020-07-07,10.98402976989746,11.215356429909797,10.872354542030203,10.944145705607353,718500
2020-07-08,10.968076705932615,11.07975194261777,10.800564231267543,10.936169604126189,549200
2020-07-09,10.585187911987305,11.111655294484851,10.36981447693373,11.063794277564597,794200
2020-07-10,11.095702171325684,11.1276092646725,10.569234750740655,10.569234750740655,396800
2020-07-13,11.03188705444336,11.39084201450989,11.00795692663227,11.167492379914613,842400
2020-07-14,11.167494773864746,11.167494773864746,10.768655674798149,11.023912454768704,557800
2020-07-15,11.717890739440918,11.83754290868224,11.303098530622927,11.454657032125148,1107700
2020-07-16,11.869449615478516,12.005054946438172,11.382866273092446,11.61419287989567,679100
2020-07-17,11.566332817077637,11.87742755981181,11.550378889423255,11.829566537573806,582700
2020-07-20,10.999980926513672,11.55835544223376,10.92818977607214,11.55835544223376,702200
2020-07-21,11.32702922821045,11.598239912554702,11.087725638452278,11.159516791452244,892900
2020-07-22,11.32702922821045,11.462634570382576,11.18344768293566,11.24726187210782,738300
2020-07-23,11.662055015563965,11.725869209736596,11.37489114178712,11.406798238873437,739800
2020-07-24,11.59823989868164,11.733845240691563,11.446681389760329,11.582286731770251,546100
2020-07-27,11.271191596984863,11.590262531355762,11.063795109281225,11.55037847437812,414500
2020-07-28,11.446680068969728,11.558354506639152,11.12760839958195,11.135585362479782,517500
2020-07-29,11.542399406433104,11.582283453510469,11.33500297021076,11.430724226761471,556500
2020-07-30,11.638124465942385,11.693961693661516,11.199401326180864,11.366913770063436,459200
2020-07-31,11.438705444335938,11.606217895807497,11.063796479475744,11.606217895807497,475900
2020-08-03,11.70193862915039,11.837543976757534,11.358936778058778,11.518472257383303,537800
2020-08-04,11.853495597839355,12.092799165967554,11.662053047626824,11.670030010733615,596400
2020-08-05,11.32702922821045,11.965171880657197,11.167493755280049,11.94124174989892,1155100
2020-08-06,11.789680480957031,12.15661238684081,11.231306040018676,11.271190091669633,1099000
2020-08-07,11.757776260375977,12.124708255781716,11.550379749771604,11.78968335733625,771800
2020-08-10,11.909335136413574,12.05291668748862,11.717891800438228,11.765752824613356,791700
2020-08-11,12.4677095413208,12.890478746649036,12.148637825767755,12.17256871792372,1111200
2020-08-12,12.44377899169922,12.77082689958818,12.387941005936982,12.667128652572757,826500
2020-08-13,12.316149711608888,12.603314318724138,12.220428429478844,12.340080602685244,553800
2020-08-14,12.348054885864258,12.491637167098729,12.01303083085884,12.19649640290288,425800
2020-08-17,12.260310173034668,12.41984561313849,12.068867644910082,12.35603143709696,328000
2020-08-18,12.108755111694336,12.300197693835898,11.98910292731196,12.212453367202317,568600
2020-08-19,12.25233554840088,12.507593061991091,12.084823114151886,12.16459122978479,669300
2020-08-20,11.973149299621582,12.300197221742296,11.845520916425713,12.013033359551583,401800
2020-08-21,11.813615798950195,11.96517433919419,11.622172431371862,11.861476070300805,509700
2020-08-24,12.276268005371094,12.276268005371094,11.725869610895709,11.82159090542942,568600
2020-08-25,12.18054485321045,12.507592749837952,12.005055459632844,12.467708693016892,492800
2020-08-26,12.236382484436035,12.371987825715324,12.10875410693203,12.11673030998218,659200
2020-08-27,12.619266510009766,12.651173601586937,12.268288502660882,12.356032814316835,872300
2020-08-28,12.810710906982422,12.818687871208388,12.55545413755294,12.699036450719614,466700
2020-08-31,12.379964828491213,12.754872998409011,12.364010900890383,12.73094286773291,617900
2020-09-01,12.028985023498535,12.395916959683772,11.909333619389791,12.260311629307155,514700
2020-09-02,11.89338207244873,12.164592787458933,11.86945193898466,11.997080331759998,884100
2020-09-03,11.446680068969728,12.14065986585494,11.319050944779583,11.957193522830083,832200
2020-09-04,11.622169494628906,11.781705720752722,11.175470191512511,11.63812342153133,604900
2020-09-08,11.67800998687744,11.845522451714473,11.350961261643032,11.494543591710563,491100
2020-09-09,11.885401725769045,11.94123970226367,11.406795389047309,11.81361134580454,536400
2020-09-10,11.574308395385742,12.22042717354081,11.566331432513444,11.91730943091897,861300
2020-09-11,11.574308395385742,11.741820812078732,11.478587123093329,11.614192449022177,368200
2020-09-14,12.0529146194458,12.164589816209723,11.64609940702195,11.64609940702195,504300
2020-09-15,11.98910140991211,12.252335117221898,11.909334057811474,12.116729781853207,317100
2020-09-16,12.292221069335938,12.499617586087377,12.036964286088148,12.07684834865192,449700
2020-09-17,12.30817413330078,12.30817413330078,11.96517228438308,12.084823702936845,511600
2020-09-18,11.965170860290527,12.371986852114423,11.885402750265229,12.371986852114423,1235300
2020-09-21,11.35893726348877,11.725869261978795,11.263215971803357,11.685985200261904,1048000
2020-09-22,11.247260093688965,11.486562884883394,11.159515026907656,11.358934526719692,450000
2020-09-23,10.816514015197754,11.42274871707357,10.808537052623397,11.271190231785871,731900
2020-09-24,11.18344783782959,11.462634729143325,10.848422959672988,10.880330054700991,444800
2020-09-25,11.063796043395996,11.31107660895514,11.03986591147904,11.095703139526996,428600
2020-09-28,11.28714370727539,11.398818904219032,11.1515383826742,11.271190542412038,665800
2020-09-29,11.007959365844728,11.29512324538451,10.74472561941862,11.215355881430511,932300
2020-09-30,10.98402976989746,11.350961031335764,10.90426164131724,11.095704237039463,390900
2020-10-01,10.872352600097656,11.111656182370574,10.64900294498132,10.984027808018382,494400
2020-10-02,10.824490547180176,10.952118909362325,10.473512551179272,10.60114091336142,505700
2020-10-05,11.007959365844728,11.215355881430511,10.872354010325193,10.984029232731048,571400
2020-10-06,10.78460693359375,11.22332922535731,10.720791993676755,10.968072508589415,750300
2020-10-07,10.816514015197754,11.111654783923814,10.712815783906162,10.880328194342576,786200
2020-10-08,11.015934944152832,11.19940054281142,10.74472426724438,11.079749131575396,848000
2020-10-09,10.840446472167969,11.287145822192262,10.832469507879097,11.167494400759908,626900
2020-10-12,11.015934944152832,11.079749131575396,10.656979188994518,10.848422511987325,439600
2020-10-13,10.728771209716797,11.007958872865728,10.60114282452592,10.856399594907677,704400
2020-10-14,10.441607475280762,10.808539467714336,10.401723414222184,10.664957152193532,642400
2020-10-15,10.521373748779297,10.529350712311246,10.234209908155169,10.505420582440513,570000
2020-10-16,10.481491088867188,10.70484075624479,10.481491088867188,10.513398184206844,466300
2020-10-19,10.154440879821776,10.64102496129944,10.042766443331857,10.64102496129944,1349900
2020-10-20,9.970974922180176,10.274092651101457,9.931090870346452,10.274092651101457,749700
2020-10-21,10.18635082244873,10.250165016609042,9.86727909092197,9.970977346613775,1702400
2020-10-22,10.617095947265623,10.760677489345822,10.274094117552966,10.274094117552966,795400
2020-10-23,10.593165397644045,10.736747705075825,10.37779269722152,10.696863646264202,423500
2020-10-26,10.377793312072754,10.433630541282117,10.114559573335493,10.329932286518163,694300
2020-10-27,10.146465301513672,10.353861022341594,10.066697189924025,10.28207063478102,844300
2020-10-28,9.73167324066162,10.010860896384663,9.612021822908982,9.955022908804958,1138800
2020-10-29,9.986929893493652,10.018836986158403,9.540229835462029,9.659881242773574,633700
2020-10-30,10.1145601272583,10.13051329616671,9.859302578196656,9.90716360637235,796500
2020-11-02,10.39374542236328,10.401722385931452,10.122534746846451,10.242186918193646,448700
2020-11-03,10.920211791992188,10.94414268038634,10.601140887320591,10.641024940585805,897900
2020-11-04,10.593165397644045,10.840445953695983,10.497444112931236,10.74472466898318,870400
2020-11-05,11.143563270568848,11.877427183464118,10.696863199827115,10.79258448054496,1628200
2020-11-06,11.79766082763672,11.96517328404232,11.239286226526456,11.27917028961831,1025000
2020-11-09,12.611289978027344,13.35313002798774,11.989100567447592,12.579382887284154,1993000
2020-11-10,13.161687850952148,13.31324710675703,12.69105767880815,12.89845415479111,1325500
2020-11-11,13.281339645385742,13.472782200825066,12.95429175632896,13.273362682061164,1133000
2020-11-12,13.050015449523926,13.201573207557976,12.707013590325134,13.050015449523926,1419700
2020-11-13,13.600411415100098,13.68815649566535,13.121805757526708,13.20954931664168,1110500
2020-11-16,13.92745876312256,14.142832213220384,13.608387830449974,14.007226876653258,1032700
2020-11-17,13.81578254699707,14.158784326219171,13.64827089934908,13.751968368638307,1279800
2020-11-18,13.831737518310549,14.230576543587206,13.799829665992348,13.839714481390097,1307300
2020-11-19,13.81578254699707,14.12687647631478,13.560525833562023,13.807805584520974,877500
2020-11-20,14.134854316711426,14.206645462005255,13.720062892341652,13.720062892341652,730600
2020-11-23,14.182716369628906,14.374158920308972,14.166762443376363,14.278436884243863,1010100
2020-11-24,14.653346061706545,14.701206317439008,14.20664527003654,14.453926554462823,962500
2020-11-25,14.477855682373049,14.757043292190998,14.41404150196752,14.637391894111897,1331400
2020-11-27,14.318324089050291,14.453929441923904,14.150810878347407,14.398090690722674,303200
2020-11-30,14.086994171142578,14.42999597436674,13.96734276852837,14.222599499825384,873700
2020-12-01,14.318324089050291,14.42202158409463,14.198671143640915,14.32629953205721,819200
2020-12-02,14.589532852172852,14.59750829411782,14.190693811115532,14.35820547806351,805500
2020-12-03,14.453929901123049,14.804907219693144,14.414045077569318,14.613464630986604,497800
2020-12-04,14.868722915649414,14.876699881164749,14.485837699616951,14.597512173930436,516300
2020-12-07,15.31541919708252,15.323394638721242,14.717160658469142,14.804904209546342,730100
2020-12-08,15.251605987548828,15.427094622357306,15.100046722084548,15.155883945821326,642800
2020-12-09,15.291488647460938,15.474954238229362,15.251605352580905,15.395186127019125,1428400
2020-12-10,15.116000175476074,15.187791324158878,14.884672802731444,15.163860434114548,1156100
2020-12-11,14.66929817199707,15.028253886421986,14.605483991815982,14.93253185542532,815500
2020-12-14,14.48583698272705,14.852769771020302,14.302371349305687,14.852769771020302,633100
2020-12-15,14.70120334625244,14.85276256713282,14.374155542186744,14.565598047875216,980900
2020-12-16,14.262484550476074,14.780976561425156,14.262484550476074,14.765022633391268,1018400
2020-12-17,13.911505699157717,14.334274094395813,13.73601555340592,14.294390800243212,701000
2020-12-18,13.664225578308104,14.06306463983018,13.568505055554963,13.951390189468087,1018000
2020-12-21,13.321222305297852,13.536594194391936,13.169663069568731,13.37705951807965,874200
2020-12-22,13.297296524047852,13.385041618647524,13.0500166918903,13.28931955895238,624800
2020-12-23,13.887577056884766,13.92746035749071,13.2972953835045,13.2972953835045,390100
2020-12-24,13.871620178222656,13.96734220935191,13.720062450988934,13.94341132120708,192800
2020-12-28,14.302367210388184,14.437972535294294,14.031156560575964,14.134854034233536,701100
2020-12-29,14.047110557556152,14.422018682930386,14.01520270614553,14.39011235296986,1239300
2020-12-30,14.310341835021973,14.429993214753878,14.12687476321989,14.182713493781296,412200
2020-12-31,14.270462989807127,14.382138976139345,14.20664879252464,14.29439388433199,403400
2021-01-04,14.039134979248049,14.4379740325139,13.863644822082914,14.38213680848872,436500
2021-01-05,14.238554954528809,14.334275478316568,13.99127515971842,14.174740764853537,690600
2021-01-06,14.66929817199707,15.044207811829777,14.46987866874991,14.621437917223773,1658300
2021-01-07,14.254509925842283,14.79692981706596,14.24653296136762,14.757046516143031,552000
2021-01-08,13.9673433303833,14.406065664766963,13.783877737564692,14.33427451602052,542800
2021-01-11,14.222599029541016,14.302367135796253,13.767922801771263,13.767922801771263,370900
2021-01-12,14.079022407531738,14.390117994957333,14.015208201140714,14.246535650214858,603400
2021-01-13,13.568503379821776,14.04711049882953,13.504689198717417,14.04711049882953,539800
2021-01-14,13.672198295593262,13.82375751790416,13.29729024192926,13.680175256920132,677100
2021-01-15,13.60838794708252,13.759947211944787,13.281340048108836,13.48873653648609,1075600
2021-01-19,13.536596298217772,13.775900632053226,13.209548411281146,13.688155557501876,578800
2021-01-20,13.361106872558594,13.751968920883312,13.297292691637212,13.616363596244115,493900
2021-01-21,13.265385627746582,13.60041047782994,13.185619037948308,13.337176775725172,522400
2021-01-22,13.560527801513672,13.560527801513672,13.0021525187536,13.201572045246447,560000
2021-01-25,13.9673433303833,13.975320293738482,13.337176918375654,13.58445821803572,584800
2021-01-26,14.230578422546388,14.286415650025662,13.935436835434064,13.967344691965272,455500
2021-01-27,13.99925136566162,14.422021346224106,13.839716643497754,14.047113151616122,845600
2021-01-28,13.983296394348145,14.246530083027311,13.88757436144204,14.08699386866717,729000
2021-01-29,13.600411415100098,14.31034598054115,13.58445900891119,14.031158332656483,793800
2021-02-01,14.477855682373049,14.597507080452148,13.664223741115038,13.728037921520563,1146300
2021-02-02,14.46988010406494,14.717161408064111,14.382136548518664,14.717161408064111,902000
2021-02-03,14.158784866333008,14.621438057445324,14.12687701521143,14.437972477846492,1192600
2021-02-04,14.645370483398438,14.757044931148457,14.238554467587344,14.270460800608674,714800
2021-02-05,14.350228309631348,14.90062660443238,14.278437161550771,14.78097519811481,792700
2021-02-08,14.525714874267578,14.6214368985956,14.246528806331597,14.334272347061493,533300
2021-02-09,14.852764129638672,14.900624380733229,14.318319841157988,14.485831480713896,472900
2021-02-10,14.66929817199707,14.972416668944792,14.358204233795522,14.972416668944792,350700
2021-02-11,14.77299976348877,14.780976727595393,14.525718440534504,14.693231643872888,452800
2021-02-12,14.884673118591309,15.004324528451644,14.693230558524728,14.693230558524728,317500
2021-02-16,14.693230628967283,15.004324600385656,14.549648327866429,15.004324600385656,318400
2021-02-17,14.693230628967283,14.844789893623773,14.605485551305598,14.653347332639372,308300
2021-02-18,14.653346061706545,14.772997461762754,14.42999566587154,14.677275428847729,321600
2021-02-19,14.78895378112793,14.844791008761584,14.645371469241198,14.669300840255424,263600
2021-02-22,15.363282203674316,15.435073362872126,14.77300052250931,14.84479168170712,488200
2021-02-23,15.809981346130373,15.95356366252516,15.19576877997506,15.474956448359327,897100
2021-02-24,15.865815162658691,16.55181873944677,15.4909070449571,15.873792125348094,675300
2021-02-25,14.844791412353516,16.049285646377804,14.836814447981784,15.953563595367427,1083500
2021-02-26,14.477855682373049,15.03623090200895,14.326296433366146,14.653345819575796,1221000
2021-03-01,15.195767402648926,15.227675257378076,14.525717667839343,14.8527670930121,471000
2021-03-02,14.916579246520996,15.29946432234687,14.852765067216684,15.195765330071085,752600
2021-03-03,15.323399543762209,15.522819120467808,14.916584946159327,14.916584946159327,783300
2021-03-04,15.060163497924805,15.626515801728786,14.988373860844414,15.355305096490328,590800
2021-03-05,15.602580070495604,15.730208419098645,15.131949964478183,15.275532237019082,631000
2021-03-08,15.88974380493164,15.969511899101498,15.57864991126403,15.746161539715867,623400
2021-03-09,15.95355987548828,16.113096082823176,15.71425708593597,16.017374054132233,532800
2021-03-10,16.176908493041992,16.36835100804576,15.801998903224314,16.0333262264267,536700
2021-03-11,16.32847023010254,16.432169235564462,15.83391065796952,16.15298159506344,360800
2021-03-12,16.544687271118164,16.760905720767294,16.24038101145678,16.39253337757772,446200
2021-03-15,16.152292251586914,16.608752421110513,16.112252475369587,16.536679601983675,427000
2021-03-16,16.056196212768555,16.144285561922462,15.880019041880448,16.144285561922462,337100
2021-03-17,16.28042221069336,16.296438732976767,15.647784854695091,16.016155702695666,483500
2021-03-18,16.41655921936035,16.993140261583903,16.192332494785838,16.280421837907898,825800
2021-03-19,15.944082260131836,16.38452591386913,15.751888582459951,16.38452591386913,1754100
2021-03-22,15.815953254699709,16.072211493426696,15.551686755085052,15.968107156726202,381300
2021-03-23,15.231365203857422,15.727865200190688,15.135267592756302,15.59973607033567,719500
2021-03-24,14.51864242553711,15.487620503198295,14.51063569294386,15.367499657847087,1102200
2021-03-25,14.726853370666504,14.887015524423218,14.214336922516216,14.398522330142788,492500
2021-03-26,14.54267120361328,14.92705862537984,14.038162903472156,14.822954271433836,886700
2021-03-29,14.278402328491213,14.742870769130883,14.19031298593934,14.406531448155976,787600
2021-03-30,14.846978187561035,14.9430742736584,14.374501436559704,14.374501436559704,589900
2021-03-31,14.734862327575684,15.095226426852037,14.47059583057955,14.95908904794981,919900
2021-04-01,15.151281356811523,15.191321129817627,14.726852736817442,14.726852736817442,483500
2021-04-05,15.40753936767578,15.487620440056578,14.983110753251152,15.39152284771574,539100
2021-04-06,15.231365203857422,15.695833681436788,15.111244335545804,15.439575421726753,552000
2021-04-07,15.423559188842772,15.519655274332282,15.223357228749933,15.319453314239444,556000
2021-04-08,15.53567123413086,15.743881448364512,15.295429501702626,15.743881448364512,616600
2021-04-09,15.719857215881348,15.759898524304525,15.35148634290654,15.54368004107858,423800
2021-04-12,15.703843116760254,15.952093133482276,15.607745498476342,15.735874637908342,405800
2021-04-13,15.319450378417969,15.695830968811515,15.271402344881146,15.695830968811515,456000
2021-04-14,15.49562931060791,15.783919044151022,15.303435645772678,15.38351519388942,348600
2021-04-15,15.807948112487791,15.888029209743696,15.455592201013747,15.623762657993137,521400
2021-04-16,16.0642032623291,16.0642032623291,15.791928501321864,15.936074142728,567500
2021-04-19,16.016155242919922,16.12025957993428,15.855993079522888,16.064203280971196,477400
2021-04-20,15.711849212646484,16.072211794831915,15.48762248584561,15.936074412027745,472900
2021-04-21,16.112253189086914,16.128268183831523,15.487622571458523,15.679816255170422,623500
2021-04-22,16.32847023010254,16.352495013498192,15.992130899661552,16.128268284064323,865900
2021-04-23,16.264406204223633,16.40855185450651,16.176318383710516,16.37652033634347,405700
2021-04-26,16.160301208496094,16.3605031530465,16.104244908409118,16.33647836982939,452300
2021-04-27,16.112253189086914,16.40054295094495,16.104244928004796,16.160301228159984,893500
2021-04-28,16.184324264526367,16.21635730842046,15.703840825471811,16.06420340476273,484300
2021-04-29,16.32847023010254,16.456599353373424,16.1042450280883,16.288430451862748,573400
2021-04-30,16.272417068481445,16.40054621646792,16.136279657818324,16.272417068481445,728400
2021-05-03,17.753908157348633,18.618780479831106,15.880017870733356,16.416559132754305,3093300
2021-05-04,17.193347930908203,17.81797874696519,17.097251822234888,17.673833056535106,1534900
2021-05-05,17.585739135742188,17.689845008536093,16.945093485547826,17.297449356864583,897500
2021-05-06,17.729883193969727,17.809964274895123,17.473624956944118,17.61777059712592,645800
2021-05-07,17.697853088378906,17.91407156588188,17.513667656766607,17.68984482690624,644400
2021-05-10,17.513668060302734,18.09024915284276,17.489643275331165,17.705861757816074,701800
2021-05-11,17.44159698486328,17.529684817101558,16.90505561929244,17.225378480658637,632800
2021-05-12,16.99313735961914,17.705857189001623,16.99313735961914,17.28943685479917,752100
2021-05-13,17.425580978393555,17.52968533865247,16.993143957118214,16.993143957118214,704200
2021-05-14,17.689847946166992,17.713872734821305,17.345500279221692,17.537694006196286,409000
2021-05-17,17.353500366210938,17.7939439254238,17.353500366210938,17.561710520859332,367300
2021-05-18,17.329477310180664,17.617768557162993,17.281429278156743,17.409558381833467,453300
2021-05-19,17.44159698486328,17.49765329467488,16.84899930948084,17.193345430812077,663600
2021-05-20,17.657812118530273,17.81797429620563,17.385537332934,17.47362668339742,569100
2021-05-21,17.785940170288086,17.930085815963878,17.617771268612753,17.785940170288086,594000
2021-05-24,18.05020904541016,18.19435317037249,17.697853175967357,17.850007089861702,590600
2021-05-25,18.18634605407715,18.354516501586,18.05821691665126,18.154314533430576,1247000
2021-05-26,18.4345932006836,18.594753820583826,18.218374760027874,18.35451212702376,925400
2021-05-27,18.867033004760746,19.17134085096161,18.61878299253778,18.61878299253778,881700
2021-05-28,18.62679100036621,19.06723471224404,18.45061382109904,19.06723471224404,602000
2021-06-01,18.79496192932129,18.90707608032675,18.402566219352018,18.71488235671445,554800
2021-06-02,18.78694725036621,18.89906136308192,18.58674533238318,18.83499681042412,875100
2021-06-03,18.818979263305664,19.09926223866855,18.434591968337934,18.971133140345973,668500
2021-06-04,18.82699012756348,18.86702990354648,18.52268233138233,18.73089252681692,816000
2021-06-07,18.93109703063965,18.93910529240693,18.690855287300263,18.82699268250452,846900
2021-06-08,18.818979263305664,18.931091842483085,18.538696287942777,18.90706859118469,669300
2021-06-09,18.71487808227539,18.83499894117023,18.634797000538963,18.746909598518204,423400
2021-06-10,18.274433135986328,18.83499918806992,18.274433135986328,18.72288506120144,544600
2021-06-11,18.28243827819824,18.474631927646897,18.11426940771293,18.322478049051124,321400
2021-06-14,18.186006546020508,18.41905819178794,17.960992855255608,18.28244207977033,493100
2021-06-15,18.13779258728028,18.30655441644641,17.99314002879246,18.16993828151804,476300
2021-06-16,18.29048156738281,18.378880693736203,17.83241615408082,18.08153915323275,1102400
2021-06-17,18.571746826171875,18.61996382581524,18.129752808936896,18.234224763086765,1189100
2021-06-18,17.9368839263916,18.48334838475256,17.62347111818669,18.48334838475256,1534000
2021-06-21,18.218149185180664,18.2261856060471,17.83241018033504,17.993133999292105,852000
2021-06-22,18.08153533935547,18.258332021980056,17.703832708515822,18.15386160333615,423200
2021-06-23,18.467273712158203,18.467273712158203,18.017244833906364,18.177970199677365,1204600
2021-06-24,18.70836639404297,18.724437708367667,18.394952006449817,18.507460403469103,597900
2021-06-25,19.134281158447266,19.3191157868354,18.78872269889247,18.796759120369405,2721400
2021-06-28,18.86908721923828,19.166428711691367,18.539601570536405,19.166428711691367,597100
2021-06-29,18.70836639404297,19.005706401729288,18.59585799702368,18.796763987597544,1149300
2021-06-30,18.80479431152344,19.021773078832577,18.539598551298013,18.619961228018862,1008100
2021-07-01,19.3271484375,19.632526287099022,18.80479336431172,18.949445868564887,788800
2021-07-02,19.10213661193848,19.423585800442503,19.078027348004184,19.423585800442503,389900
2021-07-06,18.571746826171875,19.23071810819738,18.32262234030113,19.23071810819738,378500
2021-07-07,18.16189765930176,18.579782391039966,17.97706455853741,18.46727402000847,963200
2021-07-08,17.679725646972656,18.13779102076131,17.14933400018675,17.792232501505747,931100
2021-07-09,18.11368179321289,18.14582594923616,17.792231036235375,17.944919992520614,441400
2021-07-12,18.15386009216309,18.16993293455213,17.679721971220737,18.017243997437483,509300
2021-07-13,17.86455726623535,18.12171664505152,17.687760576496938,18.03331906657771,867300
2021-07-14,17.478816986083984,18.057425548301424,17.36631014885049,17.985099286425406,677700
2021-07-15,17.422563552856445,17.65561364875763,17.22165761065615,17.334164447795292,432900
2021-07-16,17.197547912597656,17.727939464023134,17.028787661139848,17.63150547255886,569500
2021-07-19,16.410001754760742,16.88414002621532,16.26534919292157,16.843957907487162,597300
2021-07-20,16.99664306640625,17.077005752978415,16.28141837477455,16.369817483283008,768200
2021-07-21,17.454708099365234,17.719903887726076,17.13325889116887,17.13325889116887,367700
2021-07-22,17.09307861328125,17.374347250158817,16.835919242235732,17.3180922965507,411200
2021-07-23,17.414525985717773,17.414525985717773,17.036823391030886,17.326126886471453,541600
2021-07-26,17.63953971862793,17.768119379917305,17.277908463257514,17.414524544976285,574100
2021-07-27,17.398454666137695,17.51096303851287,17.125222456183415,17.462744507727482,382400
2021-07-28,17.71990394592285,17.880629316944265,17.12522252560881,17.430600423991343,454500
2021-07-29,17.98509979248047,18.0895717438146,17.83241237559326,17.920809950425134,322900
2021-07-30,17.81633949279785,18.07349886045506,17.607397123378686,17.824375914635983,763300
2021-08-02,17.840452194213867,18.17797431246519,17.639546207940246,17.792233653898656,568300
2021-08-03,17.744014739990234,17.82437743242387,17.189513848268106,17.82437743242387,585200
2021-08-04,17.752050399780273,17.88866651121036,17.358274909844326,17.46274533256578,643400
2021-08-05,18.08957290649414,18.169935597426186,17.213622794195636,17.647578872763322,569600
2021-08-06,18.08153533935547,18.523527812312302,17.993136231647807,18.21815144545334,360100
2021-08-09,17.687761306762695,18.14582666078975,17.398456227254716,17.95295711871472,418300
2021-08-10,17.92081069946289,17.96902923261284,17.37434778554735,17.671687742684693,405000
2021-08-11,18.00921058654785,18.105646124211024,17.808304621474548,17.9609935841117,266500
2021-08-12,17.824378967285156,18.001175679630464,17.623472985296445,18.001175679630464,320600
2021-08-13,17.752050399780273,17.912775777741835,17.567217288078037,17.912775777741835,399100
2021-08-16,17.752050399780273,17.880630089033204,17.269875798686385,17.59132502181871,649600
2021-08-17,17.551143646240234,17.808303013061366,17.261838592171095,17.53507080261623,609800
2021-08-18,17.679725646972656,17.920812201769547,17.478819673711605,17.655616378376592,458100
2021-08-19,17.101116180419922,17.53507226492188,16.972536486286685,17.430601838235198,629900
2021-08-20,17.543107986450195,17.56721725293344,16.94039011948632,16.94039011948632,344700
2021-08-23,17.615436553955078,17.800269689429584,17.53507385463847,17.647580714007123,347600
2021-08-24,17.76812171936035,17.888664976091682,17.575252202032086,17.591323512216437,255200
2021-08-25,17.7922306060791,17.896702559408254,17.518998388928534,17.727940762796074,294200
2021-08-26,17.63953971862793,17.90473546163608,17.567213467553845,17.848480518630314,250000
2021-08-27,18.411020278930664,18.49138296175049,17.591323673191628,17.591323673191628,734300
2021-08-30,18.24226188659668,18.41905858061425,18.097609349313736,18.41905858061425,329600
2021-08-31,18.27440643310547,18.4190589734737,18.10564615786978,18.153863160395566,527200
2021-09-01,18.411020278930664,18.571745644570324,18.34673043923293,18.37083970391609,292000
2021-09-02,18.36280632019043,18.72443615351957,18.2342266195235,18.49138602085736,297800
2021-09-03,17.9368839263916,18.25029673459651,17.824377078890524,18.25029673459651,437900
2021-09-07,17.591327667236328,17.977068325794338,17.462747958647334,17.856523507800006,537500
2021-09-08,17.077003479003906,17.70383051144959,17.068967058137744,17.478815325568704,456400
2021-09-09,17.060932159423828,17.22969394708882,16.843953375050564,16.94842532284096,448300
2021-09-10,16.771631240844727,17.1573703397636,16.763594818018387,17.10915333559647,328100
2021-09-13,17.085041046142578,17.12522162037864,16.763591853882126,16.90020795219165,319400
2021-09-14,16.93177604675293,17.302840070561032,16.641378248866612,17.302840070561032,522700
2021-09-15,17.35930633544922,17.456104577744927,16.81077783383914,16.907576076134845,279800
2021-09-16,17.50450325012207,17.786832706914247,17.41577025594159,17.585167930016894,567400
2021-09-17,17.55290412902832,17.754568926183637,17.31090544929376,17.50450500851353,912500
2021-09-20,17.06084442138672,17.189909790340767,16.859179590073445,17.13344388374594,432100
2021-09-21,17.3189754486084,17.50450826583716,17.044711150354317,17.3189754486084,889000
2021-09-22,18.036901473999023,18.25469830400913,17.359307575215418,17.423840254214788,682500
2021-09-23,18.117563247680664,18.432161353337168,18.109498010364,18.133696799474368,357100
2021-09-24,18.988754272460938,19.17428547978656,18.10142903325229,18.10142903325229,665100
2021-09-27,19.158153533935547,19.577616633200943,18.932288433120306,19.06942054101168,448500
2021-09-28,18.60156440734864,19.27915839270945,18.57736561124472,19.00489408727385,376300
2021-09-29,18.56929397583008,18.908090879891084,18.5208933191212,18.75482521080676,378700
2021-09-30,18.407962799072266,18.66609349831916,18.35149690093456,18.569295255391737,248200
2021-10-01,18.64996337890625,18.99682557965739,18.46443057370947,18.64996337890625,362500
2021-10-04,18.956485748291016,19.117818157325445,18.62575569449233,18.64188924311175,424100
2021-10-05,19.045225143432617,19.158156944655385,18.82742677943408,18.924225026602056,341300
2021-10-06,18.940359115600582,19.021025349572465,18.601562163783044,18.7870949634925,297600
2021-10-07,19.14202308654785,19.40015379300281,19.101690740631906,19.166223417245643,289600
2021-10-08,19.05329322814941,19.31949073400193,18.95649343575736,19.10169235505519,251900
2021-10-11,18.9968204498291,19.43241708538537,18.9968204498291,19.38401797207248,589800
2021-10-12,18.754825592041016,19.15815517466556,18.617693472405463,18.956490383353287,256000
2021-10-13,18.883893966674805,18.924226315979386,18.633830016109297,18.76289538018056,258700
2021-10-14,18.948429107666016,19.190427850639413,18.883896417255915,19.14202717889632,343200
2021-10-15,18.56123161315918,19.21462524828921,18.56123161315918,19.21462524828921,598600
2021-10-18,18.34343147277832,18.55316306597992,18.2062993363996,18.50476394095815,418700
2021-10-19,18.424097061157227,18.617695093039707,18.38376471481602,18.569295969714183,371300
2021-10-20,18.86776161193848,19.25495926736732,18.34343334471724,18.55316495932185,447000
2021-10-21,18.835493087768555,18.996824008560832,18.62576150601627,18.762893634908902,268000
2021-10-22,18.79516220092773,18.96456146414139,18.60156414195541,18.754829848942894,271200
2021-10-25,19.158153533935547,19.20655264890305,18.81128987641147,18.87582254256152,382900
2021-10-26,19.11782455444336,19.40015405685558,19.037158322933983,19.222689578399272,646100
2021-10-27,18.74675750732422,19.004888176014788,18.682224840151576,18.96455583599944,570000
2021-10-28,19.029090881347656,19.11782388676707,18.666093621523085,18.714494281886587,478100
2021-10-29,18.90809440612793,19.214624262882182,18.79516105799277,18.90809440612793,577800
2021-11-01,19.51308822631836,19.64215358679052,19.004892023201315,19.004892023201315,446200
2021-11-02,19.674415588378903,19.69054914015617,19.17428779192521,19.545350251321164,488300
2021-11-03,20.343944549560547,20.36007810288283,19.569552453054857,19.666350695827905,616200
2021-11-04,19.26301956176757,19.722816563391174,18.35956218771956,19.1662213266954,1193200
2021-11-05,18.827428817749023,19.67442049577848,18.81129526194756,19.52115633140628,548800
2021-11-08,18.593494415283203,18.980692010406592,18.47249583993605,18.82742632772401,765700
2021-11-09,18.537029266357425,18.682228178083424,18.464429810494423,18.585429929319705,469500
2021-11-10,18.51283073425293,18.7790282299738,18.399897390997097,18.432164500093176,444400
2021-11-11,18.956485748291016,19.03715195280823,18.48862360838703,18.537022715665405,438100
2021-11-12,18.488630294799805,19.012958505915165,18.480563517572744,19.012958505915165,495100
2021-11-15,19.004892349243164,19.06135825309589,18.55316357984088,18.56123035733134,370000
2021-11-16,18.29503059387207,18.883891430689538,18.17403202362716,18.883891430689538,592100
2021-11-17,17.996566772460938,18.26276425359261,17.74650284499308,18.14983245510656,590600
2021-11-18,17.794902801513672,17.988500838813117,17.706171329364196,17.91590138250327,643300
2021-11-19,17.6174373626709,17.73843593709483,17.52870435675585,17.585170255581662,697200
2021-11-22,17.367374420166016,17.633571914399457,17.254441077541223,17.62550513717051,752900
2021-11-23,17.536767959594727,17.738432726662623,17.327036417214504,17.52063440897008,633600
2021-11-24,17.46417236328125,17.714236298668535,17.310906675781762,17.367374115393453,467800
2021-11-26,17.004377365112305,17.093110377236613,16.649446855195524,16.964045017008775,461900
2021-11-29,17.0124454498291,17.36737598702174,16.689782024463327,17.25444263420829,792400
2021-11-30,16.633316040039062,16.915645574309053,16.33485141135006,16.818847316439506,1318600
2021-12-01,16.471982955932617,17.35930849302327,16.471982955932617,17.076977430506176,715900
2021-12-02,16.85110855102539,16.93177477086862,16.391313098073205,16.665577322392082,551900
2021-12-03,16.85110855102539,17.044706555501037,16.641376994865062,16.794642658709183,414900
2021-12-06,17.18990707397461,17.423838979850522,16.939843153464057,17.117307623087623,1696600
2021-12-07,17.262508392333984,17.569039782257704,17.214109266033578,17.448039658635956,668800
2021-12-08,17.117307662963867,17.27864011832863,16.939843192926883,17.21410744389879,740200
2021-12-09,17.690034866333008,18.02883176054686,17.036641405556356,17.141506414883896,873300
2021-12-10,17.722305297851562,17.98043758127233,17.56904112971559,17.851370670271645,374500
2021-12-13,16.996307373046875,17.738433823279316,16.980173821424827,17.536769043744197,526200
2021-12-14,16.097503662109375,17.04489205787849,16.08131016351113,16.89914130382843,977800
2021-12-15,15.546887397766112,15.992240307540088,15.449718675835634,15.992240307540088,1372600
2021-12-16,15.247288703918455,15.80600550642834,15.142023980418374,15.757420362248498,889100
2021-12-17,15.6764497756958,15.88698078815642,14.996273133729169,15.14202549192844,1125200
2021-12-20,15.18250560760498,15.474010209493184,14.826222376902102,15.344452951863834,1170400
2021-12-21,15.959847450256348,16.057016155331354,15.231087567748398,15.231087567748398,974100
2021-12-22,16.03272819519043,16.065118287661154,15.765516110085407,15.87078236617065,1012900
2021-12-23,16.437593460083008,16.62383338449666,16.065116700144625,16.194673968335756,899000
2021-12-27,16.785781860351562,16.866755551927522,16.316136302544663,16.405207517722687,762600
2021-12-28,16.81817054748535,17.223037427042854,16.737196862684936,16.737196862684936,692300
2021-12-29,16.35662078857422,16.947725998337333,16.324230700368037,16.834363778504517,732600
2021-12-30,16.478084564208984,16.696713079786615,16.38901334428222,16.38901334428222,501800
2021-12-31,16.324230194091797,16.534761127569382,16.235158998731645,16.283744129534107,428800
2022-01-03,17.53073501586914,17.546930061200733,16.656222645742133,16.68051521373952,936500
2022-01-04,17.563119888305664,17.99227765097287,17.53072980726599,17.619800985681024,815000
2022-01-05,17.27161979675293,18.00037981944761,17.247327229700133,17.676486647632693,845400
2022-01-06,17.190645217895508,17.595512047583735,17.166354196558622,17.247326326940758,517200
2022-01-07,17.401180267333984,17.627906301544744,17.198746804645904,17.198746804645904,537400
2022-01-10,17.336397171020508,17.595511689638712,17.214937433473768,17.457856908567244,434100
2022-01-11,16.980113983154297,17.425468414662824,16.972016461369304,17.32829969768725,477700
2022-01-12,17.27161979675293,17.401177065478898,16.955824147288943,17.03679782635379,479600
2022-01-13,18.826305389404297,18.8667914498834,17.30400696650469,17.43356421337086,1036700
2022-01-14,18.526704788208008,18.753430760771508,18.121837972915973,18.6805546104634,620100
2022-01-18,18.0246696472168,18.48621753996527,17.927500938217218,18.36475781204897,432800
2022-01-19,17.63599967956543,18.11374266275843,17.393078654778062,18.10564514082108,683900
2022-01-20,16.842458724975586,17.83033473256221,16.79387514008513,17.611706283888683,769900
2022-01-21,16.55095672607422,16.88294740879989,16.308035697250578,16.672416468263833,756100
2022-01-24,16.76148796081543,16.826266594083208,15.935559228317922,16.316133505710564,733700
2022-01-25,16.74529457092285,16.882949373273554,16.22706545357648,16.591444722543923,457700
2022-01-26,16.534761428833008,17.20684030606874,16.227063317032957,17.004406890703226,693400
2022-01-27,16.33232879638672,16.640026922936826,16.235160072797786,16.631930945045177,700100
2022-01-28,17.004405975341797,17.01250349685385,16.194672357468377,16.25945098512048,491600
2022-01-31,16.882946014404297,16.996308225159208,16.550955359098385,16.640025005643977,785100
2022-02-01,17.12586784362793,17.271620160122172,16.72100098423037,16.85865577820332,513400
2022-02-02,17.01250457763672,17.255424060653386,16.67241637474674,17.09347825345708,423200
2022-02-03,16.67241859436035,17.166356692622983,16.623835000177923,16.874852038639187,469200
2022-02-04,16.688610076904297,16.818167330021687,16.121795936182505,16.5023701741593,740700
2022-02-07,16.72100067138672,16.85055794041441,16.445691088591758,16.70480562664714,442200
2022-02-08,17.04489517211914,17.109673811680633,16.77768309087241,16.89104686843847,355500
2022-02-09,17.781749725341797,17.7898472469532,17.255423176155126,17.255423176155126,485200
2022-02-10,18.24330139160156,18.5671945729142,17.514539803092493,17.514539803092493,990100
2022-02-11,17.94369888305664,18.470025485462777,17.773655545356213,18.23520351276536,449600
2022-02-14,17.92750358581543,18.219008211420384,17.68458409410761,18.121839488070577,733700
2022-02-15,18.35666275024414,18.445733950056628,18.170424372858434,18.170424372858434,320300
2022-02-16,18.27569007873535,18.372858806102265,18.057061600493185,18.14613280520915,434400
2022-02-17,17.88701820373535,18.21900890919173,17.79794699929039,18.03277052212001,317600
2022-02-18,17.13396453857422,17.90321215205252,17.09347847236775,17.82223847519516,441000
2022-02-22,16.631929397583008,17.12586585857374,16.6238318760003,17.06918475193909,505100
2022-02-23,16.251354217529297,16.80197335033823,16.073213369332915,16.74529224156867,469800
2022-02-24,16.397106170654297,16.48617736506276,15.563079967455618,15.668346205291863,504300
2022-02-25,17.94369888305664,18.00037999562345,16.28374539598087,16.980115336087433,966300
2022-02-28,18.972057342529297,19.02873844397475,17.668385831507187,17.757457016318142,904800
2022-03-01,19.328344345092773,19.644139997898584,18.63197285998817,18.78582269739501,1308900
2022-03-02,19.895151138305664,20.03280589017381,19.417408266789383,19.55506301865753,797400
2022-03-03,19.684627532958984,20.089494418302536,19.48219409028721,20.01661825538513,431800
2022-03-04,18.47002220153809,19.425508056194065,18.170421647111915,19.182588604256942,849900
2022-03-07,18.54290008544922,19.09351920889874,18.37285676203094,18.607678715005378,549100
2022-03-08,18.44573211669922,18.9801561735678,18.33236836153865,18.41334203109783,528000
2022-03-09,18.94776725769043,19.190688281364487,18.6724576908598,18.85060008377632,642000
2022-03-10,18.98015785217285,19.20688229365692,18.721043322222823,18.89918417545236,674400
2022-03-11,18.61577796936035,19.1582996215533,18.50241574319733,19.134007054042154,743000
2022-03-14,18.44514274597168,18.843297610288857,18.26637826210513,18.70516212268186,464400
2022-03-15,18.90017318725586,18.973303817266707,18.583274823767155,18.60765066721247,438100
2022-03-16,19.208946228027344,19.338955895742377,18.73766079510097,18.9408010946354,662700
2022-03-17,19.03018569946289,19.208948627441192,18.916427613461945,18.989558254416178,774900
2022-03-18,19.03018569946289,19.241451823348708,18.534522810737023,19.03831149843977,739400
2022-03-21,18.883922576904297,19.127691872937,18.770164501991555,19.00580645000188,467900
2022-03-22,18.9408016204834,19.176445118407432,18.8676709866337,18.96517901504581,834900
2022-03-23,18.60765266418457,19.046436491339907,18.526396227692366,18.81891877912926,382700
2022-03-24,19.04643440246582,19.11956503230461,18.42076192488394,18.66452965778827,493600
2022-03-25,18.97330474853516,19.249575686616936,18.827043481334503,19.04643538213548,927700
2022-03-28,18.08761405944824,18.81079309393085,17.94947858152978,18.802667295248867,976300
2022-03-29,18.24199867248535,18.4613890079358,18.087611618041585,18.29887770574426,633100
2022-03-30,17.8763484954834,18.34763398473445,17.80321785492395,18.1201162641231,529000
2022-03-31,17.9332218170166,18.298874903161067,17.6488251444417,17.835715360602865,771800
2022-04-01,18.03886032104492,18.20137164070192,17.697584534976368,17.998231328752485,1291900
2022-04-04,18.10386657714844,18.185121468423723,17.754464965248957,18.111992376243503,684600
2022-04-05,17.616323471069336,18.29887486384783,17.437559051632906,17.93322177848893,793400
2022-04-06,17.36443328857422,17.6407026669474,17.145041395612086,17.510693000711502,828300
2022-04-07,17.22629737854004,17.486316704280846,16.9012716715266,17.396934479868406,927000
2022-04-08,17.088157653808594,17.234417325661884,16.982523860437997,17.218167284236216,599600
2022-04-11,16.941904067993164,17.226300843922772,16.779391181794033,17.03128476054872,794400
2022-04-12,17.063783645629883,17.49444160034199,16.982527223064174,17.177541707319463,516400
2022-04-13,17.185670852661133,17.315680534159725,16.917525690840574,17.112540213088465,520000
2022-04-14,16.519371032714844,17.21817424098209,16.511245233800377,17.21817424098209,656600
2022-04-18,16.44624137878418,16.966280141800986,16.332483286833696,16.44624137878418,593100
2022-04-19,16.714385986328125,16.779390829475314,16.37311017234595,16.43811501549314,556300
2022-04-20,16.88502311706543,17.031282838331915,16.348732822908943,16.76313769125367,773100
2022-04-21,16.75501823425293,17.112544166042824,16.616882722022012,17.104418365342415,587800
2022-04-22,16.503116607666016,16.84439235441976,16.413735934594435,16.73876008630338,438500
2022-04-25,16.178096771240234,16.39748871335256,15.79619348484449,16.33248386567163,534200
2022-04-26,15.73118495941162,16.072460717410014,15.641802733557592,15.966826895975712,487700
2022-04-27,15.528047561645508,15.877449182631054,15.357408875887051,15.755563742873122,780100
2022-04-28,15.373659133911133,15.796191361971376,14.99175589883992,15.690557530037507,784700
2022-04-29,15.048633575439451,15.438662573763,14.821115884831984,15.243648074601229,924400
2022-05-02,15.146141052246094,15.333031315749508,14.86987010602808,15.048634571132428,551400
2022-05-03,15.276145935058594,15.446784548237105,14.918620216675494,15.02425246305298,689100
2022-05-04,15.926198959350586,15.974952194730957,15.20301847699426,15.349279732972786,496700
2022-05-05,15.698681831359863,16.064334984198588,15.487415737479427,15.844943092495352,593100
2022-05-06,15.40616512298584,16.373113731076604,15.219276352046714,16.25122981741361,830400
2022-05-09,14.894247055053713,15.43053733462651,14.739859989771382,15.138014800373156,1068300
2022-05-10,15.723060607910156,15.80431704344844,14.772363876738726,15.016131633515975,896400
2022-05-11,15.658056259155272,16.169969184332697,15.479291785412643,15.658056259155272,768800
2022-05-12,15.958703994750977,16.088713683315476,15.593052326852469,15.739313613946967,1009100
2022-05-13,15.877449035644531,16.251226501251196,15.836820039488764,16.23497490278889,856700
2022-05-16,16.096837997436523,16.29997831080592,15.853070241328284,15.901823482582412,859000
2022-05-17,16.673757553100586,16.836268876425496,16.332481759329372,16.332481759329372,1365000
2022-05-18,16.519371032714844,16.828143642276142,16.267477465717125,16.519371032714844,1600600
2022-05-19,16.397485733032227,16.641253480070326,16.137466389568242,16.41373732945811,725200
2022-05-20,16.470617294311523,16.63312861820619,16.316230219249608,16.543747932507294,777500
2022-05-23,16.283723831176758,16.624997976898296,16.178090029069182,16.624997976898296,957800
2022-05-24,15.487419128417969,16.104965949624273,15.219273940905556,16.088714350420418,768700
2022-05-25,15.747437477111816,15.918076157815785,15.414287464607265,15.414287464607265,720800
2022-05-26,15.81243896484375,16.015579248872086,15.788063122656268,15.869319546235076,977400
2022-05-27,15.950578689575195,16.023709335387757,15.836820596016892,15.950578689575195,1044100
2022-05-31,16.023706436157227,16.104962866784458,15.706808061532282,15.950575803576468,1626700
2022-06-01,15.81243896484375,16.11308726713413,15.576797041286312,16.11308726713413,939600
2022-06-02,15.836817741394045,15.974953208603226,15.633677439606272,15.82056614529002,1003800
2022-06-03,15.828693389892578,16.015582112655686,15.682432111264877,15.706809507648709,1196500
2022-06-06,15.877449035644531,16.023708772292096,15.72306194992808,15.92620228119372,1495500
2022-06-07,15.950578689575195,16.064338332971285,15.633680257612616,15.844946395533595,1097200
2022-06-08,15.471162796020508,16.015577199716006,15.381780586536328,15.95057237913765,973400
2022-06-09,15.61742877960205,15.698685225560991,15.203022300065465,15.308656144763429,757900
2022-06-10,15.235525131225586,15.54429775862314,15.186771884760237,15.349283222923985,836000
2022-06-13,14.496091842651367,15.048633703220194,14.341704781648316,14.869869248425877,1533300
2022-06-14,15.067447662353516,15.238854981434647,14.42263350745704,14.512418367776627,1005200
2022-06-15,15.377610206604004,15.687773631539155,15.157230070645031,15.23885251620228,971600
2022-06-16,14.806254386901855,15.222527450864124,14.626686255255215,15.075607362781131,1062800
2022-06-17,14.700145721435549,15.05928352742979,14.27571027406222,14.928688244671624,1504800
2022-06-21,14.226740837097168,15.002150319449049,14.226740837097168,14.887879808892109,938300
2022-06-22,13.90025234222412,14.316525483164666,13.843115530989248,13.99819804784606,1514900
2022-06-23,13.79414176940918,13.98187232349916,13.263598154589369,13.892089025397198,1488100
2022-06-24,13.98187255859375,14.218577523067164,13.826791606165148,13.875764456573188,2806200
2022-06-27,14.463441848754885,14.52873949487586,14.02268312664297,14.11246797386632,782100
2022-06-28,14.161439895629885,14.822578714086996,14.136952696124588,14.651172988005689,636100
2022-06-29,13.990032196044922,14.112466633106171,13.630895954908771,14.112466633106171,1133100
2022-06-30,13.78597927093506,14.087981881013684,13.704358374477035,13.81046647396375,1206800
2022-07-01,14.34917163848877,14.373658840071087,13.67170796289849,13.67170796289849,1034500
2022-07-05,13.875761985778809,14.169602149541948,13.671706662458533,14.169602149541948,1366300
2022-07-06,13.5003023147583,14.022683497543092,13.394192663993437,13.892088201846894,1113500
2022-07-07,13.924735069274902,13.981870311705784,13.557436415011262,13.614571657442143,659000
2022-07-08,13.851275444030762,14.10430517786832,13.679869711578196,13.941060288735612,776800
2022-07-11,13.483979225158691,13.737007448085462,13.435004815442085,13.704359398426648,491900
2022-07-12,13.818628311157228,13.916574005638076,13.361544771002857,13.361544771002857,517700
2022-07-13,13.590085983276367,13.745168485010344,13.475815485587525,13.72884368339229,384700
2022-07-14,13.26359748840332,13.435003231749691,13.165650237334866,13.361544739471777,498100
2022-07-15,13.777816772460938,13.826791178171874,13.271760367998306,13.50030292419295,421600
2022-07-18,14.039008140563965,14.07165618571088,13.85127604289905,13.875763244373267,515800
2022-07-19,14.54506492614746,14.675660224050793,14.251224727455591,14.251224727455591,465100
2022-07-20,14.928689002990724,15.002147491057343,14.463441533111109,14.545063978185706,407600
2022-07-21,15.051125526428224,15.075611176089836,14.716474821954616,14.855232545040188,396600
2022-07-22,14.99398422241211,15.157227529338076,14.879712195063696,15.083767496334952,476200
2022-07-25,15.181719779968262,15.312315091711818,14.993989213939262,15.12458452568282,399200
2022-07-26,15.12458324432373,15.271501789974064,14.993987943644246,15.198043295558293,326700
2022-07-27,15.467398643493652,15.55718195331499,15.165395991860912,15.165395991860912,476200
2022-07-28,15.834696769714355,15.891832025555049,15.157232987796656,15.410261216584988,637500
2022-07-29,15.157233238220217,15.83469703133078,15.083773177548792,15.83469703133078,644000
2022-08-01,15.312311172485352,15.361284012649728,14.879713340047552,15.083768657020729,359900
2022-08-02,15.43474578857422,15.606153083670185,15.149068001293404,15.312312895973497,359900
2022-08-03,15.965289115905762,16.13669640836973,15.467395152732276,15.516367997656838,506000
2022-08-04,16.022428512573242,16.06324052460043,15.65512974524298,15.834697927705392,816200
2022-08-05,15.867344856262209,16.038750607357187,15.393936494470932,15.695937548348414,814500
2022-08-08,15.189881324768066,15.842857846654658,15.132746073705343,15.312314228019448,961200
2022-08-09,15.034796714782717,15.255176843912,14.798091785684164,15.238852043942732,729900
2022-08-10,15.581668853759766,15.65512891469236,15.295991012001782,15.30415341397418,598200
2022-08-11,16.022428512573242,16.16934864223298,15.728589810072846,15.753075460470086,1001600
2022-08-12,16.038747787475586,16.185667866479584,15.924477306836271,16.046910187066757,1270100
2022-08-15,16.226482391357422,16.283619202875315,15.720425943893236,15.859183658227405,1608000
2022-08-16,16.961082458496094,16.961082458496094,16.21015865482786,16.316266759372567,1072600
2022-08-17,16.854969024658203,17.001889103312557,16.626428063923463,16.740698544290833,834200
2022-08-18,16.74070167541504,16.85497217715518,16.552971120608007,16.85497217715518,592500
2022-08-19,16.691728591918945,16.920269592199098,16.593781336928306,16.650916586998346,606900
2022-08-22,16.006101608276367,16.455022740294005,15.916316759145351,16.455022740294005,616400
2022-08-23,15.981614112854004,16.120371805860742,15.899991665764388,15.973451712463174,463500
2022-08-24,16.030590057373047,16.19383498311037,15.802049029523586,15.883669935573256,344000
2022-08-25,16.50399398803711,16.585616428720762,16.16934338237084,16.185668181871286,447400
2022-08-26,16.41421127319336,16.618266603563963,16.24280398613637,16.52031935998588,719600
2022-08-29,16.332590103149414,16.503995846752456,16.087722753520968,16.242805252603777,364500
2022-08-30,15.842855453491213,16.414210991449238,15.826530653705303,16.38156139187742,499600
2022-08-31,15.589826583862305,15.883665182717827,15.549014586230616,15.883665182717827,495000
2022-09-01,15.442909240722656,15.442909240722656,15.189881037872963,15.426584438779114,553100
2022-09-02,15.41841983795166,15.66328716171142,15.353122196312777,15.61431276286832,437300
2022-09-06,15.12458324432373,15.524531547257004,15.06744643806002,15.500044344572556,515200
2022-09-07,14.985824584960938,15.149067921967536,14.961337383841538,14.985824584960938,666800
2022-09-08,15.083769798278809,15.2225274865919,14.700146333798443,14.86338966563708,388600
2022-09-09,15.6143159866333,15.66329039558776,15.14906999929823,15.165394802283052,378100
2022-09-12,16.030590057373047,16.11221252024171,15.606156052730192,15.769399421648524,448100
2022-09-13,15.45923137664795,15.88366525625278,15.336798496823125,15.67144909485963,596200
2022-09-14,15.254315376281738,15.50021988056316,14.901851106968378,15.475628804765936,418600
2022-09-15,15.352672576904297,15.606775604071771,15.155948711738136,15.155948711738136,390000
2022-09-16,15.139556884765623,15.237919613478889,14.828077776781605,15.188739030833524,928600
2022-09-19,15.147751808166504,15.287098075853608,14.91004438883104,14.992013057486217,397900
2022-09-20,15.221525192260742,15.27890279784651,15.000210230639222,15.065784860369025,525800
2022-09-21,14.721515655517578,15.278900713908628,14.721515655517578,15.246114185226832,357200
2022-09-22,13.754291534423828,14.72151688065307,13.721503439591102,14.72151688065307,753000
2022-09-23,13.213300704956056,13.590354421501068,12.84444244883816,13.532976817976603,789800
2022-09-26,12.6968994140625,13.196906935469418,12.623127761283692,13.032969581867077,643200
2022-09-27,12.516571044921877,12.959200231835364,12.28705903562501,12.86083749544452,539000
2022-09-28,12.49197769165039,12.7460799478455,12.459190379403717,12.590339628390412,728100
2022-09-29,12.032957077026367,12.311649662668213,11.623115223249842,12.287058588609485,620500
2022-09-30,11.737870216369627,12.16410611132491,11.729673973552243,12.065744162114758,730600
2022-10-03,12.131318092346191,12.442797970994883,11.664097883517533,12.000168834328054,992300
2022-10-04,12.606734275817873,12.680505927314366,12.31984469371177,12.31984469371177,773900
2022-10-05,12.49197769165039,12.500174715139856,12.205088904919794,12.450993355914251,705500
2022-10-06,11.90180778503418,12.500176515127034,11.893610760364368,12.459192173489276,644600
2022-10-07,11.869020462036133,11.934595881968905,11.532950245723512,11.877217487241648,531800
2022-10-10,12.06574249267578,12.172301451670902,11.7870499509518,11.901805933341432,424000
2022-10-11,11.811641693115234,12.057546953236582,11.598523748895984,11.98377529702905,492100
2022-10-12,11.557540893554688,11.910004365521074,11.516556550755435,11.811642411829665,577200
2022-10-13,11.918200492858888,11.98377512371471,11.20507579601838,11.393602664301053,623600
2022-10-14,11.754262924194336,12.147710676140177,11.72967263512552,11.967380847353931,515700
2022-10-17,12.3362398147583,12.53296371472366,11.869019575201458,11.869019575201458,636000
2022-10-18,12.770671844482422,12.844443501753386,12.590341213565765,12.623128529940493,629400
2022-10-19,12.664114952087402,12.94280757792926,12.50017834327202,12.688705247981856,523000
2022-10-20,12.6968994140625,12.910017348376556,12.541159866193755,12.705096438084864,323300
2022-10-21,12.721490859985352,12.852640121352415,12.5165699436715,12.79526173322088,393900
2022-10-24,12.573946952819824,12.811655173184125,12.500175301377244,12.803458149310233,648800
2022-10-25,12.6968994140625,12.934607638732412,12.508372551815537,12.5165695758379,436800
2022-10-26,12.369026184082031,12.885426968223706,12.34443589389754,12.852639654073975,407800
2022-10-27,11.680492401123049,12.598538025862103,11.639508060917205,12.475585786955842,848300
2022-10-28,12.073941230773926,12.10672933113126,11.606721744640677,11.729674775846656,694900
2022-10-31,11.598523139953612,12.049349296221722,11.22966565999288,12.008364958068034,898000
2022-11-01,12.319844245910645,12.631324106623511,11.729672618812655,11.836230798533062,800000
2022-11-02,11.65590000152588,12.155906672811316,11.59032538174127,12.106726098828425,690400
2022-11-03,11.082122802734377,11.475570561034168,10.811626491764258,11.39360188719944,942800
2022-11-04,7.352562427520752,10.344407383681506,7.05747581851754,10.344407383681506,5034900
2022-11-07,7.680435657501221,8.073884213471018,7.360758754632713,8.000112560369729,2171400
2022-11-08,8.385361671447754,8.631266873146837,7.803387147879151,7.877158004848898,1900500
2022-11-09,7.606663703918457,7.92634059415896,7.237806234694005,7.836175678214247,2376300
2022-11-10,8.270606994628906,8.344378637865221,7.8443711811351475,7.991914467607777,1409800
2022-11-11,8.565692901611328,8.877172742978614,8.02470188618278,8.164048151576335,1279200
2022-11-14,8.713235855102539,8.983731352417774,8.434543335029602,8.57388959506607,1402700
2022-11-15,9.360787391662598,9.532920990279244,8.934551516340905,9.049307509322418,1425600
2022-11-16,9.09848690032959,9.418162955816626,9.016518240008716,9.31160401008392,1107900
2022-11-17,9.246031761169434,9.295213126292868,8.852583967027078,8.950945915562666,618100
2022-11-18,9.024715423583984,9.508328808351152,8.926353498468625,9.4099661015247,642400
2022-11-21,8.860779762268066,9.057503632048286,8.819795427302727,9.016519297082947,441700
2022-11-22,8.819796562194824,8.991930165829693,8.696843541477762,8.926355534131769,1261100
2022-11-23,8.95914363861084,9.082095888439524,8.811600313447348,8.811600313447348,324700
2022-11-25,8.926353454589844,9.065699709912732,8.926353454589844,8.959140762800459,166000
2022-11-28,8.762418746948242,8.918159093712312,8.672253817887318,8.77061577187505,1173500
2022-11-29,9.26242733001709,9.270624355834618,8.737829403366304,8.836191368042437,705400
2022-11-30,9.59029769897461,9.63128203418572,9.016519351152589,9.25422755732362,1110400
2022-12-01,9.483742713928224,9.844404076854634,9.352593411668256,9.59030171744232,727300
2022-12-02,9.434558868408203,9.541117835237328,9.319802877581935,9.368984239853548,1172000
2022-12-05,9.442758560180664,9.639482501423233,9.33619956324641,9.409970454928782,998400
2022-12-06,9.270622253417969,9.557511056567424,9.073897586968044,9.42636180007496,829100
2022-12-07,9.336196899414062,9.532920784526768,9.19685061869809,9.2788185133061,647600
2022-12-08,9.459149360656738,9.590298620566305,9.254228446620232,9.336197124919334,1029900
2022-12-09,9.770630836486816,9.94276446360506,9.352591916098028,9.368985967114709,738000
2022-12-12,9.89358139038086,9.90997543857745,9.655873163509025,9.71325155048584,1002000
2022-12-13,9.59029769897461,10.500146970158797,9.557510387147955,10.196863358623284,1496400
2022-12-14,9.738858222961426,9.837897363075092,9.400474297466449,9.45824693242614,1021200
2022-12-15,9.25191593170166,9.672832901077811,9.185889833026168,9.56554029395684,413300
2022-12-16,9.235407829284668,9.293181248537667,9.029076100607153,9.144622152020071,939000
2022-12-19,8.731959342956543,9.169382419842648,8.657679789182968,9.169382419842648,653600
2022-12-20,8.624666213989258,8.740212266911872,8.43484139893042,8.707199221375852,707200
2022-12-21,8.542134284973145,8.698946059843074,8.525627368095721,8.690692601404361,628100
2022-12-22,8.492613792419434,8.550386423705454,8.286282066862992,8.476107663663313,602500
2022-12-23,8.632920265197754,8.665933313001652,8.335802834962658,8.393575471846196,390500
2022-12-27,8.888772010803223,8.946544647912978,8.434842011402312,8.649426429421323,678400
2022-12-28,8.81449031829834,8.971302061174203,8.789729948034028,8.872262941395823,687600
2022-12-29,9.334446907043455,9.35920649185827,8.905276572423984,8.930036157238796,614300
2022-12-30,9.235407829284668,9.284927790488227,9.078596061810712,9.202394784179988,612000
2023-01-03,9.144623756408691,9.540781154262197,9.11986416500948,9.40047549117796,1334800
2023-01-04,9.57379150390625,9.623310672732805,9.111608134664756,9.21890071657962,638200
2023-01-05,9.63981819152832,9.74711078017089,9.392219970591084,9.540779060572037,967500
2023-01-06,9.95344352722168,10.077242256922997,9.639819186606138,9.714098739264177,628600
2023-01-09,9.606806755065918,10.019470263300985,9.582046377864724,9.96995029599178,1215800
2023-01-10,9.714098930358888,9.730605060666976,9.532526774411046,9.6480720478471,435500
2023-01-11,9.76361846923828,9.912177582967525,9.68933891237366,9.722351961303138,1269100
2023-01-12,9.623312950134276,9.961696903203515,9.549033392222848,9.870911214141316,788000
2023-01-13,9.532526016235352,9.615058235397829,9.425233422940355,9.425233422940355,1140300
2023-01-17,9.68108367919922,9.730603637064927,9.375712835790925,9.532525379788147,832900
2023-01-18,9.57379150390625,9.854401963807051,9.49951196357342,9.672830628652356,484400
2023-01-19,9.392221450805664,9.507767515344586,9.284928845253772,9.483007138383492,342400
2023-01-20,9.582045555114746,9.66457856451244,9.35920768908995,9.48300641609338,828200
2023-01-23,9.920429229736328,9.936935357639188,9.516018470360391,9.615057599056632,989700
2023-01-24,9.87916374206543,10.00296246885324,9.788377274467466,9.788377274467466,469400
2023-01-25,10.110255241394045,10.176281335105084,9.780124772838834,9.821390491088392,577000
2023-01-26,10.399120330810549,10.399120330810549,10.060735605640474,10.168028208192965,441200
2023-01-27,10.539424896240234,10.605450985306842,10.283573210787331,10.34959929985394,435100
2023-01-30,10.399120330810549,10.473399098337826,10.159775536529809,10.399120330810549,398700
2023-01-31,10.696236610412598,10.754009241299377,10.407371881792573,10.432132255395246,478900
2023-02-01,11.1749267578125,11.306978942533984,10.605451514427823,10.646717231833458,787800
2023-02-02,11.604095458984377,11.884705917193656,11.216191632413995,11.216191632413995,1088500
2023-02-03,10.927328109741213,11.463791073999952,10.894315064793988,11.414271113032576,614600
2023-02-06,10.432132720947266,10.869555775238783,10.39086621686095,10.8117831417738,575100
2023-02-07,9.936935424804688,10.341345399821074,9.705844122951472,10.341345399821074,955300
2023-02-08,9.788375854492188,10.077240557883009,9.75536281299835,9.829642353132732,758100
2023-02-09,9.549031257629396,9.928681634348171,9.540778587445404,9.928681634348171,544600
2023-02-10,9.516019821166992,9.582045916336943,9.342701124572589,9.491260232251546,554300
2023-02-13,9.70584487915039,9.7636175123416,9.367460964013713,9.524272734286894,465500
2023-02-14,9.80488395690918,9.862656589750843,9.532526134808348,9.656324858638513,646000
2023-02-15,10.250560760498049,10.267066890175055,9.681084725418648,9.681084725418648,592300
2023-02-16,10.15977382659912,10.2423060389922,10.011214742361355,10.035974327369978,512800
2023-02-17,10.465147018432615,10.547679249383032,10.12676306122157,10.23405488274779,873200
2023-02-21,10.374361038208008,10.423881008825344,10.26706842444814,10.26706842444814,789200
2023-02-22,10.341346740722656,10.638464954438254,10.25056105713908,10.374359788125153,784000
2023-02-23,10.506412506103516,10.539426342259416,10.20104160550002,10.440386407978067,522600
2023-02-24,10.068987846374512,11.331737760890382,9.88741571116596,10.754009098419225,929600
2023-02-27,10.10200023651123,10.4816506107801,10.027720695683604,10.341344986348584,569000
2023-02-28,9.656325340270996,10.1845348816178,9.656325340270996,10.011216187355032,860200
2023-03-01,9.491260528564451,9.714099197039817,9.317941826559114,9.631566181954163,643900
2023-03-02,9.317941665649414,9.441740399046871,9.202395603943476,9.383967761740475,457000
2023-03-03,9.458245277404783,9.516017902255316,9.293180072765423,9.342699240610742,579500
2023-03-06,9.169381141662598,9.648070658038929,9.136368098708816,9.52427194373551,660100
2023-03-07,8.847504615783691,9.210648106587271,8.740212024000275,9.119862430659644,992800
2023-03-08,8.641172409057617,8.930036336614128,8.624665494120832,8.864010251053038,682000
2023-03-09,8.145977973937988,8.657680655819252,8.137724514449609,8.591654554098652,759500
2023-03-10,8.079950332641602,8.228509426752707,7.989164656847631,8.137722963865668,944000
2023-03-13,7.791086673736572,8.055191853707646,7.758073624626835,7.93139232922625,1019600
2023-03-14,7.782762050628662,8.207275723676158,7.741142845163526,8.074094901243978,1029300
2023-03-15,7.466457843780518,7.616285885016317,7.366572218349856,7.591314677113748,905300
2023-03-16,7.474781036376953,7.657905079563182,7.225067370183459,7.3332769959834865,1387900
2023-03-17,6.958704948425293,7.516400287877625,6.925409739823081,7.466457871884503,1939500
2023-03-20,7.158476829528809,7.474780907078539,6.9337335812578,6.958704788681122,782500
2023-03-21,7.366573333740234,7.524725399496531,7.316630116552688,7.316630116552688,719200
2023-03-22,7.0752387046813965,7.408190796785301,7.066914703923699,7.374895587574911,688400
2023-03-23,7.10020923614502,7.3582476782874595,6.933733205966185,7.150152442108834,657200
2023-03-24,7.0336198806762695,7.058591090499232,6.733962981339379,6.992000668424367,1021500
2023-03-27,7.266685962677002,7.341600381891471,7.108533917306771,7.125181918830166,919000
2023-03-28,7.050266742706299,7.2583619764854195,7.000323537318369,7.200094771229448,875200
2023-03-29,7.2500386238098145,7.2500386238098145,7.116857789313715,7.158476998548844,923300
2023-03-30,7.133504390716553,7.383218831093419,7.03361877332987,7.349923625297858,787100
2023-03-31,7.25836181640625,7.316628226556868,7.108532997367173,7.225066611488711,937600
2023-04-03,7.0669145584106445,7.349924227781785,6.925409723725075,7.283333810732151,1188300
2023-04-04,6.750609874725342,7.16680039016928,6.659048247103023,7.075238762546961,1134400
2023-04-05,6.71731424331665,6.825523865793692,6.634076224838227,6.700667036531146,912500
2023-04-06,6.783904552459717,6.875466966725434,6.692342932014347,6.758933345760133,659400
2023-04-10,7.050266742706299,7.133504359925755,6.733961892103597,6.742285891971639,1617000
2023-04-11,7.183448314666748,7.275009941305646,7.100209894943821,7.100209894943821,856800
2023-04-12,6.742286205291748,7.28333352073229,6.733962205036884,7.275009520477425,706200
2023-04-13,7.108533382415772,7.116857382551118,6.800552521791031,6.800552521791031,1057700
2023-04-14,7.025294780731201,7.25003801545018,6.942057163065906,7.15015239795963,1473400
2023-04-17,7.0669145584106445,7.083562559583247,6.90876251637286,7.0419433504721285,640000
2023-04-18,6.875466823577881,7.1335044730153605,6.825523617398186,7.1335044730153605,1067200
2023-04-19,7.058590888977051,7.100210100040727,6.725638788108482,6.842172420322694,891700
2023-04-20,6.833848476409912,7.000324528234305,6.800553266045033,6.958705316823099,680800
2023-04-21,6.5924577713012695,6.858819444866444,6.55083856135161,6.842172237178822,1160900
2023-04-24,6.634076118469238,6.767257342809506,6.525866894637375,6.600780911611715,829700
2023-04-25,6.267829418182373,6.62575312319948,6.242857812292709,6.559162703373991,1135900
2023-04-26,6.201237678527832,6.392685305488418,6.159618870786058,6.342742498052198,1222000
2023-04-27,6.309447765350342,6.367714576842218,6.201238142684079,6.27615255790075,871400
2023-04-28,6.417656898498535,6.51754251322836,6.276152079176209,6.28447607885877,1556600
2023-05-01,6.575809955596924,6.592457559660301,6.401009914476371,6.409333518052965,1347900
2023-05-02,6.192914962768555,6.584133875509177,6.118000542428989,6.534191060919536,4930600
2023-05-03,6.101352691650391,6.401009964020738,6.08470508745816,6.209562317354988,1402700
2023-05-04,5.576953411102295,6.084706011433957,5.477067770781059,6.084706011433957,2085300
2023-05-05,5.834990978240967,5.934876602601193,5.41047647934472,5.60192412449025,2538800
2023-05-08,6.068058013916016,6.276153282971873,5.8682867461393,5.876610350508217,1788100
2023-05-09,5.934876441955566,6.068057270830921,5.785047612560614,6.034762063612082,2143100
2023-05-10,5.693485736846924,6.076380999670557,5.543656914144535,6.018114191185165,1062100
2023-05-11,6.01811408996582,6.176266512986047,5.51036161573353,5.576952026076751,2922900
2023-05-12,6.326095581054688,6.376038393902596,5.993143098491768,6.01811470337082,2402800
2023-05-15,6.33441972732544,6.592457798095569,6.259505307875652,6.284476913328982,1349000
2023-05-16,6.22620964050293,6.334419261323062,6.059733606095167,6.276152450825259,1028800
2023-05-17,6.733962535858154,6.758933744029162,6.267829215260647,6.309448027849057,1255100
2023-05-18,6.733962535858154,6.867143371197386,6.359390841101269,6.867143371197386,1595400
2023-05-19,6.56748628616333,6.775581942810491,6.49257226255697,6.767257941904112,839100
2023-05-22,6.600781440734863,6.642400651098079,6.509219812992118,6.609105441571589,808400
2023-05-23,6.625753402709961,6.858819881931188,6.584134190108199,6.584134190108199,1024300
2023-05-24,6.33441972732544,6.634076611304181,6.292800517206623,6.534190983311267,963400
2023-05-25,5.959848403930664,6.309448520927308,5.934877193808178,6.234534096739391,1077600
2023-05-26,6.059733867645264,6.176267096760502,5.909905033301194,5.959847845779153,1264000
2023-05-30,6.151295185089111,6.367714425270165,6.034761961789405,6.126323978551403,1017200
2023-05-31,5.851637840270996,6.109675868935587,5.76007583109642,6.068056665608014,1385600
2023-06-01,5.760076522827148,5.943200166257581,5.701809710553281,5.851638542997458,1167500
2023-06-02,6.309447765350342,6.342742972799933,5.943200086494652,5.943200086494652,1408900
2023-06-05,6.12632417678833,6.292800215460492,6.043086157452249,6.25950500772606,764200
2023-06-06,6.475924491882324,6.575810118740717,6.093029192014952,6.093029192014952,872800
2023-06-07,6.725638389587402,6.867143222526921,6.559162349017492,6.584133556647885,1197400
2023-06-08,6.650723934173584,6.725638350449192,6.467600290612326,6.692343142528963,944700
2023-06-09,6.351067543029785,6.625753227592897,6.292800726309342,6.60910562237423,677700
2023-06-12,6.326095581054688,6.492572020791244,6.284476768803194,6.309447976772051,801800
2023-06-13,6.359391212463379,6.567486478287929,6.317772397444601,6.376038817852934,712800
2023-06-14,6.224800109863281,6.552863782898364,6.182740489759437,6.409861555877613,777900
2023-06-15,6.308919429779053,6.35939073708405,6.149093422758082,6.149093422758082,861600
2023-06-16,6.275271892547607,6.426685814486048,6.199564731023239,6.384626592280518,1245000
2023-06-20,6.04815149307251,6.292096373227409,6.039739407013901,6.224801289199897,922000
2023-06-21,6.04815149307251,6.140682434165508,5.964032638038121,6.04815149307251,663100
2023-06-22,5.829442024230957,6.022915589883604,5.77055902671298,6.014503904999751,899400
2023-06-23,6.04815149307251,6.174329976179264,5.7957945268590025,5.7957945268590025,2737100
2023-06-26,6.216388702392578,6.28368378099927,6.014503466572505,6.014503466572505,868700
2023-06-27,6.49398136138916,6.578100614115213,6.199565180178945,6.292096117511409,934500
2023-06-28,6.5276288986206055,6.544452667901162,6.258448189021407,6.435097967022397,782700
2023-06-29,6.712690353393555,6.788397114518429,6.536040575585017,6.536040575585017,889300
2023-06-30,6.628571510314941,6.8052212882096255,6.56968811731328,6.779985834859127,672700
2023-07-03,6.737926483154297,6.838869102852185,6.6538072322957404,6.704278542144685,624800
2023-07-05,6.62015962600708,6.712690560357369,6.46874569797868,6.645395481233636,592500
2023-07-06,6.544452667236328,6.552864351320602,6.334155350695589,6.510804727568335,631500
2023-07-07,7.0407538414001465,7.141696453917428,6.53604037770345,6.53604037770345,1661700
2023-07-10,7.0407538414001465,7.368817933746742,6.965046681457041,7.0071063038943855,905400
2023-07-11,7.192168235778809,7.309934217158439,7.015518461488782,7.057578084361757,631100
2023-07-12,7.444526195526123,7.486585021967862,7.284699767053023,7.4024665668636915,848100
2023-07-13,7.663232803344727,7.696880336973335,7.427700067944469,7.503407219163958,928400
2023-07-14,7.419289112091064,7.579115522794048,7.360406119842914,7.579115522794048,998500
2023-07-17,7.562292575836182,7.604352206627208,7.318347679913102,7.419290312479128,851400
2023-07-18,8.05018138885498,8.05018138885498,7.587527913070247,7.587527913070247,745100
2023-07-19,7.940827369689941,8.235243972668632,7.890356456289466,8.092241714332777,1145700
2023-07-20,7.663232803344727,7.982884773926745,7.570702286421175,7.940825156335864,838800
2023-07-21,7.469760417938232,7.772588250287686,7.444524965797584,7.696881091645182,620200
2023-07-24,7.604351043701172,7.646410668060062,7.427701263170324,7.503408426572203,655500
2023-07-25,7.410876750946045,7.637997403876708,7.394052582910929,7.545466886345029,555700
2023-07-26,7.553879737854004,7.671646531910542,7.427701660252511,7.427701660252511,733100
2023-07-27,7.47817325592041,7.78941320440475,7.41928945870076,7.680058497820418,862500
2023-07-28,7.637999057769775,7.78100130815129,7.553879803820417,7.57911606133762,670700
2023-07-31,7.966063022613525,8.058593558289184,7.65482307291834,7.722118153813481,866300
2023-08-01,7.738942146301269,7.932416121124673,7.612764060014356,7.924004034780023,687900
2023-08-02,7.553879737854004,7.713706158517923,7.377230750100175,7.713706158517923,913900
2023-08-03,7.343582630157471,7.520232425499094,7.284699632450488,7.486584883635007,787700
2023-08-04,8.832488059997559,8.992313681439468,7.520232338106542,7.69688213139532,2053700
2023-08-07,8.277303695678711,8.849312735497053,8.109065978738231,8.849312735497053,1456200
2023-08-08,8.016533851623535,8.092241017425016,7.772588985274676,8.04177010837112,1244200
2023-08-09,7.469760417938232,7.890355030644976,7.469760417938232,7.881942945857906,1645200
2023-08-10,7.503408432006836,7.74735329080035,7.38564164416077,7.478172978261468,874300
2023-08-11,7.5202317237854,7.562291347746089,7.427701192848366,7.427701192848366,553100
2023-08-14,7.394052982330322,7.511819758276321,7.124872696991504,7.469760138136998,738100
2023-08-15,7.25105094909668,7.34358147410122,7.13328417000136,7.267875118490533,517600
2023-08-16,6.838868141174316,7.301522351396934,6.838868141174316,7.2342272810613375,573000
2023-08-17,7.049165725708008,7.091225346948309,6.822044252342715,6.864103873583015,734700
2023-08-18,6.813632965087891,7.141696245646723,6.779985428563381,6.96504647833791,684100
2023-08-21,6.864104270935059,6.897751809430992,6.746338287309593,6.788397108764061,688900
2023-08-22,6.69586706161499,6.973459474792065,6.687454975828859,6.897752307158198,470400
2023-08-23,6.687454700469971,6.796809404524978,6.636983391162347,6.712690555678938,684400
2023-08-24,6.82204532623291,6.847281584281978,6.628572161180778,6.636983846086796,616900
2023-08-25,6.628571510314941,6.9229872719923495,6.620159425124576,6.855692194910622,626800
2023-08-28,6.771573543548584,6.897751608680935,6.679042614822612,6.679042614822612,508600
2023-08-29,6.9650468826293945,7.032341959584609,6.763161651763753,6.813633360590462,597000
2023-08-30,6.906164169311523,6.981871334493869,6.8472811751566445,6.93981170914583,429500
2023-08-31,6.779985427856445,6.998694014132679,6.737925806650056,6.906163489255063,591800
2023-09-01,6.56968879699707,6.8136340783217575,5.947208868480555,6.779986536299802,1971300
2023-09-05,6.107033729553223,6.485568705701285,6.107033729553223,6.426685317831697,1027900
2023-09-06,5.980855941772461,6.191153263483487,5.930384632695052,6.08179855992728,815800
2023-09-07,5.762147426605225,6.014504412165897,5.652792706121575,5.972444780868995,1526500
2023-09-08,5.930384635925293,5.955620089922588,5.778970307500282,5.854677471712788,888300
2023-09-11,6.199565410614014,6.367803521209131,5.938796760357437,5.938796760357437,1864600
2023-09-12,6.460333824157715,6.485569680210935,6.123858417516941,6.2836840351161465,1711800
2023-09-13,6.258448600769043,6.5192172423289625,6.224801059994236,6.47715761580529,890700
2023-09-14,6.777150630950928,6.828170538199332,6.334977695994571,6.368990967493508,1181600
2023-09-15,6.445520877838135,6.853680937060411,6.420011127555599,6.760143834457213,1949500
2023-09-18,6.275454998016357,6.530554547445762,6.190421814873223,6.445521364302627,1434600
2023-09-19,6.266952037811279,6.4200121866368365,6.232938761510097,6.300965314112461,1329100
2023-09-20,6.079877853393555,6.385997686929091,6.071374333212214,6.385997686929091,998500
2023-09-21,6.17341423034668,6.275454034450722,6.011851004446876,6.054367386755158,903300
2023-09-22,6.037362098693848,6.411508535956849,6.011852344715819,6.27545543348675,1393700
2023-09-25,5.867295265197754,6.088381539551363,5.841785107729547,6.003348357107667,1053800
2023-09-26,5.739744663238525,5.952327798914026,5.697227873915364,5.824777836414695,1039700
2023-09-27,5.722738742828369,5.943825020679032,5.680221948198909,5.756752016343856,1661300
2023-09-28,5.952328681945801,6.037361867736697,5.765255673205826,5.765255673205826,787200
2023-09-29,5.884302139282227,6.079878669534793,5.816275590580501,6.003348599510246,1241000
2023-10-02,5.722738742828369,5.909811747163546,5.646208674683423,5.892805110405802,1026400
2023-10-03,5.399611949920654,5.671718528948928,5.365598678225893,5.671718528948928,1616200
2023-10-04,5.32308292388916,5.47614266470381,5.255055966945752,5.39961259156137,996900
2023-10-05,5.263558864593506,5.374102200367064,5.212538957037291,5.348592043853865,1510700
2023-10-06,5.348592281341553,5.374102438987451,5.127506005447967,5.204035667445262,951200
2023-10-09,5.263558864593506,5.450631858966296,5.212538957037291,5.246552228741434,2113900
2023-10-10,5.331584930419922,5.408114987634082,5.280565027433863,5.348591564748608,2929900
2023-10-11,5.357095718383789,5.476142172767595,5.28906876755142,5.357095718383789,1456600
2023-10-12,5.136008262634277,5.433624556254681,5.084988361339648,5.357094907047803,1143400
2023-10-13,5.1700215339660645,5.20403480152083,5.101994998856531,5.101994998856531,1003600
2023-10-16,5.586686134338379,5.663215803664768,5.221042804061367,5.246552964150322,1954600
2023-10-17,5.748249053955078,5.841785355881351,5.578182276373264,5.586685797713951,989600
2023-10-18,5.586686134338379,5.688725963753724,5.544169336013532,5.62069941081016,668100
2023-10-19,5.586686134338379,5.731242356608331,5.561175974249423,5.603692772574269,1075000
2023-10-20,5.450631618499756,5.637705010089576,5.399611713194395,5.561174949396452,933600
2023-10-23,5.365599155426025,5.561175687799979,5.280565968626528,5.399612430145824,1010400
2023-10-24,5.374102115631104,5.544168471470306,5.306075167825246,5.408115386798944,1085800
2023-10-25,5.204034805297852,5.357094914875521,5.195531691138055,5.331584761455866,872200
2023-10-26,5.272062301635742,5.297572459706297,5.07648577466218,5.187029117184238,928400
2023-10-27,5.161519527435303,5.357096060579512,5.136009368559876,5.314579264277207,807300
2023-10-30,5.408115863800049,5.459135775051816,5.238049087490614,5.255055724574537,824400
2023-10-31,5.544168949127197,5.552672470386865,5.382605694425413,5.408115852734205,1064100
2023-11-01,5.340088844299316,5.5781817424668905,5.280565417022335,5.5781817424668905,688500
2023-11-02,6.037362098693848,6.071375374311373,5.450632486086202,5.450632486086202,1194000
2023-11-03,6.607085227966309,6.726131695410951,6.2244356655876985,6.2244356655876985,1396700
2023-11-06,6.420011520385742,6.573071247856946,6.3349779329871,6.573071247856946,1081700
2023-11-07,6.326475143432617,6.505045037416337,6.23293843575776,6.403005213845701,807100
2023-11-08,5.841784954071045,6.14790480828657,5.544168620611318,5.697228344983987,1440000
2023-11-09,6.198925018310547,6.428514818786115,5.85028875974733,5.85028875974733,1606400
2023-11-10,6.249944686889648,6.377494661207844,6.105388076360374,6.249944686889648,880400
2023-11-13,6.020354747772217,6.207428146979931,5.935321568800611,6.1734148753912885,827100
2023-11-14,6.505044937133789,6.683614828364654,6.351984798667214,6.4285148679005015,1462400
2023-11-15,6.717628479003906,6.819668712192826,6.5390585777610895,6.556065215714203,874600
2023-11-16,6.539058208465576,6.64109803042153,6.309468406329577,6.64109803042153,2257600
2023-11-17,6.84517765045166,6.88769444300162,6.530554277616367,6.6325944986422325,2110700
2023-11-20,7.015244960784912,7.066265280949885,6.709125067146267,6.819668823856883,1244600
2023-11-21,6.828171730041504,6.913205329101452,6.785655335981781,6.913205329101452,1182200
2023-11-22,6.870687961578369,7.006741060074506,6.777151253627167,6.887695004360603,682600
2023-11-24,6.828171730041504,6.921708851195546,6.794158452605625,6.836675252135599,249200
2023-11-27,6.615588188171387,6.794157671443496,6.6070846670549885,6.760144397918313,1589600
2023-11-28,6.445520877838135,6.607084116351486,6.334977545360025,6.5645673252537,1143900
2023-11-29,6.607085227966309,6.717628579042881,6.47103212231529,6.573071951553554,695200
2023-11-30,6.573071002960205,6.709124088976711,6.496540939340831,6.64960106657958,2104300
2023-12-01,6.972726821899414,7.074766631670783,6.547560542381885,6.581573812305674,1365900
2023-12-04,6.989733695983887,7.142793001528144,6.921707157755261,6.921707157755261,752900
2023-12-05,6.72613000869751,7.0152431911751725,6.675110106872652,6.955720175114574,1221100
2023-12-06,6.666607856750488,6.964223786570191,6.615587948312523,6.794157425110306,723700
2023-12-07,6.692117691040039,6.811164551005187,6.658104418327195,6.709124327396461,1127900
2023-12-08,7.2618408203125,7.295854093976758,6.590078057238103,6.700621399382044,1723700
2023-12-11,6.938714027404785,7.312860833142709,6.9132042759491386,7.21932372623804,2075100
2023-12-12,6.734634399414063,6.972727305390008,6.726130878608398,6.972727305390008,675600
2023-12-13,7.202317237854004,7.219323467902427,6.632594339775733,6.709123996874334,1165600
2023-12-14,7.640120983123779,7.863315734746155,7.459848425070745,7.459848425070745,1169900
2023-12-15,7.51993989944458,7.717380845714707,7.365420328504302,7.700212459317319,1579300
2023-12-18,7.416927337646484,7.7173810669316465,7.39117352930304,7.545693104672585,877900
2023-12-19,7.614368438720703,7.691628227918782,7.468433463273842,7.554277855421217,2666800
2023-12-20,7.322497844696045,7.674458347976757,7.313914061173454,7.580030179846455,1277000
2023-12-21,7.571446895599365,7.58861610297861,7.313915334293623,7.40834351886087,614200
2023-12-22,7.485602378845215,7.691627929600912,7.382589603467366,7.605783540782989,475900
2023-12-26,7.622952461242676,7.691627642262389,7.391173111296596,7.477017496907604,431800
2023-12-27,7.657290458679199,7.717381040596621,7.56286228442714,7.657290458679199,410200
2023-12-28,7.914823055267334,7.923406839611838,7.571446302630292,7.571446302630292,526800
2023-12-29,7.691627502441406,7.863315451869686,7.57144552850525,7.863315451869686,642100
2024-01-02,7.837563991546631,8.060758778637052,7.399759021178393,7.588616211691278,888200
2024-01-03,7.5886149406433105,7.708796099198615,7.502770554241458,7.69162771312189,819500
2024-01-04,7.614368438720703,7.708796615144579,7.562862458370515,7.665875237743688,621400
2024-01-05,7.674458980560303,7.897653743999474,7.50277101586586,7.537108608804749,896300
2024-01-08,8.009251594543457,8.01783619794888,7.597200455157234,7.648706438244092,560100
2024-01-09,7.863316059112549,7.931991244187286,7.803225476840349,7.846147672180256,566900
2024-01-10,7.95774507522583,8.000666452015018,7.828978488839912,7.863316081474933,477300
2024-01-11,7.914823055267334,7.923406839611838,7.64012148942314,7.889069246215413,783000
2024-01-12,7.880486011505127,8.180939770011152,7.880486011505127,8.009251791054444,488700
2024-01-16,7.605783939361572,7.768888122928494,7.554277958309877,7.768888122928494,577300
2024-01-17,7.743135452270508,7.743135452270508,7.31391510530224,7.416927890333883,655400
2024-01-18,7.485602378845215,7.811809910211451,7.356835795618331,7.794640704978761,608300
2024-01-19,7.657290458679199,7.683043448261983,7.331082922163752,7.5027708838369405,581900
2024-01-22,8.052172660827637,8.077925648750405,7.777471939857513,7.803224927780281,706100
2024-01-23,8.120848655700684,8.292536623529626,8.060758071628756,8.146601646206824,752000
2024-01-24,7.940577030181885,8.361212806110021,7.931992426100191,8.309706818965669,703700
2024-01-25,8.558652877807617,8.558652877807617,8.06934118673802,8.112263379803457,681500
2024-01-26,8.515731811523438,8.644497589084988,8.455641224484427,8.584407002045978,658400
2024-01-29,8.35262680053711,8.464224178855437,8.138016646541734,8.464224178855437,692600
2024-01-30,8.318290710449219,8.421304323397363,8.206694130655741,8.249615514265733,617700
2024-01-31,8.198107719421387,8.541483624651217,8.189523117122457,8.241029912243299,904100
2024-02-01,8.275368690490723,8.404134468764868,8.060758514251914,8.206693499588132,1101000
2024-02-02,8.009251594543457,8.292536957539694,7.992083206405451,8.155186577744287,764900
2024-02-05,7.5886149406433105,7.897653258079047,7.408342384137613,7.846147281176129,1234600
2024-02-06,7.537108898162842,7.760303670170711,7.442680718623893,7.56286270786032,675000
2024-02-07,6.403967380523682,7.519940406471354,6.22369480849619,7.519940406471354,2522100
2024-02-08,6.635746479034424,6.807434451461849,6.386798714346449,6.4297205027850985,1160600
2024-02-09,6.893279075622559,6.90186367970661,6.609993690232105,6.652915891979457,1065100
2024-02-12,7.322497844696045,7.4598482051302035,6.9705373414153335,6.9962903293285565,2065700
2024-02-13,6.807434558868408,7.047798133395635,6.7559281663275215,6.927616141463811,928100
2024-02-14,6.953369140625,7.073550299864792,6.790264969267074,6.901862344755985,791800
2024-02-15,7.434096813201904,7.434096813201904,7.022045643438454,7.022045643438454,1835700
2024-02-16,7.133642196655273,7.32249855113584,7.116472990608238,7.253823364293306,903100
2024-02-20,6.9447855949401855,6.996291579973756,6.841772396863741,6.927616387480415,668600
2024-02-21,6.76451301574707,7.004876189678789,6.661500226919191,6.824603604561783,1022500
2024-02-22,6.824603080749512,6.910447474186988,6.635746315727152,6.730174902906534,2051100
2024-02-23,5.2708258628845215,6.3524613576800775,5.124890876189588,6.2494485703671,4410400
2024-02-26,5.124890327453613,5.554110637969663,5.056215143264867,5.322331686664452,2396700
2024-02-27,4.867359161376953,5.305163734924184,4.867359161376953,5.021878350393073,2357900
2024-02-28,4.858774185180664,4.961787379304647,4.669917413070133,4.833021193651984,1823000
2024-02-29,5.013293266296387,5.262241009104192,4.953202276560014,4.978955674828853,1323800
2024-03-01,4.910279750823975,5.04763051675121,4.790098188806951,5.039045914796104,1162600
2024-03-04,4.824436187744141,4.927448963937249,4.738592207583218,4.88452717852498,1428200
2024-03-05,4.815852642059326,4.9016966337650345,4.730008650353617,4.7557616431971095,1110100
2024-03-06,4.875942230224609,4.987539601191768,4.824435845778926,4.893111025039837,1211500
2024-03-07,4.961787223815918,5.013293614595631,4.8673586360515735,4.927449220626369,781600
2024-03-08,5.0390472412109375,5.176398043292655,5.004709643024623,5.0390472412109375,934400
2024-03-11,5.047630786895752,5.142058957437518,4.98753979800305,5.004708593495769,717500
2024-03-12,5.056215286254883,5.073384082787603,4.9360337105258365,5.047631092656721,1356600
2024-03-13,5.159228324890137,5.253656498408364,5.056215139350384,5.056215139350384,1647700
2024-03-14,5.089626312255859,5.1940288054124055,4.985223819099313,5.124427143308041,3737800
2024-03-15,5.0287251472473145,5.202729305342252,4.941722653341209,5.063525978866302,2242400
2024-03-18,4.924322605133057,5.054825940875669,4.8634213526828605,5.020025106658795,820200
2024-03-19,4.976523399353027,5.063525891762498,4.863420905966249,4.889521321802187,865000
2024-03-20,5.10702657699585,5.159227822032869,4.898221596847772,4.941722426949312,958600
2024-03-21,5.194029808044434,5.228831060673122,5.115728130491338,5.150528968261316,1077900
2024-03-22,4.967823505401611,5.194028911877458,4.967823505401611,5.1505280795998845,2707300
2024-03-25,5.2636308670043945,5.289731282787996,5.063525881609385,5.115727128035219,1190400
2024-03-26,5.237530708312988,5.350633630842188,5.194029456614471,5.315832795426847,998100
2024-03-27,5.411534786224365,5.420235202348108,5.254931029725065,5.29843228062643,1791700
2024-03-28,5.498536586761475,5.515937001931093,5.394133680885143,5.411534096054761,1298500
2024-04-01,5.237530708312988,5.533338224202068,5.237530708312988,5.533338224202068,859500
2024-04-02,5.237530708312988,5.45503613708821,5.202729872897647,5.394134467682022,1093100
2024-04-03,5.455035209655762,5.481136039209101,5.159227744058097,5.22012940311015,1095700
2024-04-04,5.315832138061523,5.559437955844177,5.289731307298352,5.481136293271925,778600
2024-04-05,5.194029808044434,5.350633992868047,5.150528968261316,5.289732319341229,835300
2024-04-08,5.072226047515869,5.237530207357177,5.072226047515869,5.237530207357177,1864800
2024-04-09,5.1592278480529785,5.167928263032337,5.037424942352298,5.080926187531851,707500
2024-04-10,4.924322605133057,5.01132510553391,4.8286205184659865,4.959123439349931,1039200
2024-04-11,4.941723346710205,5.002625018017813,4.872121673706479,4.924322928459273,741500
2024-04-12,4.837320327758789,4.9243224098507605,4.828620326978918,4.889521577013972,903400
2024-04-15,4.924322605133057,5.080926773967659,4.8112201013575495,4.837320519590871,940000
2024-04-16,4.811220645904541,4.880822322215996,4.802520228936252,4.863421903138132,762400
2024-04-17,4.915622711181641,4.959123547471832,4.8199202075693375,4.863421458718205,1319400
2024-04-18,5.037425518035889,5.037425518035889,4.863421347149491,4.924322599530397,907000
2024-04-19,5.150528430938721,5.167928848008433,4.976523845382935,5.0026246784168364,856900
2024-04-22,5.10702657699585,5.211429067069889,5.10702657699585,5.185328651980688,737800
2024-04-23,5.150528430938721,5.341933018705552,5.089626763765396,5.115727596799297,783100
2024-04-24,5.237530708312988,5.272331543728329,5.115727784359295,5.12442778578379,903400
2024-04-25,5.020025253295898,5.211429847079718,5.011325251916883,5.141828176612875,739400
2024-04-26,4.880821704864502,5.072226290511164,4.863421287987533,5.002624623003287,888600
2024-04-29,5.10702657699585,5.141827407020529,4.950422841884791,4.950422841884791,1175700
2024-04-30,5.00262451171875,5.080926593352595,4.924322430084905,5.046125760372809,886500
2024-05-01,5.220129489898682,5.3593328102078885,5.028724924473522,5.028724924473522,873900
2024-05-02,5.602940082550049,5.62034050084007,5.3419333933410265,5.3419333933410265,887400
2024-05-03,5.637739658355713,5.811743802343178,5.60293882955822,5.716041730579375,805000
2024-05-06,5.794344425201416,5.837845676414828,5.707342337633269,5.707342337633269,840000
2024-05-07,5.8291449546813965,6.4468603663243655,5.82044495380995,6.064050786231634,1694500
2024-05-08,5.863945484161377,5.907446730841429,5.481136338754905,5.837845068040253,1219600
2024-05-09,6.203254699707031,6.238055533840307,5.924847611782161,5.924847611782161,1439700
2024-05-10,5.968348503112793,6.185853910800562,5.924847255631783,6.177153495360903,758700
2024-05-13,6.03795051574707,6.246755520048826,6.03795051574707,6.081451350880603,1012000
2024-05-14,6.090150356292725,6.333756553082204,6.081449942365907,6.203253248189932,874400
2024-05-15,5.776943683624268,6.203254511081867,5.716042433172221,6.203254511081867,1163600
2024-05-16,5.785644054412842,5.803044470815311,5.672541140367466,5.785644054412842,708900
2024-05-17,5.707342147827148,5.794344232501912,5.681241729854051,5.785644231463768,655900
2024-05-20,5.394134044647217,5.776943619052819,5.272331130245913,5.750843201967578,1349500
2024-05-21,5.194029808044434,5.455036506177981,5.150528968261316,5.359333994881186,825000
2024-05-22,5.211429595947266,5.254930845322111,5.089626678499824,5.1418279288344415,1157300
2024-05-23,4.950422763824463,5.237529814430156,4.889521104812287,5.20272898495423,1923700
2024-05-24,4.906922340393066,5.020025262539283,4.84602108605178,4.985224427241783,2106900
2024-05-28,4.915622711181641,5.072226468571948,4.880821876206017,4.976523964959644,1197700
2024-05-29,4.80251932144165,4.889521400390866,4.767718489861965,4.872120984601022,1209800
2024-05-30,5.237530708312988,5.315832795426847,4.7851194330548745,4.837320686177886,1609000
2024-05-31,5.428934574127197,5.594238727583193,5.272330835786129,5.272330835786129,1232100
2024-06-03,5.533337593078613,5.602939255970643,5.446335514463576,5.533337593078613,1508600
2024-06-04,5.2549309730529785,5.51593764592898,5.211429722620755,5.446335977124359,834900
2024-06-05,5.115727424621582,5.281031588649611,5.080926591653434,5.263631172165537,973200
2024-06-06,4.941723346710205,5.080927107576352,4.88952209195741,5.054826272770607,792700
2024-06-07,4.80251932144165,5.028725141568245,4.785118905651808,4.941722647760394,1494000
2024-06-10,4.793819427490234,4.872121092854999,4.628515266384504,4.759018180278661,989400
2024-06-11,4.7329182624816895,4.8199203525375,4.706817428035602,4.715517844470528,757600
2024-06-12,4.602415084838867,4.967824291021851,4.593715082950975,4.933023453752872,986700
2024-06-13,4.515411853790283,4.611114339592463,4.376208539793367,4.576313511093234,1893900
2024-06-14,4.34752082824707,4.506576314151154,4.303338538152497,4.418212155315552,1030300
2024-06-17,4.338683605194092,4.365193059876962,4.197300970494753,4.303337946519257,1011100
2024-06-18,4.267992496490479,4.44472121985774,4.24148346186517,4.3210109870946045,944600
2024-06-20,4.3651933670043945,4.418211858746935,4.206137891776771,4.259156383519312,1037100
2024-06-21,4.32984733581543,4.427048106380103,4.312174506744896,4.356356368744489,2741100
2024-06-24,4.374029159545898,4.444720896563019,4.276828811185129,4.365192955764682,962400
2024-06-25,4.321011066436768,4.409375219066182,4.267992574859119,4.365193353428233,912200
2024-06-26,4.356357097625732,4.365193724316234,4.170792150660708,4.267992937488471,1176400
2024-06-27,4.418211936950684,4.418211936950684,4.259156458907728,4.374029649039767,1082800
2024-06-28,4.594939708709717,4.692140477938233,4.462393703179485,4.462393703179485,4188400
2024-07-01,4.577267169952393,4.647958911096125,4.506575850162163,4.59493999989995,967800
2024-07-02,4.480066776275635,4.594939959241549,4.374029376175061,4.594939959241549,649600
2024-07-03,4.533084869384766,4.603776182369926,4.471229759846019,4.480066384645896,1256700
2024-07-05,4.34752082824707,4.506576314151154,4.303338538152497,4.506576314151154,1132500
2024-07-08,4.064754486083984,4.409374864287254,4.038245453104839,4.382865831308108,1761800
2024-07-09,4.029409408569336,4.055918866722341,3.879190128860576,4.029409408569336,1999200
2024-07-10,4.409374713897705,4.427047963752335,4.020572486872156,4.073590972375639,1594200
2024-07-11,4.515412330627441,4.594939852157629,4.42704818373085,4.53308516000676,2714300
2024-07-12,4.550757884979248,4.612612575711002,4.409374831834927,4.594939746737146,1648700
2024-07-15,4.515412330627441,4.603776477524033,4.462393842489487,4.577267022778311,2099400
2024-07-16,4.886542797088623,4.886542797088623,4.568431406015688,4.568431406015688,3982900
2024-07-17,4.992578983306885,5.0367608446455625,4.815850273891749,4.815850273891749,3160400
2024-07-18,5.027924537658691,5.301853589205212,4.948396598987504,4.974906052329056,1984000
2024-07-19,5.001415729522705,5.142798796660932,4.9395610326686565,5.0367613909688815,1015100
2024-07-22,5.310690879821777,5.407891237767198,4.992579506613848,4.992579506613848,1962500
2024-07-23,5.37254524230957,5.452073186003766,5.186980321258776,5.257671639496509,1480000
2024-07-24,5.381381511688232,5.513927513936867,5.301853573256279,5.381381511688232,1297900
2024-07-25,5.5404372215271,5.6553108220123125,5.354872304236674,5.425563621041887,1089400
2024-07-26,5.726002216339111,5.770184500617274,5.593455784858113,5.646474273179814,899000
2024-07-29,5.743675231933594,5.823203177670411,5.619965421840159,5.734838606250168,977200
2024-07-30,5.699492454528809,5.8408755037919935,5.62880114057395,5.779020393404759,1455800
2024-07-31,5.681819438934326,5.796693031004848,5.584619096123996,5.690656063564422,1616700
2024-08-01,5.37254524230957,5.743675084411158,5.3548724127501375,5.664147140716962,1002200
2024-08-02,4.939560890197754,5.293017494464832,4.913051434200969,5.222326173611416,1346800
2024-08-05,4.559594631195068,4.709813906019538,4.462394270952729,4.550758426333732,1553700
2024-08-06,4.656795501708984,4.745159658777236,4.427048693331531,4.550758513227083,1464800
2024-08-07,4.647958755493164,4.904214991830629,4.594939846071941,4.833523253053493,1407400
2024-08-08,3.9675540924072266,4.435884740201032,3.693625004585764,4.374029621781919,5022100
2024-08-09,3.8791894912719727,4.1001000612748735,3.764316315099104,4.002899713848098,2124100
2024-08-12,3.74664306640625,3.861516663975723,3.667115547695708,3.861516663975723,2606200
2024-08-13,3.737807035446167,3.790825524154557,3.667115717168314,3.737807035446167,2858800
2024-08-14,3.781989574432373,3.8350080667069153,3.693624999287948,3.781989574432373,1730900
2024-08-15,3.861516952514648,3.985227184381055,3.817335088008222,3.888026408301308,2174500
2024-08-16,4.126609802246094,4.135446006557324,3.852680726941885,3.852680726941885,1499700
2024-08-19,4.382865905761719,4.391702109787045,4.135445872750264,4.135445872750264,1267600
2024-08-20,4.241483211517334,4.391702048685806,4.241483211517334,4.294501698992115,899300
2024-08-21,4.276828765869141,4.32101062701404,4.161955168456149,4.241483108411831,1209300
2024-08-22,4.303338050842285,4.409375029437375,4.223810527572717,4.276829016870262,1742600
2024-08-23,4.603776454925537,4.639122113510673,4.338683594183533,4.3563564234761,1441100
2024-08-26,4.630285263061523,4.709813201688145,4.612612434628215,4.683304169714916,1067200
2024-08-27,4.594939708709717,4.6656314453735765,4.533085018489869,4.630285366364909,1145400
2024-08-28,4.541921615600586,4.59494010667528,4.462394089665301,4.559594445958817,1383000
2024-08-29,4.524248123168945,4.665631166698472,4.4712296398529165,4.621448886591723,957500
2024-08-30,4.506576061248779,4.568431179639256,4.444721364211825,4.506576061248779,1036500
2024-09-03,4.391702175140381,4.524248608320614,4.374029345473249,4.435884459984957,860300
2024-09-04,4.294501781463623,4.471230076440113,4.294501781463623,4.374029303526298,1324700
2024-09-05,4.091263771057129,4.3475199931329485,4.082427146194221,4.329847164760597,1078900
2024-09-06,4.055918216705322,4.1354457357118655,3.958717447526797,4.073591045523829,942300
2024-09-09,4.126609802246094,4.232646782101884,3.994063366749605,4.0470818566775,968200
2024-09-10,4.0117363929748535,4.170791870539339,3.9322084435158486,4.117773378017843,639700
2024-09-11,3.9233720302581774,3.9852271455892914,3.7289704799909686,3.976390519961917,1218400
2024-09-12,4.055918216705322,4.055918216705322,3.879189507166779,3.958717447526797,763500
2024-09-13,4.478596687316895,4.487589630330902,4.100883646521995,4.118869961377582,1429700
2024-09-16,4.397658348083496,4.577521937410944,4.370679088422319,4.496583300772213,892800
2024-09-17,4.586514949798584,4.6224875824379765,4.406651786601623,4.433631046667363,1331800
2024-09-18,4.613494396209717,4.83832355280285,4.559535450086675,4.613494396209717,1182200
2024-09-19,4.6854400634765625,4.802351337948386,4.631481112680556,4.757385331204571,1674600
2024-09-20,4.523562908172607,4.712419008898255,4.487589847889882,4.667453433993137,3705100
2024-09-23,4.478596687316895,4.5955079482919965,4.415644370908554,4.5955079482919965,1029400
2024-09-24,4.604500770568848,4.631480456558565,4.469603198275383,4.469603198275383,768100
2024-09-25,4.45161771774292,4.595508688594975,4.433631399989868,4.577522370841924,816100
2024-09-26,4.586514949798584,4.640473898757673,4.523563057093451,4.568528633478888,657000
2024-09-27,4.775371551513672,4.919262084058267,4.586515013135085,4.658460279407382,1408700
2024-09-30,4.820337295532227,4.883289185687464,4.730405717576466,4.811343923322855,1019400
2024-10-01,4.847316265106201,4.955234581037664,4.730405435157427,4.784364378709376,1211100
2024-10-02,4.820337295532227,4.847316554505159,4.766378348758771,4.847316554505159,809500
2024-10-03,4.802350997924805,4.8832892039742894,4.766378366607791,4.8293302569987695,669600
2024-10-04,4.892283439636231,4.937249022304492,4.847317428140302,4.883290065805978,651600
2024-10-07,4.802350997924805,4.8922825762173385,4.730405735290778,4.8922825762173385,650300
2024-10-08,4.703426361083984,4.784365001359259,4.5685287702344,4.784365001359259,790400
2024-10-09,4.8293304443359375,4.883289393404609,4.6224875918255615,4.6584602245380085,726800
2024-10-10,4.811343669891357,4.88328892846634,4.748391783052032,4.820337041627014,1096200
2024-10-11,5.036173343658447,5.108118609752086,4.79335785617861,4.838323861900941,1629500
2024-10-14,5.099125862121582,5.144091440746603,4.964228268591264,5.027180593259446,729900
2024-10-15,5.153084754943848,5.234023395903621,5.090132430994289,5.090132430994289,593000
2024-10-16,5.305968284606934,5.377913547504233,5.216036705985309,5.216036705985309,710400
2024-10-17,5.323954582214356,5.33294752563212,5.225029631653405,5.296974894305881,491900
2024-10-18,5.26999568939209,5.359927268632037,5.261002317054297,5.359927268632037,524400
2024-10-21,5.036173343658447,5.314961464185103,5.036173343658447,5.269995887290385,868000
2024-10-22,4.910269737243652,5.063153661075742,4.874297099733474,5.018187649774188,764800
2024-10-23,4.892283439636231,4.937249022304492,4.8023518454720415,4.883290065805978,518100
2024-10-24,4.991207599639893,5.018186859107837,4.883289275285321,4.910268963580863,897300
2024-10-25,4.973221302032471,5.135098145919038,4.964227929624973,5.054159509561955,542300
2024-10-28,5.072145938873291,5.171070893427992,5.018186989705529,5.018186989705529,541900
2024-10-29,5.144091606140137,5.153084979450874,4.964228428201813,5.027180754894047,891700
2024-10-30,5.234023094177246,5.350933933590249,5.117111825936645,5.135098141909999,839000
2024-10-31,5.135097980499268,5.314961134579199,5.108118292973485,5.269995560473008,639200
2024-11-01,5.207043647766113,5.278988915002707,5.108118690901987,5.1980507037753485,848900
2024-11-04,5.198050498962402,5.332947655302005,5.189057126498375,5.216036815062856,804200
2024-11-05,5.135097980499268,5.2789885037632125,5.108118292973485,5.15308429590726,901000
2024-11-06,5.350934505462647,5.5397910577804,5.341941560928663,5.422880205872741,1895800
2024-11-07,5.207043647766113,5.47683882873096,5.1980507037753485,5.3509341822393015,1405600
2024-11-08,3.849075555801392,4.244774515239542,3.552300907395171,4.244774515239542,7068800
2024-11-11,4.055918216705322,4.145849794151958,3.840082002005811,3.894040948473792,2990700
2024-11-12,3.947999954223633,4.064911221073553,3.768136796629597,4.001958901501843,2493100
2024-11-13,3.956993579864502,4.091891171110673,3.849075678398613,3.983972840817164,1580400
2024-11-14,4.3077263832092285,4.325712697653268,3.9569930371366833,3.9569930371366833,1694700
2024-11-15,4.217794895172119,4.442624044623762,4.217794895172119,4.352692470608619,1173100
2024-11-18,3.9929661750793457,4.244774609398405,3.9929661750793457,4.226788292661329,880500
2024-11-19,3.912027597427368,3.965986548494852,3.858068646359885,3.9030346533299327,855400
2024-11-20,3.786123275756836,3.974979813793361,3.759143586539784,3.876054858434321,1559400
2024-11-21,3.921020746231079,3.974979694214327,3.813102421436984,3.87605474183124,2348600
2024-11-22,3.930013418197632,4.055918050284437,3.921020475235757,3.947999732948951,1525300
2024-11-25,3.921020746231079,4.046924958191991,3.831089166258999,3.948000005808904,1398600
2024-11-26,3.8310892581939697,3.965986416975429,3.7231709308101495,3.921020840324145,1353600
2024-11-27,3.876055002212525,3.939007326835721,3.831089423619637,3.876055002212525,793000
2024-11-29,3.8400824069976807,3.965986628701379,3.813102716504501,3.8940413591564087,386900
2024-12-02,3.930013418197632,3.98397236245159,3.741156898894993,3.858068159192354,1353800
2024-12-03,3.903034448623657,4.028938661177698,3.885048132544509,3.921020764702806,1311600
2024-12-04,3.903034448623657,3.921020764702806,3.822095811853688,3.858068444011985,740600
2024-12-05,3.741157054901123,3.912027266577725,3.7411570549011226,3.903034323240844,954500
2024-12-06,3.6871981620788574,3.786123113190311,3.5702871096179907,3.786123113190311,1140000
2024-12-09,3.696191549301148,3.759143440312815,3.651225545297732,3.687198176969426,714800
2024-12-10,3.930013418197632,3.947999732948951,3.687197954641035,3.714177641181799,1218700
2024-12-11,3.588273286819458,4.001958747812561,3.588273286819458,3.96598611767523,1491800
2024-12-12,3.50733494758606,3.723170733245466,3.50733494758606,3.57028705173672,1105900
2024-12-13,3.415519952774048,3.5624241144399926,3.3512494778157587,3.507334917000174,1450200
2024-12-16,3.222708225250244,3.498153329675093,3.2135267290662206,3.387975375466808,1933600
2024-12-17,3.020715475082397,3.2043456410581888,3.002352480375235,3.1951641437046074,2563400
2024-12-18,3.002352237701416,3.158437899000387,2.919718768198273,3.048259720758717,2487700
2024-12-19,2.7636330127716064,3.020715128040577,2.7269070275766305,2.9380816613518808,2164000
2024-12-20,2.745270013809204,2.873811180597736,2.717725524976834,2.726907021254291,3903700
2024-12-23,2.8095405101776123,2.8554479919313365,2.745270035722398,2.754451532073144,2082400
2024-12-24,2.781996011734009,2.8370849896525105,2.6718180558970053,2.80954050069326,737700
2024-12-26,2.86462950706482,2.882992718790853,2.736088557311577,2.7544515501334685,1271800
2024-12-27,2.7636330127716064,2.901355676156905,2.6993625386803983,2.8554479757590463,1330700
2024-12-30,2.7269070148468018,2.772814496126215,2.690181029823272,2.745270007358567,1462000
2024-12-31,2.892174005508423,2.9105369969989296,2.7452698546802443,2.7728143419160043,2658100
2025-01-02,3.0758042335510254,3.084985730231017,2.892174299951199,2.9197187899911725,1086100
2025-01-03,3.158437967300415,3.213526948160455,2.94726332176611,3.1308934768703947,1834900
2025-01-06,3.406338214874268,3.479790181048119,3.1584376101333915,3.1584376101333915,1506900
2025-01-07,3.3604307174682617,3.47060866612093,3.286978532795691,3.433882683236708,1487700
2025-01-08,3.2502529621124268,3.3328866529857564,3.185982483914178,3.305341943425211,801900
2025-01-10,3.112530469894409,3.2135269343711035,3.048259773595999,3.1951639408298864,1029300
2025-01-13,3.002352237701416,3.1308934091660063,2.974807747867035,3.0849857072045586,1161900
2025-01-14,3.0390782356262207,3.103348931053348,2.9748077591032414,3.0390782356262207,1068300
2025-01-15,3.112530469894409,3.1951639408298864,3.048259773595999,3.167619450518061,837500
2025-01-16,2.947263240814209,3.12171189431694,2.947263240814209,3.0849856891815137,677700
2025-01-17,3.048259735107422,3.0758042250714595,2.938081775251271,2.974807761869988,806200
2025-01-21,3.011533498764038,3.0941669618039565,2.965626019297417,3.075803970017308,799300
2025-01-22,3.158437967300415,3.2227084449704617,2.94726332176611,3.011533799436157,1137900
2025-01-23,3.2502529621124268,3.277797452768819,3.121712005715929,3.1492564963723217,1045100
2025-01-24,3.424701690673828,3.534879655513876,3.2318900332995883,3.250253027439596,1495800
2025-01-27,3.443064451217652,3.5256979192413835,3.3512494867468376,3.4247014583234887,1083000
2025-01-28,3.2869787216186523,3.498153354238144,3.268615729121665,3.470608865492663,1329500
2025-01-29,3.213526725769043,3.3420678911176247,3.140074756372217,3.2961601913404723,1255200
2025-01-30,3.3971571922302246,3.4706091686338545,3.195164038216086,3.2502530205188083,1407400
2025-01-31,3.4338831901550293,3.4981536696901863,3.3604312135434213,3.3971572018492253,1026900
2025-02-03,3.3971571922302246,3.5256981509365763,3.2594345175692623,3.351249706977956,869700
2025-02-04,3.709328413009644,3.7185101292171305,3.36961279388248,3.387975788489128,1901600
2025-02-05,3.865413427352905,3.874594704187456,3.599149832027164,3.709327780891281,812400
2025-02-06,3.746054172515869,3.8837768425247785,3.7185099011990665,3.856232133399677,1365400
2025-02-07,3.608331441879273,3.773598589306145,3.608331441879273,3.773598589306145,1486700
2025-02-10,3.7185099124908447,3.828687873709224,3.617513229136514,3.645057719441109,898900
2025-02-11,3.920502901077272,3.9664106045213146,3.681783981469839,3.681783981469839,1543900
2025-02-12,3.608331441879273,3.865413549596556,3.599149945850231,3.856231834663382,1010200
2025-02-13,3.534879446029663,3.635876126718593,3.488971963400215,3.5991501406150346,1069400
2025-02-14,3.6175131797790527,3.718509861755382,3.5716056965644247,3.5716056965644247,1065800
2025-02-18,3.6175131797790527,3.6634206629936807,3.479790511231021,3.6542391663507554,1093900
2025-02-19,3.764416933059693,3.8103246328247247,3.5991500019604645,3.626694490477002,1726800
2025-02-20,3.67260217666626,3.782780136892257,3.66342067998076,3.736872872368906,1462800
2025-02-21,3.488971948623657,3.76441706213792,3.488971948623657,3.755235784555059,1368400
2025-02-24,3.736872673034668,3.828687634992023,3.516516326528743,3.5440608151159494,2581300
2025-02-25,3.7001466751098633,3.782779921673857,3.580787006085097,3.7644169293476057,1301000
2025-02-26,3.553242444992065,3.71850982054128,3.4981534657450903,3.71850982054128,1242800
2025-02-27,3.571605920791626,3.9664107390317658,3.4981537241327083,3.755236084082679,2844900
2025-02-28,3.4522459506988525,3.608331609340559,3.3787939790576456,3.5348794187952097,4252500
2025-03-03,3.3879754543304443,3.690965054360208,3.369612461534952,3.5807870975872547,1960400
2025-03-04,3.2502529621124268,3.369612640527613,3.2410714652269625,3.3328866529857564,1486900
2025-03-05,3.204345464706421,3.332886639486436,3.121711993071937,3.277797439492628,1435000
2025-03-06,3.323704719543457,3.3787939161528806,3.167619282711817,3.167619282711817,1111900
2025-03-07,3.4338831901550293,3.544061155072441,3.222708538492499,3.314523509257009,1879100
2025-03-10,3.488971948623657,3.589968628884844,3.37879399077961,3.3879754872666137,1590900
2025-03-11,3.553242444992065,3.599150146602023,3.4155199968746275,3.4981534657450903,1798000
2025-03-12,3.773599147796631,3.773599147796631,3.562424488970826,3.599150478522416,1781700
2025-03-13,3.865413427352905,4.113314031201294,3.736872487011435,3.736872487011435,2763600
2025-03-14,4.061960697174072,4.099398085935125,3.9215702661756873,3.9402889605562135,1709200
2025-03-17,4.370819091796875,4.417615601543809,4.071319555003337,4.099397817882576,2011900
2025-03-18,4.614161968231201,4.67031804606269,4.352100271684257,4.39889678006608,2001300
2025-03-19,4.791989326477051,4.829426708223841,4.567365035996311,4.586083726869706,2181600
2025-03-20,4.8575053215026855,4.951098782687079,4.698396214344804,4.75455229105544,2534100
2025-03-21,4.651599884033203,4.857505972524007,4.651599884033203,4.810709012515492,5312500
2025-03-24,4.511209487915039,4.726474681133345,4.417615576376679,4.679677725364165,1999900
2025-03-25,4.501850128173828,4.632880985633317,4.417615782376866,4.539287516019397,1279400
2025-03-26,4.389537334442139,4.5767242467960205,4.352099951971362,4.529927741851951,1166200
2025-03-27,4.127475738525391,4.398897019282139,4.1181166148556025,4.370819201983915,1389800
2025-03-28,4.033882141113281,4.146194299284737,3.9215699829418265,4.118116482886295,1704600
2025-03-31,4.043241500854492,4.10875669990866,3.902851087284557,3.949647594281988,1286400
2025-04-01,4.043241500854492,4.164912776078869,3.8560541339983048,4.024522808797756,1583200
2025-04-02,4.080678939819336,4.118116324436032,3.902851139745615,3.977725908979007,1283700
2025-04-03,3.659507751464844,3.884132272173711,3.659507751464844,3.8092575063188896,1469000
2025-04-04,3.406805515289306,3.5752737543723088,3.2944931327562137,3.547195714525142,1826200
2025-04-07,3.2476963996887207,3.500398981458514,3.097946630692225,3.275774439535984,2587200
2025-04-08,3.1447434425354004,3.4255242943294224,3.079228014584196,3.4161649474792504,1905300
2025-04-09,3.4536023139953613,3.5097583947568074,3.004353221614936,3.0792279959635303,2293700
2025-04-10,3.154102802276612,3.378727350743227,3.0979467209460654,3.378727350743227,1344300
2025-04-11,3.135384082794189,3.1634623463736933,3.0324312678655843,3.1634623463736933,1066800
2025-04-14,3.1447434425354004,3.228977787331379,3.1073060551347123,3.200899746780863,980400
2025-04-15,3.135384082794189,3.247696467678915,3.135384082794189,3.154102776417572,1036300
2025-04-16,3.1260244846343994,3.2289775144294923,3.0698684082794823,3.154102522811858,870800
2025-04-17,3.1260244846343994,3.1821807841337284,3.097946446456941,3.135383830693552,665800
2025-04-21,2.9949936866760254,3.1166651873490947,2.9294782632366805,3.107305841143474,1090500
2025-04-22,3.051149845123291,3.097946577397,3.0137124593043243,3.0417904986685493,1043500
2025-04-23,3.1073060035705566,3.266415120527577,3.0792279634859816,3.135384043655132,1321000
2025-04-24,3.182180881500244,3.1915402278457687,3.041790463172956,3.097946541246104,870400
2025-04-25,3.1728217601776123,3.2196184952241538,3.116665454977328,3.1728217601776123,736400
2025-04-28,3.210258960723877,3.266415039500005,3.126024619415264,3.163462228410437,831500
2025-04-29,3.2476963996887207,3.2664150929202296,3.163462280146931,3.210259013225703,941600
2025-04-30,3.135384082794189,3.2196184272438413,3.041790614677276,3.2196184272438413,1202400
2025-05-01,3.1260244846343994,3.2102588223111868,3.060509062220329,3.144743176752705,1488800
2025-05-02,3.472320795059204,3.500398833721412,3.2289775701756587,3.2289775701756587,1749100
2025-05-05,3.6969454288482666,3.7624608541894378,3.360008509376257,3.43488350433916,3085600
2025-05-06,3.5939924716949463,3.68758616162397,3.472320964874969,3.631430081553212,2226000
2025-05-07,3.481680154800415,3.650148610572292,3.453602116029172,3.612711002399551,1300400
2025-05-08,4.071320056915283,4.286585277897829,3.706305272219281,3.799898749540191,3077800
2025-05-09,3.959007501602173,4.13683531447424,3.893491850663352,4.071319663535417,1575800
2025-05-12,4.342741012573242,4.455053622551078,4.0993979912471445,4.1181166851953055,2060700
2025-05-13,4.258506774902344,4.464412391986928,4.239788082440109,4.352100237213518,1874300
2025-05-14,3.930928945541382,4.221069345051179,3.912210253278378,4.164912821973341,1558000
2025-05-15,3.8466954231262207,3.940288893434513,3.790539340941245,3.921570199372855,1228200
2025-05-16,3.781179666519165,3.86541401061873,3.715664239109615,3.827976623527558,1151600
2025-05-19,3.687586069107056,3.76246084065622,3.640789336888828,3.696945415550701,853300
2025-05-20,3.771820306777954,3.790538999151765,3.706304660325201,3.715664006512106,622200
2025-05-21,3.584633111953736,3.753101797840948,3.5659144186650287,3.696945494830402,825000
2025-05-22,3.5284769535064697,3.659508026753708,3.5191176070705543,3.659508026753708,806100
2025-05-23,3.650148630142212,3.668867322756733,3.4629614808525875,3.4910395197743687,1927400
2025-05-27,3.818617105484009,3.846695369328242,3.556555169141423,3.7063049426848,1865500
2025-05-28,3.8466954231262207,3.8466954231262207,3.7624610767043225,3.837335852950957,874300
2025-05-29,3.753101587295532,3.9122102481792704,3.72502332579321,3.8654137407271687,907100
2025-05-30,3.715663909912109,3.743741947742852,3.6220702273318928,3.7063045639685286,1288800
2025-06-02,3.612710952758789,3.706304637187984,3.603351606630311,3.696945291059506,790200
2025-06-03,3.7343828678131104,3.743742214423392,3.5378363658527747,3.603351792124745,852900
2025-06-04,3.4442429542541504,3.762460967183858,3.43488360749576,3.762460967183858,1113600
2025-06-05,3.406805515289306,3.5097583280622526,3.388086598913437,3.5003989814465304,837100
2025-06-06,3.5659141540527344,3.575273500002568,3.453602002654731,3.491039386454066,990600
2025-06-09,3.7063045501708975,3.7998980092582815,3.612710867939108,3.6220702138478456,1202300
2025-06-10,3.790539264678955,3.84669534573412,3.6875862262667214,3.725023613636832,995700
2025-06-11,3.799898147583008,3.949647687574036,3.771820331979106,3.8186168400818863,1794500
2025-06-12,3.659507751464844,3.8186166289063386,3.659507751464844,3.790538814855184,1051000
2025-06-13,3.659507989883423,3.716837271048658,3.602178936523596,3.630843463203509,947300
2025-06-16,3.907934188842773,3.936598486583714,3.6403981614661376,3.678617528861257,1374500
2025-06-17,3.793275833129883,3.907934162343145,3.7837209913458953,3.898379092753759,1086200
2025-06-18,3.9461536407470703,4.079921429494704,3.755056571873618,3.793275940087228,1496900
2025-06-20,4.089476585388184,4.137250568854864,3.965263408275344,3.993927707233188,3808400
2025-06-23,4.127695560455322,4.337902069990239,4.022592077882477,4.041701760567469,1796400
2025-06-24,4.376121997833252,4.376121997833252,4.118141020621579,4.156360390903988,1431000
2025-06-25,4.318792343139648,4.366566777168957,4.2327985441312,4.366566777168957,1246000
2025-06-26,4.347457408905029,4.462115512129708,4.347457408905029,4.366567092775809,787100
2025-06-27,4.309237957000732,4.385676690990945,4.2423538369539004,4.366567007493392,1108200
2025-06-30,4.328347682952881,4.414341031729938,4.280573245935006,4.337902296989977,1013900
2025-07-01,4.433451175689697,4.519444989005311,4.290128305367289,4.318793061676109,960300
2025-07-02,4.653212547302246,4.700986986801696,4.423896331170857,4.423896331170857,1369100
2025-07-03,4.700986385345459,4.7583154320434815,4.634102269725718,4.700986385345459,533000
2025-07-07,4.519444465637207,4.710541300196812,4.4907797126478695,4.61499288291701,1737200
2025-07-08,4.987631797790527,5.054515915810053,4.54810909066906,4.653212118914456,3223700
2025-07-09,5.350716590881348,5.44626501193782,4.997187205166996,5.016296889378291,3633900
2025-07-10,5.369825839996338,5.436709957121911,5.197838696030145,5.360271226470269,1595500
2025-07-11,5.121399879455566,5.302942089512825,5.044961150086356,5.21694829116708,1838700
2025-07-14,5.37938117980957,5.4080454774408615,5.083180855825047,5.130954837080798,1489500
2025-07-15,5.121399879455566,5.4271547969324105,5.121399879455566,5.417600183566642,1473500
2025-07-16,4.93030309677124,5.207393746435621,4.93030309677124,5.188284062169484,1232400
2025-07-17,4.93030309677124,5.016296903774259,4.86341942964517,4.93030309677124,1408500
2025-07-18,4.863419055938721,4.978077152725178,4.796534938341233,4.958967469927435,1466100
2025-07-21,4.72965145111084,4.9398584455131385,4.548109668141814,4.930303375035381,2339400
2025-07-22,4.700986385345459,4.806089865430548,4.672321634191066,4.729650680889089,1116600
2025-07-23,5.0736260414123535,5.083181111510605,4.720096648771815,4.767870632430611,1371100
2025-07-24,4.911193370819092,5.15961971978104,4.911193370819092,5.016296861196132,1314200
2025-07-25,4.748761177062988,4.9111937316871614,4.7296514915549,4.892084046179073,898000
2025-07-28,4.653212547302246,4.758316040834544,4.586328878736001,4.739206356156928,815300
2025-07-29,4.471670150756836,4.739206182024197,4.41434109883043,4.672322060304656,1660800
2025-07-30,4.519444465637207,4.662767319362307,4.423896048357404,4.500334782181247,1269800
2025-07-31,4.309237957000732,4.567218912023094,4.232798767399728,4.462115424981157,1446500
2025-08-01,4.261463642120361,4.347457448119952,4.118140783991311,4.251908572293382,1412100
2025-08-04,4.290127754211426,4.318792506837664,4.194579338141944,4.299682823623767,1237600
2025-08-05,4.347457408905029,4.385676776646589,4.22324423593956,4.318792655293458,1209000
2025-08-06,4.223243713378906,4.414340528441449,4.194578963314152,4.395230846935195,859300
2025-08-07,3.955708503723145,4.251908853808587,3.946153888874369,4.251908853808587,1708300
2025-08-08,3.9461536407470703,4.118140797708314,3.344197907966506,3.62128855532058,3057000
2025-08-11,4.834754467010498,4.930302884222011,4.156360021392565,4.185024774361415,3853500
2025-08-12,5.494039535522461,5.560923659105238,4.863419491153605,4.901638860169244,4082600
2025-08-13,5.618252277374268,5.646916574109922,5.36982594240776,5.4940391098910135,2392800
2025-08-14,5.732910633087158,5.818904438378922,5.45581998893681,5.503594426456857,2174200
2025-08-15,5.618252277374268,5.866678156729994,5.608697208055195,5.780684810912249,2487800
2025-08-18,5.532258987426758,5.589588041809165,5.446265178047735,5.560923742423373,1465200
2025-08-19,5.46537446975708,5.732910493243876,5.408045419497936,5.551368272951192,1089300
2025-08-20,5.503594398498535,5.570478063953869,5.369826156366268,5.39849090985484,1000000
2025-08-21,5.608697414398193,5.646916781859004,5.398490893363733,5.522704065416768,1056200
2025-08-22,5.799794673919678,5.828458971544847,5.62780706572548,5.675581502581823,1089900
2025-08-25,5.771130084991455,5.809349453320341,5.666026594281615,5.73291071666257,866900
2025-08-26,5.780684947967529,5.818904314928406,5.675581461019722,5.790239561902352,1861600
2025-08-27,5.962226867675781,6.029110989395322,5.685136222226087,5.704245906201556,1349400
2025-08-28,5.818903923034668,5.971781380582127,5.723355056456744,5.971781380582127,728600
2025-08-29,5.857123851776123,5.895343219845559,5.732910677745053,5.790239729849207,873800
2025-09-02,5.580033302307129,5.904897936535263,5.580033302307129,5.752020461604376,1098100
2025-09-03,5.71380090713501,5.723355521202194,5.541813753428492,5.560923437173661,877700
2025-09-04,5.838014602661133,5.847569217584887,5.656472363001397,5.723356034300199,1013000
2025-09-05,5.847568511962891,6.010001046563658,5.771129779353303,5.818904215039688,778200
2025-09-08,5.933562755584717,5.962227054641383,5.771130208894217,5.895343386435284,1017000
2025-09-09,5.589587688446045,5.943117062593511,5.551368321273929,5.93356244860588,1289000
2025-09-10,5.417600631713867,5.541813805019207,5.32205221209853,5.532258735252272,1354100
2025-09-11,5.608697414398193,5.618252484068796,5.341161842172517,5.436710260824544,1220300
2025-09-12,5.599142551422119,5.66602621369975,5.436710019129397,5.541813502779531,1327600
2025-09-15,5.40540075302124,5.647578209424822,5.376339716926241,5.637891351365435,928400
2025-09-16,5.424774646759033,5.473210320268103,5.347277938677975,5.415087789207309,907700
2025-09-17,5.356965065002441,5.541019509100507,5.347277745883175,5.424774451170108,1095400
2025-09-18,5.33759069442749,5.453835748127334,5.221345178810864,5.4150873968940525,1001400
2025-09-19,5.347278118133545,5.424774828815406,5.250407229781219,5.347278118133545,2624900
2025-09-22,5.376339435577393,5.463523001216833,5.289155408021136,5.289155408021136,1039300
2025-09-23,5.666952133178711,5.812258692884179,5.42477468764187,5.434462007183417,1720100
2025-09-24,5.608829975128174,5.676639830683474,5.492584904390673,5.628204153584424,1229700
2025-09-25,5.579768657684326,5.754136255018151,5.541019840804427,5.541019840804427,951200
2025-09-26,5.61851692199707,5.676639453503918,5.53133289377839,5.589455425285236,803200
2025-09-29,5.492584228515625,5.666951813165546,5.424774381304481,5.647577637093332,1196800
2025-09-30,5.599142551422119,5.754135963419918,5.444148677507517,5.444148677507517,1146400
2025-10-01,5.444148540496826,5.637890762535046,5.415087507437009,5.5313325635098645,1085300
2025-10-02,5.521645545959473,5.570081219592219,5.415087803034338,5.415087803034338,897000
2025-10-03,5.4828972816467285,5.67663951743499,5.473210423911569,5.54101981380816,748200
2025-10-06,5.47321081161499,5.541020206314965,5.337591560298184,5.5313333478936215,1552700
2025-10-07,5.376339435577393,5.502271355260322,5.30852958504288,5.473210320686113,1117100
2025-10-08,5.114788055419922,5.424774902349298,5.114788055419922,5.405400724416212,833100
2025-10-09,4.969481468200684,5.172910566565636,4.88229743692518,5.105100713138373,1004800
2025-10-10,4.514187812805176,4.95979438664362,4.494813634025976,4.95979438664362,1208100
2025-10-13,4.591683864593506,4.698242063443813,4.485126127659989,4.581997007561728,1108900
2025-10-14,4.688555240631104,4.698242097733581,4.456064665253326,4.514187193618572,952900
2025-10-15,4.601371765136719,4.814487727857532,4.533561909676217,4.74667833431388,830000
2025-10-16,4.475439071655273,4.659493985240683,4.427003859817104,4.640119808122051,996300
2025-10-17,4.523874759674072,4.601371468392946,4.475439085766366,4.475439085766366,852900
2025-10-20,4.640119552612305,4.66918104764838,4.514187177317298,4.523874496301588,835400
2025-10-21,4.736990928649902,4.736990928649902,4.611059002091515,4.640120038252358,733100
2025-10-22,4.688555240631104,4.775738802220575,4.611058536144109,4.727303592874601,772900
2025-10-23,4.649807453155518,4.766052524005192,4.640120132959619,4.7273041670553,596200
2025-10-24,4.678868293762207,4.766052324202964,4.6498072582265095,4.746678146540222,583900
2025-10-27,4.456064701080322,4.766051983437409,4.388255315067409,4.717616311785214,779100
2025-10-28,4.359194278717041,4.456065170305162,4.330132780282181,4.446378312104772,813100
2025-10-29,4.262322902679443,4.417316311604108,4.194513055316505,4.349506464241171,1750600
2025-10-30,4.3688812255859375,4.427003755573205,4.252635703694596,4.26232302298421,923900
2025-10-31,4.427003860473633,4.427003860473633,4.272009981584775,4.33013251294929,756200
2025-11-03,4.456064701080322,4.46575202017748,4.349506500595574,4.4270036676224445,1230200
2025-11-04,4.378568172454834,4.417316526571679,4.291384144733525,4.368881314884031,965800
2025-11-05,4.378568172454834,4.427003846059299,4.233261613558257,4.378568172454834,1378400
2025-11-06,4.456064701080322,4.591683935022949,4.349506500595574,4.388255315067409,1573800
2025-11-07,4.669181346893311,4.824174765241032,4.117016601154321,4.117016601154321,2035500
2025-11-10,4.882297039031982,4.998542096647792,4.620745428438012,4.814487191131027,1521700
2025-11-11,4.91135835647583,4.959793564436074,4.736990314451961,4.94041938886862,1383600
2025-11-12,4.7563652992248535,4.891985013186939,4.717616941497647,4.882297692796707,974200
2025-11-13,4.688555240631104,4.824174473483343,4.669181064509355,4.698242097733581,1135300
2025-11-14,4.504500389099121,4.678867976230328,4.4076295073595615,4.678867976230328,1281900
2025-11-17,4.717616558074951,5.085726388482278,4.5626231397631605,4.620745671630082,1990500
2025-11-18,4.659493923187256,4.775738984350936,4.5723098963560895,4.698242276908482,1001500
2025-11-19,4.562623023986816,4.68855540412803,4.552935704629733,4.659493907973592,1072400
2025-11-20,4.349506378173828,4.659493651805974,4.320445345533906,4.640119476073764,1125200
2025-11-21,4.494813442230225,4.611058971862029,4.301071662705282,4.378568374515259,1192300
2025-11-24,4.552935600280762,4.56262291941582,4.242948778627685,4.446377861295916,1882100
2025-11-25,4.736990928649902,4.746678248648077,4.533561827856639,4.5529360059361474,1371600
2025-11-26,4.814487457275391,4.872610451213127,4.698242393233566,4.698242393233566,714300
2025-11-28,4.76605224609375,4.824174778129427,4.736990749117499,4.77573910380795,301200
2025-12-01,4.581997394561768,4.746678135262217,4.533561719561578,4.698242460262026,997000
2025-12-02,4.48512601852417,4.611058390290534,4.4754386998113205,4.611058390290534,723100
2025-12-03,4.669181346893311,4.717616559168562,4.514187466628767,4.533561643922233,689900
2025-12-04,4.514187812805176,4.64980752617643,4.514187812805176,4.620746027049202,784600
2025-12-05,4.446378231048584,4.514187622965699,4.427004053084145,4.475439267036823,1009400
2025-12-08,4.678868293762207,4.707929791214736,4.46575233947204,4.523874872460268,865500
2025-12-09,4.804800510406494,4.824174687387294,4.611058740598496,4.611058740598496,1063900
2025-12-10,5.095413684844971,5.134162039246187,4.785426387718419,4.83386159976153,2593300
2025-12-11,5.356965065002441,5.376339241324175,5.056664639140377,5.10510031090311,1262200
2025-12-12,5.1632232666015625,5.40540072159726,5.114788052752526,5.40540072159726,1148900
2025-12-15,5.0452070236206055,5.182892850899783,4.9763638755032265,5.035372087194302,1224700
2025-12-16,5.123884677886963,5.133719145431922,5.015702721158909,5.025537657659451,1719600
2025-12-17,4.976363658905029,5.153388286273191,4.937024852823216,5.104215013148703,1150100
2025-12-18,4.917355537414551,5.114049571328906,4.809173584283871,5.084545700719536,1340500
2025-12-19,5.015702724456787,5.074710936632092,4.868181959540732,4.897686300106177,2941800
2025-12-22,4.799339294433594,5.074710952090514,4.779669890315242,5.01570273973546,1396900
2025-12-23,4.878016471862793,4.887850938559028,4.700991850730671,4.769834524470947,1283300
2025-12-24,4.838677883148193,4.917355496052137,4.789504140605446,4.897686092826151,432300
2025-12-26,4.848512172698975,4.897685913440656,4.789503965182286,4.8583471084295295,788000
2025-12-29,4.740330696105957,4.8485121754706215,4.740330696105957,4.828842772953815,834400
2025-12-30,4.789504051208496,4.828842856926203,4.75016524549079,4.75016524549079,881500
2025-12-31,4.760000228881836,4.828842905096791,4.691157083711321,4.809173502041724,853100
2026-01-02,4.720661640167236,4.858347467893402,4.681322832245474,4.779669852049879,1477700
2026-01-05,4.828843116760254,4.828843116760254,4.691157289339579,4.700992225775989,776700
2026-01-06,4.700992107391357,4.7895041883121525,4.671487767780714,4.730495978046433,811300
2026-01-07,4.327272891998291,4.740330825041866,4.307603488946481,4.71082648598637,1246000
2026-01-08,4.366611957550049,4.4747939152405625,4.248595532227083,4.287934340668071,1149700
2026-01-09,4.356776714324951,4.445289261565312,4.297768505816562,4.396115519997211,1190100
2026-01-12,4.2682647705078125,4.3272729808752,4.189587156684629,4.3272729808752,1492700
2026-01-13,4.199421405792236,4.3469421585253984,4.150247665229333,4.297768417962496,1627000
2026-01-14,4.209256649017334,4.268264860630658,4.140413500990666,4.219091116475099,1305800
2026-01-15,4.41578483581543,4.504297381311554,4.219090811330205,4.228925747032239,1788500
2026-01-16,4.3862810134887695,4.6223138453931005,4.317437869705564,4.3862810134887695,1260400
2026-01-20,4.307603359222412,4.3666115666008025,4.25842961859598,4.287933956762949,807800
2026-01-21,4.3862810134887695,4.396115480340341,4.287934000195298,4.327272805512687,951600
2026-01-22,4.445289134979248,4.563305548635338,4.346942123599173,4.415784797087455,1361100
2026-01-23,4.2682647705078125,4.455124337815658,4.248595367052017,4.425619998154179,1201900
2026-01-26,4.2682647705078125,4.3272729808752,4.169917284273264,4.25842983430213,1309400
2026-01-27,4.2682647705078125,4.346942384330996,4.238760430846334,4.2682647705078125,1414600
2026-01-28,4.140413284301758,4.327272845775761,4.09123954271971,4.258429701352006,1491300
2026-01-29,4.219090938568115,4.307603486733571,4.101074520317882,4.219090938568115,1219700
2026-01-30,4.435454845428467,4.435454845428467,4.150247797604509,4.179752136674422,1566400
2026-02-02,4.464958667755127,4.671487632167393,4.346942250649705,4.445289264904224,1599400
2026-02-03,4.37644624710083,4.602644620910088,4.317438036840446,4.533801943417424,1691000
2026-02-04,4.34694242477417,4.425620039329355,4.278099277560596,4.356776892115781,1021100
2026-02-05,4.248595237731934,4.356776718968164,4.179752093254333,4.317437913253979,1091200
2026-02-06,4.278099060058594,4.376446073252534,4.199421449503441,4.258429657419805,1367700
2026-02-09,4.622313976287842,4.681322654890484,4.30760352483676,4.3371073951825165,1850100
2026-02-10,4.779669761657715,4.809173632563274,4.543636449635377,4.632149000263201,1482700
2026-02-11,4.720661640167236,4.828843127474291,4.573140875982839,4.828843127474291,1247700
2026-02-12,4.563305854797363,4.80917363422112,4.484628240414653,4.769834827029765,1309600
2026-02-13,4.6124796867370605,4.68132283512021,4.494463262899303,4.58297534629983,816000
2026-02-17,4.691157341003418,4.760000489949717,4.60264478792326,4.6518185327357,1465000
2026-02-18,4.95669412612915,5.084545477026484,4.602644411704055,4.681322490763946,2205200
2026-02-19,4.799339294433594,5.025537676272427,4.730496145541571,4.946860059799022,1607700
2026-02-20,4.789504051208496,4.878016598551112,4.720661375680288,4.75016524549079,865100
2026-02-23,4.6124796867370605,4.809173726466657,4.504297730407991,4.730496110574818,1265200
2026-02-24,4.6124796867370605,4.7403310470390885,4.592810282764101,4.6124796867370605,1012500
2026-02-25,4.671487808227539,4.691157211819748,4.455124368713242,4.632149001043121,1397000
2026-02-26,5.782810211181641,5.871322291760717,4.730495959783391,4.897686122701909,3527300
2026-02-27,5.104215145111084,5.782810270999843,4.819008559166536,5.782810270999843,3526400
2026-03-02,5.182892799377441,5.350082965317935,4.966529358660997,5.0452069734669776,1579200
2026-03-03,5.143553733825684,5.281239552825862,5.035371784419196,5.143553733825684,1679300
2026-03-04,5.566446304321289,5.586115707663375,5.035371945129428,5.222231511357018,2099500
2026-03-05,5.379586696624756,5.517272987913553,5.232066407174073,5.50743805184054,1724600
2026-03-06,5.300909042358398,5.379586654504225,5.094380075997826,5.2517357692450375,1132300
2026-03-09,5.094379901885986,5.30090886118797,4.887850942584003,5.222231251731127,1822600
2026-03-10,5.1632232666015625,5.300909089070046,4.956694298421056,5.104215056972213,1503800
2026-03-11,4.93702507019043,5.241901065225338,4.868181922038452,5.241901065225338,2480800
2026-03-12,4.760000228881836,4.878016647212239,4.720661422771702,4.838677841102105,1385400
2026-03-13,4.630000114440918,4.869999885559082,4.559999942779541,4.820000171661377,1451600
2026-03-16,4.619999885559082,4.710000038146973,4.570000171661377,4.679999828338623,1163900
2026-03-17,4.670000076293945,4.800000190734863,4.659999847412109,4.679999828338623,833300
2026-03-18,4.429999828338623,4.650000095367432,4.409999847412109,4.630000114440918,946200
2026-03-19,4.389999866485596,4.46999979019165,4.309999942779541,4.400000095367432,998300
2026-03-20,4.53000020980835,4.619999885559082,4.420000076293945,4.46999979019165,3445600
2026-03-23,4.820000171661377,4.949999809265137,4.630000114440918,4.71999979019165,1213700
2026-03-24,4.809999942779541,4.96999979019165,4.71999979019165,4.71999979019165,1210600
2026-03-25,4.670000076293945,4.900000095367432,4.539999961853027,4.869999885559082,918400
2026-03-26,4.639999866485596,4.730000019073486,4.590000152587891,4.599999904632568,870900
2026-03-27,4.579999923706055,4.630000114440918,4.480000019073486,4.570000171661377,995900
2026-03-30,4.429999828338623,4.650000095367432,4.369999885559082,4.650000095367432,1212000
2026-03-31,4.340000152587891,4.570000171661377,4.150000095367432,4.53000020980835,2151200
2026-04-01,4.400000095367432,4.480000019073486,4.320000171661377,4.360000133514404,1503300
2026-04-02,4.489999771118164,4.599999904632568,4.269999980926514,4.320000171661377,1134100
2026-04-06,4.739999771118164,4.75,4.46999979019165,4.46999979019165,1433500
2026-04-07,4.849999904632568,4.889999866485596,4.679999828338623,4.679999828338623,1281400
2026-04-08,4.909999847412109,5.119999885559082,4.840000152587891,4.989999771118164,1121500
2026-04-09,4.960000038146973,4.96999979019165,4.739999771118164,4.789999961853027,953700
2026-04-10,5.269999980926514,5.28000020980835,4.96999979019165,4.96999979019165,995300
2026-04-13,5.25,5.289999961853027,5.170000076293945,5.269999980926514,819500
2026-04-14,5.510000228881836,5.519999980926514,5.239999771118164,5.239999771118164,939000
2026-04-15,5.690000057220459,5.789999961853027,5.570000171661377,5.579999923706055,844200
2026-04-16,5.739999771118164,5.760000228881836,5.590000152587891,5.659999847412109,946600
2026-04-17,5.909999847412109,5.989999771118164,5.78000020980835,5.829999923706055,946500
2026-04-20,6.179999828338623,6.28000020980835,5.849999904632568,5.849999904632568,1555200
2026-04-21,6.199999809265137,6.440000057220459,6.159999847412109,6.179999828338623,1246000
2026-04-22,6.099999904632568,6.239999771118164,6.019999980926514,6.21999979019165,1173600
2026-04-23,5.699999809265137,6.119999885559082,5.579999923706055,6.090000152587891,1697000
2026-04-24,5.599999904632568,5.75,5.460000038146973,5.71999979019165,1429500
2026-04-27,5.659999847412109,5.820000171661377,5.630000114440918,5.639999866485596,737400
2026-04-28,5.760000228881836,5.78000020980835,5.619999885559082,5.71999979019165,708100
2026-04-29,5.53000020980835,5.699999809265137,5.5,5.699999809265137,750600
2026-04-30,5.639999866485596,5.639999866485596,5.460000038146973,5.460000038146973,741900
2026-05-01,5.659999847412109,5.739999771118164,5.559999942779541,5.739999771118164,721500
2026-05-04,5.539999961853027,5.639999866485596,5.380000114440918,5.630000114440918,1101700
2026-05-05,5.480000019073486,5.539999961853027,5.340000152587891,5.510000228881836,932900
2026-05-06,5.53000020980835,5.639999866485596,5.519999980926514,5.559999942779541,1060000
2026-05-07,4.420000076293945,4.949999809265137,4.409999847412109,4.75,3218300
2026-05-08,4.329999923706055,4.590000152587891,4.329999923706055,4.5,2093100
2026-05-11,4.380000114440918,4.539999961853027,4.269999980926514,4.349999904632568,2106200
2026-05-12,4.28000020980835,4.449999809265137,4.239999771118164,4.340000152587891,2096100
2026-05-13,4.159999847412109,4.369999885559082,4.150000095367432,4.369999885559082,2084400
2026-05-14,4.170000076293945,4.329999923706055,4.150000095367432,4.170000076293945,1670000
2026-05-15,4.150000095367432,4.230000019073486,4.070000171661377,4.150000095367432,1685800
2026-05-18,4.210000038146973,4.349999904632568,4.099999904632568,4.099999904632568,1356700
2026-05-19,3.900000095367432,4.21999979019165,3.859999895095825,4.190000057220459,1941000
2026-05-20,3.9700000286102295,4.019999980926514,3.849999904632568,3.9800000190734863,1797700
2026-05-21,4.130000114440918,4.159999847412109,3.880000114440918,3.930000066757202,1545300
2026-05-22,4.070000171661377,4.190000057220459,4.059999942779541,4.070000171661377,971800
2026-05-26,4.070000171661377,4.210000038146973,3.9700000286102295,4.130000114440918,1263800
2026-05-27,4.130000114440918,4.269999980926514,4.110000133514404,4.139999866485596,779400
