Price,Close,High,Low,Open,Volume
Ticker,HAH.VN,HAH.VN,HAH.VN,HAH.VN,HAH.VN
Date,,,,,
2017-01-03,8056.42919921875,8160.786896439367,8056.42919921875,8160.786896439367,37060
2017-01-04,8139.91455078125,8139.91455078125,8035.55685651318,8035.55685651318,956259
2017-01-05,8098.17138671875,8139.914656942017,8035.556961312914,8119.043501759449,9464
2017-01-06,8119.04345703125,8119.04345703125,7931.199221990454,7993.813647051345,18977
2017-01-09,8077.30029296875,8077.30029296875,8035.557022428001,8035.557022428001,516
2017-01-10,8035.55712890625,8035.55712890625,7931.199431100614,7931.199431100614,516
2017-01-11,8014.68505859375,8077.299961837962,7764.226405475003,7764.226405475003,7486
2017-01-12,7993.8134765625,8119.043283871554,7993.8134765625,8119.043283871554,282
2017-01-13,8035.55712890625,8056.429244382268,7931.199431100614,8056.429244382268,4283
2017-01-16,8004.24951171875,8014.685089001186,7952.0706654484675,7972.94182001334,1695
2017-01-17,8014.68505859375,8014.68505859375,8004.249481350906,8004.249481350906,2399
2017-01-18,7952.07080078125,8035.556860248706,7952.07080078125,8014.685225399577,213280
2017-01-19,7952.07080078125,8035.556860248706,7952.07080078125,8035.556860248706,7109
2017-01-20,7952.07080078125,8035.556860248706,7952.07080078125,8035.556860248706,54202
2017-01-23,7952.07080078125,8139.914554565289,7931.199165932122,8139.914554565289,34470
2017-01-24,7931.19921875,7952.070853738123,7931.19921875,7952.070853738123,18788
2017-01-25,7931.19921875,7952.070853738123,7931.19921875,7952.070853738123,11536
2017-02-03,8035.55712890625,8160.786942187904,7972.942222265424,8119.043671094019,248128
2017-02-06,8119.04345703125,8139.914612098838,8014.685282047995,8035.556917044646,45020
2017-02-07,8035.55712890625,8181.658097805771,8035.55712890625,8181.658097805771,20720
2017-02-09,8035.55712890625,8139.914826711887,8035.55712890625,8139.914826711887,6780
2017-02-10,7931.19921875,8035.556913761554,7931.19921875,8014.685278773431,28489
2017-02-13,8014.68505859375,8035.556693008487,7931.19900086385,8035.556693008487,23968
2017-02-14,8014.68505859375,8160.786499496909,7931.19900086385,7931.19900086385,548438
2017-02-15,8119.04345703125,8119.04345703125,7972.942012054694,7993.813647051345,25851
2017-02-16,7993.8134765625,8119.043283871554,7993.8134765625,8035.556745665518,14926
2017-02-17,8056.42919921875,8139.914781080357,8035.55708385974,8119.043625579492,98987
2017-02-20,8119.04345703125,8139.914612098838,7993.813647051345,8139.914612098838,39933
2017-02-21,8035.55712890625,8098.171555618002,8035.55712890625,8098.171555618002,44643
2017-02-22,8348.630859375,8390.374128854848,8119.043357164889,8160.786626644738,579802
2017-02-23,8713.8828125,8745.190504663977,8348.630883258138,8348.630883258138,245115
2017-02-24,8703.447265625,8713.88284309693,8599.089571189466,8713.88284309693,110572
2017-02-27,8400.8095703125,8599.089377239494,8390.373993075942,8578.21726290828,86318
2017-02-28,8202.5302734375,8400.810092693984,8202.5302734375,8390.374514808518,946039
2017-03-01,8139.91455078125,8306.887629496656,8139.91455078125,8202.529935228586,82551
2017-03-02,8306.8876953125,8306.8876953125,8056.429035113112,8139.914615274158,146456
2017-03-03,8265.14453125,8306.887801794674,8139.91471961598,8306.887801794674,766571
2017-03-06,8265.14453125,8306.887801794674,8119.043564272712,8139.91471961598,29196
2017-03-07,8244.2724609375,8306.88784702451,8244.2724609375,8306.88784702451,104967
2017-03-08,8286.015625,8306.887740046255,8139.914659108739,8181.657929343119,147539
2017-03-09,8160.78662109375,8244.272200138548,8150.350083837302,8244.272200138548,70167
2017-03-10,8244.2724609375,8619.960938026992,8139.914763936673,8619.960938026992,89050
2017-03-13,8244.2724609375,8286.01573170946,8139.914763936673,8286.01573170946,10736
2017-03-14,8244.2724609375,8515.603241026165,7952.071005320998,7952.071005320998,76289
2017-03-15,8160.78662109375,8411.245277944367,8139.914506438967,8411.245277944367,33434
2017-03-16,8233.8369140625,8244.272491830057,8139.914794438187,8244.272491830057,8193
2017-03-17,8202.5302734375,8244.272584979364,8139.914886408389,8139.914886408389,90322
2017-03-20,8244.2724609375,8348.63111779647,8139.914763936673,8150.350341665127,38708
2017-03-21,8244.2724609375,8265.14457625255,8139.914763936673,8160.786879251724,54672
2017-03-22,8223.4013671875,8286.015793886216,8139.914825017114,8286.015793886216,43182
2017-03-23,8202.5302734375,8202.5302734375,8202.5302734375,8202.5302734375,45
2017-03-24,8056.42919921875,8202.530167299245,7993.813812999863,8098.171510220482,8522
2017-03-27,8202.5302734375,8202.5302734375,8035.557187837415,8202.5302734375,14644
2017-03-28,8202.5302734375,8202.5302734375,8098.171615008368,8139.914886408389,11489
2017-03-29,8139.91455078125,8139.91455078125,8035.55685651318,8119.043395870883,26887
2017-03-30,8181.65771484375,8202.529829342799,8139.914445703759,8139.914445703759,893
2017-03-31,8202.5302734375,8327.759127779407,8045.993245651959,8327.759127779407,19071
2017-04-03,8327.7587890625,8327.7587890625,8327.7587890625,8327.7587890625,45
2017-04-04,8223.4013671875,8244.272522801022,7952.071064991894,8223.4013671875,54579
2017-04-05,8119.04345703125,8181.6578820921395,8119.04345703125,8181.6578820921395,12101
2017-04-07,8077.30029296875,8119.043563509499,8056.429137627444,8098.171448310056,331342
2017-04-10,8056.42919921875,8139.914781080357,8035.55708385974,8035.55708385974,66777
2017-04-11,8035.55712890625,8139.914826711887,8035.55712890625,8139.914826711887,114810
2017-04-12,7993.8134765625,8119.043283871554,7972.941842010991,8119.043283871554,84623
2017-04-13,8035.55712890625,8223.401368899657,7993.813857812366,8223.401368899657,259762
2017-04-14,8035.55712890625,8139.914826711887,7931.199431100614,8035.55712890625,387710
2017-04-17,7952.07080078125,8452.988597373158,7952.07080078125,8452.988597373158,71814
2017-04-18,7972.94189453125,8233.83660825013,7931.199105082312,8233.83660825013,2212
2017-04-19,8286.015625,8286.015625,7952.070902912165,8098.171388874361,211445
2017-04-20,8202.5302734375,8286.015856379385,7983.378338551927,8286.015856379385,74922
2017-04-21,8139.91455078125,8181.657820460102,8035.55685651318,8181.657820460102,22556
2017-04-24,8098.17138671875,8223.401197388552,8098.17138671875,8139.914656942017,37674
2017-04-25,8035.55712890625,8098.171555618002,7972.942222265424,8098.171555618002,62207
2017-04-26,7952.07080078125,8035.556860248706,7952.07080078125,8035.556860248706,37060
2017-04-27,8035.55712890625,8139.914826711887,7993.813857812366,8035.55712890625,96868
2017-04-28,8056.42919921875,8244.272478300974,7993.813812999863,8244.272478300974,56981
2017-05-03,7805.96923828125,8056.428852666842,7722.483180081771,8056.428852666842,84059
2017-05-04,7858.14892578125,7931.199410037003,7805.969597087934,7826.841232579445,56651
2017-05-05,7826.8408203125,8098.1711075520925,7826.8408203125,8098.1711075520925,97809
2017-05-08,7920.76318359375,8014.685301340229,7826.841065847271,8014.685301340229,35224
2017-05-09,7910.32763671875,7931.199271846602,7826.841096207343,7931.199271846602,97997
2017-05-10,7868.58447265625,7931.199378884846,7826.8412018371855,7931.199378884846,55049
2017-05-11,7826.8408203125,7931.19899227315,7618.125436249298,7826.8408203125,249778
2017-05-12,7722.4833984375,7826.84109411986,7618.125702755141,7826.84109411986,92346
2017-05-15,7826.8408203125,8139.914376336353,7717.265339665128,8139.914376336353,84169
2017-05-16,8014.68505859375,8077.299961837962,7858.148520376795,8077.299961837962,19056
2017-05-17,7889.4560546875,8014.685386368346,7764.226723006653,8014.685386368346,32682
2017-05-18,7826.8408203125,7889.45572348889,7764.226397065159,7826.8408203125,34219
2017-05-19,7545.07470703125,7842.494906318296,7545.07470703125,7826.841060062432,32524
2017-05-22,7670.3046875,7732.919114055366,7545.074874531122,7545.074874531122,57703
2017-05-23,7732.9189453125,7732.9189453125,7482.460284698242,7670.304520123467,32682
2017-05-24,7670.3046875,7670.3046875,7545.074874531122,7545.074874531122,1192
2017-05-25,7592.03564453125,7607.689490536929,7498.11400828434,7545.074586443267,256904
2017-05-26,7357.23095703125,7592.035771467978,7200.693934144368,7592.035771467978,92929
2017-05-29,7325.92333984375,7388.538245628311,7325.92333984375,7357.231032700565,32336
2017-05-30,7451.15283203125,7451.15283203125,7232.000911143411,7294.615814244086,384870
2017-05-31,7482.46044921875,7576.382568996474,7325.923422946185,7576.382568996474,12117
2017-06-01,7388.5380859375,7513.767414870933,7388.5380859375,7388.5380859375,12054
2017-06-02,7388.5380859375,7388.5380859375,7200.693852572821,7388.5380859375,79930
2017-06-05,7388.5380859375,7388.5380859375,7357.230873686406,7388.5380859375,5367
2017-06-06,7232.0009765625,7357.230783896651,7200.693764693488,7357.230783896651,432026
2017-06-07,7232.0009765625,7357.230783896651,7200.693764693488,7232.0009765625,123350
2017-06-08,7325.92333984375,7357.231032700565,7200.694008203695,7357.231032700565,43136
2017-06-09,7294.6162109375,7294.6162109375,7200.69409114337,7232.001304431722,80182
2017-06-12,7263.30859375,7451.152822892591,7232.000902273537,7451.152822892591,42664
2017-06-13,7263.30859375,7263.30859375,7169.3864791787055,7232.000902273537,54689
2017-06-14,7388.5380859375,7513.767414870933,7216.347698662897,7216.347698662897,78738
2017-06-15,7482.46044921875,7545.074875784517,7044.157063613013,7388.538329441026,237910
2017-06-16,7513.767578125,7576.382483916701,7357.231033539353,7357.231033539353,104826
2017-06-19,7513.767578125,7607.689696848016,7388.538246470669,7513.767578125,46904
2017-06-20,7357.23095703125,7451.153074777567,7294.6160518906845,7451.153074777567,219042
2017-06-21,7513.767578125,7513.767578125,7200.694009024637,7294.616127747653,86617
2017-06-22,7357.23095703125,7513.767499989069,7200.693934144368,7513.767499989069,81406
2017-06-23,7325.92333984375,7451.153151412873,7200.694008203695,7451.153151412873,158763
2017-06-26,7263.30859375,7325.923016844832,7138.078787702242,7325.923016844832,128122
2017-06-27,7200.69384765625,7200.69384765625,7138.078943267757,7200.69384765625,148623
2017-06-28,7200.69384765625,7357.230868662953,7169.386635426532,7325.923176504178,422701
2017-06-29,7294.6162109375,7294.6162109375,7169.386877855019,7294.6162109375,62255
2017-06-30,7263.30859375,7294.615805297416,7200.6936907261215,7294.615805297416,76728
2017-07-03,7200.69384765625,7294.615964274461,7200.69384765625,7232.001059885967,106554
2017-07-04,7200.69384765625,7232.001059885967,7169.386635426532,7232.001059885967,31708
2017-07-05,7138.0791015625,7169.386794415557,7122.42573506504,7169.386794415557,401479
2017-07-06,7216.34765625,7263.308714315163,7153.732752186763,7169.386598184836,947940
2017-07-07,7216.34765625,7232.0010223190175,7185.039964253853,7216.34765625,963669
2017-07-10,7232.0009765625,7232.0009765625,7185.039918794456,7232.0009765625,137477
2017-07-11,7122.42578125,7232.001267159033,7122.42578125,7200.694054032034,168998
2017-07-12,7200.69384765625,7200.69384765625,7106.771731038039,7169.386635426532,185732
2017-07-13,7200.69384765625,7232.001059885967,7169.386635426532,7232.001059885967,37736
2017-07-14,7232.0009765625,7232.0009765625,7169.386552824477,7200.693764693488,141371
2017-07-17,7200.69384765625,7263.3087520447425,7200.69384765625,7263.3087520447425,459182
2017-07-18,7200.69384765625,7200.69384765625,7185.040001576862,7200.69384765625,45804
2017-07-19,7169.38671875,7310.269895314676,7169.38671875,7185.040085082255,110258
2017-07-20,7200.69384765625,7263.3087520447425,7138.078943267757,7153.732789347145,924362
2017-07-21,7247.65478515625,7294.615842682575,7200.693727629926,7200.693727629926,105487
2017-07-24,7185.0400390625,7200.693885223557,7153.732826669448,7200.693885223557,85425
2017-07-25,7169.38671875,7263.308836459784,7169.38671875,7263.308836459784,5085
2017-07-26,7169.38671875,7185.040085082255,7091.117967372471,7185.040085082255,68723
2017-07-27,7153.73291015625,7153.73291015625,7106.771851054087,7106.771851054087,9982
2017-07-28,7138.0791015625,7169.386794415557,7122.42573506504,7153.732947989029,47279
2017-07-31,7357.23095703125,7623.343464002793,7044.156911257486,7138.079029003802,222150
2017-08-01,7451.15283203125,7576.382158303551,7357.230717344762,7357.230717344762,435008
2017-08-02,7513.767578125,7513.767578125,7325.923340678968,7513.767578125,238726
2017-08-03,7482.46044921875,7513.767662501634,7357.231116158143,7357.231116158143,99741
2017-08-04,7419.84521484375,7498.113964485903,7419.84521484375,7482.460118571662,119614
2017-08-07,7388.5380859375,7419.845298188594,7357.230873686406,7357.230873686406,48473
2017-08-08,7294.6162109375,7388.538330731631,7294.6162109375,7357.231117443279,4362
2017-08-09,7232.0009765625,7263.308668360563,7138.078861026413,7232.0009765625,34062
2017-08-10,7216.34765625,7325.923138449345,7216.34765625,7325.923138449345,35852
2017-08-11,7200.69384765625,7216.347693735637,7169.386635426532,7216.347693735637,32242
2017-08-14,7200.69384765625,7232.001059885967,7200.69384765625,7200.69384765625,25931
2017-08-15,7200.69384765625,7200.69384765625,7138.078943267757,7200.69384765625,8915
2017-08-16,7232.0009765625,7325.923092098586,7169.386552824477,7200.693764693488,47374
2017-08-17,7200.69384765625,7216.347693735637,7169.386635426532,7216.347693735637,15697
2017-08-18,7200.69384765625,7263.3087520447425,7138.078943267757,7138.078943267757,9669
2017-08-21,7138.0791015625,7169.386794415557,7138.0791015625,7169.386794415557,41346
2017-08-22,7200.69384765625,7200.69384765625,7106.771731038039,7106.771731038039,6279
2017-08-23,7200.69384765625,7263.3087520447425,7200.69384765625,7232.001059885967,91201
2017-08-24,7200.69384765625,7200.69384765625,7138.078943267757,7200.69384765625,7816
2017-08-25,7169.38671875,7200.693931343574,7153.732872488682,7200.693931343574,7439
2017-08-28,7200.69384765625,7232.001059885967,7169.386635426532,7169.386635426532,6561
2017-08-29,7138.0791015625,7185.040160913018,7138.0791015625,7169.386794415557,20625
2017-08-30,7138.0791015625,7232.001220263536,7106.77188863851,7138.0791015625,44863
2017-08-31,7169.38671875,7169.38671875,7106.771813633789,7138.079026227363,36166
2017-09-01,7200.69384765625,7200.69384765625,7122.425577117427,7122.425577117427,4395
2017-09-05,7200.69384765625,7200.69384765625,7169.386635426532,7200.69384765625,10517
2017-09-06,7200.69384765625,7200.69384765625,7200.69384765625,7200.69384765625,187
2017-09-07,7169.38671875,7200.693931343574,7138.079026227363,7200.693931343574,48253
2017-09-08,7200.69384765625,7200.69384765625,7169.386635426532,7169.386635426532,25963
2017-09-11,7138.0791015625,7138.0791015625,7106.77188863851,7138.0791015625,58865
2017-09-12,7138.0791015625,7138.0791015625,7106.77188863851,7138.0791015625,6341
2017-09-13,7169.38671875,7169.38671875,7122.425659895108,7169.38671875,2165
2017-09-14,7169.38671875,7169.38671875,7106.771813633789,7169.38671875,24393
2017-09-15,7138.0791015625,7138.0791015625,7044.156982861463,7138.0791015625,22824
2017-09-18,7169.38671875,7169.38671875,7138.079026227363,7138.079026227363,8287
2017-09-19,7106.77197265625,7169.386879173543,7106.77197265625,7153.733032561951,71674
2017-09-20,7185.0400390625,7185.0400390625,7106.771768115338,7138.078980508391,49604
2017-09-21,7232.0009765625,7685.957708343903,7185.039918794456,7185.039918794456,4238
2017-09-22,7232.0009765625,7357.230783896651,7138.078861026413,7278.962034330543,32524
2017-09-25,7232.0009765625,7232.0009765625,7169.386552824477,7232.0009765625,109505
2017-09-26,7200.69384765625,7232.001059885967,7106.771731038039,7200.69384765625,138985
2017-09-27,7138.0791015625,7247.655066690065,7106.77188863851,7247.655066690065,31677
2017-09-28,7200.69384765625,7232.001059885967,7200.69384765625,7200.69384765625,19684
2017-09-29,7200.69384765625,7216.347693735637,7200.69384765625,7200.69384765625,13656
2017-10-02,7200.69384765625,7200.69384765625,7200.69384765625,7200.69384765625,223437
2017-10-03,7153.73291015625,7153.73291015625,7075.464638295667,7153.73291015625,21127
2017-10-04,7153.73291015625,7169.386756499993,7153.73291015625,7153.73291015625,22604
2017-10-05,7169.38671875,7185.040085082255,7153.732872488682,7153.732872488682,56007
2017-10-06,7185.0400390625,7200.693885223557,7138.078980508391,7153.732826669448,46150
2017-10-09,7200.69384765625,7325.923176504178,7169.386635426532,7185.040001576862,394634
2017-10-10,7216.34765625,7325.923138449345,7200.693810251927,7200.693810251927,139361
2017-10-11,7513.767578125,7545.074791056316,7185.040162594445,7216.347855454829,338813
2017-10-12,7623.34326171875,7826.840858149955,7513.767300612605,7513.767300612605,527090
2017-10-13,7482.46044921875,7623.343628885336,7325.923422946185,7325.923422946185,150789
2017-10-16,7498.1142578125,7545.074837534218,7451.153198161711,7513.767624410049,100369
2017-10-17,7482.46044921875,7513.767662501634,7419.84554272391,7513.767662501634,85456
2017-10-18,7513.767578125,7732.919028502348,7419.845459401984,7482.460365193685,306226
2017-10-19,7513.767578125,7623.343543278209,7419.845459401984,7466.806518763492,124731
2017-10-20,7513.767578125,7513.767578125,7451.153152262369,7513.767578125,74844
2017-10-23,7435.4990234375,7513.767292757753,7263.308638961322,7513.767292757753,102975
2017-10-24,7435.4990234375,7466.806235179792,7294.615850703613,7357.230754117247,79240
2017-10-25,7451.15283203125,7451.15283203125,7294.615814244086,7294.615814244086,63072
2017-10-26,7451.15283203125,7451.15283203125,7310.269660001517,7451.15283203125,46777
2017-10-27,7388.5380859375,7451.152990368746,7357.230873686406,7451.152990368746,34188
2017-10-30,7357.23095703125,7419.845382242752,7200.693934144368,7263.308839284933,32682
2017-10-31,7388.5380859375,7451.152990368746,7357.230873686406,7451.152990368746,114465
2017-11-01,7419.84521484375,7419.84521484375,7388.53800294432,7419.84521484375,15728
2017-11-02,7200.69384765625,7388.53808089267,7200.69384765625,7357.230868662953,97041
2017-11-03,7357.23095703125,7357.23095703125,7200.693934144368,7200.693934144368,298439
2017-11-06,7341.5771484375,7372.884361203905,7341.5771484375,7372.884361203905,24707
2017-11-07,7278.96240234375,7357.231155867006,7278.96240234375,7357.231155867006,32022
2017-11-08,7513.767578125,7670.304602639717,7278.96228131746,7310.269974177845,327542
2017-11-09,7357.23095703125,7482.460287383317,7357.23095703125,7482.460287383317,82348
2017-11-10,7404.19189453125,7435.499106623798,7357.230836427901,7435.499106623798,113084
2017-11-13,7576.38232421875,7576.38232421875,7357.230878460762,7451.152995204051,513150
2017-11-14,7200.69384765625,7325.923176504178,7200.69384765625,7263.3087520447425,90260
2017-11-15,7106.77197265625,7200.694092467653,7044.157066138956,7044.157066138956,46243
2017-11-16,7106.77197265625,7106.77197265625,6731.083493410636,7106.77197265625,73464
2017-11-17,6981.54248046875,7044.156905630232,6825.005457706919,7044.156905630232,179358
2017-11-20,6825.00537109375,6965.8885458127925,6825.00537109375,6887.620275389677,74217
2017-11-21,6778.04443359375,6887.6203980812725,6731.083374517535,6731.083374517535,94152
2017-11-22,6684.1220703125,6778.044185020496,6684.1220703125,6731.083127666498,55694
2017-11-23,6684.1220703125,6731.083127666498,6574.546589772537,6684.1220703125,241207
2017-11-24,6621.5078125,6684.122237249772,6418.009732240589,6574.546753973141,228429
2017-11-27,6574.546875,6621.507934391337,6449.317063337055,6511.931969168528,114653
2017-11-28,6574.546875,6574.546875,6574.546875,6574.546875,55506
2017-11-29,6637.1611328125,6731.083249216543,6574.546708495843,6731.083249216543,376425
2017-11-30,6574.546875,6731.083419685078,6574.546875,6637.161300902403,221804
2017-12-01,6574.546875,6637.161300902403,6464.97090977719,6464.97090977719,486307
2017-12-04,6511.931640625,6668.4686573414565,6511.931640625,6574.546543297392,530387
2017-12-05,6684.1220703125,6684.1220703125,6574.546589772537,6637.161012958502,473812
2017-12-06,6574.546875,6715.430053174012,6558.893028559864,6715.430053174012,325534
2017-12-07,6621.5078125,6637.161178722913,6543.239061669195,6590.200120196054,225383
2017-12-08,6558.89306640625,6574.546912936711,6496.278160213474,6558.89306640625,121121
2017-12-11,6449.31689453125,6511.931798723826,6449.31689453125,6511.931798723826,188370
2017-12-12,6292.7802734375,6480.624503683012,6198.858158314744,6449.316812022727,286258
2017-12-13,6261.47265625,6292.780348282653,6167.551019939208,6245.819290162729,385875
2017-12-14,6261.47265625,6292.780348282653,6245.819290162729,6261.47265625,51550
2017-12-15,6418.009765625,6574.546788171806,6245.819376773857,6261.472743078193,196092
2017-12-18,6324.08740234375,6418.009516236431,6261.472499772281,6418.009516236431,111797
2017-12-19,6402.35595703125,6558.892980498343,6261.4727798895865,6543.2391341729135,496291
2017-12-20,6418.009765625,6418.009765625,6261.472743078193,6402.3559193916,378215
2017-12-21,6371.048828125,6386.702674656366,6261.472862263581,6355.394981593634,609125
2017-12-22,6261.47265625,6324.0875603862505,6230.1654441464025,6261.47265625,156566
2017-12-25,6104.93603515625,6418.009591843664,6104.93603515625,6261.472573535432,273607
2017-12-26,6120.58984375,6245.8191696777085,6073.628786535979,6104.935998035644,44736
2017-12-27,6120.58984375,6230.165323963352,6104.935998035644,6104.935998035644,200801
2017-12-28,6183.20458984375,6261.472862647232,6120.590163572593,6120.590163572593,77294
2017-12-29,6261.47265625,6339.741406402577,6230.1654441464025,6230.1654441464025,214176
2018-01-02,6324.08740234375,6402.355670611303,6230.165288451069,6261.472499772281,107433
2018-01-03,6402.35595703125,6402.35595703125,6230.1655671677945,6324.087685262237,578797
2018-01-04,6574.546875,6731.083419685078,6418.009850385853,6418.009850385853,946496
2018-01-05,6261.47265625,6574.546697002198,6261.47265625,6574.546697002198,538863
2018-01-08,6261.47265625,6292.780348282653,6167.551019939208,6261.47265625,1607297
2018-01-09,6230.16552734375,6261.472739865422,6198.858314822078,6261.472739865422,652763
2018-01-10,6261.47265625,6261.47265625,6198.858232042805,6230.1654441464025,303495
2018-01-11,6261.47265625,6292.780348282653,6104.936115802957,6261.47265625,656939
2018-01-12,6261.47265625,6292.780348282653,6198.858232042805,6261.47265625,164916
2018-01-15,6261.47265625,6261.47265625,6198.858232042805,6261.47265625,199954
2018-01-16,6230.16552734375,6261.472739865422,6198.858314822078,6261.472739865422,142784
2018-01-17,6230.16552734375,6245.8193735691175,6167.551102300406,6230.16552734375,73180
2018-01-18,6198.8583984375,6198.8583984375,6104.936279676519,6198.8583984375,105203
2018-01-19,6198.8583984375,6230.165611381471,5885.784829210588,6198.8583984375,380443
2018-01-22,5979.70703125,6198.858484768019,5948.399337940943,6198.858484768019,83133
2018-01-25,5885.78466796875,6120.58995843868,5635.32553149114,6104.936112430999,914661
2018-01-26,5838.82373046875,5948.399214998498,5791.862671404839,5948.399214998498,13436
2018-01-29,5635.32568359375,5885.784826831482,5604.018470662434,5791.862708108466,308926
2018-01-30,5525.75,5729.247596641769,5510.096154131767,5635.325481290475,137885
2018-01-31,5619.671875,5791.862747104245,5619.671875,5635.325721535587,1786218
2018-02-01,5557.05712890625,5776.208568146912,5557.05712890625,5635.325397221691,232698
2018-02-02,5541.4033203125,5697.940337918783,5478.788897213225,5697.940337918783,171195
2018-02-05,5165.71484375,5619.671569296612,5165.71484375,5541.403300734519,887001
2018-02-06,5118.75390625,5134.4077522998605,4805.680344756189,5009.178423688148,1055906
2018-02-07,5009.1787109375,5322.25229038439,5009.1787109375,5118.754199782916,806002
2018-02-08,5150.0615234375,5165.714889330611,5009.178350825197,5103.1004659000655,1586608
2018-02-09,5071.79296875,5165.715087426615,4962.217483579995,5009.178542918303,323996
2018-02-12,5071.79296875,5103.100661594917,4915.256424241688,5103.100661594917,224160
2018-02-13,5197.02294921875,5322.252284882226,5071.793133626189,5071.793133626189,247737
2018-02-21,5322.251953125,5322.251953125,5197.022625267568,5197.022625267568,184350
2018-02-22,5604.0185546875,5604.0185546875,5259.637287563197,5290.944980893,541594
2018-02-23,5697.9404296875,5791.862545778131,5604.018313596868,5604.018313596868,374071
2018-02-26,5807.51611328125,5854.477172955467,5541.403601770378,5697.940627327458,832971
2018-02-27,5713.59375,5807.515865338578,5604.01826872436,5807.515865338578,187489
2018-02-28,5588.36474609375,5666.633020093314,5572.7108993222055,5635.325806479304,229747
2018-03-01,5635.32568359375,5666.632896525066,5510.096351939418,5510.096351939418,1388349
2018-03-02,5541.4033203125,5619.671589151118,5541.4033203125,5572.710531862137,138797
2018-03-05,5541.4033203125,5604.018223340822,5494.442263023519,5541.4033203125,144823
2018-03-06,5510.09619140625,5604.018307392904,5510.09619140625,5541.40340342545,92175
2018-03-07,5619.671875,5635.325721535587,5447.481482824827,5557.057448715795,848198
2018-03-08,5588.36474609375,5776.208987635969,5541.403685708196,5635.325806479304,274485
2018-03-09,5604.0185546875,5635.325768088227,5572.710861357697,5572.710861357697,66744
2018-03-12,5604.0185546875,5635.325768088227,5510.0964345562425,5604.0185546875,62162
2018-03-13,5604.0185546875,5604.0185546875,5541.4036479569695,5604.0185546875,161086
2018-03-14,5572.7109375,5604.018631257573,5510.096509843018,5604.018631257573,274077
2018-03-15,5510.09619140625,5604.018307392904,5494.442345432122,5572.710615444649,356270
2018-03-16,5572.7109375,5604.018631257573,5478.789296014527,5604.018631257573,117165
2018-03-19,5478.7890625,5510.096274994128,5353.559252665361,5510.096274994128,243404
2018-03-20,5431.828125,5478.789184753612,5353.559372124598,5384.867065246387,102943
2018-03-21,5290.94482421875,5478.789058918865,5290.94482421875,5400.520307841109,383520
2018-03-22,5290.94482421875,5353.55924916608,5259.637131816023,5290.94482421875,113523
2018-03-23,5259.63720703125,5290.944899881692,5165.715088338064,5259.63720703125,115312
2018-03-26,5228.330078125,5290.944984902986,5197.022864700545,5197.022864700545,70795
2018-03-27,5197.02294921875,5259.637377085946,5134.40804142247,5259.637377085946,289304
2018-03-28,5134.40771484375,5197.022618657352,5103.100502901476,5197.022618657352,341263
2018-03-29,5103.1005859375,5197.022703221647,5103.1005859375,5134.407798389195,119960
2018-03-30,5071.79296875,5103.100661594917,5071.79296875,5103.100661594917,159768
2018-04-02,5134.40771484375,5165.714926786024,5103.100502901476,5103.100502901476,232542
2018-04-03,5103.1005859375,5150.061644579573,5040.485681105049,5103.1005859375,204349
2018-04-04,5071.79296875,5165.715087426615,5071.79296875,5134.407874510766,166769
2018-04-05,5009.1787109375,5071.793138869428,4883.949375144561,5024.83207795594,494847
2018-04-06,5040.48583984375,5103.100746648116,5009.178626406105,5009.178626406105,68441
2018-04-09,5071.79296875,5103.100661594917,5040.485755834151,5071.79296875,189280
2018-04-10,5071.79296875,5103.100661594917,5040.485755834151,5071.79296875,163818
2018-04-11,5071.79296875,5071.79296875,4977.870850073386,5040.485755834151,173864
2018-04-12,5009.1787109375,5103.100832764476,4993.524863989976,5009.1787109375,116568
2018-04-13,5009.1787109375,5150.061893677964,5009.1787109375,5009.1787109375,131231
2018-04-16,4962.21728515625,5040.4855542807,4852.64132443878,5040.4855542807,519649
2018-04-17,4946.5634765625,5228.329823444524,4790.026937136299,4962.217322476741,604730
2018-04-18,4946.5634765625,5009.178380290412,4868.2952068494,4946.5634765625,15509
2018-04-19,4977.87060546875,4977.87060546875,4946.563394091288,4946.563394091288,46023
2018-04-20,4962.21728515625,4993.52449682022,4946.56343935974,4977.87065102371,71297
2018-04-23,4946.5634765625,4993.524534376171,4946.5634765625,4993.524534376171,150632
2018-04-24,4821.33447265625,4946.563808588739,4821.33447265625,4946.563808588739,120053
2018-04-26,4930.90966796875,5009.178418203294,4727.41206918867,4946.56351400147,368043
2018-04-27,4915.25634765625,4930.909713905743,4758.7193256578985,4930.909713905743,70575
2018-05-02,4383.03076171875,4758.719222421283,4383.03076171875,4758.719222421283,379156
2018-05-03,4383.03076171875,4523.9139344822,4320.416338221028,4383.03076171875,204946
2018-05-04,4398.6845703125,4414.338416018909,4367.377358828728,4367.377358828728,61596
2018-05-07,4320.41650390625,4476.953048582682,4289.108811027709,4461.29968207248,400662
2018-05-08,4320.41650390625,4367.377563294994,4289.108811027709,4320.41650390625,190440
2018-05-09,4383.03076171875,4383.03076171875,4304.762492382072,4367.377395808845,45584
2018-05-10,4320.41650390625,4383.030929805195,4320.41650390625,4383.030929805195,124135
2018-05-11,4367.37744140625,4367.37744140625,4320.416383328139,4320.416383328139,67875
2018-05-14,4367.37744140625,4414.338499484362,4351.7235954038615,4367.37744140625,43418
2018-05-15,4429.99169921875,4492.606600948163,4383.030642903949,4414.338333733175,120744
2018-05-16,4429.99169921875,4523.913811848352,4383.030642903949,4523.913811848352,23106
2018-05-17,4429.99169921875,4476.952755533551,4383.030642903949,4429.99169921875,29227
2018-05-18,4445.64599609375,4476.953210173221,4383.031088005722,4476.953210173221,441130
2018-05-21,4445.64599609375,4445.64599609375,4383.031088005722,4414.338782014279,445651
2018-05-22,4351.7236328125,4445.645749776104,4351.7236328125,4445.645749776104,1174235
2018-05-23,4367.37744140625,4414.338499484362,4351.7235954038615,4351.7235954038615,133742
2018-05-24,4383.03076171875,4383.03076171875,4351.723549969889,4383.03076171875,48222
2018-05-25,4336.06982421875,4383.030883107157,4336.06982421875,4351.72367049124,67969
2018-05-28,4336.06982421875,4367.3775167637305,4226.494340098509,4336.06982421875,158198
2018-05-29,4383.03076171875,4445.645665145522,4320.416338221028,4320.416338221028,187270
2018-05-30,4414.33837890625,4414.33837890625,4336.06963096128,4383.030687756645,144918
2018-05-31,4445.64599609375,4445.64599609375,4351.723873926251,4383.031088005722,294547
2018-06-01,4445.64599609375,4445.64599609375,4383.031088005722,4414.338782014279,177507
2018-06-04,4445.64599609375,4461.299843098029,4383.031088005722,4414.338782014279,248835
2018-06-05,4476.953125,4476.953125,4445.645911516143,4445.645911516143,120399
2018-06-06,4429.99169921875,4476.952755533551,4429.99169921875,4445.645544633363,219356
2018-06-07,4414.33837890625,4461.299435701616,4398.684533331448,4398.684533331448,171603
2018-06-08,4383.03076171875,4429.991819306567,4351.723549969889,4414.338453396661,370240
2018-06-11,4383.03076171875,4461.299510984478,4383.03076171875,4383.03076171875,143097
2018-06-12,4602.1826171875,4633.489828483571,4414.338389552986,4445.645600849057,1751306
2018-06-13,4445.64599609375,4664.797454508219,4445.64599609375,4664.797454508219,760700
2018-06-14,4492.60693359375,4570.875206603948,4476.9530870200815,4508.2607801674185,1270617
2018-06-15,4790.02685546875,4805.680221187056,4492.60666774335,4523.913879109007,1923790
2018-06-18,4727.412109375,4930.9097098849525,4696.1048969724825,4790.027014109095,924864
2018-06-19,4523.9140625,4602.182813980578,4398.684732031764,4539.567908781928,712948
2018-06-20,4445.64599609375,4570.87533234072,4398.68493501,4570.87533234072,796082
2018-06-21,4383.03076171875,4445.645665145522,4289.108646543116,4398.684607557706,929887
2018-06-22,4429.99169921875,4445.645544633363,4289.108530274349,4383.030642903949,358593
2018-06-25,4336.06982421875,4461.2996345405445,4320.416457875323,4445.645788268054,490985
2018-06-26,4320.41650390625,4414.3386226837365,4320.41650390625,4367.377563294994,209938
2018-06-27,4320.41650390625,4383.030929805195,4320.41650390625,4320.41650390625,322676
2018-06-28,4289.10888671875,4351.723793651746,4289.10888671875,4320.416580149787,404115
2018-06-29,4226.494140625,4320.416253969069,4226.494140625,4289.108562901685,1024167
2018-07-02,4007.342529296875,4226.494210722566,4007.342529296875,4226.494210722566,637631
2018-07-03,3913.42041015625,4069.957188168176,3913.42041015625,4054.303822320865,441664
2018-07-04,4007.342529296875,4022.99637509019,3913.4204143950815,3991.688923468084,206326
2018-07-05,3913.42041015625,4022.99637073267,3913.42041015625,4007.342524956311,238287
2018-07-06,3929.074462890625,4007.342736036988,3913.4206162897226,3913.4206162897226,405810
2018-07-09,3929.074462890625,4007.342736036988,3913.4206162897226,3929.074462890625,285568
2018-07-10,4022.99658203125,4069.957401933265,3944.728068932152,3991.689128798704,197034
2018-07-11,3960.381591796875,4022.9964969375487,3929.07437919107,3976.035438064309,316555
2018-07-12,3976.035400390625,3991.689006545207,3944.727948116933,3944.727948116933,67813
2018-07-13,4101.26513671875,4101.26513671875,4022.99662282598,4022.99662282598,136033
2018-07-16,4101.26513671875,4132.572350304226,4038.650229618718,4101.26513671875,46276
2018-07-17,4038.650146484375,4069.9573594254025,4022.996540013861,4069.9573594254025,152391
2018-07-18,4101.26513671875,4101.26513671875,4022.99662282598,4022.99662282598,148404
2018-07-19,4054.303955078125,4101.265014015885,4038.650108789184,4069.957321438002,189060
2018-07-20,4273.45556640625,4320.41662713443,4054.3041096511024,4054.3041096511024,184758
2018-07-23,4320.41650390625,4351.723716855723,4195.18717217929,4195.18717217929,224662
2018-07-24,4257.8017578125,4367.377727140072,4226.494543688516,4367.377727140072,441633
2018-07-25,4242.14794921875,4273.455160084474,4226.494103821369,4273.455160084474,58645
2018-07-26,4226.494140625,4242.147986158691,4163.879238419274,4242.147986158691,95754
2018-07-27,4195.18701171875,4226.494223470761,4132.572108285676,4226.494223470761,78989
2018-07-30,4242.14794921875,4242.14794921875,4163.879202160884,4179.533047558264,48002
2018-07-31,4195.18701171875,4242.148069311293,4195.18701171875,4195.18701171875,173959
2018-08-01,4226.494140625,4257.801351763343,4163.879238419274,4226.494140625,303462
2018-08-02,4195.18701171875,4257.801435222774,4085.611050693133,4195.18701171875,480688
2018-08-03,4210.84033203125,4210.84033203125,4101.26485212127,4195.186966289279,320071
2018-08-06,4195.18701171875,4195.18701171875,4101.264896533664,4195.18701171875,130508
2018-08-07,4163.87939453125,4195.18708677242,4069.9572776658574,4195.18708677242,205323
2018-08-08,4101.26513671875,4179.533410646981,4101.26513671875,4179.533410646981,137572
2018-08-09,4116.91845703125,4163.879516843407,4101.265090379913,4101.265090379913,225667
2018-08-10,4007.342529296875,4116.918250027458,4007.342529296875,4116.918250027458,666484
2018-08-13,4085.611083984375,4163.879353966691,4022.996420005616,4069.95723801629,445714
2018-08-14,4085.611083984375,4148.225987927661,4022.996420005616,4148.225987927661,16325
2018-08-15,4038.650146484375,4085.611205860451,4038.650146484375,4085.611205860451,94875
2018-08-16,4022.99658203125,4054.304035263797,4007.3427354327087,4038.650188665255,112801
2018-08-17,4101.26513671875,4101.26513671875,4022.99662282598,4022.99662282598,124983
2018-08-20,3991.68896484375,4101.264926674662,3976.035358852703,4101.264926674662,399815
2018-08-21,4054.303955078125,4069.957321438002,4038.650108789184,4069.957321438002,160490
2018-08-22,4054.303955078125,4101.265014015885,4038.650108789184,4038.650108789184,191352
2018-08-23,4069.957275390625,4101.264967614293,4038.650063096016,4069.957275390625,176941
2018-08-24,4069.957275390625,4116.918333797068,4054.3039092078498,4101.264967614293,135405
2018-08-27,4054.303955078125,4069.957321438002,4038.650108789184,4069.957321438002,203721
2018-08-28,4054.303955078125,4069.957321438002,4038.650108789184,4069.957321438002,911835
2018-08-29,4069.957275390625,4069.957275390625,4038.650063096016,4038.650063096016,133867
2018-08-30,4069.957275390625,4069.957275390625,4022.996456948711,4054.3039092078498,117604
2018-08-31,4054.303955078125,4085.611167726943,4022.996502464775,4069.957321438002,240013
2018-09-04,4054.303955078125,4101.265014015885,4038.650108789184,4101.265014015885,213892
2018-09-05,4022.99658203125,4069.957401933265,3991.689128798704,4069.957401933265,121215
2018-09-06,4007.342529296875,4038.649980918981,4007.342529296875,4022.99637509019,74217
2018-09-07,4038.650146484375,4038.650146484375,3991.689087108299,4007.342693578813,143474
2018-09-10,4022.99658203125,4038.650188665255,3991.689128798704,4038.650188665255,88753
2018-09-11,4022.99658203125,4038.650188665255,4007.3427354327087,4038.650188665255,49604
2018-09-12,4085.611083984375,4101.26492995246,4038.650026009174,4038.650026009174,216970
2018-09-13,4069.957275390625,4085.611121502459,4038.650063096016,4069.957275390625,171384
2018-09-14,4069.957275390625,4085.611121502459,4038.650063096016,4085.611121502459,85801
2018-09-17,4038.650146484375,4069.9573594254025,4038.650146484375,4069.9573594254025,69979
2018-09-18,4210.84033203125,4226.494177702266,4022.996343659757,4038.6499493662495,387727
2018-09-19,4257.8017578125,4336.070033087002,4210.840696661981,4210.840696661981,749899
2018-09-20,4242.14794921875,4336.069581815923,4195.186892955645,4336.069581815923,211978
2018-09-21,4242.14794921875,4257.8013146870935,4226.494103821369,4226.494103821369,135593
2018-09-24,4273.45556640625,4289.108933362922,4226.49450567807,4257.801719520496,436892
2018-09-25,4257.8017578125,4289.108971936484,4242.148390715051,4257.8017578125,166016
2018-09-26,4351.7236328125,4351.7236328125,4242.148149641002,4273.455361985851,463390
2018-09-27,4320.41650390625,4367.377563294994,4289.108811027709,4367.377563294994,206484
2018-09-28,4336.06982421875,4336.06982421875,4289.108765330343,4320.416457875323,224724
2018-10-01,4257.8017578125,4336.070033087002,4257.8017578125,4336.070033087002,336459
2018-10-02,4163.87939453125,4273.455357517227,4163.87939453125,4273.455357517227,228303
2018-10-03,4195.18701171875,4226.494223470761,4163.879320037688,4195.18701171875,172107
2018-10-04,4163.87939453125,4226.494299084531,4132.572182219139,4195.18708677242,429451
2018-10-05,4445.64599609375,4445.64599609375,4163.879629591253,4163.879629591253,1201674
2018-10-08,4649.14404296875,4743.06616423798,4523.914227990388,4539.568074844954,1600673
2018-10-09,4570.875,4696.104807070805,4539.567788196824,4696.104807070805,557229
2018-10-10,4570.875,4617.836057669289,4461.29951872436,4508.260576393649,617507
2018-10-11,4257.8017578125,4445.646002414575,4257.8017578125,4445.646002414575,754358
2018-10-12,4351.7236328125,4351.7236328125,4148.226032677399,4163.879398885293,446373
2018-10-15,4242.14794921875,4351.723427213304,4226.494103821369,4351.723427213304,109505
2018-10-16,4242.14794921875,4304.762370950199,4210.840258423988,4304.762370950199,413125
2018-10-17,4257.8017578125,4445.646002414575,4257.8017578125,4383.031094237521,203187
2018-10-18,4273.45556640625,4320.41662713443,4242.148352563824,4320.41662713443,121843
2018-10-19,4273.45556640625,4273.45556640625,4226.49450567807,4257.801719520496,194868
2018-10-22,4210.84033203125,4257.801389115254,4210.84033203125,4242.148023373283,203251
2018-10-23,4116.91845703125,4226.494423235974,4085.611243799503,4226.494423235974,293354
2018-10-24,4101.26513671875,4132.572350304226,4101.26513671875,4101.26513671875,164477
2018-10-25,4054.303955078125,4085.611167726943,3976.035443527015,4085.611167726943,166329
2018-10-26,4054.303955078125,4163.879439313521,4038.650108789184,4132.572226664703,166298
2018-10-29,4038.650146484375,4226.494383988678,4038.650146484375,4226.494383988678,74059
2018-10-30,4069.957275390625,4132.572179908902,4054.3039092078498,4054.3039092078498,51142
2018-10-31,4226.494140625,4226.494140625,4069.9571250752056,4132.572027280931,164195
2018-11-01,4132.572265625,4210.840537949461,4116.91841918848,4210.840537949461,144792
2018-11-02,4148.22607421875,4195.187133170832,4132.572227925035,4195.187133170832,70229
2018-11-05,4132.572265625,4179.53332500549,4132.572265625,4148.226112061519,82850
2018-11-06,4132.572265625,4163.879478568971,4132.572265625,4163.879478568971,127526
2018-11-07,4132.572265625,4179.53332500549,4085.6112062445095,4132.572265625,163410
2018-11-08,4132.572265625,4148.226112061519,4101.265052681029,4148.226112061519,669372
2018-11-09,4132.572265625,4132.572265625,4116.91841918848,4132.572265625,64359
2018-11-12,4132.572265625,4163.879478568971,4116.91841918848,4132.572265625,110289
2018-11-13,4304.7626953125,4304.7626953125,4116.918456106086,4116.918456106086,153427
2018-11-14,4226.494140625,4508.260480657205,4226.494140625,4304.7624084353765,562409
2018-11-15,4242.14794921875,4320.416216347579,4210.840258423988,4320.416216347579,62821
2018-11-16,4210.84033203125,4273.45523478627,4210.84033203125,4257.801389115254,219921
2018-11-19,4257.8017578125,4257.8017578125,4195.187329564533,4226.494543688516,59429
2018-11-20,4226.494140625,4257.801351763343,4210.840295091308,4226.494140625,89789
2018-11-21,4257.8017578125,4257.8017578125,4210.840696661981,4210.840696661981,224567
2018-11-22,4226.494140625,4289.108562901685,4226.494140625,4242.147986158691,97355
2018-11-23,4210.84033203125,4257.801389115254,4210.84033203125,4226.494177702266,102284
2018-11-26,4226.494140625,4226.494140625,4195.186929486657,4210.840295091308,137289
2018-11-27,4210.84033203125,4242.148023373283,4195.186966289279,4226.494177702266,213768
2018-11-28,4195.18701171875,4226.494223470761,4195.18701171875,4195.18701171875,127934
2018-11-29,4195.18701171875,4257.801435222774,4195.18701171875,4257.801435222774,166675
2018-11-30,4195.18701171875,4257.801435222774,4195.18701171875,4210.84037763023,77262
2018-12-03,4257.8017578125,4289.108971936484,4210.840696661981,4289.108971936484,173895
2018-12-04,4242.14794921875,4257.8013146870935,4210.840258423988,4257.8013146870935,62821
2018-12-05,4226.494140625,4242.147986158691,4210.840295091308,4242.147986158691,110007
2018-12-06,4226.494140625,4226.494140625,4195.186929486657,4210.840295091308,90857
2018-12-07,4210.84033203125,4289.108600528241,4210.84033203125,4273.45523478627,23985
2018-12-10,4210.84033203125,4257.801389115254,4210.84033203125,4257.801389115254,113805
2018-12-11,4195.18701171875,4226.494223470761,4195.18701171875,4210.84037763023,77325
2018-12-12,4257.8017578125,4273.455604839035,4226.494543688516,4226.494543688516,156440
2018-12-13,4445.64599609375,4445.64599609375,4273.45559876303,4273.45559876303,826159
2018-12-14,4429.99169921875,4476.952755533551,4383.030642903949,4445.645544633363,188243
2018-12-17,4320.41650390625,4414.3386226837365,4304.762657466979,4414.3386226837365,315205
2018-12-18,4273.45556640625,4289.108933362922,4195.187291835643,4257.801719520496,252447
2018-12-19,4273.45556640625,4304.762780248676,4226.49450567807,4304.762780248676,23985
2018-12-20,4273.45556640625,4273.45556640625,4226.49450567807,4273.45556640625,113932
2018-12-21,4257.8017578125,4273.455604839035,4226.494543688516,4273.455604839035,49069
2018-12-24,4226.494140625,4304.7624084353765,4226.494140625,4304.7624084353765,39369
2018-12-25,4195.18701171875,4226.494223470761,4132.572108285676,4226.494223470761,176753
2018-12-26,4226.494140625,4226.494140625,4179.533083952966,4195.186929486657,93870
2018-12-27,4226.494140625,4304.7624084353765,4226.494140625,4304.7624084353765,28067
2018-12-28,4226.494140625,4242.147986158691,4210.840295091308,4226.494140625,57514
2019-01-02,4195.18701171875,4242.148069311293,4195.18701171875,4242.148069311293,49571
2019-01-03,4132.572265625,4210.840537949461,4132.572265625,4195.1871714420095,95911
2019-01-04,4069.957275390625,4101.264967614293,3913.42049402399,4101.264967614293,432874
2019-01-07,4069.957275390625,4132.572179908902,4069.957275390625,4069.957275390625,127588
2019-01-08,4148.22607421875,4148.22607421875,4069.957322679238,4069.957322679238,51707
2019-01-09,4085.611083984375,4085.611083984375,4054.303871977259,4069.95723801629,234897
2019-01-10,4085.611083984375,4085.611083984375,4038.650026009174,4069.95723801629,69728
2019-01-11,4054.303955078125,4101.265014015885,4038.650108789184,4069.957321438002,164446
2019-01-14,4007.342529296875,4038.649980918981,4007.342529296875,4038.649980918981,141590
2019-01-15,4069.957275390625,4085.611121502459,4007.342610836877,4007.342610836877,115973
2019-01-16,4069.957275390625,4069.957275390625,4038.650063096016,4069.957275390625,159360
2019-01-17,4038.650146484375,4069.9573594254025,4022.996540013861,4054.303992919423,175654
2019-01-18,4054.303955078125,4054.303955078125,4007.342656175833,4038.650108789184,119645
2019-01-21,3991.68896484375,4132.572138656757,3991.68896484375,4132.572138656757,179766
2019-01-22,4007.342529296875,4085.611038369877,4007.342529296875,4085.611038369877,107464
2019-01-23,4038.650146484375,4038.650146484375,4007.342693578813,4038.650146484375,66588
2019-01-24,4007.342529296875,4038.649980918981,4007.342529296875,4038.649980918981,53465
2019-01-25,3976.035400390625,4007.342612699788,3976.035400390625,4007.342612699788,68565
2019-01-28,3991.68896484375,4069.9572347635135,3991.68896484375,4069.9572347635135,34219
2019-01-29,3991.68896484375,4007.342570834797,3976.035358852703,3991.68896484375,35601
2019-01-30,4163.87939453125,4257.801511396642,3991.6890069210494,4007.342613077106,127934
2019-01-31,4054.303955078125,4101.265014015885,4038.650108789184,4069.957321438002,85707
2019-02-01,4038.650146484375,4069.9573594254025,4038.650146484375,4069.9573594254025,127275
2019-02-11,4069.957275390625,4085.611121502459,4038.650063096016,4069.957275390625,221176
2019-02-12,4132.572265625,4226.49438438598,4038.65014686402,4038.65014686402,1348037
2019-02-13,4210.84033203125,4242.148023373283,4132.572063534259,4132.572063534259,423611
2019-02-14,4367.37744140625,4367.37744140625,4210.840421169527,4210.840421169527,908414
2019-02-15,4289.10888671875,4351.723793651746,4257.801673216791,4351.723793651746,377146
2019-02-18,4226.494140625,4289.108562901685,4226.494140625,4289.108562901685,718504
2019-02-19,4163.87939453125,4257.801511396642,4163.87939453125,4257.801511396642,416925
2019-02-20,4195.18701171875,4289.108646974785,4163.879320037688,4226.494223470761,882042
2019-02-21,4242.14794921875,4273.455160084474,4195.186892955645,4195.186892955645,1020368
2019-02-22,4195.18701171875,4273.455281063305,4195.18701171875,4273.455281063305,947783
2019-02-25,4163.87939453125,4226.494299084531,4148.226028339724,4226.494299084531,483889
2019-02-26,4116.91845703125,4163.879516843407,4085.611243799503,4163.879516843407,376394
2019-02-27,4116.91845703125,4163.879516843407,4085.611243799503,4116.91845703125,153427
2019-02-28,4038.650146484375,4163.879478177554,4007.342693578813,4116.918418801478,666766
2019-03-01,4069.957275390625,4116.918333797068,4022.996456948711,4038.650063096016,475571
2019-03-04,4132.572265625,4163.879478568971,4069.95735980799,4101.265052681029,850332
2019-03-05,4148.22607421875,4226.494345829197,4101.265015266669,4132.572227925035,1492077
2019-03-06,4210.84033203125,4257.801389115254,4163.879274947246,4195.186966289279,1362385
2019-03-07,4116.91845703125,4226.494423235974,4116.91845703125,4210.840576655563,695398
2019-03-08,4226.494140625,4351.723465107411,4116.91818174724,4116.91818174724,1076156
2019-03-11,4367.37744140625,4445.645711560084,4226.494267171916,4242.148113174305,2783008
2019-03-12,4383.03076171875,4492.606722733339,4351.723549969889,4367.377395808845,1567205
2019-03-13,4476.953125,4539.568031896791,4351.723791135495,4351.723791135495,1610719
2019-03-14,4429.99169921875,4539.567657262964,4429.99169921875,4445.645544633363,1051417
2019-03-15,4383.03076171875,4445.645665145522,4320.416338221028,4445.645665145522,1181895
2019-03-18,4429.99169921875,4445.645544633363,4320.416221103574,4383.030642903949,843237
2019-03-19,4476.953125,4555.221878603258,4445.645911516143,4461.29975822261,2159190
2019-03-20,4445.64599609375,4508.260904181778,4414.338782014279,4476.953210173221,1379417
2019-03-21,4383.03076171875,4508.260568572295,4383.03076171875,4445.645665145522,1073394
2019-03-22,4304.7626953125,4445.645874717311,4304.7626953125,4383.030968338815,991421
2019-03-25,4273.45556640625,4289.108933362922,4195.187291835643,4289.108933362922,499211
2019-03-26,4257.8017578125,4304.762818963019,4163.879635511462,4242.148390715051,467282
2019-03-27,4210.84033203125,4289.108600528241,4195.186966289279,4289.108600528241,953842
2019-03-28,4210.84033203125,4242.148023373283,4148.225909205275,4195.186966289279,787009
2019-03-29,4226.494140625,4289.108562901685,4226.494140625,4242.147986158691,711786
2019-04-01,4242.14794921875,4320.416216347579,4226.494103821369,4242.14794921875,696341
2019-04-02,4226.494140625,4289.108562901685,4226.494140625,4273.455197297034,565454
2019-04-03,4226.494140625,4242.147986158691,4210.840295091308,4226.494140625,253765
2019-04-04,4257.8017578125,4304.762818963019,4210.840696661981,4210.840696661981,1241263
2019-04-05,4257.8017578125,4383.031094237521,4257.8017578125,4304.762818963019,1817047
2019-04-08,4367.37744140625,4445.645711560084,4336.069749401472,4351.7235954038615,1318055
2019-04-09,4429.99169921875,4492.606600948163,4336.069586589149,4336.069586589149,5392372
2019-04-10,4351.7236328125,4461.299595913058,4336.069786675546,4429.99190363915,888917
2019-04-11,4336.06982421875,4383.030883107157,4273.455398986916,4320.416457875323,815578
2019-04-12,4273.45556640625,4320.41662713443,4257.801719520496,4304.762780248676,1491607
2019-04-16,4226.494140625,4273.455197297034,4148.225872814624,4273.455197297034,1174204
2019-04-17,4148.22607421875,4226.494345829197,4132.572227925035,4226.494345829197,1013901
2019-04-18,4226.494140625,4289.108562901685,4116.91818174724,4148.225872814624,1976157
2019-04-19,4242.14794921875,4257.8013146870935,4179.533047558264,4226.494103821369,247548
2019-04-22,4148.22607421875,4242.148192122913,4132.572227925035,4242.148192122913,529852
2019-04-23,4210.84033203125,4226.494177702266,4132.572063534259,4148.225909205275,1088683
2019-04-24,4226.494140625,4226.494140625,4163.879238419274,4163.879238419274,424804
2019-04-25,4195.18701171875,4226.494223470761,4179.533165878219,4226.494223470761,462385
2019-04-26,4242.14794921875,4242.14794921875,4163.879202160884,4179.533047558264,802298
2019-05-02,4210.84033203125,4242.148023373283,4132.572063534259,4132.572063534259,374164
2019-05-03,4179.533203125,4210.840415156013,4163.879357144966,4210.840415156013,292475
2019-05-06,4038.650146484375,4179.533324612602,4038.650146484375,4163.879478177554,707235
2019-05-07,4085.611083984375,4116.918295991491,4069.95723801629,4101.26492995246,409076
2019-05-08,4101.26513671875,4116.918503546949,4054.304076375996,4069.9574432041945,343617
2019-05-09,4069.957275390625,4195.18708442718,4038.650063096016,4195.18708442718,488757
2019-05-10,4069.957275390625,4148.226026020737,4054.3039092078498,4148.226026020737,314609
2019-05-13,4101.26513671875,4132.572350304226,4069.9574432041945,4132.572350304226,203125
2019-05-14,4069.957275390625,4101.264967614293,4054.3039092078498,4069.957275390625,520026
2019-05-15,4116.91845703125,4163.879516843407,4085.611243799503,4148.22615019207,145640
2019-05-16,4226.494140625,4257.801351763343,4132.572027280931,4163.879238419274,934220
2019-05-17,4195.18701171875,4242.148069311293,4179.533165878219,4242.148069311293,233013
2019-05-20,4195.18701171875,4195.18701171875,4163.879320037688,4179.533165878219,240045
2019-05-21,4242.14794921875,4242.14794921875,4163.879202160884,4195.186892955645,756147
2019-05-22,4320.41650390625,4351.723716855723,4257.801598078236,4257.801598078236,1840845
2019-05-23,4304.7626953125,4336.069908537212,4289.108848735608,4336.069908537212,1140925
2019-05-24,4304.7626953125,4351.723755114104,4257.801635510897,4320.416541889393,1037102
2019-05-27,4257.8017578125,4320.416665989554,4257.8017578125,4320.416665989554,273512
2019-05-28,4320.41650390625,4320.41650390625,4257.801598078236,4304.762657466979,425903
2019-05-29,4336.06982421875,4367.3775167637305,4304.762611602833,4320.416457875323,927690
2019-05-30,4320.41650390625,4367.377563294994,4320.41650390625,4367.377563294994,1870765
2019-05-31,4320.41650390625,4367.377563294994,4320.41650390625,4367.377563294994,600743
2019-06-03,4320.41650390625,4336.069870416452,4289.108811027709,4320.41650390625,3543018
2019-06-04,3803.8447265625,3882.113236312416,3788.191120598328,3788.191120598328,541720
2019-06-05,3803.8447265625,3835.152178455372,3803.8447265625,3835.152178455372,94591
2019-06-06,3882.11328125,3897.766887395372,3803.844770594083,3819.498376739455,681773
2019-06-07,3897.766845703125,3897.766845703125,3882.1132397251913,3897.766845703125,176502
2019-06-10,3882.11328125,3897.766887395372,3835.152222849355,3897.766887395372,257595
2019-06-11,3882.11328125,3882.11328125,3835.152222849355,3882.11328125,532018
2019-06-12,3788.191162109375,3882.113278852664,3788.191162109375,3882.113278852664,740827
2019-06-13,3756.8837890625,3819.498454889666,3741.2301825968425,3788.191241958352,409045
2019-06-14,3725.576416015625,3819.498290737589,3725.576416015625,3756.883627601438,579738
2019-06-17,3725.576416015625,3756.883627601438,3694.268964465288,3756.883627601438,398903
2019-06-18,3725.576416015625,3788.191079151776,3725.576416015625,3725.576416015625,469228
2019-06-19,3788.191162109375,3819.498374380785,3741.2301037377306,3756.883709873436,1046740
2019-06-20,3725.576416015625,3819.498290737589,3709.922570258194,3788.191079151776,492052
2019-06-21,3772.537353515625,3772.537353515625,3725.5765346416265,3756.883747224292,281266
2019-06-24,3819.498291015625,3882.1131941208578,3725.576416286824,3788.1910794275327,1666382
2019-06-25,3741.230224609375,3819.498497781121,3741.230224609375,3819.498497781121,340509
2019-06-26,3756.8837890625,3756.8837890625,3741.2301825968425,3741.2301825968425,457801
2019-06-27,3709.922607421875,3756.883665235546,3694.26900147216,3756.883665235546,469951
2019-06-28,3709.922607421875,3756.883665235546,3694.26900147216,3709.922607421875,215494
2019-07-01,3756.8837890625,3803.844848424008,3725.576576131185,3725.576576131185,249496
2019-07-02,3741.230224609375,3756.883831250817,3741.230224609375,3756.883831250817,156094
2019-07-03,3709.922607421875,3756.883665235546,3694.26900147216,3741.230059285831,544012
2019-07-04,3725.576416015625,3741.230021808532,3678.615358672381,3741.230021808532,1371678
2019-07-05,3725.576416015625,3741.230021808532,3709.922570258194,3741.230021808532,341922
2019-07-08,3725.576416015625,3756.883627601438,3662.9615129149497,3709.922570258194,199954
2019-07-09,3756.8837890625,3756.8837890625,3678.615516769677,3725.576576131185,400913
2019-07-10,4007.342529296875,4007.342529296875,3694.268972933916,3756.883636213603,3466949
2019-07-11,4007.342529296875,4179.533153271669,4007.342529296875,4054.303826712296,1089751
2019-07-12,4069.957275390625,4132.572179908902,4007.342610836877,4007.342610836877,628275
2019-07-15,4132.572265625,4210.840537949461,4038.65014686402,4038.65014686402,1470007
2019-07-16,4148.22607421875,4210.840499535482,4007.3426573979737,4195.187133170832,1038200
2019-07-17,4085.611083984375,4148.225987927661,4085.611083984375,4132.572141959576,515850
2019-07-18,4069.957275390625,4116.918333797068,3991.689004689573,4085.611121502459,765911
2019-07-19,4069.957275390625,4116.918333797068,4007.342610836877,4069.957275390625,484581
2019-07-22,4069.957275390625,4069.957275390625,4007.342610836877,4069.957275390625,344245
2019-07-23,4179.533203125,4195.187049105033,3976.0353650653087,4054.303875071895,1614990
2019-07-24,4289.10888671875,4304.762733434269,4132.572339279876,4163.879552781836,2365330
2019-07-25,4289.10888671875,4304.762733434269,4257.801673216791,4289.10888671875,369236
2019-07-26,4257.8017578125,4320.416665989554,4242.148390715051,4304.762818963019,1215425
2019-07-29,4257.8017578125,4257.8017578125,4195.187329564533,4226.494543688516,479683
2019-07-30,4163.87939453125,4273.455357517227,4163.87939453125,4242.148145205116,1500868
2019-07-31,4085.611083984375,4195.187045902862,4085.611083984375,4085.611083984375,511517
2019-08-01,4101.26513671875,4132.572350304226,4069.9574432041945,4085.611289961472,474535
2019-08-02,4179.533203125,4304.762531178105,4069.9572411228737,4069.9572411228737,1579042
2019-08-05,4257.8017578125,4320.416665989554,4195.187329564533,4226.494543688516,890518
2019-08-06,4242.14794921875,4289.108525552818,4148.22583669254,4226.494103821369,668775
2019-08-07,4414.33837890625,4508.260492496981,4242.147997299592,4273.455208520155,2899014
2019-08-08,4711.75830078125,4711.75830078125,4445.645793415194,4508.260698648587,9199958
2019-08-09,4633.490234375,4883.9493864707965,4633.490234375,4743.066203403615,2062619
2019-08-12,4821.33447265625,4821.33447265625,4523.914259896366,4633.490228792973,1203056
2019-08-13,4727.412109375,4758.7193217775175,4633.489992238388,4743.065955540789,1493993
2019-08-14,4602.1826171875,4790.026844822014,4570.8749259623855,4727.411942300828,1493616
2019-08-15,4711.75830078125,4711.75830078125,4429.99194712458,4539.567911300751,1673509
2019-08-16,4727.412109375,4790.027014109095,4586.528933670082,4696.1048969724825,2745900
2019-08-19,4664.79736328125,4743.066116842896,4633.490149814038,4727.412270144751,370240
2019-08-20,4727.412109375,4868.295285079918,4711.758263209211,4711.758263209211,4279986
2019-08-21,4805.68017578125,4805.68017578125,4711.758062642644,4758.719119211947,2440583
2019-08-22,4790.02685546875,4852.641278200064,4774.373009821399,4852.641278200064,539741
2019-08-23,4821.33447265625,4836.988319621218,4743.066197689579,4790.027258655398,2088112
2019-08-26,4790.02685546875,4930.90954657873,4790.02685546875,4805.680221187056,1372525
2019-08-27,4790.02685546875,4852.641278200064,4680.450895795382,4790.02685546875,1740758
2019-08-28,4664.79736328125,4852.641603942678,4664.79736328125,4790.027177008253,651225
2019-08-29,4696.10498046875,4711.758346983794,4570.875168773987,4633.490074621369,1854282
2019-08-30,4977.87060546875,4993.524451122004,4696.104743213499,4696.104743213499,7044157
2019-09-03,4915.25634765625,5134.407794510693,4790.0270180150055,4993.524618690895,2733122
2019-09-04,4915.25634765625,4915.25634765625,4758.7193256578985,4852.641442871098,2749008
2019-09-05,4774.373046875,4977.870642224671,4774.373046875,4977.870642224671,757968
2019-09-06,4836.98828125,4883.949341843283,4727.412313222646,4727.412313222646,958300
2019-09-09,4758.71923828125,4899.602411514239,4711.758180536921,4836.9879878078345,947375
2019-09-10,4492.60693359375,4821.334352137281,4445.645873801817,4711.758385979746,3203577
2019-09-11,4555.2216796875,4570.875045781345,4461.299563408209,4461.299563408209,988408
2019-09-12,4727.412109375,4758.7193217775175,4555.221721267565,4570.875087504293,1366843
2019-09-13,4633.490234375,4774.373417442182,4602.1830203364325,4743.066203403615,1113580
2019-09-16,4696.10498046875,4696.10498046875,4539.56795581483,4633.490074621369,793633
2019-09-17,4586.52880859375,4696.104768907974,4570.874962854847,4696.104768907974,539805
2019-09-18,4696.10498046875,4758.719406387063,4586.5290152181,4586.5290152181,593144
2019-09-19,4602.1826171875,4696.104731004757,4602.1826171875,4696.104731004757,122502
2019-09-20,4617.8359375,4680.450839405984,4570.874881052771,4680.450839405984,963198
2019-09-23,4602.1826171875,4680.4508853922,4602.1826171875,4617.835982871014,359754
2019-09-24,4555.2216796875,4617.836103920989,4555.2216796875,4602.1827378271455,484832
2019-09-25,4508.2607421875,4617.836227492841,4508.2607421875,4617.836227492841,779694
2019-09-26,4383.03076171875,4508.260568572295,4351.723549969889,4508.260568572295,2722417
2019-09-27,4461.2998046875,4461.2998046875,4320.416622649216,4351.72383645914,812061
2019-09-30,4664.79736328125,4664.79736328125,4367.377635520041,4383.031002289108,809582
2019-10-01,4445.64599609375,4664.797454508219,4445.64599609375,4664.797454508219,235085
2019-10-02,4383.03076171875,4445.645665145522,4367.377395808845,4445.645665145522,798531
2019-10-03,4508.2607421875,4508.2607421875,4336.069871114989,4336.069871114989,460626
2019-10-04,4461.2998046875,4508.260865366929,4461.2998046875,4508.260865366929,262555
2019-10-07,4367.37744140625,4461.299557562473,4351.7235954038615,4461.299557562473,381102
2019-10-08,4414.33837890625,4414.33837890625,4336.06963096128,4383.030687756645,270498
2019-10-09,4367.37744140625,4445.645711560084,4367.37744140625,4414.338499484362,66651
2019-10-10,4414.33837890625,4414.33837890625,4351.723476536083,4367.377322110885,123601
2019-10-11,4429.99169921875,4445.645544633363,4383.030642903949,4414.338333733175,153270
2019-10-14,4539.56787109375,4586.528929620594,4429.991907888095,4429.991907888095,811874
2019-10-15,4508.2607421875,4555.221801583809,4476.953049303916,4539.567955142016,232259
2019-10-16,4492.60693359375,4539.567993385683,4492.60693359375,4539.567993385683,106679
2019-10-17,4414.33837890625,4508.260492496981,4383.030687756645,4414.33837890625,193926
2019-10-18,4398.6845703125,4445.64562750268,4367.377358828728,4445.64562750268,185575
2019-10-21,4398.6845703125,4508.260530399271,4383.030724606091,4383.030724606091,148560
2019-10-22,4398.6845703125,4523.913896176633,4383.030724606091,4398.6845703125,1620577
2019-10-23,4476.953125,4476.953125,4367.3776378419625,4367.3776378419625,400474
2019-10-24,4429.99169921875,4508.260446362776,4414.338333733175,4445.645544633363,279697
2019-10-25,4445.64599609375,4445.64599609375,4414.338782014279,4429.992149089471,792472
2019-10-28,4476.953125,4492.6069717064665,4429.992064809676,4445.645911516143,1163874
2019-10-29,4476.953125,4539.568031896791,4445.645911516143,4492.6069717064665,803712
2019-10-30,4320.41650390625,4429.991989193939,4320.41650390625,4414.3386226837365,644664
2019-10-31,4195.18701171875,4320.416338655848,4069.957204852602,4289.108646974785,1200544
2019-11-01,4132.572265625,4226.49438438598,4085.6112062445095,4195.1871714420095,642246
2019-11-04,4069.957275390625,4163.879392203512,4054.3039092078498,4132.572179908902,1210747
2019-11-05,4101.26513671875,4101.26513671875,4038.650229618718,4069.9574432041945,1013273
2019-11-06,4038.650146484375,4179.533324612602,4038.650146484375,4163.879478177554,690344
2019-11-07,4038.650146484375,4069.9573594254025,3976.0354806377854,4069.9573594254025,222840
2019-11-08,3991.68896484375,4054.303868736993,3976.035358852703,4054.303868736993,228523
2019-11-11,3897.766845703125,3991.688961499781,3882.1132397251913,3976.035355521848,832815
2019-11-12,3976.035400390625,4007.342612699788,3835.152225105802,3882.113283534076,501879
2019-11-13,3944.72802734375,4038.650146086652,3944.72802734375,4038.650146086652,201838
2019-11-14,3991.68896484375,4038.650022781419,3960.381512897128,4007.342570834797,162060
2019-11-15,3960.381591796875,3991.689044367212,3960.381591796875,3991.689044367212,90919
2019-11-18,3913.42041015625,4007.342524956311,3913.42041015625,3960.38146755628,190253
2019-11-19,3913.42041015625,3960.38146755628,3882.11319853258,3913.42041015625,337746
2019-11-20,3913.42041015625,3913.42041015625,3850.8057469443847,3913.42041015625,382924
2019-11-21,4007.342529296875,4007.342529296875,3882.1132027375015,3882.1132027375015,131701
2019-11-22,3882.11328125,4007.342610342033,3882.11328125,3929.074339650645,294390
2019-11-25,4069.957275390625,4069.957275390625,3819.498377211103,3897.766887876685,216248
2019-11-26,3944.72802734375,4007.342693184173,3913.420574441271,4007.342693184173,192639
2019-11-27,3929.074462890625,3960.381676163355,3929.074462890625,3960.381676163355,92552
2019-11-28,3913.42041015625,3944.727861744445,3913.42041015625,3929.0742559326095,89568
2019-11-29,3944.72802734375,3960.381633812722,3866.45951506982,3913.420574441271,218476
2019-12-02,3882.11328125,3944.727945796016,3866.459435140099,3944.727945796016,734956
2019-12-03,3819.498291015625,3913.420405708952,3725.576416286824,3882.1131941208578,479274
2019-12-04,3850.805908203125,4069.957358604239,3709.9227301033225,3819.49845530388,1384424
2019-12-05,3756.8837890625,3897.766967147024,3725.576576131185,3897.766967147024,657850
2019-12-06,3756.8837890625,3803.844848424008,3756.8837890625,3756.8837890625,370617
2019-12-09,3819.498291015625,3866.459348362288,3741.2300220808697,3788.1910794275327,1166543
2019-12-10,3788.191162109375,3866.4594327524296,3756.883709873436,3866.4594327524296,44925
2019-12-11,3803.8447265625,3835.152178455372,3788.191120598328,3835.152178455372,269525
2019-12-12,3803.8447265625,3850.8057844195446,3788.191120598328,3803.8447265625,239574
2019-12-13,3788.191162109375,3850.805826616725,3772.537316009141,3803.84476824508,365688
2019-12-16,3819.498291015625,3866.459348362288,3788.1910794275327,3788.1910794275327,288707
2019-12-17,3803.8447265625,3819.4983325266726,3756.883668705456,3819.4983325266726,330149
2019-12-18,3803.8447265625,3803.8447265625,3725.5764567771103,3788.191120598328,600272
2019-12-19,3756.8837890625,3819.498454889666,3647.3080638738265,3756.8837890625,915006
2019-12-20,3741.230224609375,3756.883831250817,3662.9617114730927,3741.230224609375,126081
2019-12-23,3709.922607421875,3741.230059285831,3647.3079436584894,3694.26900147216,459936
2019-12-24,3584.693359375,3678.615477084784,3584.693359375,3678.615477084784,495946
2019-12-25,3631.654296875,3662.961508422416,3584.6932395893527,3584.6932395893527,182686
2019-12-26,3662.961669921875,3662.961669921875,3631.654456994128,3631.654456994128,81971
2019-12-27,3662.961669921875,3662.961669921875,3631.654456994128,3662.961669921875,86335
2019-12-30,3694.26904296875,3741.23010130992,3662.961590753127,3662.961590753127,266197
2019-12-31,3709.922607421875,3741.230059285831,3694.26900147216,3694.26900147216,178982
2020-01-02,3725.576416015625,3741.230021808532,3709.922570258194,3725.576416015625,116255
2020-01-03,3600.346923828125,3756.883704870299,3584.693317713266,3756.883704870299,880158
2020-01-06,3584.693359375,3662.961630823466,3584.693359375,3600.346965671787,171698
2020-01-07,3459.4638671875,3600.347046931922,3443.81026053741,3584.693440281832,1139386
2020-01-08,3522.078369140625,3522.078369140625,3443.8100995836708,3443.8100995836708,495318
2020-01-09,3537.732177734375,3569.039389241355,3522.078332016362,3537.732177734375,117009
2020-01-10,3537.732177734375,3569.039389241355,3537.732177734375,3537.732177734375,468664
2020-01-13,3537.732177734375,3616.000446466348,3506.4247262628724,3616.000446466348,390239
2020-01-14,3553.385986328125,3600.3470462338264,3537.73237968107,3600.3470462338264,198101
2020-01-15,3553.385986328125,3569.03959297518,3522.078533069478,3553.385986328125,380318
2020-01-16,3553.385986328125,3616.000652880881,3537.73237968107,3553.385986328125,391934
2020-01-17,3584.693359375,3584.693359375,3553.3859068168945,3569.0395131136816,244189
2020-01-20,3600.346923828125,3600.346923828125,3537.732259404161,3569.0394716338783,1679191
2020-01-21,3584.693359375,3631.654418229892,3553.3859068168945,3616.0005719685737,181086
2020-01-22,3600.346923828125,3631.6543760223713,3553.38586551902,3553.38586551902,205543
2020-01-30,3537.732177734375,3584.693234959368,3475.1172747913693,3553.385783487865,2022025
2020-01-31,3412.502685546875,3522.078408117954,3302.9269629757955,3522.078408117954,355986
2020-02-03,3224.658447265625,3381.1954677825383,3177.6973891034568,3381.1954677825383,282240
2020-02-04,3224.658447265625,3381.1954677825383,3068.12166671324,3224.658447265625,1184030
2020-02-05,3224.658447265625,3224.658447265625,3090.0369071770947,3224.658447265625,628747
2020-02-06,3224.658447265625,3224.658447265625,3099.429118809528,3224.658447265625,494000
2020-02-07,3271.61962890625,3287.2734755274705,3130.7364491024896,3224.658568971663,211758
2020-02-10,3287.2734375,3334.234496891337,3224.658531668528,3240.312378108663,293982
2020-02-11,3287.2734375,3349.888103366938,3271.6195910598644,3318.5806504512016,362265
2020-02-12,3381.195556640625,3381.195556640625,3287.273437848008,3287.273437848008,155593
2020-02-13,3381.195556640625,3412.502769595141,3349.8881037215747,3381.195556640625,229654
2020-02-14,3396.84912109375,3428.15657362548,3381.1955148101506,3381.1955148101506,161777
2020-02-17,3443.81005859375,3459.4636643259187,3381.195395700552,3412.502607164889,333257
2020-02-18,3522.078369140625,3569.0394268606083,3443.8100995836708,3443.8100995836708,171228
2020-02-19,3537.732177734375,3553.385783487865,3475.1172747913693,3537.732177734375,151135
2020-02-20,3553.385986328125,3569.03959297518,3522.078533069478,3553.385986328125,89349
2020-02-21,3537.732177734375,3584.693234959368,3506.4247262628724,3537.732177734375,290937
2020-02-24,3381.195556640625,3506.424888387759,3349.8881037215747,3506.424888387759,460564
2020-02-25,3443.81005859375,3443.81005859375,3287.273281378493,3349.887944271691,343335
2020-02-26,3349.887939453125,3475.1172650593885,3318.5804880692976,3365.5415451627773,249652
2020-02-27,3271.61962890625,3428.1566553312314,3271.61962890625,3365.541748775424,704377
2020-02-28,3349.887939453125,3349.887939453125,3209.0047681726865,3271.6194309758184,290968
2020-03-02,3349.887939453125,3381.1953908369524,3255.965825266166,3318.5804880692976,366818
2020-03-03,3255.9658203125,3365.5415400424013,3255.9658203125,3349.887934356565,910956
2020-03-04,3287.2734375,3334.234496891337,3255.965984584264,3255.965984584264,52617
2020-03-05,3318.58056640625,3349.888018529107,3287.2733542479214,3287.2733542479214,253199
2020-03-06,3287.2734375,3318.5806504512016,3287.2734375,3318.5806504512016,262429
2020-03-09,3130.736328125,3271.619502484772,3102.5599332175734,3271.619502484772,446812
2020-03-10,3177.697509765625,3209.0049630507065,3071.252600532515,3099.429236499728,260829
2020-03-11,3146.39013671875,3224.6584060113632,3121.344079376332,3177.6973484499854,648871
2020-03-12,2974.199462890625,3130.7362388378388,2974.199462890625,3130.7362388378388,357808
2020-03-13,2880.277587890625,2974.1997092310303,2767.57128224668,2974.1997092310303,945428
2020-03-16,2817.662841796875,2911.584960519891,2817.662841796875,2817.662841796875,273984
2020-03-17,2848.97021484375,2848.97021484375,2755.048098753118,2817.662762825364,211225
2020-03-18,2877.14697265625,2911.585003373379,2820.793700593018,2820.793700593018,155750
2020-03-19,2773.83251953125,2877.1468471400644,2755.048096329648,2877.1468471400644,313478
2020-03-20,2773.83251953125,2880.27742436398,2755.048096329648,2880.27742436398,174931
2020-03-23,2582.857421875,2795.7474675113867,2579.726844709811,2773.832467496972,610789
2020-03-24,2723.74072265625,2755.0481755473,2482.674031292315,2482.674031292315,533839
2020-03-25,2845.83935546875,2848.970172613539,2739.394452120216,2848.970172613539,1542309
2020-03-26,2755.048095703125,2845.8393945020484,2755.048095703125,2845.8393945020484,317402
2020-03-27,2723.74072265625,2817.662841364865,2692.4335097297344,2817.662841364865,223626
2020-03-30,2629.818603515625,2692.433509287439,2598.511390594252,2692.433509287439,124417
2020-03-31,2645.472412109375,2755.048135696265,2629.818565908012,2629.818565908012,258757
2020-04-01,2786.35546875,2786.35546875,2664.25695087562,2664.25695087562,564449
2020-04-03,2955.4150390625,2955.4150390625,2755.048023517204,2755.048023517204,575627
2020-04-06,3083.775634765625,3099.4292414509027,2955.4152440669177,2955.4152440669177,357431
2020-04-07,3064.9912109375,3177.697515028474,3024.291545595942,3177.697515028474,751155
2020-04-08,3018.030029296875,3036.814452549171,2971.068971166134,3036.814452549171,632890
2020-04-09,3005.507080078125,3068.1217459226914,2980.461261733205,3068.1217459226914,408102
2020-04-10,3115.082763671875,3130.736369932711,3008.637857154939,3021.160646177795,746886
2020-04-13,3115.082763671875,3130.736369932711,3068.121704924836,3130.736369932711,230626
2020-04-14,3105.6904296875,3121.344035332236,3102.5598525372657,3115.0826410672457,265569
2020-04-15,3177.697509765625,3193.3513563904344,3105.690631170929,3105.690631170929,273858
2020-04-16,3193.351318359375,3224.658531307068,3130.736412534921,3130.736412534921,332566
2020-04-17,3255.9658203125,3255.9658203125,3193.351157604631,3193.351157604631,149440
2020-04-20,3271.61962890625,3302.9270821841537,3177.6975090370765,3255.966022249567,309930
2020-04-21,3124.474853515625,3255.965812877037,3121.3440363997984,3255.965812877037,697690
2020-04-22,3240.312255859375,3240.312255859375,3124.4749004095,3130.736294770606,622593
2020-04-23,3318.58056640625,3349.888018529107,3224.658450002207,3224.658450002207,346914
2020-04-24,3287.2734375,3318.5806504512016,3255.965984584264,3287.2734375,158732
2020-04-27,3287.2734375,3334.234496891337,3255.965984584264,3318.5806504512016,202088
2020-04-28,3287.2734375,3334.234496891337,3224.658531668528,3334.234496891337,179704
2020-04-29,3349.887939453125,3443.810053640084,3287.273276649993,3318.5804880692976,365562
2020-05-04,3318.58056640625,3381.195470651964,3287.2733542479214,3318.58056640625,75190
2020-05-05,3255.9658203125,3334.234328670728,3240.312214626664,3287.273271648696,180646
2020-05-06,3287.2734375,3334.234496891337,3240.312378108663,3255.965984584264,296682
2020-05-07,3349.887939453125,3349.887939453125,3287.273276649993,3349.887939453125,205008
2020-05-08,3381.195556640625,3412.502769595141,3302.927044325266,3349.8881037215747,313101
2020-05-11,3396.84912109375,3443.81017990908,3349.88806227842,3412.5027273773494,432998
2020-05-12,3396.84912109375,3428.15657362548,3365.54166856202,3396.84912109375,284658
2020-05-13,3522.078369140625,3537.732215023637,3396.8490418636875,3396.8490418636875,830459
2020-05-14,3475.117431640625,3537.732337409752,3443.810218720596,3443.810218720596,176941
2020-05-15,3459.4638671875,3506.424927102308,3443.81026053741,3475.11747383759,181274
2020-05-18,3475.117431640625,3490.7712780651736,3428.1566122605814,3459.4638251806105,121655
2020-05-19,3443.81005859375,3506.4247214869483,3381.195395700552,3475.117270058088,446373
2020-05-20,3428.156494140625,3443.810100061281,3381.195436414129,3443.810100061281,151009
2020-05-21,3428.156494140625,3475.117311902595,3412.502648255442,3443.810100061281,230187
2020-05-22,3412.502685546875,3428.156531603121,3349.888021215477,3428.156531603121,110069
2020-05-25,3428.156494140625,3443.810100061281,3349.8879846082896,3412.502648255442,135562
2020-05-26,3569.03955078125,3631.654456558297,3428.1566126942294,3428.1566126942294,491362
2020-05-27,3553.385986328125,3631.6544994924734,3553.385986328125,3569.03959297518,211664
2020-05-28,3725.576416015625,3756.883627601438,3616.0004555717055,3616.0004555717055,942414
2020-05-29,3741.230224609375,3756.883831250817,3631.654498190209,3725.5766179679335,262210
2020-06-01,3694.26904296875,3741.23010130992,3662.961590753127,3741.23010130992,216719
2020-06-02,3709.922607421875,3709.922607421875,3631.654337708775,3694.26900147216,530888
2020-06-03,3694.26904296875,3725.576495184373,3662.961590753127,3709.922649094297,167931
2020-06-04,3647.30810546875,3694.2691653658153,3631.654498824574,3662.9617121129263,148151
2020-06-05,3694.26904296875,3694.26904296875,3647.30798462758,3694.26904296875,138388
2020-06-08,3788.191162109375,3866.4594327524296,3725.5764976020255,3756.883709873436,841386
2020-06-09,3725.576416015625,3819.498290737589,3725.576416015625,3819.498290737589,745881
2020-06-10,3694.26904296875,3756.8837074354665,3694.26904296875,3694.26904296875,176125
2020-06-11,3490.771240234375,3756.883746993333,3443.810181398732,3756.883746993333,628967
2020-06-12,3490.771240234375,3490.771240234375,3381.195516272718,3381.195516272718,352627
2020-06-15,3412.502685546875,3490.77119593452,3381.19547336344,3490.77119593452,348076
2020-06-16,3522.078369140625,3537.732215023637,3443.8100995836708,3490.7711573036536,107213
2020-06-17,3506.4248046875,3569.039469066421,3428.156534204981,3522.078410791098,227927
2020-06-18,3569.03955078125,3569.03955078125,3506.424884968737,3522.0784914307314,99175
2020-06-19,3662.961669921875,3662.961669921875,3569.039551209567,3569.039551209567,253137
2020-06-22,3647.30810546875,3709.922772009991,3647.30810546875,3709.922772009991,323336
2020-06-23,3647.30810546875,3709.922772009991,3631.654498824574,3694.2691653658153,323963
2020-06-24,3662.961669921875,3694.269122814156,3631.654456994128,3647.308063458002,200801
2020-06-25,3694.26904296875,3709.922649094297,3616.0005324119575,3678.615436843203,291816
2020-06-26,3616.00048828125,3694.268997882831,3600.346882346744,3694.268997882831,424427
2020-06-29,3130.736328125,3334.234406621023,3099.4291160214025,3318.580560604696,354606
2020-06-30,3146.39013671875,3224.6584060113632,3118.213502181924,3118.213502181924,99898
2020-07-01,3193.351318359375,3334.2344965175944,3130.736412534921,3334.2344965175944,227613
2020-07-02,3162.043701171875,3193.3511524576093,3162.043701171875,3193.3511524576093,41597
2020-07-03,3287.2734375,3287.2734375,3146.3902593259886,3162.043865801589,106115
2020-07-06,3255.9658203125,3287.273271648696,3193.351157604631,3287.273271648696,46181
2020-07-07,3240.312255859375,3271.61946762943,3224.658410009822,3255.9658617444024,125485
2020-07-08,3193.351318359375,3240.312377745448,3130.736412534921,3240.312377745448,115878
2020-07-09,3193.351318359375,3224.658531307068,3177.6974719209943,3224.658531307068,282051
2020-07-10,3162.043701171875,3193.3511524576093,3146.390095511269,3193.3511524576093,136598
2020-07-13,3146.39013671875,3209.004800145746,3130.7362908886075,3162.043742584368,259416
2020-07-14,3224.658447265625,3224.658447265625,3130.736330941288,3162.0437830375768,171447
2020-07-15,3193.351318359375,3224.658531307068,3193.351318359375,3224.658531307068,188463
2020-07-16,3162.043701171875,3209.004758118216,3162.043701171875,3193.3511524576093,81720
2020-07-17,3209.0048828125,3209.0048828125,3146.3902177724963,3162.043824041364,76258
2020-07-20,3193.351318359375,3209.004924833221,3162.043865447148,3193.351318359375,82661
2020-07-21,3240.312255859375,3255.9658617444024,3193.351198239767,3193.351198239767,412058
2020-07-22,3428.156494140625,3459.4637059819383,3255.9658691552977,3255.9658691552977,1068936
2020-07-23,3537.732177734375,3553.385783487865,3443.81006328439,3443.81006328439,636910
2020-07-24,3349.887939453125,3537.7321678270428,3318.5804880692976,3537.7321678270428,489070
2020-07-27,3118.213623046875,3255.965983911489,3118.213623046875,3162.0438651482214,912871
2020-07-28,3224.658447265625,3271.619505427793,3021.160608551072,3021.160608551072,499933
2020-07-29,3083.775634765625,3099.4292414509027,2999.2457267289565,3068.121788115809,444678
2020-07-30,3162.043701171875,3193.3511524576093,3083.7754329043214,3083.7754329043214,181902
2020-07-31,3130.736328125,3193.3512322612505,3036.81445184968,3036.81445184968,176439
2020-08-03,3177.697509765625,3255.96602299606,3099.429236499728,3130.7364498202714,304844
2020-08-04,3240.312255859375,3255.9658617444024,3193.351198239767,3224.658410009822,205385
2020-08-05,3318.58056640625,3334.2344124499427,3224.658450002207,3224.658450002207,744123
2020-08-06,3287.2734375,3318.5806504512016,3255.965984584264,3271.6195910598644,172295
2020-08-07,3381.195556640625,3412.502769595141,3287.273437848008,3318.580650802524,808891
2020-08-10,3490.771240234375,3537.732299070018,3396.8491225630887,3396.8491225630887,995064
2020-08-11,3506.4248046875,3522.078410791098,3412.5026881368544,3490.771198583902,407507
2020-08-12,3490.771240234375,3506.4248465247456,3459.4637876891024,3506.4248465247456,354009
2020-08-13,3631.654296875,3631.654296875,3475.1172792798257,3490.7711250180573,1490665
2020-08-14,3600.346923828125,3631.6543760223713,3522.078413324773,3631.6543760223713,425809
2020-08-17,3600.346923828125,3600.346923828125,3443.8101427859506,3600.346923828125,292255
2020-08-18,3569.03955078125,3600.3470036697736,3537.7323378572605,3600.3470036697736,402451
2020-08-19,3647.30810546875,3725.576618618704,3537.732379030444,3537.732379030444,750245
2020-08-20,3631.654296875,3709.922565708064,3600.3468453630608,3647.307902648708,1266787
2020-08-21,3819.498291015625,3882.1131941208578,3631.6543015934985,3631.6543015934985,20544447
2020-08-24,3929.074462890625,4038.650189274256,3803.844889906092,3866.45955641609,1484134
2020-08-25,3913.42041015625,4038.6499765445055,3897.766804344415,3944.727861744445,921129
2020-08-26,3929.074462890625,3944.72806952699,3835.15234314336,3850.805949779725,999082
2020-08-27,3944.72802734375,3976.035480246229,3913.420574441271,3976.035480246229,1011012
2020-08-28,3897.766845703125,4085.6110772964375,3897.766845703125,3944.727903601453,1153765
2020-08-31,3913.42041015625,3944.727861744445,3819.498295356189,3913.42041015625,944235
2020-09-01,3850.805908203125,3913.420574037081,3803.844848836524,3913.420574037081,832908
2020-09-03,3741.230224609375,3850.805951028541,3725.5766179679335,3850.805951028541,788453
2020-09-04,3803.8447265625,3835.152178455372,3709.922610848411,3725.5764567771103,380663
2020-09-07,3725.576416015625,3850.805742287928,3725.576416015625,3850.805742287928,1112324
2020-09-08,3819.498291015625,3850.8057425682414,3694.268964734207,3741.2300220808697,496982
2020-09-09,3882.11328125,3944.727945796016,3803.844770594083,3819.498376739455,861415
2020-09-10,3882.11328125,3929.074339650645,3866.459435140099,3913.4204935407433,515881
2020-09-11,3850.805908203125,3897.7669675697257,3850.805908203125,3882.11336110237,348986
2020-09-14,4116.91845703125,4116.91845703125,3850.805944738719,3866.459551354592,1707384
2020-09-15,4038.650146484375,4148.226111671575,4038.650146484375,4148.226111671575,600554
2020-09-16,4116.91845703125,4116.91845703125,4022.996577371473,4054.304030567757,473467
2020-09-17,4101.26513671875,4101.26513671875,4022.99662282598,4101.26513671875,700202
2020-09-18,4179.533203125,4226.494261136046,4038.650029091861,4101.264933082941,1115621
2020-09-21,4085.611083984375,4210.840411941893,4069.95723801629,4179.533199934777,750308
2020-09-22,4132.572265625,4148.226112061519,4054.303993300539,4132.572265625,531046
2020-09-23,4163.87939453125,4163.87939453125,4069.9572776658574,4132.572182219139,946809
2020-09-24,4101.26513671875,4179.533410646981,4101.26513671875,4179.533410646981,783650
2020-09-25,4101.26513671875,4132.572350304226,4007.342776068702,4101.26513671875,1277524
2020-09-28,4101.26513671875,4148.2261970615045,4054.304076375996,4132.572350304226,665730
2020-09-29,4085.611083984375,4195.187045902862,4054.303871977259,4132.572141959576,862985
2020-09-30,4148.22607421875,4148.22607421875,4038.650110020872,4085.6111689729537,456388
2020-10-01,4289.10888671875,4383.031007153705,4148.226185995395,4148.226185995395,1347347
2020-10-02,4429.99169921875,4461.299390047975,4226.494108473973,4289.108530274349,3359735
2020-10-05,4476.953125,4508.260818412934,4398.684851325819,4461.29975822261,849799
2020-10-06,4476.953125,4508.260818412934,4414.338698032287,4492.6069717064665,2302760
2020-10-07,4383.03076171875,4476.952876894383,4383.03076171875,4414.338453396661,1401848
2020-10-08,4351.7236328125,4414.338537431256,4304.762574330698,4383.030845157348,582156
2020-10-09,4320.41650390625,4414.3386226837365,4320.41650390625,4414.3386226837365,908319
2020-10-12,4226.494140625,4383.030676245753,4179.533083952966,4351.723465107411,734422
2020-10-13,4273.45556640625,4289.108933362922,4163.879598064134,4226.49450567807,381291
2020-10-14,4210.84033203125,4304.762446199258,4195.186966289279,4257.801389115254,731942
2020-10-15,4179.533203125,4242.14810711608,4163.879357144966,4242.14810711608,545142
2020-10-16,4195.18701171875,4210.84037763023,4163.879320037688,4179.533165878219,465618
2020-10-19,4195.18701171875,4242.148069311293,4069.957204852602,4195.18701171875,627365
2020-10-20,4304.7626953125,4320.416541889393,4163.879515907689,4195.187209061473,920029
2020-10-21,4226.494140625,4304.7624084353765,4226.494140625,4304.7624084353765,742051
2020-10-22,4257.8017578125,4289.108971936484,4163.879635511462,4163.879635511462,373285
2020-10-23,4179.533203125,4242.14810711608,4163.879357144966,4210.840415156013,625670
2020-10-26,4148.22607421875,4195.187133170832,4132.572227925035,4179.533286877117,690186
2020-10-27,4101.26513671875,4163.879563889704,4101.26513671875,4148.2261970615045,617319
2020-10-28,3960.381591796875,4116.918374719496,3944.727985493973,4101.265008381125,958677
2020-10-29,3929.074462890625,3976.035522764257,3882.113403016992,3897.7670096533575,352942
2020-10-30,3913.42041015625,3960.38146755628,3882.11319853258,3929.0742559326095,522475
2020-11-02,3913.42041015625,3913.42041015625,3897.766804344415,3913.42041015625,256088
2020-11-03,3991.68896484375,3991.68896484375,3897.766848968412,3897.766848968412,525803
2020-11-04,4022.99658203125,4022.99658203125,3976.035522164699,3976.035522164699,270247
2020-11-05,3991.68896484375,4038.650022781419,3976.035358852703,4022.9964167903713,126363
2020-11-06,3960.381591796875,3991.689044367212,3913.420532923636,3991.689044367212,260013
2020-11-09,4101.26513671875,4116.918503546949,3929.074502140471,3944.728108933209,741674
2020-11-10,4101.26513671875,4148.2261970615045,4101.26513671875,4132.572350304226,429075
2020-11-11,4054.303955078125,4116.918380375761,4054.303955078125,4101.265014015885,333382
2020-11-12,4289.10888671875,4289.10888671875,4022.9966120939416,4038.650218844921,1601520
2020-11-13,4273.45556640625,4289.108933362922,4226.49450567807,4289.108933362922,1538009
2020-11-16,4367.37744140625,4414.338499484362,4257.801479247639,4289.108691323361,1583406
2020-11-17,4476.953125,4492.6069717064665,4351.723791135495,4367.3776378419625,3340428
2020-11-18,4461.2998046875,4476.953171627922,4429.992110948493,4476.953171627922,1690526
2020-11-19,4539.56787109375,4711.758259049157,4461.29960019203,4461.29960019203,3302878
2020-11-20,4492.60693359375,4555.221839959352,4429.992027228149,4555.221839959352,1352936
2020-11-23,4445.64599609375,4492.607057177499,4398.68493501,4492.607057177499,829957
2020-11-24,4429.99169921875,4476.952755533551,4367.377277418374,4414.338333733175,1897889
2020-11-25,4383.03076171875,4461.299510984478,4367.377395808845,4445.645665145522,1489880
2020-11-26,4445.64599609375,4461.299843098029,4351.723873926251,4367.37772093053,853817
2020-11-27,4664.79736328125,4680.451209979395,4461.299755850755,4461.299755850755,4736186
2020-11-30,4930.90966796875,4946.56351400147,4696.104857052286,4696.104857052286,6727665
2020-12-01,5197.02294921875,5197.02294921875,4836.988309230577,4852.6416762328345,5920876
2020-12-02,5290.94482421875,5416.174154042473,5134.407801992301,5197.022706868693,5878367
2020-12-03,5197.02294921875,5322.252284882226,5165.715255356068,5259.637377085946,4114376
2020-12-04,5322.251953125,5510.096184875675,5118.75387541875,5197.022625267568,4051524
2020-12-07,5322.251953125,5400.520223044763,5212.675991294088,5322.251953125,2375408
2020-12-08,5510.09619140625,5525.750037380377,5243.983689420414,5322.251959432941,4377969
2020-12-09,5463.13525390625,5604.01843099351,5384.86698216746,5572.710738354743,2867932
2020-12-10,5290.94482421875,5525.750117593893,5259.637131816023,5525.750117593893,4564769
2020-12-11,5384.8671875,5384.8671875,5197.022944220888,5290.945065860445,3110741
2020-12-14,5353.55908203125,5447.481196449116,5306.598024822317,5416.173984952843,2700597
2020-12-15,5353.55908203125,5384.86677345657,5290.944659038703,5353.55908203125,3016807
2020-12-16,5713.59375,5713.59375,5384.866826244028,5384.866826244028,8790944
2020-12-17,5682.28662109375,5854.477008416819,5619.67171664488,5635.325562739362,3353676
2020-12-18,5885.78466796875,5917.091880055055,5572.710627389473,5729.247647679112,3165996
2020-12-21,5901.43798828125,5948.399046011049,5682.286545518537,5885.784622324018,4914352
2020-12-22,5729.24755859375,5901.437942284586,5697.940346994247,5901.437942284586,3594130
2020-12-23,5713.59375,5932.745672409383,5682.286538196824,5729.247595866113,3426261
2020-12-24,5478.7890625,5744.901568522749,5322.252040171232,5713.593876099559,4512937
2020-12-25,5588.36474609375,5619.67195970776,5416.174351323077,5478.789258480176,1809827
2020-12-28,5604.0185546875,5697.9406748187575,5447.481527825712,5666.632981488955,3461768
2020-12-29,5557.05712890625,5635.325397221691,5478.788860590808,5635.325397221691,2096023
2020-12-30,5557.05712890625,5666.6326085620585,5510.096071931176,5510.096071931176,2262260
2020-12-31,5604.0185546875,5635.325768088227,5510.0964345562425,5572.710861357697,1699191
2021-01-04,5807.51611328125,5885.784866024326,5604.018507979024,5635.325721118812,4724319
2021-01-05,5776.208984375,5885.784951855792,5713.59407725325,5823.170044734043,3704295
2021-01-06,5682.28662109375,5791.862583897007,5666.632774999268,5760.554891708043,2805770
2021-01-07,6073.62890625,6073.62890625,5682.286595109936,5729.247653249581,7489276
2021-01-08,6104.93603515625,6230.165361845406,5917.091805157991,6230.165361845406,3503054
2021-01-11,6136.2431640625,6277.126334660546,5948.398936598439,6073.628741527175,4323404
2021-01-12,6308.43359375,6324.087439467019,5995.360038912958,6136.243210578984,4584611
2021-01-13,6386.70263671875,6637.161300158427,6308.433884455915,6355.394943841989,6141489
2021-01-14,6418.009765625,6511.931883167271,6292.7804355449925,6511.931883167271,2558377
2021-01-15,6464.970703125,6637.161088746164,6433.6634911745305,6480.624549064762,3187533
2021-01-18,6339.74169921875,6527.585940374483,6261.472945451143,6511.932093635146,3744481
2021-01-19,5901.43798828125,6339.741353735725,5901.43798828125,6339.741353735725,4916770
2021-01-20,5791.86279296875,5854.4772197487855,5494.442586011816,5823.170006358768,4785539
2021-01-21,5791.86279296875,5948.399339847914,5572.710859451398,5729.247886259639,4145709
2021-01-22,5776.208984375,5885.784951855792,5729.247924015957,5791.862831137707,3482018
2021-01-25,5776.208984375,5917.092165452127,5635.325803297872,5776.208984375,2537657
2021-01-26,5541.4033203125,5776.2086067574,5416.173994184902,5776.2086067574,2289636
2021-01-27,5197.02294921875,5557.057589206923,5165.715255356068,5447.481620545704,3918409
2021-01-28,4836.98828125,4852.641648161707,4836.98828125,4852.641648161707,3424879
2021-01-29,4852.6416015625,4993.524781989469,4508.26081380485,4508.26081380485,2968083
2021-02-01,5009.1787109375,5181.369107643927,4915.256589110524,4946.5638030764885,4550076
2021-02-02,5040.48583984375,5087.446899964755,4883.949292726448,5024.831993160389,1540866
2021-02-03,5384.8671875,5384.8671875,5087.446975665046,5103.100822581333,3780899
2021-02-04,5400.5205078125,5635.325809882053,5384.867140960582,5635.325809882053,3245615
2021-02-05,5572.7109375,5588.364784378787,5431.82823530725,5494.442662964231,1924826
2021-02-08,5290.94482421875,5572.71069633986,5243.983765543721,5541.403483866195,2764957
2021-02-09,5494.4423828125,5557.057287205943,5228.329879016219,5259.637091248412,2590087
2021-02-17,5838.82373046875,5854.477096870676,5557.057376085284,5604.018435149195,3444344
2021-02-18,5776.208984375,5885.784951855792,5729.247924015957,5885.784951855792,2489936
2021-02-19,5885.78466796875,5932.745726062736,5635.32553149114,5729.247647679112,5097292
2021-02-22,6104.93603515625,6230.165361845406,5948.399016848018,5948.399016848018,5826597
2021-02-23,6136.2431640625,6198.858066526867,6073.628741527175,6198.858066526867,3418915
2021-02-24,5948.39892578125,6198.858055254217,5885.78450335979,6136.243152903715,4484775
2021-02-25,6355.39501953125,6355.39501953125,5870.131053381979,5979.707019897495,11433116
2021-02-26,6793.6982421875,6793.6982421875,6386.702559097663,6402.35592541673,6969690
2021-03-01,7044.15673828125,7232.000969161182,6965.888468724295,7232.000969161182,7363696
2021-03-02,7498.1142578125,7513.767624410049,6825.005576174825,7044.1570279021535,10263653
2021-03-03,8014.68505859375,8014.68505859375,7388.537945867833,7498.11390656294,9686926
2021-03-04,7764.2265625,8390.37416781828,7670.304445698711,8014.685220684065,7956748
2021-03-05,7920.76318359375,7983.378088734424,7451.153074790421,7638.996830354315,7270139
2021-03-08,7936.4169921875,8108.607860524707,7826.841028693738,8014.6852632950095,5437299
2021-03-09,7685.9580078125,7842.495033114827,7638.996948214709,7826.841186605873,4001606
2021-03-10,7576.38232421875,7795.533769976738,7466.806361375227,7638.99674876157,4375835
2021-03-11,7795.53369140625,7889.455807202906,7670.304363653726,7826.840903362117,2669202
2021-03-12,7795.53369140625,7983.377922999562,7732.918787565462,7889.455807202906,3946036
2021-03-15,7701.61181640625,7811.187781571341,7670.304603471539,7764.22672220474,2459484
2021-03-16,7858.14892578125,8045.99316527578,7576.382566539454,7732.91911283218,4140372
2021-03-17,8202.5302734375,8265.144700608453,7936.417278209173,7952.071124966451,8940040
2021-03-18,8218.18359375,8374.72014072045,8045.993200110875,8296.4523471643,2822410
2021-03-19,8186.87548828125,8233.836545994158,7983.37789147802,8139.914430568343,4775179
2021-03-22,7905.10986328125,8186.8757382321455,7826.841111417439,8186.8757382321455,5554716
2021-03-23,7826.8408203125,8014.685049912621,7670.304282265099,7920.762935112561,4070361
2021-03-24,7451.15283203125,7795.533599262341,7325.923025829899,7670.30427299004,2747690
2021-03-25,7263.30859375,7545.074457534838,7200.6936907261215,7482.460034440007,3468519
2021-03-26,7545.07470703125,7545.07470703125,6918.927575803556,7138.079023740343,3563017
2021-03-29,7748.57275390625,7889.455929790296,7623.343424207897,7670.304482835912,2699342
2021-03-30,7826.8408203125,7936.416780888921,7701.6114938887695,7764.226397065159,2532320
2021-03-31,7795.53369140625,7826.840903362117,7654.650517711266,7826.840903362117,2270171
2021-04-01,7732.9189453125,7764.22663783608,7638.996827599887,7732.9189453125,1679317
2021-04-02,7717.265625,7858.148802409045,7607.689660372165,7795.533896917558,3578402
2021-04-05,7607.689453125,7764.226472624832,7607.689453125,7732.918780767434,2081488
2021-04-06,7451.15283203125,7607.689369889365,7357.230717344762,7607.689369889365,2720376
2021-04-07,7748.57275390625,7779.879966348573,7388.538131067821,7388.538131067821,4838597
2021-04-08,7685.9580078125,7795.5339735170355,7607.689735125871,7748.5729139192445,1792967
2021-04-09,7623.34326171875,7685.95768526879,7545.074512387624,7670.304319345805,1718562
2021-04-12,7967.72412109375,8030.339025280604,7513.767385543965,7592.03565583074,8792169
2021-04-13,7670.3046875,8014.68547334173,7638.996994293244,7983.378260064048,2809537
2021-04-14,7670.3046875,7701.611900777683,7513.76766125344,7670.3046875,1970978
2021-04-15,7513.767578125,7701.611815571032,7513.767578125,7607.689696848016,2234068
2021-04-16,7232.0009765625,7513.767323170761,7169.386552824477,7388.537995765662,3325358
2021-04-19,7435.4990234375,7451.152869273171,7059.810562813802,7357.230754117247,2052918
2021-04-20,7435.4990234375,7685.9576772339315,7388.5379658595375,7451.152869273171,2782224
2021-04-22,7216.34765625,7545.074582777092,7216.34765625,7451.152946575819,2932920
2021-04-23,7372.88427734375,7404.191969683124,7106.771772033437,7216.347735363124,2765584
2021-04-26,7216.34765625,7388.538042512582,7200.693810251927,7372.884196514509,1503505
2021-04-27,7482.46044921875,7482.46044921875,7153.733029996716,7216.347936491556,1990443
2021-04-28,7999.03173828125,7999.03173828125,7607.689430652204,7685.957700206392,6049501
2021-04-29,8139.91455078125,8437.335227260803,8108.6078184156995,8171.222243004918,7020235
2021-05-04,8218.18359375,8249.49128708735,7920.763386619623,7983.378293365249,5737435
2021-05-05,8421.6806640625,8515.602778230508,8139.914321558476,8233.836435726484,8810378
2021-05-06,8202.5302734375,8421.681248464916,8202.5302734375,8421.681248464916,5382358
2021-05-07,8061.64697265625,8186.875825137925,7920.763313791686,8139.914765492761,5122408
2021-05-10,8625.1787109375,8625.1787109375,7889.456084570182,8045.993109710952,8356093
2021-05-11,8703.447265625,9047.828041205508,8609.525148661396,8625.17851486929,4995257
2021-05-12,8766.0615234375,8844.330272703228,8484.2961377687,8484.2961377687,4316497
2021-05-13,8640.8330078125,8859.983978387878,8609.525314933959,8672.139740832905,3465693
2021-05-14,8546.9111328125,8719.101048910385,8546.9111328125,8719.101048910385,3874770
2021-05-17,8734.7548828125,8922.599115124945,8296.451994036164,8609.5250746515,5485334
2021-05-18,8734.7548828125,8922.599115124945,8609.5250746515,8609.5250746515,4667180
2021-05-19,8766.0615234375,8766.0615234375,8578.217293086233,8734.75479161769,2372519
2021-05-20,9016.521484375,9016.521484375,8734.755127997149,8766.061861022596,6217465
2021-05-21,8953.90625,9392.21011834846,8906.945189809676,9079.13606379358,5544042
2021-05-24,8828.6767578125,9141.749829876211,8797.369066662895,8953.905602694751,8208222
2021-05-25,8828.6767578125,8985.213293844356,8781.715701017136,8828.6767578125,3369939
2021-05-26,8421.6806640625,8953.905657728516,8218.183069984512,8766.0614293925,13852729
2021-05-27,8280.7978515625,8609.525265392105,8045.993035898991,8343.413236959275,6968434
2021-05-28,8452.98828125,8531.256069131336,8249.490688957212,8280.797420166513,2647539
2021-05-31,8327.7587890625,8421.680905927891,8296.452056679447,8421.680905927891,4503926
2021-06-01,8186.87548828125,8359.066353181277,8139.914430568343,8327.758661419972,4243661
2021-06-02,8546.9111328125,8609.525560497352,8139.914953215548,8186.876013943728,3130081
2021-06-03,8640.8330078125,8750.408493100189,8609.525314933959,8609.525314933959,4372695
2021-06-04,8484.2958984375,8672.139163631846,8406.027151379634,8640.832432695159,3241219
2021-06-07,8593.8720703125,8703.447557154323,8390.374463361075,8515.603316935112,3538216
2021-06-08,8640.8330078125,8844.330611877676,8593.871948423757,8609.525314933959,5088187
2021-06-09,8797.369140625,8844.330197815181,8327.758568723191,8640.832603277095,6212442
2021-06-10,9141.75,9360.901922409384,8922.59903744872,8938.25240338578,8860296
2021-06-11,9548.74609375,9658.32157434473,9141.74994319256,9173.05763473024,7222733
2021-06-14,9454.82421875,9642.668453023223,9392.209793944963,9564.39970212334,7193222
2021-06-15,9392.2099609375,9501.785446259082,9110.443604517886,9454.824386855811,6862947
2021-06-16,9376.5556640625,9548.746535702236,9266.9801783962,9454.824416600224,4870620
2021-06-17,9705.283203125,9893.127443694291,9266.980295082703,9329.594721986416,4989606
2021-06-18,9736.5908203125,9924.43505941182,9580.054274349111,9861.81967313995,5857992
2021-06-21,9548.74609375,9799.20474647714,9548.74609375,9580.05378528768,4718981
2021-06-22,9486.1318359375,9689.629434835451,9470.477509966657,9580.05395233011,6779436
2021-06-23,9298.2880859375,9501.785695401444,9188.711637884622,9486.13232847596,6127989
2021-06-24,9282.6337890625,9423.516971420271,9235.672728276577,9298.288115896588,2416472
2021-06-25,9689.6298828125,9814.85969707839,9282.633706341978,9282.633706341978,4552588
2021-06-28,9611.3603515625,9736.590155700002,9517.438238423894,9705.282464701108,3374334
2021-06-29,9517.4384765625,9611.36059205116,9313.940879623107,9611.36059205116,2503122
2021-06-30,9548.74609375,9830.51243801482,9548.74609375,9548.74609375,3253149
2021-07-01,10049.6640625,10096.625122976984,9517.43903038024,9517.43903038024,6176652
2021-07-02,10487.9677734375,10487.9677734375,10080.971602229904,10174.893721750264,5374509
2021-07-05,11035.845703125,11208.036568339678,10018.35675739146,10487.967335378664,6560299
2021-07-06,10487.9677734375,11505.456761669268,10487.9677734375,10926.270677913117,8449022
2021-07-07,10691.46484375,10738.42590115866,10174.89321225474,10487.967248265171,5581716
2021-07-08,10832.3486328125,11192.382786875256,10644.50439248127,10691.465452564078,3627378
2021-07-09,11239.34375,11458.495681781937,10707.118726938894,10863.656232436624,4866225
2021-07-12,11114.1142578125,11364.57290839353,10456.65946016147,11270.650794443382,6348069
2021-07-13,11114.1142578125,11270.650794443382,10722.77243630625,11239.343103173973,4825724
2021-07-14,10894.962890625,11176.729246750849,10581.889801501706,11082.807128042232,3609797
2021-07-15,11239.34375,11239.34375,10801.040846294274,10801.040846294274,2848782
2021-07-16,12022.0283203125,12022.0283203125,11301.959063188651,11301.959063188651,8150769
2021-07-19,12147.2578125,12522.945317759051,11740.261655337035,11896.798195849817,5551891
2021-07-20,12068.9892578125,12366.408977561932,11740.261845510133,12350.755611214528,4618204
2021-07-21,12366.4091796875,12366.4091796875,11943.759642676368,11959.413969137764,4004118
2021-07-22,12382.0634765625,12773.405319573889,12241.180297895422,12350.755783572658,4850212
2021-07-23,12335.1025390625,12554.253512585468,12209.872725722124,12335.1025390625,3724388
2021-07-26,13008.2099609375,13102.132075309426,12147.257565814209,12209.871988776127,6807377
2021-07-27,13039.517578125,13289.97720669992,12961.249784071226,13102.132965197809,4216033
2021-07-28,12992.5556640625,13180.399893222146,12867.326817861463,12898.633549482676,2500297
2021-07-29,13196.0546875,13305.630171781597,13055.17151062732,13289.97680541512,5032931
2021-07-30,13822.2021484375,13931.77763532029,13243.016060831107,13243.016060831107,5659576
2021-08-02,14777.076171875,14777.076171875,13853.508371212622,13869.162697231755,7703390
2021-08-03,15340.609375,15622.375734286366,14870.998776189392,14964.920895951514,7255069
2021-08-04,15277.9931640625,15810.219120563408,15043.188837187285,15559.759508142475,6096281
2021-08-05,15262.33984375,15497.145131183575,15027.534556316425,15027.534556316425,4428578
2021-08-06,16279.8291015625,16311.137753644283,15168.41802584875,15199.72571807242,9051178
2021-08-09,17406.89453125,17406.89453125,16154.600278307364,16154.600278307364,5229464
2021-08-10,18596.576171875,18596.576171875,17406.895329225972,17719.96842688463,9487569
2021-08-11,19880.17578125,19880.17578125,18721.803675772328,18847.032521854293,8383720
2021-08-12,18502.65234375,19880.1753821457,18502.65234375,19880.1753821457,11259816
2021-08-13,17375.587890625,18471.34464784482,17219.050388286636,17219.050388286636,12444035
2021-08-16,18064.349609375,18565.266933801307,17845.19863988529,18158.2717276872,6886807
2021-08-17,17156.435546875,18627.882740261404,16905.977838859326,18471.345232964373,7561485
2021-08-18,16780.748046875,17532.123048639485,16185.90670422532,16905.976893883046,7767436
2021-08-19,16686.826171875,17031.205986033077,16592.90405533803,16624.21078761161,4399380
2021-08-20,17500.81640625,17563.431789932103,16749.43948092959,16843.361596594645,6753064
2021-08-23,17532.123046875,18158.271121284622,17532.123046875,17532.123046875,5977608
2021-08-24,16968.591796875,17532.122552316112,16592.90334677016,17532.122552316112,4890713
2021-08-25,17344.279296875,17375.58794927811,16655.51773975045,16968.592745484,3428019
2021-08-26,18533.9609375,18533.9609375,17500.817595007335,17626.046451161605,14603383
2021-08-27,18502.65234375,19285.33597555284,18220.88600593504,18721.80329992292,7507800
2021-08-30,18690.498046875,19128.79999387872,18314.809566748216,18533.960540250075,5466497
2021-08-31,18784.419921875,19316.643981967864,18440.038179678937,18690.49780306846,6881784
2021-09-01,20099.328125,20099.328125,18721.804964152696,18784.420351360783,12845891
2021-09-06,21038.548828125,21476.85268859863,20662.86035335225,20662.86035335225,8779611
2021-09-07,21069.857421875,21445.54589559648,20819.39779948859,21038.54876925403,6405521
2021-09-08,20537.630859375,20975.93470614116,20068.020280595618,20662.859707144096,8072595
2021-09-09,21539.46875,21915.157236558225,20506.32541196489,20506.32541196489,5598984
2021-09-10,21414.236328125,21915.155551497748,21195.08536772204,21821.23343707988,3272614
2021-09-13,22384.765625,22697.840639413032,20913.320352180726,21289.00883370332,6348382
2021-09-14,22635.224609375,23230.06404831045,22196.922673197823,22384.764988905004,4444589
2021-09-15,21915.15625,22697.83992185665,21852.540865153616,22384.76491734099,6052328
2021-09-16,21696.00390625,22509.996250773573,21132.47118766821,21727.312559315407,6608647
2021-09-17,21852.541015625,22290.84295341897,21257.70157449532,21508.159276172944,4143197
2021-09-20,20882.013671875,22134.307973571547,20475.01653604348,21883.848345345712,8569892
2021-09-21,21445.544921875,21445.544921875,20193.248786518943,20193.248786518943,7085223
2021-09-22,21351.623046875,21602.08074097872,20975.93458600322,21602.08074097872,2677678
2021-09-23,20475.015625,21289.00794072783,20475.015625,21226.39255652839,8961702
2021-09-24,19128.798828125,20381.093045657784,19097.49209659444,20193.24881704206,12992506
2021-09-27,19379.259765625,19880.177102972244,19097.49340342037,19128.80013709322,5445148
2021-09-28,19379.259765625,19848.870369299388,19097.49340342037,19441.875152687026,4642692
2021-09-29,18972.263671875,19285.33675327829,18627.881938530016,19191.41463688568,5516729
2021-09-30,19817.560546875,19942.791313611702,18909.64804647303,18909.64804647303,5234487
2021-10-01,20036.71484375,20349.78794326781,19692.333090478976,19692.333090478976,4098523
2021-10-04,20224.55859375,20349.78744655719,19441.87490420156,19880.17684888487,5594589
2021-10-05,19410.56640625,19911.48374119601,19379.25967272722,19754.948153865804,6998886
2021-10-06,19598.41015625,19817.56112485649,19347.95245490437,19379.25918764351,3155510
2021-10-07,20756.78125,20788.089900865296,19629.717811753348,19629.717811753348,7558032
2021-10-08,21915.15625,22196.922602234343,20975.93507588552,21289.008160684927,11993831
2021-10-11,21445.544921875,22384.76414381777,21289.007425026448,22071.69106983685,8123770
2021-10-12,22071.69140625,22228.22890548448,21007.24140271774,21351.62313314709,7531032
2021-10-13,22854.375,22948.297115338577,22071.69134541725,22228.22884422028,10167898
2021-10-14,22791.76171875,22979.60595093126,22416.07325438748,22916.99056696544,3760493
2021-10-15,22854.375,22948.297115338577,22384.764423307108,22729.146152787296,4952247
2021-10-18,23010.912109375,23637.06017427423,22729.14576812777,22823.06788187685,5820318
2021-10-19,23010.912109375,23261.37171927793,22572.608271973924,23198.75633687315,2731050
2021-10-20,21915.15625,23010.913006656065,21915.15625,23010.913006656065,8531590
2021-10-21,21915.15625,22384.76491734099,21602.08124548434,21915.15625,4138488
2021-10-22,21883.84765625,22071.691891575312,21320.314950274067,21915.156308615053,3778387
2021-10-25,21289.0078125,22165.61358743108,21289.0078125,22165.61358743108,5066838
2021-10-26,22228.228515625,22290.841978447646,20725.47469242265,21163.77853076205,5271220
2021-10-27,21915.15625,22541.302419598826,21852.540865153616,22541.302419598826,6025013
2021-10-28,22384.765625,22478.68774538065,21883.84828954198,22228.23003750979,6739878
2021-10-29,22134.306640625,22666.53067894399,21915.155678947543,22478.68644901583,5822830
2021-11-01,21633.390625,22384.76566983378,21570.77523804872,22384.76566983378,5165733
2021-11-02,21915.15625,22196.922602234343,21289.008160684927,21382.930278096377,4453066
2021-11-03,20975.935546875,22071.69232813497,20975.935546875,21915.15674207857,5071233
2021-11-04,21226.392578125,21445.545463187907,20882.01276396825,20882.01276396825,2443158
2021-11-05,21257.701171875,21570.774252900563,20819.397322666235,21101.163671504102,6141175
2021-11-08,21977.76953125,22165.61376450127,21476.85221581869,21602.081064747457,4221999
2021-11-09,22697.83984375,22791.76196083825,22071.6917565896,22228.22925830876,7004537
2021-11-10,22416.07421875,22854.37616621833,22384.765565562047,22854.37616621833,4879410
2021-11-11,22134.306640625,22854.37490887215,21915.155678947543,22384.764334051742,4745668
2021-11-12,21789.92578125,22165.614256084464,21664.696929543938,22134.307523087016,4244604
2021-11-15,22103.0,22384.764426337675,21758.618270473187,21758.618270473187,5883423
2021-11-16,23637.060546875,23637.060546875,21821.23362567463,22071.69131980945,14008762
2021-11-17,23699.673828125,24607.58824159472,23668.36709652817,24075.362286151616,5543101
2021-11-18,23543.138671875,23793.59636856544,23323.985787625585,23793.59636856544,4937177
2021-11-19,22228.228515625,23699.67368769985,21915.15544236324,23480.52272838824,9969481
2021-11-22,21132.470703125,22071.69187922605,21038.54858551489,21915.156296353383,7844982
2021-11-23,21696.00390625,21789.92602601364,20913.32021479184,20913.32021479184,3547320
2021-11-24,21602.08203125,22165.614756216928,21570.775297546166,21758.61953920181,4172708
2021-11-25,21445.544921875,21789.924727339163,21289.007425026448,21633.38915020679,3711516
2021-11-26,21602.08203125,21883.848393733464,21163.780080531043,21414.23778959436,4535635
2021-11-29,22666.53125,22791.76201958461,21257.701409761223,21289.00814229925,5629436
2021-11-30,22509.99609375,22948.298036445274,22196.923003293905,22729.14706509764,3264452
2021-12-01,22040.384765625,22509.99534555828,21915.1559175482,22353.457845675108,3674156
2021-12-02,22009.078125,22478.68678716865,21852.5406244663,21915.156008623024,2643459
2021-12-03,21476.8515625,22196.92174129765,21445.544831149207,22196.92174129765,3075454
2021-12-06,20631.552734375,21539.46714932581,20506.32388806724,21320.314268641985,4023896
2021-12-07,21226.392578125,21382.93007892476,20725.475263168493,20975.93488050486,2668260
2021-12-08,20975.935546875,21351.62402495643,20882.013427354643,21289.008638704094,1895002
2021-12-09,21664.697265625,21696.003999108103,20975.93569098259,20975.93569098259,3380926
2021-12-10,21664.697265625,22228.229986618688,21539.46841197628,21602.08187894249,2125126
2021-12-13,21664.697265625,22040.38574628746,21351.624171645053,21883.84823943933,1871142
2021-12-14,21570.775390625,21821.235020485376,21445.546535552978,21664.6975118581,1977570
2021-12-15,22603.91796875,23073.528559220777,21789.92563869524,21789.92563869524,10341198
2021-12-16,22478.6875,22979.606749706218,22228.22979486318,22854.37597742152,2421182
2021-12-17,22103.0,22603.91730863483,22040.38461652707,22447.379809810605,1873653
2021-12-20,21508.158203125,22040.384152140505,21445.54474068753,21946.46203876813,5792062
2021-12-21,21727.3125,22009.078858521672,21289.00863572752,21289.00863572752,2487739
2021-12-22,21570.775390625,22040.385996790497,21414.237881997728,22040.385996790497,2615516
2021-12-23,21007.2421875,21852.5412594554,20788.091216157733,21852.5412594554,3497088
2021-12-24,21414.236328125,21539.46709382628,20882.01229290121,21445.54497940841,2258556
2021-12-27,21633.390625,21758.619479186244,21351.62426329372,21633.390625,1629085
2021-12-28,21382.9296875,21758.61814676928,21351.622955799627,21633.389300251587,1450762
2021-12-29,21320.314453125,21758.61829856907,21163.77887381485,21382.929836678784,2223393
2021-12-30,21445.544921875,21602.08049900737,21132.469928177896,21289.007425026448,1592982
2021-12-31,21226.392578125,21539.46757972452,21226.392578125,21445.545463187907,1166638
2022-01-04,21257.701171875,21445.545404433586,21195.0857877834,21289.007904062688,1821223
2022-01-05,21132.470703125,21539.46782591296,21038.54858551489,21320.31493834521,3895804
2022-01-06,20819.3984375,21132.47153528995,20819.3984375,21038.54941398133,3045315
2022-01-07,21602.08203125,21883.848393733464,20161.94348512884,20694.169476391937,6226256
2022-01-10,20975.935546875,21602.081730533184,20975.935546875,21570.77499726516,1723270
2022-01-11,20725.474609375,21038.54768138227,20506.32365094153,20975.93421881052,1223462
2022-01-12,20193.25,20975.93561156082,20036.71441346087,20662.86059904997,2343322
2022-01-13,20161.943359375,20725.47608082707,20161.943359375,20725.47608082707,1572889
2022-01-14,20161.943359375,20161.943359375,19629.719291147805,19786.254878406955,1889351
2022-01-17,18753.111328125,20349.787352859206,18753.111328125,20005.40560957973,2778142
2022-01-18,18471.34375,18909.647583412847,18001.73318552772,18659.18797578891,2541111
2022-01-19,19003.5703125,19003.5703125,18220.88665290632,18471.34434893521,1135556
2022-01-20,19379.259765625,19535.7972734219,18784.42030754288,19003.57128268549,811874
2022-01-21,20036.71484375,20161.94369961385,19222.7224813441,19379.25999096117,1495343
2022-01-24,18815.7265625,19974.09871551971,18753.111177031056,19974.09871551971,1125510
2022-01-25,18878.341796875,18972.263914468567,18377.42255656513,18721.80429431363,1053616
2022-01-26,18878.341796875,19316.643732500823,18596.57544409429,19316.643732500823,976384
2022-01-27,18815.7265625,19097.492917535845,18690.49771127838,18878.341947968944,582063
2022-01-28,19723.638671875,19723.638671875,18659.188659947384,18659.188659947384,2218370
2022-02-07,21101.1640625,21101.1640625,20036.714031516287,20318.48038557517,3196011
2022-02-08,21257.701171875,21664.69636917985,20850.704054853923,21257.701171875,2378485
2022-02-09,21602.08203125,21883.848393733464,20975.9358388754,21289.0089350627,2126697
2022-02-10,22009.078125,22165.613705817475,21226.392542047724,21539.467543115123,3561448
2022-02-11,22228.228515625,22697.839085375734,21789.924677285588,22071.69101913603,4297975
2022-02-14,22916.990234375,23323.98542495568,21852.54024070144,21915.155623758536,7754250
2022-02-15,22635.224609375,23042.219812887022,22541.30249166329,22916.99096251015,1918547
2022-02-16,22697.83984375,23136.141777017667,22666.531191576425,22760.45330866468,1761572
2022-02-17,24200.59375,24263.20721499963,22541.30237261736,22635.224489833054,11429663
2022-02-18,25327.658203125,25515.50244472266,23793.59753664953,24106.672552456508,8795308
2022-02-21,25045.890625,25578.116590264548,24795.43292817122,25327.656973719542,4842050
2022-02-22,24983.27734375,24983.27734375,23950.1340575399,24513.666759109045,6994491
2022-02-23,24670.205078125,25672.03974541539,24670.205078125,25202.42914521168,6521054
2022-02-24,23950.134765625,25014.58481570952,22948.29818219961,24419.74536414997,8896400
2022-02-25,24419.744140625,25139.812409140857,23981.44029739033,24294.515293864893,6181047
2022-02-28,25828.576171875,25828.576171875,24294.51558193779,24419.7444301828,5298848
2022-03-01,25672.0390625,26486.031387771767,25672.0390625,25859.88329758454,5008443
2022-03-02,25922.498046875,26141.64900919444,25139.812473404065,25390.272087280708,6050757
2022-03-03,27707.017578125,27707.017578125,25672.03960177274,26079.034813099934,8719332
2022-03-04,28270.548828125,28928.003630613133,27926.1690209182,28176.62671348384,4904526
2022-03-07,28959.3125,29585.45865584442,28239.24230909109,28301.85769256202,4248056
2022-03-08,27237.408203125,28865.390926481923,27237.408203125,28677.546692259348,7506229
2022-03-09,29115.849609375,29115.849609375,26955.64276254445,27237.40912339839,4970456
2022-03-10,29428.923828125,30649.90943911086,29147.15747488605,30587.29597375749,3914014
2022-03-11,29397.615234375,30055.07005991072,28802.775794033816,29585.45947024235,2971536
2022-03-14,28145.3203125,29992.45589538216,27863.553965266256,29366.30781717956,5601809
2022-03-15,28458.39453125,28646.23877026066,26767.79829987034,27894.861814218017,5308894
2022-03-16,29053.234375,29428.92283328518,28740.15937995156,28928.003609094147,2306904
2022-03-17,28959.3125,29272.38557792221,28489.701923258584,29272.38557792221,3069803
2022-03-18,29992.45703125,30055.0704976402,29272.386810032465,29710.690673345263,5928317
2022-03-21,28834.08203125,29992.45607900246,28740.15991493041,29898.533962682865,4546937
2022-03-22,29585.458984375,29773.30321715748,27800.93877294148,28865.390705186328,5893469
2022-03-23,30336.8359375,31244.75036984564,29366.30804065896,29585.459005825327,4134093
2022-03-24,31526.517578125,32246.587797169403,29710.690583679967,30180.29925905432,4702971
2022-03-25,31526.517578125,32246.587797169403,30962.98486401624,31463.90219220749,2531378
2022-03-28,32246.587890625,32403.121556581737,30681.21859588077,30931.676300844123,3731295
2022-03-29,31933.51171875,33279.72807305777,31683.052103177022,32215.276146659795,2576587
2022-03-30,31056.90625,32872.733201586176,30994.2908655604,31463.90144956684,3971152
2022-03-31,30305.529296875,31432.594697794462,30305.529296875,31088.212963163664,3444031
2022-04-01,30555.986328125,30837.752672204977,30180.2978693517,30211.60652072693,3325986
2022-04-04,31150.828125,31432.59447321672,30211.60696427761,30837.753124948387,3444659
2022-04-05,31589.130859375,31933.51260033057,30837.75391162922,31119.520267033888,2425891
2022-04-06,30618.603515625,31463.90259768148,30462.066008672067,31307.36509072855,3436496
2022-04-07,28489.703125,30837.75418803544,28489.703125,30274.221472175028,9156665
2022-04-08,28521.009765625,29303.69345076306,28176.62802270044,28489.703032528687,2416159
2022-04-12,29209.771484375,30368.14365158628,29053.23589835928,29053.23589835928,3017372
2022-04-13,29961.1484375,30305.53018219124,28959.313776115785,29241.0801345769,2536716
2022-04-14,31870.896484375,31933.51186849091,30055.06954217586,30055.06954217586,5582658
2022-04-15,32246.587890625,33185.80908352828,31683.053255166746,31933.51287984638,4168941
2022-04-18,32246.587890625,32904.04080594101,31025.59842013445,32246.587890625,3957653
2022-04-19,33624.109375,34438.09975571107,31589.12958378993,32246.586306235327,5490043
2022-04-20,31620.439453125,34406.79434934934,31620.439453125,33811.9549067304,4318696
2022-04-21,33154.49609375,33498.87781261255,30994.28942728029,31150.82692125712,4316497
2022-04-22,30837.75390625,33154.498214917854,30837.75390625,33154.498214917854,6858551
2022-04-25,28402.041015625,31557.82420390168,28402.041015625,30505.89647447612,2643907
2022-04-26,28928.00390625,28928.00390625,26429.67755270629,26429.67755270629,3908452
2022-04-27,30944.19921875,30944.19921875,27788.41614430938,28489.70191186825,3162822
2022-04-28,32653.58203125,33091.88396043528,31470.16336696053,31557.82336885434,4726741
2022-04-29,34932.7578125,34932.7578125,32259.10756907201,32259.10756907201,4674490
2022-05-04,37124.26953125,37343.42432705579,34625.94325338697,35721.70187468673,4742439
2022-05-05,36554.48046875,37211.93337183258,34582.11408063726,37168.10241040724,5048988
2022-05-06,38351.5234375,38702.16345393564,35239.57121489662,35283.402176809206,3568041
2022-05-09,35677.87109375,37913.215467244765,35677.87109375,37606.40643044863,4067895
2022-05-10,37255.765625,37255.765625,33223.378464976806,33223.378464976806,6219349
2022-05-11,36992.78125,37957.047013543306,35064.245883481,37168.101250799045,4609234
2022-05-12,34450.625,37913.21719694917,34406.7940386202,35984.68561169798,4887304
2022-05-13,32039.95703125,35020.42020408601,32039.95703125,34406.79441688763,4555414
2022-05-16,29804.611328125,33530.18534449538,29804.611328125,32478.257660006715,7106931
2022-05-17,31820.806640625,31864.63760328455,27744.58662449196,27876.07759275431,6648564
2022-05-18,33661.6796875,33924.66162004973,31776.97519765486,32434.431948745456,3469371
2022-05-19,33354.8671875,34406.794930141914,31557.824600392167,31557.824600392167,3151161
2022-05-20,31996.126953125,33749.34041451448,31820.80503107119,33091.88368674174,4241239
2022-05-23,31776.974609375,33091.88424778101,31470.163640224426,31996.12749558683,3257455
2022-05-24,32653.58203125,32653.58203125,31557.82336885434,31689.31433155317,2274118
2022-05-25,34932.7578125,34932.7578125,32916.56430932659,32916.56430932659,5115814
2022-05-26,35064.24609375,36466.81762685026,34932.75705222032,35853.19186122532,3712906
2022-05-27,35940.85546875,37036.614170467205,35064.24773948972,35108.07870186763,4624707
2022-05-30,36466.8203125,37913.2190730106,34801.26673424596,35853.194501683734,6567609
2022-05-31,36379.15625,37474.914916667054,35940.85431910616,36466.81817195175,3005173
2022-06-01,38921.31640625,38921.31640625,35414.88953318563,36466.81721116171,7897188
2022-06-02,38132.37109375,39491.10782750008,38132.37109375,39403.44974626509,4224196
2022-06-03,39447.27734375,39666.4321480662,36861.289047143415,37913.21675013135,6335286
2022-06-06,37255.765625,40718.36178503534,37255.765625,38833.65725442628,8112691
2022-06-07,39403.44921875,39403.44921875,36817.46098800613,37255.76290661048,5870865
2022-06-08,38526.84375,39885.58438285881,38439.18182548247,39403.45147687756,7927012
2022-06-09,38439.1796875,38526.84160714178,37562.57584881161,38351.521607290575,3388192
2022-06-10,35765.53515625,38263.86159633956,35765.53515625,37781.72869312456,10110310
2022-06-13,33267.203125,34538.28175911812,33267.203125,33311.034084699306,6904657
2022-06-14,33354.8671875,34582.11494077137,31776.975573537133,31776.975573537133,4782355
2022-06-15,33442.52734375,33968.491187252635,32346.76869654744,33968.491187252635,3817632
2022-06-16,35064.24609375,35677.871859374936,33924.66032257392,34099.9803244243,5875350
2022-06-17,35502.55078125,36028.51461028873,33530.1845026386,33880.82833514185,5397921
2022-06-20,34625.9453125,36028.51689190278,34625.9453125,35327.22918248512,3682408
2022-06-21,32215.27734375,35020.42053508493,32215.27734375,34187.64377013964,4949421
2022-06-22,29979.931640625,32828.90184248398,29979.931640625,31996.127030086736,6025821
2022-06-23,32039.95703125,32039.95703125,28708.853842385663,28708.853842385663,3240636
2022-06-24,31601.654296875,32653.581997374346,31601.654296875,32346.76911148996,1518621
2022-06-27,31601.654296875,32785.071040220544,31338.672371750163,31776.974300480742,3224041
2022-06-28,30242.9140625,31820.80563161469,29804.612128667857,31557.823703428912,5094063
2022-06-29,32346.76953125,32346.76953125,30549.726992815693,30549.726992815693,4644217
2022-06-30,31776.974609375,33486.35905901906,31776.974609375,33091.88424778101,2643907
2022-07-01,31251.01171875,31864.637515426628,30462.06591135116,31601.65557962701,2207068
2022-07-04,30067.59375,31733.14530494016,30023.762789177603,31294.84145586486,3035896
2022-07-05,27963.73828125,30549.726569460487,27963.73828125,29936.102717948565,9548340
2022-07-06,26035.205078125,28402.040507251822,26035.205078125,27218.623752546533,3637110
2022-07-07,26298.1875,26692.66039888723,25158.597845626035,25859.88363910876,3196683
2022-07-08,26604.998046875,27306.28382907589,26517.33804399348,26736.4890110554,1517275
2022-07-11,26166.6953125,26824.15011329519,25640.731471863848,26736.488193378373,1577149
2022-07-12,27963.73828125,27963.73828125,25421.579034044225,25859.882882104863,4282726
2022-07-13,27963.73828125,28752.684055929425,27569.26539391029,28445.87117031536,2821288
2022-07-14,27656.92578125,28051.39867408976,27043.30192118246,27525.43481697008,2268064
2022-07-15,27174.79296875,28445.87165411284,27174.79296875,27613.09490454891,1947610
2022-07-18,27481.60546875,27919.90739831556,27130.961621438084,27306.28354509404,1953441
2022-07-19,28051.3984375,28095.22939846238,27481.60554357024,27481.60554357024,2347897
2022-07-20,29760.78125,29760.78125,28095.229673439346,28489.702566812884,9816094
2022-07-21,29147.158203125,29804.613043775666,29015.667234994868,29804.613043775666,2162890
2022-07-22,28928.00390625,29760.78063724204,28928.00390625,28928.00390625,1911730
2022-07-25,28840.34375,28884.174710253363,27963.73798294615,28533.530867658865,2705127
2022-07-26,29190.986328125,29322.477292120453,28621.19343062221,28796.51343613865,2619912
2022-07-27,28226.720703125,29015.666491695225,28095.22973836329,29015.666491695225,2122750
2022-07-28,28621.193359375,29322.47721912752,28402.040473450623,28708.853361915004,3231442
2022-07-29,28928.00390625,30199.082563266307,28928.00390625,29366.30775199048,7257627
2022-08-01,29234.81640625,29366.307366273428,28489.70160602262,29278.647366163204,2626639
2022-08-02,29716.951171875,29979.933108607216,29366.30922947082,29453.969235142788,4542183
2022-08-03,30549.7265625,30593.55560349472,29410.13886146144,29673.12078629466,4979247
2022-08-04,30330.57421875,30900.369039273577,29979.932285967323,30681.21807124893,2894842
2022-08-05,30023.763671875,30242.914642997566,29892.27270525821,30242.914642997566,2327266
2022-08-08,30637.38671875,31031.85960798968,29629.289975042902,30023.762864282577,4586809
2022-08-09,30725.046875,31251.01072995756,30418.235906085585,30593.555911260613,2251470
2022-08-10,30242.9140625,31075.690808327057,30242.9140625,30549.72695195549,1775611
2022-08-11,29585.458984375,30637.386687956863,29366.30801936752,30549.72668589712,2846629
2022-08-12,29673.12109375,29979.93206275694,29453.968207640766,29673.12109375,2475271
2022-08-15,30155.25390625,30593.555837852105,29892.27197940224,30067.593903872825,1709233
2022-08-16,30505.896484375,30944.20034501664,29892.27261524973,30286.74551391232,2760741
2022-08-17,30111.423828125,30900.3696318016,29892.27285589804,30593.556734910824,2537388
2022-08-18,29804.611328125,30242.913250184483,29804.611328125,30242.913250184483,1934829
2022-08-19,28840.34375,29936.102398604467,28621.192788165587,29804.61143756058,4954131
2022-08-22,27700.755859375,28665.021620205724,27525.433939352966,28665.021620205724,6367354
2022-08-23,28226.720703125,28314.38070639405,27174.792985031367,27613.09492109288,2058615
2022-08-24,28445.87109375,28708.853017935293,28051.39820747205,28051.39820747205,2441409
2022-08-25,28796.513671875,29059.495602018746,28226.720769707725,28577.3627033273,2923995
2022-08-26,28358.2109375,29190.98574639789,28182.88901576119,28971.83478401153,2391402
2022-08-29,28182.890625,28182.890625,27174.793836801124,27613.095786600818,3707973
2022-08-30,28270.548828125,28840.34363018678,28226.71978776992,28226.71978776992,2238687
2022-08-31,28270.548828125,28402.039788622627,27919.906906703392,28270.548828125,1574683
2022-09-05,29366.30859375,29541.63052101488,28270.54990784795,28445.87183511284,5295439
2022-09-06,29278.6484375,29848.44133864007,29278.6484375,29453.9684441356,3298044
2022-09-07,27613.095703125,29190.987324953014,27613.095703125,29015.667313449663,4665297
2022-09-08,27174.79296875,28007.56779859768,27087.132965533467,27963.73875684754,2847750
2022-09-09,27481.60546875,27569.265470719867,26517.337768216566,27569.265470719867,2327266
2022-09-12,27832.248046875,28182.88998266632,27481.60611108368,27656.926119121203,1702057
2022-09-13,27481.60546875,28007.567400285425,27174.79258228113,27832.24739634569,1644873
2022-09-14,27174.79296875,27262.45297196653,26736.48911323484,26736.48911323484,2536939
2022-09-15,27130.962890625,27613.095803587792,27130.962890625,27613.095803587792,1242793
2022-09-16,26254.35546875,27130.961235115185,26079.033547590483,27130.961235115185,4080453
2022-09-19,24457.314453125,26342.017060639893,24457.314453125,26298.188017489705,6067083
2022-09-20,23449.216796875,24720.29547578721,23010.9129435842,24544.973550527644,5619031
2022-09-21,22616.439453125,23449.216176428068,21893.24013003249,23230.06329572315,5928945
2022-09-22,23843.689453125,23887.51849421927,22002.81597511128,22002.81597511128,3801934
2022-09-23,22879.421875,23931.349582317183,22879.421875,23887.51862127356,3418467
2022-09-26,21279.615234375,22353.45844244341,21279.615234375,22134.307472529308,4517740
2022-09-27,19811.30078125,21279.61494748136,19811.30078125,20994.71945832052,7146174
2022-09-28,19285.337890625,20381.094700016554,19263.422408888226,19592.15079550713,4094131
2022-09-29,18452.560546875,19964.70762426541,18189.578613391128,19964.70762426541,5342083
2022-09-30,18189.578125,18452.560051422795,17181.4813802847,18101.91812276448,11606731
2022-10-03,17093.822265625,18890.86488291793,17093.822265625,18101.91906268449,6406822
2022-10-04,18189.578125,18277.240046951752,17225.312341260575,17532.123308943013,9643647
2022-10-05,18978.5234375,19131.92987742637,18452.55959759025,18803.203437340875,6487104
2022-10-06,17663.615234375,19066.18686484543,17663.615234375,18912.78041278932,8671747
2022-10-07,16940.416015625,17181.48247694668,16436.36761109488,17093.822469115985,8581822
2022-10-10,18123.833984375,18123.833984375,16326.791422601656,16326.791422601656,5272341
2022-10-11,17181.482421875,18167.665665603825,16874.671435592805,18167.665665603825,6326316
2022-10-12,17795.10546875,18189.57836355773,17181.481605621168,17312.972570557078,2895291
2022-10-13,17860.8515625,18321.068970935863,17597.86963776059,17795.10512145704,2845732
2022-10-14,18605.966796875,18737.457762218928,18014.25841268546,18189.578419999856,4580530
2022-10-17,18408.73046875,18693.62594756553,17948.511151187355,18408.73046875,3176949
2022-10-18,18408.73046875,18934.69430612664,18321.068549376443,18759.3723870957,4274428
2022-10-19,18671.712890625,18825.11741423049,18299.155482395807,18496.390966869287,2248330
2022-10-20,18671.712890625,18934.694816400457,18211.49356065984,18474.47548643529,3890199
2022-10-21,17729.361328125,18693.627145286267,17378.719387313293,18671.713583755027,6634435
2022-10-24,16502.111328125,17707.445495365704,16502.111328125,17707.445495365704,2550171
2022-10-25,15384.439453125,16940.41559153637,15362.523971786872,15866.57332355673,5198338
2022-10-26,14310.5966796875,15778.911800742846,14310.5966796875,15165.286983672211,3098461
2022-10-27,14902.3056640625,15077.626624857912,13587.396058451664,13587.396058451664,3209914
2022-10-28,14726.984375,15209.118237687111,14661.238891899857,15121.457273600872,2549497
2022-10-31,15384.439453125,15384.439453125,14683.154608744606,14770.815574238964,3713355
2022-11-01,15340.609375,15691.251315539825,15121.457442269,15581.675829103397,2150557
2022-11-02,14814.6455078125,15428.26938383042,14770.815505199262,15340.609378603946,2014437
2022-11-03,15099.5419921875,15296.778444094838,14244.85166044719,14529.748117741245,1806558
2022-11-04,15515.9296875,15515.9296875,14748.89939524559,14989.965839129409,5501749
2022-11-07,14442.087890625,15822.742072921012,14442.087890625,15559.760141082128,2324350
2022-11-08,13631.2265625,14464.00235688046,13631.2265625,14157.190424184108,2544115
2022-11-09,14025.69921875,14244.851143987546,13806.547293512456,13850.378254474834,1793326
2022-11-10,13061.4326171875,13938.03840793407,13061.4326171875,13609.3119562977,2521467
2022-11-11,12162.9111328125,13346.329793477164,12162.9111328125,13346.329793477164,3612219
2022-11-14,11330.1357421875,11527.372192315706,11330.1357421875,11330.1357421875,3958461
2022-11-15,10541.189453125,10935.662335098885,10541.189453125,10541.189453125,5066479
2022-11-16,11264.3896484375,11264.3896484375,9817.989092538864,9817.989092538864,4529176
2022-11-17,11658.86328125,11921.845217510265,11439.711347747065,11921.845217510265,1567956
2022-11-18,11483.541015625,11878.013908511904,10935.662637631938,11658.862941257928,3005622
2022-11-21,12272.486328125,12272.486328125,11483.540572775946,11615.031532000789,1468389
2022-11-22,12338.232421875,13105.262735579614,12272.486938990089,12688.875317213917,3751029
2022-11-23,12645.0439453125,13149.093270989517,12140.995579493589,12360.147501955686,3159457
2022-11-24,12842.2802734375,12929.941233614887,12403.977392266745,12491.638352444132,1597780
2022-11-25,13061.4326171875,13083.348097906508,12710.789724973998,13039.517136468492,1346845
2022-11-28,13784.6328125,13894.208295504584,13214.8389570748,13346.329920623548,2392522
2022-11-29,14157.1904296875,14288.681395159643,13631.22656779893,14025.69946421536,2792136
2022-11-30,13499.7353515625,14244.85112868312,13192.923424446062,14179.105647168304,8829171
2022-12-01,13718.8876953125,14003.78415066732,13368.24479657794,14003.78415066732,13627672
2022-12-02,13543.56640625,13894.208336851363,12864.196105940408,13609.31188822002,7671592
2022-12-05,13521.6513671875,14376.342660707553,13280.584912044818,14025.699758797891,11898705
2022-12-06,14464.001953125,14464.001953125,13346.329738103666,13499.73522024054,8259799
2022-12-07,14683.154296875,15472.100089992571,14551.663331355405,15450.18460911993,12913435
2022-12-08,15121.45703125,15384.438959435782,14705.069618194591,14858.475103064216,7733485
2022-12-09,14683.154296875,15340.609124472978,14507.83332946825,15209.118158953384,5705368
2022-12-12,15209.1181640625,15691.251064557557,14617.40881902555,14639.324299905556,11458950
2022-12-13,16129.5537109375,16129.5537109375,14902.30599800998,15296.7779286749,8512753
2022-12-14,15713.166015625,16524.02630268909,15691.250535483936,16480.19726212316,5930964
2022-12-15,15713.166015625,15888.486977179216,15384.438612799531,15647.420535059908,4459659
2022-12-16,15559.759765625,16217.215539215937,15384.438801915618,15472.099763699363,3492021
2022-12-19,14639.32421875,16041.89387041604,14639.32421875,15515.930011076744,5762328
2022-12-20,14661.23828125,15121.45664378263,14485.917320237886,14507.832800311187,8361609
2022-12-21,13828.462890625,15187.20253489812,13653.14192487115,15187.20253489812,5134203
2022-12-22,13587.396484375,14113.360343106691,13412.075518083811,14047.614860765232,2816131
2022-12-23,13718.8876953125,13872.293183624128,13455.905761226117,13609.312209395888,1699141
2022-12-26,12886.111328125,13784.632577076503,12886.111328125,13784.632577076503,4152213
2022-12-27,13784.6328125,13784.6328125,12710.789623565854,12820.366066428556,3053611
2022-12-28,14222.935546875,14310.5965082228,13565.48073641176,13828.462660597055,2172982
2022-12-29,14244.8515625,14244.8515625,13916.124144914758,14201.020600249873,1786375
2022-12-30,14135.2744140625,14354.426334844577,14135.2744140625,14266.765374560127,1509874
2023-01-03,15121.45703125,15121.45703125,14069.52931850687,14069.52931850687,5644596
2023-01-04,15055.7119140625,15428.269334734843,14814.645460669588,15340.60932978732,3369580
2023-01-05,15384.439453125,15428.269455943102,14946.136545369523,15165.287519318184,5292972
2023-01-06,14989.9658203125,15756.996111604056,14989.9658203125,15515.929668022847,3054957
2023-01-09,14858.4755859375,15252.948491035822,14836.561064448584,15209.118488199838,1766865
2023-01-10,14551.6630859375,15011.881457494372,14464.002123783486,15011.881457494372,3002707
2023-01-11,14551.6630859375,14792.729532038396,14507.83308478955,14595.49308708545,2303944
2023-01-12,14464.001953125,14683.153875995238,14244.850990112864,14573.57839448917,2243397
2023-01-13,14507.8330078125,14683.153971332176,14464.002047038995,14485.917527425749,1690396
2023-01-16,14595.4931640625,14902.306053290631,14442.087679306556,14573.578643302006,1639716
2023-01-17,15274.86328125,15340.608762458303,14661.238470019774,14683.153950375246,3150712
2023-01-18,15954.232421875,15954.232421875,15252.947617376709,15252.947617376709,6247380
2023-01-19,16217.2158203125,16261.044862176905,15910.402928680389,16129.553897151178,4412566
2023-01-27,16217.2158203125,16699.348718834746,15998.06389198358,16348.706785338229,3750357
2023-01-30,15954.232421875,16392.53530470417,15932.317901641303,16217.21530340222,3506596
2023-01-31,17049.990234375,17049.990234375,15822.741577505183,15910.402538659497,5851803
2023-02-01,16655.517578125,17641.700765069734,16436.366612011163,17641.700765069734,8344117
2023-02-02,16348.70703125,16852.7554181443,16041.894135002907,16743.179932260708,4541734
2023-02-03,16787.0078125,16808.92329210261,16348.705899312394,16348.705899312394,3771211
2023-02-06,17312.97265625,17575.954587423486,16502.1113818457,16655.51782831628,5418552
2023-02-07,16874.669921875,17838.9356775729,16655.517043084972,17181.48088063516,3617376
2023-02-08,16611.689453125,17093.82237305906,16261.045584339916,16874.671394855643,2470338
2023-02-09,16852.755859375,16984.246829821204,16502.11199170757,16611.68940017635,2587396
2023-02-10,16173.384765625,16874.670548297134,16107.638323632496,16655.517661371705,3004950
2023-02-13,15055.7119140625,16085.724171132011,15055.7119140625,16085.724171132011,6129201
2023-02-14,15252.9482421875,15559.760176750133,15143.37275695616,15340.609206287454,1408513
2023-02-15,15494.0146484375,15559.760131356124,15252.948197688584,15318.69368060721,2162442
2023-02-16,15625.505859375,15756.996827274806,15340.609402164186,15515.930372744544,4445980
2023-02-17,15866.5732421875,16041.894212418954,15625.505828278836,15625.505828278836,3877506
2023-02-20,16655.517578125,16699.348539234263,15954.23275881611,15954.23275881611,3043072
2023-02-21,16458.28125,17006.160556952676,16436.36577056731,16808.92316177461,6183918
2023-02-22,16129.5537109375,16677.43304550554,16129.5537109375,16217.215633086777,4279810
2023-02-23,15866.5732421875,16085.72421501228,15340.609371634991,16085.72421501228,3652135
2023-02-24,15559.759765625,16129.553617574076,15494.014284251718,15998.063614685623,1578943
2023-02-27,14814.6455078125,15537.845830150736,14814.6455078125,15428.26938383042,2839677
2023-02-28,14201.0205078125,15121.457271059864,13784.63308815364,15033.797266846494,5276826
2023-03-01,14946.1357421875,14946.1357421875,14069.529013925872,14113.35997424672,2171860
2023-03-02,14792.7294921875,15231.032382060572,14792.7294921875,14902.305934549351,1468389
2023-03-03,14464.001953125,14968.051279740735,14464.001953125,14858.474838376564,1894687
2023-03-06,14420.171875,14858.474758526929,14420.171875,14683.153797087776,2109295
2023-03-07,14288.681640625,14683.15454381808,14179.106154135194,14464.002610980318,3023562
2023-03-08,14683.154296875,14726.984298762154,14135.274953923976,14288.681400316214,1797363
2023-03-09,14726.984375,14902.306303172478,14639.324370771898,14858.47534120029,2498817
2023-03-10,14946.1357421875,15055.711223273416,14639.323819232077,14726.983820157568,3567592
2023-03-13,14683.154296875,14902.306226027036,14639.324294987846,14639.324294987846,1577374
2023-03-14,14332.51171875,14705.070102522568,14222.936231682974,14683.154621165902,2309101
2023-03-15,14814.6455078125,14902.306472897122,14464.002607332151,14661.239058878946,1822704
2023-03-16,14507.8330078125,14726.983972247568,14507.8330078125,14726.983972247568,1206913
2023-03-17,14529.748046875,14726.984497820353,14420.172560746963,14726.984497820353,1093666
2023-03-20,13981.869140625,14573.57847163457,13916.123659401715,14573.57847163457,2243845
2023-03-21,14113.3603515625,14244.851316324204,13631.226494150207,14244.851316324204,1584102
2023-03-22,14025.69921875,14376.342107158447,14025.69921875,14376.342107158447,830397
2023-03-23,13916.1240234375,14003.784027456262,13850.37854049436,14003.784027456262,1424436
2023-03-24,14201.0205078125,14222.935988794912,14047.615020510031,14113.36050359913,1275982
2023-03-27,14420.171875,14485.917355521944,14266.765433829432,14442.08735512668,1634109
2023-03-28,14551.6630859375,14902.30597469544,14507.83308478955,14551.6630859375,2895291
2023-03-29,14705.0693359375,14858.474817862578,14464.00193315563,14464.00193315563,2358213
2023-03-30,14858.4755859375,14858.4755859375,14748.900098918462,14858.4755859375,2185092
2023-03-31,14989.9658203125,15077.62678155026,14858.474858384912,14858.474858384912,2535370
2023-04-03,15187.2021484375,15340.608589479794,15121.45666797053,15165.286668329143,5275032
2023-04-04,16239.12890625,16239.12890625,15055.711215501911,15252.94765726961,8302855
2023-04-05,16414.451171875,16633.60213852847,16063.809241286204,16304.875688548267,2821513
2023-04-06,16282.9599609375,16502.110924266588,16282.9599609375,16304.875441213651,4525140
2023-04-07,16414.451171875,16655.517619137063,16019.978280069015,16239.129246722485,3133893
2023-04-10,16502.111328125,16743.17969734615,16348.706801870076,16567.857770562474,3342222
2023-04-11,16962.330078125,17028.074598567513,16436.36623572012,16436.36623572012,3857772
2023-04-12,17444.462890625,17444.462890625,17093.82097033014,17356.802890480332,3642717
2023-04-13,16655.517578125,17488.294320903555,16655.517578125,17488.294320903555,3498972
2023-04-14,16787.0078125,17115.736167106854,16655.516854600486,17006.160688809956,2633143
2023-04-17,16261.044921875,16787.00878390884,16239.129441004212,16655.51781840038,1236963
2023-04-18,16611.689453125,16611.689453125,16173.385577001814,16304.876547867136,1325092
2023-04-19,16874.669921875,17049.989921247616,16524.026083697423,16677.432522935593,1280242
2023-04-20,16545.94140625,17071.905238799987,16524.025926607723,16677.432364387496,1944696
2023-04-21,16589.7734375,16962.3308563434,16567.857956441632,16962.3308563434,2617221
2023-04-24,17006.162109375,17312.97309029174,16567.85823985868,16589.773721291946,1661244
2023-04-25,18189.578125,18189.578125,17093.82137804918,17093.82137804918,9030996
2023-04-26,18321.068359375,18605.965754952136,17992.341924281798,18430.6438377394,3490227
2023-04-27,17970.427734375,19044.27095490325,17970.427734375,18386.81611781619,2483344
2023-04-28,17970.427734375,18233.409669209825,17575.954832122763,18058.08773941451,3041278
2023-05-04,18584.05078125,18847.032704370187,18058.086935009625,18058.086935009625,2441185
2023-05-05,17926.595703125,18627.881460775843,17795.104743547727,18496.390501198573,2116471
2023-05-08,17312.97265625,18408.73134271162,17269.14169448233,17926.59652241605,5095408
2023-05-09,17707.4453125,17795.10531512844,17093.821454668458,17269.141459925333,2932068
2023-05-10,17575.955078125,18101.91895515632,17575.955078125,17751.27701037421,1614151
2023-05-11,17729.361328125,18058.087787689168,17685.530365629926,17751.27680937254,2346775
2023-05-12,18167.6640625,18321.0685822466,17641.70022417972,17729.360223994376,3359488
2023-05-15,18255.32421875,18540.221620234217,18036.173257477305,18408.73065952736,2398801
2023-05-16,17773.19140625,18277.239770997403,17729.360445935894,18277.239770997403,3291765
2023-05-17,17685.529296875,18058.08669642021,17663.613816951838,17838.935736620955,2701315
2023-05-18,17269.140625,17707.444456383633,17181.480626609733,17707.444456383633,3451879
2023-05-19,17071.90625,17400.63270495673,17006.161726895163,17400.63270495673,2573716
2023-05-22,17159.56640625,17312.972854477026,17006.16187773926,17049.990920292494,2161545
2023-05-23,17006.162109375,17400.63309630848,17006.162109375,17400.63309630848,2015559
2023-05-24,17137.650390625,17269.141353616316,17006.16134734991,17225.31231243003,1295043
2023-05-25,17312.97265625,17444.463621836745,17071.906205960346,17071.906205960346,2311344
2023-05-26,17181.482421875,17400.633400607472,17181.482421875,17400.633400607472,2038207
2023-05-29,17488.294921875,17532.123964774175,17203.397504306995,17203.397504306995,1937071
2023-05-30,17685.529296875,17992.342176366907,17554.03833705221,17663.613816951838,3137032
2023-05-31,17860.8515625,18080.002526544107,17795.10512145704,17838.936082152348,3683530
2023-06-01,17619.78515625,18058.087085287007,17466.378713200556,18036.173524608133,5118057
2023-06-02,17554.0390625,17904.68291632913,17466.379058900846,17729.360989414567,5288487
2023-06-05,18781.2890625,18781.2890625,17619.785834308117,17795.10584478323,13421811
2023-06-06,18737.45703125,19197.67635185821,18671.712511000933,18890.863471452736,6404803
2023-06-07,19504.48828125,19723.639252586072,18605.96699511257,18890.86440967923,9683338
2023-06-08,18781.2890625,19679.810355262915,18781.2890625,19614.063911547528,6761809
2023-06-09,19504.48828125,19504.48828125,18759.37344293433,18912.779890756094,5998462
2023-06-12,19745.5546875,20337.26499632684,19372.997269213163,19723.63920647437,5403303
2023-06-13,19329.16796875,19986.620872441315,19110.015081136644,19942.791830691647,5389176
2023-06-14,18934.6953125,19460.65917783146,18912.77983149181,19416.82821581508,3928186
2023-06-15,19088.099609375,19307.25249709136,18868.948641374893,18934.69508360468,3033654
2023-06-16,18627.8828125,19438.74410868567,18627.8828125,19241.506695149223,4352692
2023-06-19,18759.373046875,18890.864010843783,18496.39111893744,18649.797563520387,2994409
2023-06-20,19066.185546875,19066.185546875,18759.37266397155,18847.03266492273,2729122
2023-06-21,19372.99609375,19592.148970992825,19044.26965746001,19153.84513622334,3925272
2023-06-22,19570.234375,20030.45179053055,19241.506004149964,19482.57245225799,5776455
2023-06-23,19351.08203125,19657.894930030005,19110.01557637269,19657.894930030005,3574545
2023-06-26,19592.150390625,19592.150390625,18847.03362555467,19241.50652951556,4328697
2023-06-27,20468.755859375,20731.73779092164,19767.470068678555,19855.13007262201,8842849
2023-06-28,20074.283203125,20556.41611017829,20030.452240768776,20556.41611017829,3469371
2023-06-29,19592.150390625,20293.434273411272,19592.150390625,20118.112342856555,4834830
2023-06-30,19723.638671875,19986.620597621983,19482.57222655964,19614.063189433127,2934984
2023-07-03,19986.62109375,20249.603026024983,19767.470123426272,20052.367536676884,2083282
2023-07-04,20249.603515625,20490.671892469243,20052.36802150809,20052.36802150809,3308359
2023-07-05,20512.583984375,21170.038783846907,20249.60206458624,20424.923984350804,5028582
2023-07-06,20731.73828125,20907.05829328342,20403.009899183788,20665.99183695023,5290954
2023-07-07,21038.548828125,21082.379790087245,20534.50044442428,20731.737853538107,4887079
2023-07-10,21476.8515625,21498.767042332027,20994.71868506014,21213.869643948045,4493521
2023-07-11,21148.123046875,21608.342360769868,21126.209486922427,21476.851402473643,4337218
2023-07-12,20972.8046875,21257.70210601936,20819.398237549856,21257.70210601936,3117972
2023-07-13,21476.8515625,21476.8515625,20972.803205228112,21148.123204451967,2890806
2023-07-14,21367.27734375,21739.834763727227,21279.615419249745,21454.93734853397,3740713
2023-07-17,21191.955078125,21630.25893452103,21126.210555509537,21367.277004626663,3774576
2023-07-18,21191.955078125,21433.021527242126,20972.80410978512,21235.78603967948,2560486
2023-07-19,21191.955078125,21827.49442208368,21191.955078125,21367.277004626663,4302235
2023-07-20,20972.8046875,21279.61566768397,20972.8046875,21213.87114325752,2823531
2023-07-21,21608.34375,21608.34375,20950.8889162502,21038.548920844747,4112071
2023-07-24,22090.4765625,22309.6275329284,21564.51269769884,21696.00366389913,5625310
2023-07-25,22002.81640625,22528.780267417173,21827.494479288856,22353.458340456025,4174413
2023-07-26,21849.41015625,22221.967574634884,21783.665632872093,22046.64756581628,3430800
2023-07-27,21411.10546875,21849.40931331971,21126.209985481702,21849.40931331971,5875573
2023-07-28,21805.578125,21827.49360495682,21389.19168468517,21564.51168490736,2708715
2023-07-31,21761.75,22134.3074157854,21717.919038243035,21915.15644643311,3047781
2023-08-01,21301.53125,21783.66608351589,21301.53125,21783.66608351589,4574251
2023-08-02,21279.615234375,21433.021681201382,21170.039749417945,21323.44619624433,3090837
2023-08-03,21871.326171875,22002.817141561085,21279.615848429465,21323.4468115636,6778404
2023-08-04,21717.91796875,22002.81536670804,21652.173449068392,21958.98440710952,4697812
2023-08-07,22879.421875,23241.021544461222,22583.566727387984,23241.021544461222,4743934
2023-08-08,22583.56640625,23076.658951830334,22484.948665020416,23076.658951830334,2791763
2023-08-09,22090.4765625,22616.44042730116,21926.11237482057,22583.567205822023,3385427
2023-08-10,21761.75,22221.96741958306,21728.87677868228,22090.47645402844,2414574
2023-08-11,21630.259765625,21958.98623076556,21268.660078055487,21761.75073562449,2328462
2023-08-14,22090.4765625,22254.84075017943,21564.51269769884,21860.36785157856,2575287
2023-08-15,22221.966796875,22715.057423958307,22123.34905540158,22287.71323766809,2371518
2023-08-16,22090.4765625,22353.45849490058,22024.732039258,22221.96752870029,1207063
2023-08-17,22254.83984375,22583.566286003712,21991.85792206055,22287.713063890227,2617147
2023-08-18,20709.822265625,22123.34966472986,20709.822265625,22123.34966472986,3842598
2023-08-21,19920.876953125,20709.82276510186,19657.89501579938,20578.33179643905,2364641
2023-08-22,20282.4765625,20315.349784474,19197.677514804644,20052.367848114587,1881906
2023-08-23,20578.33203125,20841.3139715764,20315.3500909236,20315.3500909236,1589185
2023-08-24,20709.822265625,20709.822265625,20446.840334641944,20512.58485752957,1479601
2023-08-25,20578.33203125,20939.93171926972,20413.96783861692,20808.44074910652,1102562
2023-08-28,20841.3125,20939.930240730053,20578.33057824239,20742.694759269943,1393489
2023-08-29,21005.677734375,21433.021938873502,20874.18676690247,21005.677734375,1970260
2023-08-30,21367.27734375,21465.895089096502,21038.54896630661,21038.54896630661,1850511
2023-08-31,22813.677734375,22813.677734375,21531.641299587984,21564.51260120376,5366302
2023-09-05,23504.00390625,23865.6035824029,23372.51294040201,23405.386161793074,4092413
2023-09-06,23504.00390625,23766.985837945977,23175.277451488164,23635.49487209799,4889098
2023-09-07,23438.259765625,23865.603971816712,23405.386543697543,23602.62203582968,3418467
2023-09-08,25049.021484375,25049.021484375,23043.785758274644,23208.149940325624,12077058
2023-09-11,24786.041015625,25574.986832111965,24786.041015625,25443.49586269748,7132047
2023-09-12,25246.259765625,25312.00428890429,24424.440746478034,24786.04042380484,4888500
2023-09-13,24983.27734375,26265.31375989074,24851.786380050533,25607.85894139341,6319813
2023-09-14,25344.876953125,25969.458549268384,24917.53084219901,25114.76824713264,6044584
2023-09-15,25344.876953125,25969.458549268384,24983.27728374896,25640.732100667323,3560342
2023-09-18,24588.8046875,25607.85918597483,24391.567280208863,25377.750477232046,4930360
2023-09-19,25246.259765625,25509.241698174726,24588.80493425068,24917.531390079705,4633603
2023-09-20,25969.458984375,26692.660254960225,25476.368343353777,25509.241564679527,6444048
2023-09-21,26068.076171875,26725.530985766825,25903.713908189213,26232.440355277013,6011843
2023-09-22,25114.767578125,25903.71333741108,24621.676958500248,25509.240457768043,8290373
2023-09-25,23668.3671875,26035.204482164856,23668.3671875,24720.29487401772,8594306
2023-09-26,23668.3671875,24786.03939456697,23668.3671875,24786.03939456697,5626582
2023-09-27,24654.548828125,24654.548828125,23438.25886092033,23997.09401353482,5424607
2023-09-28,25443.494140625,26166.695383315004,24687.421597593417,24687.421597593417,7455864
2023-09-29,25509.2421875,25903.71509389148,24851.787343514203,25903.71509389148,4657523
2023-10-02,25805.09375,26692.65917147028,25377.74956897674,25443.49408924332,7170767
2023-10-03,24424.439453125,25640.731306689973,24194.33075425806,25443.493907863896,8975980
2023-10-04,24917.53125,25476.368333455608,23997.0944912504,24062.840933876363,4561843
2023-10-05,24917.53125,25837.968008749594,24917.53125,25114.76865816161,6163137
2023-10-06,25706.4765625,25706.4765625,24654.54885788591,24950.40400473768,4935742
2023-10-09,26659.787109375,26659.787109375,26002.33227957345,26100.95002411461,8515520
2023-10-10,26298.1875,27744.58620953691,26298.1875,27120.004599561194,8013798
2023-10-11,26725.53125,26725.53125,25969.45868647823,26528.295763740512,5730185
2023-10-12,26363.931640625,27185.750647974008,26166.696153902336,26889.89549817377,5989269
2023-10-13,26791.27734375,26824.150564271484,25837.967386640576,25969.45834901028,5304110
2023-10-16,25903.71484375,27087.13355149665,25903.71484375,26791.27839463092,5699239
2023-10-17,24128.5859375,26462.550142328422,24128.5859375,26166.696903766107,6315926
2023-10-18,23043.787109375,24654.550044824777,22484.95000946573,24654.550044824777,9633929
2023-10-19,22879.421875,23438.25894944131,22682.186389736147,23043.78605919737,5340887
2023-10-20,23241.021484375,23306.767925770466,21728.8763688741,23010.91277892334,5535686
2023-10-23,22419.205078125,23536.87733796207,22221.96766773241,23372.51314925429,2908821
2023-10-24,22320.5859375,22649.31432263914,21827.495279507624,22649.31432263914,3392304
2023-10-25,22452.076171875,23109.531000892654,22386.33164883137,22386.33164883137,3124550
2023-10-26,20907.056640625,22024.730747640784,20907.056640625,22024.730747640784,7140568
2023-10-27,20907.056640625,21170.03855760328,20052.366370303665,21038.547599114143,3115729
2023-10-30,19723.638671875,20907.05733773642,19723.638671875,20874.18603680521,2278529
2023-10-31,18342.984375,19986.620437927784,18342.984375,19789.384955051584,6197522
2023-11-01,19033.3125,19066.185720549714,18014.25802068863,18310.111246487395,4423555
2023-11-02,20348.22265625,20348.22265625,19394.91267342475,19460.65911624124,4065951
2023-11-03,20315.349609375,20841.31347756052,20052.36767528224,20775.567034179185,3574694
2023-11-06,20578.33203125,20709.8230014132,20183.8591207604,20709.8230014132,2307084
2023-11-07,20939.931640625,21367.277771979487,20052.36807528593,20381.09453960116,3483798
2023-11-08,22189.09375,22221.96697065362,20742.695077835604,20939.930562324847,4006151
2023-11-09,22057.603515625,22747.93157357011,22057.603515625,22221.96770460551,4617606
2023-11-10,21728.876953125,22320.58534301301,21564.512764933108,21696.00373154337,4661111
2023-11-13,21958.984375,22320.58403201053,21564.51149833865,21728.87567687659,3450310
2023-11-14,22386.33203125,22682.187189291013,22090.47687320899,22287.714285141763,3938876
2023-11-15,22287.712890625,23043.785429675387,22254.839670740326,23010.91220979072,3340727
2023-11-16,22616.439453125,22879.421374197947,22090.4756109791,22221.96657151558,3197207
2023-11-17,22024.732421875,22879.42275716656,22024.732421875,22682.18726429786,4999728
2023-11-20,22287.712890625,22452.075150616,21630.25809151245,21630.25809151245,3115580
2023-11-21,22583.56640625,22682.18606719579,22386.33092379083,22682.18606719579,2211553
2023-11-22,23208.150390625,23208.150390625,22583.56687065595,22583.56687065595,4791624
2023-11-23,22024.732421875,23569.75082163964,22024.732421875,23504.0043775392,4734814
2023-11-24,22320.5859375,22320.5859375,21433.022369170456,22221.9681898448,4737505
2023-11-27,22780.8046875,23142.40436577283,22550.69597584604,22583.567277713548,4069838
2023-11-28,23668.3671875,23668.3671875,22682.18594124774,22879.42142261171,8575918
2023-11-29,23734.11328125,23997.09522031102,23504.00456450069,23832.732948185127,3905837
2023-11-30,23339.640625,24128.5844661049,23273.89418507348,23832.73124558413,4716276
2023-12-01,23832.732421875,23997.094690371203,23372.513078823304,23536.877267035787,4907636
2023-12-04,24555.931640625,24720.295827914862,24358.69615165018,24457.313896137588,5096903
2023-12-05,24292.94921875,24654.5488877196,24194.331476252155,24588.80436595977,4754847
2023-12-06,24654.548828125,24950.40397461964,24194.331417769987,24194.331417769987,3851718
2023-12-07,24194.33203125,24687.42267476656,23504.00397849705,24687.42267476656,6805389
2023-12-08,23734.11328125,24260.07715937204,23602.62231171949,24260.07715937204,3334298
2023-12-11,23734.11328125,23865.60425078051,23405.386817281887,23799.85972587342,3010033
2023-12-12,23799.859375,23997.094866529827,23635.49518558095,23734.112931345862,2124993
2023-12-13,23898.4765625,24292.94945606112,23766.985597979627,23964.22300461832,4554816
2023-12-14,23536.876953125,24194.331777490188,23536.876953125,24128.58533519554,1813285
2023-12-15,23405.38671875,23799.85962568088,23208.15122514272,23536.87768772696,2136205
2023-12-18,22945.16796875,23471.131814435743,22945.16796875,23405.38537386692,3267023
2023-12-19,23602.62109375,23602.62109375,22912.29497912506,23076.65916248557,2543144
2023-12-20,24457.314453125,24490.18767527488,23734.11316440928,23766.98638655916,5734820
2023-12-21,24621.677734375,24950.404184578223,24227.204842301388,24391.56710754488,5259111
2023-12-22,24588.8046875,24851.78661741068,24358.69597875722,24818.913396242784,3863528
2023-12-25,25542.115234375,25805.09525044861,24786.04072919179,24851.787172997418,7208740
2023-12-26,25246.259765625,25772.223630724453,25114.76879935013,25772.223630724453,4483206
2023-12-27,24818.9140625,25509.24212697628,24818.9140625,25344.877936440724,5628077
2023-12-28,24818.9140625,25279.13341205629,24786.040840449627,24818.9140625,3755739
2023-12-29,24720.294921875,25180.51232575936,24687.42170167863,24884.65910314064,3909126
2024-01-02,25016.150390625,25279.132316194984,24720.295244429715,24884.659427840008,4525066
2024-01-03,25377.75,25542.11418303235,24983.27711255209,24983.27711255209,4939181
2024-01-04,25312.00390625,25837.9677633982,25312.00390625,25574.9858348241,7092579
2024-01-05,25180.513671875,25640.733020078256,25114.76914768385,25377.75108388105,3144134
2024-01-08,24917.53125,25443.495112142627,24917.53125,25180.51318107132,3354630
2024-01-09,25443.494140625,25509.24058074054,24983.27673868097,25049.021259080324,5018117
2024-01-10,25837.96875,26725.53231289941,25542.11550884441,25542.11550884441,6934856
2024-01-11,25673.603515625,26100.94962844688,25509.241250453404,26100.94962844688,5986428
2024-01-12,25246.259765625,25772.223630724453,25081.895577852352,25443.49525517916,4765910
2024-01-15,25246.259765625,25837.96815400375,25246.259765625,25574.986221454023,2460620
2024-01-16,25476.3671875,25509.240407334302,25016.14978868443,25246.25848809221,2166105
2024-01-17,25509.2421875,26133.82380935743,25509.2421875,25640.73315629716,3566173
2024-01-18,25476.3671875,25673.60266707348,25312.00300804465,25673.60266707348,1670363
2024-01-19,25246.259765625,25739.35040922667,25246.259765625,25574.986221454023,2255805
2024-01-22,25279.1328125,25607.85926605825,25016.15088176689,25607.85926605825,2232483
2024-01-23,25476.3671875,25739.34910674209,25180.512048423603,25377.74944771326,2340422
2024-01-24,25443.494140625,25903.713462285217,25410.62284028342,25476.36736068277,2671116
2024-01-25,25279.1328125,25476.36830069169,25279.1328125,25443.495079420994,1033344
2024-01-26,25147.642578125,25443.495819012405,25114.769355898738,25312.00484982368,1804913
2024-01-29,25180.513671875,25410.62430583478,25147.64236963758,25213.386893828727,3405610
2024-01-30,24983.27734375,25114.768307449467,24654.54897464321,24983.27734375,9009169
2024-01-31,24457.314453125,25213.38704427428,24457.314453125,25213.38704427428,3589794
2024-02-01,24687.421875,24884.659277846746,24194.331247457463,24325.822209449885,2448810
2024-02-02,25180.513671875,25312.0046399736,24786.0407675792,24786.0407675792,3023338
2024-02-05,26100.94921875,26626.913066362227,25246.258926238235,25246.258926238235,9944590
2024-02-06,26561.169921875,26758.405415093755,25969.459602786115,26100.95057150405,5085093
2024-02-07,26791.27734375,27218.6234513806,26692.65960190177,26692.65960190177,4345666
2024-02-15,26429.677734375,27284.36803177014,26331.058072597072,26955.641584992387,4631061
2024-02-16,27251.49609375,27251.49609375,26298.18800942638,26298.18800942638,5291104
2024-02-19,27152.876953125,27810.33176358824,26988.51277058013,27251.49469476543,4069539
2024-02-20,27185.75,27284.36774101077,26725.530675756065,27284.36774101077,4223823
2024-02-21,27120.00390625,27744.58550025856,26889.895201044143,27317.241310509467,4247893
2024-02-22,27152.876953125,27415.858877310293,27054.25921148457,27120.003732672783,2413976
2024-02-23,26626.9140625,27876.0772874533,26626.9140625,27185.751151423665,6908694
2024-02-26,28073.314453125,28270.54994178301,26561.169307692657,26659.787052021664,7231315
2024-02-27,28073.314453125,28270.54994178301,27876.07704475072,28270.54994178301,3154300
2024-02-28,28073.314453125,28599.278315834734,27843.20574311856,28204.80541880244,3997929
2024-02-29,27580.22265625,28402.03971751553,27185.74977574472,28270.548757347104,7572922
2024-03-01,28204.8046875,28599.27757430429,27382.98569339534,27580.223096655594,6488150
2024-03-04,27941.822265625,28730.768025191068,27908.949045714035,28336.29514540804,3716570
2024-03-05,28204.8046875,28237.67790799608,27613.094397435456,28007.567284239747,3774426
2024-03-06,27645.96875,28139.059398767768,27448.73325837941,27941.823907147176,3290794
2024-03-07,27678.841796875,27843.20598533069,27415.859863232414,27613.09535360621,3095547
2024-03-08,27843.205078125,28270.549266582973,27350.11444854043,27678.840895024736,5575602
2024-03-11,27777.458984375,28402.040584307368,27448.732533779737,27843.2054263238,5624788
2024-03-12,28697.896484375,28928.0051977829,27613.095521571624,27777.459711027102,11343910
2024-03-13,29059.49609375,29519.7154391473,28566.405446315694,28862.260602662795,5109162
2024-03-14,29585.458984375,30210.040578447675,28928.004169636333,29125.24157391605,7500116
2024-03-15,29059.49609375,29421.097693603697,28632.15188982229,29322.478028343805,5686531
2024-03-18,27744.5859375,29059.495587564696,27087.133032183912,29026.62428610027,8989136
2024-03-19,27744.5859375,28402.040762532342,27613.09497249353,27810.332379861364,1774266
2024-03-20,28204.8046875,28237.67790799608,27547.34987615952,27810.33180069571,2080292
2024-03-21,28336.296875,28500.66106487111,28171.93268512889,28270.55043116504,2971462
2024-03-22,28270.548828125,28829.38589016896,28139.057867627373,28533.53074912025,3961750
2024-03-25,27908.94921875,28336.295321093552,27744.58503789229,28139.057920121068,4143093
2024-03-26,28106.1875,28270.54976628929,27613.09494198337,27744.58590684456,2173730
2024-03-27,28632.150390625,28829.38587138483,28106.186548977188,28336.29524976906,3969225
2024-03-28,28632.150390625,28895.132311448902,28402.03977011694,28895.132311448902,2335638
2024-03-29,28204.8046875,28632.15079480037,28106.186945727983,28599.27757430429,2643608
2024-04-01,28073.314453125,28270.54994178301,27876.07704475072,27941.823487447567,2313961
2024-04-02,28533.53125,28533.53125,27777.45869379554,27941.822877231883,2938572
2024-04-03,28402.041015625,29190.98681269417,28402.041015625,28402.041015625,6408915
2024-04-04,28007.568359375,28467.787704838032,27941.823835575306,28336.29673752235,2571250
2024-04-05,27284.369140625,27908.950758687504,27284.369140625,27613.09560076242,3802233
2024-04-08,26889.89453125,27547.349329544784,26889.89453125,27284.36741022687,2939319
2024-04-09,27251.49609375,27284.3693158898,26659.78769381521,26955.64285364076,1746309
2024-04-10,27054.259765625,27613.094926177964,27054.259765625,27613.094926177964,1085669
2024-04-11,26955.642578125,26955.642578125,26659.78742132341,26758.40516701851,2010476
2024-04-12,27382.986328125,27514.477293441018,26955.642130635133,27218.62406126717,1726127
2024-04-15,25476.3671875,27415.85836198138,25476.3671875,27350.113842028943,3821519
2024-04-16,25147.642578125,25509.24226346493,24391.56806550256,25476.369041238668,4296032
2024-04-17,25213.38671875,25574.98639858117,25081.89575156445,25246.25994047546,2392299
2024-04-19,25016.150390625,25443.49457988905,24654.548803179103,24917.53072874909,3267920
2024-04-22,26002.33203125,26002.33203125,25246.25946412781,25312.00398662197,2593526
2024-04-23,26068.076171875,26232.440355277013,25673.603283539906,26002.33165034393,2202882
2024-04-24,26824.150390625,26889.894911526146,26068.075922106484,26068.075922106484,1837953
2024-04-25,26824.150390625,26857.02169121748,26396.80428576083,26626.91298848915,1261331
2024-04-26,27087.1328125,27251.495077637872,26363.931550971643,26528.29573582576,2447016
2024-05-02,26659.787109375,27087.13322867508,26298.18743291321,27087.13322867508,1274188
2024-05-03,26363.931640625,26889.89549817377,26298.18711828953,26659.78679042524,2103913
2024-05-06,27941.822265625,27941.822265625,26561.168146242468,26824.150066097824,6882681
2024-05-07,27876.076171875,28270.54905655528,27744.585210314905,28007.56713343509,3099882
2024-05-08,27974.697265625,28566.405663093115,27547.351138738064,27843.206297330275,12279930
2024-05-09,28237.677734375,28599.277398459893,27744.585189114285,27941.822591161814,5934259
2024-05-10,27810.33203125,28336.29588468276,27678.84106789181,28237.67814209317,3181123
2024-05-13,27350.115234375,28040.44136774164,26824.151369114927,27908.95040142662,8923718
2024-05-14,27120.00390625,27580.223236377933,26988.512943315767,27350.11453117208,5370405
2024-05-15,27514.4765625,27843.204926915285,27087.132376362828,27218.6233381857,8767863
2024-05-16,27547.349609375,27843.20475154204,27514.476389197283,27678.84057036966,4503135
2024-05-17,28336.296875,28467.78784295363,27448.73332124208,27547.351067278225,10745835
2024-05-20,28928.00390625,29355.35001186825,28500.65972034796,28533.531020998435,9994257
2024-05-21,29026.625,29026.625,28237.679190557337,28796.514365791994,9103225
2024-05-22,28369.169921875,29552.586706439484,28171.9325113034,29552.586706439484,10797125
2024-05-23,28040.44140625,28434.91430573679,27810.332694811776,28369.16978234713,9946177
2024-05-24,27185.75,28500.65961253096,26594.039714502967,27843.204806265483,13533184
2024-05-27,27448.732421875,27514.476943839523,27185.75049458444,27218.623715424816,2934349
2024-05-28,27613.095703125,27711.71536927648,27382.98698820416,27514.477956689825,5028385
2024-05-29,27810.33203125,28369.16910545136,27580.223325302228,27613.0946263546,8468128
2024-05-30,27777.458984375,27810.3322053494,27284.368348623982,27547.35027698669,4968499
2024-05-31,28040.44140625,28336.29656079416,27843.205916364743,27908.9504397544,5423190
2024-06-03,28139.05859375,28697.89567021464,28007.56762985928,28336.295999444206,6855186
2024-06-04,28204.8046875,28665.022095580232,28171.93146700392,28434.913391540114,7302269
2024-06-05,27810.33203125,28566.40459063052,27810.33203125,28402.04040650373,5595895
2024-06-06,28040.44140625,28467.78752728976,27810.332694811776,27941.82366130737,5530370
2024-06-07,29092.369140625,29519.715261700163,28007.568187017383,28204.80559663526,20350896
2024-06-10,31097.60546875,31097.60546875,29749.822642417123,29782.69586250236,16614248
2024-06-11,31919.423828125,32215.277061748995,31261.96899832234,31722.18833904233,12591291
2024-06-12,31985.169921875,32083.78766534001,31492.07736511745,31985.169921875,6495626
2024-06-13,32215.27734375,32872.73409902407,31787.93314042465,32215.27734375,6232505
2024-06-14,31557.82421875,33924.66161107113,31557.82421875,32215.27713023404,13166465
2024-06-17,33004.22265625,33595.93295932224,32050.91459863669,32215.276865297856,11719753
2024-06-18,32412.515625,33595.93237098787,32281.02274242776,33004.222078277715,8132202
2024-06-19,32576.87890625,33069.96955243159,32445.389859003444,32675.498571259348,8161795
2024-06-20,31985.169921875,32839.86023143217,31557.82380723829,32576.878302381312,13225304
2024-06-21,32813.5625,33342.81288880124,32511.130415457297,32813.5625,5251480
2024-06-24,31263.611328125,32964.77552870979,31188.00522481132,32813.56332208243,9523072
2024-06-25,33418.421875,33418.421875,31150.20408172428,31603.846488549625,8659579
2024-06-26,34023.27734375,34703.74381208881,33569.63687095667,33569.63687095667,7740128
2024-06-27,33569.63671875,34363.51234182953,33078.18935597231,34098.88713413636,4662708
2024-06-28,34212.296875,35157.38856405274,33607.4403440885,33645.24339734139,9802457
2024-07-01,34325.7109375,34628.13921232408,33078.19094434704,34287.90788307608,5834046
2024-07-02,34023.27734375,34325.70944485561,33380.6177676238,34325.70944485561,5300854
2024-07-03,33645.2421875,34854.959045255666,33607.43913560646,34098.88648908743,7490572
2024-07-04,33909.8671875,33985.47329083517,33456.22288862411,33720.84808972964,3963258
2024-07-05,34552.53125,35043.97861001405,34061.08388998596,34136.68999477812,8205548
2024-07-08,34968.3671875,35648.8336201602,34552.529789290165,35081.780179326204,6358236
2024-07-09,34628.13671875,35346.406219380005,34212.295471166195,35346.406219380005,8825330
2024-07-10,33947.671875,34552.532249125,33872.0657680216,34476.92230271399,7513062
2024-07-11,33645.2421875,34325.708639881144,33569.63608371291,33947.6704420808,5225078
2024-07-12,33909.8671875,34250.098491940706,33796.45803249724,33985.47329083517,4399967
2024-07-15,34136.69140625,34703.74489450253,33909.86924306245,33947.6722970216,2953395
2024-07-16,33531.828125,34363.51059791361,33494.0250743098,34287.90449653322,3730860
2024-07-17,32133.09765625,33872.06495082721,31225.809036667968,33569.63669077737,9623698
2024-07-18,33229.40234375,33229.40234375,31906.276274331925,32019.687354527232,3127445
2024-07-19,32511.130859375,33115.99119728704,32322.115603245347,33115.99119728704,2172523
2024-07-22,31792.86328125,32511.13085298241,31603.844185725127,32473.32780176392,3662360
2024-07-23,31755.05859375,32889.16933758952,31755.05859375,32359.91893694188,4971330
2024-07-24,31981.880859375,32208.70300897168,30620.949881511144,31679.45260639024,7318350
2024-07-25,32511.130859375,33040.3812554028,31377.02204515136,31717.255265333308,4732390
2024-07-26,32586.7421875,33078.189553208045,32284.31008596232,32473.32918956524,3360890
2024-07-29,32775.7578125,32813.564705182835,31981.88217594701,32662.348652749253,6050869
2024-07-30,32775.7578125,33758.65255473682,32548.93565356592,33191.59907711791,7420920
2024-07-31,32095.29296875,33040.38272957907,31755.059733387723,33040.38272957907,4621630
2024-08-01,29864.876953125,32133.0965008028,29864.876953125,32095.291529868773,13739050
2024-08-02,29864.876953125,30242.91322445193,28881.98226373173,29562.44870394993,5226130
2024-08-05,28579.5546875,30469.73608864149,28579.5546875,29146.60814798433,5548400
2024-08-06,29411.234375,29638.056534968367,28617.358734827023,29184.41413474793,3593590
2024-08-07,29864.876953125,30129.50215108224,29373.429608428367,29713.662828537465,4088760
2024-08-08,29902.681640625,30507.54009178934,29562.45032161455,29562.45032161455,4699500
2024-08-09,30356.326171875,30469.737252246152,30053.89790402946,30242.915091503844,3973463
2024-08-12,30923.380859375,31150.203014877527,30167.30828751076,30394.12852329702,4077060
2024-08-13,30734.361328125,31150.202580655045,30620.950251954644,30998.98653261708,2891330
2024-08-14,30394.12890625,31225.809513666,30318.522799940733,30998.98735530561,2427100
2024-08-15,30242.9140625,30620.95034430253,29864.87778069747,30394.128191277763,2594280
2024-08-16,31377.0234375,31377.0234375,30318.52259847366,30469.73672980367,5683730
2024-08-19,31717.255859375,32057.48908592928,31188.00545343472,31452.63065640486,5121740
2024-08-20,31755.05859375,31868.469668133952,31377.022319042226,31566.04141625422,4619940
2024-08-21,31528.23828125,31868.46958378513,31490.433310077937,31868.46958378513,3309150
2024-08-22,31679.453125,31906.27527830988,31301.416842722283,31566.04204834505,3020420
2024-08-23,31641.650390625,31906.275598906755,31452.63128772874,31679.453443317747,3326570
2024-08-26,31603.845703125,32133.098044175986,31528.23959705792,31717.256781941906,5211700
2024-08-27,31188.005859375,31717.25627220396,30998.98675781252,31528.239090357725,4147260
2024-08-28,31074.59375,31377.021998793003,30772.163581490808,31188.004823226423,2985450
2024-08-29,31036.791015625,31263.61124467683,30998.986044352856,31036.791015625,1692990
2024-08-30,31188.005859375,31188.005859375,30961.18370538652,31112.39783480676,2071030
2024-09-04,31074.59375,31225.8078743965,30696.55747915065,30847.77160354716,2671630
2024-09-05,30696.55859375,31414.828110359154,30620.95056894831,31225.80900821306,2304250
2024-09-06,30091.69921875,30734.360690573183,29978.28814493224,30507.53854293766,4352010
2024-09-09,30016.091796875,30280.71700117245,29864.87766866449,29864.87766866449,1690000
2024-09-10,29940.486328125,30242.914590965163,29864.87830255682,30242.914590965163,1901770
2024-09-11,29486.841796875,29864.878082497788,29411.233771863936,29864.878082497788,2609230
2024-09-12,29486.841796875,29864.878082497788,29486.841796875,29864.878082497788,1242280
2024-09-13,29675.861328125,29827.075460614706,29562.45024882865,29562.45024882865,1015950
2024-09-16,29486.841796875,29789.270057486723,29486.841796875,29675.860899544525,1723020
2024-09-17,29713.6640625,29789.27016807548,29297.8228029698,29486.841906341026,1562080
2024-09-18,29940.486328125,30129.50351247104,29713.664171136737,29864.87830255682,1831050
2024-09-19,30167.30859375,30167.30859375,29789.27038426401,30129.50362097163,2206750
2024-09-20,30318.521484375,30620.949735921848,30280.71651314449,30620.949735921848,2312830
2024-09-23,30394.12890625,30885.57627612541,30394.12890625,30583.14801145576,2341820
2024-09-24,30583.146484375,30658.754506625293,30356.32433734032,30356.32433734032,1857310
2024-09-25,30809.96875,30885.57485282512,30545.3435506797,30809.96875,3336060
2024-09-26,31263.611328125,31528.23844887152,30809.96894909428,30809.96894909428,5412030
2024-09-27,31074.59375,31414.82696967927,31036.79069882992,31301.415896452847,3346980
2024-09-30,30734.361328125,31074.59455663606,30545.3441476519,31074.59455663606,2376660
2024-10-01,31188.005859375,31225.808911801,30696.55849897204,30734.36155139804,3022500
2024-10-02,31225.80859375,31301.416617548137,30620.9501625136,31074.594465869955,3300050
2024-10-03,30847.7734375,31301.417757375624,30696.55930411356,31225.80973082425,3508310
2024-10-04,30280.716796875,30885.575225352422,30242.91374500648,30847.772173483907,2817360
2024-10-07,30545.34375,30620.949853318474,30318.521600612155,30394.12770393063,1561040
2024-10-08,31339.220703125,31490.43483599193,30583.14811907404,30658.756145365653,6035640
2024-10-09,31830.66796875,31981.882101113468,31377.023651943306,31490.43473114498,5467410
2024-10-10,31717.255859375,32095.292137863235,31566.04173192296,32057.48908592928,3463070
2024-10-11,32737.953125,33002.57832397448,31717.25538046526,31755.058431828413,9720620
2024-10-14,32435.525390625,32889.16969306391,32322.1162347315,32813.56358913491,2372110
2024-10-15,31981.880859375,32473.3282102624,31906.27475598692,32397.72210687432,3692650
2024-10-16,32170.900390625,32662.34774813228,31906.275185769733,31906.275185769733,2011100
2024-10-17,32473.328125,32511.131176594787,31830.6666493076,32511.131176594787,1474200
2024-10-18,31944.078125,32473.32853283879,31868.470101144645,32473.32853283879,2877810
2024-10-21,31377.0234375,31944.07882963288,31377.0234375,31755.05972568316,2172430
2024-10-22,31566.04296875,31830.66818208874,31074.595595487684,31225.809728864635,1843660
2024-10-23,31830.66796875,31830.66796875,31074.59538721637,31566.042757184856,2059590
2024-10-24,31339.220703125,31906.27610102137,31263.612676833385,31868.47112801741,1730170
2024-10-25,31792.86328125,31944.07740584018,31150.201811954583,31452.630061134947,2101840
2024-10-28,32662.34765625,32662.34765625,31755.059048194245,31755.059048194245,3916250
2024-10-29,32851.3671875,33040.3824504663,32548.935087888887,32851.3671875,4085640
2024-10-30,33078.1875,33305.00964235783,32700.14931625952,32889.16840812976,6332430
2024-10-31,33191.59765625,33456.22285710624,32775.756409433445,32775.756409433445,3037580
2024-11-01,32511.130859375,33078.18814606111,32397.721705697208,33078.18814606111,2852200
2024-11-04,32851.3671875,32889.17024009326,32057.489645027734,32586.741979914663,2455310
2024-11-05,33153.796875,33607.44120451423,32700.15254548577,32851.368601801405,4115150
2024-11-06,33645.2421875,33985.47349397435,33229.40093780612,33342.8139329192,4160910
2024-11-07,34741.546875,34741.546875,33305.01167177587,33758.6521447015,8178950
2024-11-08,34628.13671875,35157.387121438966,34401.314569107235,34779.352764989315,4344470
2024-11-11,35422.01171875,36215.887309245896,34703.74223036828,34703.74223036828,7503340
2024-11-12,35308.60546875,35837.855905930366,34854.96113990035,35459.817685411435,3572270
2024-11-13,34854.9609375,35497.62053344456,34401.31661128463,35308.60526371537,8887710
2024-11-14,36291.5,37274.39475967139,34968.3700761761,35119.58613129195,7619950
2024-11-15,35913.4609375,36669.53351643655,35308.604410123786,35913.4609375,4139850
2024-11-18,35686.63671875,36291.49705062432,34817.15503093561,35989.06496497099,3024840
2024-11-19,33267.203125,36442.70931414004,33267.203125,35875.65587161115,8743410
2024-11-20,34552.53125,35422.01297340735,32284.309711910177,33267.20443193827,5210530
2024-11-21,35081.78125,35346.40645309421,34174.49264542986,34703.74305161829,2448550
2024-11-22,35081.78125,35686.637760091784,34968.368254712506,34968.368254712506,3156400
2024-11-25,35573.23046875,36140.283956611296,35081.78308875483,35081.78308875483,2203890
2024-11-26,35913.4609375,35913.4609375,35346.40746315573,35611.03267381189,5790460
2024-11-27,35951.26171875,36556.12204733729,35384.20828023818,35913.458668106854,2494180
2024-11-28,36026.875,36064.67805414837,35535.42761720584,36064.67805414837,4427020
2024-11-29,36329.30078125,36480.51298747373,35686.63738650188,35989.06563838176,2542020
2024-12-02,36518.3203125,37198.78292745927,35989.066066129235,36367.104265046575,5891347
2024-12-03,36178.0859375,37047.57150990214,35989.066834008336,36253.69588255619,2249780
2024-12-04,37803.64453125,37803.64453125,35686.63899387335,36064.67720532484,8805439
2024-12-05,37803.64453125,38030.46669023437,37123.17805429687,37803.64453125,3587610
2024-12-06,37652.42578125,38786.53649492079,37652.42578125,37803.64182288355,3990090
2024-12-09,37539.01953125,37879.25085193392,37047.57215724401,37803.64474498918,2651610
2024-12-10,37501.21484375,38030.46524816752,37123.17664663324,37349.99879701681,2487550
2024-12-11,38332.89453125,38786.53884419524,37312.19674683947,37539.01890331209,4064580
2024-12-12,37728.0390625,38484.111658751295,37387.80389855569,38332.89560372797,2317770
2024-12-13,37350.0,37690.23131681744,37236.59084087171,37690.23131681744,1670890
2024-12-16,37387.80078125,37954.854221300746,37236.588578267045,37236.588578267045,1581840
2024-12-17,37463.41015625,37690.23231997622,37047.57272227916,37501.2170497316,1311830
2024-12-18,37312.1953125,37690.22966580044,37047.57011335997,37652.42661441364,1978080
2024-12-19,36669.53125,37387.80073151047,35686.63657418908,36896.35339360501,5359120
2024-12-20,37274.39453125,37690.23196126315,36593.928046547626,36669.534153925895,3027050
2024-12-23,37879.25,37879.25,37047.5713240152,37425.60568966919,2799940
2024-12-24,38408.5,38710.93209656994,37501.21522858761,38106.071742862536,4061850
2024-12-25,37728.0390625,38635.32387434197,37728.0390625,38332.89560372797,3080480
2024-12-26,37085.375,37954.85674322194,37085.375,37954.85674322194,2534350
2024-12-27,37047.5703125,37312.195513062456,36291.49776240265,37123.17641568001,3629470
2024-12-30,37160.98046875,37387.80262383525,36820.74915583838,37047.57131092363,1106690
2024-12-31,37425.60546875,37425.60546875,37009.7680529285,37009.7680529285,2117440
2025-01-02,37387.80078125,37765.83896757205,37198.78168808897,37425.60383199574,1559870
2025-01-03,36782.9453125,37425.604871899086,36480.51321926609,37425.604871899086,1541800
2025-01-06,36820.75,37312.197374046336,36367.10567942913,36782.94694652453,1626820
2025-01-07,36593.92578125,37009.76702495369,36367.10363372366,36442.709736421646,1725880
2025-01-08,37425.60546875,37614.624570177504,36404.907696247,36669.5329024725,1615510
2025-01-09,37425.60546875,38106.071930229504,37198.7833149235,37425.60546875,2106130
2025-01-10,37425.60546875,38332.894084056,37425.60546875,37501.2154129805,3221270
2025-01-13,37387.80078125,37425.60383199574,36631.72824803823,37349.99773050426,1932710
2025-01-14,37425.60546875,38181.6780350275,37349.999363952,37728.037566807005,1891630
2025-01-15,38559.71484375,38559.71484375,37349.998013557,37576.82015918271,3226080
2025-01-16,38786.5390625,39315.78948410408,38332.89474700148,39315.78948410408,1931670
2025-01-17,39391.39453125,39693.82662640711,38484.109764076085,39088.96627552536,3602690
2025-01-20,38559.71484375,39467.00342625284,38559.71484375,39391.39348475603,1746290
2025-01-21,38408.5,38786.53820099619,38030.46563843629,38559.71604828497,1762930
2025-01-22,37425.60546875,38559.7162378825,37274.393259154,38559.7162378825,3139500
2025-01-23,38030.46484375,38030.46484375,37198.782354710245,37425.60450268178,2632240
2025-01-24,37576.8203125,38408.49895689936,37501.21421012707,38030.464605602334,1515280
2025-02-03,38862.14453125,39693.82704250153,38484.11016748953,38862.14453125,4506060
2025-02-04,39164.57421875,39391.39638105306,38786.53984119999,39391.39638105306,2524730
2025-02-05,41054.7578125,41205.97386787096,39088.96828984095,39315.79045318104,6478290
2025-02-06,40903.5390625,41584.00550769276,40449.89860513724,41205.97115331839,2193490
2025-02-07,40827.93359375,41432.79394535052,40298.683185744834,40827.93359375,2933840
2025-02-10,39391.39453125,40752.32744115957,39391.39453125,40676.72133708653,4307290
2025-02-11,40071.859375,40449.89755903003,38937.74866234222,39315.78684637225,2935270
2025-02-12,40071.859375,40449.89755903003,39769.43113143536,40449.89755903003,1284920
2025-02-13,40979.1484375,41054.75453944151,39845.03771121562,40071.859856472496,3667820
2025-02-14,40827.93359375,41508.40004951341,40601.11144182886,41432.79394535052,2987920
2025-02-17,40298.68359375,41584.00657469475,40298.68359375,40903.540112041934,3364270
2025-02-18,39845.0390625,40525.50552134762,39618.21690955079,40449.89941684205,3067480
2025-02-19,40676.72265625,40676.72265625,39845.04012674485,39845.04012674485,2374580
2025-02-20,40601.11328125,41054.757605644496,40374.29111905276,41054.757605644496,1632020
2025-02-21,40223.078125,40752.32854673433,39920.64602163818,40525.50638892925,2049060
2025-02-24,39618.21875,40147.469184990114,39240.18437047821,39996.25696895446,4007770
2025-02-25,40071.859375,40071.859375,39391.39294740534,39845.03723246844,2032810
2025-02-26,39996.25390625,41130.360797404064,39996.25390625,40223.07605236729,3548610
2025-02-27,40071.859375,40071.859375,39542.608988903805,40071.859375,1810770
2025-02-28,40223.078125,40601.11249505342,39542.61165158476,39920.64602163818,2701270
2025-03-03,39467.00390625,40147.46651197055,38937.749667064985,40147.46651197055,5304130
2025-03-04,39391.39453125,39618.2166829016,38937.75022794681,39618.2166829016,2674880
2025-03-05,38559.71484375,39920.643878071896,38559.71484375,39315.787382691575,2684240
2025-03-06,38332.89453125,39088.96710634789,37803.64411262473,38710.932738515214,4539990
2025-03-07,38408.5,38862.14430542244,38257.28779114751,38332.89389557376,2575820
2025-03-10,38862.14453125,39164.57279014487,38408.50022319144,38408.50022319144,2053090
2025-03-11,38408.5,38786.53820099619,38106.071742862536,38408.5,2470910
2025-03-12,38408.5,38786.53820099619,38106.071742862536,38559.71604828497,2958280
2025-03-13,36896.35546875,38710.9327196465,36896.35546875,38408.50061820872,5184400
2025-03-14,36253.6953125,36896.35487906087,36064.67621198048,36442.71057358703,3350100
2025-03-17,36442.7109375,36745.14303712427,36291.49872712039,36291.49872712039,1416870
2025-03-18,36782.9453125,37236.58961291843,36442.71016746996,36442.71016746996,1266720
2025-03-19,36442.7109375,36971.96135269369,36140.282677308256,36971.96135269369,1462890
2025-03-20,37728.0390625,37728.0390625,36329.30303169041,36442.71219338341,2898090
2025-03-21,38408.5,38408.5,37652.4274374401,37728.037381298825,3030300
2025-03-24,38332.89453125,38559.71668772262,38106.07237477737,38484.1105820426,2220530
2025-03-25,39240.18359375,39693.82791174276,38181.678905289366,38408.50106428575,3724240
2025-03-26,39693.828125,39920.64644578239,39164.57385820994,39240.18380457001,3431740
2025-03-27,39693.828125,39845.04033885493,39240.18380457001,39693.828125,3868150
2025-03-28,39920.64453125,40223.07662332089,39088.96587663612,39693.82622134547,4042870
2025-03-31,39920.64453125,40298.6827266224,39769.43232464698,39920.64453125,3204370
2025-04-01,39996.25390625,40298.68215459559,39618.215716243736,39845.03786236102,1872520
2025-04-02,40374.2890625,40903.53946752416,40147.466911856434,40374.2890625,3635710
2025-04-03,37576.8203125,39240.1814407311,37576.8203125,38181.6768103482,8923720
2025-04-04,39315.7890625,39391.3951677948,35611.03231156692,35611.03231156692,6515990
2025-04-08,36593.92578125,38030.46476910602,36593.92578125,37425.604429224986,2579330
2025-04-09,34061.08203125,34892.76065687601,34061.08203125,34061.08203125,2843620
2025-04-10,36442.7109375,36442.7109375,36442.7109375,36442.7109375,112320
2025-04-11,38559.71484375,38635.32094581445,36291.49722692526,37652.42626124716,3161860
2025-04-14,40827.93359375,40827.93359375,38408.49986621286,38559.7159139711,3810560
2025-04-15,43549.796875,43549.796875,40071.86222782247,40071.86222782247,5896800
2025-04-16,43776.6171875,44532.68973806892,42718.11638459,43852.22329072717,4660110
2025-04-17,44079.046875,44230.26292581016,43096.15214331533,43474.190350624456,1506310
2025-04-18,44910.73046875,46574.091709688735,43852.22576664391,44079.04792856432,3814720
2025-04-21,44835.1171875,45288.76147760395,42869.32782333779,44759.51108562679,1885650
2025-04-22,45666.80078125,45666.80078125,41735.22195689646,43171.76096416909,5809570
2025-04-23,45288.76171875,46876.516742568034,44608.299119403215,46876.516742568034,1304550
2025-04-24,45061.94140625,46800.90870538548,44608.3009347024,45213.15745638756,1256060
2025-04-25,45742.40625,46120.44444221665,44910.727602328734,45213.155852442615,1670110
2025-04-28,45818.01171875,45969.22776143097,44154.65444642104,45666.79951550137,1004770
2025-04-29,48539.87890625,48842.30716125021,45515.58483795058,46120.44518738345,3862560
2025-05-05,49900.80859375,50354.45290160548,48464.269565351824,49144.73602713504,8235773
2025-05-06,48010.625,50127.63047882722,47859.41279114751,49900.808326116,2195403
2025-05-07,50278.84765625,50278.84765625,47481.37565646487,48010.6260781992,3383675
2025-05-08,50959.30859375,51412.95289425792,49749.59173887302,50278.84598242056,2898021
2025-05-09,50505.66796875,51639.77487690643,49673.985474040695,50581.27407211178,1463425
2025-05-12,51412.953125,51412.953125,49673.98585820341,50505.66835934469,3225302
2025-05-13,51564.16796875,51866.59621690936,50656.879384839536,51488.56186656825,1551504
2025-05-14,50354.453125,52547.06472974053,50354.453125,51412.95395507042,3186898
2025-05-15,49220.34375,50656.8828256219,48842.309373981545,50656.8828256219,1551725
2025-05-16,49976.4140625,50430.05836458166,49220.34150550806,49220.34150550806,758903
2025-05-19,49825.203125,50732.48791286109,49598.38096817659,49900.80923079696,777843
2025-05-20,53303.13671875,53303.13671875,49598.380014449765,50052.02431937346,4937546
2025-05-21,57007.89453125,57007.89453125,52471.45907269235,54437.248539287175,4227971
2025-05-22,57537.14453125,58973.683567814594,56403.03759459666,58142.004891639976,3783159
2025-05-23,59729.75390625,61241.89899155774,56705.46373563452,56932.28588237392,1586874
2025-05-26,59654.1484375,60485.82709142418,58066.39339345803,59805.36064397762,1474450
2025-05-27,63812.55078125,63812.55078125,59351.72148284036,59578.53979751618,2987154
2025-05-28,60863.8671875,68046.55472363827,60485.82898063349,64114.97964093531,6008619
2025-05-29,60788.2578125,62754.047292001655,58973.68438504947,61317.51207496263,3322885
2025-05-30,58973.68359375,60788.25699685288,57688.36060657578,60788.25699685288,3608679
2025-06-02,57461.5390625,60107.79500972505,57234.71690477028,58973.68422107644,2630683
2025-06-03,58973.68359375,59805.36227029037,57159.11019064712,57537.14455655365,2834564
2025-06-04,57537.14453125,58973.683567814594,56781.07196033693,58973.683567814594,3015240
2025-06-05,55646.9609375,57461.53817119115,55420.14262272112,57461.53817119115,5576422
2025-06-06,57461.5390625,57839.573432427824,55798.177852292894,56025.00001002262,4471785
2025-06-09,53454.3515625,57461.53643332017,53454.3515625,57461.53643332017,5267039
2025-06-10,53303.13671875,54588.4596897455,52773.886309483176,53454.35276686872,3617755
2025-06-11,52017.8125,53907.9919392656,52017.8125,53681.16979224454,4012203
2025-06-12,52547.0625,53227.528935927694,51639.77391876308,52773.884645309234,3759970
2025-06-13,52849.4921875,54361.63730448163,52622.67003600951,53151.92044300983,4384655
2025-06-16,53605.56640625,55571.355887096586,53227.53203501243,53832.38856476558,4443869
2025-06-17,52547.0625,53756.77932850511,52169.0243113405,53756.77932850511,4226028
2025-06-18,52925.09765625,54815.28094950506,52698.275507482096,53227.52974756215,3849875
2025-06-19,51866.59765625,53529.95882643469,51715.38160825776,53000.70841761058,3900949
2025-06-20,52925.09765625,53227.52974756215,51034.91820242735,52093.41900372263,6212737
2025-06-23,52622.671875,54739.67741641618,52547.06576833847,53832.388778747445,3517475
2025-06-24,51488.5625,52925.09765628787,51488.5625,52925.09765628787,4366605
2025-06-25,50278.84765625,51942.20502757716,50127.63160456909,51639.77676364791,4201623
2025-06-26,50732.48828125,51034.92038549899,49598.381328330295,50354.45391008762,3826076
2025-06-27,49976.4140625,51110.52481770414,49976.4140625,51110.52481770414,2414197
2025-06-30,51034.91796875,51564.16836697432,50127.62937783265,50505.66757052568,2963574
2025-07-01,50203.23828125,51337.3490831645,50052.02606728314,51261.74297618107,2439754
2025-07-02,50732.48828125,51034.92038549899,50203.237857963126,50203.237857963126,2676658
2025-07-03,52698.27734375,53605.56597043602,50959.31003555681,50959.31003555681,7467084
2025-07-04,52169.02734375,53151.92208407823,52017.81513104263,53076.31597772455,1907986
2025-07-07,51488.5625,52547.06330129603,51261.740351231936,52395.847255639856,3358344
2025-07-08,52773.88671875,53378.74323705067,51488.563737786695,51942.20420679595,14344187
2025-07-09,52244.63671875,53529.95970988306,52017.81456273445,53378.74365939519,2963013
2025-07-10,53076.31640625,53983.605047549776,52244.63771134694,52773.88813896095,5919942
2025-07-11,52395.84765625,53907.99276664378,52169.02550574768,53303.13625825924,4679875
2025-07-14,52320.2421875,52925.09870322486,51564.16962312768,52773.88649400989,3927799
2025-07-15,51337.34765625,52547.06453152402,51337.34765625,52244.63627256364,7944920
2025-07-16,51337.34765625,52244.63627256364,51337.34765625,51412.95376113197,3281239
2025-07-17,51715.3828125,52395.84928516166,51412.95454890568,51564.17060041912,3775058
2025-07-18,52925.09765625,53227.52974756215,51412.95255741891,51790.990751842895,11533778
2025-07-21,52547.0625,53983.60147381434,52547.0625,53529.95718319588,4416222
2025-07-22,55117.7109375,55571.35524932484,52169.02675007107,52925.09932330163,12616106
2025-07-23,54210.42578125,55722.57091733364,53907.99368248727,55646.960972926696,6398307
2025-07-24,54664.06640625,54815.28245606214,53378.74342086068,54664.06640625,6400313
2025-07-25,56176.21484375,57990.788226815166,55798.1766425855,55949.3926909378,10330830
2025-07-28,57461.5390625,57839.573432427824,56327.42827385139,56781.07258931083,8056068
2025-07-29,53681.171875,58293.21725745922,53454.353558611096,58293.21725745922,11243217
2025-07-30,55571.35546875,55571.35546875,53378.74384589403,53681.1721084939,5753971
2025-07-31,56705.46484375,57385.9312972656,55344.5319367188,57385.9312972656,8008533
2025-08-01,60637.04296875,60637.04296875,56024.99773478904,56932.28632886199,11618928
2025-08-04,60637.04296875,62073.58196288804,59502.93222615881,61997.97202042702,6949537
2025-08-05,57612.75,61241.90060394703,56403.03697145014,60863.86624238332,11885625
2025-08-06,57461.5390625,58595.646011716046,56932.2886409415,57688.36122022972,5051400
2025-08-07,58700.0,61000.0,58600.0,61000.0,3790463
2025-08-08,58200.0,59000.0,57300.0,58800.0,4021601
2025-08-11,58900.0,59800.0,58300.0,58300.0,3185186
2025-08-12,63000.0,63000.0,58800.0,59300.0,9025899
2025-08-13,63200.0,64000.0,61300.0,63100.0,3574181
2025-08-14,62800.0,63800.0,62000.0,63800.0,3554295
2025-08-15,61900.0,63300.0,61200.0,63000.0,3707155
2025-08-18,64400.0,65000.0,62200.0,62400.0,4402084
2025-08-19,63300.0,65400.0,63000.0,65300.0,3145716
2025-08-20,60300.0,63300.0,60000.0,63100.0,4304552
2025-08-21,59500.0,61200.0,59500.0,61200.0,3009455
2025-08-22,56300.0,59400.0,56000.0,59000.0,4011244
2025-08-25,53500.0,57800.0,53500.0,56700.0,3497713
2025-08-26,57000.0,57000.0,53500.0,53500.0,1673924
2025-08-27,57900.0,59500.0,56300.0,57900.0,2679218
2025-08-28,57300.0,58600.0,57000.0,58600.0,1246079
2025-08-29,56200.0,58000.0,56000.0,57300.0,2996882
2025-09-03,57500.0,57500.0,56400.0,56500.0,1238232
2025-09-04,58200.0,59000.0,57700.0,57900.0,1851307
2025-09-05,58700.0,60500.0,58300.0,58600.0,4283761
2025-09-08,57800.0,59800.0,57800.0,58600.0,2588879
2025-09-09,57200.0,57900.0,56500.0,57800.0,2490454
2025-09-10,57800.0,58500.0,56600.0,57200.0,2864828
2025-09-11,56800.0,57600.0,55600.0,57500.0,2049924
2025-09-12,56800.0,57800.0,56800.0,57000.0,1524083
2025-09-15,58600.0,59400.0,57000.0,57100.0,3312082
2025-09-16,57500.0,58800.0,57400.0,58400.0,1893139
2025-09-17,57700.0,58600.0,57400.0,57500.0,2371637
2025-09-18,56800.0,58000.0,56600.0,57600.0,1496012
2025-09-19,56000.0,57400.0,56000.0,57200.0,2264536
2025-09-22,53500.0,56400.0,53200.0,56400.0,3824409
2025-09-23,53700.0,54200.0,53500.0,54100.0,1333619
2025-09-24,54500.0,54700.0,53400.0,53700.0,1083922
2025-09-25,55300.0,56400.0,54900.0,55200.0,1593629
2025-09-26,55000.0,55900.0,55000.0,55500.0,1074634
2025-09-29,54500.0,55500.0,54000.0,55000.0,1139080
2025-09-30,53800.0,55100.0,52900.0,54600.0,2187468
2025-10-01,53600.0,54100.0,53500.0,54000.0,858316
2025-10-02,53600.0,54400.0,53600.0,53800.0,751801
2025-10-03,54000.0,54500.0,52400.0,53300.0,1888622
2025-10-06,56800.0,56800.0,54100.0,54900.0,2561115
2025-10-07,55300.0,57000.0,55300.0,56800.0,1208886
2025-10-08,54900.0,56200.0,54800.0,55700.0,1051459
2025-10-09,54900.0,55200.0,53900.0,55000.0,1024089
2025-10-10,54700.0,55800.0,54600.0,55300.0,1070683
2025-10-13,54700.0,55400.0,54000.0,54000.0,1284808
2025-10-14,55100.0,55600.0,54500.0,55000.0,1982571
2025-10-15,55900.0,56800.0,55400.0,55400.0,2235146
2025-10-16,55800.0,56700.0,55500.0,56400.0,1464819
2025-10-17,55600.0,56600.0,55300.0,56000.0,1482025
2025-10-20,53400.0,55700.0,52000.0,55700.0,2986913
2025-10-21,54500.0,54500.0,51700.0,53800.0,2136063
2025-10-22,55000.0,55000.0,52600.0,54500.0,1339888
2025-10-23,58700.0,58800.0,55200.0,55200.0,5953771
2025-10-24,58400.0,58600.0,57100.0,58000.0,1868981
2025-10-27,56000.0,61000.0,56000.0,58500.0,3124223
2025-10-28,59900.0,59900.0,56200.0,56400.0,4492198
2025-10-29,62000.0,63700.0,60400.0,60900.0,7373824
2025-10-30,62700.0,64500.0,62500.0,62900.0,4110824
2025-10-31,61400.0,64100.0,61400.0,62700.0,5959726
2025-11-03,62600.0,64900.0,61900.0,62200.0,4301744
2025-11-04,62000.0,62700.0,58300.0,61200.0,4695025
2025-11-05,60900.0,62500.0,60300.0,62500.0,1689637
2025-11-06,62600.0,64000.0,60600.0,60700.0,3011118
2025-11-07,60800.0,63900.0,59800.0,62800.0,3126744
2025-11-10,61700.0,62500.0,59300.0,60800.0,2398415
2025-11-11,61300.0,64300.0,60800.0,63000.0,1662063
2025-11-12,62800.0,64000.0,61300.0,61300.0,1952153
2025-11-13,66000.0,67100.0,62600.0,63300.0,7604661
2025-11-14,65000.0,66400.0,64300.0,66400.0,1657855
2025-11-17,66000.0,66000.0,63400.0,64900.0,2473601
2025-11-18,67500.0,68800.0,65000.0,66500.0,2541749
2025-11-19,66300.0,68400.0,65100.0,67700.0,1982791
2025-11-20,66000.0,66600.0,64100.0,66500.0,2366010
2025-11-21,64600.0,65700.0,64200.0,64500.0,2179589
2025-11-24,61700.0,65200.0,61700.0,64600.0,2031000
2025-11-25,60300.0,63000.0,59300.0,61500.0,4119945
2025-11-26,61800.0,62300.0,60500.0,60500.0,2228111
2025-11-27,60300.0,62000.0,60000.0,62000.0,2632393
2025-11-28,60900.0,61200.0,59800.0,60300.0,1578515
2025-12-01,60800.0,61600.0,60400.0,61000.0,1052676
2025-12-02,61000.0,61400.0,59500.0,60500.0,1681443
2025-12-03,61300.0,61400.0,60500.0,61100.0,960720
2025-12-04,61500.0,62700.0,61400.0,61500.0,1770355
2025-12-05,59900.0,62000.0,59900.0,61300.0,1399987
2025-12-08,59200.0,60400.0,58300.0,60400.0,3643477
2025-12-09,59600.0,60400.0,58800.0,58800.0,1720276
2025-12-10,59300.0,60000.0,59000.0,60000.0,2835286
2025-12-11,58600.0,59900.0,58500.0,59500.0,1099839
2025-12-12,56000.0,59000.0,55900.0,58700.0,2024900
2025-12-15,56400.0,57300.0,56000.0,56600.0,1120585
2025-12-16,58000.0,58400.0,56200.0,56800.0,1273707
2025-12-17,58200.0,58500.0,57200.0,57600.0,497133
2025-12-18,58000.0,58200.0,57300.0,58200.0,487980
2025-12-19,57500.0,58100.0,57300.0,57700.0,3612264
2025-12-22,59800.0,59800.0,57500.0,57500.0,3335534
2025-12-23,60500.0,61400.0,59500.0,60500.0,2926704
2025-12-24,61000.0,61100.0,59800.0,60500.0,1020760
2025-12-25,60000.0,61800.0,60000.0,61000.0,7645118
2025-12-26,59500.0,60000.0,58300.0,60000.0,7161393
2025-12-29,60200.0,60800.0,59300.0,59900.0,2289775
2025-12-30,59100.0,60700.0,59000.0,60700.0,1194802
2025-12-31,58700.0,60900.0,58400.0,59000.0,1050043
2026-01-05,57800.0,58900.0,56600.0,58900.0,1412854
2026-01-06,57800.0,58500.0,57400.0,57400.0,576967
2026-01-07,59100.0,59400.0,57600.0,57900.0,1537866
2026-01-08,57600.0,59400.0,57400.0,59400.0,1729499
2026-01-09,57000.0,57800.0,55900.0,57600.0,2522454
2026-01-12,57000.0,58100.0,56500.0,57000.0,1992690
2026-01-13,58300.0,60000.0,57200.0,57400.0,2160915
2026-01-14,57500.0,58800.0,57300.0,58600.0,2704211
2026-01-15,57600.0,58500.0,57400.0,58000.0,1964638
2026-01-16,57600.0,58500.0,56800.0,58500.0,1411150
2026-01-19,57500.0,58300.0,57400.0,58200.0,1096383
2026-01-20,61500.0,61500.0,56900.0,57600.0,5854849
2026-01-21,59800.0,62300.0,59400.0,61300.0,2355139
2026-01-22,59000.0,61900.0,58800.0,59600.0,2509414
2026-01-23,57700.0,59700.0,57400.0,59200.0,2552481
2026-01-26,56300.0,58200.0,56000.0,58200.0,2608261
2026-01-27,56800.0,57200.0,56000.0,56600.0,767085
2026-01-28,55900.0,57200.0,55600.0,57200.0,2067442
2026-01-29,56200.0,56900.0,55900.0,56500.0,1028809
2026-01-30,56500.0,57600.0,56400.0,56500.0,1264261
2026-02-02,58400.0,58800.0,56000.0,56700.0,5111962
2026-02-03,59400.0,61000.0,58800.0,58800.0,3304044
2026-02-04,59300.0,60800.0,59100.0,60000.0,1963057
2026-02-05,57700.0,59900.0,57700.0,59600.0,1561474
2026-02-06,57600.0,58700.0,57000.0,57500.0,1673588
2026-02-09,56600.0,58200.0,56300.0,57600.0,1617877
2026-02-10,56400.0,57200.0,56200.0,57000.0,1184522
2026-02-11,57800.0,58100.0,56600.0,56600.0,1197604
2026-02-12,58000.0,59100.0,57500.0,58000.0,1213728
2026-02-13,58500.0,59200.0,58000.0,58000.0,1041174
2026-02-23,60000.0,60000.0,58800.0,59100.0,2164525
2026-02-24,62600.0,63800.0,59900.0,59900.0,6490289
2026-02-25,62500.0,62700.0,61400.0,62500.0,2738293
2026-02-26,61400.0,63000.0,61000.0,62500.0,2714072
2026-02-27,62800.0,63600.0,60700.0,61700.0,3561949
2026-03-02,67100.0,67100.0,64500.0,66800.0,12802190
2026-03-03,71000.0,71700.0,66000.0,70400.0,10274480
2026-03-04,67000.0,71500.0,66100.0,71000.0,9178640
2026-03-05,63600.0,67200.0,63600.0,67200.0,6011622
2026-03-06,63000.0,65500.0,62700.0,63000.0,3487851
2026-03-09,58600.0,60000.0,58600.0,59200.0,5627950
2026-03-10,56300.0,59300.0,55000.0,58900.0,5385082
2026-03-11,60200.0,60200.0,56100.0,56100.0,2805238
2026-03-12,58300.0,60200.0,58100.0,59600.0,1609044
2026-03-13,56700.0,58900.0,56600.0,57000.0,2250890
2026-03-16,56000.0,57500.0,55400.0,56700.0,2113715
2026-03-17,56400.0,57300.0,56200.0,56800.0,903549
2026-03-18,57500.0,57700.0,56200.0,56300.0,1189249
2026-03-19,56000.0,56900.0,55800.0,56900.0,923136
2026-03-20,53400.0,56100.0,53400.0,56000.0,3044341
2026-03-23,49700.0,52800.0,49700.0,52100.0,2930542
2026-03-24,52000.0,52100.0,50100.0,51000.0,1008968
2026-03-25,53700.0,53700.0,52200.0,52500.0,1555072
2026-03-26,54500.0,54700.0,52800.0,53800.0,1106180
2026-03-27,55900.0,55900.0,54000.0,54500.0,6328276
2026-03-30,56000.0,56000.0,54000.0,54000.0,800633
2026-03-31,56700.0,56900.0,55400.0,56900.0,1038795
2026-04-01,56600.0,57200.0,56000.0,57000.0,921824
2026-04-02,54600.0,56300.0,54500.0,56200.0,1955930
2026-04-03,54600.0,55500.0,54200.0,54200.0,484131
2026-04-06,55800.0,55800.0,54600.0,55000.0,564105
2026-04-07,54500.0,55900.0,54000.0,55900.0,766387
2026-04-08,56400.0,56400.0,55200.0,56200.0,896085
2026-04-09,55500.0,56000.0,55100.0,56000.0,698526
2026-04-10,55600.0,56300.0,55400.0,55500.0,540008
2026-04-13,54700.0,55500.0,54600.0,55500.0,705217
2026-04-14,55000.0,56000.0,54900.0,55100.0,380296
2026-04-15,54400.0,55400.0,54400.0,55100.0,646505
2026-04-16,54100.0,55900.0,54000.0,54400.0,563781
2026-04-17,54400.0,55000.0,53700.0,53700.0,1658435
2026-04-20,54100.0,55000.0,54000.0,55000.0,418817
2026-04-21,53400.0,54600.0,53300.0,54200.0,1067360
2026-04-22,56000.0,56000.0,53300.0,53700.0,1485442
2026-04-23,56800.0,57400.0,55200.0,55500.0,2534696
2026-04-24,56100.0,56800.0,55500.0,56600.0,667544
2026-04-28,54700.0,56200.0,54400.0,56100.0,1164802
2026-04-29,55100.0,55400.0,54400.0,55400.0,279590
2026-05-04,55500.0,56000.0,55300.0,55800.0,471405
2026-05-05,56700.0,57000.0,55300.0,55500.0,2694961
2026-05-06,57000.0,57100.0,56600.0,56800.0,1877141
2026-05-07,56600.0,58500.0,56500.0,57400.0,1449427
2026-05-08,56500.0,57000.0,56200.0,56600.0,1595137
2026-05-11,56400.0,56900.0,56300.0,56600.0,1455282
2026-05-12,57700.0,57900.0,56400.0,56500.0,1056028
2026-05-13,57900.0,58100.0,56400.0,56400.0,1366070
2026-05-14,57300.0,57900.0,57000.0,57500.0,2083146
2026-05-15,57500.0,58000.0,56900.0,57500.0,504250
2026-05-18,57400.0,58000.0,56900.0,57200.0,656463
2026-05-19,55500.0,57400.0,55400.0,57300.0,1805747
2026-05-20,55700.0,56000.0,54200.0,55500.0,588999
2026-05-21,55100.0,56300.0,54600.0,56300.0,354990
2026-05-22,54500.0,55700.0,54500.0,55600.0,412986
2026-05-25,54400.0,55200.0,54400.0,55200.0,265837
2026-05-26,54100.0,54600.0,53800.0,54600.0,622700
2026-05-27,54700.0,55000.0,54100.0,54200.0,490500
