Price,Close,High,Low,Open,Volume
Ticker,HCD.VN,HCD.VN,HCD.VN,HCD.VN,HCD.VN
Date,,,,,
2017-01-03,5370.73583984375,5376.57958984375,5177.8798828125,5177.8798828125,525038
2017-01-04,5154.50341796875,5551.90283203125,5154.50341796875,5551.90283203125,871817
2017-01-05,5259.69775390625,5364.8916015625,5136.97119140625,5347.359375,1039231
2017-01-06,5318.138671875,5551.90283203125,5259.69775390625,5318.138671875,615336
2017-01-09,5230.47705078125,5551.90283203125,5230.47705078125,5551.90283203125,643330
2017-01-10,5294.76220703125,5376.57958984375,5148.65966796875,5242.1650390625,734258
2017-01-11,5335.6708984375,5376.57958984375,5259.69775390625,5370.73583984375,758197
2017-01-12,5405.80029296875,5405.80029296875,5347.359375,5376.57958984375,750548
2017-01-13,5592.8115234375,5610.34423828125,5435.02099609375,5551.90283203125,768086
2017-01-16,5557.7470703125,5639.564453125,5557.7470703125,5581.12353515625,538131
2017-01-17,5581.12353515625,5586.9677734375,5551.90283203125,5557.7470703125,496121
2017-01-18,5668.78515625,5668.78515625,5581.12353515625,5604.5,480362
2017-01-19,5674.62939453125,5703.849609375,5610.34423828125,5698.005859375,460015
2017-01-20,5692.16162109375,5744.7587890625,5651.2529296875,5651.2529296875,372748
2017-01-23,5721.38232421875,5727.22607421875,5651.2529296875,5668.78515625,321928
2017-01-24,5773.97900390625,5773.97900390625,5686.3173828125,5698.005859375,433528
2017-01-25,5809.0439453125,5820.73193359375,5773.97900390625,5773.97900390625,346021
2017-02-03,6077.87255859375,6107.09326171875,5844.1083984375,5844.1083984375,492733
2017-02-06,6077.87255859375,6370.078125,5931.77001953125,6194.7548828125,661861
2017-02-07,5960.99072265625,6136.31396484375,5902.54931640625,6077.87255859375,725721
2017-02-08,5960.99072265625,6077.87255859375,5902.54931640625,5960.99072265625,655033
2017-02-09,6048.65234375,6077.87255859375,5844.1083984375,5902.54931640625,808042
2017-02-10,5990.2109375,6077.87255859375,5873.3291015625,6019.431640625,631078
2017-02-13,6077.87255859375,6136.31396484375,5902.54931640625,5960.99072265625,813980
2017-02-14,5960.99072265625,6107.09326171875,5931.77001953125,6077.87255859375,748957
2017-02-15,5960.99072265625,6077.87255859375,5902.54931640625,5960.99072265625,561196
2017-02-16,6370.078125,6370.078125,5960.99072265625,5990.2109375,2469956
2017-02-17,6603.84228515625,6749.9453125,6282.41650390625,6370.078125,2790398
2017-02-20,6779.16552734375,6837.60693359375,6574.6220703125,6633.06298828125,1940790
2017-02-21,6662.28369140625,6837.60693359375,6574.6220703125,6720.724609375,1513521
2017-02-22,6545.4013671875,6662.28369140625,6428.51904296875,6633.06298828125,1368743
2017-02-23,6545.4013671875,6603.84228515625,6428.51904296875,6545.4013671875,1267992
2017-02-24,6983.70947265625,6983.70947265625,6486.96044921875,6545.4013671875,4091126
2017-02-27,7422.017578125,7451.23828125,6925.2685546875,6954.48876953125,3485337
2017-02-28,6925.2685546875,7568.12060546875,6925.2685546875,7392.79736328125,3294957
2017-03-01,6457.73974609375,6457.73974609375,6457.73974609375,6457.73974609375,1224805
2017-03-02,6019.431640625,6019.431640625,6019.431640625,6019.431640625,1745876
2017-03-03,5610.34423828125,6077.87255859375,5598.65576171875,5598.65576171875,7529427
2017-03-06,5698.005859375,5698.005859375,5376.57958984375,5610.34423828125,1231221
2017-03-07,5698.005859375,5791.51123046875,5493.4619140625,5668.78515625,2086372
2017-03-08,5300.6064453125,5639.564453125,5300.6064453125,5505.14990234375,3009542
2017-03-09,4932.427734375,5288.91796875,4932.427734375,4967.4921875,3874001
2017-03-10,4722.03955078125,4909.05126953125,4681.130859375,4704.50732421875,775718
2017-03-13,4733.72802734375,4909.05126953125,4733.72802734375,4762.9482421875,1411865
2017-03-14,4710.3515625,4774.63671875,4704.50732421875,4733.72802734375,639105
2017-03-15,4710.3515625,4879.83056640625,4675.28662109375,4733.72802734375,406338
2017-03-16,4862.29833984375,4967.4921875,4686.97509765625,4710.3515625,1120665
2017-03-17,4505.8076171875,4657.75439453125,4499.96337890625,4570.0927734375,244022
2017-03-20,4383.08154296875,4540.8720703125,4371.39306640625,4499.96337890625,551082
2017-03-21,4447.36669921875,4540.8720703125,4353.86083984375,4353.86083984375,1200558
2017-03-22,4383.08154296875,4488.275390625,4371.39306640625,4418.14599609375,1213305
2017-03-23,4394.76953125,4429.833984375,4336.32861328125,4383.08154296875,797811
2017-03-24,4429.833984375,4476.5869140625,4383.08154296875,4394.76953125,933365
2017-03-27,4570.0927734375,4593.46923828125,4429.833984375,4494.119140625,1621786
2017-03-28,4552.560546875,4581.78076171875,4499.96337890625,4558.40478515625,759497
2017-03-29,4575.93701171875,4587.625,4505.8076171875,4558.40478515625,677381
2017-03-30,4891.5185546875,4891.5185546875,4546.71630859375,4587.625,5275721
2017-03-31,4792.1689453125,5084.37451171875,4733.72802734375,5072.68603515625,1307863
2017-04-03,4722.03955078125,4850.60986328125,4692.81884765625,4762.9482421875,430415
2017-04-04,4476.5869140625,4722.03955078125,4476.5869140625,4675.28662109375,1095442
2017-04-05,4429.833984375,4529.18408203125,4418.14599609375,4499.96337890625,693292
2017-04-07,4470.7431640625,4488.275390625,4383.08154296875,4400.61376953125,557517
2017-04-10,4447.36669921875,4499.96337890625,4435.67822265625,4441.5224609375,950733
2017-04-11,4423.990234375,4482.43115234375,4412.3017578125,4429.833984375,754450
2017-04-12,4499.96337890625,4529.18408203125,4418.14599609375,4418.14599609375,708197
2017-04-13,4558.40478515625,4558.40478515625,4499.96337890625,4511.65185546875,976435
2017-04-14,4476.5869140625,4593.46923828125,4459.0546875,4558.40478515625,548620
2017-04-17,4400.61376953125,4499.96337890625,4383.08154296875,4453.21044921875,561982
2017-04-18,4388.92529296875,4441.5224609375,4330.484375,4383.08154296875,813431
2017-04-19,4400.61376953125,4412.3017578125,4377.2373046875,4383.08154296875,361352
2017-04-20,4371.39306640625,4418.14599609375,4353.86083984375,4406.45751953125,632942
2017-04-21,4383.08154296875,4494.119140625,4359.705078125,4383.08154296875,306067
2017-04-24,4412.3017578125,4412.3017578125,4371.39306640625,4371.39306640625,482072
2017-04-25,4383.08154296875,4423.990234375,4365.548828125,4423.990234375,371192
2017-04-26,4388.92529296875,4400.61376953125,4353.86083984375,4383.08154296875,634740
2017-04-27,4441.5224609375,4453.21044921875,4371.39306640625,4383.08154296875,455363
2017-04-28,4535.0283203125,4535.0283203125,4371.39306640625,4377.2373046875,754177
2017-05-03,4558.40478515625,4605.1572265625,4505.8076171875,4546.71630859375,616568
2017-05-04,4710.3515625,4722.03955078125,4558.40478515625,4558.40478515625,819557
2017-05-05,4692.81884765625,4879.83056640625,4675.28662109375,4745.416015625,2104458
2017-05-08,4780.48046875,4821.3896484375,4675.28662109375,4692.81884765625,381750
2017-05-09,4669.4423828125,4768.79248046875,4646.06640625,4768.79248046875,605393
2017-05-10,4646.06640625,4675.28662109375,4640.22216796875,4675.28662109375,381562
2017-05-11,4564.24853515625,4669.4423828125,4564.24853515625,4646.06640625,508355
2017-05-12,4616.845703125,4616.845703125,4558.40478515625,4558.40478515625,455415
2017-05-15,4570.0927734375,4675.28662109375,4558.40478515625,4675.28662109375,397836
2017-05-16,4587.625,4616.845703125,4570.0927734375,4570.0927734375,353961
2017-05-17,4581.78076171875,4605.1572265625,4575.93701171875,4605.1572265625,293011
2017-05-18,4564.24853515625,4616.845703125,4558.40478515625,4616.845703125,700583
2017-05-19,4558.40478515625,4587.625,4540.8720703125,4564.24853515625,330587
2017-05-22,4634.3779296875,4762.9482421875,4587.625,4628.53369140625,330758
2017-05-23,4593.46923828125,4675.28662109375,4593.46923828125,4675.28662109375,519357
2017-05-24,4575.93701171875,4593.46923828125,4570.0927734375,4581.78076171875,344636
2017-05-25,4692.81884765625,4733.72802734375,4575.93701171875,4575.93701171875,508203
2017-05-26,4722.03955078125,4774.63671875,4675.28662109375,4704.50732421875,471910
2017-05-29,4920.7392578125,4967.4921875,4733.72802734375,4762.9482421875,879875
2017-05-30,4891.5185546875,4990.86865234375,4868.14208984375,4990.86865234375,626150
2017-05-31,5055.15380859375,5066.841796875,4879.83056640625,4879.83056640625,968015
2017-06-01,5142.8154296875,5154.50341796875,5025.93310546875,5096.0625,1136013
2017-06-02,5230.47705078125,5446.708984375,5148.65966796875,5154.50341796875,4738427
2017-06-05,5043.46533203125,5259.69775390625,4914.89501953125,5207.1005859375,1165771
2017-06-06,4885.6748046875,4996.712890625,4879.83056640625,4967.4921875,655940
2017-06-07,4792.1689453125,4850.60986328125,4780.48046875,4821.3896484375,1184712
2017-06-08,4821.3896484375,4850.60986328125,4774.63671875,4850.60986328125,293593
2017-06-09,4792.1689453125,4844.765625,4768.79248046875,4798.01318359375,417975
2017-06-12,4792.1689453125,4821.3896484375,4762.9482421875,4762.9482421875,543982
2017-06-13,4815.54541015625,4815.54541015625,4768.79248046875,4792.1689453125,306082
2017-06-14,4762.9482421875,4827.2333984375,4745.416015625,4827.2333984375,459468
2017-06-15,4774.63671875,4792.1689453125,4762.9482421875,4792.1689453125,214828
2017-06-16,4762.9482421875,4792.1689453125,4745.416015625,4762.9482421875,354030
2017-06-19,4774.63671875,4792.1689453125,4745.416015625,4792.1689453125,616825
2017-06-20,4762.9482421875,4786.32470703125,4739.57177734375,4774.63671875,356391
2017-06-21,4768.79248046875,4786.32470703125,4745.416015625,4745.416015625,316540
2017-06-22,4786.32470703125,4850.60986328125,4751.26025390625,4774.63671875,302217
2017-06-23,4856.4541015625,5025.93310546875,4768.79248046875,4821.3896484375,930935
2017-06-26,4821.3896484375,4903.20703125,4792.1689453125,4903.20703125,442821
2017-06-27,4809.701171875,4821.3896484375,4792.1689453125,4792.1689453125,251226
2017-06-28,4844.765625,4879.83056640625,4809.701171875,4815.54541015625,275626
2017-06-29,4833.07763671875,4856.4541015625,4821.3896484375,4856.4541015625,290891
2017-06-30,4792.1689453125,4850.60986328125,4792.1689453125,4821.3896484375,303242
2017-07-03,4792.1689453125,4809.701171875,4768.79248046875,4768.79248046875,245220
2017-07-04,4792.1689453125,4815.54541015625,4786.32470703125,4792.1689453125,292342
2017-07-05,5125.283203125,5125.283203125,4821.3896484375,4821.3896484375,569067
2017-07-06,4885.6748046875,5318.138671875,4798.01318359375,5318.138671875,532500
2017-07-07,4838.921875,5084.37451171875,4838.921875,4885.6748046875,553717
2017-07-10,4821.3896484375,4850.60986328125,4792.1689453125,4850.60986328125,822706
2017-07-11,4821.3896484375,4838.921875,4803.85693359375,4803.85693359375,213035
2017-07-12,4909.05126953125,5020.08935546875,4803.85693359375,4833.07763671875,275266
2017-07-13,5031.77734375,5072.68603515625,4862.29833984375,4885.6748046875,514362
2017-07-14,5031.77734375,5066.841796875,4704.50732421875,5031.77734375,391280
2017-07-17,5160.34765625,5189.568359375,5008.40087890625,5008.40087890625,675585
2017-07-18,5160.34765625,5259.69775390625,5055.15380859375,5172.0361328125,606302
2017-07-19,5435.02099609375,5505.14990234375,5131.126953125,5131.126953125,1591121
2017-07-20,5376.57958984375,5446.708984375,5318.138671875,5405.80029296875,721886
2017-07-21,5364.8916015625,5405.80029296875,5288.91796875,5364.8916015625,535477
2017-07-24,5364.8916015625,5376.57958984375,5207.1005859375,5318.138671875,675038
2017-07-25,5505.14990234375,5551.90283203125,5347.359375,5347.359375,1177748
2017-07-26,5446.708984375,5592.8115234375,5376.57958984375,5592.8115234375,439191
2017-07-27,5435.02099609375,5493.4619140625,5405.80029296875,5435.02099609375,579351
2017-07-28,5522.6826171875,5540.21484375,5405.80029296875,5405.80029296875,958586
2017-07-31,5551.90283203125,5551.90283203125,5435.02099609375,5551.90283203125,609433
2017-08-01,5598.65576171875,5610.34423828125,5464.2412109375,5493.4619140625,1062331
2017-08-02,5604.5,5668.78515625,5563.59130859375,5610.34423828125,860710
2017-08-03,5990.2109375,5990.2109375,5581.12353515625,5622.0322265625,6675250
2017-08-04,5610.34423828125,6253.19580078125,5575.279296875,6107.09326171875,3469046
2017-08-07,5698.005859375,5715.5380859375,5318.138671875,5470.08544921875,713878
2017-08-08,5306.4501953125,5610.34423828125,5300.6064453125,5440.86474609375,3440863
2017-08-09,4961.64794921875,5318.138671875,4938.271484375,5294.76220703125,1685267
2017-08-10,4762.9482421875,5025.93310546875,4710.3515625,4944.11572265625,686125
2017-08-11,4762.9482421875,4768.79248046875,4675.28662109375,4745.416015625,494051
2017-08-14,4792.1689453125,4862.29833984375,4710.3515625,4762.9482421875,765520
2017-08-15,4850.60986328125,4879.83056640625,4792.1689453125,4850.60986328125,318387
2017-08-16,4833.07763671875,4903.20703125,4803.85693359375,4821.3896484375,222872
2017-08-17,4780.48046875,4873.986328125,4780.48046875,4833.07763671875,530497
2017-08-18,4821.3896484375,4844.765625,4733.72802734375,4780.48046875,405858
2017-08-21,4792.1689453125,4879.83056640625,4792.1689453125,4850.60986328125,408102
2017-08-22,4827.2333984375,4944.11572265625,4821.3896484375,4821.3896484375,237605
2017-08-23,4850.60986328125,4873.986328125,4803.85693359375,4844.765625,369121
2017-08-24,4850.60986328125,4873.986328125,4827.2333984375,4868.14208984375,466108
2017-08-25,5020.08935546875,5055.15380859375,4850.60986328125,4850.60986328125,2040207
2017-08-28,4821.3896484375,5166.19189453125,4792.1689453125,5055.15380859375,2599385
2017-08-29,4803.85693359375,4868.14208984375,4798.01318359375,4868.14208984375,355981
2017-08-30,4827.2333984375,4827.2333984375,4792.1689453125,4821.3896484375,215188
2017-08-31,4792.1689453125,4903.20703125,4786.32470703125,4798.01318359375,342616
2017-09-01,4856.4541015625,4879.83056640625,4792.1689453125,4792.1689453125,639087
2017-09-05,4868.14208984375,4879.83056640625,4850.60986328125,4850.60986328125,823938
2017-09-06,4967.4921875,5008.40087890625,4873.986328125,4879.83056640625,2002681
2017-09-07,5072.68603515625,5084.37451171875,4996.712890625,5014.2451171875,1978947
2017-09-08,4914.89501953125,5125.283203125,4914.89501953125,5113.5947265625,1333700
2017-09-11,4903.20703125,4938.271484375,4879.83056640625,4914.89501953125,965552
2017-09-12,4885.6748046875,4909.05126953125,4838.921875,4903.20703125,605137
2017-09-13,4862.29833984375,4920.7392578125,4838.921875,4909.05126953125,493915
2017-09-14,4838.921875,4879.83056640625,4833.07763671875,4850.60986328125,371005
2017-09-15,4844.765625,4879.83056640625,4833.07763671875,4850.60986328125,280416
2017-09-18,4891.5185546875,4961.64794921875,4844.765625,4850.60986328125,430517
2017-09-19,4891.5185546875,4903.20703125,4885.6748046875,4885.6748046875,415066
2017-09-20,4850.60986328125,4938.271484375,4792.1689453125,4909.05126953125,403156
2017-09-21,4885.6748046875,4909.05126953125,4862.29833984375,4879.83056640625,284456
2017-09-22,4879.83056640625,4885.6748046875,4862.29833984375,4879.83056640625,358136
2017-09-25,4850.60986328125,4897.36279296875,4821.3896484375,4879.83056640625,303242
2017-09-26,4868.14208984375,4868.14208984375,4821.3896484375,4850.60986328125,289108
2017-09-27,4868.14208984375,4868.14208984375,4844.765625,4850.60986328125,239435
2017-09-28,4868.14208984375,4949.9599609375,4850.60986328125,4850.60986328125,368676
2017-09-29,4873.986328125,4879.83056640625,4827.2333984375,4850.60986328125,306647
2017-10-02,4903.20703125,4938.271484375,4862.29833984375,4909.05126953125,341383
2017-10-03,4903.20703125,4938.271484375,4850.60986328125,4909.05126953125,348656
2017-10-04,4932.427734375,4932.427734375,4856.4541015625,4862.29833984375,495162
2017-10-05,5025.93310546875,5072.68603515625,4938.271484375,4938.271484375,1381268
2017-10-06,5084.37451171875,5113.5947265625,5055.15380859375,5055.15380859375,985435
2017-10-09,5142.8154296875,5166.19189453125,5084.37451171875,5084.37451171875,778388
2017-10-10,5049.3095703125,5084.37451171875,4990.86865234375,5084.37451171875,621855
2017-10-11,4932.427734375,5055.15380859375,4932.427734375,5049.3095703125,672145
2017-10-12,4909.05126953125,4949.9599609375,4879.83056640625,4932.427734375,749950
2017-10-13,4967.4921875,4996.712890625,4909.05126953125,4909.05126953125,604623
2017-10-16,4914.89501953125,4996.712890625,4914.89501953125,4996.712890625,520828
2017-10-17,4938.271484375,4938.271484375,4891.5185546875,4914.89501953125,369311
2017-10-18,4932.427734375,4967.4921875,4909.05126953125,4938.271484375,345628
2017-10-19,4932.427734375,4967.4921875,4909.05126953125,4932.427734375,420455
2017-10-20,4926.58349609375,4955.8037109375,4909.05126953125,4938.271484375,374973
2017-10-23,4885.6748046875,4932.427734375,4850.60986328125,4926.58349609375,513128
2017-10-24,4827.2333984375,4885.6748046875,4792.1689453125,4885.6748046875,256855
2017-10-25,4961.64794921875,4979.18017578125,4844.765625,4844.765625,662510
2017-10-26,4926.58349609375,4996.712890625,4850.60986328125,4967.4921875,586160
2017-10-27,4955.8037109375,4967.4921875,4920.7392578125,4938.271484375,529025
2017-10-30,4955.8037109375,4996.712890625,4949.9599609375,4961.64794921875,434692
2017-10-31,5277.22998046875,5300.6064453125,4961.64794921875,4967.4921875,2320558
2017-11-01,5113.5947265625,5318.138671875,5113.5947265625,5277.22998046875,1143901
2017-11-02,5072.68603515625,5125.283203125,4967.4921875,5113.5947265625,711483
2017-11-03,4996.712890625,5072.68603515625,4938.271484375,5072.68603515625,637203
2017-11-06,5020.08935546875,5025.93310546875,4967.4921875,4967.4921875,515405
2017-11-07,5166.19189453125,5166.19189453125,4996.712890625,5020.08935546875,1128005
2017-11-08,5172.0361328125,5230.47705078125,5113.5947265625,5166.19189453125,1195681
2017-11-09,5119.43896484375,5230.47705078125,5119.43896484375,5201.25634765625,1003110
2017-11-10,4944.11572265625,5119.43896484375,4938.271484375,5113.5947265625,1024928
2017-11-13,4903.20703125,4967.4921875,4856.4541015625,4944.11572265625,588335
2017-11-14,4891.5185546875,4909.05126953125,4868.14208984375,4891.5185546875,230092
2017-11-15,4926.58349609375,4932.427734375,4879.83056640625,4891.5185546875,272356
2017-11-16,4938.271484375,4949.9599609375,4909.05126953125,4909.05126953125,298231
2017-11-17,4909.05126953125,4938.271484375,4909.05126953125,4938.271484375,215325
2017-11-20,4944.11572265625,4955.8037109375,4909.05126953125,4909.05126953125,339090
2017-11-21,4949.9599609375,4967.4921875,4926.58349609375,4944.11572265625,272117
2017-11-22,4949.9599609375,4949.9599609375,4926.58349609375,4949.9599609375,231428
2017-11-23,4944.11572265625,4979.18017578125,4821.3896484375,4949.9599609375,520008
2017-11-24,4967.4921875,4967.4921875,4909.05126953125,4949.9599609375,524816
2017-11-27,5055.15380859375,5055.15380859375,4961.64794921875,4967.4921875,663726
2017-11-28,5084.37451171875,5101.90673828125,5055.15380859375,5055.15380859375,667558
2017-11-29,5113.5947265625,5136.97119140625,5084.37451171875,5084.37451171875,496822
2017-11-30,5113.5947265625,5125.283203125,5025.93310546875,5125.283203125,413218
2017-12-01,5084.37451171875,5113.5947265625,5025.93310546875,5113.5947265625,434401
2017-12-04,4938.271484375,5107.7509765625,4938.271484375,5072.68603515625,979838
2017-12-05,4903.20703125,4938.271484375,4873.986328125,4938.271484375,377813
2017-12-06,4909.05126953125,4909.05126953125,4879.83056640625,4885.6748046875,302508
2017-12-07,4909.05126953125,4909.05126953125,4821.3896484375,4897.36279296875,357965
2017-12-08,4885.6748046875,4909.05126953125,4862.29833984375,4897.36279296875,247152
2017-12-11,4850.60986328125,4885.6748046875,4850.60986328125,4879.83056640625,223060
2017-12-12,4821.3896484375,4862.29833984375,4762.9482421875,4850.60986328125,431012
2017-12-13,4873.986328125,4897.36279296875,4821.3896484375,4821.3896484375,507517
2017-12-14,4891.5185546875,4891.5185546875,4862.29833984375,4879.83056640625,323913
2017-12-15,4873.986328125,4897.36279296875,4838.921875,4897.36279296875,306305
2017-12-18,4909.05126953125,4909.05126953125,4850.60986328125,4879.83056640625,443367
2017-12-19,4891.5185546875,4920.7392578125,4850.60986328125,4920.7392578125,493041
2017-12-20,4862.29833984375,4891.5185546875,4850.60986328125,4879.83056640625,381580
2017-12-21,4862.29833984375,4891.5185546875,4821.3896484375,4838.921875,597386
2017-12-22,4850.60986328125,4909.05126953125,4827.2333984375,4909.05126953125,421996
2017-12-25,4850.60986328125,4891.5185546875,4844.765625,4850.60986328125,428497
2017-12-26,4844.765625,4862.29833984375,4838.921875,4850.60986328125,170666
2017-12-27,4850.60986328125,4868.14208984375,4844.765625,4850.60986328125,357880
2017-12-28,4838.921875,4850.60986328125,4838.921875,4838.921875,548636
2017-12-29,4838.921875,4909.05126953125,4827.2333984375,4879.83056640625,260773
2018-01-02,4856.4541015625,4932.427734375,4821.3896484375,4932.427734375,247461
2018-01-03,4844.765625,4879.83056640625,4838.921875,4879.83056640625,293507
2018-01-04,4844.765625,4850.60986328125,4803.85693359375,4844.765625,384778
2018-01-05,4838.921875,4850.60986328125,4821.3896484375,4844.765625,440218
2018-01-08,4885.6748046875,4885.6748046875,4838.921875,4850.60986328125,262808
2018-01-09,4909.05126953125,4914.89501953125,4821.3896484375,4914.89501953125,192175
2018-01-10,4926.58349609375,4926.58349609375,4879.83056640625,4879.83056640625,260055
2018-01-11,5037.62158203125,5125.283203125,4909.05126953125,4920.7392578125,471123
2018-01-12,5055.15380859375,5078.5302734375,4996.712890625,5078.5302734375,217088
2018-01-15,5055.15380859375,5084.37451171875,4967.4921875,4973.33642578125,346671
2018-01-16,4967.4921875,5055.15380859375,4967.4921875,5055.15380859375,199772
2018-01-17,4967.4921875,5020.08935546875,4938.271484375,4967.4921875,305382
2018-01-18,5014.2451171875,5049.3095703125,4967.4921875,4967.4921875,199190
2018-01-19,5049.3095703125,5049.3095703125,4967.4921875,5014.2451171875,275317
2018-01-22,5113.5947265625,5113.5947265625,5025.93310546875,5049.3095703125,207866
2018-01-25,5107.7509765625,5142.8154296875,4996.712890625,5142.8154296875,1571495
2018-01-26,4979.18017578125,5107.7509765625,4909.05126953125,5031.77734375,992466
2018-01-29,4920.7392578125,4979.18017578125,4879.83056640625,4979.18017578125,200011
2018-01-30,4862.29833984375,4909.05126953125,4827.2333984375,4856.4541015625,1482618
2018-01-31,4909.05126953125,4909.05126953125,4850.60986328125,4879.83056640625,427386
2018-02-01,4938.271484375,4967.4921875,4850.60986328125,4938.271484375,150851
2018-02-02,4926.58349609375,4955.8037109375,4879.83056640625,4955.8037109375,81807
2018-02-05,4850.60986328125,4926.58349609375,4838.921875,4926.58349609375,135245
2018-02-06,4844.765625,4850.60986328125,4511.65185546875,4792.1689453125,268933
2018-02-07,4844.765625,4909.05126953125,4733.72802734375,4733.72802734375,747211
2018-02-08,4844.765625,4909.05126953125,4792.1689453125,4879.83056640625,99396
2018-02-09,4821.3896484375,4879.83056640625,4762.9482421875,4879.83056640625,573396
2018-02-12,4938.271484375,4938.271484375,4821.3896484375,4897.36279296875,1039163
2018-02-13,4938.271484375,4938.271484375,4792.1689453125,4850.60986328125,297973
2018-02-21,4938.271484375,5025.93310546875,4838.921875,4938.271484375,150783
2018-02-22,4961.64794921875,4967.4921875,4838.921875,4967.4921875,634858
2018-02-23,5078.5302734375,5078.5302734375,4938.271484375,4961.64794921875,375436
2018-02-26,5078.5302734375,5078.5302734375,5031.77734375,5078.5302734375,821543
2018-02-27,5043.46533203125,5078.5302734375,4926.58349609375,5078.5302734375,287605
2018-02-28,5025.93310546875,5055.15380859375,4967.4921875,5043.46533203125,236663
2018-03-01,5025.93310546875,5265.54150390625,5014.2451171875,5072.68603515625,3458523
2018-03-02,4979.18017578125,5055.15380859375,4879.83056640625,5025.93310546875,100321
2018-03-05,4909.05126953125,4979.18017578125,4909.05126953125,4967.4921875,70325
2018-03-06,4821.3896484375,4879.83056640625,4692.81884765625,4780.48046875,578615
2018-03-07,4780.48046875,4838.921875,4704.50732421875,4838.921875,97772
2018-03-08,4850.60986328125,4856.4541015625,4739.57177734375,4809.701171875,127733
2018-03-09,4850.60986328125,4879.83056640625,4821.3896484375,4850.60986328125,43665
2018-03-12,4850.60986328125,4885.6748046875,4792.1689453125,4792.1689453125,352796
2018-03-13,4850.60986328125,4856.4541015625,4792.1689453125,4856.4541015625,57287
2018-03-14,4838.921875,4891.5185546875,4780.48046875,4850.60986328125,630240
2018-03-15,4833.07763671875,4838.921875,4768.79248046875,4838.921875,30148
2018-03-16,4833.07763671875,4833.07763671875,4792.1689453125,4833.07763671875,57422
2018-03-19,4762.9482421875,4827.2333984375,4751.26025390625,4821.3896484375,97190
2018-03-20,4745.416015625,4786.32470703125,4745.416015625,4745.416015625,291538
2018-03-21,4762.9482421875,4762.9482421875,4733.72802734375,4762.9482421875,326788
2018-03-22,4757.10400390625,4762.9482421875,4745.416015625,4762.9482421875,358581
2018-03-23,4733.72802734375,4757.10400390625,4570.0927734375,4757.10400390625,395525
2018-03-26,4838.921875,4838.921875,4722.03955078125,4733.72802734375,365338
2018-03-27,4786.32470703125,4844.765625,4704.50732421875,4768.79248046875,368830
2018-03-28,4792.1689453125,4809.701171875,4780.48046875,4780.48046875,732803
2018-03-29,4762.9482421875,4815.54541015625,4704.50732421875,4815.54541015625,551202
2018-03-30,4786.32470703125,4786.32470703125,4681.130859375,4762.9482421875,291933
2018-04-02,4733.72802734375,4792.1689453125,4733.72802734375,4792.1689453125,258088
2018-04-03,4733.72802734375,4780.48046875,4704.50732421875,4780.48046875,210517
2018-04-04,4704.50732421875,4733.72802734375,4704.50732421875,4733.72802734375,20155
2018-04-05,4727.8837890625,4739.57177734375,4681.130859375,4704.50732421875,17793
2018-04-06,4704.50732421875,4727.8837890625,4686.97509765625,4727.8837890625,212417
2018-04-09,4757.10400390625,4757.10400390625,4681.130859375,4716.1953125,12573
2018-04-10,4745.416015625,4780.48046875,4681.130859375,4757.10400390625,427521
2018-04-11,4722.03955078125,4733.72802734375,4686.97509765625,4710.3515625,550400
2018-04-12,4833.07763671875,4833.07763671875,4675.28662109375,4692.81884765625,632156
2018-04-13,4739.57177734375,4850.60986328125,4722.03955078125,4792.1689453125,716292
2018-04-16,4786.32470703125,4786.32470703125,4681.130859375,4739.57177734375,38840
2018-04-17,4838.921875,4838.921875,4733.72802734375,4733.72802734375,758592
2018-04-18,4751.26025390625,4844.765625,4739.57177734375,4739.57177734375,37385
2018-04-19,4873.986328125,4873.986328125,4704.50732421875,4762.9482421875,872382
2018-04-20,4879.83056640625,4897.36279296875,4838.921875,4873.986328125,112778
2018-04-23,4879.83056640625,4879.83056640625,4792.1689453125,4879.83056640625,87950
2018-04-24,4879.83056640625,4879.83056640625,4821.3896484375,4856.4541015625,81156
2018-04-26,4838.921875,4879.83056640625,4622.68994140625,4879.83056640625,27700
2018-04-27,4873.986328125,4873.986328125,4757.10400390625,4838.921875,372218
2018-05-02,4616.845703125,4873.986328125,4616.845703125,4873.986328125,85828
2018-05-03,4646.06640625,4727.8837890625,4453.21044921875,4727.8837890625,385702
2018-05-04,4336.32861328125,4698.6630859375,4336.32861328125,4616.845703125,108603
2018-05-07,4587.625,4611.00146484375,4383.08154296875,4611.00146484375,547455
2018-05-08,4745.416015625,4745.416015625,4505.8076171875,4605.1572265625,519700
2018-05-09,4751.26025390625,4792.1689453125,4686.97509765625,4686.97509765625,882836
2018-05-10,4762.9482421875,4786.32470703125,4704.50732421875,4733.72802734375,385258
2018-05-11,4838.921875,4838.921875,4733.72802734375,4762.9482421875,343301
2018-05-14,4827.2333984375,4850.60986328125,4821.3896484375,4838.921875,744097
2018-05-15,4944.11572265625,4944.11572265625,4827.2333984375,4844.765625,1144638
2018-05-16,5025.93310546875,5037.62158203125,4909.05126953125,4961.64794921875,1622606
2018-05-17,4938.271484375,5037.62158203125,4938.271484375,4979.18017578125,1047463
2018-05-18,4938.271484375,4967.4921875,4909.05126953125,4944.11572265625,507330
2018-05-21,5283.07421875,5283.07421875,4996.712890625,4996.712890625,2404266
2018-05-22,5551.90283203125,5651.2529296875,5277.22998046875,5651.2529296875,1304132
2018-05-23,5464.2412109375,5581.12353515625,5405.80029296875,5551.90283203125,1354113
2018-05-24,5551.90283203125,5551.90283203125,5435.02099609375,5499.30615234375,655907
2018-05-25,5610.34423828125,5610.34423828125,5551.90283203125,5586.9677734375,1076706
2018-05-28,5727.22607421875,5756.44677734375,5610.34423828125,5610.34423828125,833093
2018-05-29,5680.47314453125,5762.291015625,5639.564453125,5698.005859375,342497
2018-05-30,5668.78515625,5814.8876953125,5639.564453125,5657.09716796875,717883
2018-05-31,5756.44677734375,5844.1083984375,5610.34423828125,5610.34423828125,713690
2018-06-01,5756.44677734375,5791.51123046875,5727.22607421875,5727.22607421875,860882
2018-06-04,5750.6025390625,5820.73193359375,5715.5380859375,5756.44677734375,624182
2018-06-05,6136.31396484375,6136.31396484375,5738.91455078125,5738.91455078125,2749040
2018-06-06,6282.41650390625,6311.63720703125,6136.31396484375,6311.63720703125,1273332
2018-06-07,6253.19580078125,6311.63720703125,6194.7548828125,6223.9755859375,562068
2018-06-08,6194.7548828125,6253.19580078125,6136.31396484375,6253.19580078125,575365
2018-06-11,6340.857421875,6370.078125,6194.7548828125,6311.63720703125,973352
2018-06-12,6282.41650390625,6340.857421875,6253.19580078125,6340.857421875,742077
2018-06-13,6311.63720703125,6311.63720703125,6223.9755859375,6311.63720703125,844660
2018-06-14,6370.078125,6399.298828125,6311.63720703125,6370.078125,586915
2018-06-15,6340.857421875,6370.078125,6311.63720703125,6311.63720703125,333956
2018-06-18,6633.06298828125,6691.50390625,6340.857421875,6370.078125,1445967
2018-06-19,6633.06298828125,6808.38623046875,6574.6220703125,6662.28369140625,933947
2018-06-20,6457.73974609375,6603.84228515625,6457.73974609375,6603.84228515625,1536212
2018-06-21,6457.73974609375,6545.4013671875,6282.41650390625,6457.73974609375,1123932
2018-06-22,6428.51904296875,6486.96044921875,6340.857421875,6428.51904296875,461712
2018-06-25,6866.8271484375,6866.8271484375,6457.73974609375,6545.4013671875,1152560
2018-06-26,7334.35595703125,7334.35595703125,6896.0478515625,6983.70947265625,2052630
2018-06-27,7831.10546875,7831.10546875,7480.458984375,7480.458984375,2916438
2018-06-28,8327.8544921875,8357.0751953125,7305.1357421875,7918.76708984375,3350500
2018-06-29,8883.044921875,8883.044921875,7772.6640625,8444.736328125,2047890
2018-07-02,9204.470703125,9204.470703125,8269.4130859375,8941.486328125,1755766
2018-07-03,8561.619140625,9262.912109375,8561.619140625,9175.25,2843716
2018-07-04,7977.2080078125,7977.2080078125,7977.2080078125,7977.2080078125,425401
2018-07-05,7422.017578125,7714.22314453125,7422.017578125,7422.017578125,1218147
2018-07-06,7655.7822265625,7801.884765625,7422.017578125,7538.89990234375,727792
2018-07-09,7714.22314453125,7743.44384765625,7538.89990234375,7714.22314453125,594888
2018-07-10,7655.7822265625,7831.10546875,7597.3408203125,7831.10546875,1094673
2018-07-11,7685.00244140625,7714.22314453125,7568.12060546875,7714.22314453125,513472
2018-07-12,7743.44384765625,7743.44384765625,7655.7822265625,7655.7822265625,370731
2018-07-13,7480.458984375,7743.44384765625,7422.017578125,7743.44384765625,639153
2018-07-16,7568.12060546875,7597.3408203125,7392.79736328125,7509.67919921875,460580
2018-07-17,7597.3408203125,7685.00244140625,7568.12060546875,7626.5615234375,506680
2018-07-18,7538.89990234375,7597.3408203125,7509.67919921875,7538.89990234375,758676
2018-07-19,7509.67919921875,7538.89990234375,7451.23828125,7480.458984375,1050697
2018-07-20,7480.458984375,7509.67919921875,7363.57666015625,7363.57666015625,532106
2018-07-23,7480.458984375,7509.67919921875,7422.017578125,7480.458984375,443026
2018-07-24,7538.89990234375,7626.5615234375,7480.458984375,7509.67919921875,573191
2018-07-25,7597.3408203125,7626.5615234375,7480.458984375,7626.5615234375,308188
2018-07-26,7568.12060546875,7655.7822265625,7480.458984375,7568.12060546875,323125
2018-07-27,7538.89990234375,7597.3408203125,7480.458984375,7480.458984375,314555
2018-07-30,7538.89990234375,7597.3408203125,7509.67919921875,7568.12060546875,187656
2018-07-31,7568.12060546875,7597.3408203125,7509.67919921875,7568.12060546875,803902
2018-08-01,7597.3408203125,7655.7822265625,7568.12060546875,7597.3408203125,255348
2018-08-02,8123.310546875,8123.310546875,7568.12060546875,7626.5615234375,4158818
2018-08-03,8678.5009765625,8678.5009765625,8123.310546875,8181.751953125,3642111
2018-08-06,8473.95703125,9233.69140625,8094.09033203125,8736.9423828125,2305362
2018-08-07,7889.54638671875,8123.310546875,7889.54638671875,7889.54638671875,1411556
2018-08-08,7363.57666015625,7363.57666015625,7363.57666015625,7363.57666015625,5850
2018-08-09,6866.8271484375,7246.6943359375,6866.8271484375,6866.8271484375,1540403
2018-08-10,6954.48876953125,7012.93017578125,6399.298828125,6399.298828125,3767928
2018-08-13,6486.96044921875,7100.591796875,6486.96044921875,7012.93017578125,1603220
2018-08-14,6486.96044921875,6486.96044921875,6048.65234375,6048.65234375,484230
2018-08-15,6048.65234375,6253.19580078125,6048.65234375,6048.65234375,259405
2018-08-16,6194.7548828125,6194.7548828125,5785.66748046875,5844.1083984375,509347
2018-08-17,5873.3291015625,6253.19580078125,5873.3291015625,6077.87255859375,354441
2018-08-20,5960.99072265625,6136.31396484375,5902.54931640625,5990.2109375,611587
2018-08-21,6019.431640625,6136.31396484375,5902.54931640625,6136.31396484375,471875
2018-08-22,5960.99072265625,6019.431640625,5873.3291015625,5990.2109375,521806
2018-08-23,5931.77001953125,6019.431640625,5873.3291015625,6019.431640625,202955
2018-08-24,6019.431640625,6019.431640625,5902.54931640625,5960.99072265625,324067
2018-08-27,5931.77001953125,5990.2109375,5844.1083984375,5960.99072265625,326600
2018-08-28,5990.2109375,6019.431640625,5960.99072265625,5990.2109375,206395
2018-08-29,6077.87255859375,6107.09326171875,6019.431640625,6077.87255859375,155095
2018-08-30,6486.96044921875,6486.96044921875,6048.65234375,6107.09326171875,2346481
2018-08-31,6574.6220703125,6749.9453125,6486.96044921875,6545.4013671875,1141096
2018-09-04,6340.857421875,6574.6220703125,6282.41650390625,6516.1806640625,259781
2018-09-05,6077.87255859375,6370.078125,6048.65234375,6340.857421875,560681
2018-09-06,6019.431640625,6136.31396484375,5814.8876953125,6019.431640625,673410
2018-09-07,6077.87255859375,6077.87255859375,5990.2109375,6048.65234375,431817
2018-09-10,6223.9755859375,6253.19580078125,6077.87255859375,6107.09326171875,871508
2018-09-11,6107.09326171875,6428.51904296875,6048.65234375,6253.19580078125,722555
2018-09-12,6019.431640625,6077.87255859375,5990.2109375,6077.87255859375,415647
2018-09-13,5931.77001953125,5990.2109375,5873.3291015625,5990.2109375,232145
2018-09-14,5844.1083984375,5960.99072265625,5727.22607421875,5844.1083984375,414415
2018-09-17,5873.3291015625,5931.77001953125,5797.35546875,5797.35546875,299120
2018-09-18,5873.3291015625,5931.77001953125,5844.1083984375,5902.54931640625,161083
2018-09-19,5902.54931640625,5902.54931640625,5814.8876953125,5902.54931640625,352267
2018-09-20,6107.09326171875,6165.5341796875,5873.3291015625,5931.77001953125,1239350
2018-09-21,6194.7548828125,6223.9755859375,6048.65234375,6048.65234375,1037726
2018-09-24,6194.7548828125,6223.9755859375,6048.65234375,6223.9755859375,904343
2018-09-25,6136.31396484375,6253.19580078125,6077.87255859375,6194.7548828125,1136561
2018-09-26,6107.09326171875,6107.09326171875,6019.431640625,6107.09326171875,1042003
2018-09-27,6107.09326171875,6194.7548828125,6077.87255859375,6107.09326171875,854995
2018-09-28,6165.5341796875,6165.5341796875,6107.09326171875,6136.31396484375,916458
2018-10-01,6136.31396484375,6194.7548828125,6136.31396484375,6194.7548828125,796955
2018-10-02,6107.09326171875,6194.7548828125,6048.65234375,6136.31396484375,1868512
2018-10-03,6107.09326171875,6165.5341796875,6077.87255859375,6136.31396484375,846046
2018-10-04,6136.31396484375,6165.5341796875,6077.87255859375,6136.31396484375,579967
2018-10-05,6136.31396484375,6136.31396484375,6077.87255859375,6107.09326171875,450503
2018-10-08,6136.31396484375,6136.31396484375,6107.09326171875,6136.31396484375,701592
2018-10-09,6545.4013671875,6545.4013671875,6136.31396484375,6165.5341796875,2753368
2018-10-10,6983.70947265625,6983.70947265625,6545.4013671875,6603.84228515625,2618241
2018-10-11,6662.28369140625,7451.23828125,6516.1806640625,7012.93017578125,1959902
2018-10-12,6223.9755859375,6399.298828125,6223.9755859375,6223.9755859375,937010
2018-10-15,5791.51123046875,6136.31396484375,5791.51123046875,5844.1083984375,639240
2018-10-16,5388.26806640625,5551.90283203125,5388.26806640625,5388.26806640625,1864835
2018-10-17,5014.2451171875,5388.26806640625,5014.2451171875,5388.26806640625,1013841
2018-10-18,5364.8916015625,5364.8916015625,4663.5986328125,4663.5986328125,3985482
2018-10-19,5172.0361328125,5411.64453125,4990.86865234375,5364.8916015625,1650380
2018-10-22,4815.54541015625,5125.283203125,4815.54541015625,4850.60986328125,1122462
2018-10-23,4482.43115234375,4704.50732421875,4482.43115234375,4651.91015625,1939352
2018-10-24,4441.5224609375,4616.845703125,4172.693359375,4178.53759765625,3061781
2018-10-25,4675.28662109375,4675.28662109375,4131.78466796875,4131.78466796875,1975560
2018-10-26,4348.0166015625,4529.18408203125,4348.0166015625,4353.86083984375,672950
2018-10-29,4044.123046875,4090.8759765625,4044.123046875,4044.123046875,271126
2018-10-30,3792.826416015625,4032.434814453125,3763.605712890625,3763.605712890625,1734121
2018-10-31,3681.788330078125,3973.99365234375,3564.906005859375,3564.906005859375,3014316
2018-11-01,3681.788330078125,3781.13818359375,3570.750244140625,3681.788330078125,933176
2018-11-02,3652.56787109375,3740.2294921875,3599.970703125,3711.0087890625,458237
2018-11-05,3623.34716796875,3681.788330078125,3564.906005859375,3635.035400390625,446175
2018-11-06,3769.449951171875,3769.449951171875,3570.750244140625,3681.788330078125,2297235
2018-11-07,3775.2939453125,3845.42333984375,3734.38525390625,3798.67041015625,619922
2018-11-08,3775.2939453125,3845.42333984375,3722.697021484375,3775.2939453125,590850
2018-11-09,3681.788330078125,3740.2294921875,3623.34716796875,3740.2294921875,650653
2018-11-12,3716.85302734375,3734.38525390625,3623.34716796875,3711.0087890625,398365
2018-11-13,3716.85302734375,3716.85302734375,3541.52978515625,3652.56787109375,822877
2018-11-14,3845.42333984375,3968.149658203125,3716.85302734375,3734.38525390625,2732886
2018-11-15,3675.944091796875,3927.240966796875,3576.59423828125,3868.7998046875,2670566
2018-11-16,3658.411865234375,3716.85302734375,3506.465087890625,3675.944091796875,1053913
2018-11-19,3442.179931640625,3681.788330078125,3407.115234375,3623.34716796875,2599436
2018-11-20,3331.141845703125,3424.6474609375,3208.41552734375,3360.3623046875,1566601
2018-11-21,3389.582763671875,3412.959228515625,3214.259521484375,3331.141845703125,841768
2018-11-22,3272.70068359375,3389.582763671875,3243.480224609375,3243.480224609375,568690
2018-11-23,3068.156982421875,3307.765380859375,3062.312744140625,3284.388916015625,1344462
2018-11-26,2980.495361328125,3097.37744140625,2881.1455078125,3068.156982421875,1487153
2018-11-27,3021.404052734375,3038.936279296875,2980.495361328125,2992.18359375,517460
2018-11-28,3068.156982421875,3091.533447265625,2980.495361328125,3062.312744140625,703116
2018-11-29,2922.05419921875,3173.350830078125,2922.05419921875,3068.156982421875,1820241
2018-11-30,2922.05419921875,2951.274658203125,2892.833740234375,2922.05419921875,229066
2018-12-03,2922.05419921875,3003.871826171875,2916.210205078125,2922.05419921875,485941
2018-12-04,2922.05419921875,2922.05419921875,2875.30126953125,2916.210205078125,680050
2018-12-05,2916.210205078125,2933.742431640625,2816.8603515625,2892.833740234375,1031002
2018-12-06,2922.05419921875,2922.05419921875,2875.30126953125,2875.30126953125,225728
2018-12-07,2927.898193359375,2980.495361328125,2922.05419921875,2933.742431640625,1154117
2018-12-10,2922.05419921875,2968.80712890625,2922.05419921875,2968.80712890625,981447
2018-12-11,2927.898193359375,2927.898193359375,2910.365966796875,2927.898193359375,263253
2018-12-12,2922.05419921875,2962.962890625,2910.365966796875,2933.742431640625,340682
2018-12-13,2922.05419921875,2968.80712890625,2892.833740234375,2968.80712890625,299942
2018-12-14,2916.210205078125,2957.118896484375,2916.210205078125,2922.05419921875,271997
2018-12-17,2916.210205078125,2916.210205078125,2869.457275390625,2916.210205078125,182043
2018-12-18,2910.365966796875,2916.210205078125,2869.457275390625,2892.833740234375,1385786
2018-12-19,2910.365966796875,2933.742431640625,2881.1455078125,2933.742431640625,416878
2018-12-20,2910.365966796875,2910.365966796875,2863.613037109375,2910.365966796875,295715
2018-12-21,2910.365966796875,2927.898193359375,2875.30126953125,2892.833740234375,329851
2018-12-24,2910.365966796875,2939.58642578125,2910.365966796875,2910.365966796875,214828
2018-12-25,2904.52197265625,2916.210205078125,2840.236572265625,2875.30126953125,997343
2018-12-26,2904.52197265625,2910.365966796875,2869.457275390625,2875.30126953125,1922891
2018-12-27,2904.52197265625,2933.742431640625,2898.677734375,2904.52197265625,224361
2018-12-28,2881.1455078125,2927.898193359375,2869.457275390625,2927.898193359375,254375
2019-01-02,2892.833740234375,2922.05419921875,2875.30126953125,2881.1455078125,316658
2019-01-03,2857.76904296875,2898.677734375,2851.9248046875,2863.613037109375,429627
2019-01-04,2857.76904296875,2857.76904296875,2659.0693359375,2834.392578125,853062
2019-01-07,2904.52197265625,2916.210205078125,2846.080810546875,2857.76904296875,181583
2019-01-08,2898.677734375,2904.52197265625,2863.613037109375,2904.52197265625,544425
2019-01-09,2980.495361328125,2980.495361328125,2875.30126953125,2898.677734375,353207
2019-01-10,2927.898193359375,3114.90966796875,2927.898193359375,3009.7158203125,218902
2019-01-11,2927.898193359375,2992.18359375,2922.05419921875,2922.05419921875,186048
2019-01-14,2933.742431640625,2974.651123046875,2927.898193359375,2927.898193359375,102667
2019-01-15,2922.05419921875,2968.80712890625,2922.05419921875,2968.80712890625,355381
2019-01-16,2922.05419921875,2962.962890625,2922.05419921875,2962.962890625,145820
2019-01-17,2922.05419921875,2957.118896484375,2922.05419921875,2957.118896484375,176245
2019-01-18,2922.05419921875,2951.274658203125,2922.05419921875,2951.274658203125,192757
2019-01-21,2922.05419921875,2951.274658203125,2922.05419921875,2927.898193359375,117330
2019-01-22,2922.05419921875,2939.58642578125,2922.05419921875,2939.58642578125,249103
2019-01-23,2957.118896484375,2957.118896484375,2922.05419921875,2922.05419921875,81498
2019-01-24,2945.4306640625,2962.962890625,2933.742431640625,2962.962890625,120290
2019-01-25,2980.495361328125,3009.7158203125,2927.898193359375,2927.898193359375,150235
2019-01-28,3050.62451171875,3068.156982421875,3009.7158203125,3009.7158203125,233755
2019-01-29,3050.62451171875,3062.312744140625,3009.7158203125,3062.312744140625,209457
2019-01-30,3038.936279296875,3044.780517578125,2992.18359375,3038.936279296875,127647
2019-01-31,3196.727294921875,3231.7919921875,3015.56005859375,3044.780517578125,679621
2019-02-01,3196.727294921875,3214.259521484375,3155.818603515625,3196.727294921875,304407
2019-02-11,3237.635986328125,3272.70068359375,3196.727294921875,3243.480224609375,232522
2019-02-12,3360.3623046875,3383.73876953125,3214.259521484375,3261.012451171875,505260
2019-02-13,3389.582763671875,3430.49169921875,3360.3623046875,3389.582763671875,388971
2019-02-14,3401.27099609375,3436.335693359375,3366.20654296875,3389.582763671875,232882
2019-02-15,3331.141845703125,3412.959228515625,3313.609375,3412.959228515625,416758
2019-02-18,3331.141845703125,3383.73876953125,3307.765380859375,3307.765380859375,145168
2019-02-19,3301.921142578125,3342.830078125,3301.921142578125,3301.921142578125,138001
2019-02-20,3471.400390625,3518.1533203125,3325.297607421875,3325.297607421875,1485751
2019-02-21,3453.8681640625,3553.218017578125,3424.6474609375,3494.77685546875,581917
2019-02-22,3325.297607421875,3453.8681640625,3301.921142578125,3453.8681640625,140052
2019-02-25,3149.974365234375,3278.544921875,3114.90966796875,3272.70068359375,248777
2019-02-26,2980.495361328125,3155.818603515625,2968.80712890625,3155.818603515625,354490
2019-02-27,2968.80712890625,3097.37744140625,2968.80712890625,2980.495361328125,162366
2019-02-28,2939.58642578125,2980.495361328125,2927.898193359375,2974.651123046875,175953
2019-03-01,2939.58642578125,2980.495361328125,2922.05419921875,2939.58642578125,313631
2019-03-04,2957.118896484375,2980.495361328125,2933.742431640625,2962.962890625,358495
2019-03-05,2980.495361328125,3027.248046875,2939.58642578125,2939.58642578125,565662
2019-03-06,2974.651123046875,3027.248046875,2974.651123046875,3009.7158203125,197066
2019-03-07,2974.651123046875,3009.7158203125,2962.962890625,2974.651123046875,273162
2019-03-08,2951.274658203125,2968.80712890625,2939.58642578125,2968.80712890625,322682
2019-03-11,2945.4306640625,2951.274658203125,2922.05419921875,2927.898193359375,144981
2019-03-12,2933.742431640625,2945.4306640625,2922.05419921875,2945.4306640625,212297
2019-03-13,2951.274658203125,2980.495361328125,2933.742431640625,2933.742431640625,214932
2019-03-14,2968.80712890625,2968.80712890625,2922.05419921875,2951.274658203125,783043
2019-03-15,2974.651123046875,2992.18359375,2922.05419921875,2951.274658203125,404353
2019-03-18,3038.936279296875,3038.936279296875,2916.210205078125,2974.651123046875,1016337
2019-03-19,3038.936279296875,3185.0390625,2916.210205078125,3097.37744140625,3450943
2019-03-20,2951.274658203125,3021.404052734375,2910.365966796875,2992.18359375,1260583
2019-03-21,2951.274658203125,3009.7158203125,2910.365966796875,2927.898193359375,1168902
2019-03-22,2805.172119140625,2968.80712890625,2793.48388671875,2922.05419921875,1089248
2019-03-25,2688.289794921875,2752.574951171875,2641.537109375,2746.73095703125,639668
2019-03-26,2676.6015625,2746.73095703125,2659.0693359375,2659.0693359375,2277985
2019-03-27,2688.289794921875,2717.510498046875,2659.0693359375,2659.0693359375,197890
2019-03-28,2682.44580078125,2688.289794921875,2653.22509765625,2688.289794921875,202577
2019-03-29,2682.44580078125,2682.44580078125,2659.0693359375,2664.913330078125,156276
2019-04-01,2682.44580078125,2740.886962890625,2659.0693359375,2659.0693359375,188136
2019-04-02,2682.44580078125,2717.510498046875,2682.44580078125,2682.44580078125,1811958
2019-04-03,2688.289794921875,2711.666259765625,2670.757568359375,2670.757568359375,1197716
2019-04-04,2688.289794921875,2688.289794921875,2647.381103515625,2688.289794921875,112060
2019-04-05,2670.757568359375,2688.289794921875,2664.913330078125,2670.757568359375,216386
2019-04-08,2682.44580078125,2682.44580078125,2647.381103515625,2670.757568359375,177030
2019-04-09,2664.913330078125,2694.134033203125,2653.22509765625,2694.134033203125,1001040
2019-04-10,2629.848876953125,2664.913330078125,2577.251708984375,2659.0693359375,215942
2019-04-11,2641.537109375,2659.0693359375,2629.848876953125,2629.848876953125,145768
2019-04-12,2635.69287109375,2641.537109375,2624.004638671875,2641.537109375,165943
2019-04-16,2629.848876953125,2647.381103515625,2571.40771484375,2635.69287109375,145751
2019-04-17,2624.004638671875,2641.537109375,2594.7841796875,2594.7841796875,285825
2019-04-18,2618.16064453125,2641.537109375,2600.628173828125,2624.004638671875,207266
2019-04-19,2600.628173828125,2635.69287109375,2600.628173828125,2629.848876953125,189215
2019-04-22,2594.7841796875,2606.472412109375,2577.251708984375,2600.628173828125,152868
2019-04-23,2600.628173828125,2624.004638671875,2583.095947265625,2606.472412109375,3284296
2019-04-24,2781.795654296875,2781.795654296875,2600.628173828125,2600.628173828125,1423842
2019-04-25,2846.080810546875,2892.833740234375,2781.795654296875,2781.795654296875,1872413
2019-04-26,2746.73095703125,2916.210205078125,2723.3544921875,2846.080810546875,431681
2019-05-02,2629.848876953125,2746.73095703125,2606.472412109375,2723.3544921875,248487
2019-05-03,2600.628173828125,2641.537109375,2600.628173828125,2612.31640625,363150
2019-05-06,2489.590087890625,2588.93994140625,2460.36962890625,2588.93994140625,421978
2019-05-07,2501.2783203125,2559.719482421875,2489.590087890625,2489.590087890625,166473
2019-05-08,2483.74609375,2489.590087890625,2448.681396484375,2489.590087890625,194091
2019-05-09,2483.74609375,2577.251708984375,2472.057861328125,2483.74609375,106703
2019-05-10,2483.74609375,2542.187255859375,2466.2138671875,2483.74609375,566911
2019-05-13,2483.74609375,2530.4990234375,2466.2138671875,2483.74609375,464293
2019-05-14,2460.36962890625,2483.74609375,2460.36962890625,2483.74609375,447303
2019-05-15,2483.74609375,2512.966552734375,2460.36962890625,2460.36962890625,251243
2019-05-16,2507.12255859375,2530.4990234375,2472.057861328125,2483.74609375,345165
2019-05-17,2483.74609375,2501.2783203125,2483.74609375,2483.74609375,120187
2019-05-20,2466.2138671875,2483.74609375,2466.2138671875,2483.74609375,292275
2019-05-21,2483.74609375,2483.74609375,2448.681396484375,2466.2138671875,257591
2019-05-22,2501.2783203125,2530.4990234375,2483.74609375,2512.966552734375,512172
2019-05-23,2524.65478515625,2530.4990234375,2483.74609375,2512.966552734375,74192
2019-05-24,2483.74609375,2670.757568359375,2448.681396484375,2524.65478515625,2016730
2019-05-27,2442.83740234375,2512.966552734375,2442.83740234375,2460.36962890625,248095
2019-05-28,2378.552001953125,2466.2138671875,2372.7080078125,2442.83740234375,233086
2019-05-29,2308.4228515625,2390.240234375,2255.825927734375,2343.487548828125,357230
2019-05-30,2296.734619140625,2337.643310546875,2279.202392578125,2279.202392578125,139916
2019-05-31,2279.202392578125,2448.681396484375,2279.202392578125,2448.681396484375,134887
2019-06-03,2232.449462890625,2285.04638671875,2226.605224609375,2226.605224609375,172701
2019-06-04,2232.449462890625,2249.981689453125,2220.76123046875,2220.76123046875,81926
2019-06-05,2296.734619140625,2314.266845703125,2220.76123046875,2238.29345703125,64678
2019-06-06,2273.358154296875,2296.734619140625,2238.29345703125,2238.29345703125,98028
2019-06-07,2232.449462890625,2279.202392578125,2232.449462890625,2279.202392578125,67038
2019-06-10,2249.981689453125,2249.981689453125,2232.449462890625,2232.449462890625,64472
2019-06-11,2238.29345703125,2244.1376953125,2220.76123046875,2244.1376953125,391776
2019-06-12,2238.29345703125,2249.981689453125,2238.29345703125,2238.29345703125,63890
2019-06-13,2232.449462890625,2232.449462890625,2214.9169921875,2232.449462890625,94966
2019-06-14,2302.57861328125,2308.4228515625,2220.76123046875,2220.76123046875,149670
2019-06-17,2226.605224609375,2238.29345703125,2226.605224609375,2232.449462890625,258462
2019-06-18,2226.605224609375,2249.981689453125,2220.76123046875,2226.605224609375,183328
2019-06-19,2220.76123046875,2255.825927734375,2220.76123046875,2220.76123046875,63702
2019-06-20,2238.29345703125,2238.29345703125,2197.384765625,2197.384765625,166643
2019-06-21,2244.1376953125,2244.1376953125,2220.76123046875,2238.29345703125,21456
2019-06-24,2109.72314453125,2220.76123046875,2109.72314453125,2220.76123046875,141115
2019-06-25,2150.6318359375,2197.384765625,2109.72314453125,2109.72314453125,48131
2019-06-26,2103.87890625,2150.6318359375,2103.87890625,2150.6318359375,1409537
2019-06-27,2103.87890625,2109.72314453125,2103.87890625,2103.87890625,47343
2019-06-28,2080.502685546875,2103.87890625,2080.502685546875,2103.87890625,803986
2019-07-01,2214.9169921875,2220.76123046875,2162.320068359375,2209.072998046875,549200
2019-07-02,2150.6318359375,2214.9169921875,2150.6318359375,2214.9169921875,44898
2019-07-03,2185.696533203125,2209.072998046875,2109.72314453125,2115.567138671875,360191
2019-07-04,2209.072998046875,2214.9169921875,2115.567138671875,2214.9169921875,247530
2019-07-05,2133.099609375,2185.696533203125,2127.25537109375,2127.25537109375,8073
2019-07-08,2133.099609375,2162.320068359375,2121.411376953125,2133.099609375,27153
2019-07-09,2150.6318359375,2168.164306640625,2133.099609375,2133.099609375,145050
2019-07-10,2156.47607421875,2179.8525390625,2156.47607421875,2174.00830078125,24022
2019-07-11,2232.449462890625,2279.202392578125,2162.320068359375,2174.00830078125,217568
2019-07-12,2220.76123046875,2261.669921875,2174.00830078125,2174.00830078125,24842
2019-07-15,2249.981689453125,2261.669921875,2220.76123046875,2220.76123046875,51073
2019-07-16,2238.29345703125,2261.669921875,2214.9169921875,2249.981689453125,745450
2019-07-17,2197.384765625,2232.449462890625,2191.540771484375,2191.540771484375,621273
2019-07-18,2174.00830078125,2220.76123046875,2174.00830078125,2220.76123046875,8707
2019-07-19,2185.696533203125,2203.228759765625,2179.8525390625,2179.8525390625,33913
2019-07-22,2185.696533203125,2203.228759765625,2168.164306640625,2168.164306640625,108535
2019-07-23,2191.540771484375,2191.540771484375,2168.164306640625,2191.540771484375,32425
2019-07-24,2203.228759765625,2214.9169921875,2168.164306640625,2214.9169921875,50031
2019-07-25,2238.29345703125,2249.981689453125,2214.9169921875,2226.605224609375,95240
2019-07-26,2232.449462890625,2238.29345703125,2214.9169921875,2220.76123046875,127461
2019-07-29,2378.552001953125,2384.396240234375,2355.17578125,2378.552001953125,755748
2019-07-30,2244.1376953125,2407.772705078125,2244.1376953125,2401.928466796875,178230
2019-07-31,2244.1376953125,2337.643310546875,2244.1376953125,2337.643310546875,67228
2019-08-01,2138.943603515625,2244.1376953125,2138.943603515625,2244.1376953125,292428
2019-08-02,2185.696533203125,2197.384765625,2109.72314453125,2162.320068359375,65756
2019-08-05,2162.320068359375,2220.76123046875,2162.320068359375,2220.76123046875,94385
2019-08-06,2121.411376953125,2308.4228515625,2103.87890625,2197.384765625,32440
2019-08-07,2185.696533203125,2214.9169921875,2109.72314453125,2121.411376953125,29480
2019-08-08,2168.164306640625,2185.696533203125,2162.320068359375,2179.8525390625,237963
2019-08-09,2162.320068359375,2249.981689453125,2109.72314453125,2191.540771484375,142910
2019-08-12,2133.099609375,2162.320068359375,2133.099609375,2162.320068359375,143287
2019-08-13,2133.099609375,2133.099609375,2109.72314453125,2133.099609375,40637
2019-08-14,2162.320068359375,2191.540771484375,2133.099609375,2191.540771484375,265906
2019-08-15,2150.6318359375,2150.6318359375,2109.72314453125,2121.411376953125,233635
2019-08-16,2121.411376953125,2150.6318359375,2115.567138671875,2115.567138671875,24091
2019-08-19,2121.411376953125,2156.47607421875,2115.567138671875,2121.411376953125,517580
2019-08-20,2144.787841796875,2162.320068359375,2092.19091796875,2133.099609375,854430
2019-08-21,2109.72314453125,2144.787841796875,2103.87890625,2103.87890625,9442
2019-08-22,2109.72314453125,2109.72314453125,2098.034912109375,2098.034912109375,62316
2019-08-23,2121.411376953125,2138.943603515625,2098.034912109375,2103.87890625,10007
2019-08-26,2092.19091796875,2109.72314453125,2080.502685546875,2098.034912109375,23731
2019-08-27,2086.3466796875,2109.72314453125,2045.43798828125,2109.72314453125,40637
2019-08-28,2103.87890625,2109.72314453125,1998.68505859375,2045.43798828125,90962
2019-08-29,2115.567138671875,2115.567138671875,2051.281982421875,2051.281982421875,235175
2019-08-30,2103.87890625,2115.567138671875,2092.19091796875,2092.19091796875,216780
2019-09-03,2045.43798828125,2109.72314453125,1957.7763671875,2109.72314453125,626423
2019-09-04,2016.2174072265625,2051.281982421875,1986.996826171875,2016.2174072265625,238050
2019-09-05,2016.2174072265625,2045.43798828125,1992.8409423828125,2045.43798828125,61256
2019-09-06,2016.2174072265625,2039.5938720703125,1998.68505859375,2039.5938720703125,26400
2019-09-09,1975.30859375,2022.0615234375,1975.30859375,2010.373291015625,86238
2019-09-10,1981.1527099609373,2004.5291748046875,1963.6204833984373,1975.30859375,350197
2019-09-11,1981.1527099609373,1981.1527099609373,1981.1527099609373,1981.1527099609373,1855763
2019-09-12,1986.996826171875,1998.68505859375,1986.996826171875,1998.68505859375,98695
2019-09-13,2045.43798828125,2045.43798828125,1975.30859375,1986.996826171875,183653
2019-09-16,2016.2174072265625,2045.43798828125,1986.996826171875,2045.43798828125,179906
2019-09-17,1975.30859375,1986.996826171875,1934.39990234375,1986.996826171875,227080
2019-09-18,1986.996826171875,2033.749755859375,1975.30859375,1986.996826171875,56910
2019-09-19,1986.996826171875,1986.996826171875,1975.30859375,1986.996826171875,294756
2019-09-20,2045.43798828125,2115.567138671875,1975.30859375,1981.1527099609373,175337
2019-09-23,2080.502685546875,2098.034912109375,2039.5938720703125,2045.43798828125,11787
2019-09-24,1998.68505859375,2039.5938720703125,1998.68505859375,1998.68505859375,71351
2019-09-25,1986.996826171875,2045.43798828125,1986.996826171875,2045.43798828125,150765
2019-09-26,1986.996826171875,2010.373291015625,1963.6204833984373,1986.996826171875,71026
2019-09-27,2010.373291015625,2033.749755859375,1975.30859375,1986.996826171875,13481
2019-09-30,1992.8409423828125,2086.3466796875,1992.8409423828125,2086.3466796875,21967
2019-10-01,1992.8409423828125,1998.68505859375,1975.30859375,1992.8409423828125,98832
2019-10-02,1986.996826171875,1992.8409423828125,1975.30859375,1975.30859375,22722
2019-10-03,1986.996826171875,1986.996826171875,1975.30859375,1986.996826171875,233686
2019-10-04,2004.5291748046875,2022.0615234375,1986.996826171875,1986.996826171875,71933
2019-10-07,2004.5291748046875,2004.5291748046875,1992.8409423828125,2004.5291748046875,8742
2019-10-08,1986.996826171875,2016.2174072265625,1986.996826171875,1998.68505859375,410957
2019-10-09,1981.1527099609373,2033.749755859375,1981.1527099609373,2033.749755859375,420232
2019-10-10,1986.996826171875,2016.2174072265625,1981.1527099609373,1981.1527099609373,206651
2019-10-11,1986.996826171875,1986.996826171875,1975.30859375,1986.996826171875,28660
2019-10-14,1992.8409423828125,2016.2174072265625,1963.6204833984373,2016.2174072265625,66630
2019-10-15,1986.996826171875,1992.8409423828125,1975.30859375,1992.8409423828125,30782
2019-10-16,1981.1527099609373,1986.996826171875,1963.6204833984373,1986.996826171875,74533
2019-10-17,1986.996826171875,1998.68505859375,1963.6204833984373,1963.6204833984373,1818000
2019-10-18,2109.72314453125,2109.72314453125,1986.996826171875,2016.2174072265625,247408
2019-10-21,1986.996826171875,2109.72314453125,1986.996826171875,2109.72314453125,239743
2019-10-22,1975.30859375,1992.8409423828125,1975.30859375,1986.996826171875,122532
2019-10-23,1975.30859375,2103.87890625,1969.4644775390625,1975.30859375,120957
2019-10-24,1981.1527099609373,1981.1527099609373,1963.6204833984373,1969.4644775390625,73200
2019-10-25,1981.1527099609373,1986.996826171875,1975.30859375,1986.996826171875,15740
2019-10-28,1975.30859375,1975.30859375,1934.39990234375,1934.39990234375,47911
2019-10-29,1969.4644775390625,1975.30859375,1963.6204833984373,1975.30859375,47807
2019-10-30,1963.6204833984373,1969.4644775390625,1946.088134765625,1946.088134765625,34665
2019-10-31,1969.4644775390625,1969.4644775390625,1951.9322509765625,1957.7763671875,21402
2019-11-01,1975.30859375,1975.30859375,1951.9322509765625,1963.6204833984373,12762
2019-11-04,1916.8675537109373,1963.6204833984373,1870.11474609375,1928.5557861328125,128743
2019-11-05,1899.335205078125,1928.5557861328125,1875.958740234375,1881.8028564453125,114077
2019-11-06,1899.335205078125,1911.0234375,1840.8941650390625,1911.0234375,240035
2019-11-07,1899.335205078125,1899.335205078125,1881.8028564453125,1893.4910888671875,30285
2019-11-08,2027.9056396484373,2027.9056396484373,1875.958740234375,1875.958740234375,1929445
2019-11-11,2168.164306640625,2168.164306640625,2127.25537109375,2133.099609375,1767092
2019-11-12,2314.266845703125,2314.266845703125,2273.358154296875,2308.4228515625,1124686
2019-11-13,2249.981689453125,2472.057861328125,2220.76123046875,2472.057861328125,1394922
2019-11-14,2401.928466796875,2401.928466796875,2115.567138671875,2133.099609375,2289980
2019-11-15,2454.525634765625,2512.966552734375,2238.29345703125,2495.434326171875,1549097
2019-11-18,2337.643310546875,2454.525634765625,2296.734619140625,2384.396240234375,611245
2019-11-19,2249.981689453125,2442.83740234375,2214.9169921875,2214.9169921875,1274067
2019-11-20,2162.320068359375,2337.643310546875,2098.034912109375,2314.266845703125,1820755
2019-11-21,2092.19091796875,2162.320068359375,2016.2174072265625,2162.320068359375,376291
2019-11-22,1946.088134765625,2103.87890625,1946.088134765625,2098.034912109375,371415
2019-11-25,1963.6204833984373,1981.1527099609373,1893.4910888671875,1928.5557861328125,63378
2019-11-26,1975.30859375,1986.996826171875,1887.64697265625,1887.64697265625,136956
2019-11-27,1922.711669921875,1975.30859375,1922.711669921875,1975.30859375,223675
2019-11-28,2057.126220703125,2057.126220703125,1916.8675537109373,1916.8675537109373,2041936
2019-11-29,2074.658447265625,2162.320068359375,2057.126220703125,2057.126220703125,431030
2019-12-02,2016.2174072265625,2074.658447265625,1934.39990234375,2074.658447265625,3125282
2019-12-03,1875.958740234375,1969.4644775390625,1875.958740234375,1881.8028564453125,3630456
2019-12-04,1893.4910888671875,1911.0234375,1782.4530029296875,1870.11474609375,759583
2019-12-05,1764.9207763671875,1887.64697265625,1764.9207763671875,1887.64697265625,2734837
2019-12-06,1665.5709228515625,1764.9207763671875,1648.03857421875,1648.03857421875,405192
2019-12-09,1776.6090087890625,1776.6090087890625,1665.5709228515625,1694.7913818359375,2804207
2019-12-10,1782.4530029296875,1875.958740234375,1759.07666015625,1811.673583984375,934357
2019-12-11,1794.1412353515625,1794.1412353515625,1753.2325439453125,1782.4530029296875,232213
2019-12-12,1753.2325439453125,1776.6090087890625,1735.7001953125,1759.07666015625,2119157
2019-12-13,1700.635498046875,1735.7001953125,1636.350341796875,1735.7001953125,452966
2019-12-16,1753.2325439453125,1770.764892578125,1694.7913818359375,1694.7913818359375,386472
2019-12-17,1706.4796142578125,1770.764892578125,1694.7913818359375,1770.764892578125,590693
2019-12-18,1724.011962890625,1735.7001953125,1694.7913818359375,1706.4796142578125,309198
2019-12-19,1683.103271484375,1735.7001953125,1671.4150390625,1735.7001953125,450930
2019-12-20,1683.103271484375,1700.635498046875,1659.726806640625,1683.103271484375,344652
2019-12-23,1799.9853515625,1799.9853515625,1671.4150390625,1712.32373046875,2326973
2019-12-24,1922.711669921875,1922.711669921875,1799.9853515625,1811.673583984375,5835053
2019-12-25,1864.2706298828125,2004.5291748046875,1811.673583984375,2004.5291748046875,894027
2019-12-26,1811.673583984375,1835.050048828125,1747.388427734375,1776.6090087890625,2455291
2019-12-27,1706.4796142578125,1811.673583984375,1694.7913818359375,1747.388427734375,421020
2019-12-30,1694.7913818359375,1735.7001953125,1683.103271484375,1706.4796142578125,438832
2019-12-31,1659.726806640625,1700.635498046875,1636.350341796875,1694.7913818359375,522113
2020-01-02,1718.1678466796875,1724.011962890625,1630.5062255859375,1671.4150390625,204461
2020-01-03,1665.5709228515625,1724.011962890625,1630.5062255859375,1718.1678466796875,997430
2020-01-06,1636.350341796875,1665.5709228515625,1583.75341796875,1665.5709228515625,261097
2020-01-07,1665.5709228515625,1724.011962890625,1636.350341796875,1636.350341796875,456952
2020-01-08,1577.9093017578125,1671.4150390625,1572.065185546875,1618.8179931640625,608013
2020-01-09,1583.75341796875,1653.8826904296875,1577.9093017578125,1648.03857421875,238392
2020-01-10,1519.4681396484375,1636.350341796875,1496.091796875,1636.350341796875,752106
2020-01-13,1519.4681396484375,1525.312255859375,1496.091796875,1519.4681396484375,278176
2020-01-14,1496.091796875,1537.00048828125,1431.8065185546875,1537.00048828125,382656
2020-01-15,1414.2742919921875,1490.2476806640625,1414.2742919921875,1437.650634765625,209577
2020-01-16,1425.96240234375,1461.027099609375,1425.96240234375,1461.027099609375,455397
2020-01-17,1449.3388671875,1490.2476806640625,1402.5860595703125,1490.2476806640625,199428
2020-01-20,1443.4947509765625,1461.027099609375,1408.43017578125,1449.3388671875,111922
2020-01-21,1420.1182861328125,1443.4947509765625,1373.365478515625,1402.5860595703125,194005
2020-01-22,1437.650634765625,1443.4947509765625,1402.5860595703125,1437.650634765625,177132
2020-01-30,1390.8978271484375,1425.96240234375,1361.67724609375,1408.43017578125,209595
2020-01-31,1309.080322265625,1385.0537109375,1303.2362060546875,1355.8331298828125,457603
2020-02-03,1256.4832763671875,1309.080322265625,1221.418701171875,1309.080322265625,398518
2020-02-04,1256.4832763671875,1285.703857421875,1180.5098876953125,1256.4832763671875,206342
2020-02-05,1262.327392578125,1297.39208984375,1233.10693359375,1297.39208984375,127356
2020-02-06,1309.080322265625,1320.7685546875,1227.2628173828125,1320.7685546875,258120
2020-02-07,1344.1448974609375,1361.67724609375,1309.080322265625,1338.30078125,228981
2020-02-10,1344.1448974609375,1367.5213623046875,1285.703857421875,1355.8331298828125,111237
2020-02-11,1420.1182861328125,1437.650634765625,1344.1448974609375,1367.5213623046875,517186
2020-02-12,1519.4681396484375,1519.4681396484375,1420.1182861328125,1420.1182861328125,1582052
2020-02-13,1507.7799072265625,1607.1297607421875,1466.8712158203125,1607.1297607421875,564840
2020-02-14,1490.2476806640625,1542.8446044921875,1461.027099609375,1507.7799072265625,90207
2020-02-17,1396.741943359375,1461.027099609375,1390.8978271484375,1461.027099609375,85400
2020-02-18,1390.8978271484375,1425.96240234375,1379.2095947265625,1396.741943359375,77855
2020-02-19,1484.403564453125,1484.403564453125,1425.96240234375,1455.1829833984375,2654192
2020-02-20,1566.2210693359375,1583.75341796875,1525.312255859375,1566.2210693359375,2540556
2020-02-21,1572.065185546875,1630.5062255859375,1525.312255859375,1566.2210693359375,1388986
2020-02-24,1466.8712158203125,1519.4681396484375,1466.8712158203125,1472.71533203125,475997
2020-02-25,1402.5860595703125,1449.3388671875,1367.5213623046875,1373.365478515625,751866
2020-02-26,1402.5860595703125,1402.5860595703125,1320.7685546875,1344.1448974609375,186561
2020-02-27,1396.741943359375,1402.5860595703125,1344.1448974609375,1344.1448974609375,89096
2020-02-28,1344.1448974609375,1367.5213623046875,1338.30078125,1367.5213623046875,189452
2020-03-02,1344.1448974609375,1379.2095947265625,1344.1448974609375,1379.2095947265625,272168
2020-03-03,1379.2095947265625,1431.8065185546875,1344.1448974609375,1373.365478515625,186835
2020-03-04,1344.1448974609375,1414.2742919921875,1344.1448974609375,1379.2095947265625,298657
2020-03-05,1402.5860595703125,1437.650634765625,1373.365478515625,1396.741943359375,1119690
2020-03-06,1496.091796875,1496.091796875,1431.8065185546875,1461.027099609375,3462152
2020-03-09,1396.741943359375,1484.403564453125,1396.741943359375,1461.027099609375,1201122
2020-03-10,1414.2742919921875,1414.2742919921875,1309.080322265625,1309.080322265625,101912
2020-03-11,1355.8331298828125,1449.3388671875,1326.612548828125,1420.1182861328125,295305
2020-03-12,1314.9244384765625,1396.741943359375,1285.703857421875,1396.741943359375,275248
2020-03-13,1332.4566650390625,1344.1448974609375,1256.4832763671875,1344.1448974609375,137212
2020-03-16,1332.4566650390625,1355.8331298828125,1332.4566650390625,1332.4566650390625,114130
2020-03-17,1355.8331298828125,1355.8331298828125,1303.2362060546875,1314.9244384765625,50151
2020-03-18,1408.43017578125,1414.2742919921875,1373.365478515625,1414.2742919921875,144603
2020-03-19,1314.9244384765625,1408.43017578125,1314.9244384765625,1408.43017578125,348075
2020-03-20,1338.30078125,1344.1448974609375,1291.5479736328125,1344.1448974609375,17416
2020-03-23,1244.7950439453125,1361.67724609375,1244.7950439453125,1303.2362060546875,149961
2020-03-24,1174.665771484375,1262.327392578125,1168.8216552734375,1186.35400390625,228227
2020-03-25,1221.418701171875,1250.63916015625,1215.5745849609375,1215.5745849609375,41713
2020-03-26,1186.35400390625,1297.39208984375,1186.35400390625,1256.4832763671875,22448
2020-03-27,1268.1715087890625,1268.1715087890625,1145.4451904296875,1227.2628173828125,1099497
2020-03-30,1256.4832763671875,1268.1715087890625,1209.73046875,1268.1715087890625,342771
2020-03-31,1221.418701171875,1291.5479736328125,1168.8216552734375,1291.5479736328125,608627
2020-04-01,1297.39208984375,1303.2362060546875,1162.9775390625,1162.9775390625,263512
2020-04-03,1326.612548828125,1349.989013671875,1227.2628173828125,1256.4832763671875,135056
2020-04-06,1414.2742919921875,1414.2742919921875,1344.1448974609375,1367.5213623046875,357057
2020-04-07,1507.7799072265625,1507.7799072265625,1461.027099609375,1490.2476806640625,1119587
2020-04-08,1612.973876953125,1612.973876953125,1490.2476806640625,1513.6240234375,1676558
2020-04-09,1724.011962890625,1724.011962890625,1648.03857421875,1659.726806640625,720997
2020-04-10,1665.5709228515625,1840.8941650390625,1607.1297607421875,1607.1297607421875,992707
2020-04-13,1554.5328369140625,1665.5709228515625,1554.5328369140625,1554.5328369140625,989576
2020-04-14,1659.726806640625,1659.726806640625,1577.9093017578125,1653.8826904296875,648035
2020-04-15,1770.764892578125,1770.764892578125,1659.726806640625,1764.9207763671875,1146726
2020-04-16,1893.4910888671875,1893.4910888671875,1694.7913818359375,1694.7913818359375,2654518
2020-04-17,1764.9207763671875,1998.68505859375,1764.9207763671875,1951.9322509765625,2797345
2020-04-20,1887.64697265625,1887.64697265625,1764.9207763671875,1764.9207763671875,1217343
2020-04-21,2016.2174072265625,2016.2174072265625,1788.297119140625,1887.64697265625,2473240
2020-04-22,2086.3466796875,2156.47607421875,1981.1527099609373,2045.43798828125,2902801
2020-04-23,1975.30859375,2103.87890625,1957.7763671875,2086.3466796875,721288
2020-04-24,1975.30859375,1981.1527099609373,1928.5557861328125,1981.1527099609373,487926
2020-04-27,2109.72314453125,2109.72314453125,1969.4644775390625,1986.996826171875,2891097
2020-04-28,2220.76123046875,2244.1376953125,2016.2174072265625,2220.76123046875,835866
2020-04-29,2092.19091796875,2209.072998046875,2068.814453125,2209.072998046875,3857181
2020-05-04,2238.29345703125,2238.29345703125,2016.2174072265625,2068.814453125,2463897
2020-05-05,2261.669921875,2366.864013671875,2086.3466796875,2273.358154296875,6006048
2020-05-06,2103.87890625,2279.202392578125,2103.87890625,2244.1376953125,2948437
2020-05-07,2144.787841796875,2144.787841796875,1986.996826171875,2098.034912109375,526202
2020-05-08,1998.68505859375,2138.943603515625,1998.68505859375,2103.87890625,4087413
2020-05-11,2098.034912109375,2133.099609375,1875.958740234375,1875.958740234375,2228653
2020-05-12,2062.97021484375,2098.034912109375,2016.2174072265625,2074.658447265625,593965
2020-05-13,1975.30859375,2045.43798828125,1957.7763671875,2045.43798828125,482928
2020-05-14,2004.5291748046875,2027.9056396484373,1957.7763671875,1969.4644775390625,994658
2020-05-15,1986.996826171875,2010.373291015625,1969.4644775390625,1986.996826171875,669492
2020-05-18,1975.30859375,1986.996826171875,1957.7763671875,1986.996826171875,327216
2020-05-19,1957.7763671875,1981.1527099609373,1946.088134765625,1969.4644775390625,249907
2020-05-20,1887.64697265625,1975.30859375,1887.64697265625,1951.9322509765625,198248
2020-05-21,1759.07666015625,1887.64697265625,1759.07666015625,1887.64697265625,1645502
2020-05-22,1759.07666015625,1817.5177001953125,1741.5443115234375,1817.5177001953125,764305
2020-05-25,1881.8028564453125,1881.8028564453125,1741.5443115234375,1764.9207763671875,3513656
2020-05-26,1782.4530029296875,1975.30859375,1753.2325439453125,1975.30859375,5190216
2020-05-27,1753.2325439453125,1782.4530029296875,1724.011962890625,1753.2325439453125,416091
2020-05-28,1729.8560791015625,1764.9207763671875,1729.8560791015625,1753.2325439453125,291538
2020-05-29,1683.103271484375,1776.6090087890625,1683.103271484375,1694.7913818359375,1135397
2020-06-01,1718.1678466796875,1759.07666015625,1688.9473876953125,1694.7913818359375,804688
2020-06-02,1729.8560791015625,1794.1412353515625,1718.1678466796875,1794.1412353515625,275213
2020-06-03,1700.635498046875,1729.8560791015625,1694.7913818359375,1706.4796142578125,247853
2020-06-04,1788.297119140625,1817.5177001953125,1688.9473876953125,1700.635498046875,3050985
2020-06-05,1911.0234375,1911.0234375,1782.4530029296875,1805.8294677734373,4612985
2020-06-08,2016.2174072265625,2039.5938720703125,1928.5557861328125,1986.996826171875,5932435
2020-06-09,2156.47607421875,2156.47607421875,1928.5557861328125,2016.2174072265625,6484512
2020-06-10,2033.749755859375,2162.320068359375,2022.0615234375,2156.47607421875,1099242
2020-06-11,1986.996826171875,2074.658447265625,1928.5557861328125,2022.0615234375,2374508
2020-06-12,1887.64697265625,1934.39990234375,1858.426513671875,1858.426513671875,554317
2020-06-15,1986.996826171875,2016.2174072265625,1887.64697265625,1899.335205078125,1983740
2020-06-16,2022.0615234375,2027.9056396484373,1975.30859375,1998.68505859375,597728
2020-06-17,1957.7763671875,2016.2174072265625,1928.5557861328125,2010.373291015625,150646
2020-06-18,1928.5557861328125,1957.7763671875,1905.1793212890625,1916.8675537109373,212075
2020-06-19,1963.6204833984373,1981.1527099609373,1881.8028564453125,1881.8028564453125,567356
2020-06-22,1963.6204833984373,1981.1527099609373,1899.335205078125,1963.6204833984373,450281
2020-06-23,1957.7763671875,1975.30859375,1922.711669921875,1963.6204833984373,346467
2020-06-24,1940.2440185546875,2004.5291748046875,1940.2440185546875,1963.6204833984373,638537
2020-06-25,1951.9322509765625,1951.9322509765625,1911.0234375,1916.8675537109373,164128
2020-06-26,1986.996826171875,2068.814453125,1934.39990234375,1946.088134765625,1350468
2020-06-29,1852.5823974609373,1951.9322509765625,1852.5823974609373,1911.0234375,426136
2020-06-30,1881.8028564453125,1893.4910888671875,1794.1412353515625,1794.1412353515625,278603
2020-07-01,2010.373291015625,2010.373291015625,1811.673583984375,1811.673583984375,3034746
2020-07-02,2010.373291015625,2045.43798828125,1981.1527099609373,2022.0615234375,522285
2020-07-03,2080.502685546875,2127.25537109375,1969.4644775390625,2004.5291748046875,590525
2020-07-06,2022.0615234375,2080.502685546875,1963.6204833984373,2080.502685546875,324341
2020-07-07,2074.658447265625,2150.6318359375,2016.2174072265625,2016.2174072265625,1233907
2020-07-08,2109.72314453125,2185.696533203125,2022.0615234375,2103.87890625,1156221
2020-07-09,2209.072998046875,2244.1376953125,1975.30859375,2051.281982421875,4957966
2020-07-10,2138.943603515625,2214.9169921875,2068.814453125,2203.228759765625,1970888
2020-07-13,2045.43798828125,2133.099609375,2016.2174072265625,2133.099609375,864287
2020-07-14,2098.034912109375,2103.87890625,2027.9056396484373,2045.43798828125,872722
2020-07-15,2098.034912109375,2150.6318359375,2092.19091796875,2138.943603515625,262125
2020-07-16,1986.996826171875,2109.72314453125,1951.9322509765625,2098.034912109375,6181197
2020-07-17,2016.2174072265625,2022.0615234375,1981.1527099609373,1986.996826171875,811875
2020-07-20,1992.8409423828125,2045.43798828125,1916.8675537109373,2016.2174072265625,587342
2020-07-21,1951.9322509765625,1992.8409423828125,1922.711669921875,1957.7763671875,719475
2020-07-22,1963.6204833984373,1998.68505859375,1951.9322509765625,1957.7763671875,989900
2020-07-23,1975.30859375,1986.996826171875,1946.088134765625,1963.6204833984373,874193
2020-07-24,1840.8941650390625,1975.30859375,1840.8941650390625,1951.9322509765625,797228
2020-07-27,1712.32373046875,1741.5443115234375,1712.32373046875,1724.011962890625,711363
2020-07-28,1829.2059326171875,1829.2059326171875,1618.8179931640625,1618.8179931640625,1706073
2020-07-29,1753.2325439453125,1835.050048828125,1712.32373046875,1835.050048828125,283513
2020-07-30,1875.958740234375,1875.958740234375,1753.2325439453125,1864.2706298828125,1202987
2020-07-31,2004.5291748046875,2004.5291748046875,1829.2059326171875,1875.958740234375,143886
2020-08-03,1887.64697265625,1986.996826171875,1864.2706298828125,1986.996826171875,1127697
2020-08-04,2016.2174072265625,2016.2174072265625,1811.673583984375,1893.4910888671875,2300195
2020-08-05,2016.2174072265625,2086.3466796875,1986.996826171875,2045.43798828125,185038
2020-08-06,2016.2174072265625,2057.126220703125,1934.39990234375,1992.8409423828125,695827
2020-08-07,2039.5938720703125,2045.43798828125,1981.1527099609373,2016.2174072265625,1401528
2020-08-10,2156.47607421875,2156.47607421875,1986.996826171875,2057.126220703125,900698
2020-08-11,2010.373291015625,2033.749755859375,2010.373291015625,2016.2174072265625,5630283
2020-08-12,1870.11474609375,2010.373291015625,1870.11474609375,1986.996826171875,2888461
2020-08-13,1928.5557861328125,1951.9322509765625,1864.2706298828125,1870.11474609375,839458
2020-08-14,1916.8675537109373,1951.9322509765625,1870.11474609375,1899.335205078125,409093
2020-08-17,1881.8028564453125,1905.1793212890625,1840.8941650390625,1881.8028564453125,272682
2020-08-18,1887.64697265625,1916.8675537109373,1864.2706298828125,1916.8675537109373,216386
2020-08-19,1858.426513671875,1905.1793212890625,1811.673583984375,1887.64697265625,746578
2020-08-20,1835.050048828125,1852.5823974609373,1811.673583984375,1811.673583984375,199618
2020-08-21,1870.11474609375,1887.64697265625,1835.050048828125,1835.050048828125,277662
2020-08-24,1875.958740234375,1887.64697265625,1858.426513671875,1870.11474609375,751183
2020-08-25,1805.8294677734373,1881.8028564453125,1799.9853515625,1875.958740234375,2075507
2020-08-26,1840.8941650390625,1852.5823974609373,1794.1412353515625,1823.36181640625,377576
2020-08-27,1799.9853515625,1852.5823974609373,1753.2325439453125,1852.5823974609373,2530871
2020-08-28,1823.36181640625,1840.8941650390625,1799.9853515625,1811.673583984375,716926
2020-08-31,1805.8294677734373,1829.2059326171875,1799.9853515625,1823.36181640625,240531
2020-09-01,1776.6090087890625,1811.673583984375,1747.388427734375,1805.8294677734373,1972941
2020-09-03,1782.4530029296875,1817.5177001953125,1753.2325439453125,1776.6090087890625,2522418
2020-09-04,1759.07666015625,1799.9853515625,1753.2325439453125,1770.764892578125,1149907
2020-09-07,1747.388427734375,1794.1412353515625,1747.388427734375,1753.2325439453125,1557310
2020-09-08,1753.2325439453125,1770.764892578125,1729.8560791015625,1770.764892578125,1064333
2020-09-09,1729.8560791015625,1747.388427734375,1694.7913818359375,1747.388427734375,1171587
2020-09-10,1747.388427734375,1747.388427734375,1718.1678466796875,1729.8560791015625,1409228
2020-09-11,1729.8560791015625,1753.2325439453125,1694.7913818359375,1753.2325439453125,2050387
2020-09-14,1788.297119140625,1794.1412353515625,1718.1678466796875,1729.8560791015625,1277010
2020-09-15,1776.6090087890625,1811.673583984375,1770.764892578125,1811.673583984375,710695
2020-09-16,1764.9207763671875,1782.4530029296875,1753.2325439453125,1764.9207763671875,478515
2020-09-17,1747.388427734375,1764.9207763671875,1741.5443115234375,1764.9207763671875,951246
2020-09-18,1759.07666015625,1764.9207763671875,1741.5443115234375,1747.388427734375,476408
2020-09-21,1759.07666015625,1764.9207763671875,1747.388427734375,1764.9207763671875,920515
2020-09-22,1735.7001953125,1747.388427734375,1729.8560791015625,1747.388427734375,568845
2020-09-23,1735.7001953125,1759.07666015625,1729.8560791015625,1759.07666015625,703185
2020-09-24,1729.8560791015625,1741.5443115234375,1724.011962890625,1735.7001953125,961683
2020-09-25,1712.32373046875,1741.5443115234375,1712.32373046875,1729.8560791015625,870225
2020-09-28,1712.32373046875,1759.07666015625,1706.4796142578125,1712.32373046875,846593
2020-09-29,1706.4796142578125,1741.5443115234375,1706.4796142578125,1729.8560791015625,539482
2020-09-30,1683.103271484375,1706.4796142578125,1659.726806640625,1706.4796142578125,806878
2020-10-01,1677.2591552734375,1700.635498046875,1677.2591552734375,1683.103271484375,424135
2020-10-02,1671.4150390625,1718.1678466796875,1636.350341796875,1677.2591552734375,898852
2020-10-05,1700.635498046875,1712.32373046875,1677.2591552734375,1683.103271484375,702586
2020-10-06,1700.635498046875,1718.1678466796875,1683.103271484375,1700.635498046875,683900
2020-10-07,1712.32373046875,1718.1678466796875,1683.103271484375,1700.635498046875,718463
2020-10-08,1694.7913818359375,1712.32373046875,1683.103271484375,1712.32373046875,668722
2020-10-09,1688.9473876953125,1706.4796142578125,1683.103271484375,1706.4796142578125,489021
2020-10-12,1671.4150390625,1694.7913818359375,1665.5709228515625,1688.9473876953125,556970
2020-10-13,1648.03857421875,1683.103271484375,1636.350341796875,1653.8826904296875,986701
2020-10-14,1630.5062255859375,1659.726806640625,1630.5062255859375,1642.1944580078125,480807
2020-10-15,1607.1297607421875,1636.350341796875,1595.441650390625,1618.8179931640625,845942
2020-10-16,1560.376953125,1612.973876953125,1554.5328369140625,1589.5975341796875,822691
2020-10-19,1560.376953125,1572.065185546875,1548.688720703125,1572.065185546875,342976
2020-10-20,1554.5328369140625,1572.065185546875,1542.8446044921875,1560.376953125,316042
2020-10-21,1449.3388671875,1554.5328369140625,1449.3388671875,1519.4681396484375,2593756
2020-10-22,1501.9359130859375,1519.4681396484375,1455.1829833984375,1455.1829833984375,597761
2020-10-23,1501.9359130859375,1554.5328369140625,1501.9359130859375,1507.7799072265625,551920
2020-10-26,1461.027099609375,1496.091796875,1449.3388671875,1490.2476806640625,397098
2020-10-27,1402.5860595703125,1466.8712158203125,1379.2095947265625,1379.2095947265625,953865
2020-10-28,1385.0537109375,1420.1182861328125,1379.2095947265625,1390.8978271484375,354936
2020-10-29,1367.5213623046875,1385.0537109375,1338.30078125,1373.365478515625,698138
2020-10-30,1385.0537109375,1396.741943359375,1373.365478515625,1373.365478515625,246793
2020-11-02,1478.5594482421875,1478.5594482421875,1396.741943359375,1396.741943359375,935230
2020-11-03,1466.8712158203125,1513.6240234375,1449.3388671875,1507.7799072265625,500296
2020-11-04,1455.1829833984375,1472.71533203125,1443.4947509765625,1466.8712158203125,379115
2020-11-05,1420.1182861328125,1466.8712158203125,1420.1182861328125,1449.3388671875,532500
2020-11-06,1420.1182861328125,1431.8065185546875,1408.43017578125,1420.1182861328125,240136
2020-11-09,1425.96240234375,1449.3388671875,1414.2742919921875,1414.2742919921875,323913
2020-11-10,1414.2742919921875,1461.027099609375,1414.2742919921875,1425.96240234375,430295
2020-11-11,1420.1182861328125,1443.4947509765625,1402.5860595703125,1443.4947509765625,273761
2020-11-12,1414.2742919921875,1431.8065185546875,1402.5860595703125,1420.1182861328125,316162
2020-11-13,1414.2742919921875,1425.96240234375,1402.5860595703125,1425.96240234375,137025
2020-11-16,1414.2742919921875,1437.650634765625,1402.5860595703125,1408.43017578125,94161
2020-11-17,1414.2742919921875,1425.96240234375,1402.5860595703125,1414.2742919921875,310225
2020-11-18,1425.96240234375,1425.96240234375,1408.43017578125,1414.2742919921875,250952
2020-11-19,1525.312255859375,1525.312255859375,1425.96240234375,1425.96240234375,1030575
2020-11-20,1525.312255859375,1595.441650390625,1525.312255859375,1548.688720703125,571702
2020-11-23,1449.3388671875,1525.312255859375,1449.3388671875,1525.312255859375,242380
2020-11-24,1449.3388671875,1472.71533203125,1437.650634765625,1449.3388671875,307711
2020-11-25,1420.1182861328125,1449.3388671875,1420.1182861328125,1449.3388671875,425623
2020-11-26,1461.027099609375,1461.027099609375,1408.43017578125,1420.1182861328125,520728
2020-11-27,1425.96240234375,1472.71533203125,1425.96240234375,1449.3388671875,251396
2020-11-30,1449.3388671875,1449.3388671875,1425.96240234375,1431.8065185546875,170580
2020-12-01,1437.650634765625,1443.4947509765625,1425.96240234375,1437.650634765625,361576
2020-12-02,1437.650634765625,1466.8712158203125,1437.650634765625,1437.650634765625,127783
2020-12-03,1437.650634765625,1461.027099609375,1431.8065185546875,1437.650634765625,301857
2020-12-04,1443.4947509765625,1472.71533203125,1437.650634765625,1437.650634765625,510220
2020-12-07,1466.8712158203125,1472.71533203125,1449.3388671875,1449.3388671875,362107
2020-12-08,1484.403564453125,1507.7799072265625,1472.71533203125,1472.71533203125,197240
2020-12-09,1461.027099609375,1501.9359130859375,1455.1829833984375,1501.9359130859375,145392
2020-12-10,1455.1829833984375,1472.71533203125,1449.3388671875,1472.71533203125,181770
2020-12-11,1466.8712158203125,1472.71533203125,1443.4947509765625,1449.3388671875,303005
2020-12-14,1455.1829833984375,1466.8712158203125,1449.3388671875,1461.027099609375,470951
2020-12-15,1449.3388671875,1466.8712158203125,1443.4947509765625,1455.1829833984375,382401
2020-12-16,1443.4947509765625,1466.8712158203125,1443.4947509765625,1466.8712158203125,357092
2020-12-17,1449.3388671875,1461.027099609375,1443.4947509765625,1443.4947509765625,364398
2020-12-18,1437.650634765625,1478.5594482421875,1437.650634765625,1461.027099609375,377216
2020-12-21,1455.1829833984375,1466.8712158203125,1437.650634765625,1437.650634765625,378618
2020-12-22,1501.9359130859375,1507.7799072265625,1449.3388671875,1461.027099609375,297253
2020-12-23,1548.688720703125,1577.9093017578125,1507.7799072265625,1507.7799072265625,871336
2020-12-24,1466.8712158203125,1554.5328369140625,1443.4947509765625,1554.5328369140625,348280
2020-12-25,1519.4681396484375,1519.4681396484375,1461.027099609375,1466.8712158203125,178126
2020-12-28,1507.7799072265625,1519.4681396484375,1484.403564453125,1519.4681396484375,444001
2020-12-29,1519.4681396484375,1542.8446044921875,1472.71533203125,1490.2476806640625,501802
2020-12-30,1542.8446044921875,1577.9093017578125,1507.7799072265625,1519.4681396484375,987197
2020-12-31,1542.8446044921875,1566.2210693359375,1513.6240234375,1542.8446044921875,662152
2021-01-04,1577.9093017578125,1601.28564453125,1531.1563720703125,1531.1563720703125,859840
2021-01-05,1560.376953125,1589.5975341796875,1560.376953125,1589.5975341796875,425726
2021-01-06,1572.065185546875,1583.75341796875,1542.8446044921875,1577.9093017578125,897311
2021-01-07,1665.5709228515625,1665.5709228515625,1548.688720703125,1572.065185546875,881911
2021-01-08,1630.5062255859375,1683.103271484375,1618.8179931640625,1665.5709228515625,583662
2021-01-11,1706.4796142578125,1706.4796142578125,1607.1297607421875,1624.662109375,1315511
2021-01-12,1741.5443115234375,1747.388427734375,1607.1297607421875,1706.4796142578125,1123180
2021-01-13,1759.07666015625,1788.297119140625,1700.635498046875,1782.4530029296875,1270337
2021-01-14,1741.5443115234375,1776.6090087890625,1706.4796142578125,1776.6090087890625,651937
2021-01-15,1852.5823974609373,1858.426513671875,1724.011962890625,1759.07666015625,2587390
2021-01-18,1981.1527099609373,1981.1527099609373,1875.958740234375,1928.5557861328125,2408063
2021-01-19,1846.73828125,2033.749755859375,1846.73828125,2004.5291748046875,1593397
2021-01-20,1811.673583984375,1811.673583984375,1718.1678466796875,1759.07666015625,2322507
2021-01-21,1817.5177001953125,1858.426513671875,1776.6090087890625,1858.426513671875,898852
2021-01-22,1747.388427734375,1835.050048828125,1741.5443115234375,1799.9853515625,1201036
2021-01-25,1735.7001953125,1764.9207763671875,1700.635498046875,1700.635498046875,857785
2021-01-26,1630.5062255859375,1724.011962890625,1618.8179931640625,1712.32373046875,1196245
2021-01-27,1519.4681396484375,1618.8179931640625,1519.4681396484375,1560.376953125,1171605
2021-01-28,1414.2742919921875,1461.027099609375,1414.2742919921875,1437.650634765625,1876075
2021-01-29,1455.1829833984375,1466.8712158203125,1349.989013671875,1349.989013671875,452761
2021-02-01,1414.2742919921875,1455.1829833984375,1379.2095947265625,1455.1829833984375,553205
2021-02-02,1437.650634765625,1443.4947509765625,1373.365478515625,1420.1182861328125,279253
2021-02-03,1519.4681396484375,1519.4681396484375,1443.4947509765625,1449.3388671875,373536
2021-02-04,1490.2476806640625,1531.1563720703125,1478.5594482421875,1519.4681396484375,200371
2021-02-05,1478.5594482421875,1490.2476806640625,1461.027099609375,1490.2476806640625,313305
2021-02-08,1455.1829833984375,1472.71533203125,1431.8065185546875,1461.027099609375,697110
2021-02-09,1472.71533203125,1496.091796875,1431.8065185546875,1431.8065185546875,365665
2021-02-17,1507.7799072265625,1519.4681396484375,1461.027099609375,1501.9359130859375,383973
2021-02-18,1542.8446044921875,1572.065185546875,1501.9359130859375,1513.6240234375,721066
2021-02-19,1577.9093017578125,1577.9093017578125,1531.1563720703125,1542.8446044921875,437018
2021-02-22,1560.376953125,1577.9093017578125,1548.688720703125,1577.9093017578125,503926
2021-02-23,1554.5328369140625,1566.2210693359375,1531.1563720703125,1531.1563720703125,252046
2021-02-24,1519.4681396484375,1577.9093017578125,1513.6240234375,1554.5328369140625,573567
2021-02-25,1537.00048828125,1583.75341796875,1507.7799072265625,1519.4681396484375,287637
2021-02-26,1531.1563720703125,1572.065185546875,1519.4681396484375,1519.4681396484375,276516
2021-03-01,1636.350341796875,1636.350341796875,1560.376953125,1560.376953125,389107
2021-03-02,1724.011962890625,1724.011962890625,1583.75341796875,1636.350341796875,565182
2021-03-03,1741.5443115234375,1770.764892578125,1700.635498046875,1724.011962890625,736466
2021-03-04,1724.011962890625,1753.2325439453125,1694.7913818359375,1747.388427734375,1467630
2021-03-05,1700.635498046875,1753.2325439453125,1700.635498046875,1712.32373046875,1846131
2021-03-08,1817.5177001953125,1817.5177001953125,1753.2325439453125,1753.2325439453125,1566191
2021-03-09,1829.2059326171875,1870.11474609375,1799.9853515625,1870.11474609375,681710
2021-03-10,1782.4530029296875,1840.8941650390625,1753.2325439453125,1840.8941650390625,1267087
2021-03-11,1753.2325439453125,1794.1412353515625,1753.2325439453125,1794.1412353515625,1197101
2021-03-12,1759.07666015625,1788.297119140625,1753.2325439453125,1753.2325439453125,468503
2021-03-15,1870.11474609375,1875.958740234375,1764.9207763671875,1764.9207763671875,1172632
2021-03-16,1986.996826171875,1998.68505859375,1916.8675537109373,1928.5557861328125,2883072
2021-03-17,2121.411376953125,2121.411376953125,1969.4644775390625,1981.1527099609373,4633382
2021-03-18,2133.099609375,2214.9169921875,2051.281982421875,2121.411376953125,1885486
2021-03-19,2074.658447265625,2133.099609375,2045.43798828125,2103.87890625,1618723
2021-03-22,2214.9169921875,2214.9169921875,2080.502685546875,2080.502685546875,2888890
2021-03-23,2366.864013671875,2366.864013671875,2273.358154296875,2366.864013671875,4770443
2021-03-24,2530.4990234375,2530.4990234375,2366.864013671875,2372.7080078125,3551438
2021-03-25,2618.16064453125,2670.757568359375,2366.864013671875,2618.16064453125,2370420
2021-03-26,2436.9931640625,2553.87548828125,2436.9931640625,2512.966552734375,2675000
2021-03-29,2366.864013671875,2442.83740234375,2267.51416015625,2413.61669921875,2971708
2021-03-30,2425.304931640625,2524.65478515625,2366.864013671875,2366.864013671875,2174838
2021-03-31,2436.9931640625,2477.90185546875,2325.955078125,2477.90185546875,1943665
2021-04-01,2366.864013671875,2396.08447265625,2325.955078125,2337.643310546875,2093901
2021-04-02,2407.772705078125,2442.83740234375,2384.396240234375,2425.304931640625,2236440
2021-04-05,2571.40771484375,2571.40771484375,2407.772705078125,2407.772705078125,3105005
2021-04-06,2746.73095703125,2746.73095703125,2688.289794921875,2688.289794921875,3244120
2021-04-07,2922.05419921875,2922.05419921875,2805.172119140625,2916.210205078125,2681160
2021-04-08,2793.48388671875,2922.05419921875,2746.73095703125,2922.05419921875,2480445
2021-04-09,2986.33935546875,2986.33935546875,2986.33935546875,2986.33935546875,2205467
2021-04-12,3190.88330078125,3190.88330078125,3190.88330078125,3190.88330078125,946592
2021-04-13,3214.259521484375,3412.959228515625,3097.37744140625,3412.959228515625,6070385
2021-04-14,3436.335693359375,3436.335693359375,3062.312744140625,3185.0390625,3564442
2021-04-15,3675.944091796875,3675.944091796875,3500.620849609375,3506.465087890625,4369013
2021-04-16,3506.465087890625,3857.111572265625,3430.49169921875,3857.111572265625,3199803
2021-04-19,3261.012451171875,3506.465087890625,3261.012451171875,3506.465087890625,3437135
2021-04-20,3033.09228515625,3214.259521484375,3033.09228515625,3050.62451171875,4159400
2021-04-22,3225.94775390625,3243.480224609375,2834.392578125,2945.4306640625,2587220
2021-04-23,3114.90966796875,3237.635986328125,3062.312744140625,3225.94775390625,834856
2021-04-26,2898.677734375,3114.90966796875,2898.677734375,3114.90966796875,1715571
2021-04-27,2717.510498046875,2910.365966796875,2711.666259765625,2775.951416015625,1861872
2021-04-28,2834.392578125,2863.613037109375,2588.93994140625,2717.510498046875,1090668
2021-04-29,2834.392578125,2892.833740234375,2787.6396484375,2892.833740234375,551665
2021-05-04,2688.289794921875,2764.26318359375,2641.537109375,2659.0693359375,1387207
2021-05-05,2787.6396484375,2822.704345703125,2659.0693359375,2659.0693359375,790538
2021-05-06,2688.289794921875,2787.6396484375,2629.848876953125,2670.757568359375,1002718
2021-05-07,2629.848876953125,2717.510498046875,2594.7841796875,2670.757568359375,1596820
2021-05-10,2559.719482421875,2624.004638671875,2518.810791015625,2571.40771484375,1569783
2021-05-11,2588.93994140625,2676.6015625,2559.719482421875,2559.719482421875,404166
2021-05-12,2770.107421875,2770.107421875,2553.87548828125,2553.87548828125,908092
2021-05-13,2694.134033203125,2781.795654296875,2694.134033203125,2770.107421875,591876
2021-05-14,2764.26318359375,2775.951416015625,2694.134033203125,2694.134033203125,747075
2021-05-17,2892.833740234375,2933.742431640625,2711.666259765625,2764.26318359375,1194192
2021-05-18,3009.7158203125,3050.62451171875,2863.613037109375,2922.05419921875,1420916
2021-05-19,2869.457275390625,3009.7158203125,2869.457275390625,3009.7158203125,1099397
2021-05-20,2746.73095703125,2869.457275390625,2746.73095703125,2863.613037109375,1179476
2021-05-21,2699.97802734375,2863.613037109375,2647.381103515625,2682.44580078125,962676
2021-05-24,2851.9248046875,2851.9248046875,2699.97802734375,2699.97802734375,611553
2021-05-25,2752.574951171875,2863.613037109375,2740.886962890625,2863.613037109375,464055
2021-05-26,2711.666259765625,2746.73095703125,2705.822265625,2729.19873046875,764186
2021-05-27,2664.913330078125,2711.666259765625,2664.913330078125,2711.666259765625,663401
2021-05-28,2688.289794921875,2758.419189453125,2641.537109375,2758.419189453125,369258
2021-05-31,2647.381103515625,2699.97802734375,2629.848876953125,2688.289794921875,657241
2021-06-01,2659.0693359375,2740.886962890625,2635.69287109375,2653.22509765625,495711
2021-06-02,2664.913330078125,2735.042724609375,2629.848876953125,2641.537109375,619938
2021-06-03,2840.236572265625,2846.080810546875,2682.44580078125,2711.666259765625,1444530
2021-06-04,2892.833740234375,3009.7158203125,2834.392578125,2898.677734375,1532311
2021-06-07,2846.080810546875,2974.651123046875,2828.548583984375,2974.651123046875,704982
2021-06-08,2775.951416015625,2857.76904296875,2752.574951171875,2846.080810546875,822195
2021-06-09,2828.548583984375,2828.548583984375,2688.289794921875,2688.289794921875,451736
2021-06-10,2770.107421875,2828.548583984375,2752.574951171875,2752.574951171875,715590
2021-06-11,2770.107421875,2863.613037109375,2764.26318359375,2770.107421875,533870
2021-06-14,2840.236572265625,2910.365966796875,2770.107421875,2770.107421875,1050286
2021-06-15,3038.936279296875,3038.936279296875,2863.613037109375,2922.05419921875,3043576
2021-06-16,3038.936279296875,3243.480224609375,3038.936279296875,3243.480224609375,1205313
2021-06-17,3050.62451171875,3097.37744140625,2927.898193359375,3038.936279296875,766068
2021-06-18,3009.7158203125,3091.533447265625,2951.274658203125,3050.62451171875,1279065
2021-06-21,3009.7158203125,3144.13037109375,2945.4306640625,2945.4306640625,1498772
2021-06-22,3021.404052734375,3074.0009765625,3015.56005859375,3033.09228515625,900392
2021-06-23,2951.274658203125,3038.936279296875,2945.4306640625,3027.248046875,1383956
2021-06-24,2945.4306640625,2974.651123046875,2933.742431640625,2951.274658203125,665455
2021-06-25,2957.118896484375,3038.936279296875,2927.898193359375,2927.898193359375,412550
2021-06-28,3079.84521484375,3103.2216796875,2957.118896484375,2957.118896484375,1403291
2021-06-29,3149.974365234375,3249.32421875,3138.2861328125,3144.13037109375,1950851
2021-06-30,3366.20654296875,3366.20654296875,3103.2216796875,3149.974365234375,1868375
2021-07-01,3483.088623046875,3594.126708984375,3418.803466796875,3582.4384765625,2870752
2021-07-02,3541.52978515625,3623.34716796875,3401.27099609375,3401.27099609375,1023252
2021-07-05,3529.841552734375,3664.255859375,3459.712158203125,3664.255859375,1374545
2021-07-06,3301.921142578125,3541.52978515625,3301.921142578125,3448.02392578125,1970360
2021-07-07,3237.635986328125,3331.141845703125,3079.84521484375,3243.480224609375,1578168
2021-07-08,3319.45361328125,3360.3623046875,3237.635986328125,3284.388916015625,971575
2021-07-09,3389.582763671875,3430.49169921875,3272.70068359375,3313.609375,909118
2021-07-12,3418.803466796875,3623.34716796875,3278.544921875,3623.34716796875,1966937
2021-07-13,3652.56787109375,3652.56787109375,3389.582763671875,3448.02392578125,3029373
2021-07-14,3903.864501953125,3903.864501953125,3746.073486328125,3880.488037109375,2270147
2021-07-15,4096.72021484375,4172.693359375,3921.396728515625,3921.396728515625,2362377
2021-07-16,4032.434814453125,4120.09619140625,3857.111572265625,3857.111572265625,1376600
2021-07-19,3751.91748046875,3944.773193359375,3751.91748046875,3915.552734375,2173983
2021-07-20,3734.38525390625,3740.2294921875,3494.77685546875,3740.2294921875,3032453
2021-07-21,3746.073486328125,3915.552734375,3705.164794921875,3740.2294921875,1179305
2021-07-22,3827.89111328125,3944.773193359375,3746.073486328125,3857.111572265625,1683060
2021-07-23,3740.2294921875,3857.111572265625,3711.0087890625,3734.38525390625,1389602
2021-07-26,3681.788330078125,3798.67041015625,3594.126708984375,3716.85302734375,980986
2021-07-27,3711.0087890625,3769.449951171875,3652.56787109375,3681.788330078125,1227901
2021-07-28,3968.149658203125,3968.149658203125,3681.788330078125,3740.2294921875,2582942
2021-07-29,4137.62890625,4242.82275390625,4090.8759765625,4242.82275390625,2370932
2021-07-30,4178.53759765625,4225.29052734375,4032.434814453125,4102.56396484375,1487136
2021-08-02,4120.09619140625,4207.7578125,4003.21435546875,4090.8759765625,1900715
2021-08-03,4073.343505859375,4149.31689453125,4032.434814453125,4090.8759765625,1141660
2021-08-04,4248.6669921875,4353.86083984375,4032.434814453125,4038.27880859375,1849895
2021-08-05,4196.06982421875,4242.82275390625,4125.9404296875,4236.978515625,1255792
2021-08-06,4090.8759765625,4190.2255859375,4090.8759765625,4149.31689453125,1402778
2021-08-09,4090.8759765625,4149.31689453125,3915.552734375,3938.928955078125,1263665
2021-08-10,4090.8759765625,4178.53759765625,4003.21435546875,4131.78466796875,1282657
2021-08-11,4038.27880859375,4207.7578125,4032.434814453125,4090.8759765625,882940
2021-08-12,4003.21435546875,4149.31689453125,3997.3701171875,4049.967041015625,1110005
2021-08-13,3933.0849609375,4085.03173828125,3822.046875,3973.99365234375,2148657
2021-08-16,4090.8759765625,4090.8759765625,4009.058349609375,4061.6552734375,757855
2021-08-17,4009.058349609375,4090.8759765625,3973.99365234375,4067.49951171875,957543
2021-08-18,3921.396728515625,4020.74658203125,3915.552734375,3915.552734375,928967
2021-08-19,4009.058349609375,4120.09619140625,3862.95556640625,3968.149658203125,925887
2021-08-20,4289.57568359375,4289.57568359375,4073.343505859375,4079.187744140625,5184022
2021-08-23,4447.36669921875,4552.560546875,4330.484375,4546.71630859375,2566687
2021-08-24,4190.2255859375,4418.14599609375,4149.31689453125,4418.14599609375,1055763
2021-08-25,4190.2255859375,4190.2255859375,4090.8759765625,4090.8759765625,1670057
2021-08-26,4178.53759765625,4383.08154296875,4178.53759765625,4196.06982421875,1137211
2021-08-27,4236.978515625,4242.82275390625,4090.8759765625,4090.8759765625,1289160
2021-08-30,4301.263671875,4377.2373046875,4178.53759765625,4266.19921875,1273246
2021-08-31,4599.3134765625,4599.3134765625,4307.10791015625,4307.10791015625,3798697
2021-09-01,4798.01318359375,4920.7392578125,4675.28662109375,4675.28662109375,2375723
2021-09-06,4979.18017578125,5131.126953125,4879.83056640625,4879.83056640625,1846815
2021-09-07,4757.10400390625,4985.0244140625,4640.22216796875,4979.18017578125,2510390
2021-09-08,4803.85693359375,4909.05126953125,4686.97509765625,4745.416015625,1227731
2021-09-09,4967.4921875,5025.93310546875,4838.921875,4838.921875,1694353
2021-09-10,4961.64794921875,5113.5947265625,4850.60986328125,4973.33642578125,1079375
2021-09-13,4885.6748046875,4914.89501953125,4856.4541015625,4879.83056640625,1397302
2021-09-14,4979.18017578125,5025.93310546875,4827.2333984375,4827.2333984375,1582446
2021-09-15,5323.98291015625,5323.98291015625,5025.93310546875,5084.37451171875,1502536
2021-09-16,5551.90283203125,5692.16162109375,5440.86474609375,5680.47314453125,2932012
2021-09-17,5657.09716796875,5814.8876953125,5347.359375,5347.359375,2077132
2021-09-20,5616.18798828125,5838.26416015625,5610.34423828125,5657.09716796875,1822175
2021-09-21,5610.34423828125,5610.34423828125,5318.138671875,5318.138671875,1418862
2021-09-22,5990.2109375,5990.2109375,5727.22607421875,5785.66748046875,2018953
2021-09-23,5931.77001953125,6370.078125,5785.66748046875,6370.078125,2497556
2021-09-24,5832.42041015625,5931.77001953125,5668.78515625,5931.77001953125,1383443
2021-09-27,5429.1767578125,5832.42041015625,5429.1767578125,5832.42041015625,2262962
2021-09-28,5435.02099609375,5546.05908203125,5072.68603515625,5072.68603515625,1192823
2021-09-29,5429.1767578125,5435.02099609375,5259.69775390625,5329.82666015625,714050
2021-09-30,5680.47314453125,5785.66748046875,5581.12353515625,5610.34423828125,814151
2021-10-01,5657.09716796875,5727.22607421875,5546.05908203125,5721.38232421875,822536
2021-10-04,5510.994140625,5657.09716796875,5493.4619140625,5657.09716796875,907407
2021-10-05,5540.21484375,5657.09716796875,5435.02099609375,5435.02099609375,635682
2021-10-06,5902.54931640625,5902.54931640625,5493.4619140625,5575.279296875,1645586
2021-10-07,5844.1083984375,6048.65234375,5844.1083984375,6048.65234375,722435
2021-10-08,5844.1083984375,6136.31396484375,5785.66748046875,5873.3291015625,708917
2021-10-11,5844.1083984375,5902.54931640625,5727.22607421875,5727.22607421875,607790
2021-10-12,5844.1083984375,6019.431640625,5814.8876953125,5844.1083984375,1022052
2021-10-13,5873.3291015625,5960.99072265625,5803.19970703125,5844.1083984375,747588
2021-10-14,6048.65234375,6107.09326171875,5814.8876953125,5814.8876953125,1092893
2021-10-15,6136.31396484375,6340.857421875,6019.431640625,6165.5341796875,1108465
2021-10-18,6545.4013671875,6545.4013671875,6545.4013671875,6545.4013671875,527537
2021-10-19,6983.70947265625,6983.70947265625,6720.724609375,6983.70947265625,4086335
2021-10-20,7305.1357421875,7451.23828125,7012.93017578125,7451.23828125,6751412
2021-10-21,7422.017578125,7480.458984375,7100.591796875,7305.1357421875,2135995
2021-10-22,7918.76708984375,7918.76708984375,7305.1357421875,7305.1357421875,4285681
2021-10-25,7597.3408203125,8123.310546875,7509.67919921875,8123.310546875,2513642
2021-10-26,7801.884765625,7860.32568359375,7188.25341796875,7509.67919921875,3102781
2021-10-27,7801.884765625,7947.9873046875,7626.5615234375,7860.32568359375,2520142
2021-10-28,7655.7822265625,7860.32568359375,7568.12060546875,7801.884765625,3138715
2021-10-29,7918.76708984375,8181.751953125,7626.5615234375,7655.7822265625,3250281
2021-11-01,8035.64892578125,8181.751953125,7947.9873046875,8006.4287109375,2338935
2021-11-02,8503.177734375,8503.177734375,7889.54638671875,8006.4287109375,2817707
2021-11-03,7918.76708984375,8766.1630859375,7918.76708984375,8766.1630859375,4111488
2021-11-04,8006.4287109375,8181.751953125,7597.3408203125,7597.3408203125,1947600
2021-11-05,8035.64892578125,8123.310546875,7889.54638671875,7977.2080078125,1111545
2021-11-08,7947.9873046875,8152.53125,7831.10546875,8035.64892578125,1773921
2021-11-09,7977.2080078125,8064.86962890625,7860.32568359375,8064.86962890625,1353840
2021-11-10,8357.0751953125,8532.3984375,7918.76708984375,7977.2080078125,2784511
2021-11-11,8269.4130859375,8649.2802734375,8006.4287109375,8298.6337890625,1611878
2021-11-12,8269.4130859375,8386.2958984375,8123.310546875,8152.53125,1840313
2021-11-15,8795.3828125,8824.603515625,8240.1923828125,8298.6337890625,4327435
2021-11-16,8415.515625,8795.3828125,8415.515625,8795.3828125,1976690
2021-11-17,8298.6337890625,8473.95703125,8210.97265625,8298.6337890625,981330
2021-11-18,8444.736328125,8707.7216796875,7947.9873046875,8298.6337890625,3789797
2021-11-19,8064.86962890625,8649.2802734375,7860.32568359375,8649.2802734375,2196228
2021-11-22,7509.67919921875,8064.86962890625,7509.67919921875,8064.86962890625,2530410
2021-11-23,7305.1357421875,7509.67919921875,7012.93017578125,7042.150390625,1580563
2021-11-24,7275.9150390625,7655.7822265625,7246.6943359375,7363.57666015625,1485425
2021-11-25,7334.35595703125,7480.458984375,7129.8125,7188.25341796875,1288303
2021-11-26,7363.57666015625,7568.12060546875,7275.9150390625,7334.35595703125,1323555
2021-11-29,7305.1357421875,7480.458984375,7012.93017578125,7012.93017578125,1005112
2021-11-30,7422.017578125,7772.6640625,7334.35595703125,7422.017578125,1622146
2021-12-01,7509.67919921875,7714.22314453125,7305.1357421875,7305.1357421875,856073
2021-12-02,8006.4287109375,8006.4287109375,7509.67919921875,7509.67919921875,1939560
2021-12-03,7655.7822265625,8181.751953125,7597.3408203125,7977.2080078125,1017946
2021-12-06,7217.47412109375,7626.5615234375,7159.03271484375,7597.3408203125,1043100
2021-12-07,7422.017578125,7714.22314453125,7188.25341796875,7246.6943359375,924862
2021-12-08,7480.458984375,7538.89990234375,7363.57666015625,7363.57666015625,504437
2021-12-09,7685.00244140625,7714.22314453125,7363.57666015625,7363.57666015625,649371
2021-12-10,7772.6640625,7772.6640625,7597.3408203125,7772.6640625,1052682
2021-12-13,8094.09033203125,8152.53125,7831.10546875,7889.54638671875,1116165
2021-12-14,8006.4287109375,8123.310546875,7889.54638671875,8123.310546875,1474816
2021-12-15,8240.1923828125,8298.6337890625,7860.32568359375,7860.32568359375,1999105
2021-12-16,8298.6337890625,8620.0595703125,8210.97265625,8240.1923828125,1353840
2021-12-17,8386.2958984375,8532.3984375,8210.97265625,8473.95703125,1836548
2021-12-20,8123.310546875,8327.8544921875,8006.4287109375,8298.6337890625,1388917
2021-12-21,7918.76708984375,8181.751953125,7889.54638671875,8181.751953125,831433
2021-12-22,8035.64892578125,8181.751953125,7889.54638671875,7947.9873046875,1160311
2021-12-23,8327.8544921875,8473.95703125,8064.86962890625,8357.0751953125,2432020
2021-12-24,8415.515625,8649.2802734375,8357.0751953125,8473.95703125,1384640
2021-12-27,8269.4130859375,8590.83984375,8181.751953125,8590.83984375,764016
2021-12-28,8094.09033203125,8357.0751953125,7977.2080078125,8298.6337890625,1316880
2021-12-29,7860.32568359375,8006.4287109375,7714.22314453125,7947.9873046875,1256477
2021-12-30,7947.9873046875,8181.751953125,7334.35595703125,7743.44384765625,559537
2021-12-31,8035.64892578125,8094.09033203125,7889.54638671875,7947.9873046875,683250
2022-01-04,8094.09033203125,8123.310546875,7889.54638671875,8035.64892578125,653133
2022-01-05,7947.9873046875,8123.310546875,7831.10546875,8123.310546875,1409793
2022-01-06,8006.4287109375,8035.64892578125,7831.10546875,7977.2080078125,1733368
2022-01-07,8123.310546875,8240.1923828125,8006.4287109375,8240.1923828125,1503050
2022-01-10,8415.515625,8503.177734375,8064.86962890625,8181.751953125,3501816
2022-01-11,8999.9267578125,8999.9267578125,8240.1923828125,8415.515625,5049870
2022-01-12,8999.9267578125,9321.3525390625,8473.95703125,9175.25,2949292
2022-01-13,8970.7060546875,9321.3525390625,8678.5009765625,9292.1328125,3408045
2022-01-14,9058.3681640625,9292.1328125,8357.0751953125,8503.177734375,3423105
2022-01-17,8766.1630859375,9292.1328125,8444.736328125,9058.3681640625,2718805
2022-01-18,8824.603515625,9029.1474609375,8240.1923828125,8766.1630859375,1901058
2022-01-19,8649.2802734375,8999.9267578125,8532.3984375,8883.044921875,2030932
2022-01-20,8269.4130859375,8649.2802734375,8240.1923828125,8649.2802734375,1359488
2022-01-21,8786.3251953125,8820.5126953125,8307.6923828125,8547.0087890625,966273
2022-01-24,8205.1279296875,8888.888671875,8205.1279296875,8888.888671875,1075083
2022-01-25,8205.1279296875,8478.6328125,7658.11962890625,7658.11962890625,1556538
2022-01-26,8000.0,8547.0087890625,7897.43603515625,8478.6328125,1011026
2022-01-27,8136.751953125,8136.751953125,7487.1796875,8136.751953125,640575
2022-01-28,8410.2568359375,8410.2568359375,7623.931640625,7794.87158203125,1043201
2022-02-07,8581.1962890625,8717.9482421875,8205.1279296875,8717.9482421875,1015706
2022-02-08,8649.572265625,8683.7607421875,8341.8798828125,8683.7607421875,1469227
2022-02-09,8854.701171875,8888.888671875,8547.0087890625,8649.572265625,1558001
2022-02-10,8957.2646484375,9025.640625,8752.13671875,8888.888671875,1145137
2022-02-11,8991.453125,9025.640625,8820.5126953125,9025.640625,1039252
2022-02-14,8888.888671875,8991.453125,8752.13671875,8820.5126953125,631215
2022-02-15,8854.701171875,8957.2646484375,8478.6328125,8923.0771484375,908505
2022-02-16,9025.640625,9162.3935546875,8888.888671875,9025.640625,1303087
2022-02-17,9641.025390625,9641.025390625,8991.453125,9128.205078125,3104448
2022-02-18,9641.025390625,9777.77734375,9401.708984375,9777.77734375,1866442
2022-02-21,9675.2138671875,10051.2822265625,9538.4619140625,9641.025390625,1623667
2022-02-22,9675.2138671875,9675.2138671875,9230.76953125,9572.6494140625,1735402
2022-02-23,9435.8974609375,9982.90625,9435.8974609375,9709.4013671875,1785712
2022-02-24,9504.2734375,9675.2138671875,8888.888671875,9435.8974609375,1960627
2022-02-25,9572.6494140625,9846.154296875,9367.521484375,9367.521484375,902655
2022-02-28,9606.837890625,9743.58984375,9299.1455078125,9538.4619140625,1060166
2022-03-01,9572.6494140625,9709.4013671875,9367.521484375,9709.4013671875,1342867
2022-03-02,9435.8974609375,9606.837890625,9367.521484375,9572.6494140625,771322
2022-03-03,9846.154296875,10051.2822265625,9299.1455078125,9504.2734375,2347166
2022-03-04,9470.0859375,9948.7177734375,9435.8974609375,9948.7177734375,1709077
2022-03-07,9572.6494140625,9743.58984375,9435.8974609375,9504.2734375,1415407
2022-03-08,9367.521484375,9709.4013671875,9367.521484375,9709.4013671875,1511493
2022-03-09,9264.95703125,9367.521484375,8717.9482421875,9299.1455078125,1545423
2022-03-10,9230.76953125,9709.4013671875,9196.5810546875,9333.3330078125,1191060
2022-03-11,9401.708984375,9435.8974609375,9230.76953125,9299.1455078125,818268
2022-03-14,9367.521484375,9470.0859375,8957.2646484375,9230.76953125,655785
2022-03-15,9401.708984375,9401.708984375,9162.3935546875,9367.521484375,340470
2022-03-16,9641.025390625,9675.2138671875,9401.708984375,9504.2734375,1444511
2022-03-17,10290.5986328125,10290.5986328125,9709.4013671875,9709.4013671875,5566128
2022-03-18,10290.5986328125,10700.8544921875,10256.41015625,10700.8544921875,2238795
2022-03-21,10256.41015625,10564.1025390625,10017.09375,10119.658203125,1778546
2022-03-22,9846.154296875,10256.41015625,9811.9658203125,10256.41015625,2987887
2022-03-23,10119.658203125,10188.0341796875,9709.4013671875,9777.77734375,1676902
2022-03-24,10188.0341796875,10324.7861328125,9914.5302734375,10153.845703125,1277786
2022-03-25,10085.4697265625,10290.5986328125,10017.09375,10256.41015625,946676
2022-03-28,9846.154296875,10119.658203125,9846.154296875,9948.7177734375,1085760
2022-03-29,10051.2822265625,10188.0341796875,9743.58984375,9743.58984375,1182138
2022-03-30,9914.5302734375,10085.4697265625,9709.4013671875,9880.341796875,1374896
2022-03-31,9982.90625,10017.09375,9846.154296875,9914.5302734375,723352
2022-04-01,10256.41015625,10256.41015625,9846.154296875,9982.90625,1429155
2022-04-04,10188.0341796875,10324.7861328125,10051.2822265625,10256.41015625,1054901
2022-04-05,10017.09375,10188.0341796875,9948.7177734375,9948.7177734375,605475
2022-04-06,9846.154296875,10119.658203125,9743.58984375,9948.7177734375,1027113
2022-04-07,9367.521484375,10017.09375,9367.521484375,9777.77734375,1633027
2022-04-08,9025.640625,9367.521484375,9025.640625,9230.76953125,1373141
2022-04-12,8752.13671875,9094.017578125,8444.4443359375,8888.888671875,1070111
2022-04-13,9299.1455078125,9299.1455078125,8478.6328125,8752.13671875,966858
2022-04-14,9435.8974609375,9470.0859375,9059.8291015625,9401.708984375,654907
2022-04-15,9504.2734375,9572.6494140625,9162.3935546875,9299.1455078125,609570
2022-04-18,8957.2646484375,9470.0859375,8854.701171875,9470.0859375,959546
2022-04-19,9094.017578125,9230.76953125,8888.888671875,8923.0771484375,596553
2022-04-20,9162.3935546875,9367.521484375,9025.640625,9094.017578125,656370
2022-04-21,9059.8291015625,9094.017578125,8547.0087890625,9094.017578125,695126
2022-04-22,9162.3935546875,9299.1455078125,8820.5126953125,9094.017578125,588656
2022-04-25,8547.0087890625,9059.8291015625,8547.0087890625,9059.8291015625,778781
2022-04-26,9094.017578125,9094.017578125,7965.81201171875,8205.1279296875,597285
2022-04-27,9059.8291015625,9094.017578125,8752.13671875,8820.5126953125,464343
2022-04-28,8991.453125,9094.017578125,8820.5126953125,9059.8291015625,237363
2022-04-29,9025.640625,9162.3935546875,8752.13671875,8786.3251953125,552678
2022-05-04,8888.888671875,9128.205078125,8581.1962890625,9128.205078125,379080
2022-05-05,8752.13671875,9025.640625,8478.6328125,9025.640625,269831
2022-05-06,8273.50390625,8717.9482421875,8170.93994140625,8444.4443359375,468731
2022-05-09,7726.49560546875,8410.2568359375,7726.49560546875,7897.43603515625,504416
2022-05-10,7213.67529296875,7521.36767578125,7213.67529296875,7213.67529296875,618345
2022-05-11,7658.11962890625,7658.11962890625,6837.60693359375,7213.67529296875,566865
2022-05-12,7589.74365234375,7794.87158203125,7145.29931640625,7794.87158203125,535567
2022-05-13,7076.9228515625,7589.74365234375,7076.9228515625,7589.74365234375,292646
2022-05-16,7247.86328125,7350.42724609375,7076.9228515625,7111.111328125,397068
2022-05-17,7521.36767578125,7521.36767578125,6974.35888671875,7213.67529296875,768982
2022-05-18,7726.49560546875,7794.87158203125,7418.80322265625,7589.74365234375,610301
2022-05-19,7589.74365234375,7658.11962890625,7350.42724609375,7350.42724609375,498712
2022-05-20,7589.74365234375,7658.11962890625,7350.42724609375,7384.615234375,492716
2022-05-23,7521.36767578125,7589.74365234375,7247.86328125,7589.74365234375,352608
2022-05-24,7452.9912109375,7521.36767578125,7179.4873046875,7521.36767578125,251988
2022-05-25,7521.36767578125,7658.11962890625,7384.615234375,7452.9912109375,601380
2022-05-26,7452.9912109375,7589.74365234375,7384.615234375,7589.74365234375,397361
2022-05-27,7521.36767578125,7658.11962890625,7350.42724609375,7487.1796875,507341
2022-05-30,7521.36767578125,7555.5556640625,7418.80322265625,7521.36767578125,405405
2022-05-31,7726.49560546875,7794.87158203125,7521.36767578125,7692.3076171875,401456
2022-06-01,7589.74365234375,7623.931640625,7452.9912109375,7487.1796875,204457
2022-06-02,7521.36767578125,7589.74365234375,7350.42724609375,7452.9912109375,370158
2022-06-03,7247.86328125,7487.1796875,7145.29931640625,7487.1796875,440943
2022-06-06,7076.9228515625,7384.615234375,7076.9228515625,7316.2392578125,535128
2022-06-07,7076.9228515625,7213.67529296875,6632.478515625,7042.73486328125,647448
2022-06-08,7111.111328125,7179.4873046875,7008.546875,7076.9228515625,366795
2022-06-09,7111.111328125,7145.29931640625,6940.1708984375,7008.546875,398385
2022-06-10,7042.73486328125,7111.111328125,6871.794921875,7111.111328125,385222
2022-06-13,6550.42724609375,6837.60693359375,6550.42724609375,6666.66650390625,614542
2022-06-14,6297.43603515625,6769.23095703125,6099.1455078125,6222.22216796875,456153
2022-06-15,5859.8291015625,6495.7265625,5859.8291015625,6495.7265625,535275
2022-06-16,5880.341796875,6017.09423828125,5675.2138671875,5887.1796875,746606
2022-06-17,5470.08544921875,5743.58984375,5470.08544921875,5538.46142578125,302591
2022-06-20,5087.1796875,5463.248046875,5087.1796875,5463.248046875,283578
2022-06-21,4731.6240234375,4793.16259765625,4731.6240234375,4731.6240234375,531326
2022-06-22,5059.8291015625,5059.8291015625,4731.6240234375,5018.80322265625,970807
2022-06-23,5408.546875,5408.546875,5094.01708984375,5169.23095703125,757867
2022-06-24,5736.751953125,5784.615234375,5470.08544921875,5675.2138671875,1007077
2022-06-27,5894.01708984375,5948.7177734375,5545.29931640625,5880.341796875,639551
2022-06-28,6010.25634765625,6051.2822265625,5811.9658203125,5989.74365234375,498712
2022-06-29,5675.2138671875,6010.25634765625,5593.16259765625,6010.25634765625,504708
2022-06-30,5538.46142578125,5914.52978515625,5538.46142578125,5757.26513671875,311512
2022-07-01,5367.521484375,5538.46142578125,5155.5556640625,5504.2734375,551947
2022-07-04,5435.8974609375,5600.0,5367.521484375,5538.46142578125,230636
2022-07-05,5641.02587890625,5743.58984375,5538.46142578125,5709.40185546875,513922
2022-07-06,5538.46142578125,5675.2138671875,5353.84619140625,5394.87158203125,134842
2022-07-07,5606.83740234375,5606.83740234375,5463.248046875,5572.6494140625,430852
2022-07-08,5661.53857421875,5743.58984375,5606.83740234375,5641.02587890625,552678
2022-07-11,5729.91455078125,5743.58984375,5538.46142578125,5675.2138671875,545951
2022-07-12,5982.90576171875,5996.5810546875,5709.40185546875,5777.77783203125,810663
2022-07-13,6030.76904296875,6051.2822265625,5976.068359375,5982.90576171875,812565
2022-07-14,6085.47021484375,6119.658203125,5859.8291015625,5969.23095703125,658563
2022-07-15,6085.47021484375,6140.1708984375,5914.52978515625,6099.1455078125,393412
2022-07-18,6140.1708984375,6235.8974609375,6078.63232421875,6085.47021484375,848103
2022-07-19,6208.546875,6256.41015625,6085.47021484375,6222.22216796875,628582
2022-07-20,6372.6494140625,6461.53857421875,6222.22216796875,6461.53857421875,765765
2022-07-21,6140.1708984375,6290.59814453125,6017.09423828125,6290.59814453125,1063822
2022-07-22,6153.84619140625,6290.59814453125,6017.09423828125,6140.1708984375,1152742
2022-07-25,6140.1708984375,6208.546875,6017.09423828125,6153.84619140625,562038
2022-07-26,6058.11962890625,6119.658203125,5962.39306640625,6119.658203125,385661
2022-07-27,5880.341796875,6064.95703125,5647.86328125,5811.9658203125,620392
2022-07-28,5777.77783203125,6051.2822265625,5750.42724609375,6017.09423828125,749531
2022-07-29,5641.02587890625,5811.9658203125,5483.7607421875,5805.12841796875,547560
2022-08-01,5743.58984375,5743.58984375,5641.02587890625,5709.40185546875,520503
2022-08-02,5846.15380859375,5846.15380859375,5743.58984375,5743.58984375,589972
2022-08-03,5873.50439453125,5914.52978515625,5811.9658203125,5846.15380859375,497542
2022-08-04,5873.50439453125,5894.01708984375,5764.1025390625,5880.341796875,576517
2022-08-05,5743.58984375,5873.50439453125,5716.2392578125,5873.50439453125,519041
2022-08-08,5832.478515625,5846.15380859375,5641.02587890625,5743.58984375,982361
2022-08-09,6064.95703125,6071.794921875,5900.8544921875,5969.23095703125,1032525
2022-08-10,6153.84619140625,6222.22216796875,6058.11962890625,6064.95703125,1068356
2022-08-11,6017.09423828125,6188.0341796875,5948.7177734375,6153.84619140625,866677
2022-08-12,6071.794921875,6119.658203125,5859.8291015625,6017.09423828125,700537
2022-08-15,6153.84619140625,6153.84619140625,5948.7177734375,6140.1708984375,1226306
2022-08-16,6160.68359375,6235.8974609375,6017.09423828125,6235.8974609375,819292
2022-08-17,6085.47021484375,6208.546875,5989.74365234375,6208.546875,634578
2022-08-18,5880.341796875,6085.47021484375,5811.9658203125,6085.47021484375,477652
2022-08-19,5825.64111328125,5880.341796875,5716.2392578125,5811.9658203125,414180
2022-08-22,5702.56396484375,5866.66650390625,5606.83740234375,5675.2138671875,271878
2022-08-23,5736.751953125,5736.751953125,5538.46142578125,5606.83740234375,448695
2022-08-24,5743.58984375,5805.12841796875,5716.2392578125,5736.751953125,211916
2022-08-25,5811.9658203125,5811.9658203125,5709.40185546875,5743.58984375,285918
2022-08-26,5811.9658203125,5880.341796875,5743.58984375,5846.15380859375,241166
2022-08-29,5538.46142578125,5743.58984375,5470.08544921875,5743.58984375,328331
2022-08-30,5565.81201171875,5675.2138671875,5538.46142578125,5675.2138671875,214987
2022-08-31,5565.81201171875,5572.6494140625,5476.9228515625,5483.7607421875,104130
2022-09-05,5600.0,5654.70068359375,5504.2734375,5565.81201171875,300982
2022-09-06,5586.32470703125,5661.53857421875,5504.2734375,5600.0,356996
2022-09-07,5490.59814453125,5586.32470703125,5340.1708984375,5586.32470703125,187200
2022-09-08,5470.08544921875,5490.59814453125,5135.04296875,5490.59814453125,271586
2022-09-09,5435.8974609375,5497.43603515625,5333.33349609375,5470.08544921875,106177
2022-09-12,5442.73486328125,5470.08544921875,5340.1708984375,5470.08544921875,77220
2022-09-13,5408.546875,5463.248046875,5347.0087890625,5408.546875,165847
2022-09-14,5312.8203125,5326.49560546875,5196.5810546875,5319.658203125,110272
2022-09-15,5278.63232421875,5401.70947265625,5264.95703125,5326.49560546875,105738
2022-09-16,5367.521484375,5511.111328125,5278.63232421875,5278.63232421875,111296
2022-09-19,5025.64111328125,5401.70947265625,4998.29052734375,5401.70947265625,200655
2022-09-20,5374.35888671875,5374.35888671875,4813.67529296875,5025.64111328125,279191
2022-09-21,5374.35888671875,5374.35888671875,5264.95703125,5374.35888671875,123727
2022-09-22,5470.08544921875,5470.08544921875,5278.63232421875,5374.35888671875,200655
2022-09-23,5463.248046875,5538.46142578125,5340.1708984375,5401.70947265625,181057
2022-09-26,5299.1455078125,5600.0,5230.76904296875,5470.08544921875,86141
2022-09-27,5381.19677734375,5470.08544921875,5299.1455078125,5470.08544921875,47092
2022-09-28,5005.12841796875,5333.33349609375,5005.12841796875,5264.95703125,83947
2022-09-29,5005.12841796875,5347.0087890625,4656.41015625,5347.0087890625,267052
2022-09-30,4991.453125,4991.453125,4663.248046875,4991.453125,208260
2022-10-03,4649.57275390625,4998.29052734375,4649.57275390625,4998.29052734375,97110
2022-10-04,4649.57275390625,4786.32470703125,4376.068359375,4786.32470703125,122996
2022-10-05,4970.93994140625,4970.93994140625,4649.57275390625,4717.94873046875,610447
2022-10-06,4786.32470703125,5087.1796875,4724.7861328125,5087.1796875,232391
2022-10-07,4560.68359375,4752.13671875,4478.63232421875,4745.29931640625,182081
2022-10-10,4875.2138671875,4875.2138671875,4444.4443359375,4444.4443359375,153416
2022-10-11,4622.22216796875,4854.70068359375,4581.19677734375,4854.70068359375,125921
2022-10-12,4854.70068359375,4923.0771484375,4581.19677734375,4786.32470703125,260471
2022-10-13,4854.70068359375,5189.74365234375,4738.46142578125,4923.0771484375,189101
2022-10-14,4909.40185546875,5032.478515625,4786.32470703125,5032.478515625,148736
2022-10-17,4786.32470703125,4888.888671875,4649.57275390625,4888.888671875,81022
2022-10-18,4772.6494140625,4888.888671875,4717.94873046875,4888.888671875,228150
2022-10-19,4752.13671875,4786.32470703125,4704.2734375,4786.32470703125,157511
2022-10-20,4738.46142578125,4786.32470703125,4649.57275390625,4717.94873046875,68591
2022-10-21,4410.25634765625,4724.7861328125,4410.25634765625,4724.7861328125,188808
2022-10-24,4102.56396484375,4471.794921875,4102.56396484375,4239.31640625,194658
2022-10-25,3965.81201171875,4239.31640625,3815.384521484375,4102.56396484375,261056
2022-10-26,3753.84619140625,4088.888916015625,3692.3076171875,4088.888916015625,265005
2022-10-27,3890.598388671875,3890.598388671875,3562.39306640625,3760.683837890625,109102
2022-10-28,3965.81201171875,4095.7265625,3890.598388671875,4095.7265625,192903
2022-10-31,4102.56396484375,4170.93994140625,3931.6240234375,4170.93994140625,146688
2022-11-01,4164.1025390625,4239.31640625,4000.0,4102.56396484375,126506
2022-11-02,4239.31640625,4307.6923828125,4164.1025390625,4232.478515625,207821
2022-11-03,4170.93994140625,4239.31640625,4102.56396484375,4239.31640625,43582
2022-11-04,4061.53857421875,4170.93994140625,3883.7607421875,4170.93994140625,141131
2022-11-07,3965.81201171875,4102.56396484375,3829.059814453125,4061.53857421875,93307
2022-11-08,4020.512939453125,4020.512939453125,3863.247802734375,3965.81201171875,85556
2022-11-09,4068.3759765625,4157.26513671875,4020.512939453125,4068.3759765625,124751
2022-11-10,3788.0341796875,4095.7265625,3788.0341796875,4095.7265625,186176
2022-11-11,3829.059814453125,4027.350341796875,3623.931640625,4027.350341796875,180033
2022-11-14,3562.39306640625,3822.22216796875,3562.39306640625,3822.22216796875,113343
2022-11-15,3316.2392578125,3418.803466796875,3316.2392578125,3350.42724609375,119486
2022-11-16,3418.803466796875,3541.88037109375,3090.598388671875,3090.598388671875,322481
2022-11-17,3658.11962890625,3658.11962890625,3452.991455078125,3487.179443359375,717356
2022-11-18,3685.469970703125,3760.683837890625,3555.5556640625,3658.11962890625,460980
2022-11-21,3760.683837890625,3897.435791015625,3692.3076171875,3835.8974609375,345003
2022-11-22,3760.683837890625,4000.0,3623.931640625,3623.931640625,557797
2022-11-23,3726.49560546875,3794.871826171875,3623.931640625,3760.683837890625,393412
2022-11-24,3678.632568359375,3760.683837890625,3555.5556640625,3726.49560546875,438018
2022-11-25,3781.196533203125,3794.871826171875,3678.632568359375,3740.1708984375,228003
2022-11-28,4020.512939453125,4034.18798828125,3897.435791015625,3897.435791015625,616005
2022-11-29,4102.56396484375,4232.478515625,4020.512939453125,4170.93994140625,460248
2022-11-30,4164.1025390625,4205.12841796875,4034.18798828125,4102.56396484375,408037
2022-12-01,4259.8291015625,4437.60693359375,4157.26513671875,4307.6923828125,501198
2022-12-02,4328.205078125,4376.068359375,4170.93994140625,4252.9912109375,365186
2022-12-05,4410.25634765625,4581.19677734375,4328.205078125,4485.47021484375,384052
2022-12-06,4239.31640625,4410.25634765625,4102.56396484375,4410.25634765625,213378
2022-12-07,4218.80322265625,4307.6923828125,4034.18798828125,4239.31640625,243213
2022-12-08,4273.50439453125,4307.6923828125,4157.26513671875,4300.8544921875,292500
2022-12-09,4239.31640625,4294.01708984375,4102.56396484375,4273.50439453125,169650
2022-12-12,4239.31640625,4307.6923828125,4170.93994140625,4307.6923828125,192757
2022-12-13,4205.12841796875,4232.478515625,3965.81201171875,4191.453125,300543
2022-12-14,4205.12841796875,4232.478515625,4170.93994140625,4232.478515625,233268
2022-12-15,4157.26513671875,4225.64111328125,4102.56396484375,4170.93994140625,237071
2022-12-16,4157.26513671875,4157.26513671875,4034.18798828125,4034.18798828125,154293
2022-12-19,4170.93994140625,4205.12841796875,4102.56396484375,4170.93994140625,208260
2022-12-20,4123.0771484375,4198.29052734375,3965.81201171875,4170.93994140625,139522
2022-12-21,4034.18798828125,4170.93994140625,3883.7607421875,4123.0771484375,212793
2022-12-22,4047.86328125,4136.751953125,3911.111083984375,4136.751953125,113051
2022-12-23,3965.81201171875,4041.025634765625,3897.435791015625,4041.025634765625,37878
2022-12-26,3692.3076171875,3958.974365234375,3692.3076171875,3958.974365234375,89066
2022-12-27,3692.3076171875,3774.35888671875,3487.179443359375,3774.35888671875,177255
2022-12-28,3699.145263671875,3726.49560546875,3623.931640625,3726.49560546875,97695
2022-12-29,3699.145263671875,3699.145263671875,3582.906005859375,3685.469970703125,56452
2022-12-30,3623.931640625,3726.49560546875,3623.931640625,3726.49560546875,57330
2023-01-03,3747.008544921875,3753.84619140625,3555.5556640625,3692.3076171875,171990
2023-01-04,3897.435791015625,3897.435791015625,3760.683837890625,3829.059814453125,266906
2023-01-05,4006.837646484375,4006.837646484375,3904.2734375,3965.81201171875,186322
2023-01-06,4075.213623046875,4136.751953125,4006.837646484375,4006.837646484375,213817
2023-01-09,4239.31640625,4355.5556640625,4123.0771484375,4123.0771484375,439627
2023-01-10,4273.50439453125,4335.04296875,4205.12841796875,4273.50439453125,277143
2023-01-11,4300.8544921875,4376.068359375,4205.12841796875,4335.04296875,487743
2023-01-12,4232.478515625,4369.23095703125,4170.93994140625,4369.23095703125,170820
2023-01-13,4232.478515625,4307.6923828125,4170.93994140625,4246.15380859375,205920
2023-01-16,4232.478515625,4273.50439453125,4109.40185546875,4177.77783203125,170673
2023-01-17,4444.4443359375,4505.98291015625,4225.64111328125,4232.478515625,371475
2023-01-18,4690.59814453125,4717.94873046875,4376.068359375,4444.4443359375,356996
2023-01-19,4841.02587890625,4916.2392578125,4581.19677734375,4717.94873046875,283286
2023-01-27,4936.751953125,5094.01708984375,4854.70068359375,4861.53857421875,281970
2023-01-30,5059.8291015625,5059.8291015625,4827.3505859375,4936.751953125,466245
2023-01-31,5148.7177734375,5155.5556640625,4861.53857421875,5059.8291015625,311951
2023-02-01,4991.453125,5162.39306640625,4923.0771484375,5148.7177734375,417982
2023-02-02,5039.31640625,5059.8291015625,4786.32470703125,4957.26513671875,402480
2023-02-03,4957.26513671875,5087.1796875,4868.3759765625,5087.1796875,266321
2023-02-06,5032.478515625,5046.15380859375,4854.70068359375,4957.26513671875,431145
2023-02-07,4998.29052734375,5128.205078125,4943.58984375,5128.205078125,241458
2023-02-08,5052.9912109375,5059.8291015625,4861.53857421875,5059.8291015625,317216
2023-02-09,5094.01708984375,5121.36767578125,4923.0771484375,4991.453125,278606
2023-02-10,5087.1796875,5162.39306640625,4977.77783203125,5094.01708984375,231367
2023-02-13,4991.453125,5087.1796875,4820.5126953125,5087.1796875,155171
2023-02-14,4991.453125,4991.453125,4834.18798828125,4991.453125,300105
2023-02-15,5100.8544921875,5128.205078125,4875.2138671875,4923.0771484375,399116
2023-02-16,5189.74365234375,5196.5810546875,5025.64111328125,5128.205078125,255498
2023-02-17,5182.90576171875,5223.931640625,5059.8291015625,5196.5810546875,217473
2023-02-20,5442.73486328125,5442.73486328125,5128.205078125,5196.5810546875,375131
2023-02-21,5456.41015625,5504.2734375,5340.1708984375,5456.41015625,217912
2023-02-22,5340.1708984375,5401.70947265625,5196.5810546875,5333.33349609375,274803
2023-02-23,5264.95703125,5340.1708984375,4998.29052734375,5264.95703125,173160
2023-02-24,5299.1455078125,5333.33349609375,5128.205078125,5196.5810546875,76635
2023-02-27,5230.76904296875,5230.76904296875,5059.8291015625,5128.205078125,177108
2023-02-28,5223.931640625,5264.95703125,5094.01708984375,5230.76904296875,109102
2023-03-01,5230.76904296875,5230.76904296875,5128.205078125,5196.5810546875,243652
2023-03-02,5230.76904296875,5251.2822265625,5155.5556640625,5230.76904296875,132502
2023-03-03,5196.5810546875,5264.95703125,5128.205078125,5230.76904296875,220398
2023-03-06,5128.205078125,5230.76904296875,5094.01708984375,5230.76904296875,128553
2023-03-07,4923.0771484375,5128.205078125,4854.70068359375,4923.0771484375,331695
2023-03-08,4765.81201171875,4888.888671875,4717.94873046875,4888.888671875,156926
2023-03-09,4786.32470703125,4786.32470703125,4752.13671875,4786.32470703125,212793
2023-03-10,4752.13671875,4786.32470703125,4717.94873046875,4786.32470703125,200362
2023-03-13,4745.29931640625,4786.32470703125,4594.87158203125,4752.13671875,102667
2023-03-14,4649.57275390625,4786.32470703125,4526.49560546875,4745.29931640625,182812
2023-03-15,4711.111328125,4752.13671875,4649.57275390625,4752.13671875,169503
2023-03-16,4519.658203125,4704.2734375,4437.60693359375,4704.2734375,277290
2023-03-17,4512.8203125,4547.0087890625,4444.4443359375,4547.0087890625,103545
2023-03-20,4423.931640625,4512.8203125,4410.25634765625,4512.8203125,84532
2023-03-21,4444.4443359375,4512.8203125,4382.90576171875,4478.63232421875,125921
2023-03-22,4485.47021484375,4485.47021484375,4410.25634765625,4485.47021484375,100181
2023-03-23,4451.2822265625,4478.63232421875,4376.068359375,4478.63232421875,120510
2023-03-24,4444.4443359375,4471.794921875,4389.74365234375,4464.95703125,167748
2023-03-27,4458.11962890625,4478.63232421875,4430.76904296875,4451.2822265625,133965
2023-03-28,4437.60693359375,4478.63232421875,4341.88037109375,4478.63232421875,242190
2023-03-29,4376.068359375,4437.60693359375,4307.6923828125,4437.60693359375,246723
2023-03-30,4376.068359375,4444.4443359375,4307.6923828125,4396.5810546875,251988
2023-03-31,4362.39306640625,4396.5810546875,4321.36767578125,4341.88037109375,316046
2023-04-03,4396.5810546875,4417.09423828125,4362.39306640625,4417.09423828125,357727
2023-04-04,4437.60693359375,4437.60693359375,4389.74365234375,4423.931640625,304200
2023-04-05,4594.87158203125,4649.57275390625,4430.76904296875,4464.95703125,353925
2023-04-06,4758.97412109375,4888.888671875,4649.57275390625,4717.94873046875,522843
2023-04-07,4649.57275390625,4752.13671875,4581.19677734375,4717.94873046875,295132
2023-04-10,4738.46142578125,4752.13671875,4588.0341796875,4717.94873046875,303030
2023-04-11,4745.29931640625,4752.13671875,4615.384765625,4717.94873046875,271878
2023-04-12,4786.32470703125,4854.70068359375,4697.43603515625,4786.32470703125,267345
2023-04-13,4752.13671875,4875.2138671875,4649.57275390625,4875.2138671875,242921
2023-04-14,4717.94873046875,4786.32470703125,4622.22216796875,4649.57275390625,133233
2023-04-17,4615.384765625,4717.94873046875,4553.84619140625,4704.2734375,210453
2023-04-18,4608.546875,4615.384765625,4451.2822265625,4615.384765625,306832
2023-04-19,4512.8203125,4615.384765625,4423.931640625,4615.384765625,328038
2023-04-20,4512.8203125,4547.0087890625,4444.4443359375,4512.8203125,201825
2023-04-21,4478.63232421875,4547.0087890625,4410.25634765625,4512.8203125,270562
2023-04-24,4485.47021484375,4512.8203125,4423.931640625,4512.8203125,321896
2023-04-25,4478.63232421875,4512.8203125,4376.068359375,4512.8203125,266613
2023-04-26,4540.1708984375,4717.94873046875,4348.7177734375,4478.63232421875,475020
2023-04-27,4512.8203125,4635.8974609375,4376.068359375,4635.8974609375,273487
2023-04-28,4437.60693359375,4547.0087890625,4307.6923828125,4547.0087890625,418275
2023-05-04,4417.09423828125,4437.60693359375,4328.205078125,4437.60693359375,380688
2023-05-05,4341.88037109375,4430.76904296875,4314.52978515625,4417.09423828125,402333
2023-05-08,4444.4443359375,4444.4443359375,4355.5556640625,4376.068359375,528401
2023-05-09,4451.2822265625,4512.8203125,4423.931640625,4478.63232421875,417543
2023-05-10,4581.19677734375,4581.19677734375,4458.11962890625,4478.63232421875,667923
2023-05-11,4526.49560546875,4642.73486328125,4478.63232421875,4642.73486328125,665437
2023-05-12,4526.49560546875,4581.19677734375,4485.47021484375,4526.49560546875,463173
2023-05-15,4512.8203125,4615.384765625,4478.63232421875,4615.384765625,709897
2023-05-16,4478.63232421875,4540.1708984375,4478.63232421875,4526.49560546875,306978
2023-05-17,4765.81201171875,4786.32470703125,4458.11962890625,4458.11962890625,942727
2023-05-18,4697.43603515625,4779.4873046875,4608.546875,4765.81201171875,924885
2023-05-19,4601.70947265625,4711.111328125,4478.63232421875,4697.43603515625,642768
2023-05-22,4581.19677734375,4615.384765625,4512.8203125,4608.546875,383321
2023-05-23,4574.35888671875,4581.19677734375,4492.3076171875,4533.33349609375,496665
2023-05-24,4505.98291015625,4581.19677734375,4492.3076171875,4581.19677734375,502222
2023-05-25,4410.25634765625,4512.8203125,4410.25634765625,4512.8203125,455422
2023-05-26,4478.63232421875,4478.63232421875,4403.4189453125,4410.25634765625,429828
2023-05-29,4786.32470703125,4786.32470703125,4547.0087890625,4547.0087890625,1773866
2023-05-30,4827.3505859375,5059.8291015625,4786.32470703125,4923.0771484375,1433542
2023-05-31,4936.751953125,4991.453125,4847.86328125,4854.70068359375,1273545
2023-06-01,5087.1796875,5258.11962890625,4888.888671875,4936.751953125,1021848
2023-06-02,5251.2822265625,5326.49560546875,5107.6923828125,5107.6923828125,1370216
2023-06-05,5114.52978515625,5333.33349609375,5032.478515625,5251.2822265625,802035
2023-06-06,5196.5810546875,5210.25634765625,5039.31640625,5059.8291015625,686643
2023-06-07,5258.11962890625,5264.95703125,5135.04296875,5230.76904296875,874428
2023-06-08,5059.8291015625,5299.1455078125,5059.8291015625,5264.95703125,962471
2023-06-09,4998.29052734375,5087.1796875,4902.56396484375,5066.66650390625,595383
2023-06-12,5094.01708984375,5128.205078125,4895.7265625,4998.29052734375,709312
2023-06-13,5162.39306640625,5189.74365234375,5080.341796875,5135.04296875,978851
2023-06-14,5128.205078125,5217.09423828125,5039.31640625,5196.5810546875,715455
2023-06-15,4998.29052734375,5176.068359375,4998.29052734375,5094.01708984375,480431
2023-06-16,4957.26513671875,5128.205078125,4923.0771484375,5032.478515625,625950
2023-06-19,4827.3505859375,4957.26513671875,4793.16259765625,4888.888671875,628582
2023-06-20,4888.888671875,4888.888671875,4724.7861328125,4827.3505859375,777611
2023-06-21,4923.0771484375,4957.26513671875,4854.70068359375,4916.2392578125,483502
2023-06-22,5196.5810546875,5196.5810546875,4929.91455078125,4929.91455078125,1676025
2023-06-23,5326.49560546875,5326.49560546875,5135.04296875,5217.09423828125,1064700
2023-06-26,5606.83740234375,5606.83740234375,5271.794921875,5401.70947265625,1330582
2023-06-27,5825.64111328125,5839.31640625,5641.02587890625,5736.751953125,1562096
2023-06-28,5880.341796875,5894.01708984375,5675.2138671875,5839.31640625,1166490
2023-06-29,6283.7607421875,6290.59814453125,5880.341796875,5914.52978515625,2618460
2023-06-30,6201.70947265625,6290.59814453125,6058.11962890625,6270.08544921875,794430
2023-07-03,6222.22216796875,6324.7861328125,6010.25634765625,6201.70947265625,574323
2023-07-04,6427.3505859375,6495.7265625,6290.59814453125,6290.59814453125,505293
2023-07-05,6427.3505859375,6632.478515625,6406.83740234375,6461.53857421875,504270
2023-07-06,6358.97412109375,6495.7265625,6188.0341796875,6495.7265625,330232
2023-07-07,6406.83740234375,6406.83740234375,6188.0341796875,6358.97412109375,369866
2023-07-10,6495.7265625,6618.80322265625,6358.97412109375,6564.1025390625,567303
2023-07-11,6461.53857421875,6495.7265625,6283.7607421875,6338.46142578125,620831
2023-07-12,6372.6494140625,6454.70068359375,6304.2734375,6454.70068359375,398385
2023-07-13,6564.1025390625,6564.1025390625,6290.59814453125,6393.16259765625,784631
2023-07-14,6837.60693359375,6837.60693359375,6495.7265625,6694.01708984375,995816
2023-07-17,7111.111328125,7145.29931640625,6666.66650390625,6837.60693359375,1605678
2023-07-18,7145.29931640625,7282.05126953125,6974.35888671875,7282.05126953125,621855
2023-07-19,6871.794921875,7213.67529296875,6837.60693359375,7145.29931640625,687813
2023-07-20,6974.35888671875,6974.35888671875,6817.09423828125,6940.1708984375,641160
2023-07-21,6871.794921875,6905.98291015625,6632.478515625,6837.60693359375,1572772
2023-07-24,6837.60693359375,6905.98291015625,6666.66650390625,6871.794921875,1048758
2023-07-25,6618.80322265625,6803.4189453125,6529.91455078125,6803.4189453125,1681875
2023-07-26,6358.97412109375,6618.80322265625,6229.06005859375,6229.06005859375,750701
2023-07-27,6358.97412109375,6427.3505859375,6242.73486328125,6427.3505859375,958815
2023-07-28,6488.888671875,6495.7265625,6290.59814453125,6345.29931640625,543757
2023-07-31,6358.97412109375,6564.1025390625,6249.57275390625,6495.7265625,1926843
2023-08-01,6222.22216796875,6352.13671875,6153.84619140625,6352.13671875,1155960
2023-08-02,6078.63232421875,6256.41015625,6078.63232421875,6222.22216796875,1434273
2023-08-03,6188.0341796875,6188.0341796875,6078.63232421875,6153.84619140625,716040
2023-08-04,6201.70947265625,6215.384765625,6119.658203125,6201.70947265625,779805
2023-08-07,6632.478515625,6632.478515625,6263.248046875,6263.248046875,2677106
2023-08-08,6666.66650390625,6735.04296875,6543.58984375,6666.66650390625,957937
2023-08-09,6762.39306640625,6837.60693359375,6680.341796875,6741.88037109375,1466302
2023-08-10,6625.64111328125,6830.76904296875,6577.77783203125,6830.76904296875,1226598
2023-08-11,6632.478515625,6659.8291015625,6427.3505859375,6632.478515625,1161810
2023-08-14,6646.15380859375,6680.341796875,6564.1025390625,6680.341796875,763425
2023-08-15,6625.64111328125,6666.66650390625,6529.91455078125,6666.66650390625,733005
2023-08-16,6646.15380859375,6694.01708984375,6564.1025390625,6632.478515625,897243
2023-08-17,6591.453125,6666.66650390625,6529.91455078125,6666.66650390625,957791
2023-08-18,6194.87158203125,6564.1025390625,6153.84619140625,6564.1025390625,1488240
2023-08-21,6358.97412109375,6461.53857421875,6153.84619140625,6153.84619140625,763863
2023-08-22,6495.7265625,6536.751953125,6324.7861328125,6454.70068359375,618198
2023-08-23,6502.56396484375,6632.478515625,6495.7265625,6564.1025390625,474288
2023-08-24,6673.50439453125,6694.01708984375,6502.56396484375,6577.77783203125,1109452
2023-08-25,6796.5810546875,6837.60693359375,6632.478515625,6680.341796875,1100970
2023-08-28,6803.4189453125,6905.98291015625,6707.6923828125,6837.60693359375,1036473
2023-08-29,6769.23095703125,6837.60693359375,6755.5556640625,6796.5810546875,875891
2023-08-30,6659.8291015625,6837.60693359375,6659.8291015625,6803.4189453125,903678
2023-08-31,6721.36767578125,6728.205078125,6659.8291015625,6659.8291015625,971685
2023-09-05,6624.0,6720.0,6488.0,6560.0,1209750
2023-09-06,6624.0,6664.0,6528.0,6640.0,778375
2023-09-07,6592.0,6680.0,6536.0,6640.0,959375
2023-09-08,6408.0,6616.0,6240.0,6592.0,1032875
2023-09-11,6096.0,6424.0,6096.0,6408.0,635250
2023-09-12,6160.0,6168.0,6000.0,6096.0,571000
2023-09-13,6160.0,6240.0,6088.0,6176.0,339875
2023-09-14,6080.0,6200.0,6000.0,6200.0,336000
2023-09-15,5960.0,6120.0,5960.0,6072.0,501250
2023-09-18,5992.0,6040.0,5920.0,6040.0,281250
2023-09-19,5992.0,6040.0,5880.0,6000.0,334625
2023-09-20,5968.0,6000.0,5896.0,5896.0,262375
2023-09-21,5984.0,5992.0,5952.0,5976.0,237750
2023-09-22,5736.0,6032.0,5720.0,5984.0,501500
2023-09-25,5336.0,5760.0,5336.0,5736.0,397875
2023-09-26,5360.0,5680.0,5120.0,5360.0,439125
2023-09-27,5624.0,5624.0,5280.0,5432.0,172375
2023-09-28,5592.0,5680.0,5440.0,5680.0,201750
2023-09-29,5704.0,5744.0,5568.0,5616.0,195000
2023-10-02,5744.0,5760.0,5600.0,5704.0,209250
2023-10-03,5528.0,5744.0,5440.0,5744.0,109750
2023-10-04,5584.0,5600.0,5400.0,5512.0,303125
2023-10-05,5584.0,5672.0,5544.0,5592.0,203625
2023-10-06,5664.0,5672.0,5488.0,5520.0,320250
2023-10-09,5728.0,5744.0,5624.0,5672.0,230250
2023-10-10,5760.0,5808.0,5704.0,5760.0,232875
2023-10-11,5744.0,5784.0,5648.0,5784.0,138125
2023-10-12,5760.0,5824.0,5712.0,5776.0,209375
2023-10-13,5792.0,5792.0,5648.0,5760.0,263250
2023-10-16,5736.0,5792.0,5680.0,5792.0,229000
2023-10-17,5736.0,5800.0,5688.0,5736.0,203000
2023-10-18,5600.0,5760.0,5400.0,5760.0,218125
2023-10-19,5600.0,5672.0,5360.0,5544.0,173250
2023-10-20,5992.0,5992.0,5528.0,5600.0,786375
2023-10-23,5992.0,6064.0,5904.0,6000.0,346125
2023-10-24,6240.0,6400.0,5960.0,5992.0,1002000
2023-10-25,6232.0,6336.0,6104.0,6336.0,360750
2023-10-26,5920.0,6080.0,5800.0,6080.0,505125
2023-10-27,5960.0,5984.0,5768.0,5920.0,181000
2023-10-30,5960.0,5968.0,5760.0,5936.0,211375
2023-10-31,5920.0,6000.0,5760.0,5960.0,277750
2023-11-01,5920.0,5960.0,5800.0,5888.0,467875
2023-11-02,6200.0,6200.0,5920.0,5920.0,823250
2023-11-03,6080.0,6216.0,5880.0,6208.0,342375
2023-11-06,6000.0,6144.0,5968.0,6008.0,473125
2023-11-07,5904.0,6064.0,5856.0,6056.0,421000
2023-11-08,6000.0,6080.0,5720.0,5904.0,788500
2023-11-09,6080.0,6160.0,5952.0,6112.0,841375
2023-11-10,6064.0,6072.0,5952.0,6032.0,428375
2023-11-13,6056.0,6160.0,5960.0,6120.0,429000
2023-11-14,6224.0,6240.0,6056.0,6064.0,1630375
2023-11-15,6256.0,6360.0,6096.0,6320.0,945750
2023-11-16,6216.0,6240.0,6088.0,6240.0,347625
2023-11-17,5920.0,6360.0,5856.0,6240.0,926625
2023-11-20,6120.0,6120.0,5760.0,5760.0,831875
2023-11-21,6120.0,6224.0,5920.0,6200.0,420875
2023-11-22,6112.0,6112.0,5920.0,6000.0,400125
2023-11-23,5928.0,6152.0,5928.0,6112.0,535250
2023-11-24,5936.0,5936.0,5600.0,5920.0,550125
2023-11-27,5936.0,6000.0,5856.0,6000.0,187250
2023-11-28,6000.0,6016.0,5840.0,5936.0,523125
2023-11-29,6064.0,6064.0,5912.0,6000.0,403500
2023-11-30,6056.0,6112.0,5960.0,6064.0,325875
2023-12-01,6064.0,6072.0,5920.0,6016.0,471500
2023-12-04,6120.0,6160.0,6064.0,6064.0,676125
2023-12-05,5984.0,6160.0,5968.0,6120.0,447125
2023-12-06,6080.0,6112.0,5968.0,6040.0,780500
2023-12-07,6312.0,6392.0,6104.0,6104.0,2644000
2023-12-08,6432.0,6480.0,6296.0,6360.0,1341250
2023-12-11,6480.0,6528.0,6400.0,6456.0,1052500
2023-12-12,6480.0,6560.0,6360.0,6552.0,958250
2023-12-13,6304.0,6520.0,6080.0,6424.0,1041875
2023-12-14,6280.0,6400.0,6144.0,6304.0,875750
2023-12-15,6320.0,6320.0,6120.0,6280.0,873250
2023-12-18,6296.0,6360.0,6176.0,6320.0,495500
2023-12-19,6280.0,6368.0,6168.0,6296.0,658375
2023-12-20,6344.0,6352.0,6160.0,6280.0,1005000
2023-12-21,6264.0,6320.0,6200.0,6320.0,456125
2023-12-22,6200.0,6280.0,6128.0,6240.0,669625
2023-12-25,6320.0,6400.0,6104.0,6200.0,1112375
2023-12-26,6288.0,6360.0,6160.0,6320.0,562500
2023-12-27,6272.0,6304.0,6160.0,6304.0,689375
2023-12-28,6080.0,6264.0,6080.0,6160.0,498000
2023-12-29,6160.0,6160.0,6056.0,6080.0,588250
2024-01-02,6200.0,6272.0,6096.0,6200.0,624125
2024-01-03,6192.0,6216.0,6104.0,6200.0,359625
2024-01-04,6088.0,6224.0,5984.0,6200.0,998625
2024-01-05,6000.0,6160.0,6000.0,6120.0,618375
2024-01-08,6080.0,6160.0,5840.0,6064.0,952250
2024-01-09,6120.0,6120.0,6000.0,6120.0,423375
2024-01-10,6064.0,6112.0,6000.0,6104.0,434875
2024-01-11,6064.0,6104.0,6000.0,6072.0,294000
2024-01-12,5912.0,6016.0,5840.0,6000.0,767500
2024-01-15,5928.0,5960.0,5880.0,5904.0,152125
2024-01-16,5944.0,5952.0,5840.0,5896.0,471500
2024-01-17,5920.0,6000.0,5864.0,5936.0,397000
2024-01-18,6000.0,6064.0,5888.0,5920.0,679375
2024-01-19,6152.0,6152.0,5992.0,6048.0,868000
2024-01-22,6576.0,6576.0,6320.0,6416.0,3845625
2024-01-23,7032.0,7032.0,6768.0,6960.0,3421000
2024-01-24,7272.0,7480.0,7032.0,7152.0,2244625
2024-01-25,7280.0,7312.0,7128.0,7312.0,1000000
2024-01-26,7712.0,7768.0,7280.0,7280.0,1756125
2024-01-29,7680.0,7760.0,7616.0,7760.0,1017500
2024-01-30,7912.0,7984.0,7664.0,7680.0,1129250
2024-01-31,7600.0,7976.0,7360.0,7920.0,1849750
2024-02-01,7664.0,7800.0,7480.0,7600.0,1558875
2024-02-02,7648.0,7760.0,7528.0,7680.0,891375
2024-02-05,7880.0,7904.0,7568.0,7648.0,1387000
2024-02-06,7896.0,8120.0,7760.0,8000.0,1024625
2024-02-07,7992.0,8000.0,7776.0,7776.0,1000500
2024-02-15,8000.0,8160.0,7920.0,8000.0,776875
2024-02-16,7936.0,8000.0,7776.0,7960.0,1105750
2024-02-19,8320.0,8440.0,7920.0,7960.0,2283500
2024-02-20,8240.0,8360.0,8120.0,8280.0,736500
2024-02-21,8280.0,8280.0,8040.0,8240.0,1012000
2024-02-22,8200.0,8280.0,8000.0,8280.0,1069000
2024-02-23,8000.0,8280.0,7936.0,8160.0,1418625
2024-02-26,8120.0,8120.0,7856.0,8000.0,1466625
2024-02-27,8160.0,8200.0,7960.0,8200.0,1286500
2024-02-28,8080.0,8160.0,7968.0,8160.0,975750
2024-02-29,7992.0,8080.0,7856.0,8040.0,1123000
2024-03-01,7880.0,7992.0,7864.0,7992.0,755500
2024-03-04,8160.0,8160.0,7872.0,7872.0,1887250
2024-03-05,8440.0,8640.0,8040.0,8120.0,2167250
2024-03-06,8280.0,8440.0,8040.0,8440.0,1065625
2024-03-07,8080.0,8280.0,8080.0,8280.0,1156750
2024-03-08,7960.0,8160.0,7944.0,8160.0,1359625
2024-03-11,7896.0,8120.0,7896.0,7928.0,610625
2024-03-12,8000.0,8000.0,7840.0,7992.0,789125
2024-03-13,8160.0,8200.0,7984.0,8080.0,876125
2024-03-14,8360.0,8560.0,8120.0,8200.0,1721500
2024-03-15,8400.0,8400.0,8160.0,8400.0,634375
2024-03-18,8080.0,8480.0,7920.0,8400.0,1706250
2024-03-19,8000.0,8120.0,7952.0,8080.0,589750
2024-03-20,8120.0,8160.0,7944.0,8000.0,560375
2024-03-21,8240.0,8280.0,8040.0,8240.0,940375
2024-03-22,8200.0,8320.0,8080.0,8280.0,605750
2024-03-25,8200.0,8280.0,8040.0,8200.0,642625
2024-03-26,8760.0,8760.0,8120.0,8200.0,2511125
2024-03-27,8960.0,9000.0,8800.0,8920.0,1371875
2024-03-28,8880.0,9040.0,8680.0,9000.0,937500
2024-03-29,9080.0,9200.0,8800.0,8880.0,1183000
2024-04-01,8880.0,9080.0,8800.0,9080.0,973375
2024-04-02,8960.0,8960.0,8720.0,8840.0,1083250
2024-04-03,8880.0,9080.0,8800.0,8960.0,1049375
2024-04-04,8760.0,8880.0,8560.0,8880.0,986750
2024-04-05,8680.0,8680.0,8400.0,8680.0,1681125
2024-04-08,8440.0,8680.0,8440.0,8680.0,811750
2024-04-09,8440.0,8520.0,8280.0,8520.0,646375
2024-04-10,8480.0,8520.0,8400.0,8440.0,348875
2024-04-11,8480.0,8480.0,8280.0,8360.0,599375
2024-04-12,8720.0,8800.0,8480.0,8560.0,805500
2024-04-15,8120.0,8720.0,8120.0,8560.0,1092875
2024-04-16,7808.0,8160.0,7608.0,8120.0,1195750
2024-04-17,7808.0,7984.0,7680.0,7960.0,342375
2024-04-19,7760.0,8200.0,7760.0,7960.0,1273375
2024-04-22,7840.0,7912.0,7736.0,7848.0,514250
2024-04-23,7520.0,7840.0,7480.0,7840.0,1019125
2024-04-24,7816.0,7840.0,7520.0,7640.0,1291750
2024-04-25,7752.0,7800.0,7616.0,7800.0,557500
2024-04-26,7712.0,7760.0,7592.0,7656.0,309625
2024-05-02,7528.0,7704.0,7520.0,7632.0,813000
2024-05-03,7632.0,7688.0,7528.0,7592.0,497500
2024-05-06,7760.0,7760.0,7680.0,7736.0,460750
2024-05-07,7880.0,7976.0,7768.0,7792.0,641375
2024-05-08,7888.0,7912.0,7760.0,7880.0,587875
2024-05-09,8000.0,8200.0,7848.0,7920.0,1377000
2024-05-10,7872.0,8160.0,7824.0,8160.0,606250
2024-05-13,7864.0,7960.0,7768.0,7960.0,889875
2024-05-14,7856.0,7864.0,7760.0,7864.0,466375
2024-05-15,7784.0,7904.0,7760.0,7832.0,929875
2024-05-16,7856.0,7912.0,7800.0,7808.0,673375
2024-05-17,7816.0,7864.0,7784.0,7864.0,886250
2024-05-20,8360.0,8360.0,7816.0,7816.0,3306250
2024-05-21,8320.0,8440.0,8160.0,8400.0,1344500
2024-05-22,8120.0,8440.0,8120.0,8320.0,1215500
2024-05-23,8200.0,8240.0,7960.0,8120.0,1001875
2024-05-24,8000.0,8200.0,7880.0,8120.0,1589500
2024-05-27,8160.0,8160.0,7936.0,8040.0,693000
2024-05-28,8280.0,8360.0,8040.0,8160.0,996125
2024-05-29,8440.0,8640.0,8200.0,8320.0,1807875
2024-05-30,8320.0,8400.0,8000.0,8280.0,1174750
2024-05-31,8200.0,8400.0,8160.0,8240.0,625125
2024-06-03,8280.0,8440.0,8200.0,8320.0,1120875
2024-06-04,8360.0,8440.0,8280.0,8280.0,797250
2024-06-05,8360.0,8720.0,8320.0,8360.0,1631250
2024-06-06,8400.0,8520.0,8360.0,8480.0,1739125
2024-06-07,8480.0,8560.0,8360.0,8480.0,696375
2024-06-10,8400.0,8560.0,8400.0,8520.0,902875
2024-06-11,8120.0,8440.0,8080.0,8360.0,1481125
2024-06-12,8360.0,8400.0,8080.0,8160.0,858500
2024-06-13,8360.0,8440.0,8200.0,8440.0,640125
2024-06-14,8520.0,8560.0,8280.0,8320.0,1876000
2024-06-17,9080.0,9080.0,8560.0,8560.0,4470250
2024-06-18,9120.0,9360.0,8960.0,9280.0,1139500
2024-06-19,8720.0,9240.0,8720.0,9240.0,1848000
2024-06-20,9320.0,9320.0,8720.0,8720.0,2669625
2024-06-21,9520.0,9800.0,9280.0,9520.0,1703625
2024-06-24,8880.0,9520.0,8880.0,9520.0,2419750
2024-06-25,9000.0,9080.0,8600.0,8840.0,1544500
2024-06-26,9160.0,9200.0,9000.0,9000.0,975500
2024-06-27,9080.0,9240.0,8960.0,9160.0,982750
2024-06-28,9080.0,9160.0,9040.0,9080.0,1371875
2024-07-01,9200.0,9240.0,9080.0,9080.0,541250
2024-07-02,9160.0,9320.0,9120.0,9200.0,521375
2024-07-03,9120.0,9200.0,8920.0,9160.0,1010875
2024-07-04,9360.0,9480.0,9160.0,9200.0,820500
2024-07-05,9160.0,9400.0,9120.0,9400.0,542750
2024-07-08,9120.0,9360.0,9040.0,9160.0,871750
2024-07-09,9280.0,9320.0,9080.0,9080.0,1136625
2024-07-10,9320.0,9360.0,9240.0,9360.0,685500
2024-07-11,9400.0,9480.0,9280.0,9360.0,568750
2024-07-12,9400.0,9480.0,9360.0,9400.0,597500
2024-07-15,9320.0,9760.0,9320.0,9400.0,1229750
2024-07-16,9120.0,9400.0,8920.0,9320.0,2347875
2024-07-17,8680.0,9200.0,8640.0,9000.0,1427000
2024-07-18,8800.0,8840.0,8600.0,8720.0,780250
2024-07-19,8520.0,8800.0,8440.0,8800.0,616000
2024-07-22,8040.0,8440.0,7936.0,8440.0,1646250
2024-07-23,7840.0,8200.0,7840.0,7944.0,655125
2024-07-24,8080.0,8160.0,7832.0,7840.0,623375
2024-07-25,8120.0,8200.0,8000.0,8080.0,532750
2024-07-26,8200.0,8200.0,8080.0,8120.0,202000
2024-07-29,8080.0,8240.0,8080.0,8200.0,310125
2024-07-30,8120.0,8200.0,8080.0,8160.0,528750
2024-07-31,8120.0,8160.0,8120.0,8160.0,361750
2024-08-01,7904.0,8120.0,7880.0,8120.0,494250
2024-08-02,7976.0,7984.0,7776.0,7800.0,506375
2024-08-05,7680.0,7920.0,7424.0,7920.0,1690375
2024-08-06,7696.0,7760.0,7680.0,7680.0,430875
2024-08-07,7696.0,7696.0,7560.0,7696.0,327750
2024-08-08,7680.0,7712.0,7592.0,7680.0,276750
2024-08-09,7720.0,7720.0,7600.0,7680.0,492625
2024-08-12,7712.0,7736.0,7680.0,7720.0,136375
2024-08-13,8120.0,8200.0,7728.0,7744.0,357875
2024-08-14,8000.0,8080.0,7952.0,8080.0,227000
2024-08-15,8000.0,8040.0,7976.0,8040.0,417875
2024-08-16,8200.0,8200.0,8040.0,8040.0,276375
2024-08-19,8120.0,8280.0,8080.0,8240.0,184875
2024-08-20,8240.0,8280.0,8120.0,8120.0,182500
2024-08-21,8200.0,8280.0,8160.0,8240.0,82250
2024-08-22,8160.0,8200.0,8120.0,8160.0,243000
2024-08-23,8480.0,8480.0,8160.0,8160.0,648875
2024-08-26,8400.0,8480.0,8400.0,8480.0,171000
2024-08-27,8400.0,8440.0,8240.0,8440.0,114125
2024-08-28,8360.0,8440.0,8320.0,8360.0,120250
2024-08-29,8400.0,8440.0,8360.0,8360.0,110625
2024-08-30,8320.0,8480.0,8240.0,8240.0,221125
2024-09-04,8240.0,8320.0,8200.0,8240.0,128375
2024-09-05,8080.0,8280.0,8080.0,8240.0,240500
2024-09-06,8080.0,8200.0,8000.0,8040.0,225000
2024-09-09,8120.0,8160.0,8080.0,8080.0,194750
2024-09-10,8120.0,8160.0,8000.0,8160.0,82000
2024-09-11,8160.0,8160.0,8040.0,8040.0,63875
2024-09-12,8120.0,8160.0,8080.0,8160.0,62375
2024-09-13,8120.0,8160.0,8080.0,8120.0,78250
2024-09-16,8120.0,8160.0,8080.0,8080.0,63750
2024-09-17,8160.0,8160.0,8080.0,8080.0,48250
2024-09-18,8200.0,8240.0,8080.0,8080.0,49750
2024-09-19,8280.0,8280.0,8200.0,8240.0,130625
2024-09-20,8320.0,8320.0,8240.0,8280.0,117375
2024-09-23,8200.0,8360.0,8200.0,8320.0,77000
2024-09-24,8240.0,8280.0,8080.0,8080.0,62000
2024-09-25,8320.0,8320.0,8240.0,8240.0,104250
2024-09-26,8320.0,8320.0,8200.0,8280.0,143125
2024-09-27,8160.0,8320.0,8160.0,8320.0,80000
2024-09-30,8120.0,8240.0,8080.0,8240.0,112500
2024-10-01,8200.0,8200.0,8080.0,8120.0,151375
2024-10-02,8200.0,8200.0,8080.0,8200.0,28000
2024-10-03,8080.0,8120.0,8080.0,8080.0,98125
2024-10-04,7984.0,8080.0,7984.0,8080.0,137500
2024-10-07,8080.0,8120.0,8000.0,8040.0,89000
2024-10-08,7992.0,7992.0,7920.0,7968.0,202125
2024-10-09,7936.0,7992.0,7936.0,7992.0,71750
2024-10-10,7880.0,7936.0,7880.0,7936.0,261750
2024-10-11,7944.0,7944.0,7840.0,7880.0,289125
2024-10-14,7904.0,7912.0,7840.0,7880.0,93500
2024-10-15,7816.0,7904.0,7800.0,7888.0,107875
2024-10-16,7816.0,7872.0,7720.0,7720.0,173875
2024-10-17,7800.0,7840.0,7776.0,7816.0,22750
2024-10-18,7888.0,7888.0,7776.0,7800.0,83125
2024-10-21,7784.0,7864.0,7768.0,7840.0,34250
2024-10-22,7512.0,7824.0,7504.0,7824.0,220625
2024-10-23,7320.0,7520.0,7280.0,7480.0,229000
2024-10-24,7344.0,7368.0,7256.0,7288.0,75750
2024-10-25,6952.0,7344.0,6880.0,7344.0,131500
2024-10-28,6896.0,6944.0,6752.0,6880.0,137875
2024-10-29,6960.0,6960.0,6880.0,6952.0,70250
2024-10-30,6960.0,7032.0,6944.0,6992.0,260000
2024-10-31,6960.0,6992.0,6944.0,6992.0,29625
2024-11-01,6944.0,6984.0,6880.0,6960.0,90375
2024-11-04,6880.0,6944.0,6800.0,6944.0,35500
2024-11-05,6832.0,6880.0,6792.0,6872.0,67375
2024-11-06,6856.0,6856.0,6768.0,6832.0,401125
2024-11-07,7008.0,7080.0,6856.0,6856.0,132625
2024-11-08,7008.0,7040.0,6984.0,7008.0,61625
2024-11-11,7056.0,7064.0,7008.0,7024.0,85375
2024-11-12,7040.0,7080.0,7000.0,7080.0,37375
2024-11-13,6992.0,7040.0,6984.0,7040.0,61875
2024-11-14,7000.0,7040.0,6960.0,6992.0,105000
2024-11-15,6912.0,7000.0,6912.0,7000.0,36500
2024-11-18,6864.0,7000.0,6856.0,6912.0,78875
2024-11-19,6912.0,6952.0,6848.0,6952.0,21875
2024-11-20,6928.0,6928.0,6840.0,6912.0,21750
2024-11-21,6888.0,6960.0,6880.0,6960.0,72500
2024-11-22,6872.0,6944.0,6872.0,6944.0,27000
2024-11-25,6880.0,6880.0,6848.0,6880.0,27875
2024-11-26,6928.0,6952.0,6864.0,6912.0,61000
2024-11-27,6896.0,6920.0,6872.0,6920.0,20500
2024-11-28,6872.0,6928.0,6872.0,6928.0,19250
2024-11-29,6880.0,6904.0,6848.0,6880.0,41625
2024-12-02,6880.0,6920.0,6848.0,6848.0,40000
2024-12-03,6864.0,6960.0,6864.0,6960.0,40125
2024-12-04,6856.0,6880.0,6824.0,6848.0,66625
2024-12-05,6896.0,6904.0,6808.0,6808.0,59000
2024-12-06,6896.0,6896.0,6848.0,6872.0,21375
2024-12-09,7376.0,7376.0,6904.0,6904.0,345375
2024-12-10,7600.0,7856.0,7560.0,7856.0,131875
2024-12-11,7392.0,7600.0,7360.0,7600.0,83125
2024-12-12,7432.0,7504.0,7280.0,7504.0,98500
2024-12-13,7200.0,7400.0,7048.0,7328.0,67250
2024-12-16,7160.0,7200.0,7088.0,7200.0,42875
2024-12-17,7120.0,7160.0,7112.0,7160.0,26125
2024-12-18,7184.0,7184.0,7112.0,7120.0,40250
2024-12-19,7096.0,7120.0,7072.0,7120.0,60375
2024-12-20,7144.0,7144.0,7072.0,7096.0,69000
2024-12-23,7184.0,7184.0,7080.0,7152.0,52500
2024-12-24,7136.0,7152.0,7080.0,7128.0,25875
2024-12-25,7232.0,7272.0,7136.0,7136.0,76875
2024-12-26,7232.0,7248.0,7152.0,7248.0,46875
2024-12-27,7144.0,7240.0,7144.0,7240.0,40125
2024-12-30,7192.0,7328.0,7072.0,7328.0,7875
2024-12-31,7072.0,7184.0,7072.0,7104.0,45500
2025-01-02,7144.0,7144.0,7072.0,7072.0,53000
2025-01-03,7040.0,7144.0,7040.0,7144.0,67250
2025-01-06,7080.0,7088.0,7008.0,7080.0,14750
2025-01-07,7080.0,7096.0,6992.0,7096.0,27625
2025-01-08,7064.0,7080.0,6928.0,7032.0,60375
2025-01-09,7064.0,7064.0,7000.0,7040.0,37250
2025-01-10,6984.0,7064.0,6984.0,7064.0,14250
2025-01-13,6968.0,6976.0,6928.0,6976.0,40250
2025-01-14,6880.0,6960.0,6880.0,6960.0,11375
2025-01-15,6912.0,6912.0,6816.0,6816.0,9125
2025-01-16,6912.0,6936.0,6864.0,6912.0,27500
2025-01-17,6856.0,6920.0,6824.0,6856.0,40375
2025-01-20,6840.0,6960.0,6832.0,6832.0,20875
2025-01-21,6872.0,6872.0,6816.0,6840.0,52375
2025-01-22,6752.0,6808.0,6696.0,6808.0,94500
2025-01-23,6736.0,6752.0,6640.0,6664.0,14000
2025-01-24,6584.0,6728.0,6552.0,6648.0,126625
2025-02-03,6608.0,6640.0,6560.0,6640.0,14000
2025-02-04,6600.0,6632.0,6480.0,6608.0,31375
2025-02-05,6536.0,6608.0,6480.0,6560.0,98625
2025-02-06,6528.0,6560.0,6448.0,6528.0,85000
2025-02-07,6560.0,6560.0,6488.0,6528.0,88500
2025-02-10,6448.0,6560.0,6440.0,6560.0,49250
2025-02-11,6464.0,6504.0,6400.0,6448.0,54000
2025-02-12,6464.0,6480.0,6432.0,6472.0,17500
2025-02-13,6448.0,6464.0,6400.0,6464.0,46875
2025-02-14,6448.0,6472.0,6424.0,6464.0,64125
2025-02-17,6464.0,6552.0,6440.0,6440.0,97750
2025-02-18,6528.0,6528.0,6464.0,6464.0,52125
2025-02-19,6640.0,6760.0,6544.0,6544.0,144000
2025-02-20,6640.0,6680.0,6600.0,6640.0,100625
2025-02-21,6640.0,6712.0,6600.0,6640.0,43375
2025-02-24,6600.0,6640.0,6208.0,6632.0,67750
2025-02-25,6568.0,6600.0,6480.0,6600.0,76500
2025-02-26,6560.0,6560.0,6480.0,6560.0,161000
2025-02-27,6544.0,6560.0,6488.0,6560.0,46625
2025-02-28,6536.0,6544.0,6512.0,6544.0,42875
2025-03-03,6512.0,6552.0,6440.0,6544.0,116875
2025-03-04,6512.0,6512.0,6408.0,6448.0,78625
2025-03-05,6416.0,6504.0,6416.0,6504.0,97125
2025-03-06,6416.0,6432.0,6400.0,6424.0,71875
2025-03-07,6400.0,6480.0,6400.0,6440.0,69000
2025-03-10,6424.0,6432.0,6320.0,6400.0,70750
2025-03-11,6424.0,6424.0,6288.0,6384.0,268250
2025-03-12,6400.0,6400.0,6336.0,6400.0,91250
2025-03-13,6320.0,6400.0,6320.0,6400.0,117500
2025-03-14,6312.0,6320.0,6240.0,6320.0,112625
2025-03-17,6312.0,6352.0,6248.0,6352.0,40875
2025-03-18,6320.0,6320.0,6304.0,6320.0,39750
2025-03-19,6304.0,6320.0,6240.0,6288.0,28500
2025-03-20,6312.0,6312.0,6216.0,6304.0,100625
2025-03-21,6280.0,6280.0,6200.0,6256.0,56125
2025-03-24,6264.0,6264.0,6160.0,6224.0,50750
2025-03-25,6240.0,6240.0,6192.0,6200.0,47500
2025-03-26,6240.0,6264.0,6224.0,6240.0,15250
2025-03-27,6240.0,6280.0,6200.0,6272.0,17500
2025-03-28,6240.0,6240.0,6160.0,6160.0,40250
2025-03-31,6240.0,6264.0,6160.0,6168.0,126750
2025-04-01,6416.0,6464.0,6256.0,6256.0,219125
2025-04-02,6416.0,6464.0,6312.0,6464.0,131625
2025-04-03,5968.0,6168.0,5968.0,6024.0,190500
2025-04-04,5680.0,5680.0,5552.0,5552.0,690625
2025-04-08,5288.0,5672.0,5288.0,5672.0,190875
2025-04-09,4928.0,4984.0,4920.0,4920.0,426125
2025-04-10,5272.0,5272.0,5272.0,5272.0,46750
2025-04-11,5552.0,5632.0,5320.0,5632.0,100125
2025-04-14,5552.0,5552.0,5440.0,5552.0,84875
2025-04-15,5520.0,5600.0,5456.0,5600.0,41875
2025-04-16,5488.0,5536.0,5440.0,5456.0,86000
2025-04-17,5504.0,5512.0,5488.0,5496.0,10875
2025-04-18,5584.0,5584.0,5512.0,5512.0,174875
2025-04-21,5568.0,5592.0,5520.0,5592.0,30000
2025-04-22,5440.0,5568.0,5240.0,5392.0,56375
2025-04-23,5600.0,5632.0,5440.0,5440.0,80250
2025-04-24,5592.0,5640.0,5512.0,5640.0,30500
2025-04-25,5520.0,5600.0,5472.0,5520.0,31000
2025-04-28,5512.0,5592.0,5456.0,5520.0,20000
2025-04-29,5520.0,5520.0,5368.0,5440.0,24625
2025-05-05,5576.0,5600.0,5440.0,5456.0,63377
2025-05-06,5520.0,5600.0,5520.0,5576.0,40261
2025-05-07,5512.0,5552.0,5480.0,5520.0,46152
2025-05-08,5552.0,5552.0,5488.0,5520.0,96390
2025-05-09,5528.0,5560.0,5512.0,5552.0,50022
2025-05-12,5528.0,5528.0,5496.0,5528.0,52778
2025-05-13,5520.0,5568.0,5520.0,5528.0,116751
2025-05-14,5560.0,5576.0,5520.0,5536.0,151271
2025-05-15,5560.0,5600.0,5552.0,5560.0,126758
2025-05-16,5560.0,5584.0,5544.0,5560.0,34462
2025-05-19,5536.0,5568.0,5488.0,5560.0,102015
2025-05-20,5544.0,5552.0,5512.0,5520.0,300258
2025-05-21,5512.0,5536.0,5504.0,5528.0,103937
2025-05-22,5520.0,5528.0,5456.0,5456.0,89772
2025-05-23,5440.0,5520.0,5392.0,5520.0,91362
2025-05-26,5704.0,5736.0,5400.0,5432.0,301451
2025-05-27,5760.0,5776.0,5600.0,5704.0,169185
2025-05-28,5776.0,5800.0,5616.0,5616.0,136837
2025-05-29,5784.0,5792.0,5656.0,5656.0,65052
2025-05-30,5784.0,5824.0,5664.0,5760.0,23905
2025-06-02,5792.0,5824.0,5696.0,5800.0,53976
2025-06-03,5800.0,5824.0,5776.0,5792.0,104511
2025-06-04,5776.0,5808.0,5744.0,5800.0,146776
2025-06-05,5776.0,5816.0,5720.0,5776.0,65001
2025-06-06,5760.0,5768.0,5680.0,5768.0,63502
2025-06-09,5648.0,5768.0,5648.0,5760.0,47883
2025-06-10,5760.0,5784.0,5648.0,5784.0,135126
2025-06-11,5728.0,5752.0,5720.0,5752.0,34126
2025-06-12,5768.0,5800.0,5744.0,5760.0,29876
2025-06-13,5744.0,5752.0,5640.0,5752.0,131446
2025-06-16,5760.0,5792.0,5720.0,5736.0,28262
2025-06-17,5760.0,5784.0,5720.0,5728.0,44295
2025-06-18,5768.0,5784.0,5736.0,5776.0,15152
2025-06-19,5760.0,5768.0,5720.0,5728.0,13781
2025-06-20,5736.0,5752.0,5688.0,5728.0,39423
2025-06-23,5752.0,5752.0,5696.0,5696.0,25746
2025-06-24,5752.0,5760.0,5688.0,5688.0,63673
2025-06-25,5752.0,5752.0,5720.0,5752.0,20937
2025-06-26,5760.0,5760.0,5688.0,5752.0,43303
2025-06-27,5752.0,5760.0,5720.0,5728.0,11698
2025-06-30,5744.0,5744.0,5712.0,5744.0,30642
2025-07-01,5760.0,5760.0,5704.0,5728.0,48308
2025-07-02,6160.0,6160.0,5760.0,5760.0,220641
2025-07-03,6352.0,6400.0,6288.0,6400.0,185980
2025-07-04,6160.0,6400.0,6000.0,6400.0,148266
2025-07-07,6152.0,6160.0,6040.0,6128.0,115163
2025-07-08,6144.0,6160.0,6080.0,6152.0,66932
2025-07-09,6240.0,6360.0,6120.0,6120.0,102425
2025-07-10,6280.0,6320.0,6128.0,6168.0,39035
2025-07-11,6248.0,6280.0,6160.0,6280.0,14128
2025-07-14,6224.0,6232.0,6120.0,6160.0,32160
2025-07-15,6200.0,6240.0,6160.0,6240.0,97851
2025-07-16,6312.0,6344.0,6176.0,6232.0,177086
2025-07-17,6280.0,6352.0,6184.0,6312.0,120265
2025-07-18,6280.0,6352.0,6240.0,6352.0,72213
2025-07-21,6240.0,6248.0,6160.0,6176.0,74168
2025-07-22,6208.0,6240.0,6080.0,6240.0,45660
2025-07-23,6200.0,6208.0,6080.0,6208.0,77668
2025-07-24,6152.0,6200.0,6080.0,6200.0,199097
2025-07-25,6128.0,6144.0,6080.0,6088.0,165037
2025-07-28,6200.0,6280.0,6080.0,6128.0,302362
2025-07-29,6080.0,6200.0,6080.0,6152.0,169188
2025-07-30,6160.0,6216.0,6080.0,6080.0,64928
2025-07-31,6104.0,6176.0,6080.0,6176.0,97521
2025-08-01,6120.0,6144.0,6072.0,6128.0,160522
2025-08-04,6160.0,6192.0,6040.0,6040.0,79210
2025-08-05,6112.0,6200.0,6096.0,6160.0,195751
2025-08-06,6096.0,6104.0,6048.0,6104.0,95085
2025-08-07,6152.0,6192.0,6088.0,6096.0,129815
2025-08-08,6104.0,6152.0,6104.0,6144.0,71406
2025-08-11,6144.0,6176.0,6104.0,6120.0,76875
2025-08-12,6160.0,6184.0,6080.0,6128.0,181618
2025-08-13,6144.0,6200.0,6136.0,6192.0,215057
2025-08-14,6304.0,6560.0,6144.0,6176.0,229876
2025-08-15,6160.0,6384.0,6136.0,6384.0,152885
2025-08-18,6208.0,6376.0,6144.0,6160.0,205435
2025-08-19,6160.0,6248.0,6152.0,6240.0,105148
2025-08-20,6048.0,6168.0,6040.0,6168.0,134338
2025-08-21,6008.0,6112.0,6000.0,6048.0,64607
2025-08-22,5864.0,6008.0,5864.0,6008.0,121113
2025-08-25,5912.0,6000.0,5864.0,6000.0,17878
2025-08-26,5920.0,5920.0,5832.0,5848.0,41875
2025-08-27,6328.0,6328.0,5936.0,5936.0,788841
2025-08-28,6768.0,6768.0,6496.0,6768.0,709096
2025-08-29,6640.0,6840.0,6496.0,6840.0,170890
2025-09-03,6640.0,6656.0,6496.0,6640.0,240683
2025-09-04,6728.0,6768.0,6520.0,6648.0,380231
2025-09-05,6664.0,6720.0,6608.0,6720.0,288972
2025-09-08,6576.0,6640.0,6512.0,6640.0,67333
2025-09-09,6600.0,6640.0,6528.0,6640.0,54688
2025-09-10,6608.0,6616.0,6560.0,6608.0,54522
2025-09-11,6504.0,6608.0,6440.0,6608.0,98771
2025-09-12,6640.0,6648.0,6560.0,6592.0,164286
2025-09-15,6736.0,6760.0,6640.0,6648.0,114842
2025-09-16,6640.0,6768.0,6640.0,6736.0,45253
2025-09-17,6712.0,6720.0,6640.0,6720.0,278505
2025-09-18,6704.0,6752.0,6648.0,6752.0,21460
2025-09-19,6704.0,6720.0,6680.0,6712.0,26750
2025-09-22,6616.0,6704.0,6560.0,6704.0,29433
2025-09-23,6560.0,6640.0,6520.0,6640.0,61276
2025-09-24,6592.0,6616.0,6528.0,6616.0,54626
2025-09-25,6608.0,6624.0,6560.0,6624.0,17005
2025-09-26,6624.0,6624.0,6600.0,6624.0,52318
2025-09-29,6560.0,6640.0,6496.0,6632.0,75873
2025-09-30,6576.0,6600.0,6512.0,6560.0,8738
2025-10-01,6576.0,6584.0,6512.0,6576.0,10000
2025-10-02,6592.0,6592.0,6544.0,6592.0,3520
2025-10-03,6576.0,6576.0,6448.0,6568.0,9300
2025-10-06,6592.0,6592.0,6480.0,6480.0,70818
2025-10-07,6592.0,6592.0,6504.0,6504.0,30035
2025-10-08,6592.0,6608.0,6544.0,6592.0,7541
2025-10-09,6584.0,6592.0,6504.0,6528.0,36941
2025-10-10,6560.0,6576.0,6520.0,6576.0,25625
2025-10-13,6560.0,6560.0,6512.0,6520.0,46202
2025-10-14,6568.0,6568.0,6496.0,6560.0,43890
2025-10-15,6544.0,6568.0,6336.0,6568.0,38890
2025-10-16,6552.0,6552.0,6504.0,6544.0,54733
2025-10-17,6520.0,6528.0,6480.0,6504.0,28043
2025-10-20,6240.0,6528.0,6240.0,6344.0,17888
2025-10-21,6136.0,6320.0,5880.0,5880.0,16423
2025-10-22,6392.0,6400.0,5864.0,6080.0,175318
2025-10-23,6360.0,6360.0,6000.0,6008.0,16502
2025-10-24,6360.0,6360.0,6080.0,6360.0,13815
2025-10-27,6352.0,6352.0,6080.0,6352.0,5163
2025-10-28,6352.0,6352.0,6304.0,6352.0,19943
2025-10-29,6328.0,6336.0,6120.0,6336.0,39031
2025-10-30,6320.0,6320.0,6240.0,6240.0,6818
2025-10-31,6296.0,6312.0,6080.0,6240.0,9778
2025-11-03,6240.0,6296.0,6104.0,6296.0,11628
2025-11-04,6208.0,6232.0,6080.0,6232.0,12008
2025-11-05,6208.0,6216.0,6008.0,6008.0,10387
2025-11-06,6232.0,6304.0,6232.0,6304.0,8588
2025-11-07,6040.0,6224.0,6040.0,6088.0,13526
2025-11-10,6104.0,6120.0,6040.0,6040.0,15528
2025-11-11,6160.0,6160.0,6040.0,6056.0,12000
2025-11-12,6232.0,6232.0,6008.0,6080.0,17000
2025-11-13,6320.0,6352.0,6232.0,6232.0,43760
2025-11-14,6272.0,6312.0,6240.0,6240.0,1432
2025-11-17,6240.0,6272.0,6240.0,6248.0,3012
2025-11-18,6232.0,6232.0,6112.0,6112.0,11333
2025-11-19,6232.0,6232.0,6080.0,6112.0,59021
2025-11-20,6240.0,6240.0,6008.0,6232.0,18752
2025-11-21,6192.0,6192.0,6080.0,6096.0,3778
2025-11-24,6192.0,6192.0,6088.0,6088.0,6875
2025-11-25,6184.0,6184.0,6112.0,6112.0,6191
2025-11-26,6192.0,6192.0,6080.0,6168.0,63875
2025-11-27,6240.0,6368.0,6128.0,6368.0,8387
2025-11-28,6240.0,6280.0,6200.0,6280.0,3711
2025-12-01,6248.0,6312.0,6200.0,6312.0,14038
2025-12-02,6240.0,6240.0,6120.0,6128.0,2172
2025-12-03,6216.0,6240.0,6160.0,6240.0,18963
2025-12-04,6224.0,6224.0,6160.0,6168.0,13443
2025-12-05,6240.0,6240.0,6160.0,6240.0,12512
2025-12-08,6192.0,6240.0,6152.0,6176.0,9500
2025-12-09,6176.0,6216.0,6128.0,6216.0,4483
2025-12-10,6192.0,6200.0,6144.0,6176.0,6516
2025-12-11,6192.0,6192.0,6160.0,6184.0,3626
2025-12-12,6192.0,6232.0,6016.0,6232.0,19597
2025-12-15,6160.0,6160.0,6040.0,6040.0,7987
2025-12-16,6160.0,6160.0,6008.0,6080.0,22876
2025-12-17,6160.0,6160.0,6048.0,6048.0,3875
2025-12-18,6064.0,6120.0,6008.0,6080.0,13876
2025-12-19,6080.0,6080.0,6080.0,6080.0,325
2025-12-22,6056.0,6080.0,6000.0,6080.0,9046
2025-12-23,6080.0,6160.0,5680.0,6064.0,11125
2025-12-24,6080.0,6096.0,5808.0,6072.0,13876
2025-12-25,6064.0,6064.0,5920.0,6016.0,1887
2025-12-26,6080.0,6144.0,5920.0,5920.0,9500
2025-12-29,6080.0,6080.0,5920.0,6080.0,29875
2025-12-30,6080.0,6080.0,6000.0,6000.0,5500
2025-12-31,6064.0,6064.0,5936.0,5960.0,6375
2026-01-05,6056.0,6056.0,5840.0,6000.0,4585
2026-01-06,5864.0,5992.0,5840.0,5880.0,51500
2026-01-07,5920.0,6024.0,5872.0,5872.0,18000
2026-01-08,6000.0,6016.0,5920.0,5920.0,107887
2026-01-09,6000.0,6000.0,5888.0,5992.0,61176
2026-01-12,6016.0,6016.0,5856.0,5856.0,61627
2026-01-13,6040.0,6040.0,5928.0,5944.0,38781
2026-01-14,6040.0,6048.0,6000.0,6000.0,53698
2026-01-15,6032.0,6064.0,5960.0,6040.0,68367
2026-01-16,6024.0,6032.0,5984.0,6032.0,117463
2026-01-19,6056.0,6064.0,6000.0,6024.0,82675
2026-01-20,6000.0,6072.0,6000.0,6048.0,49753
2026-01-21,5984.0,6016.0,5976.0,6008.0,189500
2026-01-22,6040.0,6056.0,6024.0,6040.0,60626
2026-01-23,6104.0,6104.0,6040.0,6040.0,94565
2026-01-26,6040.0,6104.0,6040.0,6104.0,66056
2026-01-27,6120.0,6136.0,6080.0,6080.0,34288
2026-01-28,6176.0,6184.0,6120.0,6120.0,29750
2026-01-29,6184.0,6192.0,6160.0,6176.0,40125
2026-01-30,6192.0,6192.0,6152.0,6176.0,20783
2026-02-02,6192.0,6192.0,6160.0,6192.0,24801
2026-02-03,6216.0,6216.0,6160.0,6192.0,42668
2026-02-04,6240.0,6248.0,6192.0,6216.0,36130
2026-02-05,6184.0,6240.0,6160.0,6224.0,62238
2026-02-06,6160.0,6216.0,6160.0,6216.0,47980
2026-02-09,6176.0,6208.0,6160.0,6168.0,29897
2026-02-10,6224.0,6232.0,6176.0,6176.0,32881
2026-02-11,6320.0,6320.0,6240.0,6240.0,37333
2026-02-12,6320.0,6360.0,6256.0,6360.0,28451
2026-02-13,6400.0,6440.0,6344.0,6344.0,17195
2026-02-23,6536.0,6560.0,6400.0,6480.0,68776
2026-02-24,6576.0,6608.0,6520.0,6520.0,44485
2026-02-25,6576.0,6616.0,6528.0,6576.0,43410
2026-02-26,6600.0,6608.0,6560.0,6576.0,31268
2026-02-27,6624.0,6640.0,6560.0,6640.0,23162
2026-03-02,6624.0,6624.0,6560.0,6624.0,55425
2026-03-03,6600.0,6616.0,6560.0,6560.0,37217
2026-03-04,6600.0,6640.0,6440.0,6600.0,116226
2026-03-05,6536.0,6632.0,6536.0,6632.0,51631
2026-03-06,6504.0,6528.0,6400.0,6496.0,64397
2026-03-09,6120.0,6320.0,6064.0,6320.0,18648
2026-03-10,6320.0,6352.0,5760.0,5760.0,40415
2026-03-11,6384.0,6392.0,6320.0,6320.0,7126
2026-03-12,6384.0,6384.0,6280.0,6384.0,24500
2026-03-13,6280.0,6384.0,6280.0,6320.0,49120
2026-03-16,6344.0,6368.0,6280.0,6320.0,19206
2026-03-17,6344.0,6360.0,6280.0,6320.0,11387
2026-03-18,6344.0,6392.0,6280.0,6392.0,16493
2026-03-19,6344.0,6344.0,6344.0,6344.0,140
2026-03-20,6344.0,6344.0,6240.0,6344.0,7512
2026-03-23,6344.0,6344.0,6008.0,6008.0,9175
2026-03-24,6320.0,6352.0,6160.0,6160.0,18273
2026-03-25,6320.0,6352.0,6080.0,6352.0,13430
2026-03-26,6160.0,6328.0,6152.0,6152.0,3500
2026-03-27,6384.0,6384.0,6160.0,6240.0,11710
2026-03-30,6336.0,6360.0,6320.0,6360.0,1635
2026-03-31,6352.0,6352.0,6240.0,6320.0,9382
2026-04-01,6288.0,6360.0,6240.0,6360.0,20125
2026-04-02,6320.0,6320.0,6128.0,6264.0,6057
2026-04-03,6208.0,6304.0,6168.0,6168.0,19250
2026-04-06,6224.0,6224.0,6208.0,6216.0,9137
2026-04-07,6224.0,6224.0,6160.0,6208.0,10905
2026-04-08,6320.0,6624.0,6320.0,6624.0,13875
2026-04-09,6360.0,6384.0,6360.0,6384.0,9625
2026-04-10,6384.0,6400.0,6256.0,6400.0,7955
2026-04-13,6368.0,6392.0,6088.0,6384.0,8420
2026-04-14,6360.0,6376.0,6336.0,6376.0,3751
2026-04-15,6480.0,6560.0,6368.0,6400.0,274666
2026-04-16,6488.0,6520.0,6472.0,6512.0,41600
2026-04-17,6456.0,6520.0,6408.0,6512.0,21512
2026-04-20,6440.0,6440.0,6400.0,6432.0,47280
2026-04-21,6400.0,6432.0,6296.0,6320.0,40002
2026-04-22,6384.0,6400.0,6288.0,6400.0,18910
2026-04-23,6344.0,6416.0,6304.0,6416.0,14151
2026-04-24,6392.0,6392.0,6240.0,6296.0,34481
2026-04-28,6296.0,6304.0,6080.0,6248.0,462257
2026-04-29,6432.0,6440.0,6288.0,6296.0,86256
2026-05-04,6400.0,6400.0,6392.0,6400.0,5892
2026-05-05,6280.0,6400.0,6240.0,6400.0,253125
2026-05-06,6392.0,6392.0,6240.0,6320.0,26023
2026-05-07,6384.0,6424.0,6256.0,6408.0,10300
2026-05-08,6360.0,6376.0,6272.0,6376.0,6363
2026-05-11,6360.0,6360.0,6248.0,6360.0,9051
2026-05-12,6360.0,6368.0,6272.0,6368.0,8810
2026-05-13,6304.0,6384.0,6256.0,6360.0,48138
2026-05-14,6320.0,6320.0,6248.0,6296.0,8875
2026-05-15,6320.0,6320.0,6200.0,6240.0,42717
2026-05-18,6320.0,6320.0,6256.0,6320.0,5875
2026-05-19,6320.0,6320.0,6256.0,6320.0,9875
2026-05-20,6296.0,6328.0,6160.0,6328.0,57875
2026-05-21,6280.0,6304.0,6240.0,6296.0,156992
2026-05-22,6440.0,6440.0,6232.0,6272.0,105993
2026-05-25,6590.0,6590.0,6440.0,6490.0,205633
2026-05-26,6720.0,6750.0,6590.0,6600.0,303000
2026-05-27,6600.0,6720.0,6500.0,6720.0,35900
