Price,Close,High,Low,Open,Volume
Ticker,HHP.VN,HHP.VN,HHP.VN,HHP.VN,HHP.VN
Date,,,,,
2018-08-08,10798.03125,11517.900390625,9070.3466796875,11517.900390625,1593623
2018-08-09,9790.2158203125,11085.9794921875,9790.2158203125,10870.0185546875,664424
2018-08-10,8998.359375,9790.2158203125,8854.3857421875,9214.3203125,344922
2018-08-13,8278.4912109375,8494.451171875,8134.51708984375,8206.50390625,358674
2018-08-14,7846.56982421875,8350.4775390625,7702.595703125,7702.595703125,155305
2018-08-15,7558.6220703125,7918.556640625,7486.63525390625,7558.6220703125,166001
2018-08-16,7702.595703125,7702.595703125,7342.66162109375,7630.60888671875,105434
2018-08-17,7774.5830078125,7774.5830078125,7558.6220703125,7702.595703125,115992
2018-08-20,7918.556640625,8062.5302734375,7702.595703125,8062.5302734375,148220
2018-08-21,7918.556640625,8062.5302734375,7846.56982421875,7846.56982421875,146831
2018-08-22,8062.5302734375,8062.5302734375,7630.60888671875,8062.5302734375,142663
2018-08-23,7846.56982421875,8062.5302734375,7846.56982421875,7918.556640625,145164
2018-08-24,7702.595703125,7846.56982421875,7702.595703125,7846.56982421875,148220
2018-08-27,7990.54345703125,7990.54345703125,7702.595703125,7846.56982421875,147525
2018-08-28,8062.5302734375,8062.5302734375,7918.556640625,7918.556640625,132523
2018-08-29,7918.556640625,8062.5302734375,7918.556640625,8062.5302734375,126689
2018-08-30,8062.5302734375,8062.5302734375,7846.56982421875,7918.556640625,105296
2018-08-31,7990.54345703125,8206.50390625,7918.556640625,7990.54345703125,75706
2018-09-04,8350.4775390625,8422.46484375,7846.56982421875,7918.556640625,708877
2018-09-05,9142.3330078125,9142.3330078125,8206.50390625,8206.50390625,1048523
2018-09-06,9862.2021484375,10006.17578125,9142.3330078125,9358.2939453125,899190
2018-09-07,9214.3203125,10078.1630859375,9214.3203125,10006.17578125,560379
2018-09-10,8566.4384765625,9214.3203125,8566.4384765625,9214.3203125,248933
2018-09-11,8638.42578125,8710.412109375,8134.51708984375,8422.46484375,194756
2018-09-12,8350.4775390625,8638.42578125,8134.51708984375,8638.42578125,192533
2018-09-13,8206.50390625,8422.46484375,8134.51708984375,8422.46484375,354647
2018-09-14,8134.51708984375,8278.4912109375,7990.54345703125,8134.51708984375,222122
2018-09-17,8566.4384765625,8566.4384765625,8206.50390625,8206.50390625,111130
2018-09-18,8278.4912109375,8710.412109375,8278.4912109375,8566.4384765625,106823
2018-09-19,8350.4775390625,8350.4775390625,8134.51708984375,8350.4775390625,155166
2018-09-20,8350.4775390625,8638.42578125,8062.5302734375,8566.4384765625,184754
2018-09-21,8278.4912109375,8566.4384765625,8134.51708984375,8422.46484375,147109
2018-09-24,8494.451171875,8566.4384765625,8134.51708984375,8206.50390625,272548
2018-09-25,8566.4384765625,8566.4384765625,8422.46484375,8566.4384765625,80569
2018-09-26,8782.3994140625,8854.3857421875,8494.451171875,8494.451171875,105990
2018-09-27,8854.3857421875,8854.3857421875,8638.42578125,8782.3994140625,134884
2018-09-28,8926.373046875,9142.3330078125,8782.3994140625,8998.359375,87375
2018-10-01,8998.359375,8998.359375,8710.412109375,8926.373046875,87097
2018-10-02,8998.359375,9142.3330078125,8782.3994140625,8854.3857421875,368538
2018-10-03,8926.373046875,9070.3466796875,8854.3857421875,8926.373046875,135856
2018-10-04,9214.3203125,9430.28125,8782.3994140625,8926.373046875,477168
2018-10-05,9142.3330078125,9358.2939453125,9070.3466796875,9214.3203125,91682
2018-10-08,9358.2939453125,9358.2939453125,9070.3466796875,9070.3466796875,97516
2018-10-09,9358.2939453125,9430.28125,9070.3466796875,9214.3203125,130440
2018-10-10,9358.2939453125,9358.2939453125,9286.3076171875,9286.3076171875,61954
2018-10-11,9358.2939453125,9358.2939453125,8926.373046875,9142.3330078125,83764
2018-10-12,9430.28125,9430.28125,9214.3203125,9214.3203125,87237
2018-10-15,9430.28125,9430.28125,9214.3203125,9358.2939453125,53480
2018-10-16,10078.1630859375,10078.1630859375,9430.28125,9430.28125,170723
2018-10-17,10582.0712890625,10582.0712890625,9862.2021484375,9934.189453125,293246
2018-10-18,10222.13671875,10654.0576171875,10222.13671875,10510.083984375,89042
2018-10-19,9934.189453125,10294.123046875,9862.2021484375,10222.13671875,61537
2018-10-22,9934.189453125,9934.189453125,9646.2412109375,9718.228515625,90848
2018-10-23,10078.1630859375,10078.1630859375,9862.2021484375,9862.2021484375,95711
2018-10-24,10150.1494140625,10150.1494140625,9934.189453125,10006.17578125,125299
2018-10-25,10150.1494140625,10222.13671875,10006.17578125,10078.1630859375,72651
2018-10-26,10006.17578125,10366.1103515625,9934.189453125,10150.1494140625,104601
2018-10-29,10006.17578125,10078.1630859375,9934.189453125,10006.17578125,49453
2018-10-30,10942.005859375,10942.005859375,9862.2021484375,9934.189453125,999348
2018-10-31,11661.8740234375,11805.84765625,10654.0576171875,10942.005859375,710266
2018-11-01,11157.9658203125,12021.80859375,11157.9658203125,11661.8740234375,442718
2018-11-02,10438.09765625,11085.9794921875,10222.13671875,10942.005859375,124187
2018-11-05,10294.123046875,10582.0712890625,9430.28125,9430.28125,53202
2018-11-06,10582.0712890625,10582.0712890625,10294.123046875,10510.083984375,70706
2018-11-07,11445.9130859375,11445.9130859375,10438.09765625,10582.0712890625,835290
2018-11-08,11445.9130859375,11517.900390625,11301.939453125,11373.9267578125,53341
2018-11-09,11013.9921875,11445.9130859375,11013.9921875,11157.9658203125,87375
2018-11-12,10942.005859375,11085.9794921875,10726.044921875,11013.9921875,65705
2018-11-13,10942.005859375,11085.9794921875,10870.0185546875,10942.005859375,211843
2018-11-14,11157.9658203125,11157.9658203125,10798.03125,10798.03125,132939
2018-11-15,10942.005859375,11157.9658203125,10870.0185546875,11013.9921875,47785
2018-11-16,10942.005859375,11085.9794921875,10870.0185546875,11085.9794921875,66122
2018-11-19,10942.005859375,11157.9658203125,10798.03125,10942.005859375,135578
2018-11-20,10870.0185546875,10870.0185546875,10870.0185546875,10870.0185546875,33477
2018-11-21,10726.044921875,11085.9794921875,10726.044921875,11013.9921875,172669
2018-11-22,10798.03125,10942.005859375,10726.044921875,10798.03125,148359
2018-11-23,10942.005859375,11085.9794921875,10798.03125,11013.9921875,187255
2018-11-26,11013.9921875,11013.9921875,10798.03125,11013.9921875,54453
2018-11-27,10798.03125,11013.9921875,10798.03125,10798.03125,48341
2018-11-28,10870.0185546875,10942.005859375,10798.03125,10870.0185546875,67094
2018-11-29,10870.0185546875,11085.9794921875,10870.0185546875,11013.9921875,78485
2018-11-30,10870.0185546875,10942.005859375,10798.03125,10798.03125,85847
2018-12-03,10942.005859375,11013.9921875,10870.0185546875,10870.0185546875,52508
2018-12-04,10942.005859375,11013.9921875,10798.03125,10798.03125,64176
2018-12-05,11085.9794921875,11085.9794921875,10870.0185546875,10942.005859375,67233
2018-12-06,11013.9921875,11085.9794921875,10870.0185546875,11013.9921875,34867
2018-12-07,11013.9921875,11013.9921875,10870.0185546875,10942.005859375,96266
2018-12-10,11013.9921875,11013.9921875,10726.044921875,10942.005859375,84736
2018-12-11,10942.005859375,11085.9794921875,10870.0185546875,10870.0185546875,49868
2018-12-12,10942.005859375,11085.9794921875,10870.0185546875,10870.0185546875,40701
2018-12-13,10942.005859375,11013.9921875,10942.005859375,11013.9921875,63066
2018-12-14,10942.005859375,11013.9921875,10870.0185546875,10870.0185546875,32365
2018-12-17,10942.005859375,11157.9658203125,10942.005859375,10942.005859375,32643
2018-12-18,10870.0185546875,11013.9921875,10798.03125,11013.9921875,71678
2018-12-19,11517.900390625,11589.8876953125,10798.03125,10942.005859375,528706
2018-12-20,11661.8740234375,11733.861328125,11373.9267578125,11373.9267578125,338532
2018-12-21,11445.9130859375,11733.861328125,11373.9267578125,11517.900390625,302275
2018-12-24,11085.9794921875,11373.9267578125,11085.9794921875,11301.939453125,79457
2018-12-25,10798.03125,10942.005859375,10798.03125,10942.005859375,45980
2018-12-26,10870.0185546875,11157.9658203125,10798.03125,11157.9658203125,59732
2018-12-27,10942.005859375,11013.9921875,10870.0185546875,10870.0185546875,164473
2018-12-28,10870.0185546875,10942.005859375,10870.0185546875,10942.005859375,43756
2019-01-02,10870.0185546875,10942.005859375,10798.03125,10942.005859375,64732
2019-01-03,10798.03125,10942.005859375,10798.03125,10942.005859375,56537
2019-01-04,10870.0185546875,11013.9921875,10870.0185546875,10870.0185546875,82652
2019-01-07,10870.0185546875,10942.005859375,10870.0185546875,10870.0185546875,105157
2019-01-08,10870.0185546875,10942.005859375,10798.03125,10798.03125,64732
2019-01-09,10942.005859375,11013.9921875,10870.0185546875,11013.9921875,33477
2019-01-10,11085.9794921875,11085.9794921875,10870.0185546875,10942.005859375,75846
2019-01-11,11085.9794921875,11157.9658203125,10942.005859375,10942.005859375,70567
2019-01-14,11085.9794921875,11157.9658203125,11013.9921875,11085.9794921875,50840
2019-01-15,11085.9794921875,11085.9794921875,10942.005859375,10942.005859375,33615
2019-01-16,11157.9658203125,11157.9658203125,11013.9921875,11013.9921875,40145
2019-01-17,11085.9794921875,11229.953125,11085.9794921875,11157.9658203125,54175
2019-01-18,10942.005859375,11013.9921875,10798.03125,10798.03125,55981
2019-01-21,11085.9794921875,11085.9794921875,10798.03125,10798.03125,62371
2019-01-22,11085.9794921875,11157.9658203125,11085.9794921875,11157.9658203125,32643
2019-01-23,11229.953125,11229.953125,11085.9794921875,11085.9794921875,94183
2019-01-24,11229.953125,11301.939453125,11229.953125,11229.953125,58759
2019-01-25,11229.953125,11373.9267578125,11085.9794921875,11229.953125,37922
2019-01-28,11157.9658203125,11229.953125,11157.9658203125,11157.9658203125,78485
2019-01-29,11085.9794921875,11157.9658203125,11013.9921875,11013.9921875,160583
2019-01-30,11013.9921875,11157.9658203125,10942.005859375,11085.9794921875,129606
2019-01-31,11013.9921875,11085.9794921875,10942.005859375,11013.9921875,112102
2019-02-01,11013.9921875,11085.9794921875,11013.9921875,11013.9921875,64037
2019-02-11,10942.005859375,11013.9921875,10798.03125,10942.005859375,121548
2019-02-12,10870.0185546875,11013.9921875,10870.0185546875,10870.0185546875,87515
2019-02-13,11013.9921875,11013.9921875,10870.0185546875,10870.0185546875,85431
2019-02-14,11157.9658203125,11157.9658203125,11013.9921875,11013.9921875,92237
2019-02-15,11157.9658203125,11301.939453125,11157.9658203125,11157.9658203125,64454
2019-02-18,11301.939453125,11517.900390625,11085.9794921875,11157.9658203125,278382
2019-02-19,11373.9267578125,11373.9267578125,11157.9658203125,11301.939453125,87653
2019-02-20,11157.9658203125,11373.9267578125,11157.9658203125,11301.939453125,45980
2019-02-21,11157.9658203125,11229.953125,11013.9921875,11085.9794921875,107518
2019-02-22,11013.9921875,11157.9658203125,10942.005859375,11085.9794921875,120021
2019-02-25,11013.9921875,11085.9794921875,10942.005859375,11013.9921875,84876
2019-02-26,11013.9921875,11085.9794921875,10942.005859375,11013.9921875,80569
2019-02-27,11013.9921875,11229.953125,10942.005859375,11157.9658203125,113075
2019-02-28,11157.9658203125,11229.953125,11013.9921875,11085.9794921875,203229
2019-03-01,11157.9658203125,11229.953125,11157.9658203125,11157.9658203125,107518
2019-03-04,11013.9921875,11157.9658203125,11013.9921875,11085.9794921875,89458
2019-03-05,11013.9921875,11085.9794921875,10942.005859375,11085.9794921875,79041
2019-03-06,11085.9794921875,11085.9794921875,10942.005859375,10942.005859375,97655
2019-03-07,10942.005859375,11157.9658203125,10942.005859375,11013.9921875,108352
2019-03-08,11013.9921875,11085.9794921875,10870.0185546875,10942.005859375,125715
2019-03-11,11157.9658203125,11157.9658203125,10942.005859375,10942.005859375,185449
2019-03-12,12237.76953125,12237.76953125,11085.9794921875,11157.9658203125,1139234
2019-03-13,12597.703125,12741.677734375,12021.80859375,12309.755859375,727909
2019-03-14,11877.8349609375,12669.6904296875,11805.84765625,12597.703125,448830
2019-03-15,11301.939453125,11877.8349609375,11085.9794921875,11733.861328125,494394
2019-03-18,10942.005859375,11301.939453125,10870.0185546875,11229.953125,334781
2019-03-19,11157.9658203125,11157.9658203125,10798.03125,10870.0185546875,383403
2019-03-20,11085.9794921875,11157.9658203125,10870.0185546875,11085.9794921875,239070
2019-03-21,11301.939453125,11373.9267578125,10942.005859375,11085.9794921875,668731
2019-03-22,11589.8876953125,11733.861328125,11085.9794921875,11229.953125,767082
2019-03-25,11229.953125,11589.8876953125,11229.953125,11589.8876953125,243515
2019-03-26,11085.9794921875,11301.939453125,11013.9921875,11301.939453125,140302
2019-03-27,11157.9658203125,11229.953125,11085.9794921875,11157.9658203125,231012
2019-03-28,11085.9794921875,11157.9658203125,10870.0185546875,11157.9658203125,340616
2019-03-29,11229.953125,11229.953125,11013.9921875,11085.9794921875,228790
2019-04-01,11517.900390625,11517.900390625,11157.9658203125,11301.939453125,366732
2019-04-02,11301.939453125,11445.9130859375,11229.953125,11373.9267578125,193784
2019-04-03,11157.9658203125,11373.9267578125,11085.9794921875,11301.939453125,207398
2019-04-04,11373.9267578125,11373.9267578125,10942.005859375,10942.005859375,197257
2019-04-05,11373.9267578125,11373.9267578125,11157.9658203125,11301.939453125,161000
2019-04-08,11589.8876953125,11589.8876953125,11157.9658203125,11301.939453125,267130
2019-04-09,11373.9267578125,11517.900390625,11373.9267578125,11445.9130859375,190450
2019-04-10,11373.9267578125,11373.9267578125,11157.9658203125,11229.953125,106823
2019-04-11,11373.9267578125,11445.9130859375,11229.953125,11301.939453125,181976
2019-04-12,11445.9130859375,11517.900390625,11301.939453125,11445.9130859375,122104
2019-04-16,11373.9267578125,11445.9130859375,11301.939453125,11373.9267578125,152527
2019-04-17,11589.8876953125,11589.8876953125,11229.953125,11301.939453125,433549
2019-04-18,11661.8740234375,11733.861328125,11445.9130859375,11517.900390625,322697
2019-04-19,11517.900390625,11661.8740234375,11445.9130859375,11589.8876953125,178919
2019-04-22,11589.8876953125,11589.8876953125,11445.9130859375,11517.900390625,115297
2019-04-23,11661.8740234375,11661.8740234375,11445.9130859375,11661.8740234375,228512
2019-04-24,11445.9130859375,11661.8740234375,11445.9130859375,11517.900390625,176142
2019-04-25,11517.900390625,11517.900390625,11373.9267578125,11445.9130859375,114046
2019-04-26,11733.861328125,11733.861328125,11445.9130859375,11517.900390625,311167
2019-05-02,11733.861328125,11805.84765625,11517.900390625,11517.900390625,265603
2019-05-03,11805.84765625,11805.84765625,11589.8876953125,11661.8740234375,179893
2019-05-06,11805.84765625,11805.84765625,11733.861328125,11733.861328125,130717
2019-05-07,11877.8349609375,11877.8349609375,11589.8876953125,11733.861328125,150442
2019-05-08,11661.8740234375,11877.8349609375,11661.8740234375,11877.8349609375,187255
2019-05-09,11517.900390625,11661.8740234375,11445.9130859375,11589.8876953125,147109
2019-05-10,11517.900390625,11661.8740234375,11445.9130859375,11517.900390625,114186
2019-05-13,11589.8876953125,11661.8740234375,11445.9130859375,11517.900390625,185865
2019-05-14,11589.8876953125,11661.8740234375,11445.9130859375,11589.8876953125,122798
2019-05-15,11589.8876953125,11733.861328125,11517.900390625,11589.8876953125,145164
2019-05-16,12093.7958984375,12093.7958984375,11445.9130859375,11517.900390625,541486
2019-05-17,12453.7294921875,12525.716796875,11877.8349609375,11877.8349609375,560518
2019-05-20,12453.7294921875,12453.7294921875,12237.76953125,12309.755859375,101823
2019-05-21,12237.76953125,12525.716796875,12165.7822265625,12453.7294921875,402155
2019-05-22,12669.6904296875,12741.677734375,12093.7958984375,12237.76953125,402294
2019-05-23,13605.51953125,13605.51953125,12525.716796875,12741.677734375,953506
2019-05-24,14037.44140625,14037.44140625,13461.5458984375,13605.51953125,549682
2019-05-27,12957.6376953125,14037.44140625,12957.6376953125,13677.5068359375,447164
2019-05-28,12525.716796875,12957.6376953125,12237.76953125,12741.677734375,199757
2019-05-29,12525.716796875,12669.6904296875,12309.755859375,12525.716796875,266574
2019-05-30,12309.755859375,12525.716796875,12309.755859375,12381.7431640625,91821
2019-05-31,12453.7294921875,12453.7294921875,12165.7822265625,12309.755859375,204063
2019-06-03,12237.76953125,12453.7294921875,12165.7822265625,12453.7294921875,371733
2019-06-04,12381.7431640625,12381.7431640625,12165.7822265625,12381.7431640625,109463
2019-06-05,12237.76953125,12381.7431640625,12165.7822265625,12237.76953125,41117
2019-06-06,12669.6904296875,12741.677734375,12237.76953125,12309.755859375,855570
2019-06-07,12741.677734375,12741.677734375,12453.7294921875,12597.703125,291301
2019-06-10,12597.703125,12669.6904296875,12525.716796875,12597.703125,158222
2019-06-11,12453.7294921875,12669.6904296875,12381.7431640625,12525.716796875,215872
2019-06-12,12309.755859375,12525.716796875,12309.755859375,12453.7294921875,130300
2019-06-13,12165.7822265625,12309.755859375,12165.7822265625,12237.76953125,230734
2019-06-14,12165.7822265625,12309.755859375,12093.7958984375,12165.7822265625,70012
2019-06-17,12309.755859375,12309.755859375,12165.7822265625,12237.76953125,67233
2019-06-18,12453.7294921875,12525.716796875,12237.76953125,12309.755859375,230180
2019-06-19,12309.755859375,12453.7294921875,12309.755859375,12381.7431640625,89876
2019-06-20,12165.7822265625,12309.755859375,12093.7958984375,12309.755859375,127383
2019-06-21,12237.76953125,12237.76953125,12093.7958984375,12165.7822265625,109602
2019-06-24,12381.7431640625,12381.7431640625,12165.7822265625,12165.7822265625,120714
2019-06-25,12597.703125,12597.703125,12237.76953125,12309.755859375,126411
2019-06-26,12597.703125,12669.6904296875,12453.7294921875,12525.716796875,100989
2019-06-27,12381.7431640625,12525.716796875,12309.755859375,12525.716796875,88627
2019-06-28,12381.7431640625,12597.703125,12237.76953125,12525.716796875,70567
2019-07-01,12381.7431640625,12453.7294921875,12237.76953125,12309.755859375,100294
2019-07-02,12453.7294921875,12453.7294921875,12309.755859375,12309.755859375,139468
2019-07-03,12525.716796875,12597.703125,12381.7431640625,12381.7431640625,60843
2019-07-04,12525.716796875,12597.703125,12381.7431640625,12453.7294921875,108490
2019-07-05,12453.7294921875,12525.716796875,12309.755859375,12453.7294921875,145858
2019-07-08,12525.716796875,12597.703125,12309.755859375,12453.7294921875,64593
2019-07-09,13749.4931640625,13749.4931640625,12381.7431640625,12453.7294921875,1801299
2019-07-10,12813.6640625,14253.4013671875,12525.716796875,13677.5068359375,1149514
2019-07-11,12237.76953125,12957.6376953125,12093.7958984375,12813.6640625,974204
2019-07-12,11013.9921875,12165.7822265625,11013.9921875,12093.7958984375,819037
2019-07-15,9934.189453125,10006.17578125,9934.189453125,9934.189453125,427299
2019-07-16,9358.2939453125,9502.267578125,8998.359375,8998.359375,1137984
2019-07-17,9646.2412109375,9790.2158203125,8998.359375,8998.359375,294358
2019-07-18,9646.2412109375,9862.2021484375,9574.2548828125,9718.228515625,190450
2019-07-19,9502.267578125,9646.2412109375,8998.359375,9358.2939453125,246571
2019-07-22,9214.3203125,9718.228515625,9070.3466796875,9502.267578125,197535
2019-07-23,9430.28125,9502.267578125,9142.3330078125,9358.2939453125,285328
2019-07-24,9430.28125,9502.267578125,9286.3076171875,9358.2939453125,287967
2019-07-25,9286.3076171875,9646.2412109375,9070.3466796875,9574.2548828125,302415
2019-07-26,9574.2548828125,9718.228515625,9142.3330078125,9358.2939453125,317139
2019-07-29,9790.2158203125,9790.2158203125,9358.2939453125,9718.228515625,243932
2019-07-30,9574.2548828125,9862.2021484375,9286.3076171875,9718.228515625,412713
2019-07-31,9286.3076171875,9574.2548828125,9070.3466796875,9574.2548828125,243237
2019-08-01,9286.3076171875,9430.28125,8998.359375,9214.3203125,281855
2019-08-02,8998.359375,9286.3076171875,8998.359375,9286.3076171875,258241
2019-08-05,9142.3330078125,9430.28125,8998.359375,9070.3466796875,499257
2019-08-06,9358.2939453125,9358.2939453125,8926.373046875,9214.3203125,223373
2019-08-07,9520.2646484375,9934.189453125,9354.6943359375,9520.2646484375,255602
2019-08-08,9851.404296875,9934.189453125,9603.0498046875,9603.0498046875,177205
2019-08-09,9685.833984375,10016.9736328125,9685.833984375,9768.619140625,126350
2019-08-12,9768.619140625,9934.189453125,9520.2646484375,9934.189453125,115479
2019-08-13,9603.0498046875,9851.404296875,9603.0498046875,9603.0498046875,104003
2019-08-14,9768.619140625,9768.619140625,9603.0498046875,9603.0498046875,169837
2019-08-15,9603.0498046875,9934.189453125,9437.4794921875,9685.833984375,212598
2019-08-16,9685.833984375,9768.619140625,9603.0498046875,9685.833984375,322401
2019-08-19,9934.189453125,9934.189453125,9685.833984375,9685.833984375,529564
2019-08-20,9934.189453125,10099.7587890625,9768.619140625,9851.404296875,557589
2019-08-21,9685.833984375,10016.9736328125,9685.833984375,10016.9736328125,331823
2019-08-22,9023.5546875,9851.404296875,9023.5546875,9851.404296875,398259
2019-08-23,9437.4794921875,9437.4794921875,8940.7705078125,9023.5546875,274807
2019-08-26,9603.0498046875,9603.0498046875,9189.125,9271.91015625,142416
2019-08-27,9603.0498046875,9685.833984375,9354.6943359375,9520.2646484375,118981
2019-08-28,9354.6943359375,9851.404296875,9354.6943359375,9603.0498046875,160656
2019-08-29,9106.33984375,9520.2646484375,9106.33984375,9354.6943359375,122002
2019-08-30,9354.6943359375,9354.6943359375,9023.5546875,9106.33984375,133235
2019-09-03,9685.833984375,9685.833984375,9271.91015625,9271.91015625,87696
2019-09-04,9437.4794921875,9768.619140625,9437.4794921875,9603.0498046875,166213
2019-09-05,9603.0498046875,9685.833984375,9354.6943359375,9520.2646484375,84676
2019-09-06,9603.0498046875,9768.619140625,9437.4794921875,9437.4794921875,166696
2019-09-09,9768.619140625,9851.404296875,9520.2646484375,9520.2646484375,212477
2019-09-10,9520.2646484375,9934.189453125,9520.2646484375,9685.833984375,199311
2019-09-11,9354.6943359375,9603.0498046875,9354.6943359375,9520.2646484375,88058
2019-09-12,9437.4794921875,9520.2646484375,9189.125,9354.6943359375,91621
2019-09-13,9685.833984375,9685.833984375,9354.6943359375,9354.6943359375,116931
2019-09-16,9768.619140625,9768.619140625,9520.2646484375,9603.0498046875,186748
2019-09-17,9437.4794921875,9851.404296875,9437.4794921875,9768.619140625,103158
2019-09-18,9520.2646484375,9603.0498046875,9437.4794921875,9520.2646484375,89075
2019-09-19,9520.2646484375,9685.833984375,9437.4794921875,9603.0498046875,109439
2019-09-20,9603.0498046875,9685.833984375,9437.4794921875,9437.4794921875,158844
2019-09-23,9520.2646484375,9685.833984375,9437.4794921875,9685.833984375,96272
2019-09-24,9603.0498046875,9603.0498046875,9437.4794921875,9520.2646484375,80569
2019-09-25,9685.833984375,9685.833984375,9437.4794921875,9520.2646484375,165246
2019-09-26,9685.833984375,9768.619140625,9520.2646484375,9603.0498046875,130807
2019-09-27,9603.0498046875,9768.619140625,9354.6943359375,9520.2646484375,91162
2019-09-30,9520.2646484375,9768.619140625,9437.4794921875,9520.2646484375,104577
2019-10-01,9603.0498046875,9685.833984375,9437.4794921875,9437.4794921875,181010
2019-10-02,9603.0498046875,9685.833984375,9520.2646484375,9520.2646484375,92872
2019-10-03,9685.833984375,9768.619140625,9437.4794921875,9520.2646484375,138218
2019-10-04,9851.404296875,9851.404296875,9520.2646484375,9685.833984375,116446
2019-10-07,9851.404296875,10016.9736328125,9685.833984375,9768.619140625,166333
2019-10-08,9768.619140625,9934.189453125,9768.619140625,9851.404296875,105000
2019-10-09,9685.833984375,9851.404296875,9603.0498046875,9768.619140625,166151
2019-10-10,9520.2646484375,9768.619140625,9520.2646484375,9603.0498046875,130367
2019-10-11,9520.2646484375,9685.833984375,9520.2646484375,9603.0498046875,99298
2019-10-14,9685.833984375,9768.619140625,9520.2646484375,9520.2646484375,141057
2019-10-15,9768.619140625,9768.619140625,9603.0498046875,9603.0498046875,192304
2019-10-16,9685.833984375,9768.619140625,9603.0498046875,9685.833984375,106177
2019-10-17,9768.619140625,9768.619140625,9520.2646484375,9603.0498046875,97722
2019-10-18,9934.189453125,9934.189453125,9685.833984375,9685.833984375,87515
2019-10-21,10016.9736328125,10679.2529296875,9934.189453125,10679.2529296875,154447
2019-10-22,10016.9736328125,10099.7587890625,9851.404296875,9934.189453125,87213
2019-10-23,10016.9736328125,10099.7587890625,9934.189453125,9934.189453125,86186
2019-10-24,10099.7587890625,10099.7587890625,9934.189453125,10099.7587890625,125021
2019-10-25,9851.404296875,10016.9736328125,9768.619140625,9934.189453125,101708
2019-10-28,10099.7587890625,10099.7587890625,9851.404296875,9934.189453125,132752
2019-10-29,10099.7587890625,10265.3291015625,9934.189453125,10016.9736328125,113214
2019-10-30,10016.9736328125,10182.5439453125,9851.404296875,9851.404296875,80937
2019-10-31,10099.7587890625,10182.5439453125,9934.189453125,10016.9736328125,95305
2019-11-01,10099.7587890625,10265.3291015625,9934.189453125,10016.9736328125,134564
2019-11-04,10182.5439453125,10348.11328125,9934.189453125,10099.7587890625,322159
2019-11-05,10099.7587890625,10265.3291015625,10016.9736328125,10182.5439453125,116928
2019-11-06,9934.189453125,10265.3291015625,9934.189453125,10099.7587890625,114682
2019-11-07,9934.189453125,10016.9736328125,9768.619140625,10016.9736328125,109801
2019-11-08,9851.404296875,10099.7587890625,9851.404296875,10016.9736328125,113072
2019-11-11,9851.404296875,10016.9736328125,9768.619140625,10016.9736328125,101226
2019-11-12,9851.404296875,10016.9736328125,9768.619140625,9851.404296875,116082
2019-11-13,9851.404296875,10016.9736328125,9851.404296875,9934.189453125,98204
2019-11-14,9851.404296875,9851.404296875,9685.833984375,9685.833984375,272755
2019-11-15,9934.189453125,10016.9736328125,9768.619140625,9768.619140625,101345
2019-11-18,10016.9736328125,10016.9736328125,9851.404296875,9934.189453125,74167
2019-11-19,9851.404296875,10099.7587890625,9768.619140625,10016.9736328125,90715
2019-11-20,9851.404296875,9934.189453125,9768.619140625,9851.404296875,156670
2019-11-21,9934.189453125,10016.9736328125,9768.619140625,9851.404296875,167952
2019-11-22,9768.619140625,9934.189453125,9685.833984375,9934.189453125,102353
2019-11-25,9768.619140625,9934.189453125,9685.833984375,9851.404296875,68128
2019-11-26,9851.404296875,9851.404296875,9768.619140625,9768.619140625,76945
2019-11-27,9934.189453125,10099.7587890625,9768.619140625,9851.404296875,147006
2019-11-28,9934.189453125,10016.9736328125,9934.189453125,9934.189453125,71963
2019-11-29,9768.619140625,9934.189453125,9768.619140625,9851.404296875,108473
2019-12-02,9851.404296875,9851.404296875,9768.619140625,9768.619140625,106782
2019-12-03,9768.619140625,9934.189453125,9685.833984375,9851.404296875,57014
2019-12-04,9768.619140625,9851.404296875,9768.619140625,9768.619140625,85159
2019-12-05,9685.833984375,9851.404296875,9685.833984375,9768.619140625,84073
2019-12-06,9851.404296875,9851.404296875,9603.0498046875,9685.833984375,107765
2019-12-09,9851.404296875,9934.189453125,9851.404296875,9851.404296875,257787
2019-12-10,9851.404296875,10016.9736328125,9685.833984375,9768.619140625,113116
2019-12-11,9851.404296875,9934.189453125,9768.619140625,9768.619140625,61241
2019-12-12,9685.833984375,9851.404296875,9603.0498046875,9768.619140625,129611
2019-12-13,9685.833984375,9685.833984375,9520.2646484375,9603.0498046875,69492
2019-12-16,9768.619140625,9851.404296875,9520.2646484375,9685.833984375,83951
2019-12-17,9768.619140625,9768.619140625,9603.0498046875,9685.833984375,65107
2019-12-18,9851.404296875,9851.404296875,9603.0498046875,9603.0498046875,86367
2019-12-19,9934.189453125,9934.189453125,9685.833984375,9768.619140625,121519
2019-12-20,9768.619140625,9934.189453125,9768.619140625,9851.404296875,83226
2019-12-23,9685.833984375,9851.404296875,9685.833984375,9768.619140625,69214
2019-12-24,9603.0498046875,9685.833984375,9603.0498046875,9685.833984375,111492
2019-12-25,9768.619140625,9768.619140625,9354.6943359375,9520.2646484375,102148
2019-12-26,9934.189453125,9934.189453125,9685.833984375,9768.619140625,77367
2019-12-27,10099.7587890625,10099.7587890625,9768.619140625,9851.404296875,163314
2019-12-30,10099.7587890625,10182.5439453125,9934.189453125,10016.9736328125,106359
2019-12-31,10016.9736328125,10182.5439453125,10016.9736328125,10016.9736328125,70785
2020-01-02,9934.189453125,10099.7587890625,9851.404296875,9934.189453125,113787
2020-01-03,9934.189453125,9934.189453125,9768.619140625,9768.619140625,74651
2020-01-06,9934.189453125,10099.7587890625,9768.619140625,9851.404296875,58705
2020-01-07,10016.9736328125,10016.9736328125,9851.404296875,9934.189453125,103942
2020-01-08,10099.7587890625,10182.5439453125,9851.404296875,10016.9736328125,91513
2020-01-09,10016.9736328125,10099.7587890625,9934.189453125,10099.7587890625,61411
2020-01-10,10099.7587890625,10099.7587890625,9851.404296875,10016.9736328125,69999
2020-01-13,10182.5439453125,10182.5439453125,9934.189453125,10016.9736328125,201243
2020-01-14,10265.3291015625,10348.11328125,10016.9736328125,10182.5439453125,162974
2020-01-15,10182.5439453125,10430.8984375,10182.5439453125,10265.3291015625,48196
2020-01-16,9934.189453125,10265.3291015625,9934.189453125,10099.7587890625,156815
2020-01-17,10016.9736328125,10099.7587890625,9851.404296875,9934.189453125,100259
2020-01-20,10348.11328125,10348.11328125,10016.9736328125,10016.9736328125,161415
2020-01-21,10596.46875,10596.46875,10182.5439453125,10265.3291015625,114415
2020-01-22,10762.0380859375,10762.0380859375,10430.8984375,10430.8984375,105465
2020-01-30,10513.68359375,10844.8232421875,10513.68359375,10679.2529296875,66315
2020-01-31,10348.11328125,10679.2529296875,10348.11328125,10596.46875,75375
2020-02-03,10182.5439453125,10430.8984375,10016.9736328125,10265.3291015625,95185
2020-02-04,10182.5439453125,10265.3291015625,9934.189453125,10099.7587890625,82743
2020-02-05,10182.5439453125,10265.3291015625,10016.9736328125,10265.3291015625,65831
2020-02-06,10099.7587890625,10182.5439453125,10016.9736328125,10182.5439453125,75495
2020-02-07,10265.3291015625,10430.8984375,10016.9736328125,10099.7587890625,100864
2020-02-10,10265.3291015625,10430.8984375,10182.5439453125,10182.5439453125,77066
2020-02-11,10348.11328125,10430.8984375,10099.7587890625,10265.3291015625,87213
2020-02-12,10513.68359375,10513.68359375,10348.11328125,10348.11328125,68730
2020-02-13,10430.8984375,10596.46875,10348.11328125,10430.8984375,80207
2020-02-14,10596.46875,10762.0380859375,10348.11328125,10430.8984375,611100
2020-02-17,10348.11328125,10762.0380859375,10348.11328125,10596.46875,213444
2020-02-18,10348.11328125,10513.68359375,10099.7587890625,10348.11328125,158312
2020-02-19,10348.11328125,10513.68359375,10016.9736328125,10348.11328125,193547
2020-02-20,10513.68359375,10513.68359375,10182.5439453125,10265.3291015625,154978
2020-02-21,10430.8984375,10513.68359375,10348.11328125,10430.8984375,62449
2020-02-24,10099.7587890625,10430.8984375,10099.7587890625,10430.8984375,86125
2020-02-25,10348.11328125,10348.11328125,10016.9736328125,10099.7587890625,103158
2020-02-26,10430.8984375,10430.8984375,10265.3291015625,10265.3291015625,73420
2020-02-27,10513.68359375,10513.68359375,10265.3291015625,10348.11328125,100259
2020-02-28,10348.11328125,10596.46875,10182.5439453125,10430.8984375,169956
2020-03-02,10596.46875,10596.46875,10348.11328125,10430.8984375,86874
2020-03-03,11424.3173828125,11424.3173828125,10430.8984375,10513.68359375,591882
2020-03-04,11010.392578125,11507.1025390625,10762.0380859375,11424.3173828125,386845
2020-03-05,11010.392578125,11258.748046875,10679.2529296875,10927.6083984375,286283
2020-03-06,10927.6083984375,10927.6083984375,10513.68359375,10844.8232421875,357527
2020-03-09,10762.0380859375,10762.0380859375,10182.5439453125,10679.2529296875,412887
2020-03-10,11507.1025390625,11672.671875,10679.2529296875,10679.2529296875,1021803
2020-03-11,11175.962890625,11589.8876953125,11093.177734375,11507.1025390625,633326
2020-03-12,10927.6083984375,11341.5322265625,10927.6083984375,11093.177734375,433145
2020-03-13,10927.6083984375,11010.392578125,10348.11328125,10844.8232421875,271717
2020-03-16,10762.0380859375,10844.8232421875,10513.68359375,10844.8232421875,195740
2020-03-17,10844.8232421875,10844.8232421875,10513.68359375,10679.2529296875,187956
2020-03-18,10679.2529296875,11175.962890625,10679.2529296875,10762.0380859375,415806
2020-03-19,10596.46875,10844.8232421875,10513.68359375,10762.0380859375,89387
2020-03-20,10927.6083984375,11175.962890625,10679.2529296875,10679.2529296875,126018
2020-03-23,10844.8232421875,10927.6083984375,10513.68359375,10927.6083984375,96876
2020-03-24,11093.177734375,11093.177734375,10762.0380859375,10762.0380859375,78696
2020-03-25,10927.6083984375,11258.748046875,10927.6083984375,11010.392578125,222766
2020-03-26,11010.392578125,11093.177734375,10844.8232421875,10927.6083984375,93451
2020-03-27,11093.177734375,11258.748046875,10927.6083984375,11010.392578125,159629
2020-03-30,10927.6083984375,11258.748046875,10927.6083984375,11093.177734375,161350
2020-03-31,10679.2529296875,11175.962890625,10679.2529296875,10844.8232421875,195264
2020-04-01,11010.392578125,11010.392578125,10679.2529296875,10844.8232421875,124266
2020-04-03,11175.962890625,11341.5322265625,10927.6083984375,10927.6083984375,164969
2020-04-06,11175.962890625,11341.5322265625,11175.962890625,11258.748046875,94110
2020-04-07,11175.962890625,11258.748046875,11093.177734375,11093.177734375,130287
2020-04-08,10927.6083984375,11175.962890625,10927.6083984375,11093.177734375,92225
2020-04-09,11010.392578125,11175.962890625,10844.8232421875,11010.392578125,131840
2020-04-10,11175.962890625,11258.748046875,11010.392578125,11010.392578125,169956
2020-04-13,11258.748046875,11258.748046875,11175.962890625,11175.962890625,149211
2020-04-14,11175.962890625,11341.5322265625,11093.177734375,11258.748046875,92286
2020-04-15,11093.177734375,11258.748046875,11010.392578125,11175.962890625,103689
2020-04-16,11093.177734375,11175.962890625,11010.392578125,11093.177734375,75253
2020-04-17,11093.177734375,11175.962890625,11010.392578125,11093.177734375,96152
2020-04-20,11175.962890625,11175.962890625,11010.392578125,11093.177734375,125384
2020-04-21,11093.177734375,11175.962890625,11010.392578125,11175.962890625,104727
2020-04-22,11175.962890625,11175.962890625,11010.392578125,11010.392578125,129129
2020-04-23,11093.177734375,11258.748046875,11093.177734375,11175.962890625,79965
2020-04-24,10927.6083984375,11093.177734375,10927.6083984375,11093.177734375,98525
2020-04-27,11093.177734375,11093.177734375,10927.6083984375,10927.6083984375,148951
2020-04-28,11258.748046875,11258.748046875,11093.177734375,11093.177734375,144668
2020-04-29,11175.962890625,11258.748046875,11093.177734375,11258.748046875,88179
2020-05-04,11175.962890625,11175.962890625,11093.177734375,11175.962890625,96272
2020-05-05,11093.177734375,11175.962890625,11010.392578125,11175.962890625,122243
2020-05-06,11010.392578125,11093.177734375,11010.392578125,11093.177734375,133719
2020-05-07,10927.6083984375,11010.392578125,10927.6083984375,11010.392578125,138913
2020-05-08,11010.392578125,11010.392578125,10844.8232421875,10927.6083984375,149060
2020-05-11,10927.6083984375,11010.392578125,10844.8232421875,10927.6083984375,158844
2020-05-12,10844.8232421875,10927.6083984375,10762.0380859375,10927.6083984375,189042
2020-05-13,10679.2529296875,10844.8232421875,10596.46875,10844.8232421875,198917
2020-05-14,10596.46875,10679.2529296875,10513.68359375,10679.2529296875,200055
2020-05-15,10596.46875,10679.2529296875,9851.404296875,9934.189453125,210604
2020-05-18,10679.2529296875,10762.0380859375,10513.68359375,10596.46875,234099
2020-05-19,10596.46875,10762.0380859375,10513.68359375,10679.2529296875,829015
2020-05-20,10348.11328125,10596.46875,10265.3291015625,10596.46875,146522
2020-05-21,9768.619140625,10348.11328125,9768.619140625,10348.11328125,202210
2020-05-22,9685.833984375,9934.189453125,9520.2646484375,9768.619140625,224798
2020-05-25,10182.5439453125,10182.5439453125,9685.833984375,9685.833984375,446749
2020-05-26,10348.11328125,10348.11328125,10099.7587890625,10099.7587890625,374825
2020-05-27,10099.7587890625,10348.11328125,10099.7587890625,10265.3291015625,130458
2020-05-28,9768.619140625,10099.7587890625,9685.833984375,10016.9736328125,204143
2020-05-29,9685.833984375,9851.404296875,9603.0498046875,9768.619140625,174788
2020-06-01,9851.404296875,9934.189453125,9685.833984375,9685.833984375,416620
2020-06-02,9768.619140625,9934.189453125,9685.833984375,9851.404296875,247508
2020-06-03,9685.833984375,9768.619140625,9603.0498046875,9768.619140625,265518
2020-06-04,9189.125,9768.619140625,9106.33984375,9685.833984375,248595
2020-06-05,9106.33984375,9189.125,8775.2001953125,9189.125,518833
2020-06-08,9354.6943359375,9520.2646484375,9106.33984375,9106.33984375,347164
2020-06-09,9437.4794921875,9437.4794921875,9271.91015625,9354.6943359375,401400
2020-06-10,9271.91015625,9437.4794921875,9189.125,9354.6943359375,717037
2020-06-11,9354.6943359375,9437.4794921875,9189.125,9271.91015625,737947
2020-06-12,9189.125,9271.91015625,8940.7705078125,9271.91015625,544421
2020-06-15,9106.33984375,9271.91015625,8940.7705078125,9189.125,238689
2020-06-16,9354.6943359375,9437.4794921875,9106.33984375,9106.33984375,387411
2020-06-17,9271.91015625,9354.6943359375,9189.125,9354.6943359375,243521
2020-06-18,9189.125,9271.91015625,9106.33984375,9271.91015625,250890
2020-06-19,9106.33984375,9189.125,8857.9853515625,9189.125,210810
2020-06-22,9189.125,9189.125,9023.5546875,9106.33984375,325058
2020-06-23,9189.125,9271.91015625,9106.33984375,9189.125,321192
2020-06-24,9189.125,9271.91015625,9106.33984375,9189.125,285842
2020-06-25,9106.33984375,9106.33984375,9023.5546875,9106.33984375,187956
2020-06-26,9189.125,9189.125,9106.33984375,9106.33984375,248715
2020-06-29,9023.5546875,9189.125,8857.9853515625,9189.125,216282
2020-06-30,9023.5546875,9106.33984375,8940.7705078125,9023.5546875,214543
2020-07-01,9106.33984375,9106.33984375,9023.5546875,9023.5546875,312145
2020-07-02,9023.5546875,9106.33984375,9023.5546875,9106.33984375,189719
2020-07-03,9023.5546875,9106.33984375,8940.7705078125,9023.5546875,254876
2020-07-06,9106.33984375,9106.33984375,9023.5546875,9023.5546875,385697
2020-07-07,9023.5546875,9106.33984375,9023.5546875,9106.33984375,195445
2020-07-08,9023.5546875,9023.5546875,8940.7705078125,9023.5546875,153529
2020-07-09,9023.5546875,9106.33984375,8940.7705078125,9023.5546875,254460
2020-07-10,9023.5546875,9023.5546875,8940.7705078125,9023.5546875,167662
2020-07-13,9106.33984375,9106.33984375,8940.7705078125,9023.5546875,246111
2020-07-14,9271.91015625,9271.91015625,8940.7705078125,9106.33984375,330505
2020-07-15,9603.0498046875,9603.0498046875,9271.91015625,9271.91015625,657486
2020-07-16,9768.619140625,9768.619140625,9437.4794921875,9603.0498046875,489822
2020-07-17,9603.0498046875,9768.619140625,9437.4794921875,9768.619140625,251013
2020-07-20,9437.4794921875,9685.833984375,9354.6943359375,9603.0498046875,178611
2020-07-21,9354.6943359375,9520.2646484375,9271.91015625,9437.4794921875,147260
2020-07-22,9189.125,9437.4794921875,9106.33984375,9271.91015625,430149
2020-07-23,9354.6943359375,9354.6943359375,9106.33984375,9189.125,226852
2020-07-24,8940.7705078125,9437.4794921875,8857.9853515625,9354.6943359375,276014
2020-07-27,8278.4912109375,8857.9853515625,8112.9208984375,8692.4150390625,382261
2020-07-28,8526.845703125,8526.845703125,8278.4912109375,8278.4912109375,251977
2020-07-29,8526.845703125,8609.630859375,8278.4912109375,8526.845703125,202330
2020-07-30,8692.4150390625,8692.4150390625,8361.275390625,8526.845703125,280846
2020-07-31,8775.2001953125,8775.2001953125,8692.4150390625,8692.4150390625,269318
2020-08-03,8940.7705078125,9023.5546875,8775.2001953125,8775.2001953125,314549
2020-08-04,9023.5546875,9106.33984375,8940.7705078125,8940.7705078125,270458
2020-08-05,8940.7705078125,9106.33984375,8857.9853515625,9023.5546875,184332
2020-08-06,8940.7705078125,8940.7705078125,8857.9853515625,8940.7705078125,171648
2020-08-07,9023.5546875,9023.5546875,8857.9853515625,8940.7705078125,229751
2020-08-10,9106.33984375,9106.33984375,9023.5546875,9023.5546875,337258
2020-08-11,9189.125,9271.91015625,9023.5546875,9106.33984375,281935
2020-08-12,9106.33984375,9189.125,9023.5546875,9189.125,188801
2020-08-13,9023.5546875,9189.125,9023.5546875,9106.33984375,205592
2020-08-14,9023.5546875,9106.33984375,8940.7705078125,9023.5546875,218638
2020-08-17,9023.5546875,9106.33984375,8940.7705078125,8940.7705078125,30198
2020-08-18,9189.125,9189.125,8940.7705078125,9023.5546875,34196
2020-08-19,9189.125,9271.91015625,9106.33984375,9189.125,14131
2020-08-20,9271.91015625,9354.6943359375,9189.125,9189.125,409614
2020-08-21,9354.6943359375,9354.6943359375,9189.125,9271.91015625,598658
2020-08-24,9437.4794921875,9603.0498046875,9354.6943359375,9603.0498046875,237360
2020-08-25,9271.91015625,9437.4794921875,9189.125,9437.4794921875,18603
2020-08-26,9106.33984375,9271.91015625,9023.5546875,9271.91015625,23071
2020-08-27,9023.5546875,9106.33984375,9023.5546875,9106.33984375,306214
2020-08-28,9189.125,9189.125,9023.5546875,9023.5546875,364811
2020-08-31,9106.33984375,9271.91015625,9023.5546875,9271.91015625,55685
2020-09-01,9023.5546875,9106.33984375,9023.5546875,9106.33984375,90112
2020-09-03,9023.5546875,9106.33984375,9023.5546875,9023.5546875,53523
2020-09-04,8940.7705078125,9023.5546875,8940.7705078125,9023.5546875,132740
2020-09-07,9023.5546875,9106.33984375,8940.7705078125,8940.7705078125,83226
2020-09-08,8857.9853515625,9106.33984375,8692.4150390625,9106.33984375,254997
2020-09-09,8857.9853515625,8940.7705078125,8775.2001953125,8857.9853515625,3985
2020-09-10,9106.33984375,9106.33984375,8857.9853515625,8857.9853515625,164292
2020-09-11,9106.33984375,9106.33984375,9023.5546875,9023.5546875,138189
2020-09-14,8940.7705078125,9023.5546875,8940.7705078125,9023.5546875,240481
2020-09-15,8857.9853515625,8940.7705078125,8857.9853515625,8940.7705078125,206460
2020-09-16,8857.9853515625,8940.7705078125,8857.9853515625,8857.9853515625,274807
2020-09-17,8857.9853515625,8857.9853515625,8775.2001953125,8857.9853515625,223771
2020-09-18,8857.9853515625,8940.7705078125,8857.9853515625,8940.7705078125,173254
2020-09-21,9023.5546875,9106.33984375,8857.9853515625,8857.9853515625,807634
2020-09-22,9023.5546875,9106.33984375,8940.7705078125,9023.5546875,370959
2020-09-23,8940.7705078125,9106.33984375,8940.7705078125,8940.7705078125,227387
2020-09-24,8940.7705078125,9106.33984375,8940.7705078125,9023.5546875,219363
2020-09-25,9023.5546875,9023.5546875,8940.7705078125,9023.5546875,216584
2020-09-28,9271.91015625,9271.91015625,8940.7705078125,9023.5546875,760112
2020-09-29,9271.91015625,9354.6943359375,9271.91015625,9271.91015625,20412
2020-09-30,9271.91015625,9271.91015625,9271.91015625,9271.91015625,9420
2020-10-01,9271.91015625,9271.91015625,9189.125,9189.125,6039
2020-10-02,9189.125,9271.91015625,9106.33984375,9189.125,93132
2020-10-05,9271.91015625,9437.4794921875,9189.125,9189.125,361856
2020-10-06,9437.4794921875,9520.2646484375,9271.91015625,9271.91015625,55202
2020-10-07,9520.2646484375,9603.0498046875,9354.6943359375,9354.6943359375,260462
2020-10-08,9520.2646484375,10265.3291015625,9437.4794921875,9603.0498046875,385889
2020-10-09,9189.125,9768.619140625,9189.125,9520.2646484375,170929
2020-10-12,9271.91015625,9437.4794921875,9106.33984375,9271.91015625,282901
2020-10-13,9354.6943359375,9354.6943359375,9106.33984375,9271.91015625,88301
2020-10-14,9189.125,9354.6943359375,9106.33984375,9354.6943359375,274958
2020-10-15,9189.125,9189.125,9189.125,9189.125,87213
2020-10-16,9023.5546875,9189.125,9023.5546875,9189.125,138683
2020-10-19,8940.7705078125,9023.5546875,8857.9853515625,9023.5546875,144991
2020-10-20,8857.9853515625,8940.7705078125,8857.9853515625,8940.7705078125,228543
2020-10-21,9271.91015625,9603.0498046875,8940.7705078125,8940.7705078125,170873
2020-10-22,9437.4794921875,9437.4794921875,9271.91015625,9271.91015625,124418
2020-10-23,9271.91015625,9603.0498046875,9271.91015625,9437.4794921875,112216
2020-10-26,9437.4794921875,9520.2646484375,9271.91015625,9271.91015625,189647
2020-10-27,9603.0498046875,9851.404296875,9437.4794921875,9437.4794921875,174306
2020-10-28,9437.4794921875,9603.0498046875,9271.91015625,9603.0498046875,123813
2020-10-29,9520.2646484375,9520.2646484375,9271.91015625,9354.6943359375,192425
2020-10-30,9603.0498046875,9685.833984375,9437.4794921875,9520.2646484375,172131
2020-11-02,10016.9736328125,10016.9736328125,9520.2646484375,9603.0498046875,184210
2020-11-03,10265.3291015625,10430.8984375,10016.9736328125,10016.9736328125,260746
2020-11-04,10348.11328125,10430.8984375,10265.3291015625,10265.3291015625,219845
2020-11-05,10348.11328125,10430.8984375,10265.3291015625,10265.3291015625,183267
2020-11-06,10265.3291015625,10430.8984375,10265.3291015625,10348.11328125,147611
2020-11-09,10182.5439453125,10265.3291015625,10182.5439453125,10182.5439453125,188113
2020-11-10,10265.3291015625,10430.8984375,10182.5439453125,10182.5439453125,187265
2020-11-11,10348.11328125,10348.11328125,10182.5439453125,10265.3291015625,173944
2020-11-12,10430.8984375,10513.68359375,10348.11328125,10348.11328125,295125
2020-11-13,10679.2529296875,10679.2529296875,10430.8984375,10430.8984375,244367
2020-11-16,10679.2529296875,10679.2529296875,10513.68359375,10596.46875,261399
2020-11-17,10430.8984375,10679.2529296875,10348.11328125,10679.2529296875,235682
2020-11-18,10182.5439453125,10513.68359375,10099.7587890625,10430.8984375,421090
2020-11-19,10265.3291015625,10348.11328125,10182.5439453125,10182.5439453125,876487
2020-11-20,10265.3291015625,10348.11328125,10182.5439453125,10265.3291015625,536131
2020-11-23,10182.5439453125,10265.3291015625,10016.9736328125,10265.3291015625,303817
2020-11-24,10265.3291015625,10430.8984375,10182.5439453125,10182.5439453125,362384
2020-11-25,10596.46875,10762.0380859375,10182.5439453125,10265.3291015625,411064
2020-11-26,10513.68359375,10679.2529296875,10348.11328125,10596.46875,275426
2020-11-27,10596.46875,10596.46875,10430.8984375,10513.68359375,280494
2020-11-30,10596.46875,10596.46875,10513.68359375,10596.46875,369510
2020-12-01,10596.46875,10596.46875,10513.68359375,10513.68359375,211643
2020-12-02,11010.392578125,11424.3173828125,10596.46875,10596.46875,586087
2020-12-03,11175.962890625,11672.671875,11010.392578125,11010.392578125,334129
2020-12-04,11010.392578125,11341.5322265625,11010.392578125,11175.962890625,328320
2020-12-07,11010.392578125,11010.392578125,10762.0380859375,10927.6083984375,292371
2020-12-08,11010.392578125,11258.748046875,10596.46875,11010.392578125,332305
2020-12-09,11010.392578125,11175.962890625,10762.0380859375,11010.392578125,367782
2020-12-10,10762.0380859375,11010.392578125,10596.46875,11010.392578125,313703
2020-12-11,10679.2529296875,10844.8232421875,10596.46875,10762.0380859375,368665
2020-12-14,10513.68359375,10844.8232421875,10430.8984375,10679.2529296875,280629
2020-12-15,10430.8984375,10679.2529296875,10430.8984375,10513.68359375,374583
2020-12-16,10513.68359375,10679.2529296875,10348.11328125,10430.8984375,439573
2020-12-17,10348.11328125,10513.68359375,10348.11328125,10513.68359375,373255
2020-12-18,10430.8984375,10513.68359375,10265.3291015625,10348.11328125,408950
2020-12-21,10348.11328125,10596.46875,10265.3291015625,10430.8984375,395482
2020-12-22,10182.5439453125,10430.8984375,10099.7587890625,10348.11328125,342948
2020-12-23,10016.9736328125,10348.11328125,9934.189453125,10182.5439453125,252654
2020-12-24,10099.7587890625,10265.3291015625,9851.404296875,10016.9736328125,546475
2020-12-25,10596.46875,10596.46875,10099.7587890625,10099.7587890625,337996
2020-12-28,11093.177734375,11424.3173828125,10596.46875,10596.46875,173322
2020-12-29,11093.177734375,11175.962890625,10927.6083984375,11093.177734375,118317
2020-12-30,10762.0380859375,11010.392578125,10679.2529296875,11010.392578125,105283
2020-12-31,11507.1025390625,11838.2421875,10513.68359375,10762.0380859375,506794
2021-01-04,11589.8876953125,11921.02734375,11341.5322265625,11507.1025390625,377000
2021-01-05,11507.1025390625,11838.2421875,11258.748046875,11589.8876953125,355377
2021-01-06,11341.5322265625,11424.3173828125,11093.177734375,11424.3173828125,527510
2021-01-07,11424.3173828125,11507.1025390625,11175.962890625,11341.5322265625,228965
2021-01-08,11672.671875,11755.45703125,11424.3173828125,11424.3173828125,704993
2021-01-11,11424.3173828125,11755.45703125,11258.748046875,11672.671875,275170
2021-01-12,11341.5322265625,11589.8876953125,11175.962890625,11507.1025390625,410218
2021-01-13,11258.748046875,11424.3173828125,10927.6083984375,11258.748046875,543226
2021-01-14,11093.177734375,11258.748046875,10927.6083984375,11258.748046875,212840
2021-01-15,11258.748046875,11341.5322265625,11093.177734375,11093.177734375,248728
2021-01-18,10927.6083984375,11424.3173828125,10927.6083984375,11175.962890625,448390
2021-01-19,10596.46875,11093.177734375,10265.3291015625,10927.6083984375,554690
2021-01-20,10430.8984375,10762.0380859375,10265.3291015625,10596.46875,205489
2021-01-21,10679.2529296875,10844.8232421875,10348.11328125,10430.8984375,87454
2021-01-22,10679.2529296875,10679.2529296875,10513.68359375,10679.2529296875,49042
2021-01-25,10679.2529296875,10762.0380859375,10596.46875,10679.2529296875,48437
2021-01-26,10596.46875,10679.2529296875,10430.8984375,10679.2529296875,306214
2021-01-27,10430.8984375,10679.2529296875,10430.8984375,10596.46875,387026
2021-01-28,10099.7587890625,10430.8984375,9437.4794921875,10348.11328125,657365
2021-01-29,10016.9736328125,10016.9736328125,9934.189453125,10016.9736328125,60758
2021-02-01,10099.7587890625,10430.8984375,10016.9736328125,10016.9736328125,453464
2021-02-02,10099.7587890625,10182.5439453125,9934.189453125,10016.9736328125,50491
2021-02-03,10182.5439453125,10265.3291015625,10099.7587890625,10099.7587890625,88553
2021-02-04,10430.8984375,10430.8984375,10182.5439453125,10182.5439453125,163453
2021-02-05,10927.6083984375,10927.6083984375,10430.8984375,10430.8984375,159810
2021-02-08,10844.8232421875,11258.748046875,10844.8232421875,10927.6083984375,86125
2021-02-09,11093.177734375,11093.177734375,10844.8232421875,10844.8232421875,264237
2021-02-17,11755.45703125,12003.8115234375,11093.177734375,11093.177734375,856146
2021-02-18,11755.45703125,11755.45703125,11424.3173828125,11755.45703125,1189708
2021-03-03,12790.2685546875,12790.2685546875,12748.8759765625,12790.2685546875,593586
2021-03-04,13162.80078125,13411.1552734375,12831.6611328125,13245.5859375,636950
2021-03-05,13204.193359375,13286.9775390625,13038.623046875,13121.408203125,524369
2021-03-08,13493.9404296875,13493.9404296875,12790.2685546875,13162.80078125,535846
2021-03-09,13286.9775390625,13493.9404296875,13162.80078125,13493.9404296875,406716
2021-03-10,13576.7255859375,13576.7255859375,13245.5859375,13245.5859375,356465
2021-03-11,14487.359375,14487.359375,13659.509765625,13659.509765625,841698
2021-03-12,14859.8916015625,15273.8154296875,14487.359375,14570.1435546875,766806
2021-03-15,14777.1064453125,15315.2080078125,14735.7138671875,14901.283203125,341245
2021-03-16,14363.181640625,14777.1064453125,14239.00390625,14777.1064453125,300779
2021-03-17,14528.751953125,14777.1064453125,14197.6123046875,14321.7890625,470495
2021-03-18,14570.1435546875,14694.3212890625,14487.359375,14528.751953125,243642
2021-03-19,15025.4609375,15356.6005859375,14570.1435546875,14570.1435546875,1026515
2021-03-22,14942.67578125,15273.8154296875,14942.67578125,15108.24609375,509632
2021-03-23,14777.1064453125,15315.2080078125,14777.1064453125,14984.068359375,510357
2021-03-24,14321.7890625,14652.9287109375,14239.00390625,14652.9287109375,252219
2021-03-25,14321.7890625,14363.181640625,13907.8642578125,14280.396484375,246420
2021-03-26,14156.2197265625,14611.5361328125,14032.0419921875,14280.396484375,310683
2021-03-29,14859.8916015625,14942.67578125,14156.2197265625,14156.2197265625,780818
2021-03-30,15439.3857421875,15894.7021484375,14984.068359375,14984.068359375,1210848
2021-03-31,15149.638671875,16018.8798828125,14570.1435546875,15563.5625,802198
2021-04-01,14901.283203125,15108.24609375,14487.359375,15066.853515625,498278
2021-04-02,14988.2080078125,14988.2080078125,14062.4658203125,14811.8759765625,454370
2021-04-05,14503.294921875,14988.2080078125,14503.294921875,14900.0419921875,341287
2021-04-06,14194.71484375,14459.2119140625,14106.548828125,14415.12890625,394142
2021-04-07,14326.962890625,14459.2119140625,13621.6357421875,14194.71484375,555770
2021-04-08,14371.0458984375,14459.2119140625,14326.962890625,14326.962890625,423746
2021-04-09,14106.548828125,14415.12890625,13930.216796875,14371.0458984375,342309
2021-04-12,13577.552734375,14062.4658203125,13489.38671875,14062.4658203125,461742
2021-04-13,13401.220703125,14018.3828125,13224.8896484375,13577.552734375,531610
2021-04-14,12960.3916015625,13401.220703125,12739.9765625,13401.220703125,403896
2021-04-15,12431.3955078125,13136.7236328125,12255.064453125,12960.3916015625,464578
2021-04-16,12431.3955078125,12651.810546875,12210.9814453125,12387.3125,657056
2021-04-19,12916.30859375,13004.474609375,12343.2294921875,12387.3125,776830
2021-04-20,12872.2255859375,13313.0546875,12695.8935546875,12960.3916015625,536715
2021-04-22,11990.56640625,12739.9765625,11990.56640625,12739.9765625,291835
2021-04-23,11902.400390625,12122.8154296875,11902.400390625,11946.4833984375,291608
2021-04-26,11858.3173828125,11990.56640625,11108.9072265625,11902.400390625,540457
2021-04-27,11241.15625,11858.3173828125,11197.0732421875,11858.3173828125,153686
2021-04-28,10844.4091796875,11285.2392578125,10844.4091796875,11241.15625,137014
2021-04-29,10579.9111328125,10844.4091796875,10447.662109375,10844.4091796875,171834
2021-05-04,10315.4140625,10579.9111328125,10139.08203125,10447.662109375,783068
2021-05-05,10800.326171875,11020.7412109375,10227.248046875,10271.3310546875,833087
2021-05-06,10800.326171875,11197.0732421875,10712.16015625,10800.326171875,585713
2021-05-07,10315.4140625,10756.2431640625,10183.1650390625,10756.2431640625,368849
2021-05-10,10403.5791015625,10623.994140625,10139.08203125,10139.08203125,338792
2021-05-11,10579.9111328125,10844.4091796875,10139.08203125,10139.08203125,914185
2021-05-12,10756.2431640625,10844.4091796875,10579.9111328125,10579.9111328125,1052560
2021-05-13,11108.9072265625,11417.4873046875,10756.2431640625,10756.2431640625,954222
2021-05-14,10932.5751953125,11285.2392578125,10888.4921875,11108.9072265625,312592
2021-05-17,10579.9111328125,11064.82421875,10535.828125,10756.2431640625,813012
2021-05-18,10271.3310546875,10800.326171875,10139.08203125,10579.9111328125,459587
2021-05-19,10183.1650390625,10403.5791015625,10139.08203125,10271.3310546875,288206
2021-05-20,10006.8330078125,10403.5791015625,9786.41796875,10183.1650390625,543974
2021-05-21,9962.75,10183.1650390625,9918.6669921875,9962.75,269491
2021-05-24,10006.8330078125,10183.1650390625,9874.583984375,10006.8330078125,240002
2021-05-25,9830.5009765625,10050.916015625,9786.41796875,10006.8330078125,310777
2021-05-26,9477.8369140625,9962.75,9433.75390625,9874.583984375,359549
2021-05-27,9125.173828125,9433.75390625,9081.0908203125,9433.75390625,218110
2021-05-28,9742.3349609375,9742.3349609375,8728.4267578125,9081.0908203125,421251
2021-05-31,9610.0859375,10227.248046875,9610.0859375,9742.3349609375,700270
2021-06-01,9566.0029296875,9962.75,9433.75390625,9610.0859375,180908
2021-06-02,9521.919921875,9654.1689453125,9257.4228515625,9521.919921875,650364
2021-06-03,9830.5009765625,9830.5009765625,9477.8369140625,9521.919921875,393008
2021-06-04,10050.916015625,10094.9990234375,9830.5009765625,9830.5009765625,951614
2021-06-07,10139.08203125,10271.3310546875,10050.916015625,10139.08203125,731234
2021-06-08,9610.0859375,10227.248046875,9521.919921875,10183.1650390625,1022956
2021-06-09,9521.919921875,9610.0859375,9213.33984375,9521.919921875,765714
2021-06-10,9389.6708984375,9521.919921875,9257.4228515625,9521.919921875,477394
2021-06-11,9389.6708984375,9521.919921875,9257.4228515625,9389.6708984375,225483
2021-06-14,9874.583984375,9874.583984375,9566.0029296875,9566.0029296875,403216
2021-06-15,9830.5009765625,9962.75,9698.251953125,9874.583984375,277090
2021-06-16,9830.5009765625,10006.8330078125,9698.251953125,10006.8330078125,286505
2021-06-17,9698.251953125,9742.3349609375,9654.1689453125,9698.251953125,293650
2021-06-18,10006.8330078125,10227.248046875,9698.251953125,9698.251953125,413538
2021-06-21,10668.0771484375,10668.0771484375,9918.6669921875,10006.8330078125,1653700
2021-06-22,10668.0771484375,11373.404296875,10623.994140625,11373.404296875,1100651
2021-06-23,10183.1650390625,10668.0771484375,10050.916015625,10668.0771484375,676451
2021-06-24,10050.916015625,10139.08203125,9786.41796875,10050.916015625,496336
2021-06-25,10359.49609375,10491.7451171875,10050.916015625,10050.916015625,490665
2021-06-28,10094.9990234375,10712.16015625,10094.9990234375,10579.9111328125,431798
2021-06-29,10183.1650390625,10183.1650390625,10006.8330078125,10094.9990234375,301477
2021-06-30,10006.8330078125,10139.08203125,9874.583984375,10139.08203125,354217
2021-07-01,9874.583984375,10006.8330078125,9786.41796875,10006.8330078125,193045
2021-07-02,9786.41796875,9874.583984375,9698.251953125,9874.583984375,331647
2021-07-05,9477.8369140625,9786.41796875,9345.5888671875,9786.41796875,601366
2021-07-06,9257.4228515625,9477.8369140625,9257.4228515625,9477.8369140625,301023
2021-07-07,8992.9248046875,9169.2568359375,8754.876953125,9037.0078125,342535
2021-07-08,9125.173828125,9257.4228515625,8948.841796875,9081.0908203125,101853
2021-07-09,8992.9248046875,9081.0908203125,8816.5927734375,8992.9248046875,278224
2021-07-12,8366.9462890625,8904.7587890625,8366.9462890625,8904.7587890625,421478
2021-07-13,8243.5146484375,8437.4794921875,8023.099609375,8287.59765625,122949
2021-07-14,8375.763671875,8437.4794921875,8111.265625,8243.5146484375,354331
2021-07-15,8631.4443359375,8640.2607421875,8269.9638671875,8375.763671875,210512
2021-07-16,8569.728515625,8807.7763671875,8472.74609375,8631.4443359375,192023
2021-07-19,8155.34814453125,8552.0947265625,8155.34814453125,8552.0947265625,219585
2021-07-20,8719.6103515625,8719.6103515625,7987.8330078125,7987.8330078125,420343
2021-07-21,8992.9248046875,9301.505859375,8816.5927734375,8816.5927734375,1017285
2021-07-22,9081.0908203125,9081.0908203125,8948.841796875,8992.9248046875,166617
2021-07-23,8948.841796875,9081.0908203125,8816.5927734375,9081.0908203125,154708
2021-07-26,8772.509765625,8948.841796875,8737.2431640625,8816.5927734375,212326
2021-07-27,8737.2431640625,8816.5927734375,8728.4267578125,8790.142578125,193611
2021-07-28,8746.060546875,8798.9599609375,8684.34375,8737.2431640625,173309
2021-07-29,8737.2431640625,8754.876953125,8684.34375,8746.060546875,127486
2021-07-30,9037.0078125,9169.2568359375,8772.509765625,9169.2568359375,455617
2021-08-02,9213.33984375,9521.919921875,8816.5927734375,8992.9248046875,396411
2021-08-03,9213.33984375,9345.5888671875,9081.0908203125,9169.2568359375,174783
2021-08-04,9389.6708984375,9477.8369140625,8948.841796875,9169.2568359375,518000
2021-08-05,9698.251953125,9918.6669921875,9213.33984375,9345.5888671875,848173
2021-08-06,9345.5888671875,9698.251953125,9345.5888671875,9698.251953125,291495
2021-08-09,9433.75390625,9566.0029296875,9081.0908203125,9345.5888671875,597622
2021-08-10,9433.75390625,9610.0859375,9169.2568359375,9433.75390625,888891
2021-08-11,9918.6669921875,10050.916015625,9433.75390625,9610.0859375,1592337
2021-08-12,9786.41796875,10271.3310546875,9698.251953125,9874.583984375,1142277
2021-08-13,9301.505859375,10050.916015625,9301.505859375,9874.583984375,556450
2021-08-16,9654.1689453125,9874.583984375,9433.75390625,9477.8369140625,452668
2021-08-17,8992.9248046875,9698.251953125,8992.9248046875,9698.251953125,936416
2021-08-18,9257.4228515625,9389.6708984375,9169.2568359375,9257.4228515625,513123
2021-08-19,9654.1689453125,9654.1689453125,9169.2568359375,9257.4228515625,424086
2021-08-20,9566.0029296875,10050.916015625,9521.919921875,9654.1689453125,1372978
2021-08-23,9521.919921875,9698.251953125,9257.4228515625,9566.0029296875,321439
2021-08-24,9345.5888671875,9521.919921875,9301.505859375,9389.6708984375,278905
2021-08-25,9257.4228515625,9433.75390625,9169.2568359375,9257.4228515625,516526
2021-08-26,9874.583984375,9874.583984375,9257.4228515625,9257.4228515625,1103486
2021-08-27,9477.8369140625,10491.7451171875,9477.8369140625,10139.08203125,1173808
2021-08-30,10050.916015625,10139.08203125,9786.41796875,9874.583984375,552367
2021-08-31,10491.7451171875,10712.16015625,9962.75,10050.916015625,1710184
2021-09-01,10579.9111328125,10844.4091796875,10403.5791015625,10491.7451171875,1096795
2021-09-06,10844.4091796875,10888.4921875,10623.994140625,10844.4091796875,1000499
2021-09-07,10227.248046875,10932.5751953125,10227.248046875,10932.5751953125,1301749
2021-09-08,10359.49609375,10535.828125,10227.248046875,10271.3310546875,504843
2021-09-09,10359.49609375,10535.828125,10227.248046875,10403.5791015625,459927
2021-09-10,10315.4140625,10535.828125,10271.3310546875,10359.49609375,654560
2021-09-13,10447.662109375,10844.4091796875,10447.662109375,10447.662109375,1129461
2021-09-14,10403.5791015625,10668.0771484375,10403.5791015625,10447.662109375,661706
2021-09-15,10359.49609375,10491.7451171875,10315.4140625,10403.5791015625,443821
2021-09-16,10623.994140625,10932.5751953125,10315.4140625,10315.4140625,1479369
2021-09-17,11329.322265625,11329.322265625,10800.326171875,10800.326171875,1187079
2021-09-20,11814.234375,12078.732421875,11637.90234375,11726.068359375,1849920
2021-09-21,11461.5703125,11637.90234375,11197.0732421875,11285.2392578125,1019554
2021-09-22,12255.064453125,12255.064453125,11461.5703125,11461.5703125,824694
2021-09-23,11461.5703125,12784.0595703125,11417.4873046875,12784.0595703125,1158497
2021-09-24,11373.404296875,11814.234375,11108.9072265625,11461.5703125,817095
2021-09-27,10668.0771484375,11461.5703125,10579.9111328125,11461.5703125,1042919
2021-09-28,11108.9072265625,11197.0732421875,10359.49609375,10447.662109375,691082
2021-09-29,10712.16015625,11020.7412109375,10579.9111328125,10844.4091796875,290815
2021-09-30,10888.4921875,11108.9072265625,10712.16015625,10756.2431640625,224462
2021-10-01,10888.4921875,11152.990234375,10756.2431640625,10888.4921875,415692
2021-10-04,11637.90234375,11637.90234375,11152.990234375,11373.404296875,752898
2021-10-05,12431.3955078125,12431.3955078125,12431.3955078125,12431.3955078125,369416
2021-10-06,12387.3125,13268.97265625,12387.3125,13268.97265625,2887169
2021-10-07,12872.2255859375,13224.8896484375,12255.064453125,12695.8935546875,1326816
2021-10-08,12872.2255859375,13092.640625,12784.0595703125,13048.5576171875,540230
2021-10-11,12651.810546875,12872.2255859375,12431.3955078125,12784.0595703125,926434
2021-10-12,12828.142578125,13180.806640625,12607.7275390625,12739.9765625,804619
2021-10-13,13048.5576171875,13489.38671875,12607.7275390625,12828.142578125,993920
2021-10-14,12960.3916015625,13313.0546875,12960.3916015625,13048.5576171875,539777
2021-10-15,12343.2294921875,13224.8896484375,12343.2294921875,13224.8896484375,610666
2021-10-18,12034.6494140625,12607.7275390625,11902.400390625,12343.2294921875,1092144
2021-10-19,12299.1474609375,12607.7275390625,12034.6494140625,12343.2294921875,389378
2021-10-20,12255.064453125,12519.5615234375,12210.9814453125,12343.2294921875,468208
2021-10-21,12431.3955078125,12607.7275390625,12166.8984375,12255.064453125,322346
2021-10-22,12563.64453125,12784.0595703125,12255.064453125,12431.3955078125,462310
2021-10-25,13004.474609375,13136.7236328125,12475.478515625,12695.8935546875,682916
2021-10-26,12784.0595703125,12960.3916015625,12739.9765625,12960.3916015625,401628
2021-10-27,13092.640625,13357.1376953125,12739.9765625,12784.0595703125,1295170
2021-10-28,12784.0595703125,13224.8896484375,12784.0595703125,13224.8896484375,802009
2021-10-29,13004.474609375,13136.7236328125,12695.8935546875,12872.2255859375,553955
2021-11-01,12695.8935546875,13004.474609375,12695.8935546875,12916.30859375,803597
2021-11-02,12651.810546875,12784.0595703125,12563.64453125,12695.8935546875,2340245
2021-11-03,12166.8984375,13004.474609375,12166.8984375,12739.9765625,695165
2021-11-04,12563.64453125,12784.0595703125,12210.9814453125,12431.3955078125,444048
2021-11-05,12739.9765625,12872.2255859375,12563.64453125,12872.2255859375,349454
2021-11-08,12607.7275390625,12784.0595703125,12607.7275390625,12784.0595703125,444955
2021-11-09,12607.7275390625,12784.0595703125,12519.5615234375,12651.810546875,586394
2021-11-10,13489.38671875,13489.38671875,12519.5615234375,12784.0595703125,1292335
2021-11-11,13577.552734375,13930.216796875,13136.7236328125,13665.71875,1057437
2021-11-12,13533.4697265625,13665.71875,13224.8896484375,13665.71875,676337
2021-11-15,13886.1337890625,14106.548828125,13401.220703125,13665.71875,878456
2021-11-16,13489.38671875,13930.216796875,13224.8896484375,13886.1337890625,591611
2021-11-17,13489.38671875,14018.3828125,13268.97265625,13268.97265625,662614
2021-11-18,13665.71875,13930.216796875,13533.4697265625,13930.216796875,574484
2021-11-19,13136.7236328125,13709.8017578125,12784.0595703125,13665.71875,869950
2021-11-22,12255.064453125,13445.3037109375,12255.064453125,13445.3037109375,802236
2021-11-23,13092.640625,13092.640625,11946.4833984375,12299.1474609375,389378
2021-11-24,12960.3916015625,13224.8896484375,12872.2255859375,13092.640625,265067
2021-11-25,12828.142578125,12960.3916015625,12519.5615234375,12784.0595703125,192931
2021-11-26,12651.810546875,13004.474609375,12563.64453125,12828.142578125,398679
2021-11-29,12475.478515625,12695.8935546875,12166.8984375,12166.8984375,222988
2021-11-30,12872.2255859375,13313.0546875,12695.8935546875,12784.0595703125,558378
2021-12-01,12872.2255859375,13268.97265625,12784.0595703125,12872.2255859375,106503
2021-12-02,12872.2255859375,13048.5576171875,12828.142578125,12872.2255859375,259396
2021-12-03,12475.478515625,13048.5576171875,12387.3125,13048.5576171875,382460
2021-12-06,11637.90234375,12475.478515625,11637.90234375,12343.2294921875,1328744
2021-12-07,11726.068359375,12343.2294921875,11461.5703125,12034.6494140625,446657
2021-12-08,11285.2392578125,12078.732421875,11285.2392578125,11902.400390625,582877
2021-12-09,11637.90234375,11814.234375,11285.2392578125,11285.2392578125,284803
2021-12-10,11461.5703125,11770.1513671875,11461.5703125,11637.90234375,421590
2021-12-13,11726.068359375,12255.064453125,11461.5703125,11461.5703125,412631
2021-12-14,11726.068359375,12122.8154296875,11681.9853515625,12122.8154296875,192023
2021-12-15,11770.1513671875,11902.400390625,11726.068359375,11770.1513671875,311571
2021-12-16,11770.1513671875,11858.3173828125,11681.9853515625,11770.1513671875,258262
2021-12-17,11681.9853515625,12034.6494140625,11681.9853515625,12034.6494140625,317922
2021-12-20,11373.404296875,11726.068359375,11373.404296875,11681.9853515625,417167
2021-12-21,11549.736328125,11681.9853515625,11373.404296875,11373.404296875,275502
2021-12-22,11197.0732421875,11726.068359375,11197.0732421875,11726.068359375,350021
2021-12-23,11020.7412109375,11417.4873046875,11020.7412109375,11417.4873046875,431232
2021-12-24,11064.82421875,11329.322265625,10932.5751953125,11285.2392578125,234216
2021-12-27,11152.990234375,11329.322265625,11064.82421875,11241.15625,209151
2021-12-28,11902.400390625,11902.400390625,11197.0732421875,11285.2392578125,1674682
2021-12-29,12034.6494140625,12563.64453125,12034.6494140625,12166.8984375,1103374
2021-12-30,11814.234375,12034.6494140625,11505.6533203125,11946.4833984375,293423
2021-12-31,11726.068359375,11902.400390625,11549.736328125,11814.234375,357393
2022-01-04,11593.8193359375,11990.56640625,11461.5703125,11726.068359375,383934
2022-01-05,11593.8193359375,11858.3173828125,11549.736328125,11858.3173828125,248735
2022-01-06,11593.8193359375,11858.3173828125,11593.8193359375,11858.3173828125,290815
2022-01-07,11637.90234375,11770.1513671875,11549.736328125,11593.8193359375,349114
2022-01-10,11505.6533203125,11858.3173828125,11505.6533203125,11858.3173828125,416033
2022-01-11,11373.404296875,11637.90234375,11285.2392578125,11505.6533203125,314860
2022-01-12,11064.82421875,11549.736328125,11020.7412109375,11241.15625,322686
2022-01-13,10623.994140625,11329.322265625,10623.994140625,11108.9072265625,406506
2022-01-14,10535.828125,10800.326171875,10403.5791015625,10579.9111328125,286732
2022-01-17,10183.1650390625,10844.4091796875,10183.1650390625,10668.0771484375,258716
2022-01-18,9698.251953125,10403.5791015625,9698.251953125,9918.6669921875,264954
2022-01-19,9918.6669921875,10050.916015625,9742.3349609375,9742.3349609375,74744
2022-01-20,10579.9111328125,10579.9111328125,9962.75,10006.8330078125,154708
2022-01-21,10756.2431640625,10888.4921875,10623.994140625,10668.0771484375,70095
2022-01-24,10227.248046875,10756.2431640625,10139.08203125,10756.2431640625,159584
2022-01-25,9918.6669921875,10315.4140625,9874.583984375,9874.583984375,140303
2022-01-26,10006.8330078125,10579.9111328125,10006.8330078125,10139.08203125,95274
2022-01-27,10006.8330078125,10447.662109375,10006.8330078125,10359.49609375,40605
2022-01-28,10315.4140625,10403.5791015625,10006.8330078125,10403.5791015625,114329
2022-02-07,10668.0771484375,10668.0771484375,10447.662109375,10668.0771484375,162760
2022-02-08,10888.4921875,10976.658203125,10535.828125,10579.9111328125,133158
2022-02-09,10888.4921875,11152.990234375,10888.4921875,10888.4921875,134405
2022-02-10,10756.2431640625,11020.7412109375,10712.16015625,11020.7412109375,149264
2022-02-11,10712.16015625,10932.5751953125,10712.16015625,10800.326171875,116257
2022-02-14,10535.828125,10844.4091796875,10535.828125,10756.2431640625,148923
2022-02-15,10623.994140625,10756.2431640625,10535.828125,10535.828125,93460
2022-02-16,10668.0771484375,10844.4091796875,10579.9111328125,10844.4091796875,91985
2022-02-17,10579.9111328125,10756.2431640625,10579.9111328125,10579.9111328125,164121
2022-02-18,10756.2431640625,10844.4091796875,10623.994140625,10668.0771484375,137807
2022-02-21,10844.4091796875,10932.5751953125,10756.2431640625,10756.2431640625,263367
2022-02-22,10756.2431640625,10844.4091796875,10712.16015625,10844.4091796875,181362
2022-02-23,10844.4091796875,10976.658203125,10756.2431640625,10932.5751953125,351949
2022-02-24,10447.662109375,10844.4091796875,10183.1650390625,10844.4091796875,346392
2022-02-25,10668.0771484375,10756.2431640625,10491.7451171875,10712.16015625,294671
2022-02-28,10668.0771484375,10844.4091796875,10623.994140625,10844.4091796875,443821
2022-03-01,10888.4921875,10976.658203125,10668.0771484375,10668.0771484375,320644
2022-03-02,10888.4921875,10932.5751953125,10668.0771484375,10888.4921875,270285
2022-03-03,11593.8193359375,11637.90234375,10888.4921875,10932.5751953125,521402
2022-03-04,11549.736328125,11902.400390625,11373.404296875,11726.068359375,520382
2022-03-07,11461.5703125,11593.8193359375,11197.0732421875,11417.4873046875,341514
2022-03-08,11197.0732421875,11461.5703125,11197.0732421875,11329.322265625,411269
2022-03-09,11373.404296875,11726.068359375,11020.7412109375,11197.0732421875,577093
2022-03-10,11373.404296875,11726.068359375,11373.404296875,11681.9853515625,220266
2022-03-11,11152.990234375,11549.736328125,11108.9072265625,11329.322265625,300569
2022-03-14,11020.7412109375,11197.0732421875,10712.16015625,11152.990234375,305219
2022-03-15,11064.82421875,11285.2392578125,10976.658203125,11064.82421875,156749
2022-03-16,11020.7412109375,11108.9072265625,10932.5751953125,11108.9072265625,106163
2022-03-17,11417.4873046875,11681.9853515625,11020.7412109375,11020.7412109375,448131
2022-03-18,11417.4873046875,11505.6533203125,11329.322265625,11373.404296875,170927
2022-03-21,11329.322265625,11461.5703125,11329.322265625,11417.4873046875,236826
2022-03-22,11417.4873046875,11593.8193359375,11108.9072265625,11329.322265625,361364
2022-03-23,11681.9853515625,11681.9853515625,11285.2392578125,11417.4873046875,617698
2022-03-24,11637.90234375,11770.1513671875,11549.736328125,11681.9853515625,256901
2022-03-25,11593.8193359375,11726.068359375,11197.0732421875,11637.90234375,288319
2022-03-28,11549.736328125,11681.9853515625,11373.404296875,11461.5703125,242383
2022-03-29,11593.8193359375,11681.9853515625,11417.4873046875,11461.5703125,227411
2022-03-30,11593.8193359375,12078.732421875,11461.5703125,11549.736328125,340721
2022-03-31,11593.8193359375,11814.234375,11593.8193359375,11726.068359375,152212
2022-04-01,11637.90234375,11726.068359375,11329.322265625,11637.90234375,551233
2022-04-04,11373.404296875,11726.068359375,11373.404296875,11593.8193359375,195653
2022-04-05,11417.4873046875,11549.736328125,11241.15625,11461.5703125,114215
2022-04-06,11108.9072265625,11417.4873046875,11108.9072265625,11417.4873046875,231155
2022-04-07,10976.658203125,11152.990234375,10579.9111328125,11108.9072265625,132590
2022-04-08,11020.7412109375,11285.2392578125,10932.5751953125,11285.2392578125,210285
2022-04-12,10623.994140625,11020.7412109375,10535.828125,10932.5751953125,167070
2022-04-13,10623.994140625,10800.326171875,9962.75,10579.9111328125,131002
2022-04-14,10756.2431640625,10888.4921875,10579.9111328125,10579.9111328125,53989
2022-04-15,10491.7451171875,10756.2431640625,10491.7451171875,10756.2431640625,91191
2022-04-18,10094.9990234375,10491.7451171875,9962.75,10183.1650390625,154935
2022-04-19,9698.251953125,10447.662109375,9698.251953125,10139.08203125,151759
2022-04-20,9610.0859375,10006.8330078125,9610.0859375,10006.8330078125,96182
2022-04-21,9433.75390625,9610.0859375,8948.841796875,9610.0859375,195653
2022-04-22,9610.0859375,9698.251953125,9389.6708984375,9521.919921875,85179
2022-04-25,9566.0029296875,9874.583984375,8948.841796875,9874.583984375,156182
2022-04-26,9698.251953125,9698.251953125,9081.0908203125,9081.0908203125,95048
2022-04-27,9698.251953125,9698.251953125,9301.505859375,9698.251953125,50018
2022-04-28,9698.251953125,9918.6669921875,9654.1689453125,9918.6669921875,131116
2022-04-29,9874.583984375,10006.8330078125,9566.0029296875,9698.251953125,81210
2022-05-04,9610.0859375,9874.583984375,9566.0029296875,9874.583984375,50926
2022-05-05,9654.1689453125,9786.41796875,9477.8369140625,9742.3349609375,48998
2022-05-06,9610.0859375,9610.0859375,9433.75390625,9433.75390625,161967
2022-05-09,9257.4228515625,9433.75390625,8992.9248046875,9389.6708984375,114556
2022-05-10,9301.505859375,9301.505859375,8992.9248046875,8992.9248046875,119320
2022-05-11,9477.8369140625,9610.0859375,9301.505859375,9610.0859375,31871
2022-05-12,9257.4228515625,9566.0029296875,9169.2568359375,9566.0029296875,124197
2022-05-13,8807.7763671875,9213.33984375,8622.6279296875,8904.7587890625,113762
2022-05-16,8904.7587890625,9081.0908203125,8728.4267578125,8816.5927734375,76332
2022-05-17,9257.4228515625,9257.4228515625,8754.876953125,8790.142578125,51833
2022-05-18,9257.4228515625,9257.4228515625,9081.0908203125,9257.4228515625,37656
2022-05-19,9257.4228515625,9257.4228515625,8904.7587890625,9081.0908203125,13610
2022-05-20,9169.2568359375,9257.4228515625,8816.5927734375,9257.4228515625,357280
2022-05-23,8992.9248046875,9169.2568359375,8992.9248046875,9081.0908203125,97543
2022-05-24,9081.0908203125,9081.0908203125,8904.7587890625,8992.9248046875,96068
2022-05-25,9169.2568359375,9257.4228515625,8992.9248046875,9169.2568359375,115464
2022-05-26,9257.4228515625,9433.75390625,9169.2568359375,9301.505859375,120794
2022-05-27,9257.4228515625,9433.75390625,9257.4228515625,9389.6708984375,105256
2022-05-30,9389.6708984375,9521.919921875,9301.505859375,9345.5888671875,47183
2022-05-31,9257.4228515625,9389.6708984375,9081.0908203125,9345.5888671875,61134
2022-06-01,9081.0908203125,9301.505859375,8992.9248046875,9257.4228515625,72817
2022-06-02,9169.2568359375,9213.33984375,8992.9248046875,9213.33984375,28128
2022-06-03,8992.9248046875,9125.173828125,8948.841796875,9081.0908203125,29263
2022-06-06,9081.0908203125,9169.2568359375,8992.9248046875,9169.2568359375,102193
2022-06-07,9081.0908203125,9125.173828125,8816.5927734375,9081.0908203125,89150
2022-06-08,9081.0908203125,9169.2568359375,8992.9248046875,8992.9248046875,168431
2022-06-09,9169.2568359375,9213.33984375,9037.0078125,9081.0908203125,133611
2022-06-10,9037.0078125,9169.2568359375,9037.0078125,9081.0908203125,41171
2022-06-13,8772.509765625,9037.0078125,8463.9287109375,9037.0078125,86881
2022-06-14,8816.5927734375,8816.5927734375,8640.2607421875,8772.509765625,161399
2022-06-15,8640.2607421875,8798.9599609375,8375.763671875,8569.728515625,119660
2022-06-16,8508.01171875,8904.7587890625,8411.029296875,8728.4267578125,53535
2022-06-17,8287.59765625,8640.2607421875,7934.93359375,8472.74609375,138829
2022-06-20,8111.265625,8305.23046875,7979.0166015625,8287.59765625,233990
2022-06-21,7793.8681640625,8111.265625,7785.05126953125,8023.099609375,42306
2022-06-22,8058.36572265625,8111.265625,7793.8681640625,7802.6845703125,91531
2022-06-23,8375.763671875,8375.763671875,7934.93359375,8058.36572265625,274141
2022-06-24,8904.7587890625,8948.841796875,8199.431640625,8199.431640625,61814
2022-06-27,8684.34375,8904.7587890625,8684.34375,8904.7587890625,41058
2022-06-28,8728.4267578125,8728.4267578125,8287.59765625,8684.34375,180227
2022-06-29,8719.6103515625,8816.5927734375,8490.37890625,8816.5927734375,17920
2022-06-30,8508.01171875,8728.4267578125,8499.1953125,8728.4267578125,35500
2022-07-01,8552.0947265625,8552.0947265625,7996.64990234375,7996.64990234375,142571
2022-07-04,8199.431640625,8552.0947265625,8199.431640625,8552.0947265625,37656
2022-07-05,8375.763671875,8375.763671875,8111.265625,8287.59765625,17126
2022-07-06,8287.59765625,8366.9462890625,7979.0166015625,7979.0166015625,8393
2022-07-07,8375.763671875,8375.763671875,8128.8984375,8155.34814453125,113762
2022-07-08,8208.248046875,8375.763671875,8164.1650390625,8287.59765625,34480
2022-07-11,8120.08203125,8366.9462890625,8023.099609375,8208.248046875,53194
2022-07-12,8120.08203125,8287.59765625,8120.08203125,8287.59765625,30397
2022-07-13,8243.5146484375,8269.9638671875,8128.8984375,8128.8984375,165936
2022-07-14,8243.5146484375,8375.763671875,8243.5146484375,8269.9638671875,67032
2022-07-15,8269.9638671875,8314.046875,8269.9638671875,8269.9638671875,71683
2022-07-18,8358.1298828125,8446.2958984375,8269.9638671875,8366.9462890625,26994
2022-07-19,8411.029296875,8419.845703125,8243.5146484375,8287.59765625,210625
2022-07-20,8463.9287109375,8463.9287109375,8375.763671875,8463.9287109375,36861
2022-07-21,8490.37890625,8508.01171875,8393.396484375,8490.37890625,112288
2022-07-22,8499.1953125,8552.0947265625,8437.4794921875,8552.0947265625,94367
2022-07-25,8419.845703125,8534.4619140625,8375.763671875,8499.1953125,76673
2022-07-26,8411.029296875,8411.029296875,8269.9638671875,8269.9638671875,68393
2022-07-27,8534.4619140625,8552.0947265625,8269.9638671875,8419.845703125,78601
2022-07-28,8481.5625,8552.0947265625,8463.9287109375,8552.0947265625,17806
2022-07-29,8375.763671875,8631.4443359375,8314.046875,8631.4443359375,42646
2022-08-01,8340.4970703125,8463.9287109375,8305.23046875,8463.9287109375,35500
2022-08-02,8472.74609375,8534.4619140625,8375.763671875,8534.4619140625,35273
2022-08-03,8490.37890625,8534.4619140625,8375.763671875,8534.4619140625,62836
2022-08-04,8499.1953125,8640.2607421875,8472.74609375,8481.5625,117391
2022-08-05,8552.0947265625,8860.67578125,8490.37890625,8508.01171875,114669
2022-08-08,8772.509765625,8816.5927734375,8560.912109375,8560.912109375,144386
2022-08-09,8693.16015625,8816.5927734375,8693.16015625,8772.509765625,58072
2022-08-10,8719.6103515625,8807.7763671875,8472.74609375,8684.34375,109679
2022-08-11,8560.912109375,8728.4267578125,8472.74609375,8728.4267578125,73610
2022-08-12,8640.2607421875,8719.6103515625,8552.0947265625,8640.2607421875,104007
2022-08-15,8649.0771484375,8772.509765625,8613.8115234375,8657.89453125,38109
2022-08-16,8596.177734375,8649.0771484375,8569.728515625,8649.0771484375,197694
2022-08-17,8666.7109375,8666.7109375,8560.912109375,8587.361328125,19962
2022-08-18,8657.89453125,8666.7109375,8560.912109375,8640.2607421875,16672
2022-08-19,8552.0947265625,8649.0771484375,8508.01171875,8640.2607421875,33232
2022-08-22,8508.01171875,8552.0947265625,8199.431640625,8552.0947265625,32892
2022-08-23,8552.0947265625,8552.0947265625,8384.580078125,8384.580078125,23704
2022-08-24,8596.177734375,8604.994140625,8472.74609375,8499.1953125,80869
2022-08-25,8631.4443359375,8631.4443359375,8543.2783203125,8587.361328125,68734
2022-08-26,8516.8291015625,8675.52734375,8472.74609375,8569.728515625,155955
2022-08-29,8446.2958984375,8490.37890625,8375.763671875,8402.212890625,72136
2022-08-30,8446.2958984375,8463.9287109375,8349.3134765625,8358.1298828125,15992
2022-08-31,8455.1123046875,8455.1123046875,8358.1298828125,8375.763671875,183517
2022-09-05,8411.029296875,8463.9287109375,8384.580078125,8393.396484375,12022
2022-09-06,8516.8291015625,8516.8291015625,8375.763671875,8411.029296875,119320
2022-09-07,8331.6806640625,8516.8291015625,8331.6806640625,8516.8291015625,166050
2022-09-08,8331.6806640625,8349.3134765625,8208.248046875,8331.6806640625,42193
2022-09-09,8296.4140625,8322.86328125,8199.431640625,8287.59765625,23477
2022-09-12,8419.845703125,8419.845703125,8225.880859375,8287.59765625,129074
2022-09-13,8375.763671875,8419.845703125,8331.6806640625,8419.845703125,27675
2022-09-14,8278.7802734375,8366.9462890625,8243.5146484375,8366.9462890625,107524
2022-09-15,8225.880859375,8419.845703125,8225.880859375,8419.845703125,34707
2022-09-16,8261.1474609375,8287.59765625,8155.34814453125,8225.880859375,46049
2022-09-19,8199.431640625,8366.9462890625,8102.44873046875,8366.9462890625,35387
2022-09-20,8155.34814453125,8199.431640625,8111.265625,8199.431640625,104234
2022-09-21,8199.431640625,8463.9287109375,8093.63232421875,8155.34814453125,48204
2022-09-22,8287.59765625,8287.59765625,8067.1826171875,8199.431640625,9186
2022-09-23,8084.8154296875,8322.86328125,8075.9990234375,8243.5146484375,132590
2022-09-26,8023.099609375,8111.265625,7934.93359375,8075.9990234375,195767
2022-09-27,7979.0166015625,8023.099609375,7934.93359375,7943.75,56824
2022-09-28,8331.6806640625,8331.6806640625,7934.93359375,7943.75,239548
2022-09-29,8023.099609375,8331.6806640625,8023.099609375,8331.6806640625,16899
2022-09-30,8111.265625,8146.53173828125,7502.92041015625,8005.46630859375,66919
2022-10-03,8199.431640625,8499.1953125,7934.93359375,8111.265625,239888
2022-10-04,8358.1298828125,8446.2958984375,7846.767578125,8190.61474609375,199850
2022-10-05,8287.59765625,8481.5625,8155.34814453125,8455.1123046875,74858
2022-10-06,8375.763671875,8375.763671875,8111.265625,8287.59765625,302950
2022-10-07,8023.099609375,8375.763671875,7934.93359375,8366.9462890625,189188
2022-10-10,7934.93359375,8111.265625,7846.767578125,7934.93359375,289907
2022-10-11,7926.1171875,7934.93359375,7582.27001953125,7934.93359375,64763
2022-10-12,7934.93359375,8111.265625,7767.41845703125,7767.41845703125,161626
2022-10-13,7934.93359375,8023.099609375,7758.6015625,7846.767578125,301703
2022-10-14,8049.54931640625,8049.54931640625,7873.21728515625,8023.099609375,34480
2022-10-17,8111.265625,8287.59765625,7934.93359375,8190.61474609375,133724
2022-10-18,8146.53173828125,8199.431640625,7785.05126953125,7785.05126953125,6578
2022-10-19,8111.265625,8111.265625,7846.767578125,7846.767578125,6578
2022-10-20,8014.28271484375,8023.099609375,7846.767578125,8023.099609375,38109
2022-10-21,7873.21728515625,8023.099609375,7582.27001953125,7582.27001953125,144613
2022-10-24,7934.93359375,8111.265625,7344.2216796875,7934.93359375,118299
2022-10-25,7934.93359375,8023.099609375,7582.27001953125,7846.767578125,116484
2022-10-26,8111.265625,8111.265625,7599.90283203125,7846.767578125,118639
2022-10-27,8111.265625,8111.265625,7926.1171875,8111.265625,47069
2022-10-28,8084.8154296875,8111.265625,8075.9990234375,8102.44873046875,5103
2022-10-31,8023.099609375,8023.099609375,7873.21728515625,7934.93359375,83365
2022-11-01,8014.28271484375,8102.44873046875,7934.93359375,8102.44873046875,5557
2022-11-02,8023.099609375,8093.63232421875,7494.10400390625,7934.93359375,10094
2022-11-03,7996.64990234375,8067.1826171875,7890.8505859375,7934.93359375,11795
2022-11-04,7979.0166015625,8014.28271484375,7502.92041015625,7996.64990234375,22911
2022-11-07,7961.38330078125,7979.0166015625,7635.16943359375,7934.93359375,46616
2022-11-08,7961.38330078125,7961.38330078125,7679.25244140625,7758.6015625,318944
2022-11-09,7952.56689453125,8181.79833984375,7776.23486328125,8181.79833984375,12022
2022-11-10,7934.93359375,8137.71533203125,7405.93798828125,8137.71533203125,45595
2022-11-11,7961.38330078125,7961.38330078125,7494.10400390625,7926.1171875,74405
2022-11-14,7934.93359375,7934.93359375,7405.93798828125,7934.93359375,83705
2022-11-15,7820.31787109375,7820.31787109375,7379.48828125,7582.27001953125,117732
2022-11-16,7740.96826171875,7908.48388671875,7273.68896484375,7273.68896484375,66238
2022-11-17,7934.93359375,7979.0166015625,7714.5185546875,7934.93359375,93119
2022-11-18,8023.099609375,8023.099609375,7520.5537109375,7520.5537109375,249983
2022-11-21,7979.0166015625,8023.099609375,7758.6015625,7758.6015625,416714
2022-11-22,8014.28271484375,8014.28271484375,7846.767578125,7934.93359375,20189
2022-11-23,7979.0166015625,8014.28271484375,7714.5185546875,8014.28271484375,56938
2022-11-24,7961.38330078125,7961.38330078125,7670.435546875,7961.38330078125,2835
2022-11-25,7943.75,8014.28271484375,7749.78515625,8014.28271484375,63062
2022-11-28,7996.64990234375,8093.63232421875,7758.6015625,8093.63232421875,33912
2022-11-29,7970.19970703125,7996.64990234375,7758.6015625,7996.64990234375,176144
2022-11-30,7688.06884765625,7934.93359375,7432.3876953125,7934.93359375,20642
2022-12-01,7917.30029296875,7934.93359375,7714.5185546875,7846.767578125,13157
2022-12-02,7723.33544921875,7934.93359375,7670.435546875,7926.1171875,16332
2022-12-05,7811.50146484375,7934.93359375,7776.23486328125,7934.93359375,13269
2022-12-06,7758.6015625,7846.767578125,7714.5185546875,7811.50146484375,25746
2022-12-07,7494.10400390625,7837.951171875,7494.10400390625,7670.435546875,58979
2022-12-08,7732.15185546875,7917.30029296875,7282.505859375,7494.10400390625,68053
2022-12-09,7793.42724609375,8215.962890625,7699.5302734375,8215.962890625,8839
2022-12-12,7887.32373046875,8122.06591796875,7699.5302734375,7934.2724609375,248464
2022-12-13,7521.126953125,7868.54443359375,7521.126953125,7868.54443359375,15549
2022-12-14,7784.03759765625,8037.55859375,7333.33349609375,7680.7509765625,91164
2022-12-15,7840.37548828125,8253.521484375,7549.2958984375,8253.521484375,13632
2022-12-16,7596.244140625,7812.20654296875,7342.72314453125,7793.42724609375,82431
2022-12-19,7690.140625,7784.03759765625,7511.7373046875,7605.6337890625,38446
2022-12-20,7605.6337890625,7643.1923828125,7417.84033203125,7643.1923828125,19063
2022-12-21,7521.126953125,7718.31005859375,7342.72314453125,7615.0234375,35038
2022-12-22,7596.244140625,7661.9716796875,7511.7373046875,7652.58203125,17146
2022-12-23,7586.8544921875,7680.7509765625,7586.8544921875,7680.7509765625,14271
2022-12-26,7586.8544921875,7586.8544921875,7258.2158203125,7586.8544921875,36955
2022-12-27,7549.2958984375,7586.8544921875,7183.0986328125,7586.8544921875,26625
2022-12-28,7558.685546875,7605.6337890625,7023.47412109375,7530.5166015625,108949
2022-12-29,7502.34765625,7549.2958984375,7333.33349609375,7549.2958984375,99790
2022-12-30,7511.7373046875,7586.8544921875,7333.33349609375,7502.34765625,69225
2023-01-03,7549.2958984375,7596.244140625,7136.150390625,7596.244140625,90099
2023-01-04,7596.244140625,7784.03759765625,7549.2958984375,7549.2958984375,455500
2023-01-05,7680.7509765625,7690.140625,7596.244140625,7596.244140625,343995
2023-01-06,7680.7509765625,7718.31005859375,7680.7509765625,7718.31005859375,178813
2023-01-09,7680.7509765625,7680.7509765625,7230.046875,7680.7509765625,144946
2023-01-10,7680.7509765625,7746.47900390625,7605.6337890625,7680.7509765625,145585
2023-01-11,7671.361328125,7680.7509765625,7323.94384765625,7680.7509765625,131953
2023-01-12,7671.361328125,7671.361328125,7342.72314453125,7671.361328125,136107
2023-01-13,7680.7509765625,7793.42724609375,7530.5166015625,7793.42724609375,109375
2023-01-16,7680.7509765625,7680.7509765625,7521.126953125,7680.7509765625,116298
2023-01-17,7671.361328125,7680.7509765625,7521.126953125,7680.7509765625,123114
2023-01-18,7680.7509765625,7737.08935546875,7352.11279296875,7737.08935546875,227164
2023-01-19,7971.8310546875,8215.962890625,7464.78857421875,7464.78857421875,88501
2023-01-27,7971.8310546875,7981.220703125,7539.90625,7971.8310546875,23110
2023-01-30,7990.6103515625,8525.8212890625,7793.42724609375,8065.7275390625,59001
2023-01-31,8431.9248046875,8450.7041015625,7821.59619140625,8441.314453125,66136
2023-02-01,8169.01416015625,8450.7041015625,8075.1171875,8450.7041015625,22258
2023-02-02,8075.1171875,8159.62451171875,7699.5302734375,8159.62451171875,16720
2023-02-03,8075.1171875,8319.2490234375,7887.32373046875,8075.1171875,8520
2023-02-06,8075.1171875,8338.0283203125,7699.5302734375,8338.0283203125,12141
2023-02-07,8046.9482421875,8356.8076171875,7840.37548828125,8075.1171875,17466
2023-02-08,8028.1689453125,8065.7275390625,7615.0234375,7615.0234375,47392
2023-02-09,8319.2490234375,8319.2490234375,7793.42724609375,8112.67626953125,255387
2023-02-10,8460.09375,8460.09375,7840.37548828125,8150.23486328125,351130
2023-02-13,8075.1171875,8619.71875,7981.220703125,8450.7041015625,464659
2023-02-14,8262.9111328125,8450.7041015625,7896.71337890625,8450.7041015625,313855
2023-02-15,8356.8076171875,8638.498046875,8262.9111328125,8384.9765625,264439
2023-02-16,8403.755859375,8544.6005859375,8075.1171875,8535.2109375,195321
2023-02-17,8347.41796875,8356.8076171875,8122.06591796875,8122.06591796875,25453
2023-02-20,8347.41796875,8441.314453125,8169.01416015625,8347.41796875,26412
2023-02-21,8450.7041015625,8450.7041015625,8262.9111328125,8450.7041015625,902800
2023-02-22,8516.431640625,8619.71875,8403.755859375,8600.939453125,554971
2023-02-23,8535.2109375,8572.76953125,8431.9248046875,8544.6005859375,433668
2023-02-24,8338.0283203125,8535.2109375,8328.638671875,8535.2109375,30352
2023-02-27,7896.71337890625,8441.314453125,7896.71337890625,8441.314453125,63687
2023-02-28,7971.8310546875,8150.23486328125,7793.42724609375,8150.23486328125,84561
2023-03-01,7915.4931640625,8093.896484375,7906.103515625,7953.0517578125,58788
2023-03-02,7981.220703125,8056.337890625,7812.20654296875,8028.1689453125,3301
2023-03-03,8131.45556640625,8281.6904296875,7896.71337890625,8281.6904296875,65923
2023-03-06,8065.7275390625,8065.7275390625,7896.71337890625,7896.71337890625,6390
2023-03-07,7981.220703125,8065.7275390625,7906.103515625,8065.7275390625,21939
2023-03-08,7962.44140625,7971.8310546875,7802.81689453125,7971.8310546875,13419
2023-03-09,8028.1689453125,8028.1689453125,7943.662109375,8018.779296875,201498
2023-03-10,8028.1689453125,8056.337890625,7821.59619140625,8056.337890625,30352
2023-03-13,7981.220703125,7981.220703125,7765.25830078125,7934.2724609375,143242
2023-03-14,7887.32373046875,7962.44140625,7708.92041015625,7962.44140625,116404
2023-03-15,8122.06591796875,8122.06591796875,7793.42724609375,7934.2724609375,103518
2023-03-16,7840.37548828125,7887.32373046875,7699.5302734375,7887.32373046875,89779
2023-03-17,7840.37548828125,7887.32373046875,7699.5302734375,7840.37548828125,170187
2023-03-20,7690.140625,8075.1171875,7511.7373046875,7793.42724609375,340480
2023-03-21,7699.5302734375,7840.37548828125,7417.84033203125,7417.84033203125,59001
2023-03-22,7605.6337890625,7699.5302734375,7502.34765625,7699.5302734375,49522
2023-03-23,7605.6337890625,7793.42724609375,7417.84033203125,7793.42724609375,70396
2023-03-24,7615.0234375,7671.361328125,7427.22998046875,7671.361328125,80727
2023-03-27,7633.802734375,7652.58203125,7464.78857421875,7615.0234375,76147
2023-03-28,8159.62451171875,8159.62451171875,7511.7373046875,7661.9716796875,623025
2023-03-29,8150.23486328125,8638.498046875,7699.5302734375,8638.498046875,358053
2023-03-30,7981.220703125,8262.9111328125,7877.93408203125,8262.9111328125,230146
2023-03-31,7840.37548828125,8075.1171875,7793.42724609375,8075.1171875,361035
2023-04-03,7981.220703125,7981.220703125,7793.42724609375,7840.37548828125,381270
2023-04-04,8065.7275390625,8215.962890625,7934.2724609375,7981.220703125,740601
2023-04-05,8075.1171875,8356.8076171875,7981.220703125,7981.220703125,734743
2023-04-06,8450.7041015625,8638.498046875,8046.9482421875,8075.1171875,1487485
2023-04-07,8450.7041015625,8760.5634765625,8450.7041015625,8544.6005859375,639532
2023-04-10,8309.859375,8497.65234375,8234.7421875,8497.65234375,1378429
2023-04-11,8882.62890625,8882.62890625,8215.962890625,8262.9111328125,3344206
2023-04-12,9483.568359375,9483.568359375,9295.7744140625,9389.6708984375,1589086
2023-04-13,9483.568359375,10000.0,8938.966796875,9389.6708984375,2485284
2023-04-14,9305.1640625,9906.103515625,9305.1640625,9389.6708984375,1743618
2023-04-17,9389.6708984375,9530.5166015625,9314.5537109375,9389.6708984375,816855
2023-04-18,9342.72265625,9530.5166015625,9305.1640625,9483.568359375,244843
2023-04-19,9295.7744140625,9380.28125,9267.60546875,9361.501953125,371046
2023-04-20,9906.103515625,9906.103515625,9248.826171875,9295.7744140625,2130000
2023-04-21,10328.638671875,10516.431640625,9953.0517578125,10046.9482421875,1586530
2023-04-24,11032.8642578125,11032.8642578125,9859.1552734375,10375.5869140625,2405089
2023-04-25,10798.1220703125,11267.60546875,10798.1220703125,11267.60546875,867868
2023-04-26,10845.0703125,10845.0703125,10563.3798828125,10798.1220703125,492136
2023-04-27,10845.0703125,10938.966796875,10610.3291015625,10938.966796875,215769
2023-04-28,11267.60546875,11455.3994140625,10751.173828125,10845.0703125,937519
2023-05-04,11220.6572265625,11267.60546875,10985.9150390625,11126.7607421875,253896
2023-05-05,10469.4833984375,11126.7607421875,10469.4833984375,11126.7607421875,666370
2023-05-08,10140.8447265625,10469.4833984375,9906.103515625,10140.8447265625,418864
2023-05-09,10845.0703125,10845.0703125,10046.9482421875,10140.8447265625,1710070
2023-05-10,10657.27734375,11173.708984375,10610.3291015625,10892.0185546875,469026
2023-05-11,10657.27734375,10892.0185546875,10516.431640625,10610.3291015625,410344
2023-05-12,10563.3798828125,10892.0185546875,10328.638671875,10657.27734375,433135
2023-05-15,10751.173828125,10892.0185546875,10375.5869140625,10516.431640625,674251
2023-05-16,10657.27734375,10751.173828125,10328.638671875,10704.2255859375,244843
2023-05-17,10845.0703125,10892.0185546875,10469.4833984375,10657.27734375,649863
2023-05-18,10845.0703125,10985.9150390625,10610.3291015625,10845.0703125,652632
2023-05-19,10516.431640625,10845.0703125,10516.431640625,10845.0703125,662323
2023-05-22,10704.2255859375,10704.2255859375,10422.53515625,10469.4833984375,294046
2023-05-23,10657.27734375,10751.173828125,10563.3798828125,10704.2255859375,215130
2023-05-24,11361.501953125,11361.501953125,10751.173828125,10798.1220703125,4003761
2023-05-25,12112.67578125,12112.67578125,11924.8828125,12112.67578125,3197130
2023-05-26,12065.7275390625,12206.5732421875,11267.60546875,12206.5732421875,5553975
2023-05-29,11314.5537109375,12065.7275390625,11267.60546875,12065.7275390625,2801269
2023-05-30,10563.3798828125,11267.60546875,10563.3798828125,11220.6572265625,2334054
2023-05-31,10046.9482421875,10516.431640625,9859.1552734375,10328.638671875,2898504
2023-06-01,10234.7421875,10328.638671875,9953.0517578125,10281.6904296875,508218
2023-06-02,10046.9482421875,10328.638671875,10000.0,10328.638671875,756576
2023-06-05,9765.2578125,10140.8447265625,9436.6201171875,10140.8447265625,1265433
2023-06-06,9765.2578125,10000.0,9530.5166015625,9765.2578125,538996
2023-06-07,9812.20703125,10187.79296875,9718.3095703125,9906.103515625,962547
2023-06-08,9718.3095703125,9953.0517578125,9718.3095703125,9812.20703125,1067875
2023-06-09,9671.361328125,9812.20703125,9436.6201171875,9718.3095703125,592885
2023-06-12,9577.46484375,9859.1552734375,9483.568359375,9859.1552734375,375732
2023-06-13,9765.2578125,9953.0517578125,9530.5166015625,9577.46484375,2624905
2023-06-14,9718.3095703125,9953.0517578125,9671.361328125,9953.0517578125,414924
2023-06-15,9671.361328125,9812.20703125,9530.5166015625,9765.2578125,603855
2023-06-16,9436.6201171875,9765.2578125,9436.6201171875,9765.2578125,928041
2023-06-19,9530.5166015625,9671.361328125,9483.568359375,9483.568359375,457098
2023-06-20,9577.46484375,9624.4130859375,9530.5166015625,9624.4130859375,479356
2023-06-21,9765.2578125,9859.1552734375,9577.46484375,9577.46484375,1214100
2023-06-22,9859.1552734375,9906.103515625,9765.2578125,9812.20703125,861585
2023-06-23,10328.638671875,10375.5869140625,9906.103515625,9953.0517578125,2301571
2023-06-26,9953.0517578125,10328.638671875,9671.361328125,10281.6904296875,672760
2023-06-27,9812.20703125,10046.9482421875,9765.2578125,9953.0517578125,398949
2023-06-28,9859.1552734375,10140.8447265625,9765.2578125,9859.1552734375,1326031
2023-06-29,9765.2578125,9953.0517578125,9718.3095703125,9812.20703125,1324114
2023-06-30,9812.20703125,9859.1552734375,9671.361328125,9812.20703125,269338
2023-07-03,9765.2578125,9906.103515625,9718.3095703125,9906.103515625,290745
2023-07-04,10046.9482421875,10093.896484375,9671.361328125,9765.2578125,1573218
2023-07-05,9953.0517578125,10140.8447265625,9906.103515625,10000.0,646135
2023-07-06,9765.2578125,10000.0,9765.2578125,9953.0517578125,497461
2023-07-07,9859.1552734375,9906.103515625,9671.361328125,9765.2578125,540594
2023-07-10,9812.20703125,9859.1552734375,9718.3095703125,9859.1552734375,742411
2023-07-11,9859.1552734375,9906.103515625,9765.2578125,9765.2578125,976818
2023-07-12,9859.1552734375,9953.0517578125,9765.2578125,9859.1552734375,544534
2023-07-13,10046.9482421875,10281.6904296875,9812.20703125,9859.1552734375,3256876
2023-07-14,10046.9482421875,10375.5869140625,9906.103515625,10140.8447265625,759025
2023-07-17,9953.0517578125,10281.6904296875,9906.103515625,10234.7421875,411409
2023-07-18,9906.103515625,10140.8447265625,9859.1552734375,9953.0517578125,985657
2023-07-19,9906.103515625,10000.0,9859.1552734375,9953.0517578125,342717
2023-07-20,9906.103515625,9953.0517578125,9859.1552734375,9906.103515625,331747
2023-07-21,9906.103515625,9953.0517578125,9859.1552734375,9953.0517578125,657211
2023-07-24,9953.0517578125,10140.8447265625,9953.0517578125,10000.0,582555
2023-07-25,9953.0517578125,10046.9482421875,9953.0517578125,9953.0517578125,532180
2023-07-26,10610.3291015625,10610.3291015625,10046.9482421875,10046.9482421875,3278815
2023-07-27,10422.53515625,10845.0703125,10328.638671875,10845.0703125,613972
2023-07-28,10422.53515625,10563.3798828125,10281.6904296875,10422.53515625,1313677
2023-07-31,10751.173828125,11126.7607421875,10422.53515625,10422.53515625,1140934
2023-08-01,10328.638671875,10892.0185546875,10328.638671875,10892.0185546875,1055308
2023-08-02,10563.3798828125,10610.3291015625,10328.638671875,10516.431640625,578721
2023-08-03,10516.431640625,10751.173828125,10516.431640625,10657.27734375,556569
2023-08-04,10563.3798828125,10798.1220703125,10469.4833984375,10516.431640625,632610
2023-08-07,10657.27734375,10892.0185546875,10563.3798828125,10610.3291015625,1040185
2023-08-08,10704.2255859375,10798.1220703125,10657.27734375,10657.27734375,450175
2023-08-09,10798.1220703125,11173.708984375,10751.173828125,10892.0185546875,1021867
2023-08-10,10610.3291015625,10985.9150390625,10610.3291015625,10892.0185546875,953068
2023-08-11,10751.173828125,10751.173828125,10516.431640625,10657.27734375,831232
2023-08-14,10798.1220703125,10892.0185546875,10704.2255859375,10892.0185546875,558273
2023-08-15,10751.173828125,10798.1220703125,10657.27734375,10798.1220703125,304803
2023-08-16,10751.173828125,11173.708984375,10563.3798828125,10751.173828125,1407504
2023-08-17,10798.1220703125,10985.9150390625,10704.2255859375,10751.173828125,536121
2023-08-18,10657.27734375,10892.0185546875,10140.8447265625,10751.173828125,1219957
2023-08-21,10657.27734375,10704.2255859375,10328.638671875,10516.431640625,836557
2023-08-22,10704.2255859375,10704.2255859375,10328.638671875,10657.27734375,611736
2023-08-23,10657.27734375,10751.173828125,10516.431640625,10704.2255859375,244417
2023-08-24,10563.3798828125,10610.3291015625,10516.431640625,10610.3291015625,177642
2023-08-25,10469.4833984375,10610.3291015625,10375.5869140625,10563.3798828125,187972
2023-08-28,10657.27734375,10751.173828125,10422.53515625,10422.53515625,976924
2023-08-29,10657.27734375,10704.2255859375,10563.3798828125,10704.2255859375,308743
2023-08-30,10657.27734375,10704.2255859375,10610.3291015625,10610.3291015625,740068
2023-08-31,10657.27734375,10704.2255859375,10610.3291015625,10657.27734375,539529
2023-09-05,11361.501953125,11361.501953125,10657.27734375,10657.27734375,2693704
2023-09-06,11455.3994140625,11690.140625,11126.7607421875,11643.1923828125,769782
2023-09-07,11408.451171875,11596.244140625,11220.6572265625,11596.244140625,715999
2023-09-08,11549.2958984375,11737.0888671875,11220.6572265625,11220.6572265625,505662
2023-09-11,11267.60546875,11737.0888671875,11267.60546875,11737.0888671875,752316
2023-09-12,11408.451171875,11455.3994140625,11220.6572265625,11267.60546875,301927
2023-09-13,11314.5537109375,11455.3994140625,11267.60546875,11361.501953125,579147
2023-09-14,11032.8642578125,11314.5537109375,10892.0185546875,11267.60546875,1142425
2023-09-15,10892.0185546875,11032.8642578125,10845.0703125,11032.8642578125,417586
2023-09-18,10798.1220703125,10985.9150390625,10751.173828125,10938.966796875,217260
2023-09-19,10892.0185546875,10985.9150390625,10610.3291015625,10798.1220703125,195960
2023-09-20,11079.8125,11173.708984375,10892.0185546875,10892.0185546875,251872
2023-09-21,10985.9150390625,11079.8125,10938.966796875,11079.8125,210976
2023-09-22,10610.3291015625,10938.966796875,10516.431640625,10938.966796875,343249
2023-09-25,9906.103515625,10610.3291015625,9906.103515625,10610.3291015625,676275
2023-09-26,10000.0,10187.79296875,9906.103515625,9906.103515625,187972
2023-09-27,10328.638671875,10328.638671875,9953.0517578125,10328.638671875,479143
2023-09-28,10187.79296875,10281.6904296875,10046.9482421875,10140.8447265625,105967
2023-09-29,10281.6904296875,10469.4833984375,10140.8447265625,10234.7421875,125137
2023-10-02,10234.7421875,10328.638671875,10140.8447265625,10281.6904296875,261031
2023-10-03,9953.0517578125,10140.8447265625,9859.1552734375,10093.896484375,230892
2023-10-04,9859.1552734375,10187.79296875,9859.1552734375,9859.1552734375,266995
2023-10-05,10140.8447265625,10516.431640625,9953.0517578125,10000.0,1042209
2023-10-06,10187.79296875,10328.638671875,10140.8447265625,10140.8447265625,147502
2023-10-09,10234.7421875,10328.638671875,10187.79296875,10187.79296875,180304
2023-10-10,10234.7421875,10422.53515625,10234.7421875,10422.53515625,251553
2023-10-11,10234.7421875,10469.4833984375,10234.7421875,10281.6904296875,154744
2023-10-12,10328.638671875,10563.3798828125,10281.6904296875,10563.3798828125,180304
2023-10-13,10281.6904296875,10375.5869140625,10234.7421875,10328.638671875,229614
2023-10-16,10234.7421875,10328.638671875,10234.7421875,10281.6904296875,227910
2023-10-17,10187.79296875,10469.4833984375,10187.79296875,10281.6904296875,136533
2023-10-18,9953.0517578125,10187.79296875,9671.361328125,10187.79296875,331108
2023-10-19,9906.103515625,10046.9482421875,9812.20703125,9906.103515625,191167
2023-10-20,10187.79296875,10187.79296875,9859.1552734375,9953.0517578125,237282
2023-10-23,10093.896484375,10328.638671875,10046.9482421875,10187.79296875,344527
2023-10-24,10140.8447265625,10187.79296875,10046.9482421875,10140.8447265625,110334
2023-10-25,10093.896484375,10281.6904296875,10093.896484375,10140.8447265625,181476
2023-10-26,9436.6201171875,10093.896484375,9436.6201171875,10093.896484375,750612
2023-10-27,9530.5166015625,9718.3095703125,9342.72265625,9483.568359375,209805
2023-10-30,9389.6708984375,9671.361328125,9389.6708984375,9530.5166015625,231318
2023-10-31,8920.1875,9389.6708984375,8826.291015625,9389.6708984375,1898256
2023-11-01,9107.9814453125,9154.9296875,8460.09375,8920.1875,342823
2023-11-02,9389.6708984375,9718.3095703125,9098.591796875,9107.9814453125,1727110
2023-11-03,9483.568359375,9530.5166015625,9342.72265625,9436.6201171875,238134
2023-11-06,9577.46484375,9577.46484375,9389.6708984375,9483.568359375,633888
2023-11-07,9389.6708984375,9577.46484375,9389.6708984375,9577.46484375,221307
2023-11-08,10046.9482421875,10046.9482421875,9389.6708984375,9389.6708984375,1353615
2023-11-09,9859.1552734375,10234.7421875,9859.1552734375,10046.9482421875,142284
2023-11-10,9953.0517578125,10234.7421875,9765.2578125,9859.1552734375,264439
2023-11-13,9765.2578125,9953.0517578125,9718.3095703125,9953.0517578125,261138
2023-11-14,9859.1552734375,10093.896484375,9765.2578125,9812.20703125,101494
2023-11-15,9859.1552734375,10046.9482421875,9859.1552734375,10000.0,388618
2023-11-16,9906.103515625,9953.0517578125,9859.1552734375,9859.1552734375,211828
2023-11-17,9859.1552734375,10093.896484375,9671.361328125,9953.0517578125,291490
2023-11-20,9765.2578125,9859.1552734375,9671.361328125,9671.361328125,180198
2023-11-21,9765.2578125,10046.9482421875,9765.2578125,10046.9482421875,226845
2023-11-22,9765.2578125,9906.103515625,9718.3095703125,9812.20703125,218431
2023-11-23,9436.6201171875,9812.20703125,9436.6201171875,9765.2578125,299265
2023-11-24,9530.5166015625,9577.46484375,9380.28125,9530.5166015625,271575
2023-11-27,9436.6201171875,9624.4130859375,9314.5537109375,9577.46484375,211828
2023-11-28,9671.361328125,9671.361328125,9314.5537109375,9436.6201171875,174127
2023-11-29,9671.361328125,9859.1552734375,9577.46484375,9859.1552734375,173701
2023-11-30,9671.361328125,9671.361328125,9530.5166015625,9671.361328125,153466
2023-12-01,9718.3095703125,9859.1552734375,9577.46484375,9859.1552734375,126309
2023-12-04,9859.1552734375,9859.1552734375,9577.46484375,9718.3095703125,324186
2023-12-05,9812.20703125,9859.1552734375,9718.3095703125,9859.1552734375,182967
2023-12-06,9953.0517578125,9953.0517578125,9765.2578125,9906.103515625,851893
2023-12-07,9671.361328125,10140.8447265625,9577.46484375,9859.1552734375,257623
2023-12-08,9906.103515625,10046.9482421875,9765.2578125,9953.0517578125,247612
2023-12-11,9906.103515625,9953.0517578125,9765.2578125,9953.0517578125,192126
2023-12-12,9953.0517578125,10000.0,9906.103515625,9906.103515625,181582
2023-12-13,9859.1552734375,10000.0,9765.2578125,10000.0,218857
2023-12-14,9765.2578125,9906.103515625,9671.361328125,9718.3095703125,258049
2023-12-15,9765.2578125,9953.0517578125,9671.361328125,9953.0517578125,170080
2023-12-18,9718.3095703125,9718.3095703125,9577.46484375,9671.361328125,235578
2023-12-19,9671.361328125,9718.3095703125,9530.5166015625,9718.3095703125,152827
2023-12-20,9671.361328125,9718.3095703125,9577.46484375,9671.361328125,186481
2023-12-21,9671.361328125,9765.2578125,9577.46484375,9624.4130859375,176577
2023-12-22,9906.103515625,10140.8447265625,9765.2578125,9765.2578125,463914
2023-12-25,10093.896484375,10140.8447265625,10000.0,10000.0,215556
2023-12-26,9906.103515625,10234.7421875,9859.1552734375,10234.7421875,235258
2023-12-27,9906.103515625,9906.103515625,9765.2578125,9765.2578125,275196
2023-12-28,9812.20703125,9906.103515625,9765.2578125,9906.103515625,212574
2023-12-29,9765.2578125,9859.1552734375,9718.3095703125,9812.20703125,180837
2024-01-02,9859.1552734375,10000.0,9718.3095703125,10000.0,191380
2024-01-03,9906.103515625,9906.103515625,9765.2578125,9859.1552734375,175831
2024-01-04,9859.1552734375,9953.0517578125,9812.20703125,9906.103515625,290851
2024-01-05,9812.20703125,9953.0517578125,9812.20703125,9859.1552734375,244417
2024-01-08,9906.103515625,9906.103515625,9812.20703125,9906.103515625,242607
2024-01-09,9812.20703125,9953.0517578125,9765.2578125,9953.0517578125,226099
2024-01-10,9671.361328125,9812.20703125,9436.6201171875,9812.20703125,337605
2024-01-11,9624.4130859375,9765.2578125,9624.4130859375,9671.361328125,179985
2024-01-12,9530.5166015625,9718.3095703125,9436.6201171875,9624.4130859375,246760
2024-01-15,9624.4130859375,9671.361328125,9530.5166015625,9671.361328125,235152
2024-01-16,9530.5166015625,9671.361328125,9436.6201171875,9624.4130859375,240477
2024-01-17,9940.0,10000.0,9530.0,9700.0,279200
2024-01-18,9780.0,9950.0,9650.0,9940.0,135500
2024-01-19,9790.0,9890.0,9780.0,9800.0,142400
2024-01-22,9640.0,9800.0,9610.0,9800.0,164200
2024-01-23,9690.0,9770.0,9630.0,9720.0,139500
2024-01-24,9600.0,9700.0,9550.0,9690.0,151200
2024-01-25,9560.0,9600.0,9520.0,9550.0,177500
2024-01-26,9580.0,9650.0,9520.0,9650.0,179200
2024-01-29,9610.0,9700.0,9520.0,9700.0,216600
2024-01-30,10000.0,10200.0,9610.0,9620.0,551900
2024-01-31,9800.0,10100.0,9350.0,10100.0,274100
2024-02-01,10200.0,10250.0,9800.0,9800.0,411300
2024-02-02,10000.0,10200.0,10000.0,10200.0,217400
2024-02-05,10150.0,10200.0,9950.0,10050.0,244600
2024-02-06,10250.0,10450.0,10150.0,10450.0,212200
2024-02-07,10400.0,10400.0,10150.0,10250.0,247100
2024-02-15,10800.0,10950.0,10350.0,10450.0,330500
2024-02-16,10850.0,10900.0,10650.0,10900.0,239500
2024-02-19,10750.0,10850.0,10600.0,10800.0,345400
2024-02-20,10650.0,10750.0,10500.0,10750.0,306300
2024-02-21,10600.0,10700.0,10450.0,10650.0,311400
2024-02-22,10550.0,10650.0,10500.0,10600.0,216100
2024-02-23,10250.0,10550.0,10200.0,10500.0,401300
2024-02-26,10300.0,10400.0,10050.0,10250.0,243600
2024-02-27,10600.0,10600.0,10300.0,10300.0,253700
2024-02-28,10350.0,10600.0,10300.0,10600.0,264800
2024-02-29,10350.0,10500.0,10250.0,10500.0,290000
2024-03-01,10400.0,10450.0,10250.0,10350.0,370900
2024-03-04,10650.0,10700.0,10300.0,10300.0,416100
2024-03-05,10500.0,10750.0,10450.0,10750.0,264900
2024-03-06,10350.0,10500.0,10300.0,10500.0,264300
2024-03-07,10350.0,10450.0,10250.0,10350.0,270100
2024-03-08,10150.0,10350.0,10150.0,10250.0,340700
2024-03-11,10200.0,10300.0,10050.0,10150.0,342700
2024-03-12,10300.0,10300.0,10150.0,10200.0,273700
2024-03-13,10750.0,10950.0,10200.0,10300.0,741400
2024-03-14,10900.0,11200.0,10650.0,10750.0,578300
2024-03-15,10700.0,10950.0,10650.0,10950.0,277100
2024-03-18,10400.0,10700.0,10300.0,10550.0,585300
2024-03-19,10300.0,10450.0,10300.0,10450.0,210500
2024-03-20,10550.0,10600.0,10300.0,10300.0,276000
2024-03-21,10550.0,10650.0,10500.0,10550.0,310000
2024-03-22,10600.0,10700.0,10500.0,10700.0,398200
2024-03-25,10500.0,10600.0,10400.0,10550.0,317500
2024-03-26,10500.0,10600.0,10400.0,10450.0,240500
2024-03-27,10550.0,10750.0,10500.0,10500.0,254300
2024-03-28,10500.0,10650.0,10500.0,10550.0,197200
2024-03-29,10500.0,10500.0,10400.0,10500.0,218500
2024-04-01,10400.0,10450.0,10200.0,10200.0,190500
2024-04-02,10650.0,10650.0,10350.0,10400.0,151100
2024-04-03,10400.0,10700.0,10400.0,10700.0,159200
2024-04-04,10300.0,10400.0,10200.0,10300.0,168100
2024-04-05,10250.0,10350.0,10250.0,10350.0,61900
2024-04-08,10200.0,10400.0,10200.0,10200.0,275900
2024-04-09,10250.0,10250.0,10200.0,10250.0,170800
2024-04-10,10250.0,10400.0,10250.0,10400.0,152200
2024-04-11,10150.0,10300.0,9900.0,10250.0,247900
2024-04-12,10100.0,10450.0,10100.0,10450.0,163900
2024-04-15,9500.0,10300.0,9500.0,10150.0,360400
2024-04-16,9800.0,9890.0,9490.0,9490.0,482500
2024-04-17,9700.0,9900.0,9600.0,9600.0,58100
2024-04-19,9560.0,9700.0,9100.0,9100.0,362300
2024-04-22,9530.0,9680.0,9500.0,9650.0,196600
2024-04-23,9300.0,9600.0,9280.0,9600.0,134200
2024-04-24,9490.0,9590.0,9300.0,9590.0,199800
2024-04-25,9300.0,9500.0,9300.0,9300.0,164600
2024-04-26,9250.0,9490.0,9250.0,9490.0,66900
2024-05-02,9300.0,9600.0,9250.0,9300.0,183100
2024-05-03,9250.0,9450.0,9250.0,9400.0,221900
2024-05-06,9390.0,9400.0,9110.0,9400.0,380400
2024-05-07,9270.0,9350.0,9200.0,9300.0,288100
2024-05-08,9300.0,9350.0,9140.0,9140.0,281500
2024-05-09,9210.0,9320.0,9210.0,9320.0,279800
2024-05-10,9250.0,9280.0,9200.0,9220.0,178200
2024-05-13,9280.0,9350.0,9280.0,9310.0,189700
2024-05-14,9260.0,9400.0,9260.0,9350.0,199800
2024-05-15,9300.0,9390.0,9250.0,9390.0,256500
2024-05-16,9240.0,9330.0,9100.0,9320.0,234600
2024-05-17,9240.0,9280.0,9200.0,9230.0,268900
2024-05-20,9180.0,9440.0,9180.0,9440.0,451100
2024-05-21,9170.0,9300.0,9130.0,9190.0,341000
2024-05-22,9100.0,9180.0,9040.0,9180.0,534200
2024-05-23,9100.0,9140.0,9080.0,9140.0,244100
2024-05-24,9150.0,9280.0,9020.0,9100.0,438900
2024-05-27,9050.0,9180.0,9040.0,9170.0,318000
2024-05-28,9050.0,9140.0,9000.0,9140.0,265000
2024-05-29,9050.0,9090.0,9010.0,9010.0,282800
2024-05-30,9050.0,9050.0,8900.0,9040.0,351500
2024-05-31,9020.0,9080.0,9010.0,9080.0,216600
2024-06-03,9080.0,9130.0,9020.0,9050.0,215100
2024-06-04,9330.0,9380.0,9080.0,9080.0,408500
2024-06-05,9330.0,9390.0,9270.0,9390.0,232300
2024-06-06,9260.0,9410.0,9200.0,9300.0,329600
2024-06-07,9300.0,9370.0,9260.0,9370.0,185400
2024-06-10,9300.0,9350.0,9200.0,9300.0,224300
2024-06-11,9220.0,9340.0,9170.0,9250.0,210700
2024-06-12,9240.0,9280.0,9120.0,9200.0,265700
2024-06-13,9320.0,9320.0,9200.0,9200.0,276200
2024-06-14,9260.0,9350.0,9260.0,9320.0,248300
2024-06-17,9400.0,9400.0,9220.0,9280.0,239200
2024-06-18,9370.0,9400.0,9330.0,9330.0,231400
2024-06-19,9340.0,9390.0,9230.0,9390.0,201700
2024-06-20,9310.0,9380.0,9240.0,9340.0,263100
2024-06-21,9300.0,9310.0,9220.0,9310.0,201500
2024-06-24,9220.0,9400.0,9170.0,9300.0,259000
2024-06-25,9200.0,9250.0,9120.0,9220.0,169900
2024-06-26,9170.0,9200.0,9100.0,9200.0,200800
2024-06-27,9090.0,9150.0,9000.0,9100.0,251200
2024-06-28,8920.0,9080.0,8900.0,9080.0,369700
2024-07-01,9200.0,9290.0,8920.0,8920.0,243100
2024-07-02,9280.0,9280.0,9120.0,9200.0,183200
2024-07-03,9330.0,9360.0,9280.0,9280.0,297200
2024-07-04,9300.0,9360.0,9250.0,9270.0,154900
2024-07-05,9290.0,9330.0,9200.0,9300.0,167000
2024-07-08,9340.0,9360.0,9210.0,9280.0,225600
2024-07-09,9370.0,9370.0,9200.0,9350.0,297100
2024-07-10,10000.0,10000.0,9370.0,9370.0,1054200
2024-07-11,10100.0,10400.0,9960.0,10250.0,416600
2024-07-12,10100.0,10200.0,9910.0,10000.0,324900
2024-07-15,10350.0,10750.0,10000.0,10050.0,556000
2024-07-16,10100.0,10550.0,10100.0,10350.0,411400
2024-07-17,9950.0,10250.0,9400.0,10150.0,302600
2024-07-18,10100.0,10150.0,9950.0,9950.0,253600
2024-07-19,10000.0,10300.0,9950.0,10100.0,245600
2024-07-22,9800.0,10300.0,9720.0,10300.0,341300
2024-07-23,9600.0,10000.0,9600.0,9800.0,344200
2024-07-24,9750.0,9900.0,9500.0,9600.0,232100
2024-07-25,9490.0,9760.0,9490.0,9750.0,323200
2024-07-26,9600.0,9980.0,9420.0,9420.0,194600
2024-07-29,10150.0,10250.0,9500.0,9610.0,626000
2024-07-30,9760.0,10200.0,9750.0,10200.0,195100
2024-07-31,9660.0,9890.0,9630.0,9760.0,195900
2024-08-01,9400.0,9670.0,9380.0,9660.0,321700
2024-08-02,9550.0,9650.0,9210.0,9250.0,191700
2024-08-05,9170.0,9490.0,9170.0,9230.0,351200
2024-08-06,9300.0,9400.0,9200.0,9200.0,132900
2024-08-07,9200.0,9310.0,9050.0,9300.0,162900
2024-08-08,9290.0,9290.0,9150.0,9200.0,170000
2024-08-09,9300.0,9500.0,9250.0,9500.0,175000
2024-08-12,9270.0,9300.0,9200.0,9300.0,156200
2024-08-13,9250.0,9270.0,9200.0,9200.0,180900
2024-08-14,9250.0,9300.0,9200.0,9250.0,133900
2024-08-15,9240.0,9250.0,9180.0,9250.0,130200
2024-08-16,9420.0,9470.0,9240.0,9240.0,207400
2024-08-19,9480.0,9700.0,9420.0,9420.0,228300
2024-08-20,9500.0,9550.0,9460.0,9480.0,152900
2024-08-21,9440.0,9560.0,9400.0,9500.0,154200
2024-08-22,9450.0,9480.0,9310.0,9410.0,203600
2024-08-23,9440.0,9500.0,9280.0,9450.0,109900
2024-08-26,9800.0,9980.0,9440.0,9440.0,633000
2024-08-28,9970.0,10000.0,9700.0,9900.0,749500
2024-08-29,9600.0,10000.0,9600.0,9970.0,489000
2024-08-30,9600.0,9870.0,9600.0,9600.0,123000
2024-09-04,9650.0,9740.0,9550.0,9600.0,146600
2024-09-05,9650.0,9790.0,9600.0,9790.0,116000
2024-09-06,9600.0,9640.0,9500.0,9640.0,132800
2024-09-09,9580.0,9650.0,9500.0,9500.0,107000
2024-09-10,9580.0,9750.0,9100.0,9690.0,142800
2024-09-11,9350.0,9580.0,9250.0,9250.0,177500
2024-09-12,9350.0,9500.0,9330.0,9370.0,130200
2024-09-13,9490.0,9490.0,9260.0,9350.0,203900
2024-09-16,9440.0,9490.0,9300.0,9490.0,111800
2024-09-17,9430.0,9430.0,9300.0,9430.0,138400
2024-09-18,9440.0,9500.0,9400.0,9430.0,117900
2024-09-19,9350.0,9440.0,9320.0,9440.0,109000
2024-09-20,9400.0,9400.0,9330.0,9350.0,167000
2024-09-23,9370.0,9400.0,9220.0,9220.0,137600
2024-09-24,9360.0,9370.0,9300.0,9370.0,85800
2024-09-25,9470.0,9500.0,9260.0,9360.0,313700
2024-09-26,9450.0,9470.0,9350.0,9470.0,131400
2024-09-27,9430.0,9480.0,9300.0,9440.0,138400
2024-09-30,9350.0,9420.0,9270.0,9420.0,107500
2024-10-01,9400.0,9450.0,9300.0,9350.0,168200
2024-10-02,9350.0,9380.0,9260.0,9380.0,109200
2024-10-03,9300.0,9350.0,9260.0,9350.0,121400
2024-10-04,9320.0,9320.0,9150.0,9300.0,2294800
2024-10-07,9320.0,9380.0,9150.0,9280.0,194300
2024-10-08,9300.0,9320.0,9250.0,9320.0,112300
2024-10-09,9300.0,9320.0,9200.0,9320.0,113800
2024-10-10,9300.0,9300.0,9200.0,9200.0,197200
2024-10-11,9300.0,9300.0,9130.0,9250.0,110300
2024-10-14,9290.0,9300.0,9200.0,9300.0,121100
2024-10-15,9250.0,9280.0,9180.0,9280.0,121700
2024-10-16,9270.0,9280.0,9200.0,9250.0,101500
2024-10-17,9270.0,9270.0,9170.0,9260.0,344400
2024-10-18,9270.0,9280.0,9200.0,9270.0,145300
2024-10-21,9200.0,9270.0,9200.0,9270.0,152800
2024-10-22,9240.0,9250.0,9180.0,9200.0,138300
2024-10-23,9240.0,9240.0,9200.0,9240.0,113800
2024-10-24,9230.0,9240.0,9140.0,9150.0,135200
2024-10-25,9200.0,9230.0,9110.0,9230.0,93200
2024-10-28,9200.0,9220.0,9170.0,9200.0,145600
2024-10-29,9200.0,9200.0,9170.0,9200.0,110600
2024-10-31,9200.0,9200.0,8960.0,9110.0,279200
2024-11-01,9200.0,9210.0,9000.0,9000.0,137400
2024-11-04,9100.0,9200.0,8930.0,9000.0,507800
2024-11-06,9100.0,9100.0,8850.0,9000.0,123500
2024-11-07,9090.0,9100.0,8900.0,9100.0,147000
2024-11-08,9090.0,9090.0,8880.0,9080.0,249000
2024-11-11,9090.0,9090.0,8870.0,9050.0,353300
2024-11-12,9090.0,9090.0,9000.0,9000.0,142600
2024-11-13,9070.0,9070.0,8900.0,9050.0,150300
2024-11-14,9000.0,9030.0,8850.0,9000.0,202000
2024-11-15,8900.0,8950.0,8700.0,8800.0,225500
2024-11-18,8890.0,8900.0,8650.0,8860.0,202300
2024-11-19,8850.0,8890.0,8660.0,8870.0,141200
2024-11-20,8700.0,8800.0,8500.0,8800.0,170500
2024-11-21,8700.0,8700.0,8680.0,8700.0,92200
2024-11-22,8680.0,8700.0,8550.0,8700.0,115100
2024-11-25,8670.0,8670.0,8590.0,8650.0,113300
2024-11-26,8650.0,8670.0,8540.0,8600.0,136300
2024-11-27,8630.0,8630.0,8450.0,8600.0,208400
2024-11-28,8720.0,8720.0,8550.0,8630.0,115300
2024-11-29,8560.0,8720.0,8510.0,8510.0,101500
2024-12-02,8680.0,8700.0,8500.0,8570.0,105300
2024-12-03,8650.0,8680.0,8510.0,8680.0,110500
2024-12-04,8630.0,8650.0,8050.0,8580.0,133700
2024-12-05,8670.0,8690.0,8600.0,8630.0,93100
2024-12-06,8700.0,8940.0,8540.0,8940.0,105200
2024-12-09,8750.0,8750.0,8560.0,8700.0,118400
2024-12-10,8750.0,8750.0,8600.0,8750.0,132500
2024-12-11,8740.0,8780.0,8600.0,8700.0,133400
2024-12-12,8730.0,8740.0,8620.0,8740.0,131100
2024-12-13,8690.0,8710.0,8550.0,8710.0,126300
2024-12-16,8690.0,8700.0,8520.0,8690.0,114600
2024-12-17,8490.0,8680.0,8490.0,8680.0,159400
2024-12-18,8450.0,8490.0,8400.0,8490.0,107200
2024-12-19,8400.0,8450.0,8300.0,8450.0,137900
2024-12-20,8250.0,8390.0,8100.0,8390.0,310400
2024-12-23,8320.0,8400.0,8040.0,8240.0,120400
2024-12-24,8250.0,8320.0,8220.0,8320.0,93100
2024-12-25,8400.0,8400.0,8100.0,8100.0,245400
2024-12-26,8370.0,8400.0,8300.0,8400.0,81100
2024-12-27,8320.0,8350.0,8230.0,8310.0,99300
2024-12-30,8290.0,8300.0,8170.0,8240.0,87800
2024-12-31,8250.0,8250.0,8100.0,8250.0,125500
2025-01-02,8300.0,8300.0,8150.0,8250.0,96400
2025-01-03,8300.0,8300.0,8150.0,8200.0,70400
2025-01-06,8280.0,8300.0,8160.0,8300.0,86500
2025-01-07,8230.0,8250.0,7710.0,8210.0,147500
2025-01-08,8200.0,8230.0,8020.0,8230.0,90400
2025-01-09,8200.0,8200.0,8010.0,8200.0,121900
2025-01-10,8200.0,8200.0,8060.0,8200.0,126800
2025-01-13,8200.0,8200.0,8000.0,8180.0,182600
2025-01-14,8190.0,8190.0,8010.0,8010.0,70600
2025-01-15,8180.0,8190.0,8000.0,8180.0,141600
2025-01-16,8140.0,8180.0,8000.0,8180.0,1734900
2025-01-17,8150.0,8170.0,8140.0,8140.0,61900
2025-01-20,8720.0,8720.0,7910.0,7910.0,909000
2025-01-21,8960.0,9230.0,8720.0,8720.0,1708480
2025-01-22,8500.0,8970.0,8500.0,8970.0,135500
2025-01-23,8360.0,8600.0,8360.0,8600.0,107100
2025-01-24,8220.0,8500.0,8220.0,8360.0,62300
2025-02-03,8300.0,8350.0,8200.0,8230.0,99200
2025-02-04,8300.0,8590.0,8250.0,8300.0,112100
2025-02-05,8270.0,8400.0,8270.0,8270.0,127400
2025-02-06,8250.0,8300.0,8250.0,8280.0,109800
2025-02-07,8280.0,8470.0,8250.0,8250.0,146200
2025-02-10,8310.0,8450.0,8290.0,8290.0,111700
2025-02-11,8350.0,8500.0,8110.0,8110.0,125600
2025-02-12,8340.0,8390.0,8340.0,8350.0,114000
2025-02-13,8340.0,8450.0,8340.0,8340.0,112800
2025-02-14,8340.0,8400.0,8340.0,8340.0,98200
2025-02-17,8360.0,8430.0,8340.0,8340.0,112300
2025-02-18,8550.0,8670.0,8360.0,8360.0,183200
2025-02-19,8510.0,8690.0,8510.0,8690.0,132400
2025-02-20,8510.0,8730.0,8500.0,8730.0,139600
2025-02-21,8540.0,8540.0,8500.0,8500.0,80700
2025-02-24,8500.0,8540.0,8500.0,8530.0,135800
2025-02-25,8490.0,8600.0,8480.0,8500.0,1686400
2025-02-26,8500.0,8590.0,8400.0,8460.0,147000
2025-02-27,8520.0,8610.0,8400.0,8400.0,181300
2025-02-28,8700.0,8700.0,8550.0,8550.0,58700
2025-03-03,9000.0,9050.0,8610.0,8690.0,236200
2025-03-04,9050.0,9150.0,8600.0,8600.0,233000
2025-03-05,9000.0,9100.0,8900.0,9000.0,184500
2025-03-06,9000.0,9050.0,8870.0,9000.0,184100
2025-03-07,9150.0,9300.0,9050.0,9050.0,208200
2025-03-10,9200.0,9300.0,9000.0,9150.0,263700
2025-03-11,9150.0,9200.0,9040.0,9190.0,133400
2025-03-12,9170.0,9200.0,9100.0,9150.0,149500
2025-03-13,9170.0,9180.0,9100.0,9150.0,204500
2025-03-14,9290.0,9350.0,9150.0,9150.0,485100
2025-03-17,9180.0,9340.0,9150.0,9340.0,115900
2025-03-18,9000.0,9200.0,8950.0,9150.0,161956
2025-03-19,9000.0,9000.0,8810.0,9000.0,4213985
2025-03-20,9000.0,9000.0,8850.0,8850.0,681512
2025-03-21,9050.0,9050.0,8870.0,9000.0,121300
2025-03-24,9000.0,9050.0,8900.0,9000.0,180400
2025-03-25,9000.0,9000.0,8900.0,8990.0,125400
2025-03-26,9000.0,9000.0,8900.0,9000.0,103400
2025-03-27,8980.0,9000.0,8920.0,8990.0,101900
2025-03-28,8980.0,8980.0,8800.0,8980.0,83500
2025-03-31,8900.0,8980.0,8710.0,8980.0,108800
2025-04-01,8950.0,8950.0,8890.0,8890.0,178800
2025-04-02,8990.0,9000.0,8950.0,8950.0,121000
2025-04-03,8370.0,8950.0,8370.0,8410.0,250300
2025-04-04,8340.0,8370.0,7790.0,7790.0,223900
2025-04-08,8340.0,8340.0,7760.0,8300.0,242900
2025-04-09,8340.0,8340.0,7760.0,7800.0,363600
2025-04-10,8920.0,8920.0,8730.0,8750.0,613500
2025-04-11,8890.0,8920.0,8510.0,8910.0,122000
2025-04-14,8650.0,8880.0,8270.0,8880.0,110400
2025-04-15,8500.0,8650.0,8060.0,8650.0,876000
2025-04-16,8700.0,8700.0,8080.0,8450.0,143300
2025-04-17,8650.0,8700.0,8400.0,8700.0,95300
2025-04-18,8680.0,8750.0,8350.0,8640.0,210000
2025-04-21,8650.0,8670.0,8360.0,8360.0,116000
2025-04-22,8500.0,8650.0,8150.0,8650.0,69800
2025-04-23,8500.0,8500.0,8300.0,8500.0,139000
2025-04-24,8500.0,8500.0,8290.0,8300.0,77100
2025-04-25,8500.0,8500.0,8330.0,8330.0,94400
2025-04-28,8500.0,8500.0,8360.0,8500.0,81300
2025-04-29,8750.0,9090.0,8700.0,9090.0,280800
2025-05-05,8890.0,9000.0,8700.0,8700.0,125458
2025-05-06,8850.0,8900.0,8700.0,8900.0,151569
2025-05-07,8750.0,8850.0,8750.0,8850.0,85446
2025-05-08,8720.0,8850.0,8720.0,8850.0,95388
2025-05-09,8540.0,8750.0,8500.0,8750.0,143042
2025-05-12,8800.0,8850.0,8510.0,8510.0,122740
2025-05-13,8760.0,8850.0,8700.0,8800.0,136664
2025-05-14,8850.0,8850.0,8700.0,8760.0,164678
2025-05-15,8760.0,8950.0,8700.0,8850.0,141171
2025-05-16,8800.0,8800.0,8560.0,8710.0,126336
2025-05-19,8850.0,8850.0,8640.0,8800.0,138166
2025-05-20,8800.0,8890.0,8690.0,8700.0,65349
2025-05-21,8720.0,8720.0,8670.0,8670.0,14037
2025-05-22,8700.0,8780.0,8650.0,8780.0,67702
2025-05-23,8650.0,8800.0,8620.0,8700.0,67013
2025-05-26,8620.0,8760.0,8540.0,8700.0,77187
2025-05-27,8700.0,8780.0,8600.0,8600.0,997200
2025-05-28,8660.0,8750.0,8600.0,8650.0,125558
2025-05-29,8740.0,8740.0,8640.0,8660.0,30816
2025-05-30,8680.0,8680.0,8580.0,8660.0,61178
2025-06-02,8720.0,8790.0,8600.0,8790.0,67206
2025-06-03,8700.0,8790.0,8610.0,8790.0,46242
2025-06-04,8690.0,8700.0,8600.0,8700.0,87204
2025-06-05,8650.0,8700.0,8600.0,8600.0,63300
2025-06-06,8600.0,8650.0,8550.0,8650.0,52880
2025-06-09,8560.0,8600.0,8550.0,8580.0,57900
2025-06-10,8600.0,8990.0,8570.0,8990.0,65683
2025-06-11,8600.0,8650.0,8550.0,8580.0,56807
2025-06-12,8620.0,8620.0,8520.0,8520.0,61120
2025-06-13,8560.0,8560.0,8400.0,8500.0,56577
2025-06-16,8530.0,8580.0,8350.0,8450.0,52247
2025-06-17,8600.0,8640.0,8600.0,8640.0,747159
2025-06-18,8600.0,8650.0,8600.0,8600.0,60516
2025-06-19,8850.0,8850.0,8600.0,8610.0,187733
2025-06-20,8720.0,8870.0,8670.0,8700.0,28265
2025-06-23,8780.0,8800.0,8610.0,8720.0,58532
2025-06-24,8760.0,8780.0,8740.0,8780.0,42772
2025-06-25,8720.0,8750.0,8680.0,8750.0,24012
2025-06-26,8640.0,8750.0,8640.0,8750.0,30100
2025-06-27,8740.0,9000.0,8690.0,8690.0,47865
2025-06-30,9200.0,9300.0,8740.0,8740.0,388178
2025-07-01,9300.0,9300.0,9170.0,9300.0,196089
2025-07-02,9390.0,9400.0,9130.0,9130.0,214778
2025-07-03,9200.0,9400.0,9200.0,9390.0,603611
2025-07-04,9200.0,9300.0,9170.0,9300.0,60583
2025-07-07,9250.0,9300.0,9190.0,9300.0,65844
2025-07-08,9210.0,9300.0,9190.0,9300.0,82531
2025-07-09,9230.0,9280.0,9180.0,9280.0,130452
2025-07-10,9220.0,9270.0,9200.0,9200.0,86452
2025-07-11,9220.0,9230.0,9170.0,9220.0,105293
2025-07-14,9190.0,9220.0,9090.0,9180.0,736986
2025-07-15,9190.0,9200.0,9100.0,9110.0,42992
2025-07-16,9230.0,9250.0,9100.0,9180.0,54790
2025-07-17,9240.0,9250.0,9120.0,9220.0,242457
2025-07-18,9200.0,9340.0,9200.0,9230.0,89857
2025-07-21,9300.0,9300.0,9200.0,9200.0,109991
2025-07-22,9950.0,9950.0,9300.0,9300.0,579585
2025-07-23,9950.0,10200.0,9920.0,10200.0,204561
2025-07-24,9900.0,10000.0,9850.0,9950.0,198215
2025-07-25,9900.0,10000.0,9800.0,10000.0,94947
2025-07-28,9890.0,9900.0,9540.0,9750.0,291872
2025-07-29,9600.0,9800.0,9570.0,9800.0,150024
2025-07-30,9700.0,9850.0,9570.0,9570.0,32731
2025-07-31,9750.0,10000.0,9690.0,10000.0,357026
2025-08-01,9760.0,9990.0,9550.0,9800.0,173699
2025-08-04,9500.0,9770.0,9410.0,9770.0,297511
2025-08-05,9420.0,9700.0,9400.0,9510.0,273022
2025-08-06,9380.0,9550.0,9380.0,9430.0,119935
2025-08-07,9390.0,9640.0,9310.0,9410.0,184907
2025-08-08,9350.0,9550.0,9320.0,9400.0,135515
2025-08-11,9580.0,9660.0,9350.0,9360.0,297627
2025-08-12,9450.0,9580.0,9410.0,9410.0,123140
2025-08-13,9350.0,9500.0,9300.0,9410.0,248638
2025-08-14,9300.0,9500.0,9250.0,9450.0,307747
2025-08-15,9000.0,9300.0,9000.0,9300.0,507153
2025-08-18,9080.0,9170.0,9000.0,9000.0,65648
2025-08-19,9020.0,9340.0,9000.0,9030.0,323488
2025-08-20,8970.0,9150.0,8860.0,9150.0,119364
2025-08-21,8870.0,8970.0,8750.0,8960.0,250977
2025-08-22,9100.0,9290.0,8720.0,8800.0,223944
2025-08-25,9100.0,9150.0,8960.0,9100.0,598244
2025-08-26,9100.0,9140.0,9010.0,9100.0,93862
2025-08-27,9060.0,9100.0,9000.0,9000.0,74775
2025-08-28,9000.0,9150.0,9000.0,9150.0,68368
2025-08-29,9000.0,9090.0,8860.0,8860.0,58968
2025-09-03,9000.0,9000.0,8910.0,8910.0,65676
2025-09-04,8990.0,9000.0,8930.0,9000.0,158731
2025-09-05,9000.0,9200.0,8910.0,8990.0,189995
2025-09-08,8790.0,9000.0,8790.0,9000.0,102318
2025-09-09,8790.0,8890.0,8700.0,8890.0,89766
2025-09-10,8920.0,8940.0,8750.0,8900.0,28680
2025-09-11,8970.0,9030.0,8750.0,9030.0,168211
2025-09-12,8990.0,9010.0,8850.0,8970.0,749130
2025-09-15,8990.0,9000.0,8830.0,8830.0,109807
2025-09-16,8990.0,9050.0,8880.0,8990.0,120338
2025-09-17,9000.0,9030.0,8900.0,8990.0,58342
2025-09-18,8920.0,9100.0,8920.0,9100.0,69407
2025-09-19,8910.0,8950.0,8900.0,8940.0,24589
2025-09-22,9410.0,9500.0,8910.0,8910.0,675120
2025-09-23,9340.0,9550.0,9340.0,9410.0,162420
2025-09-24,9500.0,9600.0,9320.0,9330.0,297032
2025-09-25,9490.0,9510.0,9400.0,9400.0,130595
2025-09-26,9900.0,10000.0,9180.0,9600.0,375563
2025-09-29,9710.0,9980.0,9600.0,9890.0,116508
2025-09-30,9500.0,9870.0,9300.0,9870.0,537247
2025-10-01,9550.0,9700.0,9400.0,9700.0,81819
2025-10-02,9550.0,9560.0,9540.0,9550.0,112041
2025-10-03,9700.0,9990.0,9550.0,9550.0,401674
2025-10-06,9980.0,10050.0,9460.0,9460.0,316650
2025-10-07,10000.0,10150.0,9830.0,9980.0,291224
2025-10-08,10700.0,10700.0,10000.0,10000.0,1042472
2025-10-09,10700.0,10900.0,10650.0,10800.0,294966
2025-10-10,10400.0,10750.0,10400.0,10700.0,276197
2025-10-13,10700.0,10900.0,10400.0,10400.0,273609
2025-10-14,10850.0,10850.0,10650.0,10700.0,836786
2025-10-15,10800.0,11000.0,10750.0,10850.0,43499
2025-10-16,11400.0,11500.0,10500.0,10800.0,421935
2025-10-17,11600.0,11800.0,11200.0,11200.0,337804
2025-10-20,10800.0,11950.0,10800.0,11600.0,278405
2025-10-21,11550.0,11550.0,10700.0,10800.0,1407733
2025-10-22,12150.0,12200.0,11550.0,11900.0,785416
2025-10-23,11800.0,12400.0,11500.0,12400.0,1001485
2025-10-24,11700.0,11900.0,11500.0,11900.0,427839
2025-10-27,11650.0,12200.0,11600.0,11700.0,403675
2025-10-28,11200.0,11650.0,10850.0,11600.0,1018359
2025-10-29,11000.0,11600.0,10450.0,11250.0,1696271
2025-10-30,11050.0,11150.0,10700.0,11000.0,1064173
2025-10-31,11200.0,11300.0,10700.0,10900.0,519191
2025-11-03,11950.0,11950.0,11000.0,11250.0,2564693
2025-11-04,12000.0,12400.0,11700.0,12100.0,799335
2025-11-05,12000.0,12500.0,11400.0,12300.0,1629722
2025-11-06,12100.0,12250.0,11550.0,11800.0,1002079
2025-11-07,11900.0,12500.0,11700.0,11800.0,1333450
2025-11-10,12000.0,12450.0,11900.0,11900.0,1842004
2025-11-11,12750.0,12800.0,11850.0,12000.0,2816250
2025-11-12,12800.0,13500.0,12650.0,12800.0,2600837
2025-11-13,12200.0,12900.0,12200.0,12600.0,1240272
2025-11-14,12300.0,12400.0,12000.0,12200.0,1320354
2025-11-17,12400.0,12400.0,12000.0,12100.0,953295
2025-11-18,12050.0,12500.0,11900.0,12300.0,1183740
2025-11-19,12050.0,12250.0,11900.0,12000.0,1179280
2025-11-20,12100.0,12250.0,11300.0,12050.0,2525078
2025-11-21,12300.0,12300.0,11800.0,12000.0,1440548
2025-11-24,11800.0,12200.0,11800.0,12000.0,534529
2025-11-25,11800.0,12100.0,11700.0,11800.0,778802
2025-11-26,12150.0,12250.0,11700.0,11800.0,863186
2025-11-27,12200.0,12200.0,12000.0,12100.0,373451
2025-11-28,12000.0,12600.0,11850.0,12100.0,1934420
2025-12-01,11900.0,12350.0,11900.0,12000.0,1277884
2025-12-02,11600.0,12000.0,11600.0,11900.0,763235
2025-12-03,11900.0,12100.0,11650.0,11700.0,478758
2025-12-04,12000.0,12200.0,11800.0,12000.0,1274484
2025-12-05,12800.0,12800.0,11900.0,12000.0,3862829
2025-12-08,12800.0,13650.0,11950.0,13000.0,7892060
2025-12-09,12450.0,12800.0,11950.0,12800.0,2193630
2025-12-10,11600.0,12450.0,11600.0,12450.0,2255990
2025-12-11,10950.0,11400.0,10800.0,10950.0,2940664
2025-12-12,10800.0,11150.0,10800.0,11000.0,437626
2025-12-15,10400.0,10950.0,10050.0,10800.0,1264322
2025-12-16,11100.0,11100.0,10200.0,10400.0,2054464
2025-12-17,11150.0,11400.0,10700.0,11300.0,814961
2025-12-18,11050.0,11350.0,10900.0,11150.0,922968
2025-12-19,11100.0,11250.0,11000.0,11050.0,393407
2025-12-22,11000.0,11200.0,10800.0,11100.0,653324
2025-12-23,11250.0,11300.0,10950.0,11000.0,646712
2025-12-24,11300.0,11300.0,11100.0,11300.0,509910
2025-12-25,11500.0,11600.0,11200.0,11300.0,937745
2025-12-26,11200.0,11500.0,10900.0,11400.0,495853
2025-12-29,11100.0,11300.0,11000.0,11200.0,436384
2025-12-30,11000.0,11200.0,10950.0,11100.0,814571
2025-12-31,11100.0,11300.0,10750.0,11000.0,1329487
2026-01-05,11200.0,11200.0,11000.0,11000.0,307994
2026-01-06,11200.0,11350.0,11100.0,11200.0,345238
2026-01-07,11950.0,11950.0,11100.0,11200.0,2517927
2026-01-08,11950.0,12200.0,11650.0,11950.0,1168403
2026-01-09,12150.0,12200.0,11850.0,11950.0,992123
2026-01-12,12700.0,12900.0,12000.0,12150.0,2216888
2026-01-13,12500.0,12700.0,12500.0,12700.0,535170
2026-01-14,12500.0,12700.0,12400.0,12600.0,617765
2026-01-15,12300.0,12650.0,12200.0,12500.0,819285
2026-01-16,12500.0,12700.0,12300.0,12300.0,1129478
2026-01-19,12500.0,12550.0,12400.0,12550.0,440875
2026-01-20,12550.0,12650.0,12400.0,12500.0,478472
2026-01-21,12900.0,13000.0,12450.0,12500.0,2509115
2026-01-22,12700.0,13000.0,12600.0,12900.0,1742747
2026-01-23,12700.0,12750.0,12500.0,12700.0,1000730
2026-01-26,12900.0,13050.0,12600.0,12700.0,1339826
2026-01-27,13100.0,13200.0,12800.0,12900.0,1705153
2026-01-28,13050.0,13200.0,12900.0,13000.0,843758
2026-01-29,13400.0,13400.0,12900.0,13000.0,2193105
2026-01-30,12950.0,13500.0,12600.0,13400.0,1137741
2026-02-02,12900.0,13050.0,12700.0,12900.0,535576
2026-02-03,13400.0,13400.0,12800.0,12900.0,1440913
2026-02-04,13300.0,13450.0,12900.0,13400.0,488403
2026-02-05,13350.0,13450.0,13100.0,13300.0,969318
2026-02-06,13100.0,13300.0,12900.0,13300.0,719040
2026-02-09,13200.0,13200.0,13000.0,13100.0,493715
2026-02-10,13300.0,13500.0,13050.0,13500.0,649419
2026-02-11,13700.0,13800.0,13100.0,13200.0,1171721
2026-02-12,14400.0,14650.0,13450.0,13700.0,2153126
2026-02-13,14900.0,14900.0,14000.0,14100.0,1495346
2026-02-23,14900.0,15000.0,14600.0,15000.0,748849
2026-02-24,15000.0,15200.0,14800.0,14800.0,1545028
2026-02-25,14900.0,15000.0,14500.0,14900.0,1068773
2026-02-26,14700.0,15000.0,14400.0,14800.0,1074771
2026-02-27,14650.0,14700.0,14300.0,14700.0,1090013
2026-03-02,14100.0,14500.0,14050.0,14050.0,1150763
2026-03-03,13300.0,14100.0,13200.0,14100.0,1014265
2026-03-04,13900.0,13900.0,12900.0,13300.0,1081275
2026-03-05,13900.0,14350.0,13450.0,13800.0,1237342
2026-03-06,13500.0,13700.0,13350.0,13500.0,891700
2026-03-09,13300.0,13400.0,12600.0,13400.0,880929
2026-03-10,13500.0,13500.0,12900.0,13000.0,1824578
2026-03-11,13500.0,13800.0,13150.0,13400.0,1809294
2026-03-12,13000.0,13400.0,12850.0,13300.0,1436378
2026-03-13,13100.0,13300.0,12950.0,13300.0,1520553
2026-03-16,13200.0,13250.0,13000.0,13100.0,1525245
2026-03-17,13100.0,13500.0,13100.0,13200.0,933012
2026-03-18,13500.0,13500.0,13100.0,13100.0,560366
2026-03-19,13600.0,13600.0,13200.0,13200.0,887431
2026-03-20,13550.0,13600.0,13300.0,13400.0,989414
2026-03-23,13100.0,13500.0,12850.0,13500.0,1282040
2026-03-24,13150.0,13300.0,12900.0,13100.0,1112025
2026-03-25,13200.0,13250.0,12700.0,13100.0,1151273
2026-03-26,13300.0,13450.0,12900.0,13400.0,1443405
2026-03-27,13400.0,13400.0,12900.0,13200.0,1325136
2026-03-30,13400.0,13400.0,13050.0,13200.0,1748003
2026-03-31,12900.0,13500.0,12500.0,13400.0,2525840
2026-04-01,12500.0,12900.0,12500.0,12900.0,339722
2026-04-02,12100.0,12500.0,11750.0,12500.0,441905
2026-04-03,12200.0,12200.0,12000.0,12100.0,179113
2026-04-06,12250.0,12300.0,12050.0,12200.0,205882
2026-04-07,12300.0,12400.0,12100.0,12200.0,414077
2026-04-08,12500.0,12600.0,12200.0,12200.0,833817
2026-04-09,12350.0,12600.0,12200.0,12400.0,847886
2026-04-10,12350.0,12450.0,12200.0,12300.0,571167
2026-04-13,12450.0,12550.0,12250.0,12400.0,1362705
2026-04-14,12450.0,12500.0,12200.0,12400.0,890330
2026-04-15,12450.0,12500.0,12250.0,12350.0,901406
2026-04-16,12400.0,12450.0,12000.0,12000.0,791978
2026-04-17,12700.0,12700.0,12300.0,12400.0,1142311
2026-04-20,12650.0,12800.0,12600.0,12600.0,853262
2026-04-21,12850.0,13000.0,12650.0,12650.0,3540367
2026-04-22,12750.0,12900.0,12600.0,12850.0,1091637
2026-04-23,12600.0,12800.0,12500.0,12750.0,895019
2026-04-24,12750.0,12800.0,12550.0,12600.0,871288
2026-04-28,12750.0,12800.0,12500.0,12700.0,789785
2026-04-29,13200.0,13200.0,12600.0,12700.0,1250878
2026-05-04,13000.0,13250.0,12900.0,13100.0,865368
2026-05-05,13150.0,13350.0,12950.0,12950.0,1037624
2026-05-06,13250.0,13250.0,13000.0,13100.0,874998
2026-05-07,14150.0,14150.0,13250.0,13350.0,2872926
2026-05-08,14200.0,14700.0,13900.0,14500.0,1976079
2026-05-11,13950.0,14400.0,13800.0,14400.0,1574884
2026-05-12,14400.0,14500.0,13950.0,14050.0,1491915
2026-05-13,14350.0,14600.0,14250.0,14300.0,1163083
2026-05-14,14450.0,14500.0,14250.0,14250.0,1359456
2026-05-15,14450.0,14500.0,14250.0,14300.0,1027632
2026-05-18,14000.0,14450.0,13750.0,14400.0,1698413
2026-05-19,14900.0,14950.0,14000.0,14000.0,2825379
2026-05-20,14900.0,15000.0,14550.0,14800.0,1014037
2026-05-21,14900.0,15300.0,14500.0,15100.0,1655198
2026-05-22,14800.0,15100.0,14500.0,15100.0,876590
2026-05-25,14800.0,15000.0,14100.0,14700.0,1943957
2026-05-26,14900.0,15100.0,14600.0,15000.0,1936000
2026-05-27,14950.0,15100.0,14750.0,15000.0,1735500
