Price,Close,High,Low,Open,Volume
Ticker,HPG.VN,HPG.VN,HPG.VN,HPG.VN,HPG.VN
Date,,,,,
2017-01-03,5166.572265625,5184.185678614112,5072.6347012008855,5084.37665743472,26043226
2017-01-04,5166.572265625,5225.283004070892,5148.958852635888,5201.798612964863,20421952
2017-01-05,5178.314453125,5201.798845279854,5166.572496366764,5172.443474745882,25616141
2017-01-06,5096.119140625,5219.412075441044,5072.634749296308,5190.05670593977,35103420
2017-01-09,5066.76318359375,5119.603421926473,5043.278792769769,5107.860987195306,21855154
2017-01-10,5148.958984375,5178.3143543490205,5072.634830987199,5072.634830987199,24924247
2017-01-11,5166.572265625,5166.572265625,5107.861048540749,5148.958852635888,13939900
2017-01-12,5125.474609375,5190.056806439053,5125.474609375,5190.056806439053,15334786
2017-01-13,5072.634765625,5125.4745266250575,5072.634765625,5107.861113412249,21532998
2017-01-16,4931.72802734375,5084.376813538847,4931.72802734375,5066.7634000089565,34566550
2017-01-17,4931.72802734375,4984.568267933423,4902.372657219515,4931.72802734375,21392247
2017-01-18,4884.75927734375,4961.083910286334,4884.75927734375,4931.728061321473,24228516
2017-01-19,4867.1455078125,4914.1142883559205,4843.66111754079,4849.532095449132,16436319
2017-01-20,4955.21240234375,4972.825815813829,4873.017270547337,4873.017270547337,9905934
2017-01-23,4931.72802734375,4990.439246230595,4931.72802734375,4943.470462576469,10686396
2017-01-24,4931.72802734375,4955.2124191708135,4925.857049046578,4955.2124191708135,9748906
2017-01-25,4966.95458984375,4996.309958404402,4931.72776466029,4931.72776466029,7741520
2017-02-03,5072.634765625,5225.28307043369,5072.634765625,5178.314287625114,45086160
2017-02-06,5178.314453125,5178.314453125,5072.634927747349,5107.861276660439,40097086
2017-02-07,5237.025390625,5289.865150466462,5190.056608846288,5190.056608846288,73187787
2017-02-08,5242.896484375,5260.509897590255,5201.7986797521935,5260.509897590255,30122862
2017-02-09,5231.154296875,5301.607467984993,5219.411862370829,5272.252099682081,50526784
2017-02-10,5207.669921875,5272.252115242688,5207.669921875,5219.411877775482,33435304
2017-02-13,5254.638671875,5272.2520842605645,5225.282825019612,5225.282825019612,19130834
2017-02-14,5295.73681640625,5342.705600040735,5260.509989361199,5283.9943811784415,37940438
2017-02-15,5301.60791015625,5330.963280907494,5260.510103921479,5295.736931733679,31454215
2017-02-16,5248.767578125,5325.092210858691,5248.767578125,5325.092210858691,37491476
2017-02-17,5201.798828125,5237.025655560297,5143.088087250677,5225.283220202406,45407564
2017-02-20,4931.72802734375,5037.408029884721,4884.759243689624,5025.665594652002,110628929
2017-02-21,4961.083984375,4978.696919650894,4890.630328717885,4914.114721057462,36104189
2017-02-22,4720.36865234375,4972.82599224386,4696.884259763237,4955.212578148879,66124623
2017-02-23,4767.33740234375,4802.563751635516,4708.626182006292,4720.368617529138,41635309
2017-02-24,4749.7236328125,4784.950458105558,4708.625829516715,4755.594610815227,20221595
2017-02-27,4726.2392578125,4749.723648539516,4679.270476358469,4743.85267051735,32969564
2017-02-28,4696.8837890625,4779.078915537872,4696.8837890625,4755.594525310859,21576577
2017-03-01,4802.5634765625,4814.305911412783,4626.430304276767,4691.012499357426,31744813
2017-03-02,4931.72802734375,4937.599005640923,4802.563632975715,4826.048024802779,69691851
2017-03-03,4814.30615234375,4931.728113531144,4814.30615234375,4931.728113531144,22366137
2017-03-06,4837.79052734375,4873.017354893643,4790.8217430361465,4814.306135189948,22962611
2017-03-07,4837.79052734375,4873.017354893643,4826.048091947659,4861.274919497551,16007055
2017-03-08,4843.6611328125,4849.532110739353,4826.047720393598,4837.790154885647,24247968
2017-03-09,4931.72802734375,4949.341440873641,4843.66143833267,4849.532416629842,41978499
2017-03-10,4943.47021484375,5049.1497334504165,4925.856802196522,4931.7277801994815,50155294
2017-03-13,4943.47021484375,4955.212170849668,4908.243389549294,4943.47021484375,18113701
2017-03-14,4937.59912109375,4955.2125350354845,4931.7281426593,4955.2125350354845,13333413
2017-03-15,4878.88818359375,4937.598922857886,4867.145748557903,4931.727944659145,22331496
2017-03-16,4908.24365234375,4919.986087616726,4896.50169570915,4908.24365234375,8254177
2017-03-17,4849.5322265625,4949.341246894492,4849.5322265625,4919.985877920779,37128416
2017-03-20,4914.11474609375,4925.857181642556,4884.7593751793165,4908.243767638541,8003485
2017-03-21,5031.537109375,5037.408087739601,4978.696868178455,4990.439303546036,38420115
2017-03-22,4978.69677734375,5060.892387502046,4966.954820828777,5049.149952348702,21694867
2017-03-23,5019.79443359375,5037.407846482371,4978.696629733088,4990.439064538287,21703385
2017-03-24,5055.021484375,5060.892462719744,5019.794657029778,5049.150027391877,25022005
2017-03-27,5055.021484375,5090.247833081844,5043.279049047133,5084.376854737099,27116959
2017-03-28,5043.27880859375,5072.634656194599,5002.181004863244,5049.149786658578,24617954
2017-03-29,5096.119140625,5119.603531953692,5031.536944811504,5049.149879329251,60150723
2017-03-30,5275.18798828125,5345.641164728568,5195.92786562903,5248.767628304923,45032203
2017-03-31,5380.8671875,5424.900479940524,5283.994135586187,5283.994135586187,19706184
2017-04-03,5627.4541015625,5636.26056874156,5398.480689884991,5407.287635702411,25716372
2017-04-04,5689.1005859375,5865.233766577426,5627.454355624231,5636.260823200874,44461249
2017-04-05,5539.3876953125,5645.06721945046,5530.580749208753,5636.260751985088,25532991
2017-04-07,5609.8408203125,5645.067168494385,5468.933991669846,5512.967285875981,24086377
2017-04-10,5627.4541015625,5645.067035920619,5565.807395394003,5636.26056874156,24032225
2017-04-11,5618.6474609375,5645.067342548107,5592.227579326892,5636.2608748907005,17470340
2017-04-12,5565.8076171875,5609.840912114214,5530.580789790778,5601.033965945844,24618596
2017-04-13,5548.19384765625,5592.227139758893,5530.580435087523,5548.19384765625,17883071
2017-04-14,5442.51416015625,5539.387695469967,5372.06098451615,5504.1608683307295,19538944
2017-04-17,5372.06103515625,5468.934092744772,5345.64115387196,5451.321157647499,25337422
2017-04-18,5328.02734375,5407.287460344578,5292.800518899445,5398.480514812767,29450919
2017-04-19,5451.32080078125,5460.127267753378,5336.833858313489,5363.254216506572,23191405
2017-04-20,5363.25439453125,5460.127448993604,5363.25439453125,5451.320981729159,12060272
2017-04-21,5363.25439453125,5398.480742227395,5319.221100932296,5354.447448628441,10925372
2017-04-24,5292.80078125,5380.867369103279,5266.38090062169,5372.060901773299,14071215
2017-04-25,5248.767578125,5319.221232537138,5222.347697039636,5283.994405331069,17772483
2017-04-26,5143.087890625,5231.154477207986,5055.021304042014,5231.154477207986,25709470
2017-04-27,5195.927734375,5231.154561027986,5055.021385039791,5160.701386360383,35797314
2017-04-28,5178.314453125,5187.121399332058,5134.281158004852,5143.08810421191,45703893
2017-05-03,5125.474609375,5195.92778472532,5125.474609375,5178.314371228146,12888792
2017-05-04,5143.087890625,5178.314238075178,5125.47447758073,5134.280944783684,14236400
2017-05-05,5143.087890625,5160.701303669269,5143.087890625,5143.087890625,15307514
2017-05-08,5134.28076171875,5160.701119662305,5125.4742948297935,5143.08770724605,20128040
2017-05-09,5231.154296875,5248.76723067374,5125.474300890839,5151.894180227293,23737481
2017-05-10,5283.994140625,5328.027433107514,5266.380727904324,5283.994140625,21765549
2017-05-11,5310.4140625,5354.447355331711,5301.607595389,5301.607595389,22295653
2017-05-12,5231.154296875,5319.220880422076,5195.927472000832,5310.413934884362,16846959
2017-05-15,5195.927734375,5239.9610283720485,5187.121267030938,5231.154561027986,20320214
2017-05-16,5107.861328125,5204.734865548409,5107.861328125,5195.927919252616,31633839
2017-05-17,5116.66796875,5178.314195945864,5107.861022980335,5107.861022980335,14358337
2017-05-18,5019.79443359375,5143.087845175735,5019.79443359375,5107.861019398495,21799050
2017-05-19,5055.021484375,5072.6348980476105,5002.181243357168,5055.021484375,15174057
2017-05-22,5090.24755859375,5160.701209485029,5055.021211786463,5055.021211786463,13171627
2017-05-23,5116.66796875,5125.474435881307,5090.247610079364,5125.474435881307,19383557
2017-05-24,5169.5078125,5187.121225686102,5099.0546383939545,5107.861105667824,18307212
2017-05-25,5169.5078125,5222.347573419942,5151.894399313897,5178.314279773868,14092423
2017-05-26,5143.087890625,5178.314238075178,5125.47447758073,5160.701303669269,10274280
2017-05-29,5248.767578125,5266.380991728034,5160.701467386579,5160.701467386579,26223156
2017-05-30,5169.5078125,5257.574399792147,5169.5078125,5257.574399792147,19143744
2017-05-31,5354.447265625,5442.513849812983,5160.701163322116,5160.701163322116,46422051
2017-06-01,5336.833984375,5407.28763636961,5310.414104196201,5407.28763636961,21797272
2017-06-02,5283.994140625,5345.64084582819,5257.574260863162,5336.833900148676,19807808
2017-06-05,5275.18798828125,5328.027750957143,5257.574574509826,5283.994455847772,25632998
2017-06-06,5372.06103515625,5372.06103515625,5248.767617645059,5266.381031380712,39859945
2017-06-07,5530.58056640625,5548.193979393192,5398.480686961729,5398.480686961729,46581055
2017-06-08,5548.19384765625,5583.420672793704,5495.354088588419,5548.19384765625,29968670
2017-06-09,5539.3876953125,5583.420989916109,5512.967335639635,5539.3876953125,21980040
2017-06-12,5442.51416015625,5530.58074936597,5424.900746586632,5521.774281900348,32835185
2017-06-13,5530.58056640625,5530.58056640625,5416.09409994867,5424.900567122961,22299217
2017-06-14,5574.61376953125,5592.227182233756,5521.774010062082,5557.000356828743,27302619
2017-06-15,5706.7138671875,5741.940693952674,5574.613984775649,5574.613984775649,65859433
2017-06-16,5433.70751953125,5583.420812144441,5398.480693514607,5565.807399136119,52978036
2017-06-19,5372.06103515625,5477.741038931788,5354.447621420597,5460.127625196135,25487075
2017-06-20,5442.51416015625,5442.51416015625,5354.4475709465305,5354.4475709465305,21847026
2017-06-21,5389.67431640625,5424.900664373264,5345.641022468706,5424.900664373264,21532192
2017-06-22,5416.09423828125,5433.707651718056,5372.060944008421,5380.867411407638,12373550
2017-06-23,5424.900390625,5424.900390625,5372.060632021665,5424.900390625,16863770
2017-06-26,5433.70751953125,5451.320932539571,5380.867280506286,5407.287639337948,19541669
2017-06-27,5398.48095703125,5433.707784767424,5389.674489416399,5433.707784767424,19988625
2017-06-28,5407.28759765625,5416.094064773347,5380.867239028248,5398.480651900797,10899551
2017-06-29,5486.54736328125,5539.387603109076,5398.480775539907,5398.480775539907,29742269
2017-06-30,5636.2607421875,5636.2607421875,5495.354391156244,5530.580739594871,41083940
2017-07-03,5812.39404296875,5988.527224794372,5636.260861143129,5636.260861143129,44406934
2017-07-04,5812.39404296875,5909.267101517488,5785.974161422584,5812.39404296875,26729274
2017-07-05,5794.7802734375,5856.426979020936,5759.553447778864,5856.426979020936,17548812
2017-07-06,5865.2333984375,5900.460223809775,5794.780226331302,5812.393639017439,35072698
2017-07-07,5812.39404296875,5909.267101517488,5803.587096694439,5900.460633881561,30526155
2017-07-10,5830.00732421875,5865.233672599277,5803.586964635388,5812.393910709299,29947189
2017-07-11,5794.7802734375,5847.620033287099,5671.487340908984,5847.620033287099,41365942
2017-07-12,5812.39404296875,5847.620392150844,5759.553801238033,5812.39404296875,24141027
2017-07-13,5918.07373046875,5918.07373046875,5794.780318346369,5821.20019847592,23635526
2017-07-14,5935.6865234375,6067.786399577645,5935.6865234375,5979.719815484215,21312137
2017-07-17,5785.97412109375,5944.493887904234,5724.327412156789,5944.493887904234,37678251
2017-07-18,5645.06689453125,5662.680307086574,5548.193843434489,5601.033602462114,55848668
2017-07-19,5601.03369140625,5697.907222679705,5601.03369140625,5645.066984174633,36040689
2017-07-20,5574.61376953125,5592.227182233756,5424.900479517472,5530.58047709416,38391456
2017-07-21,5530.58056640625,5583.4208053670745,5512.9671534193085,5557.000446567483,25473329
2017-07-24,5565.8076171875,5601.033965945844,5477.741027334073,5486.547494864065,16949867
2017-07-25,5636.2607421875,5671.487569264501,5539.3876856833085,5539.3876856833085,13337863
2017-07-26,5777.1669921875,5794.780405417977,5645.067110916473,5671.487470081372,15473812
2017-07-27,5715.52099609375,5785.97417324022,5706.7140498014505,5785.97417324022,8304905
2017-07-28,5715.52099609375,5768.360759294006,5689.100635855237,5689.100635855237,8626809
2017-07-31,5689.1005859375,5706.713999729169,5609.840941832562,5653.874236992544,17135861
2017-08-01,5759.5537109375,5794.780538205679,5636.26077277563,5636.26077277563,22212396
2017-08-02,5689.1005859375,5750.74729488915,5680.294118360856,5724.327413520838,12010238
2017-08-03,5689.1005859375,5724.327413520838,5662.680704569188,5689.1005859375,7447668
2017-08-04,5636.2607421875,5689.100504164628,5627.454274737437,5671.487569264501,9076493
2017-08-07,5680.2939453125,5697.9073585675815,5618.647238238897,5636.260651493979,8278190
2017-08-08,5689.1005859375,5715.520945944194,5671.487650784213,5697.907532152525,15476201
2017-08-09,5609.8408203125,5689.10046270052,5592.227406902372,5653.874114518635,13285828
2017-08-10,5636.2607421875,5636.2607421875,5592.227447660435,5601.033915110499,10534071
2017-08-11,5759.5537109375,5768.360657073733,5627.454305277774,5627.454305277774,16247233
2017-08-14,5988.52685546875,5988.52685546875,5750.746978940892,5759.553446033705,47379019
2017-08-15,5900.46044921875,6058.9802121730445,5882.847035859746,6058.9802121730445,25454293
2017-08-16,6032.56005859375,6032.56005859375,5865.2333572091575,5900.4601823338135,42388694
2017-08-17,5926.88037109375,6032.5603733432345,5926.88037109375,6032.5603733432345,22820803
2017-08-18,5944.49365234375,5988.526945748346,5874.040478624069,5900.4603589391545,16869557
2017-08-21,5830.00732421875,5944.493794072619,5821.200378144838,5935.686847998707,19066555
2017-08-22,5856.42724609375,5891.653594720471,5777.167124066467,5794.780537699016,22131584
2017-08-23,5900.46044921875,5900.46044921875,5803.586915063414,5821.200328422418,11592444
2017-08-24,5935.6865234375,5962.106881576207,5865.233351890425,5865.233351890425,18602900
2017-08-25,5970.91357421875,5979.72004150562,5909.266867295558,5918.073813220793,31493203
2017-08-28,6058.97998046875,6058.97998046875,5970.913395679896,5988.526808365337,29281233
2017-08-29,6067.78662109375,6129.433327937351,6032.5602733533815,6041.366740628882,28594905
2017-08-30,6138.240234375,6164.660114669956,6067.786582070634,6067.786582070634,19904480
2017-08-31,6173.466796875,6226.307037943395,6129.433501970528,6129.433501970528,21808403
2017-09-01,6182.2734375,6199.886371680624,6138.24014477173,6173.466491771333,17363427
2017-09-05,6235.11328125,6243.919748458857,6155.853161816845,6182.273520720138,18289124
2017-09-06,6340.79345703125,6340.79345703125,6235.113454398442,6235.113454398442,34069036
2017-09-07,6252.7265625,6358.406081332024,6217.499737130424,6358.406081332024,35088451
2017-09-08,6331.986328125,6349.59974116167,6208.693394145032,6252.726687417527,26961964
2017-09-11,6217.5,6340.793415367883,6217.5,6323.180001938418,16459886
2017-09-12,6243.919921875,6243.919921875,6147.046865333618,6217.5000408762935,17572130
2017-09-13,6499.31298828125,6499.31298828125,6270.340056330866,6287.952990605236,32932749
2017-09-14,6464.08642578125,6569.76642892431,6428.860077159148,6516.926666671969,17026278
2017-09-15,6516.92626953125,6525.732736490516,6411.246272828316,6428.859685385196,23599907
2017-09-18,6631.4130859375,6693.0597938465735,6560.959910600718,6569.766378028426,25802301
2017-09-19,6693.0595703125,6807.546036240959,6649.026277367834,6675.446157406962,28467907
2017-09-20,6675.4462890625,6728.286050182881,6640.219462556668,6701.86616962269,17070913
2017-09-21,6604.9931640625,6710.672687093232,6569.766337293343,6693.059752347023,23937059
2017-09-22,6640.21923828125,6728.285822932987,6578.572533297363,6596.185945955382,18410617
2017-09-25,6604.9931640625,6649.026458204761,6587.379750677921,6649.026458204761,11389363
2017-09-26,6587.3798828125,6622.606231649884,6525.7331740491045,6587.3798828125,20402081
2017-09-27,6640.21923828125,6666.639117949101,6587.379478945548,6587.379478945548,24206589
2017-09-28,6649.0263671875,6728.286008375579,6640.2194212965815,6649.0263671875,16412803
2017-09-29,6851.57958984375,6860.386057312369,6649.0265303201295,6649.0265303201295,33899680
2017-10-02,6877.99951171875,6895.612925398925,6807.54633563643,6860.386098038575,35226248
2017-10-03,6833.9658203125,6913.225459316862,6763.512648318061,6869.192166990544,20036603
2017-10-04,6983.67919921875,6983.67919921875,6816.352494784543,6851.5793205512255,14311587
2017-10-05,6833.9658203125,7027.712402275969,6833.9658203125,6983.679109949651,30422026
2017-10-06,6842.7724609375,6904.419167486118,6781.126233027245,6833.965993704139,17353802
2017-10-09,6948.45263671875,6948.45263671875,6833.9661665968415,6869.192515059843,12799079
2017-10-10,6992.48583984375,6992.48583984375,6930.839132541611,6948.452545861989,11614484
2017-10-11,6966.06591796875,7001.292265762726,6939.646037463677,6992.485798473824,26226662
2017-10-12,6957.2587890625,7045.325374188798,6922.032442194993,6974.87220181543,37370095
2017-10-13,6860.3857421875,6966.065740148504,6851.579275123398,6948.452327381945,20069660
2017-10-16,6693.0595703125,6869.192263452806,6657.832744501425,6869.192263452806,30485030
2017-10-17,6869.1923828125,6869.1923828125,6675.446273400106,6675.446273400106,24120548
2017-10-18,6763.5126953125,6922.032453061006,6728.285869751341,6869.192214719268,18131399
2017-10-19,6657.8330078125,6772.319478268793,6649.026540330622,6693.059835016764,21411311
2017-10-20,6596.18603515625,6684.25262099892,6499.312982184656,6657.83274097379,28574925
2017-10-23,6534.53955078125,6604.993204753606,6455.279908019909,6534.53955078125,19751154
2017-10-24,6604.9931640625,6604.9931640625,6525.733043151081,6596.186218051025,14118746
2017-10-25,6578.57275390625,6640.219460957425,6578.57275390625,6587.37969984977,10380745
2017-10-26,6516.92626953125,6578.572495522809,6464.086031860609,6578.572495522809,16645491
2017-10-27,6640.21923828125,6640.21923828125,6499.312894293811,6525.732773961662,14648517
2017-10-30,6481.69970703125,6657.832882459601,6481.69970703125,6657.832882459601,21886095
2017-10-31,6516.92626953125,6587.379441120423,6393.632860271436,6481.699444417489,23956423
2017-11-01,6287.953125,6499.31312719349,6279.146657674592,6481.699713904305,40047499
2017-11-02,6129.43310546875,6376.019445254905,6129.43310546875,6287.952861142825,25838976
2017-11-03,6376.01953125,6376.01953125,6129.433188138068,6164.660013713353,22044598
2017-11-06,6499.31298828125,6525.732868331162,6411.24640235597,6428.859815268697,22159969
2017-11-07,6499.31298828125,6516.926401193977,6446.472749543067,6516.926401193977,14460015
2017-11-08,6525.73291015625,6569.76620340111,6455.279736692145,6499.313029937006,36321351
2017-11-09,6525.73291015625,6560.959736207482,6508.119497130633,6552.152790375494,16608759
2017-11-10,6560.9599609375,6560.9599609375,6499.313252555462,6552.15301480385,15003477
2017-11-13,6455.27978515625,6560.959785464997,6393.63307842295,6560.959785464997,14281599
2017-11-14,6587.3798828125,6657.833059125647,6446.473051547827,6481.69987902359,18049086
2017-11-15,6825.15966796875,6851.579548854929,6596.186250132329,6604.993196186637,33802395
2017-11-16,6807.54638671875,6904.419444729057,6781.126505319428,6816.35285430573,21279464
2017-11-17,6728.2861328125,6816.352721520252,6684.252838458624,6798.739308051027,18416014
2017-11-20,6587.3798828125,6728.286235438794,6552.1530553367365,6728.286235438794,28005420
2017-11-21,6613.7998046875,6693.059927675179,6596.186390841529,6604.993337083706,29367552
2017-11-22,6745.8994140625,6798.7391747961465,6657.832827080848,6675.446240204851,24196294
2017-11-23,6728.2861328125,6816.352721520252,6657.832957573973,6798.739308051027,28097916
2017-11-24,6886.8056640625,6904.419076936591,6728.285905472399,6728.285905472399,35511865
2017-11-27,6913.2255859375,6948.4524118990985,6860.385825633461,6904.41911876628,29715166
2017-11-28,6939.64599609375,6983.679289552495,6886.805756760239,6957.258930566558,20509494
2017-11-29,6922.03271484375,6939.646128290447,6869.19247450366,6922.03271484375,20600542
2017-11-30,7256.685546875,7291.9123732397375,6974.872371872191,6974.872371872191,64964014
2017-12-01,7309.525390625,7344.752217388975,7221.458802353432,7247.879161745598,24445900
2017-12-04,7397.591796875,7415.205209823601,7274.298863511513,7291.912276460114,30195686
2017-12-05,7327.138671875,7441.625138835803,7327.138671875,7397.591845494082,31675078
2017-12-06,7441.625,7441.625,7151.005365094301,7379.978773382391,40778238
2017-12-07,7388.78564453125,7450.4323531587315,7327.138935903768,7441.625406990018,24474326
2017-12-08,7256.685546875,7379.978960513217,7239.072133692631,7379.978960513217,21843296
2017-12-11,7080.55224609375,7230.2655375172035,7080.55224609375,7151.005418928799,21029582
2017-12-12,6992.48583984375,7203.845842411546,6693.059727950802,7098.165841127648,39323721
2017-12-13,7098.166015625,7115.779429378376,6992.486011743124,7115.779429378376,24460148
2017-12-14,7159.8125,7186.232380482676,7089.358847195046,7098.165793114848,12416791
2017-12-15,7344.751953125,7388.785245676467,7212.652075470599,7212.652075470599,31169349
2017-12-18,7573.72509765625,7573.72509765625,7353.558628657082,7432.81874895213,34921877
2017-12-19,7679.4052734375,7802.698690340958,7600.1451513369375,7644.178446139833,41262646
2017-12-20,7749.8583984375,7837.924987464235,7608.952047450075,7608.952047450075,24196128
2017-12-21,7767.4716796875,7961.218267974412,7697.018505393632,7697.018505393632,35794919
2017-12-22,7811.5048828125,7908.377936512735,7767.471589559964,7802.698415617337,34415036
2017-12-25,7723.4384765625,7829.118478562694,7714.632009161805,7811.505065122933,13221436
2017-12-26,7732.24462890625,7820.311213878334,7652.984989614385,7661.791456656253,21673218
2017-12-27,7996.44482421875,8031.671651603007,7732.245054751958,7732.245054751958,42370994
2017-12-28,8066.8984375,8102.12526470309,7908.378193724477,7996.4447830938225,18560658
2017-12-29,8251.837890625,8260.644837049713,8075.70470579147,8093.318598640894,29822753
2018-01-02,8401.55078125,8410.35772724261,8181.384789648639,8260.64443175192,22846518
2018-01-03,8383.9375,8542.45677765433,8331.09774078189,8454.39019319858,27438643
2018-01-04,8489.6171875,8524.844013439153,8383.937666959258,8419.164492898411,26528696
2018-01-05,8454.390625,8533.651225152038,8392.744874281496,8472.004517156785,20371861
2018-01-08,8718.58984375,8718.58984375,8366.323510081178,8401.550334903397,20607282
2018-01-09,9317.443359375,9317.443359375,8753.817011941264,8771.430903681625,32471987
2018-01-10,9106.0830078125,9511.189100324167,8912.336907086781,9423.122516853082,34794761
2018-01-11,9106.0830078125,9141.309832656274,8877.110082243009,9070.856182968728,29967055
2018-01-12,9176.537109375,9317.443458411975,9018.016868410445,9158.92321744742,30294915
2018-01-15,9616.8701171875,9616.8701171875,9088.470586562504,9141.310348169654,19246593
2018-01-16,9863.4560546875,9863.4560546875,9440.737001800364,9564.029460594478,26576728
2018-01-17,9440.7373046875,9898.683199326695,9440.7373046875,9757.776843843618,28188245
2018-01-18,9863.4560546875,9863.4560546875,9299.830650837985,9405.510174740582,31273926
2018-01-19,10515.1484375,10550.375262659183,9793.002829481837,9863.455522523507,40922878
2018-01-22,11202.0673828125,11237.294208482548,10479.921764321703,10479.921764321703,37301473
2018-01-25,10832.1884765625,11448.65459638211,10744.121888016842,11431.041661583677,84781738
2018-01-26,11254.908203125,11360.587723827157,10744.121619418906,10920.254792106976,27817868
2018-01-29,10832.1884765625,11448.65459638211,10832.1884765625,11360.588007836452,28784965
2018-01-30,10796.9619140625,10832.188741798673,10303.789197586371,10656.055560394572,57499645
2018-01-31,10973.0947265625,11237.294489786527,10744.121789890354,10796.961551079814,33987835
2018-02-01,10744.1220703125,11096.38843047204,10656.055480272616,10973.09501296085,15655963
2018-02-02,10761.734375,10814.575091749992,10515.148511699086,10744.121440934472,21656745
2018-02-05,10039.5888671875,10638.44203357045,10039.5888671875,10550.375447765706,40945865
2018-02-06,10215.72265625,10462.309494318037,9352.670637565418,9352.670637565418,83332398
2018-02-07,10479.921875,10832.188220867343,10409.469180192564,10656.055047933673,41400169
2018-02-08,10515.1484375,10708.894539960476,10356.628202922016,10479.921612340817,26065265
2018-02-09,10268.5615234375,10462.308581377967,10004.361773108694,10004.361773108694,50527365
2018-02-12,10356.62890625,10515.14915159324,10198.109618183524,10268.562316009704,36603015
2018-02-13,10673.66796875,10761.734555104902,10391.855275325,10391.855275325,29506851
2018-02-21,10567.98828125,10885.02779566876,10515.148521726323,10832.188036145084,54149775
2018-02-22,10374.2421875,10497.53464075164,10339.0153620238,10479.921706651892,27987834
2018-02-23,10849.80078125,10920.254430905572,10356.628105491063,10391.854930318848,59637371
2018-02-26,11342.974609375,11378.200477531953,10955.481444158184,11078.77485453763,49050700
2018-02-27,11290.1337890625,11431.041089505094,11166.841337090274,11431.041089505094,55795520
2018-02-28,11624.7880859375,11624.7880859375,11078.77560518878,11184.455131373446,65753133
2018-03-01,11748.0810546875,11941.827164363976,11448.654465597438,11607.173748802716,36376840
2018-03-02,11677.626953125,11748.08060336077,11395.814266735317,11466.26695969439,43500273
2018-03-05,10867.4150390625,11677.627251061678,10867.4150390625,11660.014316691717,106286387
2018-03-06,11254.908203125,11290.134071841238,10427.08210003572,10920.254792106976,47797041
2018-03-07,10761.734375,11254.908016155232,10656.054856053424,10832.18802581552,38582627
2018-03-08,10885.0283203125,11025.934671592702,10585.601725544104,10726.509034101056,26587187
2018-03-09,10832.1884765625,10990.708718855383,10779.348714890451,10920.255065108158,27006377
2018-03-12,10920.2548828125,10990.708535383616,10814.575361232552,10832.188295736967,16497287
2018-03-13,10832.1884765625,10920.255065108158,10779.348714890451,10902.642130309723,16283798
2018-03-14,10885.0283203125,10973.09490952222,10867.415385381257,10902.642212520495,14901741
2018-03-15,10673.66796875,10832.18820709951,10638.442100029417,10832.18820709951,23092116
2018-03-16,10603.2158203125,10726.509239016816,10497.5353368759,10620.828755580216,53604700
2018-03-19,11114.0009765625,11254.908281515756,10744.12169425202,10744.12169425202,30174815
2018-03-20,10832.1884765625,11078.775307401042,10832.1884765625,11061.161415325863,19046294
2018-03-21,11096.3876953125,11166.841345587409,10849.800876627023,10849.800876627023,27240345
2018-03-22,11061.1611328125,11325.360891701544,11008.321372490034,11096.387958786385,36931264
2018-03-23,10814.5751953125,10920.254715271083,10656.054958097911,10656.054958097911,31562655
2018-03-26,10374.2421875,10796.961221384274,10303.7885365476,10691.281702232382,73310446
2018-03-27,10462.30859375,10550.375177297075,10321.402251530017,10321.402251530017,32269905
2018-03-28,10550.3759765625,10603.215739238394,10356.628903715213,10462.30938634376,13415723
2018-03-29,10708.89453125,10779.348181511064,10532.761362874033,10567.988188004569,24340603
2018-03-30,10638.4423828125,10796.961668098931,10585.60166377361,10779.348733270466,14345146
2018-04-02,10391.85546875,10673.668167420416,10391.85546875,10656.055232732291,33914371
2018-04-03,10303.7890625,10479.922241594932,10127.655883405068,10391.855652047465,35888418
2018-04-04,10391.85546875,10444.69523009111,10303.788880755905,10391.85546875,18969493
2018-04-05,10356.62890625,10462.309388904414,10321.40303597529,10444.695496490296,13078406
2018-04-06,10638.4423828125,10638.4423828125,10303.788962857678,10339.015789791356,31879217
2018-04-09,10708.89453125,10779.348181511064,10567.988188004569,10673.667706119468,24709259
2018-04-10,10708.89453125,10761.73429030745,10585.601121931484,10708.89453125,61838486
2018-04-11,10656.0546875,10920.254437964131,10638.441753713068,10744.121270988044,42139588
2018-04-12,10867.4150390625,10902.641865079142,10550.375519466155,10603.21527985276,25111134
2018-04-13,10779.3486328125,10937.867916621612,10726.508871542794,10920.25498195729,18386294
2018-04-16,10585.6015625,10744.121803546595,10585.6015625,10656.055215693315,12845661
2018-04-17,10515.1484375,10638.4418469188,10391.8550280812,10638.4418469188,20325836
2018-04-18,10391.85546875,10603.21547139118,10391.85546875,10550.37571005007,15348197
2018-04-19,10039.5888671875,10409.469101933457,10039.5888671875,10321.402516128712,28477531
2018-04-20,10356.62890625,10356.62890625,9898.683019911165,10039.589372840284,18353237
2018-04-23,9793.0029296875,10374.242200293078,9775.389038289328,10374.242200293078,15930394
2018-04-24,9863.4560546875,10021.976297818144,9687.32287666534,9775.38946567642,21196318
2018-04-26,9423.123046875,10004.362339021782,9352.670350501392,9863.455988997826,26806078
2018-04-27,9475.962890625,9511.18971775557,9123.697491149564,9423.123128567522,28578881
2018-05-02,9581.6435546875,9757.776736421514,9387.896480414023,9581.6435546875,24648759
2018-05-03,9564.029296875,9599.25612333176,9405.510013734678,9564.029296875,37253112
2018-05-04,9511.189453125,9740.16238718784,9493.576518688136,9652.095800450075,47999730
2018-05-07,9863.4560546875,9863.4560546875,9493.576763751662,9581.643352762743,22728362
2018-05-08,10039.5888671875,10198.109104546726,9722.54934974576,9845.842761327744,30548807
2018-05-09,10039.5888671875,10127.655452992243,9881.069587104988,10004.36204141026,13114636
2018-05-10,9722.5498046875,10021.976401889877,9687.32297726191,9986.749574464284,15183462
2018-05-11,9810.6162109375,9828.229145682164,9599.25620761783,9616.870099639234,15186692
2018-05-14,9828.2294921875,9916.296083569188,9687.323137432157,9881.070212837933,16484597
2018-05-15,9757.7763671875,9898.682715787463,9722.549540718326,9845.84295472207,14930852
2018-05-16,9511.189453125,9898.682626226504,9493.576518688136,9704.936518314114,17498668
2018-05-17,9335.056640625,9546.416648424016,9299.830770389131,9511.189820911386,22915583
2018-05-18,9493.576171875,9493.576171875,9246.989355106722,9370.28276349086,23057557
2018-05-21,9370.283203125,9616.870031462617,9370.283203125,9599.256139566083,14505098
2018-05-22,8894.7236328125,9335.056580701908,8894.7236328125,9317.443645697032,35401668
2018-05-23,9106.0830078125,9158.922766439817,8859.497148459466,8859.497148459466,18874656
2018-05-24,9229.376953125,9229.376953125,9088.470602828167,9158.923299338212,21649621
2018-05-25,9176.537109375,9387.896154292095,9123.697348145726,9229.376870604274,34624906
2018-05-28,8577.68359375,9158.922859083134,8577.68359375,8912.33699723586,29538296
2018-05-29,9158.9228515625,9176.536742786431,8577.683586706638,8577.683586706638,29123063
2018-05-30,9299.830078125,9405.509595519516,8965.17667758121,9176.536669646935,35080434
2018-05-31,9881.0693359375,9881.0693359375,9299.830075856082,9317.44300965864,56910493
2018-06-01,10039.5888671875,10110.04251874198,9881.069587104988,9951.522281382757,40036201
2018-06-04,10567.98828125,10567.98828125,10092.428530983503,10198.10900730756,35927155
2018-06-05,10391.85546875,10603.21547139118,10303.788880755905,10567.988644738194,34072766
2018-06-06,10708.89453125,10744.121356380532,10303.788435440618,10427.081844759132,36527551
2018-06-07,10902.6416015625,10990.708185837178,10708.89454179219,10744.1213669574,35933053
2018-06-08,10796.9619140625,10920.255332500725,10779.348978832795,10920.255332500725,20538158
2018-06-11,10673.66796875,10867.415033096817,10656.055034389708,10744.121620744609,45586187
2018-06-12,10479.921875,10923.77758566606,10282.65298935177,10923.77758566606,43059852
2018-06-13,10701.849609375,10751.167550392916,10430.605241521846,10455.263733392429,17198789
2018-06-14,10504.580078125,10960.76550044899,10492.251311578062,10800.483877125238,26135033
2018-06-15,10603.2158203125,10603.2158203125,10307.311998332852,10479.922401608186,19164092
2018-06-18,9912.7734375,10529.238568600496,9912.7734375,10529.238568600496,31440449
2018-06-19,9456.587890625,9740.161962069666,9246.989289318502,9567.551574470594,52415090
2018-06-20,9863.4560546875,9863.4560546875,9320.966364163154,9616.870179822525,22929162
2018-06-21,9678.5166015625,9851.126996045105,9616.86989535061,9851.126996045105,15421239
2018-06-22,10097.712890625,10097.712890625,9567.551981606062,9616.86992107352,28825735
2018-06-25,10233.3359375,10393.616606847603,10122.371292632371,10356.628391891729,16156509
2018-06-26,10134.701171875,10147.029938864573,9863.455853506925,10011.4077583189,12413935
2018-06-27,9740.162109375,10147.029594479887,9740.162109375,10085.383847070789,13612049
2018-06-28,9579.8818359375,9814.138940441027,9518.235128723232,9567.552111583953,18218094
2018-06-29,9468.91796875,9666.18685377978,9357.954280750544,9567.551932626531,21316390
2018-07-02,9468.91796875,9493.576459719134,9123.697180628707,9370.283047596751,25382352
2018-07-03,8951.0859375,9567.552048287576,8951.0859375,9468.91808321867,25931778
2018-07-04,9148.35546875,9234.660663866664,8926.42714039522,9074.379040206177,14982849
2018-07-05,8901.7685546875,9246.989331458886,8827.793084212211,9148.355370825167,19860999
2018-07-06,9074.37890625,9320.965721387036,8679.84115076276,8889.439752173905,22132715
2018-07-09,8803.134765625,9246.989511680738,8729.15833643124,9246.989511680738,15293913
2018-07-10,8753.8173828125,8901.769293316145,8753.8173828125,8753.8173828125,18856644
2018-07-11,8482.5712890625,8729.158103423953,8334.620349177641,8605.864696243227,30525735
2018-07-12,8322.291015625,8420.925937448059,8186.668835735428,8211.327326872011,13227319
2018-07-13,8778.4755859375,8790.805310272099,8396.266576162476,8433.254791889538,18802103
2018-07-16,8753.8173828125,8938.757510261248,8716.829165867397,8901.769293316145,21185324
2018-07-17,8901.7685546875,8914.098278405057,8630.523248391402,8630.523248391402,13431332
2018-07-18,9173.0146484375,9210.002865488726,8901.769318856452,8951.086303406908,33116788
2018-07-19,9173.0146484375,9308.63683458964,9148.356156162272,9234.661357763956,15957387
2018-07-20,9049.720703125,9123.697132922303,8938.757015705756,9074.379193965196,19781533
2018-07-23,9111.3671875,9271.647852705564,9025.061993017767,9148.35540150001,22330845
2018-07-24,8729.158203125,9111.367195384688,8655.182732337651,9099.037471615118,48680152
2018-07-25,8753.8173828125,8827.793816702706,8679.84190619906,8729.15889060802,22746781
2018-07-26,9000.404296875,9000.404296875,8729.15896573765,8753.817458154359,33578637
2018-07-27,9197.6728515625,9210.002575950884,8963.415746397095,9062.05066967396,22505516
2018-07-30,9136.0263671875,9320.966493867292,9099.038150396187,9271.648552386623,24010599
2018-07-31,9210.0029296875,9283.978407028831,9012.733075557057,9099.038277760335,24228009
2018-08-01,9271.6484375,9407.271578295356,9197.672962110784,9222.331453907187,27862094
2018-08-02,9185.3427734375,9246.989478451873,9000.403615671084,9246.989478451873,24141944
2018-08-03,8951.0859375,9259.319471532152,8951.0859375,9246.989747260175,23651357
2018-08-06,8914.0986328125,8963.415615090107,8778.475495633993,8963.415615090107,19048887
2018-08-07,8914.0986328125,8914.0986328125,8827.793435188325,8914.0986328125,22683729
2018-08-08,9049.720703125,9086.708918023653,8901.768800807104,8926.427291647302,15469225
2018-08-09,9012.732421875,9173.014047071363,9000.403655184022,9099.03761781867,21308919
2018-08-10,9123.697265625,9148.35575682385,8988.07412811623,8988.07412811623,19766546
2018-08-13,9444.259765625,9456.588532846969,9049.72102626389,9099.038009705248,45318808
2018-08-14,9493.576171875,9592.210132760962,9431.92946768293,9493.576171875,21121323
2018-08-15,9246.990234375,9555.223784644342,9197.673249242618,9493.577074590474,18625440
2018-08-16,9246.990234375,9296.308176784163,9111.368046622558,9123.697771544044,27799842
2018-08-17,9296.3076171875,9419.600072596795,9234.66091084449,9345.624599351218,14888393
2018-08-20,9185.3427734375,9296.30741682939,9160.68428288709,9296.30741682939,14082803
2018-08-21,9246.990234375,9246.990234375,9136.02653918875,9148.356264110234,13607635
2018-08-22,9370.283203125,9468.918125915394,9234.661021905353,9271.648280334606,26510220
2018-08-23,9394.94140625,9456.588111442974,9345.624425006305,9345.624425006305,15297609
2018-08-24,9456.587890625,9468.917614286367,9320.965716733352,9370.282696825465,22567930
2018-08-27,9604.5400390625,9690.845235116454,9493.576352318376,9518.234843008548,23257801
2018-08-28,9838.7978515625,9912.77428628591,9616.87046194582,9616.87046194582,43780251
2018-08-29,9764.822265625,10023.737869726734,9764.822265625,9863.456234457984,27342844
2018-08-30,9777.150390625,9814.13860514522,9653.85698040873,9764.821623969394,29798058
2018-08-31,9851.126953125,9949.760916812911,9764.821756259718,9814.138738103677,25578611
2018-09-04,9616.8701171875,9838.797498848233,9616.8701171875,9789.480515651789,17787530
2018-09-05,9518.2353515625,9678.516985527433,9493.57685955484,9567.552335577822,18417375
2018-09-06,9530.564453125,9666.186628938942,9493.576238893307,9518.23472928887,21399274
2018-09-07,9789.48046875,9814.13896023008,9518.235147915631,9518.235147915631,22688619
2018-09-10,9666.1865234375,9814.138421472751,9666.1865234375,9777.150207644769,10727860
2018-09-11,9863.4560546875,9912.773995481894,9629.198947063562,9629.198947063562,30778684
2018-09-12,9740.162109375,9925.102223432385,9740.162109375,9888.114009165569,22732745
2018-09-13,9801.8095703125,9925.102989196705,9740.162860870396,9789.480802790142,25625600
2018-09-14,9740.162109375,9875.785242594427,9740.162109375,9814.138537908631,18495130
2018-09-17,9727.833984375,9777.150968465516,9653.857550962466,9690.845767668734,9432155
2018-09-18,9727.833984375,9727.833984375,9567.552350165684,9666.187275623475,33395692
2018-09-19,9777.150390625,9838.797095733134,9764.821623969394,9814.13860514522,21025441
2018-09-20,10085.3837890625,10085.3837890625,9789.47999118332,9838.79697173762,39650248
2018-09-21,10184.0185546875,10208.67704691262,10023.73787658584,10110.04307801214,56741237
2018-09-24,10184.0185546875,10282.653480864745,10134.70157023726,10282.653480864745,17610551
2018-09-25,10171.689453125,10208.676711609452,10073.054530187412,10110.042745948598,18390543
2018-09-26,10110.04296875,10221.006661202206,10110.04296875,10171.689677284949,19933427
2018-09-27,10245.6650390625,10257.994763542883,10134.701347846014,10159.35983953004,22232060
2018-09-28,10430.60546875,10442.934236315494,10233.336572211138,10257.9950646189,38318966
2018-10-01,10455.263671875,10590.885855003597,10368.958472197395,10430.605180149503,27096019
2018-10-02,10184.0185546875,10368.958682291048,10147.030337711438,10294.982248338922,42146253
2018-10-03,10184.0185546875,10257.994988639626,10110.04307801214,10110.04307801214,21514080
2018-10-04,10208.6767578125,10208.6767578125,10085.384300178428,10159.35977475887,47331616
2018-10-05,10221.0068359375,10331.970530286708,10159.360126348658,10208.677111109022,46464206
2018-10-08,10159.359375,10221.00608002968,10122.37116052685,10159.359375,17256472
2018-10-09,10110.04296875,10233.336385819895,10110.04296875,10233.336385819895,18669486
2018-10-10,10208.6767578125,10294.98195679472,10097.713067303464,10134.701283232056,29540900
2018-10-11,9838.7978515625,10011.408256214756,9690.845939392457,9888.114836526924,63569222
2018-10-12,10060.724609375,10060.724609375,9715.503821750031,9715.503821750031,31361858
2018-10-15,9949.7607421875,10036.065937538064,9912.773485092044,10036.065937538064,16769261
2018-10-16,10048.3955078125,10048.3955078125,9949.760590086804,9949.760590086804,11959681
2018-10-17,10110.04296875,10171.689677284949,10073.05475217368,10159.359952667255,24644500
2018-10-18,10110.04296875,10147.030228049563,10036.06653559736,10110.04296875,16237168
2018-10-19,10048.3955078125,10122.370978149258,9962.090313781271,10036.065784118033,19847603
2018-10-22,9888.1142578125,10097.712867559438,9888.1142578125,10060.724652362514,10197997
2018-10-23,9740.162109375,9851.126752175447,9592.210209584431,9851.126752175447,40477705
2018-10-24,9666.1865234375,9838.79691159918,9666.1865234375,9666.1865234375,20726301
2018-10-25,9616.8701171875,9653.85737594646,9333.2950706161,9370.283286651804,28788777
2018-10-26,9592.2109375,9764.822298085048,9592.2109375,9690.845863937631,20461624
2018-10-29,9579.8818359375,9592.210603014311,9518.235128723232,9530.56485307678,17733465
2018-10-30,9542.8935546875,9703.175183800382,9518.235063426302,9518.235063426302,10673676
2018-10-31,9925.1025390625,9925.1025390625,9629.19873007127,9641.528454311208,35454494
2018-11-01,9764.822265625,9851.127466992244,9715.504323931742,9838.79774224974,8908650
2018-11-02,9863.4560546875,9900.444270964108,9814.139071169857,9863.4560546875,14293932
2018-11-05,9863.4560546875,9863.4560546875,9740.162638616635,9764.822087652208,15036432
2018-11-06,9764.822265625,9900.444451408735,9764.822265625,9888.11472666623,7298501
2018-11-07,9653.857421875,9814.139053941097,9653.857421875,9764.822070510028,14148951
2018-11-08,9592.2109375,9826.4680501722,9592.2109375,9826.4680501722,11595111
2018-11-09,9271.6484375,9579.881978146945,9271.6484375,9518.235270017556,30297396
2018-11-12,9259.3193359375,9308.636317749748,9160.684415036289,9271.648102752204,12099014
2018-11-13,9099.0380859375,9197.673010923332,9074.37959401023,9123.697535141524,24976835
2018-11-14,8827.7939453125,9086.70955314676,8692.170800296853,9086.70955314676,33727828
2018-11-15,8630.5234375,8864.780535053058,8568.877689391513,8753.81684827039,27147458
2018-11-16,8679.841796875,8803.135213621264,8642.85358039577,8753.817272556706,9468729
2018-11-19,8741.48828125,8827.793479305488,8667.511850187164,8753.817048242652,7273809
2018-11-20,9000.404296875,9037.391556861678,8729.15896573765,8778.47595057107,26483349
2018-11-21,9000.404296875,9074.379774125127,8877.11087751468,8889.440602361421,15128857
2018-11-22,8827.7939453125,9062.05106058304,8827.7939453125,9025.062843099064,14277194
2018-11-23,8766.146484375,8877.110170045225,8753.816760510887,8827.793189142169,8624935
2018-11-26,8778.4755859375,8926.427491569017,8766.146818879635,8778.4755859375,11278677
2018-11-27,8778.4755859375,8926.427491569017,8778.4755859375,8827.793525999161,10718162
2018-11-28,8679.841796875,8840.122472823741,8618.195088501867,8803.135213621264,17849505
2018-11-29,8433.2548828125,8790.805405049985,8433.2548828125,8729.158697265815,17449429
2018-11-30,8186.6689453125,8383.937834322302,8186.6689453125,8383.937834322302,29780927
2018-12-03,8581.20703125,8630.524015952898,8383.938135161634,8383.938135161634,18678431
2018-12-04,8531.8896484375,8679.84155291933,8445.58445059616,8630.523613240903,17136896
2018-12-05,8704.5,8753.81698215173,8445.584407788336,8470.2428988642,32168723
2018-12-06,8531.8896484375,8729.15853532103,8507.231157236649,8655.183061718479,18414471
2018-12-07,8544.21875,8630.523951221141,8519.560257833497,8605.865459054638,13370908
2018-12-10,8322.291015625,8531.889626201048,8297.632524488416,8507.231135064463,25614430
2018-12-11,8248.3154296875,8371.607883688399,8088.033803571264,8285.302687249414,27940649
2018-12-12,8285.302734375,8322.290949424008,8137.350831455681,8260.644243434566,14237600
2018-12-13,8383.9375,8408.595990483338,8309.961071273287,8346.949285636643,26714550
2018-12-14,8260.64453125,8371.60822298648,8235.986039450421,8371.60822298648,15367614
2018-12-17,7989.3994140625,8260.64425055619,7989.3994140625,8260.64425055619,18866619
2018-12-18,7668.83740234375,7903.094511110975,7557.873231610742,7816.789310895511,32825755
2018-12-19,7323.61572265625,7742.812933526003,7151.00533165734,7668.83698329242,46332702
2018-12-20,7385.2626953125,7434.580156801914,7224.981543769862,7298.957496684799,29518837
2018-12-21,7385.2626953125,7397.591941025262,7224.981543769862,7224.981543769862,20714333
2018-12-24,7520.88525390625,7520.88525390625,7385.262595619886,7385.262595619886,13404937
2018-12-25,7496.22705078125,7496.22705078125,7138.676523010535,7311.286924566722,19843586
2018-12-26,7471.56787109375,7496.226841082239,7335.9456900297055,7496.226841082239,16962578
2018-12-27,7631.84912109375,7668.837337236856,7471.56796796316,7607.190629423928,26171725
2018-12-28,7631.84912109375,7631.84912109375,7520.885429941178,7594.861383589016,34757984
2019-01-02,7594.861328125,7755.142480085083,7594.861328125,7619.519819614745,16681128
2019-01-03,7274.298828125,7619.519614229432,7274.298828125,7582.531877991824,27956230
2019-01-04,7323.61572265625,7397.591672889833,7077.0293814237575,7249.639772422667,26512328
2019-01-07,7237.310546875,7483.896888779323,7187.993565677147,7471.567643479859,9894163
2019-01-08,7114.017578125,7274.298723458469,7077.029363781242,7249.639754349847,16853696
2019-01-09,7274.298828125,7348.274779238572,7151.005416722927,7151.005416722927,11668811
2019-01-10,7348.27490234375,7422.250854696636,7274.298949990864,7298.957441229038,10993928
2019-01-11,7237.310546875,7372.933202445801,7237.310546875,7348.274711846873,11406560
2019-01-14,7224.9814453125,7261.969660585101,7114.017756771417,7249.6399364019935,14819779
2019-01-15,7224.9814453125,7298.957397219342,7187.993708678259,7224.9814453125,11689044
2019-01-16,7261.9697265625,7311.286709189549,7187.993773983562,7249.640002267372,11852229
2019-01-17,7126.34716796875,7261.969829390248,7126.34716796875,7261.969829390248,7783010
2019-01-18,7200.3232421875,7261.969951015048,7187.993996149666,7224.981734263167,9423887
2019-01-21,7286.62841796875,7335.945880588434,7200.323217363086,7224.981709353739,8217466
2019-01-22,7274.298828125,7360.6040246511075,7261.969582712463,7323.615809775144,7216370
2019-01-23,7409.92138671875,7496.227066314055,7237.310984804899,7249.640230850405,15140667
2019-01-24,7360.60400390625,7496.226660338624,7360.60400390625,7422.250709433543,9489121
2019-01-25,7323.61572265625,7422.250642059927,7286.627986858633,7397.591672889833,7352246
2019-01-28,7335.94580078125,7348.275046642448,7298.957584559284,7348.275046642448,10881464
2019-01-29,7323.61572265625,7360.603937092216,7274.298741592762,7360.603937092216,7645466
2019-01-30,7151.00537109375,7298.957272376842,7114.017635092154,7298.957272376842,27394325
2019-01-31,6830.443359375,7187.993881985227,6805.784867690975,7151.005665820817,34191905
2019-02-01,6731.80859375,6953.736444263629,6657.832643578789,6867.431248836943,28940155
2019-02-11,7126.34716796875,7126.34716796875,6805.784861800389,6818.11410763173,17636230
2019-02-12,7274.298828125,7360.6040246511075,7089.358711021891,7126.346925897856,31732316
2019-02-13,7619.51953125,7668.836991001414,7274.298748905151,7274.298748905151,46379853
2019-02-14,7644.17822265625,7718.154174907904,7594.86124024739,7619.51973145182,28446503
2019-02-15,7792.13037109375,8014.058234796208,7594.86147800604,7644.178461958778,43037234
2019-02-18,7927.7529296875,8026.387374930541,7878.435467746794,7915.423683861916,25518824
2019-02-19,7816.7890625,8014.057948541447,7804.459338313844,8001.728702993652,26254532
2019-02-20,7940.08203125,7964.740522453148,7804.459372355959,7816.789096595896,24639969
2019-02-21,8063.37548828125,8063.37548828125,7866.106121670913,7964.740565656899,23891897
2019-02-22,8359.279296875,8371.608063902133,8026.387270714702,8051.045762045699,34263578
2019-02-25,8581.20703125,8766.147159801027,8433.255119864532,8494.90182938154,46836729
2019-02-26,8507.2314453125,8729.15883091189,8445.5847365845,8581.206921420044,31144688
2019-02-27,8482.5712890625,8618.194419871972,8420.925542748815,8618.194419871972,22628512
2019-02-28,8285.302734375,8531.88955833277,8285.302734375,8519.559834224196,32354765
2019-03-01,8445.5849609375,8445.5849609375,8285.303322531543,8285.303322531543,18329203
2019-03-04,8716.8291015625,8716.8291015625,8556.548424777404,8568.878149427068,20050063
2019-03-05,8642.853515625,8778.475698663467,8618.195023915892,8655.183240117927,22868540
2019-03-06,8630.5234375,8679.841376174181,8482.571536030873,8630.5234375,13409586
2019-03-07,8408.5966796875,8642.853794394965,8408.5966796875,8630.52406950435,19350494
2019-03-08,8371.6083984375,8457.913600183174,8235.98621205909,8260.644704375458,18504312
2019-03-11,8334.62109375,8433.255062484692,8285.30315210589,8433.255062484692,19314636
2019-03-12,8346.94921875,8420.925646883918,8309.96100468304,8408.5959231027,21476754
2019-03-13,8470.2431640625,8470.2431640625,8359.27947210854,8383.937963956447,12724687
2019-03-14,8433.2548828125,8544.218573913307,8359.279407837543,8470.24309893835,17818139
2019-03-15,7866.10595703125,8162.009282795873,7853.7767116208515,8137.350791975076,67697678
2019-03-18,7853.77685546875,7989.399514743874,7533.214554373631,7767.471657376861,42527364
2019-03-19,7866.10595703125,7878.435202441648,7668.837073188168,7841.447466210454,29957351
2019-03-20,7964.74072265625,8038.717155401905,7767.471830795754,7767.471830795754,23156788
2019-03-21,7890.76513671875,8001.72882700702,7878.435412341503,7964.740611152018,15396196
2019-03-22,7878.435546875,7940.082255260448,7853.777054976172,7915.423763361619,19052546
2019-03-25,7742.81298828125,7804.459215046558,7668.837037524528,7668.837037524528,20626280
2019-03-26,7792.13037109375,7829.118587696682,7718.154416526264,7792.13037109375,18431246
2019-03-27,7977.0703125,7977.0703125,7804.459436738919,7866.106143893707,10095036
2019-03-28,8001.72900390625,8001.72900390625,7915.423803187733,7927.753049199181,9990483
2019-03-29,7940.08203125,8063.375444542466,7866.106079002192,8026.387229099381,25975584
2019-04-01,7878.435546875,7940.082255260448,7866.106300925586,7903.094517412205,14590687
2019-04-02,7915.42333984375,7952.411075712949,7878.435125336199,7940.081830423216,7143026
2019-04-03,7915.42333984375,7927.752585133483,7866.105880046466,7890.764849264284,15407409
2019-04-04,7989.3994140625,7989.3994140625,7890.764971577372,7927.752708019911,11390023
2019-04-05,8014.05810546875,8051.045842836411,7952.411397884277,7989.399613890308,7301442
2019-04-08,7989.3994140625,8051.04564146673,7964.740444462449,8014.057905024192,6294065
2019-04-09,7915.42333984375,8014.057780799965,7890.764849264284,8001.728535510232,11464919
2019-04-10,7878.435546875,7903.094517412205,7804.459592540137,7890.765271462791,8774960
2019-04-11,7878.435546875,7903.094517412205,7853.777054976172,7890.765271462791,6109730
2019-04-12,7903.09423828125,7903.09423828125,7853.77677758707,7878.43526861498,6268741
2019-04-16,7829.1181640625,7890.764869306094,7779.800704139955,7866.105900025645,6147656
2019-04-17,7792.13037109375,7853.777079673051,7767.471879117381,7829.118587696682,7474883
2019-04-18,7718.154296875,7779.801004498619,7718.154296875,7742.81326710747,25612006
2019-04-19,7792.13037109375,7816.789341708498,7730.484141152827,7730.484141152827,10788640
2019-04-22,7853.77685546875,7915.423562288202,7730.483920468208,7730.483920468208,17188812
2019-04-23,7866.10595703125,7890.764926490402,7853.7767116208515,7890.764926490402,12386788
2019-04-24,8223.65625,8223.65625,7866.106207174873,7890.765177418185,27236029
2019-04-25,8162.00927734375,8297.632412682602,8137.350786539425,8260.64419783776,16277795
2019-04-26,8285.302734375,8334.620673532583,8162.009322396115,8186.668770613264,11213401
2019-05-02,8383.9375,8383.9375,8211.327109339934,8309.961071273287,20781279
2019-05-03,8420.92578125,8482.571529309642,8309.961137278548,8383.93756659285,13897475
2019-05-06,8248.3154296875,8334.620626126485,8186.6687240486945,8235.985705649055,17888981
2019-05-07,8260.64453125,8334.620963925487,8235.986039450421,8334.620963925487,11946008
2019-05-08,8174.33935546875,8211.327571915795,8137.351139021704,8198.997847341196,11404334
2019-05-09,8112.6923828125,8198.997580192347,8038.716909605512,8149.680598054355,9113058
2019-05-10,8100.36376953125,8186.668968547785,8038.717062051334,8162.009519734426,7589890
2019-05-13,7903.09423828125,8125.022093447523,7890.764992767295,8125.022093447523,15147940
2019-05-14,7989.3994140625,7989.3994140625,7816.789020053937,7816.789020053937,7834371
2019-05-15,7989.3994140625,8063.375365585935,7964.740444462449,7989.3994140625,10085970
2019-05-16,7964.74072265625,8063.375647224873,7964.74072265625,8001.728939029078,16968938
2019-05-17,7952.4111328125,7989.399347585631,7940.081887434241,7964.740378190759,6128177
2019-05-20,8088.0341796875,8149.680888193049,7952.411516702966,7952.411516702966,9498581
2019-05-21,8112.6923828125,8186.66881329621,8088.033891743505,8125.022106985359,21119017
2019-05-22,8137.35107421875,8235.985998199796,8112.692582542675,8137.35107421875,9995257
2019-05-23,8075.7041015625,8149.680531441551,8051.045610695054,8137.350807369471,10070468
2019-05-24,7927.7529296875,8051.045866581709,7927.7529296875,8014.058129104958,14580548
2019-05-27,7940.08203125,7977.070246693085,7915.4235400468515,7915.4235400468515,6755038
2019-05-28,7903.09423828125,8014.057926545206,7903.09423828125,8014.057926545206,15261275
2019-05-29,8014.05810546875,8014.05810546875,7903.094414727395,7964.740643673497,6600001
2019-05-30,7890.76513671875,8014.058072745898,7878.435412341503,8014.058072745898,27171543
2019-05-31,7915.42333984375,7940.081830423216,7890.764849264284,7890.764849264284,14288283
2019-06-03,7767.4716796875,7915.4235850238065,7742.813188344238,7903.094339352175,51777257
2019-06-04,7789.6640625,7949.945210140268,7709.523727999044,7885.833038267174,10665382
2019-06-05,7629.38330078125,7917.889764038106,7597.327452542382,7821.72078340636,9139211
2019-06-06,7276.76513671875,7661.439623101803,7164.567992715111,7661.439623101803,26839932
2019-06-07,7356.9052734375,7469.101935725382,7324.848947458571,7372.933436426963,16651393
2019-06-10,7340.876953125,7501.158100946273,7324.848790479037,7453.074091646741,21060547
2019-06-11,7372.93359375,7437.046247075887,7276.765092399547,7372.93359375,18473150
2019-06-12,7404.98974609375,7453.074234956219,7324.848931322968,7340.877094277125,10190642
2019-06-13,7372.93359375,7501.158421763396,7340.877267087057,7501.158421763396,9183703
2019-06-14,7356.9052734375,7388.961599416428,7356.9052734375,7372.933436426963,13702467
2019-06-17,7196.6240234375,7372.933335264126,7196.6240234375,7356.905172494582,12703053
2019-06-18,7388.96142578125,7404.989588394063,7196.623953065838,7196.623953065838,18217691
2019-06-19,7645.4111328125,7645.4111328125,7469.101821268534,7517.186309500077,25582304
2019-06-20,7565.27099609375,7725.552149096456,7565.27099609375,7725.552149096456,16586020
2019-06-21,7597.3271484375,7661.439320987342,7565.2708228433985,7661.439320987342,14736288
2019-06-24,7485.1298828125,7709.523679554178,7469.101720285355,7629.382866918452,12457746
2019-06-25,7404.98974609375,7501.158245180322,7372.933420185437,7437.046072002063,17995381
2019-06-26,7340.876953125,7453.074091646741,7340.876953125,7388.961441062889,9075053
2019-06-27,7228.6806640625,7356.9054931695955,7228.6806640625,7340.877329701411,15295055
2019-06-28,7533.21435546875,7533.21435546875,7196.62390034228,7228.680225333058,14360043
2019-07-01,7372.93359375,7469.102095100453,7308.820940424113,7437.046247075887,15797355
2019-07-02,7244.70849609375,7372.93331933471,7228.680333358835,7372.93331933471,15340318
2019-07-03,7100.45556640625,7260.736716387658,7084.427403544273,7244.708553525681,19373234
2019-07-04,7148.53955078125,7212.652201999807,7052.371052591775,7052.371052591775,19727169
2019-07-05,7148.53955078125,7196.624039195168,7100.455541005693,7148.53955078125,14316101
2019-07-08,6972.23046875,7148.539786783352,6956.202784054583,7116.483938754142,25176459
2019-07-09,6844.00537109375,7036.342844883629,6844.00537109375,6988.25835677657,21074883
2019-07-10,6844.00537109375,6972.230194074216,6827.977208391397,6860.033533796102,17702217
2019-07-11,6908.1181640625,6940.17449012688,6860.03367496593,6860.03367496593,10715041
2019-07-12,7020.31494140625,7052.371267994636,6940.174603573662,6956.202766867855,10295650
2019-07-15,6876.06201171875,7052.37133088885,6876.06201171875,7052.37133088885,11933160
2019-07-16,6924.146484375,6940.174647771266,6876.061994186201,6924.146484375,13533722
2019-07-17,6844.00537109375,6940.174347307869,6827.977208391397,6940.174347307869,16699773
2019-07-18,6715.78076171875,6860.033751989752,6683.724435294444,6844.005588777599,26762843
2019-07-19,6603.583984375,6795.9214609767205,6539.4713326283045,6731.808809230025,34988627
2019-07-22,6651.66796875,6795.921434620617,6507.414981517746,6603.583958764824,21057023
2019-07-23,6956.20263671875,6972.230321074692,6667.696181459553,6667.696181459553,35334842
2019-07-24,6908.1181640625,6988.258500585083,6860.03367496593,6956.202653159071,11459859
2019-07-25,7180.595703125,7180.595703125,6892.089736879773,6892.089736879773,29886347
2019-07-26,7228.6806640625,7388.961820105965,7196.624337126131,7244.708827530684,34470522
2019-07-29,7084.42724609375,7228.680230007177,6972.230108553478,7228.680230007177,24954300
2019-07-30,6892.08984375,7116.483642441536,6892.08984375,7084.427317108694,19650477
2019-07-31,7228.6806640625,7228.6806640625,6827.977534634646,6860.033861571015,19993664
2019-08-01,7244.70849609375,7292.792505660135,7132.511356949345,7212.65217062392,19023359
2019-08-02,7196.6240234375,7228.680348976588,7084.427362689051,7116.483688228139,22146161
2019-08-05,7100.45556640625,7212.652227801726,7052.371077820319,7164.567739215795,21188178
2019-08-06,6972.23046875,7052.371285418968,6908.118294053203,6908.118294053203,18635524
2019-08-07,7084.42724609375,7100.455408599503,6988.258271059231,7020.314596070737,11488634
2019-08-08,7469.10205078125,7469.10205078125,7100.455732259959,7100.455732259959,37057088
2019-08-09,7404.98974609375,7533.214571088634,7372.933420185437,7501.158245180322,13317816
2019-08-12,7565.27099609375,7645.411333275917,7404.989843091044,7404.989843091044,24852748
2019-08-13,7517.1865234375,7661.439513599178,7469.102033837483,7469.102033837483,22636344
2019-08-14,7517.1865234375,7629.383187199167,7501.158360237494,7629.383187199167,13061562
2019-08-15,7453.07421875,7453.07421875,7308.820752476263,7372.933404153479,21755514
2019-08-16,7388.96142578125,7485.129922819779,7340.876937942808,7453.074076232506,28240394
2019-08-19,7388.96142578125,7469.101760206964,7356.905100555622,7372.933263168436,7769846
2019-08-20,7340.876953125,7469.101775654347,7292.792465187111,7388.961441062889,16025596
2019-08-21,7437.0458984375,7453.0740610175935,7308.820597796751,7340.876922956938,16597057
2019-08-22,7388.96142578125,7485.129922819779,7372.933263168436,7469.101760206964,10227185
2019-08-23,7501.158203125,7517.186365989294,7404.989704577598,7453.07419317048,16471653
2019-08-26,7308.82080078125,7421.017941957904,7276.764953369145,7404.989778932668,19437799
2019-08-27,7180.595703125,7388.961335919153,7180.595703125,7372.933173501268,28251923
2019-08-28,7132.51123046875,7212.65204272219,7084.427221755037,7180.595717820815,13914750
2019-08-29,7100.45556640625,7132.511413491841,7052.371077820319,7132.511413491841,19391378
2019-08-30,7116.48388671875,7196.624224163359,7068.399397068961,7100.455723502154,11537284
2019-09-03,6940.17431640625,7148.539473332365,6940.17431640625,7116.483626708747,17087793
2019-09-04,6924.146484375,6988.258659321685,6892.090157582468,6892.090157582468,19561338
2019-09-05,6956.20263671875,7036.342973051929,6924.146310730132,6940.174473724442,10808553
2019-09-06,6860.03369140625,7020.314843473903,6860.03369140625,6988.258517332699,13472208
2019-09-09,6795.92138671875,6908.118047411146,6795.92138671875,6892.089884649609,12348395
2019-09-10,6827.9775390625,6844.005702541079,6763.865363786566,6795.921690743724,16468504
2019-09-11,7068.3994140625,7068.3994140625,6811.9492806187845,6827.977443873915,20556778
2019-09-12,7228.6806640625,7244.708827530684,7100.455834955404,7100.455834955404,17491283
2019-09-13,7244.70849609375,7260.736658828665,7180.59584515409,7212.65217062392,17183412
2019-09-16,7260.73681640625,7260.73681640625,7132.511511744095,7196.624164075172,16514159
2019-09-17,7276.76513671875,7276.76513671875,7180.596156144203,7260.736973289659,14573667
2019-09-18,7372.93359375,7388.961757081472,7244.708765736604,7276.765092399547,23074297
2019-09-19,7356.9052734375,7388.961599416428,7276.764937128546,7372.933436426963,15469516
2019-09-20,7260.73681640625,7356.905316264496,7228.680490240711,7356.905316264496,19758543
2019-09-23,7052.37109375,7244.708569889808,7052.37109375,7244.708569889808,16382576
2019-09-24,7100.45556640625,7100.45556640625,7004.286589234387,7036.342914958342,8068540
2019-09-25,7020.31494140625,7084.427594583021,6972.230451523672,7084.427594583021,18048772
2019-09-26,7132.51123046875,7132.51123046875,6956.202400787883,7052.37089685366,11934598
2019-09-27,7100.45556640625,7196.62406493975,7100.45556640625,7132.511413491841,9754675
2019-09-30,7036.3427734375,7132.511270036778,7036.3427734375,7116.483586135526,13514988
2019-10-01,7020.31494140625,7116.483921171406,7004.286778112058,7036.343104700443,13089908
2019-10-02,6972.23046875,7068.399448752762,6956.202784054583,7052.371285418968,15175498
2019-10-03,6908.1181640625,6956.202653159071,6876.06183799812,6956.202653159071,15253689
2019-10-04,6844.00537109375,6956.202510010222,6827.977208391397,6924.146184605515,15267021
2019-10-07,6827.9775390625,6892.090192976814,6795.921690743724,6844.005702541079,11486279
2019-10-08,7020.31494140625,7020.31494140625,6811.949297220121,6860.033787102699,12987041
2019-10-09,7020.31494140625,7020.31494140625,6956.202766867855,7020.31494140625,9638503
2019-10-10,6892.08984375,7084.427317108694,6892.08984375,7020.3146664430105,12788949
2019-10-11,6892.08984375,6956.202494415684,6860.033518417158,6924.146169082842,12684642
2019-10-14,6876.06201171875,6956.202828904423,6876.06201171875,6956.202828904423,9639758
2019-10-15,6844.00537109375,6956.202510010222,6844.00537109375,6892.089859200809,13005175
2019-10-16,6827.9775390625,6892.090192976814,6827.9775390625,6860.033866019658,9853201
2019-10-17,6860.03369140625,6940.174506759261,6827.977365265046,6827.977365265046,14773228
2019-10-18,6860.03369140625,6908.118180618057,6827.977365265046,6908.118180618057,9790299
2019-10-21,6795.92138671875,6876.0617218880725,6795.92138671875,6860.033559126536,10405857
2019-10-22,6924.146484375,6940.174647771266,6795.921655843251,6795.921655843251,13790722
2019-10-23,7004.28662109375,7084.427435768161,6924.146285057705,6924.146285057705,23226887
2019-10-24,7052.37109375,7084.427419546362,7004.286605055457,7020.314767953638,16451807
2019-10-25,6988.25830078125,7052.370951076942,6972.230138207327,7052.370951076942,8294215
2019-10-28,7116.48388671875,7148.53973451357,6940.174569974563,6988.258580985978,30407383
2019-10-29,7116.48388671875,7196.624224163359,7084.427560285557,7116.48388671875,17976054
2019-10-30,7052.37109375,7132.51142960254,7052.37109375,7132.51142960254,9376134
2019-10-31,6988.25830078125,7068.399113650866,6956.202454271758,7052.370951076942,22704014
2019-11-01,7020.31494140625,7084.427594583021,6988.258614817864,7020.31494140625,14414902
2019-11-04,6972.23046875,7116.483938754142,6956.202784054583,7084.427612086555,21726798
2019-11-05,7020.31494140625,7100.455757877214,6972.230451523672,6988.258614817864,19518220
2019-11-06,7052.37109375,7100.455582444542,7036.342930851819,7052.37109375,16958136
2019-11-07,7276.76513671875,7292.792821509462,7084.427654208034,7100.455817637126,44239881
2019-11-08,7276.76513671875,7308.820984938553,7212.652483002384,7276.76513671875,17818604
2019-11-11,7308.82080078125,7404.989778932668,7244.708627318672,7244.708627318672,26974388
2019-11-12,7372.93359375,7404.989920412943,7228.680602405132,7292.792777092642,21793215
2019-11-13,7260.73681640625,7421.017968595574,7260.73681640625,7404.989805512804,20375830
2019-11-14,7260.73681640625,7324.848990098957,7212.652327157942,7260.73681640625,17144454
2019-11-15,7260.73681640625,7308.820827016189,7228.680490240711,7260.73681640625,13038872
2019-11-18,7340.876953125,7372.933278416926,7276.764781179505,7276.764781179505,12830262
2019-11-19,7308.82080078125,7356.905289856959,7276.764953369145,7356.905289856959,57273557
2019-11-20,7180.595703125,7308.820523829729,7132.5112158713455,7308.820523829729,22546440
2019-11-21,7052.37109375,7164.567755398903,7052.37109375,7148.5395925007215,29110112
2019-11-22,7084.42724609375,7164.567579984164,7052.370921082244,7116.4835711052565,19159712
2019-11-25,7132.51123046875,7164.567555370127,7052.37089685366,7100.455384205725,19405108
2019-11-26,7260.73681640625,7308.820827016189,7164.567837909633,7164.567837909633,25541764
2019-11-27,7244.70849609375,7308.82066839505,7228.680333358835,7292.792505660135,10779014
2019-11-28,7244.70849609375,7276.76482156358,7196.624007889005,7244.70849609375,17451315
2019-11-29,7324.84912109375,7356.905447832572,7196.624292776842,7244.708782885074,20308569
2019-12-02,7356.9052734375,7437.04608838482,7324.848947458571,7324.848947458571,27816446
2019-12-03,7517.1865234375,7597.327339437528,7276.765032714161,7356.905370075817,34506667
2019-12-04,7517.1865234375,7565.271013037517,7485.130197037489,7501.158360237494,18707385
2019-12-05,7404.98974609375,7517.186408134478,7388.961583139594,7485.130082226165,16106845
2019-12-06,7645.4111328125,7661.439295556348,7404.989648931501,7404.989648931501,22087386
2019-12-09,7757.6083984375,7837.748734824347,7645.411257402199,7645.411257402199,25692999
2019-12-10,7821.720703125,7869.805192947339,7725.552202118699,7757.608528666924,31609846
2019-12-11,7821.720703125,7821.720703125,7661.439549022248,7789.664376576775,17188945
2019-12-12,7757.6083984375,7821.720571819304,7725.552072427414,7789.664245809218,13613942
2019-12-13,7629.38330078125,7853.777110283609,7629.38330078125,7757.608608290244,28977963
2019-12-16,7613.35546875,7661.439479497619,7549.242816235347,7629.383153240293,21906420
2019-12-17,7421.01806640625,7645.4113952458365,7340.877249936129,7613.355547296163,35359245
2019-12-18,7228.6806640625,7421.018147042334,7212.652500594315,7421.018147042334,28074165
2019-12-19,7308.82080078125,7404.989778932668,7228.680464293436,7228.680464293436,36293558
2019-12-20,7372.93359375,7453.074410407358,7308.820940424113,7356.905430418528,21667717
2019-12-23,7388.96142578125,7533.21441065822,7356.905100555622,7421.017751006878,12259471
2019-12-24,7437.0458984375,7469.101744959333,7356.905085537032,7388.961410697219,12719808
2019-12-25,7421.01806640625,7501.158404237995,7421.01806640625,7437.046229700274,10026127
2019-12-26,7372.93359375,7469.102095100453,7372.93359375,7469.102095100453,10359255
2019-12-27,7549.24267578125,7549.24267578125,7324.848874793194,7372.93336328457,13640026
2019-12-30,7581.298828125,7645.410999342794,7533.214340732891,7581.298828125,10265346
2019-12-31,7533.21435546875,7597.327005450306,7485.129867982582,7581.298842954918,10009245
2020-01-02,7693.49560546875,7693.49560546875,7485.12996885892,7533.214456993117,12941783
2020-01-03,7741.580078125,7805.692250204057,7709.523752766293,7757.608240804354,23950206
2020-01-06,7693.49560546875,7773.636419025746,7645.411117334553,7693.49560546875,16424226
2020-01-07,7597.3271484375,7757.608297769648,7565.2708228433985,7725.551972175546,16424714
2020-01-08,7517.1865234375,7581.299176237523,7421.018022875839,7533.214686637506,20124513
2020-01-09,7693.49560546875,7741.580093602948,7565.270782415915,7565.270782415915,14443860
2020-01-10,7757.6083984375,7869.805060834433,7709.523909422372,7725.552072427414,32557800
2020-01-13,7773.63671875,7821.720730099791,7725.552228761833,7757.608555420611,17593754
2020-01-14,8014.05810546875,8030.086268586248,7757.608452865526,7773.636615983024,30313995
2020-01-15,8062.142578125,8126.255230462218,7982.001762703479,8030.086251956392,20339759
2020-01-16,8110.2265625,8126.255204170816,7998.029899911236,8014.058062943684,24454210
2020-01-17,8014.05810546875,8222.42326871948,7982.001779233754,8110.226605535366,20730041
2020-01-20,8174.33935546875,8174.33935546875,7917.889699807853,8014.058201021096,19138213
2020-01-21,8286.5361328125,8334.621102031368,8190.368108928298,8254.479805758845,19525620
2020-01-22,8430.7890625,8462.845389312532,8286.536070481989,8286.536070481989,29539121
2020-01-30,8110.2265625,8302.564518889369,7998.029899911236,8190.367856300605,41448432
2020-01-31,7725.55224609375,8110.226730946957,7725.55224609375,8014.05822939325,34314265
2020-02-03,7869.80517578125,7949.945513338632,7276.765050486155,7469.10205207922,38466022
2020-02-04,7885.8330078125,7949.945179437996,7725.55186079123,7901.861170378463,35693748
2020-02-05,7837.74853515625,8014.057845081842,7757.608200810992,7965.973357291675,24305965
2020-02-06,8078.17041015625,8078.17041015625,7789.664426644608,7805.692590021741,28842987
2020-02-07,7805.6923828125,8110.226521617138,7757.608372595912,8078.170195713837,24909259
2020-02-10,7805.6923828125,7901.861360522406,7677.467557837657,7693.4957207893085,17674512
2020-02-11,7565.27099609375,7885.833302099161,7517.186506601427,7837.748812606838,38687537
2020-02-12,7629.38330078125,7741.58044485162,7517.186635349261,7533.214798787885,30128077
2020-02-13,7597.3271484375,7661.439320987342,7565.2708228433985,7613.355311234551,19836214
2020-02-14,7597.3271484375,7613.355311234551,7485.130008858144,7565.2708228433985,23552920
2020-02-17,7613.35546875,7645.411316368956,7565.270979364011,7597.327305621337,8390417
2020-02-18,7469.10205078125,7645.4113677428995,7469.10205078125,7645.4113677428995,23105671
2020-02-19,7453.07421875,7517.186391788851,7404.989729992088,7469.101903030939,24453048
2020-02-20,7613.35546875,7613.35546875,7453.074316101738,7517.18648997802,16589934
2020-02-21,7549.24267578125,7629.38301129518,7533.214512950792,7613.355327103083,14170239
2020-02-24,7276.76513671875,7421.018128942193,7276.76513671875,7292.792821509462,40491185
2020-02-25,7404.98974609375,7404.98974609375,7244.708595190553,7244.708595190553,16885268
2020-02-26,7292.79248046875,7372.933293866496,7276.764796427558,7292.79248046875,13769406
2020-02-27,7356.9052734375,7388.961599416428,7276.764937128546,7276.764937128546,13564650
2020-02-28,7164.56787109375,7308.820860868441,7132.511544779736,7228.680523721778,20799823
2020-03-02,7148.53955078125,7212.652201999807,7116.483703810332,7116.483703810332,13313746
2020-03-03,7148.53955078125,7308.8207001892815,7148.53955078125,7308.8207001892815,13491319
2020-03-04,7164.56787109375,7244.708686878785,7164.56787109375,7180.596034250757,9008759
2020-03-05,7164.56787109375,7260.736850035792,7164.56787109375,7244.708686878785,7934696
2020-03-06,7180.595703125,7196.623865542885,7132.5112158713455,7164.567540707116,10000806
2020-03-09,6683.72412109375,6908.117916876804,6683.72412109375,6683.72412109375,52386770
2020-03-10,6940.17431640625,6972.230163029867,6571.527533170271,6571.527533170271,24885224
2020-03-11,6587.5556640625,6988.258291991518,6459.330842270749,6956.2024455223445,28141716
2020-03-12,6170.82470703125,6347.134025401147,6138.768858940851,6266.993687217581,46319167
2020-03-13,6106.71240234375,6315.077564372851,5754.093773102916,5786.150099149968,42720800
2020-03-16,6122.74072265625,6363.162216908664,6074.656232350415,6154.796570888427,31380046
2020-03-17,6154.79638671875,6186.852712630087,5962.459388527462,5962.459388527462,20957092
2020-03-18,6315.07763671875,6443.3029423759135,6202.880972907105,6218.909136114251,35684025
2020-03-19,6138.7685546875,6250.965214039084,6058.627741837545,6218.908888899102,24252910
2020-03-20,5962.45947265625,6186.852799925008,5962.45947265625,6170.824636743187,40979870
2020-03-23,5545.72802734375,5770.121826782476,5545.72802734375,5577.784352783334,39805356
2020-03-24,5481.61572265625,5561.756055680501,5337.362261663574,5449.559397991211,43301222
2020-03-25,5706.00927734375,5722.037440348488,5577.784451944216,5722.037440348488,23723921
2020-03-26,5433.53125,5641.8968822343695,5417.503087625176,5625.868719859545,29340539
2020-03-27,5193.109375,5449.559498407441,5064.884552615457,5417.5031731517165,41106404
2020-03-30,5241.19384765625,5353.390507086963,4888.57522814446,4904.603390725755,34143235
2020-03-31,5401.47509765625,5561.756247882048,4888.575321206024,5241.193947430452,34809552
2020-04-01,5529.69970703125,5609.84051834625,5337.362238513596,5353.390400776596,18152924
2020-04-03,5657.9248046875,5673.952967738577,5513.67181586617,5529.699978917248,19886483
2020-04-06,6042.599609375,6042.599609375,5738.065476304526,5818.205810915429,32133269
2020-04-07,6090.68408203125,6122.740407250463,5850.262121525511,6106.712244640857,23495831
2020-04-08,5994.51513671875,6026.571462100236,5866.290313831161,5898.346639212648,15615805
2020-04-09,5946.43115234375,6090.684138529979,5946.43115234375,6026.571487496828,21817342
2020-04-10,6026.57177734375,6090.684431460387,5866.290620690539,5930.403274807177,18526203
2020-04-13,6202.880859375,6250.96534811634,5994.515220134224,6026.571545961785,28424573
2020-04-14,6395.21826171875,6395.21826171875,6154.796299431742,6186.852624888458,26740703
2020-04-15,6443.302734375,6507.414906495557,6395.218246305813,6411.246408995543,18226529
2020-04-16,6491.38671875,6539.471206633587,6331.105571109732,6395.218221621182,20773831
2020-04-17,6635.6396484375,6667.6959734259535,6475.358502133583,6491.38666462781,27482797
2020-04-20,6795.92138671875,6892.089884649609,6587.555749457134,6731.808735672604,28814274
2020-04-21,6475.35888671875,6811.949361811626,6459.331201910957,6651.668205988274,38024246
2020-04-22,6667.6962890625,6827.977442953834,6507.415135171166,6571.52778818305,34624917
2020-04-23,6924.146484375,7036.343149510483,6827.977503997404,6827.977503997404,26040990
2020-04-24,7084.42724609375,7116.4835711052565,6827.977124640051,6956.202424686077,26052336
2020-04-27,7036.3427734375,7244.708407814014,7004.28644835829,7132.511270036778,22922594
2020-04-28,6860.03369140625,7084.427495756312,6811.949202194443,7052.371169615108,23720251
2020-04-29,6892.08984375,6956.202494415684,6731.8086957241485,6860.033518417158,22772420
2020-05-04,6731.80859375,6908.11790177152,6731.80859375,6892.089739347896,14783716
2020-05-05,6860.03369140625,6940.174506759261,6827.977365265046,6860.03369140625,18024950
2020-05-06,7116.48388671875,7116.48388671875,6892.090080324774,6908.11824354137,25414119
2020-05-07,7565.27099609375,7565.27099609375,7148.539711103693,7148.539711103693,46899958
2020-05-08,7501.158203125,7741.58016745105,7501.158203125,7629.383027400991,39161483
2020-05-11,7677.4677734375,7725.5522636427695,7469.102127853046,7597.327435067097,22384646
2020-05-12,7581.298828125,7661.43916180683,7501.158015804819,7581.298828125,33354538
2020-05-13,7725.55224609375,7757.608572824445,7469.102110886567,7517.18660098261,30420748
2020-05-14,7677.4677734375,7725.5522636427695,7597.327435067097,7629.383283232231,20236188
2020-05-15,7533.21435546875,7709.523664279679,7501.158030477971,7677.467339288901,28674222
2020-05-18,8046.11376953125,8046.11376953125,7693.49562490473,7837.748611033388,43841036
2020-05-19,8382.705078125,8607.098409264212,8350.648751208433,8462.845416778038,59118457
2020-05-20,8478.8740234375,8526.958034973004,8222.423409176787,8334.621031554228,36231575
2020-05-21,8494.9013671875,8510.93000857375,8366.676065204372,8446.817357582187,35208214
2020-05-22,8735.3232421875,8799.435892536272,8414.760947720346,8446.817272894732,55157176
2020-05-25,8751.3515625,8911.63320002698,8703.267549880296,8815.464217510791,34367502
2020-05-26,9103.9697265625,9103.9697265625,8751.351099918737,8767.379741462577,35788085
2020-05-27,8719.294921875,9168.082533557295,8719.294921875,9168.082533557295,61981396
2020-05-28,8719.294921875,8847.520227291869,8623.126900089093,8815.463900937651,44603832
2020-05-29,8783.4072265625,8879.576201814692,8655.18288350295,8751.350901478436,40435959
2020-06-01,8863.5478515625,8911.632819405242,8799.43615656674,8911.632819405242,24533289
2020-06-02,8671.2109375,8911.632907253506,8639.154611047748,8911.632907253506,35132350
2020-06-03,8639.154296875,8719.294631452858,8526.957637010657,8671.210622161485,36884899
2020-06-04,8526.9580078125,8783.407663979599,8526.9580078125,8655.183314534426,44425955
2020-06-05,8671.2109375,8751.351274992252,8398.732641294242,8494.901620650995,41838533
2020-06-08,8879.576171875,9007.801471778914,8751.350871971086,8815.463521923042,53345028
2020-06-09,8687.23828125,8975.745208000888,8639.15427209654,8959.71656676526,57162921
2020-06-10,8655.1826171875,8783.406956301653,8542.985004207183,8655.1826171875,30311611
2020-06-11,8174.33935546875,8703.267308737522,8174.33935546875,8607.098328885904,70208311
2020-06-12,8494.9013671875,8494.9013671875,7853.776771825301,7853.776771825301,64953901
2020-06-15,8142.28271484375,8494.901336757499,8126.255030791633,8430.788685995596,34715982
2020-06-16,8398.732421875,8462.84507310454,8222.423109632125,8334.620727922182,27810513
2020-06-17,8414.7607421875,8478.873390970304,8302.564085455937,8398.732101353457,22005068
2020-06-18,8591.0703125,8607.09799655137,8286.535700033512,8318.592025412969,27689664
2020-06-19,8767.3798828125,8767.3798828125,8655.183219303663,8655.183219303663,32208250
2020-06-22,8751.3515625,8911.63320002698,8639.154894869505,8783.407890005396,29753389
2020-06-23,8655.1826171875,8879.575928594777,8575.041328304891,8751.350632203947,36580271
2020-06-24,8655.1826171875,8767.379272891138,8591.069968992084,8655.1826171875,20157018
2020-06-25,8751.3515625,8911.63320002698,8510.9305421247,8559.014554744404,75683440
2020-06-26,8719.294921875,8847.520227291869,8655.18322644331,8783.407574583434,28633886
2020-06-29,8542.9853515625,8655.182969104739,8414.761007234782,8623.12664370363,37851046
2020-06-30,8591.0703125,8783.407307500029,8510.929977689713,8591.0703125,47172050
2020-07-01,8783.4072265625,8815.463551646564,8623.126558418886,8655.18288350295,35114092
2020-07-02,8847.5205078125,8895.604520230012,8783.407853071301,8815.4641804419,39755359
2020-07-03,8815.4638671875,8895.604204127852,8783.407540956012,8879.576519650478,26394365
2020-07-06,8847.5205078125,8895.604520230012,8799.436495394988,8879.5768351831,29920529
2020-07-07,9087.9423828125,9264.251702740536,8879.57673587239,8895.604420740045,87666573
2020-07-08,8991.7734375,9119.998746057736,8943.689425429235,9023.829764639437,27997933
2020-07-09,9023.8291015625,9071.913110100022,8959.716451994673,9007.801417808892,23816482
2020-07-10,8895.6044921875,9055.886128535223,8847.520479921568,8975.74578899975,47562454
2020-07-13,8863.5478515625,8927.660503834997,8735.323504294243,8831.49248270299,45872468
2020-07-14,8943.689453125,8959.717138105965,8783.40781693149,8799.436459189226,17605374
2020-07-15,8991.7734375,9103.970103849631,8991.7734375,9039.857449570767,20124574
2020-07-16,9168.08203125,9264.25100504368,8959.716400002042,9039.856732858429,57879665
2020-07-17,9152.0546875,9216.166381800223,9152.0546875,9200.138697544353,20895933
2020-07-20,8975.7451171875,9200.13843400226,8975.7451171875,9136.025784261845,37069808
2020-07-21,9007.8017578125,9055.885768164975,8911.632779830818,9007.8017578125,37359485
2020-07-22,9007.8017578125,9103.969778517449,8959.71679018329,9071.913452523557,22816698
2020-07-23,9039.857421875,9039.857421875,8879.57674394566,9007.802052110545,31120887
2020-07-24,8607.09765625,8991.772588317766,8430.788352272135,8975.744904900088,65098295
2020-07-27,8318.591796875,8703.26673358354,8270.507788765191,8350.64812137377,56370891
2020-07-28,8767.3798828125,8815.463893665788,8398.73260868147,8494.901587664792,43358895
2020-07-29,8366.67578125,8770.584320056645,8135.871585700979,8578.247330886346,47766824
2020-07-30,8501.3125,8578.247874913324,8405.14447795428,8424.378082363424,29284982
2020-07-31,8347.4423828125,8482.078565717164,8251.274364506819,8251.274364506819,19617115
2020-08-03,8809.052734375,8847.519941848313,8347.442415588393,8347.442415588393,43909344
2020-08-04,8847.5205078125,8962.923094891303,8770.585130667707,8924.455884957293,29014715
2020-08-05,9270.662109375,9366.831085474934,8809.0527471934,8847.51995472269,68415604
2020-08-06,9251.4287109375,9386.064897554852,9155.259732703182,9270.662315129017,35127275
2020-08-07,9309.1298828125,9347.598049957009,9212.961858143162,9232.19546307703,30992979
2020-08-10,9347.59765625,9520.701050640722,9347.59765625,9405.29846862133,39411948
2020-08-11,9328.3642578125,9443.765885099714,9270.66248689214,9386.065071456109,24911564
2020-08-12,9347.59765625,9424.532072745107,9270.66228247816,9347.59765625,22861509
2020-08-13,9424.5322265625,9463.000392714624,9347.59780881175,9424.5322265625,20036583
2020-08-14,9270.662109375,9463.00006157487,9193.727694316423,9424.531896768867,39131255
2020-08-17,9347.59765625,9347.59765625,9212.961470106831,9251.428678354385,21630775
2020-08-18,9289.8955078125,9386.064481786889,9270.66190447296,9386.064481786889,14433343
2020-08-19,9328.3642578125,9386.065071456109,9270.66248689214,9309.129695987876,23976422
2020-08-20,9270.662109375,9366.831085474934,9232.194901845713,9328.363877945649,26456338
2020-08-21,9366.8310546875,9386.064658388925,9251.428475202232,9270.66207890366,22860410
2020-08-24,9539.9345703125,9597.636339449758,9386.064781407682,9424.531989314704,37387328
2020-08-25,9443.765625,9636.103579734836,9443.765625,9578.401810403697,27387473
2020-08-26,9309.1298828125,9443.766074626346,9309.1298828125,9424.53246969248,44382760
2020-08-27,9347.59765625,9366.831260373778,9270.66228247816,9309.129490725714,23210365
2020-08-28,9347.59765625,9424.532072745107,9328.364052126224,9424.532072745107,29568859
2020-08-31,9443.765625,9539.93460236742,9309.129439596309,9309.129439596309,34093576
2020-09-01,9539.9345703125,9597.636339449758,9405.298385361191,9443.765593268216,44866549
2020-09-03,9616.8701171875,9693.80453439181,9578.401951308602,9616.8701171875,37324182
2020-09-04,9597.63671875,9655.33753289088,9482.234133191476,9482.234133191476,48736462
2020-09-07,9424.5322265625,9655.337394368247,9424.5322265625,9616.870185492871,36775593
2020-09-08,9482.2333984375,9501.467001660763,9405.298028267754,9462.999795214237,32057388
2020-09-09,9424.5322265625,9597.636581055183,9366.831413249438,9386.065017687126,50028405
2020-09-10,9443.765625,9559.168206385555,9424.532020981862,9501.467394331145,36710867
2020-09-11,9405.298828125,9482.23420483758,9405.298828125,9443.766037842906,29744409
2020-09-14,9463.0,9520.70081091848,9424.531835444306,9424.531835444306,32422298
2020-09-15,9501.4677734375,9597.63675464204,9482.234168651948,9520.701378223055,23085321
2020-09-16,9501.4677734375,9539.934983008608,9463.000563866392,9520.701378223055,17805302
2020-09-17,9770.740234375,9809.20744425865,9501.467850635898,9520.701455577722,69408507
2020-09-18,9886.142578125,9886.142578125,9809.207202973368,9828.440807442088,32453872
2020-09-21,9886.142578125,9982.3106004686,9847.674411910808,9963.076995999882,29925412
2020-09-22,9828.4404296875,9886.142198152653,9770.73961849906,9809.20682595802,39385599
2020-09-23,9924.609375,9963.07658234031,9828.440399372514,9866.907606712824,32246902
2020-09-24,9866.908203125,9963.077184565487,9809.207388626768,9886.142765234512,31688092
2020-09-25,9905.3759765625,9924.609580631162,9809.206998942456,9924.609580631162,26487144
2020-09-28,10155.4150390625,10155.4150390625,9886.142659724364,9924.60986897931,45494413
2020-09-29,10136.1806640625,10309.285023455195,10136.1806640625,10174.64883130353,47899385
2020-09-30,10155.4150390625,10213.11585294492,10040.012454020904,10136.18047715827,33090376
2020-10-01,10386.21875,10463.15412206908,10193.881755742364,10232.34896313855,43732546
2020-10-02,10270.81640625,10482.387966338008,10001.54403374348,10405.45259250326,52157705
2020-10-05,10520.85546875,10540.08907342722,10328.518464701036,10328.518464701036,32595681
2020-10-06,10867.0625,10867.0625,10463.15395688646,10559.322931135406,60163650
2020-10-07,10693.9599609375,10886.296967424209,10693.9599609375,10809.36159046346,40728759
2020-10-08,10809.361328125,10809.361328125,10655.49153521463,10770.894119216597,52314934
2020-10-09,10963.2314453125,11040.16585868724,10770.893497322266,10847.828867973698,24500421
2020-10-12,10867.0625,11059.399491221197,10790.127129145503,11020.932284432296,36334974
2020-10-13,10770.8935546875,10867.062529194807,10732.426347795255,10847.828925748689,27179202
2020-10-14,10905.5302734375,10905.5302734375,10693.959667828698,10751.660481010167,42151046
2020-10-15,11174.802734375,11540.244092463336,11174.802734375,11540.244092463336,78219244
2020-10-16,11194.0361328125,11347.905923575425,11136.33532025518,11232.504298460784,44133490
2020-10-19,11117.1015625,11251.737747217314,11097.867958579916,11213.269582100422,27875769
2020-10-20,11290.205078125,11290.205078125,11040.166309884942,11059.39991401468,36766802
2020-10-21,11194.0361328125,11386.374089223707,11155.568924440951,11328.67231938965,29833980
2020-10-22,11386.3740234375,11386.3740234375,11117.101651838955,11155.568859988252,33680401
2020-10-23,11886.4501953125,11886.4501953125,11405.607238035813,11463.308048289404,76669468
2020-10-26,11847.9833984375,12309.592768268803,11809.51619027074,11924.91877204775,52000427
2020-10-27,12078.7880859375,12194.190663166217,11751.813957576687,11771.047560902023,65035516
2020-10-28,11694.11328125,12174.956241708956,11617.17790979268,11982.619248980714,65396452
2020-10-29,11771.0478515625,11828.749620240023,11521.01004488228,11521.01004488228,53229429
2020-10-30,11751.814453125,11886.450639356368,11501.77568479864,11847.983431083614,49594285
2020-11-02,11771.0478515625,11809.516016439757,11674.879832561151,11751.81424776223,26549961
2020-11-03,11809.5166015625,12040.32081587804,11751.814830026042,11924.919187358651,44648112
2020-11-04,11790.2822265625,11924.918408316244,11674.879648305478,11809.51583005922,46667303
2020-11-05,11636.412109375,11828.750069231828,11636.412109375,11790.282860171164,29555506
2020-11-06,11694.11328125,11809.515859797626,11617.17790979268,11655.646074159691,34173438
2020-11-09,12117.255859375,12117.255859375,11809.516277221644,11847.983485671628,47289536
2020-11-10,12040.3203125,12386.528055414308,12040.3203125,12348.060847516072,52685681
2020-11-11,12040.3203125,12155.722893471437,11982.619500652643,12040.3203125,37113593
2020-11-12,12098.0224609375,12117.256065489655,12021.08708545212,12040.320690004275,24982449
2020-11-13,12290.359375,12290.359375,12098.022373590346,12117.255978003635,30990993
2020-11-16,12405.76171875,12598.09967371536,12271.12553318494,12424.99532279119,65078735
2020-11-17,12828.904296875,12828.904296875,12463.46389364932,12501.931102983232,41355454
2020-11-18,13309.748046875,13309.748046875,12828.90410816708,12925.073087364011,56355278
2020-11-19,13540.5517578125,13655.954337141073,13252.045788129431,13348.214763782693,67613310
2020-11-20,13732.8896484375,13732.8896484375,13444.383680029252,13579.019862438214,46610323
2020-11-23,14425.3046875,14559.940874794283,13655.95477231073,13732.890146740354,63404630
2020-11-24,14425.3046875,14809.979645094636,13963.695312752485,14521.473666217844,131328423
2020-11-25,13694.4228515625,14194.49943172405,13540.552103676308,14156.032223390872,152124647
2020-11-26,13502.0849609375,13617.487543774414,13194.34537822356,13502.0849609375,85630198
2020-11-27,13944.4609375,14002.162708412356,13463.6179520397,13463.6179520397,42388824
2020-11-30,13655.955078125,14002.162834896242,13655.955078125,13944.461063462652,106432535
2020-12-01,13694.4228515625,13694.4228515625,13290.5142922339,13425.150478676764,55813924
2020-12-02,13579.0205078125,13713.65669662036,13502.085132517974,13694.423092115916,45215406
2020-12-03,14175.265625,14175.265625,13579.020075248813,13675.188094707572,60412130
2020-12-04,14213.7333984375,14329.135983657328,14117.565375151613,14252.201565028616,50208643
2020-12-07,14694.5771484375,14771.512523319214,14175.26600049698,14252.201375378694,65452820
2020-12-08,14771.5126953125,14925.382489590778,14617.641943757464,14694.577319534985,53065854
2020-12-09,14809.9794921875,14848.446700366783,14656.109702193638,14809.9794921875,41700743
2020-12-10,14463.771484375,14848.446431020124,14309.901697172294,14809.979223538629,109034359
2020-12-11,14925.3818359375,14925.3818359375,14502.23968088445,14617.641303581604,45769499
2020-12-14,15098.4853515625,15194.65432854525,14983.082770638544,15156.186163386115,39672683
2020-12-15,14848.4462890625,15060.017842741452,14809.979081948766,15021.549678351012,52499020
2020-12-16,14925.3818359375,15136.952434825667,14809.97925596363,14925.3818359375,48168149
2020-12-17,14483.0048828125,14867.67982400468,14483.0048828125,14771.51180666416,78205739
2020-12-18,14848.4462890625,14906.148057009808,14579.173924712946,14656.10929621712,51250372
2020-12-21,14829.212890625,15021.549886130806,14752.277518056646,15002.316282307896,41877338
2020-12-22,15136.953125,15175.420334319644,14733.044555313463,14829.213535889334,67382922
2020-12-23,15386.9912109375,15848.600573927706,15156.18605080404,15175.419654602376,71745262
2020-12-24,15367.7578125,15694.730995994514,14848.446673898468,15617.796579773089,47942757
2020-12-25,15675.4970703125,15713.96427763395,15194.654106964244,15386.991100848203,58272383
2020-12-28,15983.2373046875,16137.107097615828,15771.666698389829,16079.406284246486,54418293
2020-12-29,16002.4716796875,16098.63970084755,15790.900118581912,15867.835492786691,35029755
2020-12-30,15733.19921875,16002.471591060294,15675.497449096803,16002.471591060294,56947237
2020-12-31,15944.76953125,16060.172111179609,15656.263560064344,15733.198932442989,30929860
2021-01-04,16271.744140625,16541.01651586858,16021.705369716425,16156.340600061472,44397312
2021-01-05,16290.9775390625,16464.079975889763,16040.9387713141,16079.405979497937,4748449
2021-01-06,16464.080078125,16656.418034791986,16271.74403601149,16348.678452856891,50502943
2021-01-07,16464.080078125,16617.950826369284,16252.51043180014,16598.71722215793,65915840
2021-01-08,16444.845703125,16656.417254086737,16387.14489319545,16502.548427607937,52380501
2021-01-11,16560.25,16656.41802097699,16387.14564768794,16579.483604195397,42416039
2021-01-12,17271.896484375,17271.896484375,16502.548518630745,16617.950139126366,58199198
2021-01-13,17194.962890625,17483.468870174383,17079.56126462664,17387.300848509083,41743555
2021-01-14,17098.794921875,17194.96294383791,16867.989754610528,17194.96294383791,45427828
2021-01-15,17118.02734375,17329.598892006474,17041.092931494324,17041.092931494324,37684431
2021-01-18,17156.49609375,17252.66411772353,17021.860860187062,17118.02888416059,49066234
2021-01-19,16002.4716796875,17156.49559182201,15964.003513946742,17156.49559182201,73692466
2021-01-20,16040.9384765625,16521.782399131895,15386.99116306988,16156.340098993507,97936432
2021-01-21,17002.625,17002.625,16079.406244700602,16483.315766399617,54710374
2021-01-22,16791.0546875,17194.96227867306,16752.587480202892,17041.093449484626,40004112
2021-01-25,16810.2890625,17483.469050195563,16579.483893573277,16637.184707166583,87574010
2021-01-26,16271.744140625,16771.82168244215,16002.471765381417,16771.82168244215,62233348
2021-01-27,15502.3935546875,16310.210645563626,15194.653984051844,15925.535703630703,72711537
2021-01-28,14425.3046875,15021.550249541802,14425.3046875,14463.77189607644,127533021
2021-01-29,15060.0185546875,15367.758140698845,14232.967818984043,14232.967818984043,102911630
2021-02-01,14752.27734375,15329.290238003116,14694.57653296304,15002.3161050469,59814540
2021-02-02,15579.328125,15579.328125,14713.81021492557,14809.979190692744,76452130
2021-02-03,16156.3408203125,16290.977967046474,15771.666813814814,15848.60123220365,91098253
2021-02-04,16079.40625,16233.27699987736,15983.237270645835,16156.340667661932,59314318
2021-02-05,16348.6787109375,16425.613128997393,16040.939124144425,16137.10714671929,62869140
2021-02-08,15733.19921875,16387.145588123512,15386.99147266102,16348.67837987254,84776531
2021-02-09,16079.40625,16117.873458830964,15560.09510167497,15733.199455967811,66674711
2021-02-17,16714.119140625,16714.119140625,16271.744321450316,16329.445135096554,61854423
2021-02-18,16867.990234375,16925.691049193887,16521.783430908123,16694.885875364787,55090065
2021-02-19,16714.119140625,16887.22349611723,16579.48390878377,16656.418326978757,45018883
2021-02-22,16694.884765625,17079.560667954567,16541.01593633591,16714.118369286138,54610483
2021-02-23,16656.41796875,16829.52232051928,16521.782739804366,16617.950760479816,45669148
2021-02-24,16771.822265625,17079.561860239188,16656.418721048707,16791.05587062879,70058290
2021-02-25,16983.390625,17079.560557235676,16791.054589635463,16925.68981439064,55887671
2021-02-26,17541.169921875,17579.639045618096,16771.8219089763,16810.28911816588,109934992
2021-03-01,17771.974609375,17810.44181752089,17618.10577679145,17791.208213447942,56388404
2021-03-02,17964.3125,18118.1832465832,17771.97454540937,18002.779708007434,61435233
2021-03-03,18002.779296875,18098.947314697383,17887.377675488144,17906.61127905262,58553660
2021-03-04,17656.572265625,18041.24624596608,17310.365491862693,18041.24624596608,72911066
2021-03-05,17695.041015625,17733.50822555901,17348.834211665366,17560.405780855966,58066690
2021-03-08,17810.44140625,18041.24656434913,17695.03978447714,17925.844942576277,48632775
2021-03-09,17637.33984375,17771.97507579406,17329.600255952926,17695.04065748317,42529947
2021-03-10,17541.169921875,17637.339859402473,17368.067480521873,17637.339859402473,41441076
2021-03-11,17848.91015625,17945.07817239077,17618.10500295877,17656.57220941508,44649081
2021-03-12,17868.14453125,17925.845343426714,17771.974596402022,17925.845343426714,35226379
2021-03-15,17887.37890625,18041.24774535293,17848.911696474264,17925.846116025732,33509870
2021-03-16,17733.5078125,17925.84577224355,17618.106185385972,17925.84577224355,45148284
2021-03-17,17810.44140625,17868.144131689845,17714.27338810595,17752.74059536357,33361308
2021-03-18,17925.845703125,17983.54651645953,17829.675766347285,17964.312912014688,34405329
2021-03-19,18137.416015625,18252.81763433475,17925.84446677042,17925.84446677042,50713174
2021-03-22,17983.546875,18252.81925714983,17964.313270171693,18195.11844266491,28477057
2021-03-23,17925.845703125,18118.18366212693,17848.911285345628,17945.079307569842,31922559
2021-03-24,17483.46875,17829.675540168875,17348.833520594013,17714.273914963742,61073889
2021-03-25,17310.365234375,17598.87119397769,17233.428907808488,17579.637590974402,51930987
2021-03-26,17771.974609375,17771.974609375,17329.59980114383,17502.702237800324,74516801
2021-03-29,17810.44140625,17925.844942576277,17752.74059536357,17887.377735318656,35054141
2021-03-30,17868.14453125,17983.546155603424,17733.507388284215,17887.378135308903,35252118
2021-03-31,18002.779296875,18214.350850637653,17829.674950241304,17868.144071923667,43011313
2021-04-01,18656.728515625,18656.728515625,18060.481030980536,18079.71463552841,71916736
2021-04-02,18868.296875,18964.466805714525,18695.194445909936,18772.12885883885,42883391
2021-04-05,18964.466796875,19079.868416214587,18829.82965975877,19041.401209768057,40307865
2021-04-06,19002.935546875,19060.636361231664,18887.532003608143,18964.468337303893,37034624
2021-04-07,19022.16796875,19079.86877951849,18810.596414712138,19002.934365160505,36986462
2021-04-08,18983.701171875,19079.869191901005,18849.064029285146,19041.4019838906,30942245
2021-04-09,19060.634765625,19195.27190240665,18868.296819316944,18964.46674974766,52336671
2021-04-12,19695.34765625,19810.75119077452,19137.569330616097,19195.27205515505,69084346
2021-04-13,19272.20703125,19810.7517692818,19272.20703125,19810.7517692818,68693186
2021-04-14,20387.763671875,20503.16529497141,19195.272574998264,19272.20699039588,73780533
2021-04-15,20964.775390625,21041.70980519385,20195.42550127624,20580.101403227327,81743337
2021-04-16,21003.2421875,21426.385288467176,20580.101001086205,20810.904240282794,72963562
2021-04-19,22234.203125,22234.203125,21041.710109187545,21234.048062941834,88751051
2021-04-20,22003.3984375,22541.943187972964,21541.78810436504,22311.13802140548,97698502
2021-04-22,21157.11328125,22272.66994752989,21157.11328125,21734.125217977293,84321411
2021-04-23,21695.658203125,21695.658203125,21080.17713921363,21349.449506376903,73674018
2021-04-26,21195.580078125,21772.592003682614,21157.112871694942,21734.12479725256,66067205
2021-04-27,21657.19140625,21695.658614495067,20926.30870593333,21195.581078202264,59934307
2021-04-28,21541.787109375,21734.12505838961,21349.449160360386,21657.190644605133,41936967
2021-04-29,22349.60546875,22580.410637782294,21695.659085286425,21734.126294366222,71039625
2021-05-04,23003.55078125,23234.355939536825,21926.463233500515,22041.864855367217,84082385
2021-05-05,22811.21484375,23195.88883286097,22811.21484375,23080.487210493706,65539970
2021-05-06,22849.681640625,23195.8884160593,22618.876485484336,22811.214433860456,57360564
2021-05-07,23388.2265625,23657.49892668556,22734.28021285796,22772.747419948268,75575527
2021-05-10,24234.51171875,24349.91334409996,23388.2273891899,23388.2273891899,72758171
2021-05-11,23849.837890625,24349.91351861225,23849.837890625,24349.91351861225,75581899
2021-05-12,24119.109375,24119.109375,23580.564643634087,23695.966265546747,80296434
2021-05-13,23657.5,24234.51196163982,23657.5,24003.70679407319,70776390
2021-05-14,23619.033203125,24042.174422249616,23465.16245054562,23849.838374717303,83968733
2021-05-17,23811.369140625,24003.70710182205,23311.29350479831,23619.03309398148,94653077
2021-05-18,24388.3828125,24503.784439484312,24042.17410244005,24042.17410244005,99754948
2021-05-19,25427.001953125,25657.807110337937,24426.848824606823,24619.184860156427,77486213
2021-05-20,25619.33984375,25657.80705077061,25196.198651969826,25465.471015667536,66655089
2021-05-21,25234.666015625,25542.405588253503,25157.72968655281,25427.00205192193,69444925
2021-05-24,25157.73046875,25427.00284249126,25003.86163492841,25234.666800214272,66818434
2021-05-25,25927.080078125,26080.950824699503,25080.795758348864,25119.262966354127,68427659
2021-05-26,26080.951171875,26080.951171875,25850.14600621762,25927.080423252253,45165358
2021-05-27,25696.275390625,26080.951306896604,25465.472138326222,26042.484098180143,54930800
2021-05-28,25811.677734375,25888.61214824028,25465.47095742783,25811.677734375,78408430
2021-05-31,27367.6875,27367.6875,26900.306714807262,27367.6875,115386343
2021-06-01,28821.7578125,29237.20632883641,28042.791126411703,28354.37703502566,63259892
2021-06-02,28042.791015625,28821.757698635887,27523.47989361774,28562.102137632257,75602342
2021-06-03,28198.583984375,28354.376938149693,27523.479908315727,28042.791030600307,71406584
2021-06-04,28302.447265625,28717.89579043383,28198.58465578443,28302.447265625,60571572
2021-06-07,27367.6875,28562.102722149462,27004.16932424492,28354.37750327415,66077889
2021-06-08,25965.546875,27471.549914791864,25965.546875,27159.962088686603,76211093
2021-06-09,26121.341796875,26692.58327403175,25446.23579625812,25913.616579061585,78036779
2021-06-10,26796.447265625,27315.758422401366,25965.548266050697,26069.410880316675,55331028
2021-06-11,27575.412109375,27627.34437382833,26796.447288110336,27056.1028667164,55031277
2021-06-14,27835.06640625,28198.584582470143,27419.617882521303,27783.136058741453,54999942
2021-06-15,27627.34375,27835.06705946232,27367.688177256983,27523.481137992098,41203852
2021-06-16,26900.306640625,27523.480380979,26744.51368417486,27419.61777182776,56182902
2021-06-17,26692.583984375,26952.23955627501,26432.92841247499,26432.92841247499,38587450
2021-06-18,27056.1015625,27679.273389472262,26692.58338706389,26952.23895315348,56595343
2021-06-21,26588.720703125,27263.8247901533,26588.720703125,27004.16922479215,42831152
2021-06-22,26848.376953125,27211.89513681108,26588.721381142583,26744.51434142133,36574324
2021-06-23,26692.583984375,26952.23955627501,26536.79102414569,26796.4465960457,35221104
2021-06-24,26277.134765625,26848.37624305711,26225.2025038699,26692.583286898665,38458338
2021-06-25,26329.06640625,26588.721984120875,25861.687514814534,26329.06640625,50899510
2021-06-28,27211.89453125,27263.824878669457,26380.997485218068,26640.65113686879,79091760
2021-06-29,26900.306640625,27315.757077229955,26848.3762933261,27263.82481537762,37543059
2021-06-30,26744.513671875,27108.031846460435,26692.583324599986,26952.238890081942,39310703
2021-07-01,27419.619140625,27471.55140506981,26796.44728371547,26848.37763360676,77122804
2021-07-02,27159.962890625,27731.206298074743,27108.03254201752,27523.48107453784,58135624
2021-07-05,26588.720703125,27159.96218109815,26380.997399568143,27159.96218109815,76468561
2021-07-06,24926.927734375,27108.03304958373,24926.927734375,26536.79154599164,88250206
2021-07-07,25913.6171875,25913.6171875,24849.029728955506,25446.23639372268,79539121
2021-07-08,25446.236328125,26017.47973177507,25238.513020523267,25913.617120697472,55907690
2021-07-09,24563.408203125,25498.167846422537,23888.30412266308,25186.58193684116,82985312
2021-07-12,23343.029296875,24355.684524203207,22849.683313439946,24251.821909603164,139079876
2021-07-13,23628.6484375,23888.30399899136,23135.30248775574,23628.6484375,51600187
2021-07-14,23368.994140625,23888.305291710312,23031.441126598147,23836.37302786968,54250944
2021-07-15,24147.9609375,24329.7190750872,23161.268981746194,23161.268981746194,55528565
2021-07-16,24277.787109375,24641.3033603486,24147.95932986918,24251.82002183113,42304623
2021-07-19,23005.474609375,23836.371636799664,22849.68165605205,23706.54385660497,72754331
2021-07-20,24563.408203125,24563.408203125,23083.372260783348,23368.992996991845,75868304
2021-07-21,24277.787109375,24823.06340038877,24199.88967585016,24667.270447892464,40273266
2021-07-22,24511.4765625,24771.13213191056,24044.09768629308,24251.820993089445,40536019
2021-07-23,23784.44140625,24407.61513712682,23784.44140625,24303.75252955512,52088886
2021-07-26,23680.580078125,23940.235653806583,23187.23410141929,23628.649728810087,45923588
2021-07-27,23992.16796875,24303.75389440981,23732.51239251566,23888.30535534556,34366209
2021-07-28,24251.8203125,24459.545528020342,23992.16666492968,24044.09701153306,40045810
2021-07-29,24459.546875,24771.13280088605,24303.75391205697,24381.64943625173,62042201
2021-07-30,24563.408203125,24719.20115791569,24459.54559508007,24459.54559508007,43863858
2021-08-02,24537.443359375,24874.994446863737,24355.68331421636,24459.54592365652,45255586
2021-08-03,24537.443359375,24745.16666370189,24277.78779305131,24563.40853309668,50713958
2021-08-04,24667.271484375,24926.92705429699,24537.443699414005,24693.236658456502,43690010
2021-08-05,25342.375,25446.235693935643,24589.37348164607,24641.30382861389,57443630
2021-08-06,25134.650390625,25498.16857184767,25082.72004240182,25238.51300162483,36192028
2021-08-09,25809.75390625,25809.75390625,24900.959431034986,24978.8568661605,51667196
2021-08-10,25653.9609375,26225.20241295172,25498.167981881663,26017.47911031174,49632552
2021-08-11,25420.271484375,25861.687108553408,25420.271484375,25861.687108553408,41491238
2021-08-12,25134.650390625,25446.23630907102,25134.650390625,25394.30596084784,44485822
2021-08-13,25264.478515625,25290.443690085907,24771.132542653817,25134.650728766977,49518164
2021-08-16,25679.92578125,25705.8909544274,25420.27022036925,25446.235393546645,44944132
2021-08-17,26173.2734375,26432.929015321886,25757.824895895686,25783.79007076717,88049743
2021-08-18,26173.2734375,26432.929015321886,25913.61785967812,26225.20378724297,47781949
2021-08-19,26432.927734375,26640.651037834068,26173.272169136093,26277.134778142343,53821515
2021-08-20,25446.236328125,26484.858609794075,25030.787798368063,26380.99791326994,101333841
2021-08-23,24667.271484375,25446.2362795875,24667.271484375,25446.2362795875,65039521
2021-08-24,24797.099609375,25056.755182857607,24667.2718226337,24719.202171508823,41690287
2021-08-25,25134.650390625,25186.58265340165,24615.33925017932,24900.95999451375,30959658
2021-08-26,24771.1328125,25238.51361610172,24693.23728826872,25238.51361610172,34440788
2021-08-27,24719.201171875,24849.028953366123,24277.787480626543,24667.27082509992,49827541
2021-08-30,25290.443359375,25316.40853349637,24745.16704461232,24926.92709256885,34261203
2021-08-31,25602.03125,25809.75455799104,25342.37567909609,25446.23637581488,48931498
2021-09-01,25550.099609375,25731.859662166687,25394.306645948924,25446.23699557311,28437635
2021-09-06,26588.720703125,26692.583312180148,25653.96105073556,25705.891397986416,92363475
2021-09-07,26329.06640625,27004.170525803573,26277.13605649723,26796.447212238985,61244123
2021-09-08,26640.65234375,26952.24018604268,26173.273452141264,26329.066416010843,62743633
2021-09-09,26952.240234375,27211.89581280777,26744.515005807378,26796.447270226046,71318716
2021-09-10,26744.513671875,27108.031846460435,26692.583324599986,27004.169237356964,35178633
2021-09-13,26380.998046875,26744.51431565741,26329.065783796457,26744.51431565741,53304312
2021-09-14,26121.341796875,26484.85805621833,26069.40953514493,26380.99736186505,43805720
2021-09-15,26796.447265625,27004.17057960343,25913.61791619447,26017.48053046045,54826811
2021-09-16,26640.65234375,27159.96349968428,26640.65234375,27004.170535814697,35451579
2021-09-17,26900.306640625,27004.16924977624,26640.651075023623,26692.58333687596,51106107
2021-09-20,26640.65234375,27211.895764009816,26432.929030108404,27211.895764009816,61022519
2021-09-21,26380.998046875,26588.72135552873,26069.410212064176,26277.1354352714,56126274
2021-09-22,26432.927734375,26536.79034338125,26277.134778142343,26380.9973871486,27943462
2021-09-23,26484.859375,26952.240181076133,26432.92902523756,26640.65233884087,33706135
2021-09-24,26380.998046875,26848.37692726101,26329.065783796457,26484.858743925128,31327363
2021-09-27,26380.998046875,27004.16988738969,26380.998046875,26692.583967132345,54904241
2021-09-28,27315.7578125,27367.688161196733,26277.13552213744,26277.13552213744,68330929
2021-09-29,27679.2734375,27835.06639451339,27315.757175986568,27367.68752347321,66553754
2021-09-30,27471.55078125,27886.99931460692,27419.61851798445,27886.99931460692,46353036
2021-10-01,27731.205078125,27886.9980316473,27367.68691020403,27471.549517403364,74319623
2021-10-04,28821.7578125,29029.481113391503,27990.860779827177,27990.860779827177,85792928
2021-10-05,28717.896484375,29029.482406872445,28614.033872024687,28821.75909672532,51959019
2021-10-06,29133.34375,29237.20635782544,28769.82557988768,28977.55079553855,54226782
2021-10-07,28873.689453125,29444.93286392337,28821.7591042131,29289.13798808069,52234420
2021-10-08,28925.62109375,29185.276661825465,28665.96552567453,28977.55144154372,43589023
2021-10-11,29704.587890625,29756.518238580684,28925.62118396901,29133.344490345204,50612311
2021-10-12,29600.724609375,29912.310519155133,29496.86200126382,29756.517564265065,36294770
2021-10-13,29496.86328125,29808.44920455108,29341.070319599457,29600.72589386819,31310846
2021-10-14,29496.86328125,29808.44920455108,29444.932932217653,29496.86328125,38808299
2021-10-15,29756.517578125,29964.2408798907,29600.72462316237,29756.517578125,36493347
2021-10-18,30068.103515625,30327.75907898532,29860.3802136688,29912.31056051949,40528469
2021-10-19,29704.587890625,30120.036417930834,29652.655628115863,29912.31119700119,48681391
2021-10-20,29548.79296875,29860.38079962881,28977.551483969022,29808.44853720562,65408169
2021-10-21,29704.587890625,30223.8971138422,29393.000059230533,29704.587890625,75460205
2021-10-22,29444.931640625,30016.173113137487,29444.931640625,29808.447897012906,37779746
2021-10-25,28614.033203125,29444.932167950385,28614.033203125,29341.06955802803,78266312
2021-10-26,29237.20703125,29237.20703125,28146.6544103476,28458.2403264473,53680888
2021-10-27,30068.103515625,30068.103515625,29237.20647869337,29237.20647869337,56012640
2021-10-28,30120.037109375,30223.897807670623,29756.51892167982,30068.10484567369,41455847
2021-10-29,29652.65625,30171.967398661804,29652.65625,30120.03704961702,46020064
2021-11-01,28925.62109375,29652.655535629227,28925.62109375,29652.655535629227,86675758
2021-11-02,28821.7578125,29289.136675420938,28665.964858193023,28821.7578125,48445630
2021-11-03,28873.689453125,29237.207639168788,28717.896491835803,29185.277290256887,57131232
2021-11-04,29237.20703125,29548.7929473497,28873.68885276472,28873.68885276472,29756313
2021-11-05,29393.0,29600.725220511053,28925.62112568031,29237.20704189344,36638692
2021-11-08,29496.86328125,29600.72589386819,29185.27735794892,29548.793630282347,40631343
2021-11-09,29341.0703125,29912.3118099316,29289.13804892672,29496.86327411285,46656373
2021-11-10,28717.896484375,29393.00059282179,28665.96613547659,29341.07024392338,82139855
2021-11-11,28042.791015625,28717.89509132376,27835.065801000736,28562.102137632257,103074661
2021-11-12,28354.376953125,28458.23956054745,27938.9284379886,27990.860698976525,44474307
2021-11-15,27835.06640625,28354.377539549227,27679.27344917092,28302.44719204068,63488669
2021-11-16,27004.169921875,27835.066986657992,27004.169921875,27679.274026330364,77325531
2021-11-17,26692.583984375,27315.75773984572,26692.583984375,27004.16990483362,60168947
2021-11-18,25939.58203125,26692.58356071934,25757.82389962619,26692.58356071934,115102826
2021-11-19,24926.927734375,25809.75516455305,24874.995470241665,25757.82481497323,92111481
2021-11-22,25264.478515625,25550.09926380195,24926.92741852624,25030.788116369866,44477328
2021-11-23,25731.859375,25861.687162165108,25238.513400861884,25394.30636254932,32649626
2021-11-24,25264.478515625,25809.754837518,25186.58299224228,25705.89222512088,51312705
2021-11-25,25576.064453125,25627.99671663048,25290.44370478208,25290.44370478208,49940042
2021-11-26,25472.203125,25939.58199766471,25446.236036612976,25602.030908721328,50435915
2021-11-29,25134.650390625,25394.30596084784,25030.78777962517,25030.78777962517,41535314
2021-11-30,25420.271484375,25939.5826319589,25186.58299960504,25420.271484375,43264356
2021-12-01,25446.236328125,25705.891898542268,25394.305979862933,25705.891898542268,26787873
2021-12-02,25238.513671875,25576.06477339684,25238.513671875,25550.09959859569,30838285
2021-12-03,24771.1328125,25524.134367390103,24771.1328125,25342.37622963028,41379399
2021-12-06,23758.4765625,24900.959517973544,23628.64877987315,24667.27104088796,65484617
2021-12-07,24719.201171875,24719.201171875,23888.30413615317,24121.99452574788,42520641
2021-12-08,24511.4765625,24874.99474258548,24433.58104040891,24874.99474258548,23288452
2021-12-09,24459.546875,24563.40948847985,24303.75391205697,24355.684261520146,23887387
2021-12-10,24147.9609375,24511.477212674392,24096.02867350829,24433.581688517097,38943073
2021-12-13,24173.92578125,24485.51170272022,24044.09799487849,24173.92578125,32321391
2021-12-14,24771.1328125,25498.169192646343,23992.16799741965,24173.92613517948,71252104
2021-12-15,24823.064453125,25238.51298225196,24771.132190388216,24926.927064045107,21495401
2021-12-16,24667.271484375,24978.85740246,24563.40887349551,24978.85740246,22301991
2021-12-17,24251.8203125,24693.235916842383,24199.88996589661,24589.37330908221,43342503
2021-12-20,24355.68359375,24589.373989034106,24147.96028703904,24251.820983117792,23640489
2021-12-21,23940.234375,24381.648064258457,23940.234375,24355.682890987973,33817484
2021-12-22,23420.923828125,24147.96018492253,23420.923828125,24044.09757472953,52079637
2021-12-23,23343.029296875,23420.924821909884,22901.6136634632,23420.924821909884,54277558
2021-12-24,23914.26953125,24225.855443896045,23498.82100953746,23524.786183165725,44264407
2021-12-27,23836.373046875,24199.89123583526,23654.61490967162,24173.926061170994,22990400
2021-12-28,23784.44140625,24251.820268492564,23680.578798678296,23836.37175275915,25398034
2021-12-29,23784.44140625,24044.09696790256,23628.648452169145,23784.44140625,33332258
2021-12-30,23732.51171875,24044.09763556389,23732.51171875,24044.09763556389,22189434
2021-12-31,24096.02734375,24225.85512473436,23810.40660849511,23888.30404290708,28535697
2022-01-04,24277.787109375,24511.47558084277,24199.88967585016,24303.752282365487,37940192
2022-01-05,24303.75390625,24589.374657336222,24303.75390625,24355.68425570077,36895783
2022-01-06,23940.234375,24251.82028335263,23940.234375,24147.95959027069,33190424
2022-01-07,23784.44140625,23992.166621393408,23706.54397193287,23940.23436033085,30834322
2022-01-10,23706.544921875,24225.85606598937,23628.64939898993,23810.40753360857,38982335
2022-01-11,23420.923828125,23914.269790626648,23420.923828125,23914.269790626648,25046374
2022-01-12,23992.16796875,24018.13314346273,23446.88972701507,23472.85681628132,27722424
2022-01-13,24251.8203125,24563.40813578052,23992.16666492968,24044.09701153306,48280465
2022-01-14,24018.1328125,24329.718733866248,23992.16763814506,24147.960598828184,18285368
2022-01-17,23213.201171875,24147.960860662755,23213.201171875,24018.13307292686,48566058
2022-01-18,22849.681640625,23498.82054116019,22330.37052019685,23109.33720083908,40472595
2022-01-19,22590.02734375,23135.303667783257,22564.06216918718,23057.40622954129,34200101
2022-01-20,22849.681640625,22953.54424762131,22486.163473414617,22745.819033628693,28475199
2022-01-21,22486.1640625,23083.37263245921,22382.301452782733,22849.68223923372,30913601
2022-01-24,21135.95703125,22434.23493705796,21135.95703125,22382.302672093505,61633724
2022-01-25,22460.19921875,22486.164392922503,20876.300619585785,21032.093579174263,37308790
2022-01-26,22564.0625,23083.373657084085,22564.0625,22590.0276749435,33144932
2022-01-27,21888.95703125,22590.02628433533,21811.059596661227,22434.23332971119,27824732
2022-01-28,21914.921875,22226.5077795621,21655.26631634712,21940.887047954613,29940543
2022-02-07,22356.3359375,22693.888935286657,21707.19702987444,22226.508155974887,31565388
2022-02-08,23654.615234375,23654.615234375,22330.372162784617,22330.372162784617,54773809
2022-02-09,24563.408203125,25082.71932879624,23732.51116787239,23784.44151461815,77786484
2022-02-10,24407.615234375,24874.99409847976,24251.82036512001,24615.338535792645,47637737
2022-02-11,24485.51171875,24667.2717685212,24044.09801061929,24199.8909714564,34402640
2022-02-14,23992.16796875,24667.2720840486,23966.20087948376,24147.960931579903,35096144
2022-02-15,23888.3046875,24173.92543046197,23576.716855997744,23992.16729800075,29960174
2022-02-16,23888.3046875,24147.960256475148,23680.579466498497,23940.235035473645,18576813
2022-02-17,24147.9609375,24277.788725649,23888.305361202,23888.305361202,23356405
2022-02-18,24433.580078125,24745.16598332489,23914.26895975626,23992.16639333293,43664904
2022-02-21,24225.85546875,24667.271079097096,24173.925121440192,24459.545860751,22985869
2022-02-22,24096.02734375,24199.889951448164,23732.51108863654,24044.09699717762,39891970
2022-02-23,24251.8203125,24511.47587462373,24018.13183823137,24225.85513919831,24503122
2022-02-24,23888.3046875,24329.71838893637,23420.923897523346,24277.788040962725,42656549
2022-02-25,23836.373046875,24070.06344796042,23836.373046875,23940.23566008557,29055107
2022-02-28,24511.4765625,24823.064394524747,23914.269901587795,23914.269901587795,67432809
2022-03-01,24355.68359375,24978.8573429898,24329.71841973032,24771.13212172538,44120382
2022-03-02,24355.68359375,24589.373989034106,24199.890635078416,24407.61585634284,37525108
2022-03-03,26017.48046875,26017.48046875,24563.409616135767,24719.20257988845,146921910
2022-03-04,25861.6875,26640.652318612887,25861.6875,26484.859354890308,63421282
2022-03-07,26536.791015625,27263.82546797949,25965.54760889631,26069.410220533664,73636217
2022-03-08,25679.92578125,26588.72024433263,25679.92578125,26277.134337097086,79079301
2022-03-09,25887.65234375,26121.34274362165,25368.341194947887,25965.547867338217,68688629
2022-03-10,25524.1328125,26017.478760791622,25498.167639338,25965.546499914224,52380709
2022-03-11,24719.201171875,25602.030468925324,24329.717827401622,25550.098207596828,83461742
2022-03-14,23784.44140625,25030.786953450235,23784.44140625,24563.408091207675,68541774
2022-03-15,23966.201171875,24251.821926306693,23602.684892354773,23862.34047175696,39365895
2022-03-16,23992.16796875,24485.512031952443,23992.16796875,24355.684243835272,21591688
2022-03-17,23862.33984375,24251.8212880494,23836.372754850352,24199.890939357072,28639608
2022-03-18,24147.9609375,24329.7190750872,23914.270535921096,23992.167974631902,34608389
2022-03-21,24329.71875,24511.4768851586,24096.02835154361,24251.82131233004,36493157
2022-03-22,24355.68359375,24381.64876776969,24044.09767640683,24355.68359375,44904492
2022-03-23,24303.75390625,24641.305006786988,24303.75390625,24511.477218606567,36413312
2022-03-24,24096.02734375,24407.615166844487,24070.06217046381,24407.615166844487,29471795
2022-03-25,24096.02734375,24381.64807900489,23992.16665060524,24173.92477816197,27746208
2022-03-28,23836.373046875,24329.719023710102,23784.442697546467,23940.23566008557,39761990
2022-03-29,23810.408203125,24018.133432433093,23784.44302809987,23992.168257407964,27258584
2022-03-30,23628.6484375,24096.02729945241,23576.716176469687,23784.44139148413,30334485
2022-03-31,23420.923828125,23862.339442806875,23265.13087011223,23706.54457024065,35953681
2022-04-01,23732.51171875,23888.304677156942,23109.33797056877,23368.993539431493,41812075
2022-04-04,23810.408203125,24044.09860745822,23758.477853074743,23888.30564275392,25880655
2022-04-05,23940.234375,24096.027329176315,23862.338855188544,23888.304028459028,22884882
2022-04-06,24537.443359375,24900.959620585418,23888.304443565776,23888.304443565776,62216237
2022-04-07,24173.92578125,24719.202101099632,24173.92578125,24667.271752372424,27380014
2022-04-08,24096.02734375,24433.58034013068,24070.06217046381,24277.78738586013,26452636
2022-04-12,23420.923828125,24147.96018492253,23394.95865421512,24147.96018492253,34983832
2022-04-13,23472.85546875,23602.683249414007,23213.19990742198,23524.78581519424,27120280
2022-04-14,23317.060546875,23654.61354164921,23317.060546875,23524.785761282736,25306673
2022-04-15,22953.544921875,23368.99344751052,22927.57974800156,23317.061185210176,34729006
2022-04-18,22148.61328125,23135.30330086307,22148.61328125,22875.647730245924,44234771
2022-04-19,22486.1640625,22797.7518916518,22278.440757618908,22330.37110520082,36317044
2022-04-20,22434.234375,22849.68291153936,22382.30211133664,22590.02733688307,25374060
2022-04-21,22512.12890625,22901.61225106462,21862.99191277905,22330.37077782454,37541342
2022-04-22,22745.8203125,22875.64809990653,21992.818762631403,22849.682925335925,23968742
2022-04-25,21161.921875,22745.820512366667,21161.921875,22745.820512366667,57265516
2022-04-26,21395.611328125,21499.47393726592,20564.714284104502,20850.335023326963,44264407
2022-04-27,22070.71484375,22278.44005664866,21343.680427711468,21395.61077365944,36865769
2022-04-28,22382.30078125,22564.06082144026,22070.714876000104,22070.714876000104,25737046
2022-04-29,22486.1640625,22538.09632463536,22252.473669274503,22278.440757618908,25572825
2022-05-04,21811.060546875,22486.16465602658,21811.060546875,22486.16465602658,31580112
2022-05-05,21837.025390625,22122.646134645634,21551.40464660437,22122.646134645634,29971499
2022-05-06,21707.197265625,22330.371006624187,21499.473961660893,21499.473961660893,28711526
2022-05-09,20746.47265625,21759.129756720857,20746.47265625,21551.40453601534,49707868
2022-05-10,21343.681640625,21343.681640625,20097.33412151269,20512.78265636563,37449981
2022-05-11,21109.990234375,21447.541315222265,21058.05797339999,21291.74836140404,18822579
2022-05-12,19863.642578125,21109.9900254421,19863.642578125,21084.024852488285,53135183
2022-05-13,18643.263671875,20019.43900581088,18565.36814694026,19811.71377687785,81728737
2022-05-16,18850.98828125,19474.162033014283,18850.98828125,19240.47163678349,55732710
2022-05-17,19837.677734375,19837.677734375,18695.19478902057,18799.0554825594,44424853
2022-05-18,19837.677734375,20097.3332973289,19655.919606128635,19941.540342467244,33677425
2022-05-19,19681.884765625,19785.74737364396,19136.60846671726,19370.29885612156,31855135
2022-05-20,19552.056640625,19629.95407390857,19344.33334279111,19578.021813535062,26293133
2022-05-23,19084.677734375,19837.67731955273,18850.987349692467,19707.84954079059,19924938
2022-05-24,18123.951171875,19214.505671178984,17760.434919993728,19084.67789134899,81582825
2022-05-25,17890.263671875,18149.91924564314,17163.227299502814,17916.228846341117,74545172
2022-05-26,18175.884765625,18487.470694248485,17942.19436188062,18175.884765625,30627818
2022-05-27,18409.57421875,18643.262695873826,18072.021218043585,18175.883827072743,33249317
2022-05-30,18409.57421875,18617.29752225489,18331.67678333977,18435.539392368933,29435798
2022-05-31,18020.091796875,18357.64290037505,17916.229182508243,18357.64290037505,36704758
2022-06-01,17838.33203125,18072.02243871179,17552.711273042733,17916.229471921783,40843321
2022-06-02,17215.16015625,17812.366847765305,17163.22789097461,17656.57388104625,48926401
2022-06-03,17344.986328125,17656.572232470662,17267.088894761895,17293.05406769847,28320793
2022-06-06,17293.0546875,17786.400649190495,17189.19207747777,17734.468386902656,33541517
2022-06-07,17241.125,17422.883138584086,16955.504247416353,17293.055349723018,36895783
2022-06-08,17085.33203125,17370.952783749603,17007.434592134872,17293.055344634475,46889492
2022-06-09,17552.7109375,17942.194304306315,17007.434606881863,17085.332046064534,51757801
2022-06-10,17448.84765625,17786.400660396546,17448.84765625,17552.710266337665,29017318
2022-06-13,16514.087890625,17396.917198983272,16462.157543184752,17137.26163267516,40085071
2022-06-14,15735.1220703125,16384.260025560816,15683.190765855155,16358.294851970502,53718074
2022-06-15,15267.7421875,16046.707922332416,14982.12049269396,15631.2594027849,59209102
2022-06-16,16098.6396484375,16280.399696757784,15527.398158410251,15657.225943830395,63381453
2022-06-17,15662.4189453125,15864.949981332376,14818.53835219406,15831.194489570154,43904412
2022-06-20,14582.251953125,15527.39807259589,14582.251953125,15358.621569571776,54346760
2022-06-21,14042.1689453125,14514.741050422008,13839.636949092155,14413.475530950203,59437763
2022-06-22,14514.7412109375,14852.29422261209,14075.923635947978,14075.923635947978,31250667
2022-06-23,14717.2734375,14751.027973369222,14514.741435900864,14514.741435900864,10056840
2022-06-24,14717.2734375,15189.84651243672,14649.762451208037,14751.027973369222,20682431
2022-06-27,15459.88671875,15459.88671875,14413.475105400426,14852.29361985802,30113897
2022-06-28,15189.845703125,15426.132228004064,15021.06920366422,15426.132228004064,25901209
2022-06-29,15358.62109375,15628.663107311784,14919.803539669623,15054.824546450518,32109961
2022-06-30,15054.8251953125,15797.439328698976,15054.8251953125,15459.887275836623,28968269
2022-07-01,15122.3349609375,15257.35597119817,14548.496385287186,15054.824934445523,22948857
2022-07-04,14852.2939453125,15291.111512109084,14852.2939453125,15291.111512109084,18299844
2022-07-05,14784.783203125,15088.579764196444,14683.517682767852,14919.804216026778,22641614
2022-07-06,14480.986328125,15021.069410747086,14379.720809963152,14649.761872635836,26475185
2022-07-07,14683.517578125,14683.517578125,14447.23104654998,14480.986538854051,19352253
2022-07-08,15156.0908203125,15223.600848441394,14852.29425781736,14852.29425781736,28321112
2022-07-11,14886.048828125,15291.111869677765,14818.538799837914,15122.335363044924,21745730
2022-07-12,15054.8251953125,15189.84620791279,14818.53866258118,14886.048690242951,17847255
2022-07-13,15054.8251953125,15392.377248174853,14953.559675181468,14987.314210373985,25926474
2022-07-14,14987.314453125,15122.335467912237,14919.80442436976,14987.314453125,18179473
2022-07-15,15662.4189453125,15864.949981332376,15088.579414461652,15088.579414461652,69706016
2022-07-18,15257.3564453125,15729.929517271448,15189.846416722688,15662.419488681637,29289741
2022-07-19,14953.5595703125,15257.356128575077,14919.80407807997,15189.846101386747,23634056
2022-07-20,15088.5791015625,15358.62111550682,15054.824567776985,15088.5791015625,25764285
2022-07-21,15324.8662109375,15527.398207785129,15054.825143935226,15088.57967901255,33459014
2022-07-22,14987.314453125,15392.377497486712,14987.314453125,15324.866511454717,24164472
2022-07-25,14784.783203125,15054.825228928556,14717.273175312484,14987.314243839295,30299027
2022-07-26,14616.0078125,14852.29434830584,14582.252319591522,14717.27333394868,38365032
2022-07-27,14345.9658203125,14514.741370731108,14210.94480561156,14480.98683501344,41695601
2022-07-28,14447.23046875,14649.761499920958,14345.96495316452,14514.74049338142,34137243
2022-07-29,14514.7412109375,14818.53872998928,14514.7412109375,14582.252196183115,30038393
2022-08-01,15392.376953125,15426.132444947214,14582.251850328948,14649.761876696652,55384940
2022-08-02,15459.88671875,15628.663217737798,15324.865711015102,15459.88671875,40263812
2022-08-03,16033.7255859375,16101.23561243931,15257.355973421412,15324.865999923222,85589589
2022-08-04,15966.2158203125,16168.746860403871,15864.950300266812,16134.991367963064,43736996
2022-08-05,15729.9287109375,15966.21523480466,15628.66319460539,15797.438736066671,61763243
2022-08-08,15932.4599609375,16134.99099636446,15729.92892551054,15797.43895156062,44090994
2022-08-09,16270.0126953125,16405.032745191053,15966.215189894,16134.99073088054,74772625
2022-08-10,16067.482421875,16472.544505189846,16067.482421875,16202.502478128785,43740626
2022-08-11,15797.439453125,16303.767057768166,15729.929424931495,16236.25798685141,50392674
2022-08-12,16168.7470703125,16236.25805607057,15696.173999113018,15729.929491992052,49320517
2022-08-15,16202.501953125,16337.522005003775,16067.481901246225,16270.012936341103,48225854
2022-08-16,16573.80859375,16675.075068953243,16202.502013778318,16202.502013778318,97226353
2022-08-17,16405.033203125,16641.31973292328,16303.766726974254,16607.564240873027,40360864
2022-08-18,16303.7666015625,16438.788568724878,16236.257532534755,16270.01302432535,34511279
2022-08-19,16033.7255859375,16371.277633000003,15966.215559435688,16270.01307188565,46837452
2022-08-22,15763.6845703125,16033.725634412896,15628.663559623938,15966.215607706978,34991310
2022-08-23,15966.2158203125,15966.2158203125,15594.90827529382,15594.90827529382,24230102
2022-08-24,15864.9501953125,16033.725741846532,15864.9501953125,15966.215714688266,17751278
2022-08-25,16101.2353515625,16236.257316931908,15932.45980940416,16033.725326154508,26947811
2022-08-26,15864.9501953125,16202.5022456573,15864.9501953125,16202.5022456573,23914147
2022-08-29,15527.3984375,15696.173987213722,15291.111902079389,15561.152973076692,47610497
2022-08-30,15561.15234375,15729.928843914788,15493.642318050111,15594.9078352383,22380690
2022-08-31,15527.3984375,15628.663958783583,15358.621930509526,15527.3984375,23024652
2022-09-05,16134.9912109375,16270.013179386704,15561.152631412038,15561.152631412038,38161607
2022-09-06,15898.705078125,16337.522657447118,15898.705078125,16202.502600176278,22553768
2022-09-07,15527.3984375,16067.482494048116,15527.3984375,15898.70502978089,37019463
2022-09-08,15594.908203125,15831.194734563716,15459.887191263342,15662.419187694197,29861103
2022-09-09,16067.482421875,16067.482421875,15594.908395879766,15763.684902112118,38504279
2022-09-12,16067.482421875,16405.033519786204,16067.482421875,16134.991492725145,38464784
2022-09-13,15999.970703125,16202.501735499569,15864.949695783052,16033.725237002958,25250423
2022-09-14,15999.970703125,16067.481685434326,15696.173197286444,15696.173197286444,42387217
2022-09-15,15932.4599609375,16134.99099636446,15831.19444322402,16134.99099636446,19936538
2022-09-16,15527.3984375,15932.460522634334,15527.3984375,15797.439508497306,39945534
2022-09-19,15291.111328125,15696.173398055262,15156.090319056008,15594.907880572697,39899651
2022-09-20,15527.3984375,15527.3984375,15257.356409225942,15392.377423362972,18891969
2022-09-21,15459.88671875,15493.6422100029,15324.865711015102,15459.88671875,14659825
2022-09-22,15527.3984375,15594.90846593014,15291.111902079389,15324.86643765608,17655446
2022-09-23,15324.8662109375,15662.419219924634,15324.8662109375,15561.15274286245,22313027
2022-09-26,15122.3349609375,15257.35597119817,14751.027422039831,15156.090452821849,38343542
2022-09-27,15122.3349609375,15189.845944706198,14919.803924184853,15156.090452821849,13927001
2022-09-28,14717.2734375,15156.091019290738,14582.252422192829,14987.314510837585,21198617
2022-09-29,14616.0078125,15054.8253912032,14616.0078125,14953.55986975452,15001045
2022-09-30,14312.2099609375,14616.007475556844,13974.657911464576,14514.740999165908,33932511
2022-10-03,13333.3095703125,14312.210246105353,13333.3095703125,14312.210246105353,49561985
2022-10-04,12725.71484375,13670.8609362983,12590.693836632145,13569.595420279082,46631558
2022-10-05,12962.001953125,13063.267473724196,12725.715419301294,12962.001953125,37269207
2022-10-06,12151.876953125,13029.51211198538,12151.876953125,13029.51211198538,54610879
2022-10-07,11881.8349609375,12016.85597593851,11510.527409003913,11915.590454006942,54061297
2022-10-10,12388.1630859375,12556.938630710303,11611.793473973805,11679.303500427584,36563245
2022-10-11,11814.32421875,12421.918270930848,11713.058702932643,12421.918270930848,38855082
2022-10-12,12624.44921875,12624.44921875,11814.324140312978,12016.85517060306,42103206
2022-10-13,13164.533203125,13232.044189446411,12523.184576732132,12691.960127982144,35520419
2022-10-14,13130.77734375,13434.57485917,13029.51182436891,13333.309339788912,34250645
2022-10-17,12995.7568359375,13063.26686074354,12759.470313201302,12995.7568359375,33151844
2022-10-18,12725.71484375,13299.553406043367,12624.449327730785,13164.53239892551,41391581
2022-10-19,12421.9189453125,12725.715509257583,12388.163452448574,12725.715509257583,29382089
2022-10-20,12219.38671875,12556.938769297803,12185.632183788934,12388.16322266227,37799913
2022-10-21,11409.26171875,12354.407852536446,11409.26171875,12354.407852536446,65564622
2022-10-24,11071.7099609375,11510.527546993824,10936.68894431784,11476.773010796487,40867699
2022-10-25,11544.2822265625,11814.324240763077,10835.422657243513,11071.70918034984,45287151
2022-10-26,11409.26171875,11746.813772634196,11375.507183455302,11476.772703892886,17456667
2022-10-27,11746.8134765625,11881.8344861684,11409.26143118611,11443.016922906763,31024591
2022-10-28,11341.751953125,11915.59055372396,11341.751953125,11746.81404424108,45599912
2022-10-31,10565.3818359375,10801.66836431324,10565.3818359375,10565.3818359375,96341940
2022-11-01,10126.5634765625,10801.668537973172,9991.543421557104,10632.89203330132,118412049
2022-11-02,10362.849609375,10599.136132443577,10126.563086306423,10126.563086306423,58251188
2022-11-03,10261.583984375,10430.360480749634,10194.073960191165,10295.339475105266,29953886
2022-11-04,9890.2763671875,10227.82935683148,9789.01085320498,10126.562885572275,63697059
2022-11-07,9248.9287109375,9991.54383022484,9248.9287109375,9822.767318649798,58011899
2022-11-08,8877.62109375,9248.928650986893,8776.35557037208,8843.865600198435,67189555
2022-11-09,8776.35546875,9181.4185148482,8742.599975589292,8911.376484116066,47605415
2022-11-10,8168.76123046875,8641.334297062791,8168.76123046875,8573.824269239389,115897766
2022-11-11,8303.7822265625,8540.068759380623,8101.251186226034,8303.7822265625,92694371
2022-11-14,8236.2724609375,8405.048014162405,7999.985920601215,8202.51696738181,87512183
2022-11-15,8438.802734375,8472.558224837292,8101.250701582135,8101.250701582135,64493191
2022-11-16,9012.6416015625,9012.6416015625,7966.229976065914,8303.782020683195,81142549
2022-11-17,9620.2353515625,9620.2353515625,9316.43785120448,9383.9488322959,49278119
2022-11-18,10194.07421875,10261.584244646136,9620.235648164318,9856.522174715876,144704575
2022-11-21,10092.80859375,10295.339626557592,9957.78758611937,10261.58413533076,45890312
2022-11-22,9991.54296875,10430.360520822594,9755.256447283726,9890.276496170143,62939406
2022-11-23,9316.4384765625,10025.2980819439,9316.4384765625,9924.032560786094,44116839
2022-11-24,9687.74609375,9721.501586798771,9181.418484402204,9248.92851322299,45179849
2022-11-25,10329.095703125,10329.095703125,9687.746119853977,9856.522628275854,38527220
2022-11-28,11037.955078125,11037.955078125,10531.62652102025,10531.62652102025,85554596
2022-11-29,11746.8134765625,11780.568968283154,11037.954851365786,11206.73039541562,95513429
2022-11-30,12421.9189453125,12421.9189453125,11611.793817515529,11848.080353009507,84069781
2022-12-01,12286.8974609375,13265.798101039947,12151.876451925542,12658.204039124492,97098867
2022-12-02,13130.77734375,13130.77734375,12016.85567328129,12151.876684881652,66331859
2022-12-05,13502.0849609375,13772.126985630342,13164.532908709818,13367.06394859108,72852355
2022-12-06,12556.9384765625,13468.329087522328,12556.9384765625,13434.57455334817,96676045
2022-12-07,12320.65234375,12928.246422852606,11949.345755059776,12151.876795668397,50442042
2022-12-08,12759.470703125,13063.267259951128,12489.428681095069,12759.470703125,44959145
2022-12-09,12962.001953125,13130.777501698078,12489.428885477588,12759.470911926608,50594647
2022-12-12,12556.9384765625,13198.288027745495,12556.9384765625,12962.00150214282,52028787
2022-12-13,12826.98046875,12826.98046875,12320.651927075334,12556.93845221995,35768565
2022-12-14,12962.001953125,13232.04397957402,12826.98093990049,13063.267473724196,50021833
2022-12-15,13063.267578125,13265.798620942009,12894.491070926326,12894.491070926326,30791255
2022-12-16,13772.126953125,13805.88244545112,12793.225333881432,12962.001838235294,80417275
2022-12-19,13502.0849609375,14345.965570145076,13502.0849609375,13907.147997976765,72796308
2022-12-20,12826.98046875,13569.595535569282,12658.20396909954,13367.06354453339,66523087
2022-12-21,12759.470703125,13130.777286820245,12219.386659065134,13097.022752024051,40347012
2022-12-22,12759.470703125,13232.043763039015,12624.449692110034,12894.490756863235,28089228
2022-12-23,12388.1630859375,12759.470624625084,12219.386583887972,12725.715132759837,39755874
2022-12-26,11544.2822265625,12354.40731188753,11544.2822265625,12354.40731188753,53468300
2022-12-27,12320.65234375,12320.65234375,11544.28271656579,11544.28271656579,35414277
2022-12-28,12286.8974609375,12489.42849581708,12118.120960353372,12421.91846994946,22921560
2022-12-29,12151.876953125,12489.429010938744,12050.611431508554,12354.407996357895,25366147
2022-12-30,12151.876953125,12455.673517974345,12084.365967196198,12219.386981777046,22023643
2023-01-03,12995.7568359375,12995.7568359375,12286.897267728904,12354.407292534946,41832989
2023-01-04,13097.0224609375,13367.06351968893,13029.51147829211,13130.776994983486,29731149
2023-01-05,13367.0634765625,13502.084484140947,12928.245919890069,13097.022418682309,31540632
2023-01-06,13097.0224609375,13569.595510348392,12962.001452923429,13299.553494320253,28902203
2023-01-09,13232.0439453125,13569.595998861383,13164.532960236678,13367.06400091066,23500617
2023-01-10,13367.0634765625,13569.595466568528,12962.001411103858,13232.043426260756,39597635
2023-01-11,13637.10546875,13873.391992295125,13434.574436361809,13502.08446139897,37329901
2023-01-12,13535.83984375,13670.860850015682,13434.574328369912,13569.595334635596,33680880
2023-01-13,13468.3291015625,13738.371118897554,13434.574567353153,13670.861093202147,30452358
2023-01-16,13670.861328125,13940.90239282378,13468.329333005002,13502.084825071122,36142340
2023-01-17,14616.0078125,14616.0078125,13805.882683633805,13805.882683633805,61056162
2023-01-18,14649.76171875,14886.04824440452,14548.49620165188,14852.293710222952,38405688
2023-01-19,14278.4541015625,14751.027150125266,14075.92306854323,14582.251608368111,66037248
2023-01-27,14514.7412109375,14548.496703560308,14075.923635947978,14177.189156539656,38586026
2023-01-30,14683.517578125,14987.314137031422,14413.475554245912,14649.76208582093,61769965
2023-01-31,14919.8037109375,14919.8037109375,14649.76169427584,14784.78270260667,41238104
2023-02-01,14244.7001953125,15291.111855060934,14177.1892098132,14987.314334867577,75366638
2023-02-02,14379.720703125,14649.761763791335,14244.699694153474,14312.20972000088,37291133
2023-02-03,14244.7001953125,14548.49675822911,14177.1892098132,14480.986730006558,30515665
2023-02-06,14278.4541015625,14278.4541015625,13873.39203552396,14244.699567577092,33486457
2023-02-07,13333.3095703125,14312.210246105353,13299.554077509616,14278.45475330247,62984273
2023-02-08,14075.923828125,14244.700336266582,13333.309681221615,13333.309681221615,49095747
2023-02-09,13907.1474609375,14345.965016160408,13907.1474609375,14177.18851792568,23874653
2023-02-10,13839.63671875,14042.16871159947,13603.35019148955,13974.657728224074,23220381
2023-02-13,13637.10546875,13772.12647610103,13333.308920167712,13772.12647610103,27358291
2023-02-14,13907.1474609375,14109.678492997811,13670.860937774904,13704.615471600486,25111757
2023-02-15,14042.1689453125,14210.944492006594,13670.86140239806,13907.147933591184,29150640
2023-02-16,14379.720703125,14447.230728972405,13907.147650363017,14143.43417674401,34724432
2023-02-17,14177.1884765625,14413.47499903571,14177.1884765625,14379.720465308608,19883250
2023-02-20,14784.783203125,14784.783203125,14177.189123705368,14177.189123705368,37376946
2023-02-21,14582.251953125,15054.825012860443,14582.251953125,14886.04850983633,31129280
2023-02-22,14312.2099609375,14919.804032899456,14312.2099609375,14447.230972182017,49800258
2023-02-23,14514.7412109375,14514.7412109375,13772.127074172944,14278.454677131334,48769628
2023-02-24,14042.1689453125,14514.741050422008,13940.90246856396,14514.741050422008,22011737
2023-02-27,13569.595703125,13873.392257515015,13468.329227718272,13772.12673938501,45572615
2023-02-28,13502.0849609375,13839.637013165182,13434.57493340266,13805.882478036132,23710867
2023-03-01,14109.6787109375,14109.6787109375,13367.063638876907,13502.0846480949,28249238
2023-03-02,13907.1474609375,14244.699500130251,13907.1474609375,14177.18851792568,13987549
2023-03-03,13738.37109375,14244.699636007232,13738.37109375,14042.168602015025,31381347
2023-03-06,13772.126953125,14075.923512229863,13772.126953125,13940.902500202124,17046187
2023-03-07,14244.7001953125,14413.475744507256,13873.39264689659,13907.14813964624,42952626
2023-03-08,14312.2099609375,14312.2099609375,14042.1688957252,14109.678922709092,23537498
2023-03-09,14312.2099609375,14548.49649129622,14312.2099609375,14312.2099609375,34224509
2023-03-10,14379.720703125,14480.986220534463,14177.188711029354,14278.45422843882,32682049
2023-03-13,14244.7001953125,14447.231237256909,14109.679181590644,14210.944702562849,30593492
2023-03-14,13704.6162109375,14244.700268603734,13637.106182367595,14210.944775680406,44889594
2023-03-15,14379.720703125,14379.720703125,13907.147650363017,14042.168659334544,39866835
2023-03-16,14075.923828125,14244.700336266582,13839.63729109284,14177.189350099245,43919222
2023-03-17,13772.126953125,14210.944524257604,13772.126953125,14210.944524257604,49679306
2023-03-20,13502.0849609375,13907.147997976765,13502.0849609375,13772.126985630342,33379880
2023-03-21,13805.8828125,13873.392841670351,13400.819765647606,13637.10630365898,28797804
2023-03-22,13704.6162109375,13907.148211200714,13603.350689444267,13873.392718277388,18785538
2023-03-23,13772.126953125,13772.126953125,13535.840421395638,13637.10594109726,20647002
2023-03-24,13772.126953125,13839.636980500502,13704.61596847276,13805.88244545112,22287617
2023-03-27,14042.1689453125,14109.67897253479,13738.371429620353,13772.126921869864,29887675
2023-03-28,13974.658203125,14177.189245580366,13974.658203125,14109.679217187497,18151595
2023-03-29,14042.1689453125,14244.699984256107,13974.657960813473,13974.657960813473,26511833
2023-03-30,14042.1689453125,14278.454519228886,14008.413453062987,14177.188999757082,30638795
2023-03-31,14042.1689453125,14109.67897253479,13738.371429620353,14042.1689453125,34514473
2023-04-03,14177.1884765625,14244.699458570103,14075.922960827796,14210.943967566302,31029963
2023-04-04,14244.7001953125,14312.210223535052,14143.434674340297,14278.4547307854,28843106
2023-04-05,14514.7412109375,14514.7412109375,14143.434621193595,14244.700141785272,37058958
2023-04-06,14514.7412109375,14784.783237366471,14447.23118296863,14548.496703560308,40494680
2023-04-07,14312.2099609375,14582.251983426531,14244.699933953609,14514.740999165908,26953473
2023-04-10,13974.658203125,14413.475780870544,13907.148174732129,14345.965752477672,38979954
2023-04-11,14042.1689453125,14075.923480285275,13907.147933591184,13974.657960813473,21295335
2023-04-12,14008.4130859375,14109.678602755388,13940.902103207767,14109.678602755388,15664464
2023-04-13,13805.8828125,14042.169350511373,13738.371826052886,14042.169350511373,21891947
2023-04-14,13940.90234375,14075.923354262464,13839.636825184833,13873.392317132131,20049068
2023-04-17,14075.923828125,14109.679321208669,13907.148277260178,13907.148277260178,13468023
2023-04-18,14143.4345703125,14177.189105537129,14042.169050085124,14109.679077811126,16802106
2023-04-19,14042.1689453125,14210.944492006594,14042.1689453125,14210.944492006594,15215651
2023-04-20,14042.1689453125,14109.67897253479,14008.413453062987,14042.1689453125,9643746
2023-04-21,13974.658203125,14075.923724352684,13974.658203125,14042.169188794624,19479521
2023-04-24,13940.90234375,14042.168819591892,13873.392317132131,13974.657835697297,23755443
2023-04-25,14210.9443359375,14345.965346175974,13974.657807339352,14042.16879109695,30544560
2023-04-26,14852.2939453125,14852.2939453125,14109.678865136184,14210.944383837186,62929169
2023-04-27,14649.76171875,14852.293710222952,14582.251693110158,14852.293710222952,27880285
2023-04-28,14616.0078125,14717.27333394868,14447.231305234363,14649.762348131724,24236201
2023-05-04,14379.720703125,14582.251737943932,14312.20972000088,14480.986220534463,24164762
2023-05-05,14480.986328125,14649.761872635836,14312.20982633744,14379.720809963152,18623785
2023-05-08,14582.251953125,14683.517472028776,14480.986434221224,14548.496461064831,16623365
2023-05-09,14717.2734375,14953.55997496836,14582.252422192829,14582.252422192829,32544835
2023-05-10,14649.76171875,14784.7827273064,14616.007184568436,14717.272701666556,12826977
2023-05-11,14683.517578125,14818.538590064543,14582.252058489526,14717.273070429072,19950623
2023-05-12,15088.5791015625,15189.845574749146,14582.251522012772,14683.517037922718,65630833
2023-05-15,14919.8037109375,15257.355753126218,14919.8037109375,15156.090236197277,25951739
2023-05-16,14852.2939453125,15054.824982714505,14784.782961327348,14919.803972020924,26868967
2023-05-17,14717.2734375,14919.804481822375,14683.517944354016,14852.294452807171,42240275
2023-05-18,14818.5380859375,14987.313627162628,14717.27256974708,14784.782594781793,27066294
2023-05-19,14717.2734375,14919.804481822375,14616.007915338812,14852.294452807171,18824350
2023-05-22,14784.783203125,14919.804216026778,14683.517682767852,14717.273175312484,21660062
2023-05-23,14649.76171875,14886.04824440452,14582.251693110158,14818.538218764676,20172779
2023-05-24,14379.720703125,14784.782772762865,14379.720703125,14784.782772762865,29504783
2023-05-25,14312.2099609375,14480.986464312327,14312.2099609375,14379.720945198123,19647735
2023-05-26,14244.7001953125,14447.231237256909,14075.923688840996,14379.721209034356,23360064
2023-05-29,14480.986328125,14480.986328125,14312.20982633744,14379.720809963152,16105291
2023-05-30,14413.4755859375,14582.252090552212,14345.96555845766,14514.74110579563,19540868
2023-05-31,14312.2099609375,14480.986464312327,14278.454468807187,14447.230972182017,19697394
2023-06-01,14447.23046875,14447.23046875,14210.943946624982,14278.453971256402,15734160
2023-06-02,14582.251953125,14717.272964088948,14480.986434221224,14514.740969004662,27611955
2023-06-05,14616.0078125,14886.048883937565,14582.252319591522,14717.27333394868,29176921
2023-06-06,14683.517578125,14751.027605456404,14548.496566185457,14649.76208582093,17133452
2023-06-07,15257.3564453125,15392.37745976888,14852.294359220115,14852.294359220115,80607197
2023-06-08,15392.376953125,15628.663481327048,15324.865969480574,15324.865969480574,62049620
2023-06-09,15459.88671875,15459.88671875,15189.845660556912,15392.376693520904,35218693
2023-06-12,15493.642578125,15628.663589067935,15189.84602146094,15594.90809701302,32262276
2023-06-13,15797.439453125,15831.194945860128,15459.887397603974,15527.398383074227,53940926
2023-06-14,15594.908203125,15831.194734563716,15594.908203125,15831.194734563716,37281259
2023-06-15,15628.6640625,15696.174091378154,15527.39854054439,15527.39854054439,25679198
2023-06-16,15831.1943359375,16067.481818703282,15628.663301883073,15696.173327475644,48022719
2023-06-19,15763.6845703125,15864.95008900974,15729.929078321178,15831.194597018415,19400024
2023-06-20,15966.2158203125,15966.2158203125,15729.929287780318,15763.684780221129,21211249
2023-06-21,16607.564453125,16641.319945606658,15864.950319465714,15999.971332115603,55163801
2023-06-22,16776.33984375,16843.850828080595,16438.788751203952,16675.075281807574,33448705
2023-06-23,17147.6484375,17248.913000000404,16708.830866040134,16776.339936189244,43036174
2023-06-26,17012.626953125,17215.15991300698,16675.07584909543,17147.648926379654,29619636
2023-06-27,17417.689453125,17417.689453125,16945.116416679823,17113.891954109284,29109839
2023-06-28,17957.771484375,18025.28246489957,17485.19844980969,17552.709430334267,47144840
2023-06-29,17417.689453125,18025.28253660307,17417.689453125,17991.527046206505,57314358
2023-06-30,17653.9765625,17687.730139473453,17316.423561784584,17350.17905331147,47870405
2023-07-03,17687.73046875,17856.5079295264,17485.199430371784,17687.73046875,25158947
2023-07-04,17721.486328125,17721.486328125,17485.19979269524,17653.977256969,31549344
2023-07-05,18194.05859375,18362.83605055399,17721.485543805666,17822.752017888062,48690204
2023-07-06,18227.814453125,18329.080929251933,17890.2633618088,18160.303469040377,40832125
2023-07-07,18531.611328125,18531.611328125,17890.262745090222,18160.30284301289,36632796
2023-07-10,18700.38671875,18869.162257243315,18464.100199038006,18531.611180256685,35236698
2023-07-11,18430.345703125,18936.674260485164,18396.590210693856,18767.898712882936,35167437
2023-07-12,18227.814453125,18531.611966952343,17991.527923382277,18430.34549082541,40304904
2023-07-13,18261.5703125,18565.367832438253,18160.30383433608,18565.367832438253,20636838
2023-07-14,18565.3671875,18565.3671875,18261.569678115306,18329.080661212665,24797834
2023-07-17,18430.345703125,18734.143220451795,18362.8366328162,18700.38772802065,18286340
2023-07-18,18362.8359375,18464.10049640552,18261.56946404107,18430.345005252544,18139107
2023-07-19,18497.857421875,18700.388469943628,18261.570880036008,18295.32637380637,22329289
2023-07-20,19037.94140625,19037.94140625,18430.34635026217,18430.34635026217,45150417
2023-07-21,19172.9609375,19172.9609375,18970.42989593969,19139.205444814364,26798066
2023-07-24,19071.6953125,19307.979919041267,18902.91785846568,19206.715361174065,25306790
2023-07-25,19071.6953125,19139.20437956034,18902.91785846568,19071.6953125,29367090
2023-07-26,19172.9609375,19206.71643018564,19004.185388625327,19071.6963739966,33510213
2023-07-27,19172.9609375,19375.49197906031,18970.42989593969,19172.9609375,30950786
2023-07-28,19105.44921875,19307.980252535985,19004.18465913372,19172.9602015298,33453061
2023-07-31,19037.94140625,19071.696899866387,18464.10184387856,19037.94140625,67589930
2023-08-01,18565.3671875,18970.42925697731,18565.3671875,18970.42925697731,40893429
2023-08-02,18565.3671875,18801.65371378733,18396.5897297566,18497.85620440264,26897035
2023-08-03,18126.55078125,18565.36837023145,17890.264239909717,18464.101889134086,84738311
2023-08-04,18464.1015625,18565.36804180593,18092.79496748529,18092.79496748529,32192014
2023-08-07,18599.123046875,18734.143101186524,18430.34558579376,18599.123046875,34514053
2023-08-08,18362.8359375,18835.408984534854,18329.080446347023,18632.876037617,37691769
2023-08-09,18767.8984375,18801.653929435844,18261.56988756924,18362.83636337677,62091801
2023-08-10,18464.1015625,18835.41007206823,18430.346069398023,18835.41007206823,24778131
2023-08-11,18700.38671875,18734.14220935934,18329.08015115403,18497.855689647346,34233962
2023-08-14,19004.185546875,19139.20560418837,18666.63253176132,18767.89901066148,65594911
2023-08-15,18869.162109375,19071.695051443883,18801.653043238737,19004.18407075425,26573979
2023-08-16,18869.162109375,18902.91759971981,18666.631081859483,18869.162109375,21772201
2023-08-17,18970.4296875,19375.491766169955,18902.91870287052,18902.91870287052,68624088
2023-08-18,17890.263671875,18902.91887792795,17687.730716110917,18835.409807226748,67369038
2023-08-21,17687.73046875,17924.016999283496,17485.199430371784,17856.5079295264,45710947
2023-08-22,17653.9765625,17788.996614054107,16945.11698409571,17687.730139473453,54512158
2023-08-23,17316.423828125,17856.507871755217,17316.423828125,17788.996887663074,31731033
2023-08-24,17755.2421875,17755.2421875,17282.669106885187,17316.42460043675,24156792
2023-08-25,17518.955078125,17822.752595667294,17518.955078125,17687.730625846947,31767885
2023-08-28,18126.55078125,18126.55078125,17552.711217472075,17552.711217472075,33563413
2023-08-29,18227.814453125,18329.080929251933,18025.28341542459,18160.303469040377,26136869
2023-08-30,18362.8359375,18396.589514099567,18059.038431676618,18227.81397288809,29678151
2023-08-31,18632.876953125,18835.40990999412,18430.34591080939,18497.856896432422,37655730
2023-09-05,18767.8984375,18869.16299875408,18396.58994075916,18767.8984375,35722988
2023-09-06,19578.0234375,19578.0234375,18497.85722132696,18734.143760604205,76933637
2023-09-07,19341.736328125,19780.553900340947,19240.47176545012,19578.0228604377,49357558
2023-09-08,19409.248046875,19679.290081808384,19172.961505627485,19240.47249299922,52192835
2023-09-11,18902.91796875,19611.77753616963,18734.142428284395,19578.022045165828,69256913
2023-09-12,19409.248046875,19409.248046875,18700.388423132456,18902.9194706941,33099093
2023-09-13,19172.9609375,19848.065047552194,19071.6963739966,19443.002964431576,71530454
2023-09-14,18767.8984375,19274.226987430768,18734.14294556416,19172.96051162323,52456982
2023-09-15,18632.876953125,18970.429966686694,18632.876953125,18835.40990999412,37389869
2023-09-18,18632.876953125,18970.429966686694,18362.83683973985,18632.876953125,30842220
2023-09-19,19004.185546875,19004.185546875,18565.36796741468,18902.919067974843,31991768
2023-09-20,19172.9609375,19274.227415556903,18936.67440325406,19004.185388625327,39004638
2023-09-21,19172.9609375,19645.534005991885,19004.185388625327,19172.9609375,62379660
2023-09-22,18430.345703125,18869.163275622883,18059.0391154894,18734.143220451795,74597223
2023-09-25,17552.7109375,18565.36807410712,17350.17989308928,18227.815057053573,53540029
2023-09-26,17687.73046875,18092.794460059897,17451.445852769968,17451.445852769968,45060785
2023-09-27,17890.263671875,18025.28372783089,17653.977138037062,17653.977138037062,32360867
2023-09-28,17957.771484375,18126.54893568644,17687.729476830056,17957.771484375,25355693
2023-09-29,17755.2421875,18126.550702013665,17721.486693948435,18092.7952084621,23583527
2023-10-02,17687.73046875,17856.5079295264,17552.710414682344,17755.24145306056,17249830
2023-10-03,16742.5859375,17620.221058356885,16675.07495449457,17620.221058356885,59049933
2023-10-04,17046.380859375,17215.158310229683,16202.501263314987,16540.05233591765,30702828
2023-10-05,16810.095703125,17215.159703403566,16776.340210222326,17147.648717598222,15281063
2023-10-06,16843.8515625,17080.138103406098,16641.320515230993,16776.340575225815,30274197
2023-10-09,17215.16015625,17282.66922927767,16843.8516391068,16843.8516391068,16898156
2023-10-10,17552.7109375,17721.48648875001,17282.668906767864,17350.17989308928,29251554
2023-10-11,17687.73046875,17721.48596090528,17417.690360614688,17653.976891148184,20020028
2023-10-12,17417.689453125,17755.240527983915,17282.66749153874,17755.240527983915,33551797
2023-10-13,17383.935546875,17383.935546875,16911.362467365638,17282.66906645719,29690493
2023-10-16,16877.60546875,17417.68948703993,16877.60546875,17383.933996577638,23616777
2023-10-17,16742.5859375,17181.403497928444,16742.5859375,17012.626040414867,22246815
2023-10-18,16202.501953125,16843.8505500177,15662.41887377974,16742.585989746978,45765731
2023-10-19,15999.970703125,16337.521785564812,15831.19420462839,16270.012717808895,30396311
2023-10-20,16438.7890625,16438.7890625,15763.684950070214,15999.971485148317,24068495
2023-10-23,16202.501953125,16438.788479827937,15999.970918030116,16438.788479827937,17393070
2023-10-24,16202.501953125,16472.54397143599,15966.215426422064,16236.257444733052,14393819
2023-10-25,16236.2578125,16607.564399492167,16236.2578125,16236.2578125,17514167
2023-10-26,15392.376953125,16101.235580454411,15257.35594311287,16067.482003185649,45172589
2023-10-27,15763.6845703125,15864.95008900974,15426.13252222946,15696.173586329856,31582740
2023-10-30,15527.3984375,16033.726043917915,15527.3984375,15763.684972920611,23527479
2023-10-31,15527.3984375,15864.950494204197,15459.887451793107,15864.950494204197,30451341
2023-11-01,16168.7470703125,16168.7470703125,15493.642956392312,15527.398449271348,51632827
2023-11-02,17046.380859375,17282.667376018206,16270.012243656864,16337.521309445385,40034251
2023-11-03,16945.1171875,17215.159208403154,16708.830658528925,17147.648224539003,29763529
2023-11-06,17383.935546875,17485.20011273927,17012.627033229906,17113.893513647716,68346363
2023-11-07,17417.689453125,17687.729547190786,17181.402934902413,17417.689453125,28868226
2023-11-08,18194.05859375,18194.05859375,17282.66798522213,17417.689950665324,51573150
2023-11-09,18025.283203125,18497.856257044536,17957.77221983551,18194.05874679528,45537041
2023-11-10,17890.263671875,18295.32575429618,17788.99719399296,17822.752686620308,42221399
2023-11-13,18362.8359375,18632.876037617,17890.262890465143,17890.262890465143,63956677
2023-11-14,18227.814453125,18565.367458994657,18025.28341542459,18497.85647491004,35094837
2023-11-15,18227.814453125,18767.898496695067,18227.814453125,18599.122951036967,50519433
2023-11-16,18362.8359375,18362.8359375,18092.793922829595,18126.54941398257,23712609
2023-11-17,17890.263671875,18497.85679550677,17755.241701365612,18362.836739550872,62971640
2023-11-20,17991.52734375,18160.302883970664,17620.22077235386,17620.22077235386,26498997
2023-11-21,18261.5703125,18565.367832438253,18194.059327057388,18227.81481977869,38873958
2023-11-22,18362.8359375,18362.8359375,18160.30299058214,18227.81397288809,26056863
2023-11-23,17451.4453125,18464.10047304083,17451.4453125,18430.344981930568,31660131
2023-11-24,17822.751953125,17822.751953125,17248.91243118345,17552.709937773296,38083779
2023-11-27,17755.2421875,18059.039714910537,17687.73120039687,17890.264161706258,24284117
2023-11-28,18025.283203125,18025.283203125,17586.46564085021,17822.752167809977,29820157
2023-11-29,18227.814453125,18295.325437209623,17991.527923382277,18025.28341542459,33545553
2023-11-30,17924.017578125,18362.83707576149,17924.017578125,18295.32608927072,31045355
2023-12-01,18160.302734375,18295.324697082004,17856.507147391003,18092.79366757488,25385749
2023-12-04,18565.3671875,18734.14273068997,18261.569678115306,18362.836152761345,61538371
2023-12-05,18396.58984375,18599.12279429707,18329.080774787755,18565.367302539224,32896655
2023-12-06,18632.876953125,18632.876953125,18362.83683973985,18396.590417997868,27077039
2023-12-07,18632.876953125,18835.40990999412,18194.059375682253,18666.63244593652,73000604
2023-12-08,18700.38671875,19071.695200899347,18565.366670866024,18767.89769996868,76641930
2023-12-11,18565.3671875,18767.89822223865,18430.34522130528,18700.38723914129,26122058
2023-12-12,18869.162109375,19037.93956109907,18565.36652537841,18565.36652537841,46800281
2023-12-13,18464.1015625,19037.94111612657,18430.346069398023,18970.43012992262,48725778
2023-12-14,18261.5703125,18599.12332515956,18261.5703125,18599.12332515956,46945335
2023-12-15,18092.794921875,18362.83695145655,18059.03942885812,18295.325965422784,52529001
2023-12-18,17957.771484375,18227.81349191994,17957.771484375,18160.302511395366,22444723
2023-12-19,18362.8359375,18362.8359375,17924.016467064714,17957.771958217687,30997584
2023-12-20,18362.8359375,18464.10049640552,18295.324955194046,18362.8359375,26117993
2023-12-21,18362.8359375,18430.345005252544,18194.058481735115,18295.324955194046,22073882
2023-12-22,18261.5703125,18464.10135427433,18261.5703125,18362.83679066392,25447895
2023-12-25,18531.611328125,18632.87588620765,18329.0802974063,18329.0802974063,32227863
2023-12-26,18767.8984375,18835.40942137169,18497.85641656669,18497.85641656669,49139888
2023-12-27,18734.142578125,18902.91811994052,18734.142578125,18801.653560672574,30458456
2023-12-28,18869.162109375,19037.93956109907,18666.631081859483,18734.14206254911,47199000
2023-12-29,18869.162109375,18970.42858040944,18767.897552893923,18869.162109375,32924113
2024-01-02,18531.611328125,19004.184371319763,18531.611328125,18970.428880441083,32215812
2024-01-03,18767.8984375,18767.8984375,18497.85641656669,18497.85641656669,26970026
2024-01-04,18734.142578125,18970.42910248809,18700.387086851213,18767.898069398787,57488598
2024-01-05,18767.8984375,18835.40942137169,18599.12289237423,18734.14294556416,25246502
2024-01-08,18801.654296875,19071.696323085715,18801.654296875,18869.16336751256,47791706
2024-01-09,18700.38671875,18869.162257243315,18565.366670866024,18835.40868118736,43328984
2024-01-10,18464.1015625,18734.1435927623,18396.590576296046,18700.38809966032,47475315
2024-01-11,18565.3671875,18666.63174759261,18497.85620440264,18531.61169595132,22273532
2024-01-12,18329.080078125,18531.611106420703,18261.56909717531,18464.100125471014,41877855
2024-01-15,18295.326171875,18531.612711106023,18295.326171875,18362.837158670587,18324455
2024-01-16,18767.8984375,18767.8984375,18261.56988756924,18295.32537950508,30153972
2024-01-17,18666.6328125,18869.16385879279,18666.6328125,18801.65478639756,34261680
2024-01-18,18666.6328125,18801.65478639756,18632.87731902561,18700.388305974386,18925365
2024-01-19,18767.8984375,18835.40942137169,18632.876469756626,18734.14294556416,21790016
2024-01-22,19105.44921875,19341.735743925885,18801.65362534773,18902.91818496401,96951925
2024-01-23,19139.205078125,19240.471554241733,19071.69600860064,19206.71606220282,36762169
2024-01-24,19071.6953125,19240.47085198093,19071.6953125,19105.44888875347,23840240
2024-01-25,19071.6953125,19172.9598703672,18902.91785846568,19071.6953125,22835601
2024-01-26,19139.205078125,19240.471554241733,19071.69600860064,19172.960570163912,31421713
2024-01-29,18902.91796875,19172.95998222701,18902.91796875,19139.20449122321,31739265
2024-01-30,18902.91796875,18970.428950757603,18801.653410292,18902.91796875,25585980
2024-01-31,18734.142578125,18970.42910248809,18734.142578125,18869.16262866673,36731096
2024-02-01,18801.654296875,18970.42984529914,18700.387819088424,18734.14331168395,15443615
2024-02-02,18835.41015625,18970.43021470784,18700.388183238632,18700.388183238632,21913872
2024-02-05,18902.91796875,19105.449000219407,18835.4089012958,18835.4089012958,23625780
2024-02-06,18936.673828125,19071.69579476676,18902.91833646456,19004.18481144588,22238103
2024-02-07,19004.185546875,19105.45011122165,18936.674560941563,18936.674560941563,20049649
2024-02-15,19375.4921875,19510.51415969509,19071.69657916808,19105.450157663337,54435187
2024-02-16,19307.98046875,19443.002435821603,19307.98046875,19409.246944053702,25508443
2024-02-19,19713.044921875,19848.064977588096,19206.71636248228,19341.73641819537,68516886
2024-02-20,19713.044921875,19814.30948502145,19611.77844417506,19713.044921875,31566042
2024-02-21,19443.001953125,19679.28847508076,19375.49097126524,19645.53298415088,47680193
2024-02-22,19274.2265625,19443.002103904848,19274.2265625,19375.491121521543,32827249
2024-02-23,19172.9609375,19476.75845711721,19172.9609375,19274.227415556903,41438335
2024-02-26,19443.001953125,19443.001953125,19105.44895837961,19172.959940239365,29586966
2024-02-27,20489.4140625,20556.925049181267,19443.00334170803,19510.514328389298,127138715
2024-02-28,20658.19140625,20894.47794367457,20354.393882545974,20523.16943369109,53723997
2024-02-29,20928.23046875,21029.49694307151,20590.679383451825,20759.454926100912,49477623
2024-03-01,20826.966796875,21063.253332478434,20691.944825356743,21063.253332478434,39840990
2024-03-04,20793.2109375,21198.27301580824,20725.6999529308,20928.23099208492,42063088
2024-03-05,21029.498046875,21130.76452651182,20725.70052251808,20793.21150894262,43877985
2024-03-06,20793.2109375,21029.49746893872,20590.679898345883,20995.74197665412,40742246
2024-03-07,20928.23046875,21164.516994280097,20658.19036633283,20725.69943466041,48491033
2024-03-08,20455.66015625,20961.98680459341,20421.90466344974,20928.231311793148,71928012
2024-03-11,20185.6171875,20658.19023556885,20118.10620504633,20455.65920276126,44939543
2024-03-12,20388.1484375,20523.168489292275,20118.10641936201,20151.861910948443,44562458
2024-03-13,20793.2109375,20826.9664297846,20320.637874622567,20388.14885919177,43265241
2024-03-14,20489.4140625,20860.722574693435,20421.904990372263,20860.722574693435,45582488
2024-03-15,20320.638671875,20725.70076607529,20253.1276846571,20489.4142253662,52016010
2024-03-18,19983.0859375,20388.14799871264,19578.021961733964,20354.392507852688,72900271
2024-03-19,20118.107421875,20658.191485064104,19848.065390280448,19915.57637681747,39372429
2024-03-20,20253.126953125,20320.63793790444,20084.351405729885,20151.862390509323,19421514
2024-03-21,20421.904296875,20624.43533548761,20320.63782029196,20489.413366710225,30444662
2024-03-22,20624.435546875,20725.70010994247,20388.14901364625,20489.413576713723,54742285
2024-03-25,20388.1484375,20894.476982189542,20286.88196274072,20624.43496405156,33222629
2024-03-26,20624.435546875,20624.435546875,20320.63802856561,20388.14901364625,17679114
2024-03-27,20658.19140625,20995.74250854024,20658.19140625,20860.72245053485,37538408
2024-03-28,20624.435546875,20826.96658756343,20556.92456179436,20826.96658756343,29251554
2024-03-29,20421.904296875,20658.190827681963,20421.904296875,20658.190827681963,25790712
2024-04-01,20320.638671875,20489.4142253662,20219.374105601702,20388.1496590929,31100966
2024-04-02,20523.16796875,20523.16796875,20118.10590909359,20185.61689055412,41334227
2024-04-03,20219.373046875,20556.924136182544,20219.373046875,20489.413152499656,31420987
2024-04-04,19983.0859375,20286.881526132784,19949.330446640048,20219.372458966274,40267297
2024-04-05,19881.8203125,20084.351351740403,19746.80025785756,19881.8203125,34991455
2024-04-08,19983.0859375,20118.105986386417,19780.552992340286,19881.819464920143,24377335
2024-04-09,20185.6171875,20185.6171875,19949.33066346557,19983.08615469241,14865573
2024-04-10,20016.83984375,20320.63735194376,20016.83984375,20219.372792248123,16167146
2024-04-11,20185.6171875,20354.39272908076,19881.819681011904,19881.819681011904,28279440
2024-04-12,20219.373046875,20320.637607845885,20151.86206319211,20253.126624163,20338016
2024-04-15,19240.470703125,20219.37227073712,18970.42869331269,20151.86128964569,45196837
2024-04-16,19139.205078125,19274.22704628064,18801.65398684281,19240.471554241733,48803417
2024-04-17,18902.91796875,19274.22645523841,18835.4089012958,19240.470964234613,23617213
2024-04-19,18767.8984375,19139.205019687382,18565.367400438383,18767.8984375,38226075
2024-04-22,18902.91796875,19037.939932765206,18801.653410292,19037.939932765206,18020624
2024-04-23,18632.876953125,18936.674473875173,18531.612389243943,18902.918981063653,26931548
2024-04-24,19443.001953125,19544.26651136124,18734.14238725773,18835.40886004737,34023261
2024-04-25,19274.2265625,19375.491121521543,19105.44910654174,19375.491121521543,16588226
2024-04-26,19172.9609375,19274.227415556903,18936.67440325406,19105.449952128733,27457317
2024-05-02,19139.205078125,19172.960570163912,18936.674040445,19172.960570163912,10836419
2024-05-03,19341.736328125,19645.53384525661,19139.20528822176,19139.20528822176,24327967
2024-05-06,19780.552734375,19814.30822479473,19443.001659284382,19476.75714970412,42979052
2024-05-07,20354.392578125,20388.14806910149,19746.79948420836,19848.064042584432,45591636
2024-05-08,20725.69921875,20928.23025072972,20084.350631721987,20354.392645879416,50486763
2024-05-09,20556.923828125,20860.721335591967,20286.88181199364,20860.721335591967,28230813
2024-05-10,20556.923828125,20691.94387891397,20219.37274387585,20658.1903021318,27823120
2024-05-13,20388.1484375,20691.944032670977,20320.637454327145,20624.43496405156,19125146
2024-05-14,20388.1484375,20725.699524257405,20320.637454327145,20523.168489292275,23629962
2024-05-15,21063.251953125,21164.516510578746,20421.90337407333,20421.90337407333,66262497
2024-05-16,21333.294921875,21502.070468245536,21232.0284453206,21333.294921875,40228994
2024-05-17,21333.294921875,21333.294921875,21029.497406765266,21333.294921875,42312701
2024-05-20,21603.3359375,21704.600494779268,21333.293927166327,21367.04941777721,67949387
2024-05-21,21502.0703125,21603.3367883209,21232.028291531053,21603.3367883209,30323043
2024-05-22,21130.763671875,21569.581236779453,21029.49719633392,21502.0702530854,58818659
2024-05-23,21907.1328125,21907.1328125,21238.779419840503,21424.43367184411,52080982
2024-05-24,21461.564453125,21907.132741945155,21164.517650875907,21758.60934082061,40066976
2024-05-27,21461.564453125,21758.60934082061,21275.91020171932,21461.564453125,22894383
2024-05-28,21647.21875,21684.349600359128,21387.3027974861,21535.826198922616,23412536
2024-05-29,21238.779296875,21721.480349289697,21238.779296875,21610.08779873246,31837792
2024-05-30,20978.865234375,21201.64842066251,20793.210983674173,21164.51757052235,36233709
2024-05-31,21238.779296875,21387.302697617983,20830.34185938528,21090.257810685493,23492026
2024-06-03,21535.826171875,21610.08787249999,21387.30277062502,21387.30277062502,27264085
2024-06-04,21758.609375,22129.91787839464,21535.826187516708,21535.826187516708,59198502
2024-06-05,21721.48046875,21907.13280614627,21610.087917580146,21758.609404586463,25338654
2024-06-06,21758.609375,22018.525327376246,21461.564486837786,21721.480439214025,36348536
2024-06-07,21758.609375,21832.87107567893,21610.08788819564,21795.740225339465,21625626
2024-06-10,21758.609375,21870.00192601839,21647.2187385351,21832.87107567893,27264600
2024-06-11,21610.087890625,22018.525329851524,21572.95704028136,21832.871078133336,38253032
2024-06-12,21981.39453125,21981.39453125,21535.826240631013,21535.826240631013,32868396
2024-06-13,21907.1328125,22055.656214102888,21758.60941089712,22018.525363702163,29764284
2024-06-14,21610.087890625,22241.31043191335,21610.087890625,21907.13277882061,57010800
2024-06-17,21870.001953125,22241.31045697985,21535.826214209126,21610.087914980097,45455652
2024-06-18,21832.87109375,22055.65619597118,21832.87109375,21907.1327944904,26654892
2024-06-19,21795.740234375,21944.263635794425,21721.480448218776,21907.13278543957,26181540
2024-06-20,21795.740234375,21832.871084729857,21498.69534608964,21721.480448218776,36845635
2024-06-21,21572.95703125,21795.740218665072,21535.826180921908,21795.740218665072,20464606
2024-06-24,21313.041015625,21610.087817367115,20978.8652782186,21535.826116931585,50643991
2024-06-25,21313.041015625,21572.956967149352,21164.517614753942,21238.77931518947,23497491
2024-06-26,21461.564453125,21684.34955481182,21238.77935143818,21350.171902281592,26768491
2024-06-27,21424.43359375,21572.956994811502,21313.04104295387,21535.82614454613,13306510
2024-06-28,21015.99609375,21461.56438107429,21015.99609375,21350.17183060485,30838288
2024-07-01,21053.126953125,21164.517589089737,20830.34185208856,21015.99610295226,18117699
2024-07-02,21313.041015625,21424.43356627829,20978.8652782186,21053.126978654127,28219778
2024-07-03,21350.171875,21610.08782663583,21313.04102476631,21535.82612616845,25767693
2024-07-04,21313.041015625,21572.956967149352,21238.77931518947,21424.43356627829,12372597
2024-07-05,21275.91015625,21498.695257460706,21238.77930604821,21313.041006451786,20619218
2024-07-08,21387.302734375,21572.956985622804,21275.91018362632,21313.04103387588,25805155
2024-07-09,21535.826171875,21684.34957312498,21350.171920312525,21387.30277062502,30128194
2024-07-10,21498.6953125,21907.132751211782,21498.6953125,21610.087863390527,41368351
2024-07-11,21424.43359375,21721.480395873008,21424.43359375,21647.218695342257,19520384
2024-07-12,21164.517578125,21498.695229506528,21127.388642524973,21461.564379353025,24292646
2024-07-15,21127.388671875,21350.17185855203,20941.73442084957,21201.648457731688,21795444
2024-07-16,21127.388671875,21275.91015814185,21090.257821669915,21164.517607526606,16949618
2024-07-17,20941.734375,21238.77926143685,20496.166088067985,21201.64841131306,34413865
2024-07-18,21090.2578125,21127.38866268894,20830.34186117741,20941.73441174424,27703420
2024-07-19,20941.734375,21090.257775495167,20941.734375,21090.257775495167,19971956
2024-07-22,20830.341796875,20941.73434709796,20607.556696429085,20867.47264694932,26544408
2024-07-23,20644.6875,20941.73429992544,20644.6875,20830.3417499534,20909988
2024-07-24,20570.42578125,20756.08003103401,20124.857496321853,20607.5566312068,25427292
2024-07-25,20310.51171875,20533.29490363728,20273.380868843207,20496.16596828396,17714004
2024-07-26,20384.7734375,20533.294922711662,20310.511737617435,20310.511737617435,11704308
2024-07-29,20718.94921875,20867.47261884726,20496.166033157577,20533.294968628423,22092496
2024-07-30,20718.94921875,20941.73431889589,20718.94921875,20793.21091879863,20608896
2024-07-31,20199.119140625,20718.9491240356,20124.857440915846,20718.9491240356,32444148
2024-08-01,19827.8125,20533.294816115,19753.55080050296,20421.90418142289,41514528
2024-08-02,20236.25,20273.380849872046,19679.2891664728,19790.68171608893,23287440
2024-08-05,19270.8515625,19939.203025196235,19159.459013866144,19902.07409020506,60733200
2024-08-06,19530.765625,19642.15817380633,19196.589893134453,19345.111376989447,26964168
2024-08-07,19345.111328125,19642.158124191566,19270.851543661804,19642.158124191566,21449604
2024-08-08,19010.935546875,19382.242126423746,18973.804697464784,19270.85149274653,28891368
2024-08-09,19345.111328125,19382.24217763332,19085.1972961202,19233.72069415348,17665824
2024-08-12,19196.58984375,19382.2421767295,19085.19729523023,19345.111327222912,17511120
2024-08-13,18862.412109375,19270.851452024304,18713.88871204798,19233.72060269255,35725272
2024-08-14,18899.54296875,19085.19721550744,18788.150420695543,18936.673818101488,19738514
2024-08-15,18713.888671875,18899.54291813523,18713.888671875,18899.54291813523,22789074
2024-08-16,19010.935546875,19085.197245695435,18565.367268505823,18713.88875159326,48182560
2024-08-19,19196.58984375,19567.89642426245,19085.19729523023,19159.45899424341,32776312
2024-08-20,19159.458984375,19456.50386572127,19159.458984375,19307.980467771413,26990739
2024-08-21,19419.373046875,19493.634745967105,19159.459014606084,19196.58986415213,33407365
2024-08-22,19122.328125,19493.63470512921,19085.197275531733,19456.503855660947,32670066
2024-08-23,19345.111328125,19345.111328125,18862.41219907028,19122.32814562852,31646142
2024-08-26,19307.98046875,19605.02726466477,19270.851533814097,19419.37301721804,28696456
2024-08-27,19122.328125,19345.11130725615,19085.197275531733,19307.98045778789,18640406
2024-08-28,19085.197265625,19270.85151286996,19048.066416176007,19196.589813971976,24854689
2024-08-29,19010.935546875,19270.85149274653,19010.935546875,19159.458944515874,21757388
2024-08-30,18936.673828125,19122.3280749807,18936.673828125,19085.19722560956,24492204
2024-09-04,18751.01953125,18899.542928338367,18639.62889798716,18788.150380522093,25235126
2024-09-05,18602.498046875,18825.28122793208,18565.36719760658,18825.28122793208,30523072
2024-09-06,18862.412109375,18862.412109375,18379.71298261562,18602.49807860615,31688448
2024-09-09,19010.935546875,19456.503825244177,18788.150450413694,18862.41214923413,44491656
2024-09-10,18676.759765625,19196.58974139203,18676.759765625,19122.328042774818,19825396
2024-09-11,18825.28125,18973.804647247784,18602.49806868176,18676.75976730565,19566003
2024-09-12,18639.62890625,18973.80463529353,18639.62890625,18862.41208742788,11927292
2024-09-13,18565.3671875,18788.150368435807,18565.3671875,18676.759735244617,16447477
2024-09-16,18453.974609375,18751.0194883182,18453.974609375,18565.36715693624,21098352
2024-09-17,18751.01953125,18751.01953125,18416.843802354604,18491.10550089879,17490528
2024-09-18,18639.62890625,18825.281238139327,18639.62890625,18751.01953956222,20788046
2024-09-19,18751.01953125,18936.67377761046,18713.888681977907,18788.150380522093,18287689
2024-09-20,19048.06640625,19345.1112871337,18899.54300853143,18936.673857961072,73573909
2024-09-23,19085.197265625,19382.24214666349,19085.197265625,19159.458964522983,24758712
2024-09-24,19196.58984375,19196.58984375,19048.06644572364,19085.19729523023,20338560
2024-09-25,19456.50390625,19605.02730450924,19345.11135755557,19382.24220712038,54501757
2024-09-26,19345.111328125,19642.158124191566,19345.111328125,19530.765575666606,34743878
2024-09-27,19345.111328125,19530.765575666606,19233.72069415348,19419.373027141643,40948512
2024-09-30,19567.896484375,19753.55073247828,19419.373085892377,19456.503935513032,50114077
2024-10-01,19864.943359375,20050.59569365412,19790.68165984197,19902.07420914152,50343744
2024-10-02,19530.765625,19827.81242181689,19530.765625,19827.81242181689,37533817
2024-10-03,19456.50390625,19790.681552333288,19382.24220712038,19642.158154074048,39290486
2024-10-04,19456.50390625,19679.28900363886,19382.24220712038,19456.50390625,23199396
2024-10-07,19605.02734375,19679.289043028257,19456.50394519348,19605.02734375,20398488
2024-10-08,20013.46484375,20124.85739304878,19567.896561108337,19605.0274108746,50581053
2024-10-09,20421.904296875,20421.904296875,20087.72664724908,20161.988347165952,60511096
2024-10-10,20236.25,20570.42573429494,20236.25,20496.16594910432,31531024
2024-10-11,20273.380859375,20384.773409043348,20050.595760038304,20310.51170926445,25676455
2024-10-14,20087.7265625,20384.773360914256,20087.7265625,20310.51166131069,24187284
2024-10-15,20161.98828125,20384.773380272258,20161.98828125,20347.642530435216,26612414
2024-10-16,20124.857421875,20273.38082115278,20124.857421875,20161.988271694445,15751956
2024-10-17,20236.25,20236.25,19864.94341583302,20161.98830025591,27273879
2024-10-18,20013.46484375,20273.380792113818,20013.46484375,20236.24994234756,21969565
2024-10-21,19864.943359375,20087.72654342063,19827.812509608484,20013.464843887603,18367140
2024-10-22,19790.681640625,19939.203124993383,19679.289091433617,19790.681640625,24202200
2024-10-23,19642.158203125,19827.81245141267,19567.89650380993,19790.68160175513,19080204
2024-10-24,19642.158203125,19827.81245141267,19567.89650380993,19679.289052782533,21416868
2024-10-25,19642.158203125,19790.68160175513,19642.158203125,19753.550752097603,14747832
2024-10-28,19864.943359375,20013.464843887603,19679.289110542424,19679.289110542424,15751560
2024-10-29,20087.7265625,20161.988262103565,19827.812528440983,19902.07422804455,22015092
2024-10-30,20050.595703125,20124.85740269311,19902.07421854224,20087.72655290905,14607780
2024-10-31,19976.333984375,20087.7265336202,19902.074199431656,20087.7265336202,19206132
2024-11-01,19716.419921875,19939.203105486355,19642.15822248673,19902.07417034568,17623848
2024-11-04,19530.765625,19716.41987301056,19419.373076193668,19716.41987301056,26562888
2024-11-05,19679.2890625,19716.41991217587,19456.503964444782,19530.765663796523,11207215
2024-11-06,20013.46484375,20161.98824281504,19716.41996017337,19790.681659705897,29535660
2024-11-07,20013.46484375,20273.380792113818,20013.46484375,20124.85739304878,21358920
2024-11-08,20050.595703125,20421.90420096554,20050.595703125,20199.11910226121,32687028
2024-11-11,20570.42578125,20570.42578125,20013.464946451448,20087.72664636505,56137884
2024-11-12,20421.904296875,20718.949181989014,20273.380897041257,20607.55663211371,31657824
2024-11-13,20087.7265625,20347.64251111248,19939.20316329287,20199.119111905347,32514636
2024-11-14,19530.765625,20124.857304080328,19530.765625,20087.726454478216,35592876
2024-11-15,19233.720703125,19567.89643430232,19233.720703125,19530.76558477668,37031676
2024-11-18,19159.458984375,19345.11131725888,18936.67388745021,19307.980467771413,29151408
2024-11-19,18899.54296875,19307.980397062915,18899.54296875,19196.589763561893,21506496
2024-11-20,19010.935546875,19307.980427603303,18751.019601003474,18862.41214923413,31297860
2024-11-21,19196.58984375,19270.85154276318,18973.804746710462,19048.06644572364,23908632
2024-11-22,19382.2421875,19493.63473608167,19196.58985441733,19233.72070394456,24355848
2024-11-25,19530.765625,19530.765625,19345.111376989447,19382.24222659156,24907608
2024-11-26,19567.896484375,19679.289033236964,19456.503935513032,19530.765634754345,19226724
2024-11-27,19530.765625,19642.15817380633,19382.24222659156,19567.896474602112,19353312
2024-11-28,19605.02734375,19864.943291223903,19530.76564447174,19642.15819338913,21695520
2024-11-29,19864.943359375,19864.943359375,19530.76571147636,19642.15826077591,27741120
2024-12-02,19976.333984375,20161.988233117,19864.943349683257,20013.4648341234,27031488
2024-12-03,20050.595703125,20050.595703125,19753.550819406028,19939.20315377284,26195136
2024-12-04,19827.8125,19939.20313469211,19790.68165025148,19939.20313469211,17026020
2024-12-05,20681.818359375,20681.818359375,19605.02753826364,19827.8126383088,64873644
2024-12-06,20496.166015625,20718.94920102685,20421.90431563989,20681.818351034297,33895356
2024-12-09,20533.294921875,20718.94917157385,20421.90428660916,20533.294921875,21580323
2024-12-10,20718.94921875,20941.73431889589,20496.166033157577,20570.425818652737,45178742
2024-12-11,20607.556640625,20904.60344041517,20496.16600525716,20718.949190546315,23194446
2024-12-12,20421.904296875,20718.949181989014,20310.51174699969,20607.55663211371,28253728
2024-12-13,20199.119140625,20347.642540043304,20124.857440915846,20273.38084033415,24519633
2024-12-16,20050.595703125,20310.51165161338,19939.20315377284,20199.11910226121,25829469
2024-12-17,20050.595703125,20124.85740269311,19939.20315377284,20050.595703125,18242967
2024-12-18,20310.51171875,20310.51171875,20013.46491949568,20050.595769402466,21699598
2024-12-19,19939.203125,20161.98822338284,19902.074189822983,20050.59567419142,46542315
2024-12-20,19827.8125,20013.46483418915,19827.8125,19939.20313469211,18468027
2024-12-23,20050.595703125,20087.72655290905,19864.943368758188,19864.943368758188,17699695
2024-12-24,19827.8125,19976.33398444063,19753.55080050296,19976.33398444063,19133954
2024-12-25,20161.98828125,20161.98828125,19864.94339710712,19864.94339710712,25917302
2024-12-26,20050.595703125,20199.11910226121,19939.20315377284,20161.988252477164,13840239
2024-12-27,19939.203125,20050.59567419142,19902.074189822983,20050.59567419142,20300583
2024-12-30,19864.943359375,19939.20314435457,19790.68165984197,19902.07420914152,19985842
2024-12-31,19790.681640625,19864.94334008592,19753.55079089454,19864.94334008592,14669727
2025-01-02,20050.595703125,20087.72655290905,19827.812518974137,19827.812518974137,26768596
2025-01-03,19753.55078125,20050.5956643952,19753.55078125,19976.333964970538,17872958
2025-01-06,19345.111328125,19827.812371733173,19345.111328125,19753.55067271653,20130699
2025-01-07,19345.111328125,19605.027274683245,19345.111328125,19419.373027141643,20148150
2025-01-08,19493.634765625,19493.634765625,19270.85158267747,19345.11136729101,17104071
2025-01-09,19307.98046875,19530.76556568608,19233.72068432475,19530.76556568608,12828996
2025-01-10,18973.8046875,19382.24211624445,18973.8046875,19307.98041746302,18841191
2025-01-13,19233.720703125,19345.111337148475,18899.54305739424,18973.80475644552,18751972
2025-01-14,19196.58984375,19307.980477716323,19159.45899424341,19270.85154276318,10389357
2025-01-15,19456.50390625,19493.63475581481,19233.72072341459,19307.98050799076,15644151
2025-01-16,19530.765625,19642.15817380633,19345.111376989447,19530.765625,15356510
2025-01-17,19679.2890625,19679.2890625,19382.24226509305,19530.765663796523,23820746
2025-01-20,19642.158203125,19864.943301070205,19642.158203125,19679.289052782533,13960650
2025-01-21,19530.765625,19753.55072261267,19456.50392579578,19753.55072261267,17171431
2025-01-22,19419.373046875,19605.02729460526,19419.373046875,19605.02729460526,14636186
2025-01-23,19790.681640625,19864.94334008592,19419.37314332039,19456.503993050854,21368450
2025-01-24,19716.419921875,19790.68162126327,19642.15822248673,19790.68162126327,14420102
2025-02-03,19605.02734375,19753.55074230652,19493.63479483261,19679.289043028257,23939520
2025-02-04,19939.203125,20050.59567419142,19642.15824170967,19679.289091440143,24457224
2025-02-05,19902.07421875,20050.595703334307,19864.94336896556,19939.203153980983,21158016
2025-02-06,19902.07421875,20013.464853549867,19864.94336896556,19902.07421875,17905800
2025-02-07,19790.681640625,19902.074189816383,19753.55079089454,19902.074189816383,18859777
2025-02-10,18862.412109375,19679.288880120173,18862.412109375,19679.288880120173,80720006
2025-02-11,19382.2421875,19382.2421875,18899.54305819955,18899.54305819955,42816853
2025-02-12,19196.58984375,19456.50387574268,19196.58984375,19456.50387574268,21629929
2025-02-13,19233.720703125,19307.98048762284,19196.58985359936,19270.85155265064,16764132
2025-02-14,19382.2421875,19530.76558560889,19307.980488445555,19382.2421875,24526497
2025-02-17,19419.373046875,19493.634745967105,19345.11134778289,19419.373046875,24775608
2025-02-18,19716.419921875,19753.55077156913,19530.765673404327,19567.89652309846,33041065
2025-02-19,19679.2890625,19753.550761851737,19605.027363148263,19753.550761851737,18299173
2025-02-20,19716.419921875,19753.55077156913,19679.289072180865,19716.419921875,15721741
2025-02-21,19642.158203125,19753.550752097603,19605.027353467467,19716.419902440062,17349816
2025-02-24,20570.42578125,21015.99598073161,20459.035145933063,21015.99598073161,97800265
2025-02-25,20421.904296875,20570.42578215527,20199.119197124382,20496.16599679187,43782816
2025-02-26,20607.556640625,20756.080040520086,20459.035155283385,20496.16600525716,42661872
2025-02-27,21127.388671875,21127.388671875,20496.166132942035,20644.687619208897,69545256
2025-02-28,20793.2109375,21090.257737961685,20756.08008744229,21090.257737961685,33241032
2025-03-03,20830.341796875,20978.86519717228,20793.21094680068,20830.341796875,29341884
2025-03-04,20681.818359375,20830.34175940512,20533.29495934489,20830.34175940512,36902316
2025-03-05,20459.03515625,20718.949191525207,20459.03515625,20681.81834154968,41508060
2025-03-06,20756.080078125,20756.080078125,20496.16604239117,20496.16604239117,49050672
2025-03-07,20830.341796875,20867.47264694932,20607.556696429085,20793.21094680068,43733197
2025-03-10,20756.080078125,20941.73432833021,20756.080078125,20867.47262824813,31499846
2025-03-11,20904.603515625,20904.603515625,20496.166078997525,20496.166078997525,34436820
2025-03-12,20644.6875,20941.73429992544,20644.6875,20941.73429992544,27483192
2025-03-13,20570.42578125,20830.34173094761,20570.42578125,20681.818331120405,32774808
2025-03-14,20459.03515625,20681.81834154968,20459.03515625,20570.425791623107,25185468
2025-03-17,20681.818359375,20904.603459420166,20607.556659359947,20718.94920938253,26056404
2025-03-18,20496.166015625,20830.34175100451,20496.166015625,20718.94920102685,24739162
2025-03-19,20236.25,20496.16594910432,20124.857450383868,20496.16594910432,51157656
2025-03-20,20161.98828125,20384.773380272258,20087.72658157592,20273.38083076113,33029713
2025-03-21,20161.98828125,20236.249980924087,20087.72658157592,20124.85743141296,29329621
2025-03-24,20161.98828125,20236.249980924087,19976.334032064788,20161.98828125,25726536
2025-03-25,20199.119140625,20347.642540043304,20124.857440915846,20236.249990479577,42452520
2025-03-26,20459.03515625,20756.08004150073,20161.9883564458,20199.11920642132,58383600
2025-03-27,20421.904296875,20570.42578215527,20384.773446916563,20570.42578215527,28475964
2025-03-28,20161.98828125,20421.9042301093,20124.85743141296,20384.773380272258,23063568
2025-03-31,19864.943359375,20124.857393187147,19864.943359375,20087.72654342063,36220140
2025-04-01,20050.595703125,20087.72655290905,19864.943368758188,19902.07421854224,19032552
2025-04-02,20236.25,20347.642549616136,20124.857450383868,20161.98830025591,22271568
2025-04-03,18825.28125,19642.15802030937,18825.28125,19159.45889380751,107497896
2025-04-04,18268.3203125,18453.97455791771,17525.70524538258,17525.70524538258,96868992
2025-04-08,17005.875,17822.751752182176,17005.875,17451.445181855765,48337608
2025-04-09,15817.6923828125,16560.307471132397,15817.6923828125,15817.6923828125,102369960
2025-04-10,16894.482421875,16894.482421875,16894.482421875,16894.482421875,4587803
2025-04-11,18045.537109375,18045.537109375,17451.445439354786,17971.275411303297,101478168
2025-04-14,18825.28125,19122.328044495564,18379.712972810084,18416.84382212203,72880209
2025-04-15,19196.58984375,19419.37302623609,18602.498166198013,18676.759865211192,66985776
2025-04-16,18936.673828125,19307.980407282965,18602.498098338176,19233.720623094123,34434180
2025-04-17,18936.673828125,19010.93552686728,18416.84385148248,18713.88873189816,32592120
2025-04-18,18899.54296875,19122.32806485892,18899.54296875,19048.066366155945,27827844
2025-04-21,18528.236328125,18899.542905850685,18528.236328125,18899.542905850685,25180584
2025-04-22,18602.498046875,18639.62889614342,17377.183850124035,18416.843800532904,63026040
2025-04-23,18973.8046875,19085.19723567216,18825.28128993713,18936.673838109284,29613276
2025-04-24,19010.935546875,19085.197245695435,18713.88875159326,19085.197245695435,28512079
2025-04-25,19085.197265625,19085.197265625,18751.01962058408,18899.54301838004,38984880
2025-04-28,19048.06640625,19085.197255679643,18825.281309672144,19085.197255679643,18062959
2025-04-29,18936.673828125,19085.19722560956,18862.41212938272,19048.06637623842,36849912
2025-05-05,19085.197265625,19122.32811507399,18825.28131948206,19048.066416176007,17072946
2025-05-06,18899.54296875,19345.1112464144,18899.54296875,19122.32806485892,27975024
2025-05-07,18862.412109375,18936.673808038508,18825.281260043244,18825.281260043244,15645471
2025-05-08,19085.197265625,19196.589813971976,18788.150470033062,18862.41216893105,27159198
2025-05-09,19048.06640625,19122.328105109285,18936.673857961072,19085.197255679643,14552630
2025-05-12,18862.412109375,19122.32805469729,18379.71298261562,18973.804657370263,86996791
2025-05-13,19159.458984375,19307.980467771413,19010.93558642514,19010.93558642514,28121530
2025-05-14,19419.373046875,19716.419843243417,19196.58986415213,19233.720713698185,59163297
2025-05-15,19419.373046875,19456.50389642105,19196.58986415213,19456.50389642105,29884377
2025-05-16,19159.458984375,19456.50386572127,19159.458984375,19419.373016233807,24810667
2025-05-19,19048.06640625,19270.851502827856,18973.804707390715,19122.328105109285,21351778
2025-05-20,19048.06640625,19159.458954538928,19010.93555682036,19010.93555682036,27379545
2025-05-21,19122.328125,19382.242156724416,19048.06642606347,19122.328125,28153989
2025-05-22,19048.06640625,19270.851502827856,18973.804707390715,19122.328105109285,35053656
2025-05-23,19010.935546875,19196.58979392609,18973.804697464784,19122.32809510565,14648145
2025-05-26,18973.8046875,19048.06638628144,18602.498108146265,19048.06638628144,36239200
2025-05-27,18973.8046875,19419.37296563517,18973.8046875,18973.8046875,35386296
2025-05-28,19010.935546875,19233.72064333631,18973.804697464784,19122.32809510565,20621330
2025-05-29,18973.8046875,19159.458934453585,18936.673838109284,19085.19723567216,21838713
2025-05-30,19122.328125,19790.681500875336,19048.06642606347,19048.06642606347,85819166
2025-06-02,18973.8046875,19048.06638628144,18825.28128993713,19010.93553689072,29502686
2025-06-03,19307.98046875,19456.503866707382,19122.32813585671,19159.458985346057,41662275
2025-06-04,19270.8515625,19605.02729384812,19270.8515625,19382.24219658041,34331642
2025-06-05,19122.328125,19345.11130725615,19085.197275531733,19307.98045778789,25752474
2025-06-06,19345.111328125,19679.288973699888,19233.72069415348,19345.111328125,55796241
2025-06-09,19530.765625,19605.027324204224,19270.85159233868,19382.24222659156,33343068
2025-06-10,19456.50390625,19939.20303603908,19456.50390625,19679.28900363886,43222938
2025-06-11,19382.2421875,19567.89643513612,19307.980488445555,19530.76558560889,22696542
2025-06-12,19902.07421875,20124.85740290319,19419.37317155226,19419.37317155226,73175124
2025-06-13,19605.02734375,19864.943291223903,19530.76564447174,19753.55074230652,51178327
2025-06-16,19864.943359375,20050.59569365412,19567.89656124288,19567.89656124288,42218484
2025-06-17,19939.203125,20124.857373652365,19864.943340092508,19976.33397473047,35298700
2025-06-18,20161.98828125,20199.11913108704,19902.07424694416,19976.334032064788,43920558
2025-06-19,19976.333984375,20199.1190828654,19902.074199431656,20161.988233117,30838816
2025-06-20,20050.595703125,20124.85740269311,19939.20315377284,20050.595703125,31619781
2025-06-23,19939.203125,20050.59567419142,19753.55079090109,19939.203125,32646490
2025-06-24,20050.595703125,20199.11910226121,20013.464853340945,20087.72655290905,36816793
2025-06-25,20199.119140625,20384.77338989788,20013.46489135212,20124.857440915846,60280981
2025-06-26,20317.9375,20629.835478639583,20273.380098893376,20540.720676426336,45512423
2025-06-27,20362.494140625,20451.60894788895,20273.38124791456,20451.60894788895,20429145
2025-06-30,20228.82421875,20451.60932648048,20228.82421875,20407.051922023675,21978935
2025-07-01,20184.265625,20407.05071960358,20139.71013772202,20273.3804286628,24483602
2025-07-02,20407.05078125,20407.05078125,20095.152796594848,20184.265685973423,29447297
2025-07-03,20585.279296875,21075.40499441964,20496.16640393666,20496.16640393666,52872985
2025-07-04,20718.94921875,20718.94921875,20585.278924483853,20629.836327423724,23593053
2025-07-07,21030.84765625,21119.962464019714,20852.61995526408,21119.962464019714,39946742
2025-07-08,22011.09765625,22100.21245835914,20986.290833868617,21075.403721424365,85285882
2025-07-09,22055.65625,22367.5542451416,21921.98595416124,22100.213653464085,51453534
2025-07-10,22412.111328125,22456.668730951937,21877.428237862143,22144.76882571684,94665945
2025-07-11,23169.578125,23392.363229596474,22322.99702499761,22501.22472576409,72243611
2025-07-14,22946.794921875,23570.59091692529,22768.56722121013,23347.805812455827,54723537
2025-07-15,22724.009765625,23169.57805899512,22724.009765625,22991.350358736367,52937082
2025-07-16,23258.69140625,23347.804293508227,22634.893537228872,22679.45093813468,57447632
2025-07-17,23169.578125,23481.47612270296,23080.46523189352,23347.80582576648,63185727
2025-07-18,23080.46484375,23258.692541519227,22946.794549061447,23169.577735357874,45074205
2025-07-21,23347.8046875,24060.715455809648,23258.691798738004,23526.032379577413,63082129
2025-07-22,23570.58984375,23570.58984375,23169.577056873888,23303.24734764812,35434223
2025-07-23,23526.033203125,24016.15889485677,23526.033203125,23659.703498223946,47734731
2025-07-24,23169.578125,23570.590930362952,23080.46523189352,23526.03352653296,57395217
2025-07-25,23214.134765625,23436.91986289703,23080.464473083164,23169.577363259905,56407450
2025-07-28,23481.474609375,23927.04478985196,23169.57663177316,23258.691433689903,111121450
2025-07-29,22590.33984375,23704.26155292741,22590.33984375,23570.591254154693,91094982
2025-07-30,22634.89453125,22946.794436734475,22367.55394318156,22813.122228146785,56791493
2025-07-31,22233.8828125,22813.12136970305,22055.65512230981,22679.451080698767,95545527
2025-08-01,22412.111328125,22545.78162205235,22100.213337443365,22144.76882571684,56164361
2025-08-04,22545.78125,22679.451541721508,22233.88326446533,22367.55355618684,43193744
2025-08-05,23526.033203125,24105.27178673824,22679.4521147604,22679.4521147604,237143390
2025-08-06,24149.828125,24684.511196370862,23748.81725738689,23837.93014533868,105970161
2025-08-07,25397.421875,25441.977361553232,24060.71515822841,24372.613136868,155466190
2025-08-08,24951.853515625,25531.094028661013,24595.398109841844,25486.536624299733,132849970
2025-08-11,25085.5234375,25352.865945100024,24773.62544076122,25085.5234375,74545229
2025-08-12,25397.421875,25932.10303006592,25085.52198180702,25263.749671680125,92848745
2025-08-13,25040.966796875,25486.535069647984,24818.1817032118,25441.97766800466,87543797
2025-08-14,25130.080078125,25352.86517526797,24951.852383321315,25130.080078125,85547396
2025-08-15,24951.853515625,25664.76432719131,24818.1832170947,25352.866325769435,119613010
2025-08-18,25308.30859375,25664.76399491825,25130.08089316588,25219.19570073469,76011606
2025-08-19,25085.5234375,25575.64913445429,25040.96794836125,25486.53624162329,69489244
2025-08-20,24417.171875,25174.638162522675,24105.271964728137,25130.0807589762,115338080
2025-08-21,24417.171875,24773.62535971135,24328.05706790704,24461.727363992984,77918390
2025-08-22,23169.578125,24149.829521938875,23169.578125,24016.1592250024,149940560
2025-08-25,23125.01953125,23837.930297632403,23035.906642728904,23615.14520449955,75358569
2025-08-26,24238.943359375,24238.943359375,23258.69200167312,23258.69200167312,57287417
2025-08-27,23837.931640625,24283.49993743993,23837.931640625,24283.49993743993,99171314
2025-08-28,24149.828125,24506.28350591391,23927.044947843857,24016.157835795635,69560744
2025-08-29,24506.28515625,24818.183156915587,24105.272347077946,24238.944559837644,95776945
2025-09-03,25085.5234375,25842.99164205432,24283.49974380693,24417.17195488369,136347530
2025-09-04,26600.45703125,26645.01443343336,25263.75028217698,25352.865086543683,156844930
2025-09-05,25664.763671875,26823.24275381324,25664.763671875,26734.127947366112,115072980
2025-09-08,25753.876953125,26511.345161163303,25531.09376274604,25575.649252089723,155845800
2025-09-09,25709.3203125,26065.773784054803,25130.079831435767,26021.218296706345,85185100
2025-09-10,25709.3203125,26021.218296706345,25308.307524489883,25709.3203125,58297360
2025-09-11,25976.662109375,26021.21951336022,24951.85330503601,25575.64930261504,82354690
2025-09-12,26734.126953125,26823.24175625795,25976.660699262,26021.21810082847,119846540
2025-09-15,27046.025390625,27491.595584689392,26823.242208146246,26956.91250054419,105926876
2025-09-16,26689.572265625,27224.25344222596,26511.344568573524,27224.25344222596,75522084
2025-09-17,26021.21875,26956.91271891897,26021.21875,26645.01472927931,148685900
2025-09-18,25976.662109375,26199.44721474759,25486.53640919812,26154.889810762368,83462302
2025-09-19,26065.7734375,26199.445641428432,25664.76256937491,26110.33083880948,54894356
2025-09-22,25308.30859375,26065.774885317394,25219.19570073469,26065.774885317394,73092690
2025-09-23,25531.09375,25709.321450946296,25352.8660490537,25441.97894225009,30720481
2025-09-24,25887.548828125,25887.548828125,25174.63803325596,25531.09343069048,34019964
2025-09-25,25664.763671875,26110.33196045017,25620.20626865144,25976.66166533297,42458295
2025-09-26,25441.978515625,26021.219012625825,25441.978515625,25709.32101983826,43325524
2025-09-29,25486.53515625,25753.87573791152,25308.30746362451,25441.97775445527,47918574
2025-09-30,25085.5234375,25486.53624162329,24862.74024814573,25441.97883793103,62312822
2025-10-01,25219.1953125,25397.42301034041,25040.967614659585,25219.1953125,32968188
2025-10-02,25040.966796875,25531.092471291307,24996.40939523168,25263.749975984785,36634037
2025-10-03,24639.955078125,25040.967881172302,24372.614485795795,25040.967881172302,66856713
2025-10-06,26021.21875,26021.21875,25040.967378402944,25040.967378402944,81662471
2025-10-07,25842.990234375,26154.88821412456,25842.990234375,26021.21792488237,48808936
2025-10-08,26021.21875,26199.44644615887,25620.205955004178,26065.77423812462,68418636
2025-10-09,25798.43359375,26199.44638785339,25709.32070314561,26199.44638785339,48713808
2025-10-10,26377.673828125,26511.3441200136,25753.87594172248,25842.990746017167,75336701
2025-10-13,25842.990234375,26065.773411594168,25709.31994513282,25887.547635640192,97118934
2025-10-14,25263.75,26065.77365757513,25219.194512867736,25887.547879939244,96404077
2025-10-15,25174.63671875,25575.64758400974,25130.0793177589,25308.30700716991,44251625
2025-10-16,25174.63671875,25664.76238599194,24951.85162834789,25174.63671875,52210015
2025-10-17,24951.853515625,25531.094028661013,24951.853515625,25219.196027239133,52286872
2025-10-20,23214.134765625,25174.637495047817,23214.134765625,24862.739507599046,113624390
2025-10-21,23882.48828125,24060.715977189488,23169.57749749205,23436.919998678008,84302713
2025-10-22,23793.373046875,23971.60073960004,23303.247370519497,23971.60073960004,42963041
2025-10-23,23615.146484375,24060.71669478938,23615.146484375,23837.93158958219,25916077
2025-10-24,23526.033203125,23793.37379332288,23258.69261292712,23615.146095006465,33930490
2025-10-27,23392.36328125,23927.046384730085,23392.36328125,23837.93157687332,30951404
2025-10-28,23882.48828125,23882.48828125,23303.2477908083,23481.475486747782,31643073
2025-10-29,24283.5,24550.84251042052,23971.60199997067,23971.60199997067,48629218
2025-10-30,23971.6015625,24417.171766884898,23971.6015625,24417.171766884898,26789521
2025-10-31,23793.373046875,24149.82843232508,23793.373046875,23971.60073960004,22828366
2025-11-03,23214.134765625,23971.60103306438,23214.134765625,23837.930740522545,33556138
2025-11-04,23837.931640625,23927.0464487201,23125.02083407829,23303.248535714967,42642941
2025-11-05,23436.919921875,23837.93080050964,23392.36251939778,23570.59021475321,26794680
2025-11-06,23258.69140625,23615.14486983629,23258.69140625,23481.47458167226,23645996
2025-11-07,23214.134765625,23659.70304561561,23169.577363259905,23303.247655801744,62969896
2025-11-10,23570.58984375,23837.930425298466,23258.691860425653,23347.804749424,53876999
2025-11-11,23704.259765625,23971.60034301296,23570.58947693102,23704.259765625,36824788
2025-11-12,24060.716796875,24149.82969060386,23748.81879699372,23748.81879699372,38776067
2025-11-13,23659.703125,24105.271406485605,23659.703125,24060.715918524464,22140030
2025-11-14,23971.6015625,24016.158965849187,23615.14616481348,23615.14616481348,33052800
2025-11-17,24328.056640625,24372.614043388905,24105.271541358947,24105.271541358947,35871715
2025-11-18,24506.28515625,24595.39805020294,24194.38715558441,24283.50004953736,44976426
2025-11-19,24595.396484375,25263.749847409726,24461.726194678737,24506.28359609529,64418057
2025-11-20,24283.5,24773.62570212516,24194.387106228845,24684.512808354008,25926494
2025-11-21,24417.171875,24461.727363992984,23971.6016686422,24194.386771821097,25687288
2025-11-24,24149.828125,24550.8409071665,24149.828125,24417.17061796213,18410469
2025-11-25,23971.6015625,24372.61436353571,23971.6015625,24194.38666469245,30850941
2025-11-26,24149.828125,24238.942927505177,23927.044947843857,24016.157835795635,31349131
2025-11-27,23971.6015625,24328.056960186525,23971.6015625,24238.94406804164,20877659
2025-11-28,23659.703125,24105.271406485605,23659.703125,23971.601113495268,30747288
2025-12-01,23615.146484375,23837.93158958219,23615.146484375,23748.81869623142,29750655
2025-12-02,23615.146484375,23748.81869623142,23347.805889769184,23659.70388832714,30459759
2025-12-03,23882.48828125,23927.045683873235,23570.59029199426,23704.260585310512,25826526
2025-12-04,24328.056640625,24461.726934363247,23971.601247620703,24016.158650384605,38708296
2025-12-05,24060.716796875,24372.61479675629,24060.716796875,24372.61479675629,19815059
2025-12-08,23837.931640625,24149.829639850806,23837.931640625,23971.601938214128,26782283
2025-12-09,23526.033203125,23971.601491639296,23526.033203125,23793.37379332288,45177770
2025-12-10,23748.818359375,24060.71635350896,23704.260956054863,23748.818359375,37916153
2025-12-11,23659.703125,23971.601113495268,23615.14572248541,23793.373417990337,19176916
2025-12-12,23169.578125,23793.37412040592,23169.578125,23704.26122729944,57052259
2025-12-15,23392.36328125,23526.03357848164,23214.13558008997,23392.36328125,28770511
2025-12-16,23793.373046875,24016.15814141965,23392.36217415873,23481.475063244536,33382294
2025-12-17,23526.033203125,23793.37379332288,23526.033203125,23793.37379332288,23813229
2025-12-18,23526.033203125,23659.703498223946,23392.36290802606,23526.033203125,22013420
2025-12-19,23793.373046875,23793.373046875,23526.032465064152,23526.032465064152,38191329
2025-12-22,23971.6015625,24149.82926134326,23704.26097151185,23793.37386365674,64279556
2025-12-23,23837.931640625,24238.9444479459,23748.81874708342,24105.27223580325,34515723
2025-12-24,23659.703125,23927.045625534127,23615.14572248541,23927.045625534127,41073989
2025-12-25,23392.36328125,23748.81868357005,23392.36328125,23659.703875713287,45135365
2025-12-26,23971.6015625,24684.512357873045,23748.818374861043,24149.82926134326,105576603
2025-12-29,23793.373046875,24060.715543239272,23748.817559608808,24060.715543239272,19985592
2025-12-30,23615.146484375,23927.046397486472,23615.146484375,23793.374185630048,27218312
2025-12-31,23526.033203125,23704.260901441416,23481.475799907526,23570.59060634248,24062170
2026-01-05,23125.01953125,23659.702606036804,22902.23635267056,23526.032315978453,65444566
2026-01-06,23125.01953125,23347.80462438285,22590.338371016605,23169.57693278725,55239448
2026-01-07,23704.259765625,23837.93005431898,23125.01929521324,23125.01929521324,42431136
2026-01-08,23526.033203125,23882.48859975783,23526.033203125,23793.37379332288,46256364
2026-01-09,23347.8046875,23882.48776373224,23347.8046875,23882.48776373224,38637467
2026-01-12,24506.28515625,24595.39805020294,23481.476345746763,23481.476345746763,91968811
2026-01-13,24283.5,24862.740510449843,24060.71680829535,24729.070212516348,50430941
2026-01-14,24283.5,24595.39800002933,24060.71680829535,24461.727702095835,59911445
2026-01-15,24595.396484375,24862.738978320936,24283.49850356592,24283.49850356592,65194173
2026-01-16,24595.396484375,25174.63695913002,24328.05590498248,24773.62417548782,73000653
2026-01-19,24684.51171875,25130.079997044904,24639.95431655448,24862.739412978648,44702746
2026-01-20,24283.5,24907.297914612183,24149.829702066505,24818.183106287503,50464579
2026-01-21,23882.48828125,24283.49916119876,23748.817987933748,24194.38627050574,41570133
2026-01-22,23927.044921875,24328.05578905287,23927.044921875,23971.600408525832,30648728
2026-01-23,23837.931640625,24194.38704389836,23837.931640625,24149.829639850806,27217740
2026-01-26,23436.919921875,23882.48820298686,23303.247714443336,23837.93080050964,37579685
2026-01-27,23570.58984375,23659.70273274835,23347.804749424,23481.47504019823,23306074
2026-01-28,23793.373046875,24149.82843232508,23659.70275596957,23659.70275596957,36247189
2026-01-29,24149.828125,24149.828125,23882.487546591263,23882.487546591263,31413800
2026-01-30,23882.48828125,24506.284259761484,23837.930878626765,24328.056563821992,61935357
2026-02-02,23659.703125,23882.48822301953,23392.36253901933,23882.48822301953,48683107
2026-02-03,23837.931640625,24149.829639850806,23748.81874708342,23748.81874708342,35836900
2026-02-04,25219.1953125,25486.53590198388,23927.04593907211,23927.04593907211,160613090
2026-02-05,24550.841796875,25263.750669984835,24550.841796875,25219.19518167098,36326895
2026-02-06,23882.48828125,25040.96734757995,23882.48828125,24372.61396644523,77153087
2026-02-09,23837.931640625,24328.05734148748,23793.37423657745,24105.27223580325,34281093
2026-02-10,23659.703125,24016.158516009866,23526.032832009663,23971.601113495268,36235265
2026-02-11,23927.044921875,24149.82809878935,23615.145027998795,23748.81723161148,35442968
2026-02-12,23971.6015625,24149.82926134326,23837.931267005926,24060.716369198377,16170187
2026-02-13,23927.044921875,24194.38549999358,23882.48752067077,23971.600408525832,26504192
2026-02-23,24506.28515625,24506.28515625,24149.829751331177,24149.829751331177,40096617
2026-02-24,25219.1953125,25308.308204143468,24372.614226396407,24506.284521138343,110128810
2026-02-25,26110.33203125,26466.78742889808,25308.30834381856,25308.30834381856,150375390
2026-02-26,26199.447265625,26333.117563286727,25664.764160424576,26288.560159214976,61006352
2026-02-27,25664.763671875,26199.446766897297,25664.763671875,26154.88936367373,55120846
2026-03-02,25397.421875,26065.7733188324,24996.40909414717,25130.07938291365,95711803
2026-03-03,24684.51171875,25709.320481926374,24595.39691435896,25664.76307973085,76602966
2026-03-04,24684.51171875,24818.182010783126,23882.4880519978,24595.39691435896,75194383
2026-03-05,24283.5,25085.523702154493,24149.829702066505,24907.297914612183,52882533
2026-03-06,24283.5,24595.39800002933,23927.04651036185,24060.71680829535,48949065
2026-03-09,22590.33984375,23303.248742055708,22590.33984375,22724.01014252273,134947450
2026-03-10,24149.828125,24149.828125,23303.24707396781,23882.487546591263,102064512
2026-03-11,24417.171875,24639.955063625406,24016.159072188675,24194.386771821097,55083226
2026-03-12,23882.48828125,24194.38627050574,23748.817987933748,24060.715977189488,48608483
2026-03-13,23748.818359375,24238.944052235995,23615.1461494146,23793.373848141644,32239977
2026-03-16,23837.931640625,24016.159342261675,23659.70393898832,23748.81874708342,22084073
2026-03-17,23971.6015625,24372.61436353571,23971.6015625,24060.716369198377,26900654
2026-03-18,23882.48828125,24194.38627050574,23748.817987933748,23971.601171943017,25459676
2026-03-19,23793.373046875,23927.04525233385,23481.475063244536,23615.14535414996,41170250
2026-03-20,23080.46484375,23659.70342558488,23080.46484375,23615.146022504203,70132524
2026-03-23,22724.009765625,23347.805759253864,22501.22466166319,22857.680062180683,48667652
2026-03-24,23125.01953125,23436.91942745736,23035.906642728904,23169.57693278725,31347701
2026-03-25,23481.474609375,23526.03201033337,23258.691433689903,23436.91912297001,25295138
2026-03-26,23080.46484375,23481.47572781565,23080.46484375,23436.92023928845,20900242
2026-03-27,23615.146484375,23793.374185630048,23035.907891211227,23125.020784561995,29578560
2026-03-30,23971.6015625,24149.82926134326,23125.020471632884,23303.248170476145,51735068
2026-03-31,23971.6015625,24283.49955683733,23882.48867035512,24105.27185799408,28294442
2026-04-01,24194.38671875,24461.727310335467,24149.82931530126,24372.61441799148,41092865
2026-04-02,24372.61328125,24506.283570808337,23837.93020846325,24060.71530076275,55020768
2026-04-03,23748.818359375,24417.17175096304,23704.260956054863,24372.614347642902,36147925
2026-04-06,23927.044921875,24149.82809878935,23704.259830407253,23748.81723161148,43693804
2026-04-07,23882.48828125,24149.828867882505,23837.930878626765,23882.48828125,16191142
2026-04-08,24951.853515625,24996.41091998628,24417.1723215038,24506.285215672822,96674589
2026-04-09,25174.63671875,25486.53469658093,24639.95365051696,24862.738740919074,57328689
2026-04-10,24951.853515625,25486.536624299733,24951.853515625,25486.536624299733,39631614
2026-04-13,24773.625,25085.522991189628,24773.625,24818.18240289951,26221162
2026-04-14,25441.978515625,25664.76361671047,24907.297336305444,25040.967631135336,68611257
2026-04-15,24996.41015625,25620.2061400344,24996.41015625,25575.64873703452,33154539
2026-04-16,24907.296875,25130.080057405845,24729.069180343256,24996.40976505165,30813409
2026-04-17,24951.853515625,25174.638622877854,24862.740621455978,24907.298025817254,23562484
2026-04-20,25352.865234375,25352.865234375,24996.409843936595,25085.52273426947,29293880
2026-04-21,25441.978515625,26244.00219915781,25397.42302705069,25976.66160949804,110154660
2026-04-22,25130.080078125,25575.64835785749,24996.4097856606,25441.97806539309,30433667
2026-04-23,24773.625,25263.7506882342,24595.39730295543,25130.08039408914,45301707
2026-04-24,24862.740234375,24907.29763804257,24506.2848341414,24862.740234375,26355538
2026-04-28,24729.0703125,24951.8535051054,24684.512908157507,24773.62580228896,15561799
2026-04-29,24729.0703125,24862.740610973942,24595.39809947252,24639.955503815014,18984702
2026-05-04,24595.396484375,24907.29637973749,24417.170707815585,24729.06868862467,35916309
2026-05-05,24328.056640625,24684.512033629297,24238.94374965065,24639.954630865395,40994756
2026-05-06,24595.396484375,24773.62417548782,24328.05590498248,24417.170707815585,30678560
2026-05-07,24729.0703125,24862.740610973942,24595.39809947252,24773.62580228896,30120442
2026-05-08,24818.181640625,24862.73904215596,24550.84106054608,24729.06875211649,22880473
2026-05-11,24545.455078125,25000.0,24545.455078125,25000.0,33459767
2026-05-12,24454.544921875,24727.2734375,24409.091796875,24545.455078125,24366716
2026-05-13,24636.36328125,24772.7265625,24363.63671875,24500.0,24824954
2026-05-14,24590.908203125,24909.091796875,24590.908203125,24818.181640625,19535395
2026-05-15,24136.36328125,24636.36328125,24045.455078125,24590.908203125,83583357
2026-05-18,24045.455078125,24272.7265625,23863.63671875,24090.908203125,31821625
2026-05-19,23863.63671875,24227.2734375,23863.63671875,24090.908203125,28065301
2026-05-20,23818.181640625,24000.0,23409.091796875,23909.091796875,45223244
2026-05-21,24136.36328125,24272.7265625,23909.091796875,23954.544921875,36740935
2026-05-22,23954.544921875,24227.2734375,23954.544921875,24181.818359375,28410492
2026-05-25,24100.0,24350.0,24100.0,24250.0,27274400
2026-05-26,24250.0,24250.0,24000.0,24100.0,20723700
2026-05-27,24150.0,24500.0,24150.0,24400.0,23114500
