Price,Close,High,Low,Open,Volume
Ticker,HTT,HTT,HTT,HTT,HTT
Date,,,,,
2017-10-18,29.18000030517578,35.45000076293945,29.18000030517578,34.349998474121094,33472500
2017-10-19,34.900001525878906,34.90999984741211,28.48600006103516,29.01000022888184,15689000
2017-10-20,33.0,34.79999923706055,32.099998474121094,34.77000045776367,9158600
2017-10-23,26.59000015258789,31.88999938964844,26.299999237060547,31.88999938964844,13718300
2017-10-24,28.450000762939453,29.57999992370605,26.5,26.6200008392334,10416400
2017-10-25,26.38999938964844,28.989999771118164,26.0,28.739999771118164,5833300
2017-10-26,22.799999237060547,26.65999984741211,22.71999931335449,26.65999984741211,10094400
2017-10-27,23.270000457763672,25.799999237060547,23.190000534057617,23.89999961853028,5194900
2017-10-30,22.190000534057617,23.940000534057617,22.100000381469727,22.799999237060547,3065900
2017-10-31,24.89999961853028,25.0,21.89999961853028,22.64999961853028,5176000
2017-11-01,27.049999237060547,28.14999961853028,25.76000022888184,25.89999961853028,7396100
2017-11-02,25.270000457763672,26.790000915527344,25.030000686645508,25.489999771118164,3003000
2017-11-03,25.020000457763672,26.39999961853028,25.0,25.489999771118164,1677200
2017-11-06,27.100000381469727,27.5,25.600000381469727,25.89999961853028,2946600
2017-11-07,27.520000457763672,28.0,27.299999237060547,27.450000762939453,2282600
2017-11-08,26.01000022888184,27.59000015258789,25.739999771118164,27.5,2821300
2017-11-09,25.46999931335449,26.100000381469727,24.559999465942383,25.959999084472656,3242600
2017-11-10,27.51000022888184,27.600000381469727,26.01000022888184,26.46999931335449,3158900
2017-11-13,27.229999542236328,29.299999237060547,26.5,28.75,8123800
2017-11-14,25.15999984741211,27.920000076293945,25.11000061035156,27.290000915527344,3461600
2017-11-15,24.979999542236328,26.11899948120117,24.799999237060547,24.920000076293945,3306100
2017-11-16,23.309999465942383,25.809999465942383,23.0,25.479999542236328,5561500
2017-11-17,21.200000762939453,23.6299991607666,21.14999961853028,23.6299991607666,7230800
2017-11-20,20.07999992370605,21.46999931335449,19.65999984741211,21.15999984741211,9550800
2017-11-21,19.309999465942383,19.420000076293945,16.0,16.989999771118164,31515000
2017-11-22,16.149999618530273,19.11000061035156,16.100000381469727,19.07999992370605,17509900
2017-11-24,12.220000267028809,14.539999961853027,12.029999732971191,14.40999984741211,24410300
2017-11-27,13.510000228881836,14.779999732971191,12.989999771118164,12.989999771118164,18313900
2017-11-28,13.760000228881836,14.600000381469728,13.399999618530272,14.199999809265137,7936500
2017-11-29,14.119999885559082,14.470000267028809,13.039999961853027,14.279999732971191,7472000
2017-11-30,13.600000381469728,14.720000267028809,13.600000381469728,14.34000015258789,4915100
2017-12-01,13.779999732971191,14.720000267028809,12.899999618530272,13.039999961853027,12390200
2017-12-04,12.449999809265137,14.59000015258789,12.199999809265137,14.229999542236328,8635200
2017-12-05,11.850000381469728,12.859999656677246,11.5,12.850000381469728,9553600
2017-12-06,11.489999771118164,12.380000114440918,11.329999923706056,11.640000343322754,7133800
2017-12-07,11.829999923706056,11.970000267028809,11.479999542236328,11.5,2877800
2017-12-08,13.649999618530272,13.850000381469728,12.0600004196167,12.109999656677246,10434500
2017-12-11,14.050000190734863,14.800000190734863,13.529999732971191,13.529999732971191,7407700
2017-12-12,13.1899995803833,14.869999885559082,13.0,14.270000457763672,6356600
2017-12-13,13.979999542236328,14.600000381469728,13.289999961853027,13.3100004196167,6570800
2017-12-14,12.729999542236328,14.010000228881836,12.5600004196167,14.010000228881836,6158300
2017-12-15,12.93000030517578,13.399999618530272,12.75,13.140000343322754,2463100
2017-12-18,13.270000457763672,13.619999885559082,13.0600004196167,13.119999885559082,2007800
2017-12-19,12.859999656677246,13.600000381469728,12.729999542236328,13.270000457763672,3336700
2017-12-20,12.4399995803833,13.050000190734863,11.979999542236328,12.920000076293944,3632900
2017-12-21,12.539999961853027,12.800000190734863,12.177000045776367,12.420000076293944,2152400
2017-12-22,13.06999969482422,13.170000076293944,12.5,12.670000076293944,2699900
2017-12-26,12.350000381469728,13.244999885559082,12.300000190734863,13.0,3142000
2017-12-27,12.4399995803833,12.600000381469728,12.300000190734863,12.300000190734863,1139700
2017-12-28,12.40999984741211,12.649999618530272,12.25,12.579999923706056,1678900
2017-12-29,12.539999961853027,12.850000381469728,12.329999923706056,12.329999923706056,1621900
2018-01-02,12.579999923706056,12.949999809265137,12.399999618530272,12.65999984741211,3094500
2018-01-03,12.5,12.609999656677246,12.25,12.5600004196167,2248700
2018-01-04,12.050000190734863,12.442999839782717,12.0,12.270000457763672,2997600
2018-01-05,13.0,13.300000190734863,12.050000190734863,12.050000190734863,4922400
2018-01-08,12.829999923706056,13.020000457763672,12.550000190734863,13.020000457763672,2957500
2018-01-09,12.270000457763672,13.010000228881836,12.25,13.010000228881836,4078600
2018-01-10,11.979999542236328,12.399999618530272,11.979999542236328,12.220000267028809,4868500
2018-01-11,12.18000030517578,12.4399995803833,11.800000190734863,11.800000190734863,3911700
2018-01-12,12.0,12.300000190734863,11.960000038146973,12.199999809265137,1926700
2018-01-16,12.3100004196167,12.56999969482422,12.15999984741211,12.43000030517578,4931700
2018-01-17,12.1899995803833,12.510000228881836,12.020000457763672,12.329999923706056,2193700
2018-01-18,12.350000381469728,12.470000267028809,12.149999618530272,12.300000190734863,1598400
2018-01-19,12.399999618530272,12.449999809265137,12.220000267028809,12.34000015258789,2214500
2018-01-22,12.640000343322754,12.699999809265137,12.199999809265137,12.25,2073200
2018-01-23,13.050000190734863,13.220000267028809,12.43000030517578,12.510000228881836,4246200
2018-01-24,13.960000038146973,14.300000190734863,13.18000030517578,13.59000015258789,8331800
2018-01-25,14.470000267028809,14.779999732971191,14.180999755859377,14.289999961853027,5661700
2018-01-26,13.34000015258789,14.75,13.199999809265137,14.470000267028809,6479700
2018-01-29,13.770000457763672,14.0,13.449999809265137,13.5,4623900
2018-01-30,13.920000076293944,13.949999809265137,13.260000228881836,13.300000190734863,3555700
2018-01-31,13.989999771118164,14.25,13.449999809265137,14.09000015258789,1354400
2018-02-01,14.210000038146973,14.300000190734863,13.789999961853027,13.800000190734863,3976200
2018-02-02,13.779999732971191,14.390000343322754,13.649999618530272,14.100000381469728,2666500
2018-02-05,13.350000381469728,13.979999542236328,13.260000228881836,13.489999771118164,1935700
2018-02-06,13.260000228881836,13.390000343322754,12.600000381469728,12.800000190734863,3333100
2018-02-07,13.039999961853027,13.489999771118164,12.75,13.0,2078300
2018-02-08,13.0,13.260000228881836,12.8100004196167,13.100000381469728,3282300
2018-02-09,13.039999961853027,13.100000381469728,12.65999984741211,12.75,2087800
2018-02-12,13.289999961853027,13.5,12.84000015258789,13.170000076293944,1417100
2018-02-13,13.9399995803833,14.300000190734863,13.289999961853027,13.289999961853027,2631000
2018-02-14,14.5600004196167,14.65999984741211,13.529999732971191,13.829999923706056,2950300
2018-02-15,14.0,15.0,13.949999809265137,14.199999809265137,3730500
2018-02-16,14.109999656677246,14.649999618530272,13.960000038146973,13.979999542236328,2130900
2018-02-20,14.020000457763672,14.1899995803833,13.6899995803833,13.93000030517578,1677700
2018-02-21,13.979999542236328,14.350000381469728,13.789999961853027,14.0,1082400
2018-02-22,13.979999542236328,14.130000114440918,13.90999984741211,14.0,1139000
2018-02-23,14.149999618530272,14.5,13.600000381469728,13.899999618530272,1706100
2018-02-26,14.220000267028809,14.359999656677246,14.06999969482422,14.130000114440918,1156100
2018-02-27,13.869999885559082,14.270000457763672,13.859999656677246,14.0,1193200
2018-02-28,13.649999618530272,14.1899995803833,13.649999618530272,14.1899995803833,678700
2018-03-01,13.93000030517578,13.9399995803833,13.550000190734863,13.670000076293944,1253400
2018-03-02,14.31999969482422,14.369999885559082,13.789999961853027,14.229999542236328,1798500
2018-03-05,14.850000381469728,15.359999656677246,14.229999542236328,14.399999618530272,2636500
2018-03-06,15.289999961853027,15.460000038146973,14.640000343322754,15.199999809265137,2377000
2018-03-07,15.920000076293944,15.949999809265137,15.050000190734863,15.18000030517578,3040900
2018-03-08,16.860000610351562,17.100000381469727,16.010000228881836,16.010000228881836,4280200
2018-03-09,15.850000381469728,17.09000015258789,15.789999961853027,16.920000076293945,5377700
2018-03-12,16.510000228881836,17.799999237060547,16.3799991607666,17.399999618530273,11516200
2018-03-13,15.229999542236328,17.099000930786133,15.130000114440918,16.649999618530273,5804400
2018-03-14,14.199999809265137,15.539999961853027,14.1899995803833,15.420000076293944,4003000
2018-03-15,14.4399995803833,14.720000267028809,13.800000190734863,14.479999542236328,2465200
2018-03-16,14.9399995803833,14.989999771118164,14.050000190734863,14.25,2090300
2018-03-19,14.630000114440918,14.899999618530272,14.15999984741211,14.899999618530272,1872300
2018-03-20,14.029999732971191,14.565999984741213,13.90999984741211,14.5,1922700
2018-03-21,13.789999961853027,14.1899995803833,13.710000038146973,14.0,1494100
2018-03-22,13.06999969482422,13.699999809265137,12.510000228881836,13.699999809265137,4895000
2018-03-23,12.760000228881836,13.199999809265137,12.710000038146973,12.899999618530272,2660900
2018-03-26,12.279999732971191,13.220000267028809,12.149999618530272,13.0,2779500
2018-03-27,11.760000228881836,12.880000114440918,11.470000267028809,12.1899995803833,4486900
2018-03-28,11.5,11.84000015258789,11.329999923706056,11.760000228881836,2271000
2018-03-29,11.699999809265137,11.800000190734863,11.4399995803833,11.4399995803833,1002200
2018-04-02,11.890000343322754,12.0600004196167,11.699999809265137,11.75,1341000
2018-04-03,11.90999984741211,12.119999885559082,11.829999923706056,11.949999809265137,678800
2018-04-04,11.699999809265137,11.949999809265137,11.550000190734863,11.84000015258789,1164000
2018-04-05,11.510000228881836,11.859999656677246,11.479999542236328,11.609999656677246,1247400
2018-04-06,10.9399995803833,11.437000274658203,10.90999984741211,11.40999984741211,2115900
2018-04-09,10.0,11.128999710083008,10.0,11.0,3906000
2018-04-10,10.25,10.380000114440918,10.0600004196167,10.25,1494800
2018-04-11,10.34000015258789,10.579999923706056,10.199999809265137,10.199999809265137,1261600
2018-04-12,10.329999923706056,10.359999656677246,10.199999809265137,10.25,1226300
2018-04-13,10.460000038146973,10.619999885559082,10.350000381469728,10.350000381469728,864600
2018-04-16,10.220000267028809,10.619999885559082,10.081000328063965,10.460000038146973,1102400
2018-04-17,10.579999923706056,11.130000114440918,10.15999984741211,10.260000228881836,1883100
2018-04-18,10.829999923706056,11.348999977111816,10.59000015258789,10.59000015258789,1923500
2018-04-19,11.199999809265137,11.260000228881836,10.850000381469728,10.850000381469728,1068900
2018-04-20,10.760000228881836,11.149999618530272,10.5600004196167,10.989999771118164,1699200
2018-04-23,10.239999771118164,10.90999984741211,10.210000038146973,10.81999969482422,1491500
2018-04-24,10.199999809265137,10.524999618530272,10.170000076293944,10.300000190734863,926500
2018-04-25,10.0,10.319000244140623,9.920000076293944,10.199999809265137,1585700
2018-04-26,9.8100004196167,10.199999809265137,9.630000114440918,10.0,1901400
2018-04-27,9.90999984741211,10.270000457763672,9.8100004196167,9.8100004196167,1182300
2018-04-30,9.899999618530272,10.039999961853027,9.8100004196167,9.960000038146973,966700
2018-05-01,9.880000114440918,10.09000015258789,9.859999656677246,9.859999656677246,642100
2018-05-02,9.800000190734863,10.0,9.800000190734863,9.920000076293944,623500
2018-05-03,9.699999809265137,9.859999656677246,9.5600004196167,9.800000190734863,1089400
2018-05-04,10.06999969482422,10.09000015258789,9.550000190734863,9.550000190734863,975700
2018-05-07,10.489999771118164,10.489999771118164,9.93000030517578,9.989999771118164,1029800
2018-05-08,10.770000457763672,10.779999732971191,10.399999618530272,10.399999618530272,1125200
2018-05-09,10.970000267028809,11.119999885559082,10.600000381469728,10.770000457763672,1111400
2018-05-10,10.960000038146973,11.149999618530272,10.699999809265137,11.050000190734863,823400
2018-05-11,10.8100004196167,10.989999771118164,10.699999809265137,10.989999771118164,725500
2018-05-14,11.489999771118164,11.739999771118164,10.800000190734863,10.800000190734863,2419000
2018-05-15,11.68000030517578,11.720000267028809,11.3100004196167,11.710000038146973,1427100
2018-05-16,12.079999923706056,12.18000030517578,11.649999618530272,11.68000030517578,1448600
2018-05-17,11.890000343322754,12.260000228881836,11.81999969482422,12.130000114440918,1295400
2018-05-18,11.479999542236328,12.09000015258789,11.350000381469728,11.979999542236328,2756000
2018-05-21,9.59000015258789,10.729999542236328,9.5,10.6899995803833,8032300
2018-05-22,9.199999809265137,9.800000190734863,9.079999923706056,9.079999923706056,5693900
2018-05-23,9.010000228881836,9.33199977874756,8.59000015258789,9.239999771118164,4701700
2018-05-24,8.960000038146973,9.149999618530272,8.880000114440918,8.960000038146973,1447400
2018-05-25,8.760000228881836,8.979999542236328,8.729999542236328,8.979999542236328,1627200
2018-05-29,8.039999961853027,8.720000267028809,8.010000228881836,8.600000381469727,3999000
2018-05-30,8.149999618530273,8.300000190734863,7.639999866485596,8.09000015258789,4952900
2018-05-31,8.25,8.4399995803833,8.0,8.09000015258789,2131500
2018-06-01,8.609999656677246,8.850000381469727,8.210000038146973,8.210000038146973,3019500
2018-06-04,9.100000381469728,9.449999809265137,8.609999656677246,8.680000305175781,3582200
2018-06-05,9.5,9.842000007629396,9.100000381469728,9.100000381469728,5165300
2018-06-06,9.640000343322754,9.729999542236328,9.06999969482422,9.5,3120900
2018-06-07,9.619999885559082,9.850000381469728,9.520000457763672,9.520000457763672,1798800
2018-06-08,9.229999542236328,9.664999961853027,9.229999542236328,9.449999809265137,2177700
2018-06-11,9.119999885559082,9.42199993133545,8.84000015258789,9.199999809265137,2399200
2018-06-12,9.5,9.550000190734863,9.050000190734863,9.289999961853027,2322800
2018-06-13,9.220000267028809,9.5600004196167,9.210000038146973,9.380000114440918,1752200
2018-06-14,9.279999732971191,9.460000038146973,9.220000267028809,9.220000267028809,1751300
2018-06-15,9.4399995803833,9.57699966430664,9.149999618530272,9.25,6382500
2018-06-18,9.859999656677246,10.079999923706056,9.350000381469728,9.359999656677246,4481000
2018-06-19,9.630000114440918,10.18000030517578,9.539999961853027,9.739999771118164,3577700
2018-06-20,9.979999542236328,10.020000457763672,9.68000030517578,9.869999885559082,3560800
2018-06-21,10.1899995803833,10.369999885559082,9.960000038146973,10.0600004196167,3723500
2018-06-22,10.029999732971191,10.229999542236328,10.0,10.119999885559082,1508500
2018-06-25,9.470000267028809,10.0,9.15999984741211,10.0,3443900
2018-06-26,9.84000015258789,9.899999618530272,9.31999969482422,9.359999656677246,1373900
2018-06-27,9.239999771118164,9.84000015258789,9.095000267028809,9.800000190734863,1532100
2018-06-28,9.09000015258789,9.300000190734863,8.930000305175781,9.100000381469728,1423100
2018-06-29,8.859999656677246,9.279999732971191,8.850000381469727,9.130000114440918,1437600
2018-07-02,9.020000457763672,9.06999969482422,8.479999542236328,8.739999771118164,849600
2018-07-03,8.8100004196167,9.038000106811523,8.720000267028809,8.90999984741211,852600
2018-07-05,8.59000015258789,8.789999961853027,8.460000038146973,8.760000228881836,1859600
2018-07-06,8.569999694824219,8.930000305175781,8.489999771118164,8.6899995803833,1675400
2018-07-09,8.510000228881836,8.789999961853027,8.449999809265137,8.65999984741211,1481900
2018-07-10,7.929999828338623,8.550000190734863,7.829999923706055,8.5,2686500
2018-07-11,8.109999656677246,8.350000381469727,7.699999809265137,7.789999961853027,2616400
2018-07-12,8.260000228881836,8.260000228881836,7.96999979019165,8.079999923706055,1306000
2018-07-13,8.430000305175781,8.442000389099121,8.170000076293945,8.170000076293945,1131400
2018-07-16,8.510000228881836,8.630000114440918,8.430000305175781,8.470000267028809,719800
2018-07-17,8.1899995803833,8.489999771118164,8.130000114440918,8.489999771118164,1830200
2018-07-18,8.270000457763672,8.369999885559082,8.140000343322754,8.1899995803833,1292400
2018-07-19,7.909999847412109,8.225000381469727,7.909999847412109,8.170000076293945,1516700
2018-07-20,7.550000190734863,7.929999828338623,7.53000020980835,7.920000076293945,2154200
2018-07-23,7.929999828338623,8.029999732971191,7.480000019073486,7.550000190734863,1654100
2018-07-24,8.100000381469727,8.350000381469727,7.860000133514404,7.940000057220459,1548400
2018-07-25,8.25,8.369999885559082,8.100000381469727,8.130000114440918,1091500
2018-07-26,8.300000190734863,8.329999923706055,8.069000244140625,8.15999984741211,694900
2018-07-27,8.34000015258789,8.51200008392334,8.239999771118164,8.350000381469727,1007900
2018-07-30,7.610000133514404,8.34000015258789,7.519999980926514,8.34000015258789,1395000
2018-07-31,7.75,7.840000152587891,7.519999980926514,7.690000057220459,942600
2018-08-01,7.550000190734863,7.869999885559082,7.550000190734863,7.699999809265137,992300
2018-08-02,7.260000228881836,7.614999771118164,7.260000228881836,7.489999771118164,2048500
2018-08-03,7.380000114440918,7.664999961853027,7.320000171661377,7.5,1748300
2018-08-06,7.039999961853027,7.460000038146973,7.03000020980835,7.449999809265137,1778100
2018-08-07,7.28000020980835,7.539999961853027,7.019999980926514,7.119999885559082,1589200
2018-08-08,6.900000095367432,7.363999843597412,6.880000114440918,7.289999961853027,1478000
2018-08-09,7.059999942779541,7.099999904632568,6.800000190734863,6.829999923706055,1453500
2018-08-10,7.010000228881836,7.077000141143799,6.860000133514404,7.059999942779541,428200
2018-08-13,6.880000114440918,7.059999942779541,6.489999771118164,6.989999771118164,1207800
2018-08-14,6.769999980926514,6.860000133514404,6.510000228881836,6.809999942779541,1568200
2018-08-15,7.079999923706055,7.099999904632568,6.550000190734863,6.579999923706055,1633300
2018-08-16,7.010000228881836,7.300000190734863,6.840000152587891,7.099999904632568,1222300
2018-08-17,7.349999904632568,7.480000019073486,6.940000057220459,7.0,1586200
2018-08-20,7.639999866485596,7.739999771118164,7.480000019073486,7.5,1319800
2018-08-21,7.340000152587891,7.739999771118164,7.230000019073486,7.679999828338623,2827300
2018-08-22,7.730000019073486,7.75,7.420000076293945,7.449999809265137,1519200
2018-08-23,6.860000133514404,7.396999835968018,6.800000190734863,6.880000114440918,10347300
2018-08-24,6.019999980926514,7.25,5.980000019073486,7.25,19486500
2018-08-27,6.059999942779541,6.170000076293945,5.699999809265137,6.110000133514404,7205800
2018-08-28,6.25,6.315000057220459,5.960000038146973,6.019999980926514,3651300
2018-08-29,6.349999904632568,6.465000152587891,6.130000114440918,6.159999847412109,4508800
2018-08-30,6.050000190734863,6.239999771118164,6.010000228881836,6.230000019073486,2673600
2018-08-31,5.949999809265137,6.130000114440918,5.869999885559082,6.010000228881836,2133700
2018-09-04,5.829999923706055,6.03000020980835,5.809999942779541,5.949999809265137,3625700
2018-09-05,5.610000133514404,5.789999961853027,5.460000038146973,5.78000020980835,4608700
2018-09-06,5.590000152587891,5.71999979019165,5.480000019073486,5.599999904632568,3295400
2018-09-07,5.239999771118164,5.809999942779541,5.199999809265137,5.519999980926514,5228900
2018-09-10,4.989999771118164,5.28000020980835,4.940000057220459,5.25,6256100
2018-09-11,4.949999809265137,5.090000152587891,4.860000133514404,4.869999885559082,5135600
2018-09-12,5.260000228881836,5.369999885559082,4.940000057220459,4.949999809265137,5064500
2018-09-13,5.150000095367432,5.320000171661377,4.960000038146973,5.320000171661377,4631400
2018-09-14,5.349999904632568,5.5,5.03000020980835,5.050000190734863,3289400
2018-09-17,5.260000228881836,5.460000038146973,5.170000076293945,5.190000057220459,2635000
2018-09-18,5.380000114440918,5.449999809265137,5.159999847412109,5.190000057220459,1568600
2018-09-19,5.510000228881836,5.550000190734863,5.3470001220703125,5.349999904632568,971200
2018-09-20,5.539999961853027,5.664999961853027,5.46999979019165,5.539999961853027,2038600
2018-09-21,5.489999771118164,5.690000057220459,5.400000095367432,5.539999961853027,2808100
2018-09-24,4.989999771118164,5.449999809265137,4.940000057220459,5.400000095367432,3231900
2018-09-25,5.010000228881836,5.079999923706055,4.989999771118164,5.079999923706055,1081900
2018-09-26,5.0,5.110000133514404,4.96999979019165,5.050000190734863,1857700
2018-09-27,4.989999771118164,5.050000190734863,4.960000038146973,5.050000190734863,1885100
2018-09-28,5.210000038146973,5.260000228881836,4.909999847412109,4.960000038146973,2995200
2018-10-01,4.929999828338623,5.199999809265137,4.909999847412109,5.199999809265137,1931100
2018-10-02,4.96999979019165,5.039999961853027,4.900000095367432,4.900000095367432,1171700
2018-10-03,5.110000133514404,5.190000057220459,4.991000175476074,5.010000228881836,718400
2018-10-04,4.960000038146973,5.090000152587891,4.949999809265137,5.090000152587891,1206300
2018-10-05,4.940000057220459,5.059999942779541,4.920000076293945,4.960000038146973,1269500
2018-10-08,4.96999979019165,5.019999980926514,4.849999904632568,4.940000057220459,1632200
2018-10-09,4.860000133514404,5.02899980545044,4.84499979019165,4.96999979019165,1972300
2018-10-10,4.309999942779541,4.872000217437744,4.300000190734863,4.860000133514404,3430800
2018-10-11,4.340000152587891,4.590000152587891,4.070000171661377,4.210000038146973,4006800
2018-10-12,4.590000152587891,4.820000171661377,4.510000228881836,4.599999904632568,2714000
2018-10-15,4.599999904632568,4.769999980926514,4.565000057220459,4.590000152587891,1447100
2018-10-16,4.46999979019165,4.690000057220459,4.414999961853027,4.619999885559082,2173100
2018-10-17,4.570000171661377,4.599999904632568,4.360000133514404,4.5,2173700
2018-10-18,4.409999847412109,4.599999904632568,4.400000095367432,4.5,1546800
2018-10-19,4.46999979019165,4.585000038146973,4.380000114440918,4.519999980926514,1646600
2018-10-22,4.650000095367432,4.760000228881836,4.550000190734863,4.650000095367432,1700100
2018-10-23,4.519999980926514,4.625,4.329999923706055,4.449999809265137,2040700
2018-10-24,4.389999866485596,4.599999904632568,4.369999885559082,4.46999979019165,875400
2018-10-25,4.590000152587891,4.699999809265137,4.409999847412109,4.440000057220459,2322900
2018-10-26,4.670000076293945,4.730000019073486,4.489999771118164,4.5,704700
2018-10-29,4.300000190734863,4.699999809265137,4.264999866485596,4.699999809265137,1020900
2018-10-30,4.099999904632568,4.360000133514404,4.046999931335449,4.320000171661377,1527900
2018-10-31,4.170000076293945,4.239999771118164,4.0,4.21999979019165,1812800
2018-11-01,4.650000095367432,4.764999866485596,4.190000057220459,4.210000038146973,1727200
2018-11-02,4.670000076293945,4.860000133514404,4.659999847412109,4.71999979019165,1844800
2018-11-05,4.690000057220459,4.800000190734863,4.599999904632568,4.630000114440918,523800
2018-11-06,4.670000076293945,4.699999809265137,4.644999980926514,4.690000057220459,635300
2018-11-07,4.570000171661377,4.710000038146973,4.539999961853027,4.699999809265137,984900
2018-11-08,4.380000114440918,4.610000133514404,4.360000133514404,4.550000190734863,1070100
2018-11-09,4.199999809265137,4.329999923706055,4.159999847412109,4.300000190734863,695000
2018-11-12,4.269999980926514,4.340000152587891,4.179999828338623,4.239999771118164,831700
2018-11-13,4.420000076293945,4.510000228881836,4.28000020980835,4.309999942779541,924100
2018-11-14,4.570000171661377,4.730000019073486,4.400000095367432,4.420000076293945,1150900
2018-11-15,4.579999923706055,4.599999904632568,4.440000057220459,4.570000171661377,844400
2018-11-16,4.579999923706055,4.610000133514404,4.510000228881836,4.510000228881836,705700
2018-11-19,4.429999828338623,4.579999923706055,4.389999866485596,4.550000190734863,543600
2018-11-20,4.289999961853027,4.400000095367432,4.215000152587891,4.329999923706055,1007200
2018-11-21,5.869999885559082,6.150000095367432,4.670000076293945,4.800000190734863,11319500
2018-11-23,4.989999771118164,5.5,4.900000095367432,5.349999904632568,4502100
2018-11-26,4.940000057220459,5.099999904632568,4.760000228881836,5.070000171661377,3088100
2018-11-27,4.849999904632568,5.0,4.829999923706055,4.900000095367432,3227600
2018-11-28,5.170000076293945,5.400000095367432,4.889999866485596,4.889999866485596,3806700
2018-11-29,5.099999904632568,5.260000228881836,5.050000190734863,5.070000171661377,2078500
2018-11-30,5.099999904632568,5.239999771118164,5.099999904632568,5.139999866485596,1583000
2018-12-03,5.139999866485596,5.389999866485596,5.130000114440918,5.360000133514404,1923000
2018-12-04,4.900000095367432,5.159999847412109,4.900000095367432,5.159999847412109,2879000
2018-12-06,5.010000228881836,5.070000171661377,4.699999809265137,4.699999809265137,2170400
2018-12-07,4.960000038146973,5.269999980926514,4.800000190734863,4.96999979019165,2050800
2018-12-10,5.090000152587891,5.239999771118164,4.960000038146973,5.0,2827000
2018-12-11,5.099999904632568,5.28000020980835,5.070000171661377,5.190000057220459,2313900
2018-12-12,5.260000228881836,5.429999828338623,5.170000076293945,5.170000076293945,1921100
2018-12-13,6.320000171661377,7.050000190734863,5.860000133514404,6.300000190734863,24204000
2018-12-14,5.800000190734863,6.239999771118164,5.679999828338623,6.210000038146973,6018300
2018-12-17,5.519999980926514,5.840000152587891,5.510000228881836,5.809999942779541,2712800
2018-12-18,5.380000114440918,5.670000076293945,5.28000020980835,5.610000133514404,2265800
2018-12-19,5.079999923706055,5.460000038146973,5.050000190734863,5.380000114440918,2269100
2018-12-20,5.03000020980835,5.300000190734863,4.989999771118164,5.119999885559082,3082500
2018-12-21,4.619999885559082,5.079999923706055,4.539999961853027,5.050000190734863,3052100
2018-12-24,4.670000076293945,4.829999923706055,4.579999923706055,4.599999904632568,1477900
2018-12-26,4.679999828338623,4.867000102996826,4.630000114440918,4.769999980926514,2951800
2018-12-27,4.599999904632568,4.860000133514404,4.352000236511231,4.699999809265137,3806100
2018-12-28,4.380000114440918,4.739999771118164,4.360000133514404,4.599999904632568,3672800
2018-12-31,4.289999961853027,4.5229997634887695,4.199999809265137,4.389999866485596,2394200
2019-01-02,4.420000076293945,4.480000019073486,4.159999847412109,4.210000038146973,1320700
2019-01-03,4.369999885559082,4.480000019073486,4.28000020980835,4.349999904632568,1370300
2019-01-04,4.769999980926514,4.789999961853027,4.409999847412109,4.409999847412109,2292300
2019-01-07,4.78000020980835,4.860000133514404,4.679999828338623,4.690000057220459,1103900
2019-01-08,4.630000114440918,4.889999866485596,4.519999980926514,4.829999923706055,2235200
2019-01-09,5.039999961853027,5.050000190734863,4.659999847412109,4.710000038146973,2103300
2019-01-10,5.119999885559082,5.159999847412109,4.880000114440918,4.949999809265137,3175600
2019-01-11,5.130000114440918,5.360000133514404,5.079999923706055,5.090000152587891,2819600
2019-01-14,5.28000020980835,5.329999923706055,4.820000171661377,5.010000228881836,3531100
2019-01-15,5.199999809265137,5.400000095367432,5.085000038146973,5.369999885559082,2082600
2019-01-16,5.300000190734863,5.369999885559082,5.170000076293945,5.21999979019165,1296100
2019-01-17,5.519999980926514,5.630000114440918,5.239999771118164,5.269999980926514,1620800
2019-01-18,5.360000133514404,5.570000171661377,5.300000190734863,5.53000020980835,3318600
2019-01-22,5.429999828338623,5.5,5.210000038146973,5.309999942779541,2824800
2019-01-23,5.349999904632568,5.570000171661377,5.309999942779541,5.480000019073486,2095600
2019-01-24,5.039999961853027,5.349999904632568,5.019999980926514,5.349999904632568,2111300
2019-01-25,5.110000133514404,5.170000076293945,5.03000020980835,5.119999885559082,2441600
2019-01-28,4.900000095367432,5.139999866485596,4.869999885559082,5.059999942779541,1641300
2019-01-29,4.96999979019165,5.085000038146973,4.889999866485596,4.989999771118164,1806100
2019-01-30,5.289999961853027,5.360000133514404,5.005000114440918,5.03000020980835,2676700
2019-01-31,5.309999942779541,5.400000095367432,5.199999809265137,5.320000171661377,2308700
2019-02-01,5.260000228881836,5.309999942779541,5.210000038146973,5.28000020980835,1478900
2019-02-04,5.170000076293945,5.260000228881836,5.090000152587891,5.260000228881836,1566000
2019-02-05,5.150000095367432,5.360000133514404,5.130000114440918,5.179999828338623,2363200
2019-02-06,5.079999923706055,5.230000019073486,5.079999923706055,5.170000076293945,1594300
2019-02-07,5.0,5.150000095367432,4.949999809265137,5.059999942779541,1036500
2019-02-08,4.960000038146973,5.0,4.834000110626221,5.0,923200
2019-02-11,5.019999980926514,5.059999942779541,4.960000038146973,4.96999979019165,1055000
2019-02-12,5.159999847412109,5.179999828338623,5.0,5.059999942779541,3731300
2019-02-13,5.039999961853027,5.239999771118164,5.019999980926514,5.179999828338623,3697600
2019-02-14,5.050000190734863,5.159999847412109,4.989999771118164,5.039999961853027,1315000
2019-02-15,5.039999961853027,5.179999828338623,5.039999961853027,5.050000190734863,1696900
2019-02-19,5.139999866485596,5.230000019073486,5.019999980926514,5.039999961853027,1675000
2019-02-20,5.480000019073486,5.5,5.159999847412109,5.179999828338623,3337500
2019-02-21,5.409999847412109,5.559999942779541,5.389999866485596,5.440000057220459,2704400
2019-02-22,5.809999942779541,5.920000076293945,5.489999771118164,5.53000020980835,4280600
2019-02-25,6.380000114440918,6.5,6.010000228881836,6.050000190734863,9762500
2019-02-26,6.400000095367432,6.510000228881836,6.159999847412109,6.239999771118164,5519200
2019-02-27,6.96999979019165,7.159999847412109,6.369999885559082,6.380000114440918,11866500
2019-02-28,6.300000190734863,6.920000076293945,6.269999980926514,6.900000095367432,6236700
2019-03-01,6.309999942779541,6.579999923706055,6.289999961853027,6.489999771118164,3754600
2019-03-04,6.25,6.590000152587891,6.170000076293945,6.5,3497400
2019-03-05,6.090000152587891,6.550000190734863,5.96999979019165,6.309999942779541,7138800
2019-03-06,5.659999847412109,6.139999866485596,5.659999847412109,6.059999942779541,6102000
2019-03-07,5.610000133514404,5.670000076293945,5.420000076293945,5.650000095367432,3951000
2019-03-08,5.519999980926514,5.710000038146973,5.429999828338623,5.449999809265137,2438300
2019-03-11,5.650000095367432,5.800000190734863,5.539999961853027,5.559999942779541,1994000
2019-03-12,5.679999828338623,5.809999942779541,5.485000133514404,5.710000038146973,3355700
2019-03-13,5.420000076293945,5.729000091552734,5.409999847412109,5.630000114440918,3313100
2019-03-14,5.269999980926514,5.679999828338623,5.139999866485596,5.599999904632568,4795000
2019-03-15,5.349999904632568,5.519999980926514,5.260000228881836,5.320000171661377,3868500
2019-03-18,5.510000228881836,5.679999828338623,5.380000114440918,5.570000171661377,8204100
2019-03-19,5.440000057220459,5.590000152587891,5.380000114440918,5.570000171661377,3409500
2019-03-20,5.409999847412109,5.449999809265137,5.320000171661377,5.400000095367432,3166400
2019-03-21,5.440000057220459,5.460000038146973,5.360000133514404,5.380000114440918,1952900
2019-03-22,5.090000152587891,5.429999828338623,5.019999980926514,5.380000114440918,3690100
2019-03-25,4.96999979019165,5.070000171661377,4.849999904632568,5.070000171661377,2893100
2019-03-26,4.929999828338623,5.079999923706055,4.840000152587891,4.989999771118164,1888400
2019-03-27,4.840000152587891,5.0,4.75,4.949999809265137,3353400
2019-03-28,5.010000228881836,5.039999961853027,4.710000038146973,4.769999980926514,3593600
2019-03-29,5.059999942779541,5.105000019073486,4.929999828338623,5.099999904632568,3657100
2019-04-01,5.159999847412109,5.25,5.099999904632568,5.159999847412109,3450600
2019-04-02,5.059999942779541,5.170000076293945,5.0,5.170000076293945,2524900
2019-04-03,5.210000038146973,5.269999980926514,5.099999904632568,5.110000133514404,5338200
2019-04-04,5.269999980926514,5.340000152587891,5.159999847412109,5.210000038146973,4301500
2019-04-05,5.309999942779541,5.34499979019165,5.230000019073486,5.309999942779541,2747700
2019-04-08,5.440000057220459,5.5,5.349999904632568,5.400000095367432,10403900
2019-04-09,5.409999847412109,5.480000019073486,5.300000190734863,5.440000057220459,4139600
2019-04-10,5.099999904632568,5.440000057220459,5.050000190734863,5.409999847412109,5139700
2019-04-11,5.150000095367432,5.190000057220459,5.050000190734863,5.059999942779541,4868300
2019-04-12,5.710000038146973,5.940000057220459,5.639999866485596,5.840000152587891,13370600
2019-04-15,5.550000190734863,5.849999904632568,5.53000020980835,5.71999979019165,9287000
2019-04-16,5.739999771118164,5.760000228881836,5.619999885559082,5.619999885559082,11634100
2019-04-17,6.099999904632568,6.170000076293945,5.829999923706055,5.829999923706055,24037500
2019-04-18,6.599999904632568,6.679999828338623,6.150000095367432,6.159999847412109,21996100
2019-04-22,6.630000114440918,6.769999980926514,6.519999980926514,6.650000095367432,9012900
2019-04-23,6.699999809265137,6.815000057220459,6.590000152587891,6.679999828338623,6407900
2019-04-24,6.360000133514404,6.704999923706055,6.255000114440918,6.679999828338623,9666000
2019-04-25,6.139999866485596,6.360000133514404,6.019999980926514,6.340000152587891,9761800
2019-04-26,6.440000057220459,6.585000038146973,6.159999847412109,6.170000076293945,4577800
2019-04-29,6.849999904632568,7.15500020980835,6.489999771118164,6.5,7046300
2019-04-30,7.039999961853027,7.135000228881836,6.610000133514404,6.730000019073486,8215400
2019-05-01,7.510000228881836,7.710000038146973,7.199999809265137,7.289999961853027,8996500
2019-05-02,8.3100004196167,8.505000114440918,7.610000133514404,7.639999866485596,15397100
2019-05-03,8.170000076293945,8.350000381469727,7.800000190734863,8.350000381469727,9525800
2019-05-06,7.900000095367432,7.980000019073486,7.320000171661377,7.460000038146973,11470800
2019-05-07,7.78000020980835,8.079999923706055,7.659999847412109,7.789999961853027,4643600
2019-05-08,7.550000190734863,7.840000152587891,7.420000076293945,7.840000152587891,5663000
2019-05-09,7.210000038146973,7.449999809265137,7.059999942779541,7.380000114440918,8960200
2019-05-10,7.409999847412109,7.78000020980835,7.289999961853027,7.289999961853027,5029100
2019-05-13,6.909999847412109,7.170000076293945,6.769999980926514,7.079999923706055,5967900
2019-05-14,7.230000019073486,7.309999942779541,6.874000072479248,7.050000190734863,3060100
2019-05-15,7.0,7.369999885559082,6.929999828338623,7.260000228881836,5278000
2019-05-16,7.03000020980835,7.150000095367432,6.835000038146973,7.050000190734863,4188600
2019-05-17,6.840000152587891,6.96999979019165,6.610000133514404,6.929999828338623,7015200
2019-05-20,6.139999866485596,7.090000152587891,6.050000190734863,7.090000152587891,12216700
2019-05-21,7.090000152587891,7.380000114440918,6.28000020980835,6.309999942779541,10983100
2019-05-22,7.599999904632568,7.775000095367432,7.099999904632568,7.119999885559082,10678500
2019-05-23,7.510000228881836,7.730000019073486,7.380000114440918,7.420000076293945,6035900
2019-05-24,7.360000133514404,7.659999847412109,7.269999980926514,7.570000171661377,4218400
2019-05-28,7.03000020980835,7.440000057220459,6.960000038146973,7.429999828338623,3849600
2019-05-29,6.739999771118164,6.980000019073486,6.684999942779541,6.949999809265137,6058400
2019-05-30,6.769999980926514,6.989999771118164,6.610000133514404,6.739999771118164,3207600
2019-05-31,6.849999904632568,6.980000019073486,6.624000072479248,6.639999866485596,3534400
2019-06-03,6.960000038146973,7.119999885559082,6.820000171661377,6.880000114440918,2477500
2019-06-04,7.369999885559082,7.389999866485596,7.0,7.010000228881836,3191500
2019-06-05,6.949999809265137,7.449999809265137,6.840000152587891,7.409999847412109,3357600
2019-06-06,6.78000020980835,6.940000057220459,6.699999809265137,6.880000114440918,1935000
2019-06-07,6.869999885559082,6.954999923706055,6.760000228881836,6.760000228881836,2359900
2019-06-10,7.329999923706055,7.380000114440918,6.920000076293945,7.0,4215100
2019-06-11,7.710000038146973,7.71999979019165,7.380000114440918,7.489999771118164,8767400
2019-06-12,7.75,7.84499979019165,7.526000022888184,7.599999904632568,4514600
2019-06-13,7.440000057220459,7.75,7.309999942779541,7.690000057220459,3447800
2019-06-14,7.300000190734863,7.414999961853027,7.079999923706055,7.400000095367432,2782700
2019-06-17,7.179999828338623,7.389999866485596,7.150000095367432,7.269999980926514,1580300
2019-06-18,7.519999980926514,7.599999904632568,7.210000038146973,7.256999969482422,3391300
2019-06-19,7.849999904632568,8.109999656677246,7.519999980926514,7.599999904632568,6089000
2019-06-20,8.210000038146973,8.319999694824219,8.0,8.0,6614000
2019-06-21,8.180000305175781,8.40999984741211,7.920000076293945,8.380000114440918,6417300
2019-06-24,8.720000267028809,9.149999618530272,8.289999961853027,8.300000190734863,11430700
2019-06-25,8.460000038146973,8.75,8.34000015258789,8.649999618530273,5356900
2019-06-26,7.380000114440918,8.260000228881836,7.329999923706055,8.140000343322754,18326000
2019-06-27,7.840000152587891,7.940000057220459,7.300000190734863,7.340000152587891,24177600
2019-06-28,7.5,7.960000038146973,7.349999904632568,7.920000076293945,7486600
2019-07-01,7.510000228881836,7.800000190734863,7.510000228881836,7.769999980926514,8612400
2019-07-02,7.739999771118164,7.760000228881836,7.449999809265137,7.579999923706055,4722500
2019-07-03,7.739999771118164,8.0600004196167,7.670000076293945,7.670000076293945,3855500
2019-07-05,8.050000190734863,8.0600004196167,7.650000095367432,7.849999904632568,4759500
2019-07-08,8.329999923706055,8.40999984741211,7.929999828338623,8.010000228881836,4795300
2019-07-09,8.859999656677246,8.90999984741211,8.329999923706055,8.350000381469727,8349400
2019-07-10,8.800000190734863,8.920000076293945,8.399999618530273,8.90999984741211,11545100
2019-07-11,8.75,8.9399995803833,8.550000190734863,8.770000457763672,4190300
2019-07-12,8.359999656677246,8.79800033569336,8.21500015258789,8.75,5149300
2019-07-15,8.3100004196167,8.600000381469727,8.229999542236328,8.34000015258789,2732800
2019-07-16,8.539999961853027,8.670000076293945,8.319999694824219,8.359999656677246,2926900
2019-07-17,8.5,8.630000114440918,8.319999694824219,8.630000114440918,2574200
2019-07-18,8.289999961853027,8.529999732971191,8.260000228881836,8.520000457763672,3657800
2019-07-19,8.020000457763672,8.350000381469727,7.900000095367432,8.350000381469727,6283400
2019-07-22,7.860000133514404,7.980000019073486,7.760000228881836,7.940000057220459,5397800
2019-07-23,8.520000457763672,8.59000015258789,7.849999904632568,7.869999885559082,6365200
2019-07-24,8.529999732971191,8.619999885559082,8.210000038146973,8.489999771118164,4312900
2019-07-25,8.619999885559082,8.710000038146973,8.479999542236328,8.630000114440918,3948100
2019-07-26,8.739999771118164,8.84000015258789,8.449999809265137,8.520000457763672,3388300
2019-07-29,8.6899995803833,8.760000228881836,8.529999732971191,8.699999809265137,7667500
2019-07-30,8.6899995803833,8.710000038146973,8.420000076293945,8.600000381469727,5603100
2019-07-31,9.140000343322754,9.15999984741211,8.619999885559082,8.640000343322754,8153900
2019-08-01,8.609999656677246,9.204999923706056,8.430000305175781,9.119999885559082,8285100
2019-08-02,8.84000015258789,8.869999885559082,8.420000076293945,8.5,4667800
2019-08-05,8.390000343322754,8.5,8.119999885559082,8.470000267028809,4983600
2019-08-06,8.510000228881836,8.569999694824219,8.300000190734863,8.539999961853027,3487800
2019-08-07,8.5600004196167,8.579999923706055,8.3100004196167,8.399999618530273,2016500
2019-08-08,8.920000076293945,8.989999771118164,8.729999542236328,8.760000228881836,2922800
2019-08-09,8.920000076293945,8.970000267028809,8.739999771118164,8.9399995803833,2688600
2019-08-12,8.539999961853027,8.84000015258789,8.484999656677246,8.819999694824219,3336000
2019-08-13,8.850000381469727,8.864999771118164,8.555000305175781,8.65999984741211,3747500
2019-08-14,8.65999984741211,8.760000228881836,8.515000343322754,8.760000228881836,3415500
2019-08-15,8.6899995803833,8.930000305175781,8.649999618530273,8.680000305175781,4333100
2019-08-16,8.920000076293945,8.979999542236328,8.229999542236328,8.829999923706055,11077700
2019-08-19,8.109999656677246,9.07900047302246,8.079999923706055,9.0600004196167,9186800
2019-08-20,8.3100004196167,8.470000267028809,8.119999885559082,8.149999618530273,3821200
2019-08-21,8.270000457763672,8.399999618530273,8.09000015258789,8.399999618530273,3203100
2019-08-22,7.650000095367432,8.369999885559082,7.599999904632568,8.279999732971191,8495500
2019-08-23,7.829999923706055,8.100000381469727,7.739999771118164,7.880000114440918,7891600
2019-08-26,7.900000095367432,8.0,7.764999866485596,7.860000133514404,5139800
2019-08-27,7.880000114440918,7.980000019073486,7.78000020980835,7.889999866485596,3410600
2019-08-28,7.96999979019165,8.140000343322754,7.769999980926514,7.849999904632568,3254200
2019-08-29,7.960000038146973,8.149999618530273,7.550000190734863,8.020000457763672,7569300
2019-08-30,7.989999771118164,8.140000343322754,7.820000171661377,7.949999809265137,3303000
2019-09-03,7.869999885559082,8.229999542236328,7.829999923706055,7.929999828338623,4962000
2019-09-04,8.050000190734863,8.100000381469727,7.820000171661377,8.0600004196167,7707300
2019-09-05,8.0600004196167,8.399999618530273,7.900000095367432,8.029999732971191,10085100
2019-09-06,7.929999828338623,8.204999923706055,7.925000190734863,8.109999656677246,3647000
2019-09-09,7.880000114440918,8.050000190734863,7.659999847412109,7.949999809265137,4563600
2019-09-10,7.25,7.860000133514404,7.204999923706055,7.800000190734863,10102200
2019-09-11,7.460000038146973,7.550000190734863,7.269999980926514,7.269999980926514,5771000
2019-09-12,7.130000114440918,7.519999980926514,7.019999980926514,7.519999980926514,11860500
2019-09-13,7.170000076293945,7.360000133514404,7.119999885559082,7.130000114440918,3679200
2019-09-16,7.070000171661377,7.309999942779541,6.980000019073486,7.070000171661377,5276300
2019-09-17,7.139999866485596,7.239999771118164,6.965000152587891,7.079999923706055,4304800
2019-09-18,7.190000057220459,7.230000019073486,7.010000228881836,7.150000095367432,3929700
2019-09-19,7.210000038146973,7.360000133514404,7.190000057220459,7.199999809265137,3990600
2019-09-20,7.130000114440918,7.230000019073486,7.059999942779541,7.21999979019165,3393400
2019-09-23,7.170000076293945,7.179999828338623,7.03000020980835,7.090000152587891,2793700
2019-09-24,6.980000019073486,7.300000190734863,6.949999809265137,7.190000057220459,7894800
2019-09-25,7.110000133514404,7.130000114440918,6.849999904632568,6.949999809265137,3511600
2019-09-26,6.909999847412109,7.099999904632568,6.650000095367432,7.070000171661377,7890600
2019-09-27,6.800000190734863,7.050000190734863,6.679999828338623,6.869999885559082,7411100
2019-09-30,6.889999866485596,6.9629998207092285,6.650000095367432,6.78000020980835,3731600
2019-10-01,6.900000095367432,6.954999923706055,6.795000076293945,6.900000095367432,7420500
2019-10-02,6.880000114440918,7.0,6.699999809265137,6.900000095367432,4250100
2019-10-03,6.960000038146973,6.980000019073486,6.695000171661377,6.840000152587891,3316800
2019-10-04,6.860000133514404,7.039999961853027,6.829999923706055,6.989999771118164,7365500
2019-10-07,6.480000019073486,6.824999809265137,6.440000057220459,6.820000171661377,5639400
2019-10-08,6.369999885559082,6.590000152587891,6.309999942779541,6.449999809265137,4122200
2019-10-09,6.420000076293945,6.4679999351501465,6.329999923706055,6.400000095367432,2070700
2019-10-10,6.460000038146973,6.480000019073486,6.329999923706055,6.380000114440918,2187700
2019-10-11,6.53000020980835,6.639999866485596,6.489999771118164,6.570000171661377,2926500
2019-10-14,6.480000019073486,6.579999923706055,6.40500020980835,6.570000171661377,1540900
2019-10-15,6.639999866485596,6.710000038146973,6.389999866485596,6.480000019073486,2705000
2019-10-16,6.599999904632568,6.769999980926514,6.570000171661377,6.630000114440918,2583300
2019-10-17,6.730000019073486,6.789999961853027,6.514999866485596,6.639999866485596,3061100
2019-10-18,6.670000076293945,6.909999847412109,6.650000095367432,6.75,3593500
2019-10-21,6.5,6.570000171661377,6.320000171661377,6.510000228881836,5235100
2019-10-22,6.380000114440918,6.579999923706055,6.360000133514404,6.510000228881836,1885300
2019-10-23,6.5,6.5,6.289999961853027,6.349999904632568,2483000
2019-10-24,6.650000095367432,6.659999847412109,6.429999828338623,6.570000171661377,4161600
2019-10-25,6.590000152587891,6.739999771118164,6.559999942779541,6.639999866485596,1502000
2019-10-28,6.909999847412109,7.070000171661377,6.610000133514404,6.690000057220459,3062900
2019-10-29,6.880000114440918,6.980000019073486,6.71999979019165,6.889999866485596,1452500
2019-10-30,6.980000019073486,7.0,6.77899980545044,6.889999866485596,2155600
2019-10-31,6.929999828338623,6.960000038146973,6.809999942779541,6.909999847412109,1628800
2019-11-01,7.119999885559082,7.190000057220459,6.894999980926514,6.989999771118164,3511300
2019-11-04,7.119999885559082,7.199999809265137,6.78000020980835,7.150000095367432,3939200
2019-11-05,6.869999885559082,7.110000133514404,6.835000038146973,7.099999904632568,3669000
2019-11-06,6.869999885559082,6.960000038146973,6.75,6.849999904632568,3665600
2019-11-07,6.980000019073486,7.130000114440918,6.824999809265137,6.920000076293945,1715000
2019-11-08,7.46999979019165,7.679999828338623,7.139999866485596,7.150000095367432,6614800
2019-11-11,7.630000114440918,7.670000076293945,7.340000152587891,7.340000152587891,3480200
2019-11-12,7.639999866485596,7.809999942779541,7.550000190734863,7.579999923706055,3226200
2019-11-13,7.789999961853027,7.889999866485596,7.599999904632568,7.619999885559082,5695100
2019-11-14,7.610000133514404,7.889999866485596,7.550000190734863,7.820000171661377,3643200
2019-11-15,7.5,7.739999771118164,7.349999904632568,7.610000133514404,5950100
2019-11-18,5.920000076293945,6.860000133514404,5.659999847412109,6.670000076293945,27967000
2019-11-19,5.619999885559082,5.96999979019165,5.570000171661377,5.909999847412109,9680100
2019-11-20,4.590000152587891,5.460000038146973,4.519999980926514,5.420000076293945,25456300
2019-11-21,4.099999904632568,4.829999923706055,4.070000171661377,4.550000190734863,28059100
2019-11-22,4.539999961853027,4.630000114440918,4.195000171661377,4.260000228881836,14800700
2019-11-25,4.760000228881836,4.980000019073486,4.659999847412109,4.730000019073486,14105800
2019-11-26,4.789999961853027,4.880000114440918,4.630000114440918,4.800000190734863,26513400
2019-11-27,4.96999979019165,5.005000114440918,4.820000171661377,4.849999904632568,7473700
2019-11-29,4.960000038146973,4.994999885559082,4.789999961853027,4.920000076293945,4273900
2019-12-02,4.849999904632568,5.210000038146973,4.789999961853027,5.010000228881836,9278000
2019-12-03,4.829999923706055,4.860000133514404,4.710000038146973,4.769999980926514,5953000
2019-12-04,4.71999979019165,4.914999961853027,4.690000057220459,4.860000133514404,4781100
2019-12-05,4.670000076293945,4.809999942779541,4.579999923706055,4.760000228881836,5219600
2019-12-06,4.809999942779541,4.820000171661377,4.644999980926514,4.670000076293945,4606200
2019-12-09,4.789999961853027,4.900000095367432,4.75,4.800000190734863,4203000
2019-12-10,4.809999942779541,4.949999809265137,4.755000114440918,4.760000228881836,5938500
2019-12-11,4.599999904632568,4.829999923706055,4.510000228881836,4.789999961853027,6208400
2019-12-12,4.389999866485596,4.639999866485596,4.28000020980835,4.599999904632568,9152200
2019-12-13,4.409999847412109,4.539999961853027,4.230000019073486,4.46999979019165,9220900
2019-12-16,4.539999961853027,4.639999866485596,4.349999904632568,4.349999904632568,9798300
2019-12-17,4.829999923706055,4.920000076293945,4.610000133514404,4.610000133514404,6493300
2019-12-18,4.769999980926514,4.920000076293945,4.639999866485596,4.840000152587891,5513200
2019-12-19,4.699999809265137,4.860000133514404,4.610000133514404,4.739999771118164,2571000
2019-12-20,4.800000190734863,4.860000133514404,4.679999828338623,4.699999809265137,4270600
2019-12-23,4.590000152587891,4.804999828338623,4.53000020980835,4.789999961853027,4304400
2019-12-24,4.630000114440918,4.650000095367432,4.449999809265137,4.599999904632568,3112800
2019-12-26,4.75,4.769999980926514,4.630000114440918,4.650000095367432,2543800
2019-12-27,4.639999866485596,4.760000228881836,4.570000171661377,4.670000076293945,3003500
2019-12-30,4.570000171661377,4.650000095367432,4.550000190734863,4.610000133514404,2524500
2019-12-31,4.710000038146973,4.764999866485596,4.579999923706055,4.610000133514404,3671800
2020-01-02,5.050000190734863,5.090000152587891,4.690000057220459,4.789999961853027,12403100
2020-01-03,4.869999885559082,4.925000190734863,4.710000038146973,4.849999904632568,7448300
2020-01-06,4.579999923706055,4.900000095367432,4.5,4.869999885559082,8883000
2020-01-07,4.489999771118164,4.605000019073486,4.489999771118164,4.599999904632568,4091400
2020-01-08,4.400000095367432,4.46999979019165,4.179999828338623,4.429999828338623,6975100
2020-01-09,4.539999961853027,4.550000190734863,4.320000171661377,4.440000057220459,4737400
2020-01-10,4.349999904632568,4.539999961853027,4.304999828338623,4.5,5274700
2020-01-13,4.389999866485596,4.429999828338623,4.300000190734863,4.360000133514404,4357200
2020-01-14,4.590000152587891,4.590000152587891,4.199999809265137,4.400000095367432,7945600
2020-01-15,4.389999866485596,4.539999961853027,4.360000133514404,4.53000020980835,7740100
2020-01-16,3.549999952316284,3.890000104904175,3.470000028610229,3.630000114440918,31268600
2020-01-17,3.5199999809265137,3.799999952316284,3.440000057220459,3.680000066757202,15683900
2020-01-21,3.299999952316284,3.430000066757202,3.220000028610229,3.430000066757202,12090200
2020-01-22,3.359999895095825,3.5899999141693115,3.259999990463257,3.319999933242798,7795200
2020-01-23,3.3499999046325684,3.4649999141693115,3.220000028610229,3.3399999141693115,5989600
2020-01-24,3.2100000381469727,3.4200000762939453,3.1600000858306885,3.359999895095825,5383200
2020-01-27,3.25,3.380000114440918,3.0299999713897705,3.0799999237060547,6712400
2020-01-28,3.2799999713897705,3.390000104904175,3.200000047683716,3.240000009536743,4012800
2020-01-29,3.140000104904175,3.299999952316284,3.109999895095825,3.2699999809265137,3089900
2020-01-30,2.950000047683716,3.150000095367432,2.930000066757202,3.109999895095825,5999200
2020-01-31,2.880000114440918,2.990000009536743,2.7799999713897705,2.930000066757202,7317200
2020-02-03,2.6600000858306885,2.950000047683716,2.640000104904175,2.8499999046325684,8542600
2020-02-04,2.880000114440918,3.130000114440918,2.720000028610229,2.720000028610229,12502200
2020-02-05,2.7799999713897705,2.990000009536743,2.7100000381469727,2.970000028610229,7610500
2020-02-06,2.8499999046325684,2.940000057220459,2.75,2.7799999713897705,5216500
2020-02-07,2.759999990463257,2.8399999141693115,2.700000047683716,2.8299999237060547,3962800
2020-02-10,2.700000047683716,2.7799999713897705,2.6600000858306885,2.7100000381469727,3346200
2020-02-11,2.619999885559082,2.789999961853028,2.619999885559082,2.740000009536743,3925500
2020-02-12,2.5299999713897705,2.680000066757202,2.4800000190734863,2.650000095367432,8557000
2020-02-13,2.240000009536743,2.539999961853028,2.200000047683716,2.539999961853028,16180800
2020-02-14,2.25,2.430000066757202,2.240000009536743,2.309999942779541,8607600
2020-02-18,2.2100000381469727,2.369999885559082,2.200000047683716,2.3399999141693115,11431600
2020-02-19,2.390000104904175,2.440000057220459,2.140000104904175,2.200000047683716,8657700
2020-02-20,2.6600000858306885,2.865000009536743,2.390000104904175,2.450000047683716,18511200
2020-02-21,2.7300000190734863,2.8299999237060547,2.630000114440918,2.799999952316284,9554100
2020-02-24,2.5,2.609999895095825,2.450000047683716,2.569999933242798,6177400
2020-02-25,2.369999885559082,2.5899999141693115,2.3399999141693115,2.549999952316284,9680000
2020-02-26,2.4100000858306885,2.5799999237060547,2.359999895095825,2.369999885559082,9829100
2020-02-27,2.4800000190734863,2.5799999237060547,2.309999942779541,2.359999895095825,8953300
2020-02-28,2.619999885559082,2.640000104904175,2.359999895095825,2.390000104904175,21714000
2020-03-02,2.5199999809265137,2.759999990463257,2.390000104904175,2.700000047683716,8849400
2020-03-03,2.319999933242798,2.5299999713897705,2.2799999713897705,2.509999990463257,9882900
2020-03-04,2.440000057220459,2.450000047683716,2.319999933242798,2.359999895095825,4950600
2020-03-05,2.299999952316284,2.400000095367432,2.289999961853028,2.369999885559082,5605500
2020-03-06,2.109999895095825,2.309999942779541,2.0999999046325684,2.240000009536743,9088100
2020-03-09,2.130000114440918,2.309999942779541,1.850000023841858,1.9800000190734863,7364700
2020-03-10,2.150000095367432,2.2300000190734863,2.0999999046325684,2.2100000381469727,4545200
2020-03-11,2.069999933242798,2.184999942779541,1.9700000286102293,2.0999999046325684,6911700
2020-03-12,1.809999942779541,2.0,1.7400000095367432,1.9800000190734863,7527700
2020-03-13,2.0999999046325684,2.0999999046325684,1.850000023841858,1.919999957084656,7577700
2020-03-16,1.5800000429153442,1.9600000381469729,1.5800000429153442,1.7999999523162842,9783800
2020-03-17,1.7000000476837158,1.809999942779541,1.5800000429153442,1.6100000143051147,6717500
2020-03-18,1.350000023841858,1.6299999952316284,1.340000033378601,1.4500000476837158,8972400
2020-03-19,1.3899999856948853,1.4500000476837158,1.2100000381469729,1.309999942779541,13529500
2020-03-20,1.8799999952316284,1.8799999952316284,1.399999976158142,1.4299999475479126,9176500
2020-03-23,2.150000095367432,2.490000009536743,1.6799999475479126,1.7100000381469729,17614500
2020-03-24,2.130000114440918,2.369999885559082,2.109999895095825,2.299999952316284,6271600
2020-03-25,2.119999885559082,2.240000009536743,2.0,2.180000066757202,4097100
2020-03-26,2.119999885559082,2.259999990463257,2.049999952316284,2.0999999046325684,5272900
2020-03-27,2.0199999809265137,2.0899999141693115,1.8899999856948853,2.049999952316284,2739400
2020-03-30,1.8600000143051147,1.9900000095367432,1.8350000381469729,1.9800000190734863,2411100
2020-03-31,1.7999999523162842,1.919999957084656,1.75,1.830000042915344,3627100
2020-04-01,1.8600000143051147,1.9800000190734863,1.7899999618530271,1.850000023841858,4965700
2020-04-02,1.7200000286102295,1.8799999952316284,1.7000000476837158,1.809999942779541,3350000
2020-04-03,1.659999966621399,1.75,1.5800000429153442,1.7000000476837158,3102100
2020-04-06,1.7000000476837158,1.7799999713897705,1.6699999570846558,1.7000000476837158,2462900
2020-04-07,1.820000052452088,1.899999976158142,1.7050000429153442,1.7699999809265137,3802100
2020-04-08,1.7699999809265137,1.899999976158142,1.7599999904632568,1.830000042915344,1792800
2020-04-09,1.7999999523162842,1.899999976158142,1.7699999809265137,1.7999999523162842,3139100
2020-04-13,1.7300000190734863,1.809999942779541,1.649999976158142,1.7799999713897705,1951300
2020-04-14,1.7899999618530271,1.870000004768372,1.746000051498413,1.7699999809265137,2334700
2020-04-15,1.649999976158142,1.7350000143051147,1.600000023841858,1.7200000286102295,4261500
2020-04-16,1.6200000047683716,1.7000000476837158,1.600000023841858,1.690000057220459,1404100
2020-04-17,1.6699999570846558,1.7699999809265137,1.6399999856948853,1.649999976158142,1853300
2020-04-20,1.600000023841858,1.7300000190734863,1.5499999523162842,1.6799999475479126,3510600
2020-04-21,1.5199999809265137,1.6100000143051147,1.5099999904632568,1.590000033378601,1913700
2020-04-22,1.5800000429153442,1.6200000047683716,1.5099999904632568,1.5499999523162842,4380700
2020-04-23,1.6200000047683716,1.725000023841858,1.5700000524520874,1.6100000143051147,2983100
2020-04-24,1.6200000047683716,1.690000057220459,1.5499999523162842,1.6799999475479126,1724400
2020-04-27,1.7200000286102295,1.7300000190734863,1.600000023841858,1.659999966621399,2430500
2020-04-28,1.649999976158142,1.75,1.6299999952316284,1.7300000190734863,2523100
2020-04-29,1.7899999618530271,1.850000023841858,1.690000057220459,1.7000000476837158,2491200
2020-04-30,1.7300000190734863,1.820000052452088,1.649999976158142,1.820000052452088,2202600
2020-05-01,1.600000023841858,1.7009999752044678,1.5700000524520874,1.7000000476837158,2311400
2020-05-04,1.5199999809265137,1.649999976158142,1.5049999952316284,1.559999942779541,2577400
2020-05-05,1.4800000190734863,1.6200000047683716,1.4800000190734863,1.5700000524520874,2333200
2020-05-06,1.4800000190734863,1.5299999713897705,1.4600000381469729,1.4900000095367432,1277200
2020-05-07,1.5299999713897705,1.5499999523162842,1.4900000095367432,1.4900000095367432,1624000
2020-05-08,1.75,1.7699999809265137,1.5499999523162842,1.559999942779541,4357300
2020-05-11,1.7799999713897705,1.850000023841858,1.625,1.7999999523162842,3637700
2020-05-12,1.690000057220459,1.7799999713897705,1.6699999570846558,1.7400000095367432,1647400
2020-05-13,1.590000033378601,1.7000000476837158,1.559999942779541,1.690000057220459,1934800
2020-05-14,1.6399999856948853,1.6799999475479126,1.5,1.5499999523162842,3367300
2020-05-15,1.649999976158142,1.7200000286102295,1.5779999494552612,1.590000033378601,2237200
2020-05-18,1.830000042915344,1.850000023841858,1.6749999523162842,1.6799999475479126,3863300
2020-05-19,1.7000000476837158,1.820000052452088,1.6799999475479126,1.820000052452088,1889000
2020-05-20,1.6399999856948853,1.7599999904632568,1.600000023841858,1.7200000286102295,4436500
2020-05-21,1.5499999523162842,1.684999942779541,1.5299999713897705,1.6799999475479126,3815300
2020-05-22,1.5,1.600000023841858,1.4800000190734863,1.559999942779541,3319600
2020-05-26,1.690000057220459,1.7300000190734863,1.399999976158142,1.4600000381469729,6412700
2020-05-27,1.590000033378601,1.75,1.5800000429153442,1.7000000476837158,4071400
2020-05-28,1.4800000190734863,1.590000033378601,1.440000057220459,1.590000033378601,5011500
2020-05-29,1.5,1.531999945640564,1.4500000476837158,1.4900000095367432,2593500
2020-06-01,1.4700000286102295,1.5,1.4299999475479126,1.5,3431700
2020-06-02,1.4700000286102295,1.5,1.399999976158142,1.5,4000300
2020-06-03,1.5499999523162842,1.6799999475479126,1.4800000190734863,1.6799999475479126,8932900
2020-06-04,1.5199999809265137,1.5479999780654907,1.4500000476837158,1.5,5847000
2020-06-05,1.5399999618530271,1.6299999952316284,1.5299999713897705,1.5800000429153442,5221100
2020-06-08,1.7699999809265137,1.820000052452088,1.559999942779541,1.6100000143051147,10872200
2020-06-09,1.6399999856948853,1.7599999904632568,1.6100000143051147,1.7400000095367432,5686700
2020-06-10,1.6699999570846558,1.850000023841858,1.5399999618530271,1.6799999475479126,11809200
2020-06-11,1.5499999523162842,1.7799999713897705,1.5399999618530271,1.600000023841858,5636700
2020-06-12,1.5199999809265137,1.6399999856948853,1.5099999904632568,1.6299999952316284,4913200
2020-06-15,1.6299999952316284,1.659999966621399,1.4900000095367432,1.5,3939800
2020-06-16,1.6399999856948853,1.690000057220459,1.559999942779541,1.649999976158142,3272000
2020-06-17,1.7200000286102295,1.75,1.600000023841858,1.649999976158142,3898800
2020-06-18,1.6699999570846558,1.7899999618530271,1.6649999618530271,1.7200000286102295,3618800
2020-06-19,1.7300000190734863,1.7799999713897705,1.690000057220459,1.7200000286102295,9164500
2020-06-22,1.7799999713897705,1.7899999618530271,1.6799999475479126,1.7100000381469729,3762200
2020-06-23,1.8899999856948853,2.0799999237060547,1.7929999828338623,1.7999999523162842,13974700
2020-06-24,1.7699999809265137,2.0,1.75,1.870000004768372,6557100
2020-06-25,1.7999999523162842,1.9600000381469729,1.7699999809265137,1.7799999713897705,3049700
2020-06-26,1.7400000095367432,1.8650000095367432,1.7300000190734863,1.75,2579200
2020-06-29,1.690000057220459,1.7599999904632568,1.659999966621399,1.7400000095367432,2483300
2020-06-30,1.7000000476837158,1.7699999809265137,1.659999966621399,1.6699999570846558,2928200
2020-07-01,1.6299999952316284,1.75,1.6200000047683716,1.7100000381469729,2795900
2020-07-02,1.7200000286102295,1.7599999904632568,1.6799999475479126,1.690000057220459,2379000
2020-07-06,2.2300000190734863,2.289999961853028,1.7699999809265137,1.7799999713897705,12551100
2020-07-07,1.919999957084656,2.180000066757202,1.899999976158142,2.0799999237060547,8466500
2020-07-08,2.619999885559082,2.900000095367432,2.0,2.0799999237060547,46382600
2020-07-09,2.440000057220459,3.069999933242798,2.369999885559082,2.7799999713897705,22105000
2020-07-10,2.380000114440918,2.440000057220459,2.2799999713897705,2.430000066757202,6035000
2020-07-13,2.140000104904175,2.470000028610229,2.119999885559082,2.450000047683716,7473800
2020-07-14,2.039999961853028,2.130000114440918,1.924999952316284,2.0899999141693115,6428300
2020-07-15,2.039999961853028,2.0899999141693115,1.940000057220459,2.069999933242798,4970000
2020-07-16,2.009999990463257,2.130000114440918,1.924999952316284,2.0,5245600
2020-07-17,2.039999961853028,2.190000057220459,2.0,2.0899999141693115,4078000
2020-07-20,1.9800000190734863,2.190000057220459,1.9600000381469729,2.049999952316284,4685000
2020-07-21,2.1600000858306885,2.200000047683716,1.9700000286102293,2.009999990463257,5500400
2020-07-22,1.950000047683716,2.1549999713897705,1.940000057220459,2.150000095367432,5699300
2020-07-23,1.820000052452088,1.9800000190734863,1.7999999523162842,1.9800000190734863,6003300
2020-07-24,1.659999966621399,1.7899999618530271,1.649999976158142,1.7599999904632568,5066200
2020-07-27,1.7000000476837158,1.7799999713897705,1.7000000476837158,1.7000000476837158,2374700
2020-07-28,1.6799999475479126,1.7899999618530271,1.6799999475479126,1.7100000381469729,2156800
2020-07-29,1.7000000476837158,1.7300000190734863,1.690000057220459,1.690000057220459,1549700
2020-07-30,1.6699999570846558,1.7000000476837158,1.649999976158142,1.6699999570846558,1819300
2020-07-31,1.6200000047683716,1.7050000429153442,1.6200000047683716,1.6699999570846558,3420600
2020-08-03,1.6699999570846558,1.7000000476837158,1.6030000448226929,1.7000000476837158,2018500
2020-08-04,1.7000000476837158,1.715000033378601,1.6699999570846558,1.6699999570846558,2105400
2020-08-05,1.690000057220459,1.7050000429153442,1.6399999856948853,1.7000000476837158,1894500
2020-08-06,1.6200000047683716,1.690000057220459,1.5800000429153442,1.6799999475479126,4431600
2020-08-07,1.6699999570846558,1.690000057220459,1.5880000591278076,1.600000023841858,2312200
2020-08-10,1.7000000476837158,1.7100000381469729,1.625,1.649999976158142,4684100
2020-08-11,1.7699999809265137,1.8600000143051147,1.649999976158142,1.7100000381469729,5416000
2020-08-12,1.7000000476837158,1.850000023841858,1.6699999570846558,1.850000023841858,3059600
2020-08-13,1.7999999523162842,1.820000052452088,1.7000000476837158,1.7200000286102295,2008700
2020-08-14,1.820000052452088,1.840000033378601,1.718999981880188,1.7200000286102295,2312900
2020-08-17,1.7100000381469729,1.8899999856948853,1.7000000476837158,1.8799999952316284,2709000
2020-08-18,1.6299999952316284,1.7799999713897705,1.6200000047683716,1.7300000190734863,2281700
2020-08-19,1.6100000143051147,1.7000000476837158,1.600000023841858,1.649999976158142,2834400
2020-08-20,1.6699999570846558,1.7200000286102295,1.5800000429153442,1.600000023841858,2895600
2020-08-21,1.690000057220459,1.75,1.6299999952316284,1.690000057220459,1855500
2020-08-24,1.7200000286102295,1.7300000190734863,1.659999966621399,1.7000000476837158,1491900
2020-08-25,1.649999976158142,1.75,1.6399999856948853,1.7100000381469729,2251900
2020-08-26,1.6200000047683716,1.7000000476837158,1.6200000047683716,1.6799999475479126,2084600
2020-08-27,1.6699999570846558,1.690000057220459,1.6100000143051147,1.649999976158142,1901500
2020-08-28,1.6699999570846558,1.7200000286102295,1.6200000047683716,1.6699999570846558,1930700
2020-08-31,1.590000033378601,1.659999966621399,1.5499999523162842,1.649999976158142,3179700
2020-09-01,1.5299999713897705,1.5700000524520874,1.4950000047683716,1.5499999523162842,3191700
2020-09-02,1.5099999904632568,1.5570000410079956,1.4800000190734863,1.5399999618530271,2065600
2020-09-03,1.5299999713897705,1.5499999523162842,1.4700000286102295,1.4700000286102295,2382600
2020-09-04,1.5499999523162842,1.5499999523162842,1.4600000381469729,1.5399999618530271,2300500
2020-09-08,1.4600000381469729,1.5099999904632568,1.409999966621399,1.5,3248500
2020-09-09,1.3200000524520874,1.5,1.3200000524520874,1.4900000095367432,3949500
2020-09-10,1.3200000524520874,1.350000023841858,1.25,1.309999942779541,5600700
2020-09-11,1.4800000190734863,1.4800000190734863,1.3300000429153442,1.3300000429153442,4091400
2020-09-14,1.5700000524520874,1.5800000429153442,1.4299999475479126,1.5099999904632568,2785700
2020-09-15,1.5700000524520874,1.6100000143051147,1.5,1.5700000524520874,1937000
2020-09-16,1.4500000476837158,1.6200000047683716,1.440000057220459,1.590000033378601,3894000
2020-09-17,1.399999976158142,1.4800000190734863,1.3899999856948853,1.4199999570846558,1677400
2020-09-18,1.3899999856948853,1.440000057220459,1.3600000143051147,1.409999966621399,1803400
2020-09-21,1.399999976158142,1.4199999570846558,1.309999942779541,1.3600000143051147,1850100
2020-09-22,1.340000033378601,1.409999966621399,1.3300000429153442,1.409999966621399,1728100
2020-09-23,1.25,1.3600000143051147,1.25,1.350000023841858,2574400
2020-09-24,1.3200000524520874,1.340000033378601,1.2400000095367432,1.2599999904632568,1767200
2020-09-25,1.2699999809265137,1.350000023841858,1.2599999904632568,1.309999942779541,1031000
2020-09-28,1.2400000095367432,1.340000033378601,1.2400000095367432,1.340000033378601,1566700
2020-09-29,1.2400000095367432,1.25,1.2200000286102295,1.2400000095367432,1350900
2020-09-30,1.2400000095367432,1.2999999523162842,1.2200000286102295,1.25,1413300
2020-10-01,1.2400000095367432,1.2799999713897705,1.2200000286102295,1.2799999713897705,1286000
2020-10-02,1.309999942779541,1.3200000524520874,1.2100000381469729,1.2100000381469729,1693000
2020-10-05,1.2999999523162842,1.3300000429153442,1.2450000047683716,1.309999942779541,1471000
2020-10-06,1.3300000429153442,1.4299999475479126,1.2799999713897705,1.309999942779541,4220500
2020-10-07,1.3700000047683716,1.3899999856948853,1.3200000524520874,1.3899999856948853,1834900
2020-10-08,1.340000033378601,1.4149999618530271,1.340000033378601,1.399999976158142,1878700
2020-10-09,1.399999976158142,1.4149999618530271,1.340000033378601,1.3700000047683716,1573500
2020-10-12,1.340000033378601,1.4299999475479126,1.340000033378601,1.409999966621399,1362400
2020-10-13,1.3300000429153442,1.3600000143051147,1.2999999523162842,1.3300000429153442,1652300
2020-10-14,1.2999999523162842,1.350000023841858,1.2999999523162842,1.350000023841858,1580300
2020-10-15,1.2599999904632568,1.309999942779541,1.25,1.2899999618530271,1598200
2020-10-16,1.2899999618530271,1.309999942779541,1.2699999809265137,1.2999999523162842,1189100
2020-10-19,1.3200000524520874,1.3799999952316284,1.2999999523162842,1.2999999523162842,2246400
2020-10-20,1.4600000381469729,1.5800000429153442,1.3300000429153442,1.3300000429153442,10596700
2020-10-21,1.4199999570846558,1.4800000190734863,1.3700000047683716,1.4500000476837158,3714800
2020-10-22,1.4800000190734863,1.5099999904632568,1.350000023841858,1.4199999570846558,3001500
2020-10-23,1.5299999713897705,1.5700000524520874,1.409999966621399,1.4700000286102295,3490300
2020-10-26,1.399999976158142,1.5199999809265137,1.3799999952316284,1.5199999809265137,2293700
2020-10-27,1.3799999952316284,1.4299999475479126,1.3799999952316284,1.3899999856948853,1251000
2020-10-28,1.350000023841858,1.3799999952316284,1.3200000524520874,1.350000023841858,1343000
2020-10-29,1.3600000143051147,1.4299999475479126,1.350000023841858,1.3700000047683716,1265000
2020-10-30,1.340000033378601,1.3899999856948853,1.309999942779541,1.3799999952316284,1662800
2020-11-02,1.3300000429153442,1.375,1.3300000429153442,1.3600000143051147,1956600
2020-11-03,1.350000023841858,1.3700000047683716,1.3200000524520874,1.3700000047683716,1905100
2020-11-04,1.350000023841858,1.3799999952316284,1.3300000429153442,1.3300000429153442,2013600
2020-11-05,1.4199999570846558,1.4700000286102295,1.340000033378601,1.340000033378601,2709300
2020-11-06,1.399999976158142,1.437999963760376,1.3899999856948853,1.4199999570846558,2481500
2020-11-09,1.5,1.5099999904632568,1.399999976158142,1.409999966621399,3075100
2020-11-10,1.4800000190734863,1.508999943733215,1.399999976158142,1.5,2057100
2020-11-11,1.4600000381469729,1.5499999523162842,1.440000057220459,1.4900000095367432,2804200
2020-11-12,1.409999966621399,1.4800000190734863,1.399999976158142,1.4500000476837158,3616500
2020-11-13,1.5499999523162842,1.5499999523162842,1.4299999475479126,1.4299999475479126,3745500
2020-11-16,1.5399999618530271,1.600000023841858,1.4800000190734863,1.559999942779541,3223500
2020-11-17,1.5199999809265137,1.5800000429153442,1.4700000286102295,1.5199999809265137,3501000
2020-11-18,1.4900000095367432,1.5800000429153442,1.4700000286102295,1.5800000429153442,3306500
2020-11-19,1.4800000190734863,1.5,1.4600000381469729,1.4900000095367432,2000100
2020-11-20,1.5,1.524999976158142,1.4299999475479126,1.5,3200400
2020-11-23,1.4900000095367432,1.5199999809265137,1.4299999475479126,1.5199999809265137,3346800
2020-11-24,1.440000057220459,1.4900000095367432,1.4299999475479126,1.4800000190734863,4334700
2020-11-25,1.440000057220459,1.4900000095367432,1.3799999952316284,1.4900000095367432,4820100
2020-11-27,1.440000057220459,1.4600000381469729,1.4299999475479126,1.4500000476837158,1465300
2020-11-30,1.2899999618530271,1.4299999475479126,1.2899999618530271,1.4299999475479126,6227100
2020-12-01,1.350000023841858,1.3700000047683716,1.3300000429153442,1.340000033378601,2655100
2020-12-02,1.399999976158142,1.4049999713897705,1.3300000429153442,1.3600000143051147,4118400
2020-12-03,1.350000023841858,1.399999976158142,1.350000023841858,1.3899999856948853,3684800
2020-12-04,1.3799999952316284,1.399999976158142,1.350000023841858,1.3600000143051147,3421100
2020-12-07,1.3799999952316284,1.399999976158142,1.3700000047683716,1.399999976158142,3170000
2020-12-08,1.350000023841858,1.399999976158142,1.350000023841858,1.3899999856948853,2089500
2020-12-09,1.309999942779541,1.3899999856948853,1.2999999523162842,1.3799999952316284,3531100
2020-12-10,1.399999976158142,1.399999976158142,1.309999942779541,1.3300000429153442,4363000
2020-12-11,1.3300000429153442,1.399999976158142,1.3300000429153442,1.399999976158142,4670400
2020-12-14,1.25,1.3799999952316284,1.25,1.3799999952316284,9548000
2020-12-15,1.2699999809265137,1.3200000524520874,1.2319999933242798,1.2799999713897705,4852200
2020-12-16,1.2899999618530271,1.3200000524520874,1.2599999904632568,1.2799999713897705,2762700
2020-12-17,1.25,1.309999942779541,1.25,1.2999999523162842,3663900
2020-12-18,1.2699999809265137,1.2799999713897705,1.2400000095367432,1.25,3810200
2020-12-21,1.2300000190734863,1.2599999904632568,1.2300000190734863,1.2400000095367432,3088000
2020-12-22,1.2300000190734863,1.2599999904632568,1.2100000381469729,1.25,3104200
2020-12-23,1.2400000095367432,1.25,1.2100000381469729,1.2200000286102295,4988800
2020-12-24,1.2300000190734863,1.2400000095367432,1.1699999570846558,1.2300000190734863,3448800
2020-12-28,1.190000057220459,1.25,1.190000057220459,1.2400000095367432,3929900
2020-12-29,1.1799999475479126,1.2300000190734863,1.1799999475479126,1.2100000381469729,2815700
2020-12-30,1.3899999856948853,1.399999976158142,1.190000057220459,1.190000057220459,12746000
2020-12-31,1.3799999952316284,1.399999976158142,1.2799999713897705,1.399999976158142,5197400
2021-01-04,1.3799999952316284,1.399999976158142,1.3200000524520874,1.399999976158142,4623600
2021-01-05,1.3700000047683716,1.399999976158142,1.340000033378601,1.399999976158142,3151400
2021-01-06,1.2999999523162842,1.350000023841858,1.2899999618530271,1.350000023841858,6018600
2021-01-07,1.309999942779541,1.340000033378601,1.25,1.3300000429153442,6433000
2021-01-08,1.6200000047683716,1.6799999475479126,1.3200000524520874,1.350000023841858,17882700
2021-01-11,1.600000023841858,1.659999966621399,1.5399999618530271,1.649999976158142,7368100
2021-01-12,1.909999966621399,1.940000057220459,1.559999942779541,1.600000023841858,11814900
2021-01-13,1.830000042915344,2.0350000858306885,1.7100000381469729,1.8600000143051147,11876700
2021-01-14,1.8899999856948853,1.9299999475479128,1.784999966621399,1.820000052452088,6166600
2021-01-15,1.809999942779541,1.950000047683716,1.7999999523162842,1.9299999475479128,5659000
2021-01-19,1.850000023841858,1.8799999952316284,1.7599999904632568,1.840000033378601,5099500
2021-01-20,2.119999885559082,2.140000104904175,1.820000052452088,1.8600000143051147,8399500
2021-01-21,2.2100000381469727,2.2100000381469727,1.950000047683716,2.130000114440918,9013700
2021-01-22,2.119999885559082,2.3499999046325684,2.0859999656677246,2.0999999046325684,9650400
2021-01-25,2.109999895095825,2.440000057220459,2.049999952316284,2.140000104904175,12964500
2021-01-26,2.150000095367432,2.240000009536743,2.049999952316284,2.119999885559082,4807100
2021-01-27,2.1700000762939453,2.275000095367432,2.0,2.049999952316284,7569300
2021-01-28,2.0899999141693115,2.200000047683716,2.069999933242798,2.1700000762939453,4156000
2021-01-29,2.009999990463257,2.200000047683716,1.9299999475479128,2.0999999046325684,7114800
2021-02-01,2.240000009536743,2.25,2.039999961853028,2.039999961853028,6128000
2021-02-02,2.2300000190734863,2.369999885559082,2.200000047683716,2.2799999713897705,5155200
2021-02-03,2.640000104904175,2.680000066757202,2.25,2.299999952316284,12670900
2021-02-04,2.680000066757202,2.759999990463257,2.509999990463257,2.6700000762939453,9004900
2021-02-05,3.0,3.049999952316284,2.6700000762939453,2.720000028610229,12785400
2021-02-08,3.200000047683716,3.289999961853028,3.0,3.140000104904175,13340000
2021-02-09,3.0199999809265137,3.25,2.900000095367432,3.2100000381469727,10289500
2021-02-10,3.220000028610229,3.2300000190734863,2.9200000762939453,3.0899999141693115,8559500
2021-02-11,3.150000095367432,3.259999990463257,3.0299999713897705,3.259999990463257,5766400
2021-02-12,3.640000104904175,3.7200000286102295,3.059999942779541,3.150000095367432,13424200
2021-02-16,3.660000085830689,3.819999933242798,3.430000066757202,3.819999933242798,11601700
2021-02-17,3.140000104904175,3.5999999046325684,3.109999895095825,3.5999999046325684,12515200
2021-02-18,3.069999933242798,3.259999990463257,2.900000095367432,3.0199999809265137,10357400
2021-02-19,3.119999885559082,3.259999990463257,3.0899999141693115,3.130000114440918,3578600
2021-02-22,2.7699999809265137,3.130000114440918,2.694999933242798,3.0899999141693115,11638000
2021-02-23,2.470000028610229,2.619999885559082,2.2799999713897705,2.5799999237060547,10298600
2021-02-24,2.4600000381469727,2.680000066757202,2.4100000858306885,2.5,8119500
2021-02-25,2.2699999809265137,2.450000047683716,2.2100000381469727,2.450000047683716,7954300
2021-02-26,2.140000104904175,2.3980000019073486,2.069999933242798,2.309999942779541,10378200
2021-03-01,2.359999895095825,2.440000057220459,2.259999990463257,2.259999990463257,5612300
2021-03-02,2.240000009536743,2.390000104904175,2.2300000190734863,2.369999885559082,3130200
2021-03-03,2.4200000762939453,2.630000114440918,2.220000028610229,2.299999952316284,12369200
2021-03-04,2.369999885559082,2.400000095367432,2.0999999046325684,2.369999885559082,8650700
2021-03-05,2.180000066757202,2.390000104904175,1.950000047683716,2.369999885559082,9989500
2021-03-08,2.049999952316284,2.180000066757202,2.009999990463257,2.130000114440918,4546400
2021-03-09,2.059999942779541,2.190000057220459,2.0450000762939453,2.0899999141693115,10208800
2021-03-10,2.240000009536743,2.259999990463257,2.0899999141693115,2.1700000762939453,6805100
2021-03-11,2.630000114440918,2.640000104904175,2.259999990463257,2.3399999141693115,7263500
2021-03-12,2.5999999046325684,2.6700000762939453,2.400000095367432,2.5199999809265137,5521900
2021-03-15,2.799999952316284,2.869999885559082,2.450000047683716,2.5999999046325684,10325600
2021-03-16,3.1700000762939453,3.240000009536743,2.759999990463257,2.859999895095825,18297100
2021-03-17,3.0199999809265137,3.109999895095825,2.9200000762939453,3.0,5663600
2021-03-18,2.9200000762939453,3.157000064849853,2.9100000858306885,3.009999990463257,5499800
2021-03-19,2.759999990463257,2.9600000381469727,2.619999885559082,2.930000066757202,15786600
2021-03-22,2.740000009536743,2.8399999141693115,2.6549999713897705,2.7799999713897705,4991100
2021-03-23,2.539999961853028,2.720000028610229,2.380000114440918,2.6700000762939453,6983300
2021-03-24,2.430000066757202,2.634999990463257,2.319999933242798,2.619999885559082,6882200
2021-03-25,2.259999990463257,2.4200000762939453,2.200000047683716,2.2799999713897705,8939700
2021-03-26,2.25,2.380000114440918,2.2100000381469727,2.299999952316284,9892800
2021-03-29,2.140000104904175,2.359999895095825,1.830000042915344,2.0999999046325684,18354500
2021-03-30,2.25,2.2699999809265137,2.0799999237060547,2.0799999237060547,6370800
2021-03-31,2.2799999713897705,2.3399999141693115,2.200000047683716,2.25,4122600
2021-04-01,2.289999961853028,2.430000066757202,2.25,2.3499999046325684,4111100
2021-04-05,2.259999990463257,2.369999885559082,2.180000066757202,2.359999895095825,2588500
2021-04-06,2.309999942779541,2.369999885559082,2.180000066757202,2.2300000190734863,3580800
2021-04-07,2.240000009536743,2.3299999237060547,2.220000028610229,2.309999942779541,3269400
2021-04-08,2.2799999713897705,2.289999961853028,2.1700000762939453,2.240000009536743,2605600
2021-04-09,2.180000066757202,2.2950000762939453,2.174999952316284,2.240000009536743,3199600
2021-04-12,2.039999961853028,2.200000047683716,2.0299999713897705,2.190000057220459,2238900
2021-04-13,2.009999990463257,2.0999999046325684,1.9700000286102293,2.039999961853028,3097800
2021-04-14,2.0199999809265137,2.109999895095825,1.9900000095367432,2.009999990463257,2193600
2021-04-15,1.850000023841858,2.049999952316284,1.7899999618530271,2.0199999809265137,6271500
2021-04-16,1.8799999952316284,1.8849999904632568,1.7899999618530271,1.870000004768372,3772400
2021-04-19,1.899999976158142,1.9600000381469729,1.8550000190734863,1.9299999475479128,2776600
2021-04-20,1.75,1.909999966621399,1.7100000381469729,1.899999976158142,4900900
2021-04-21,1.840000033378601,1.8600000143051147,1.7100000381469729,1.7799999713897705,2450400
2021-04-22,1.909999966621399,1.9700000286102293,1.820000052452088,1.830000042915344,3023300
2021-04-23,1.909999966621399,1.9299999475479128,1.830000042915344,1.899999976158142,1790200
2021-04-26,2.069999933242798,2.0999999046325684,1.8799999952316284,1.940000057220459,2634700
2021-04-27,2.039999961853028,2.0899999141693115,1.940000057220459,1.9900000095367432,2011300
2021-04-28,2.140000104904175,2.1600000858306885,2.0,2.0299999713897705,3067600
2021-04-29,2.009999990463257,2.1700000762939453,2.005000114440918,2.150000095367432,2983000
2021-04-30,2.049999952316284,2.0899999141693115,2.009999990463257,2.009999990463257,1406700
2021-05-03,2.0199999809265137,2.0999999046325684,2.009999990463257,2.049999952316284,2153100
2021-05-04,2.059999942779541,2.0910000801086426,1.8899999856948853,1.9900000095367432,3034300
2021-05-05,1.950000047683716,2.0799999237060547,1.950000047683716,2.059999942779541,1955000
2021-05-06,1.899999976158142,1.9800000190734863,1.8350000381469729,1.9600000381469729,2349400
2021-05-07,1.9700000286102293,2.039999961853028,1.8899999856948853,1.8899999856948853,5230300
2021-05-10,1.840000033378601,2.009999990463257,1.830000042915344,2.009999990463257,3002500
2021-05-11,1.919999957084656,1.950000047683716,1.7450000047683716,1.7799999713897705,2421700
2021-05-12,1.8600000143051147,1.9900000095367432,1.850000023841858,1.919999957084656,1580800
2021-05-13,1.7999999523162842,1.940000057220459,1.7400000095367432,1.850000023841858,2684000
2021-05-14,1.8899999856948853,1.8899999856948853,1.809999942779541,1.830000042915344,1144700
2021-05-17,1.950000047683716,1.9700000286102293,1.809999942779541,1.8899999856948853,1927200
2021-05-18,2.049999952316284,2.109999895095825,1.940000057220459,1.9700000286102293,2475400
2021-05-19,2.009999990463257,2.0299999713897705,1.940000057220459,2.0,1897400
2021-05-20,2.119999885559082,2.1700000762939453,2.005000114440918,2.0199999809265137,3102300
2021-05-21,2.069999933242798,2.180000066757202,2.059999942779541,2.1700000762939453,1361400
2021-05-24,2.0199999809265137,2.1600000858306885,2.0199999809265137,2.059999942779541,1748200
2021-05-25,2.109999895095825,2.125,2.009999990463257,2.0199999809265137,2335200
2021-05-26,2.0999999046325684,2.1700000762939453,2.0799999237060547,2.150000095367432,1613900
2021-05-27,2.140000104904175,2.1449999809265137,2.069999933242798,2.069999933242798,2069900
2021-05-28,2.069999933242798,2.140000104904175,2.049999952316284,2.109999895095825,1434600
2021-06-01,2.259999990463257,2.289999961853028,2.0,2.059999942779541,5013100
2021-06-02,2.289999961853028,2.3499999046325684,2.200000047683716,2.2799999713897705,2683100
2021-06-03,2.140000104904175,2.247999906539917,2.059999942779541,2.2300000190734863,3545600
2021-06-04,2.180000066757202,2.200000047683716,2.109999895095825,2.150000095367432,2171000
2021-06-07,2.130000114440918,2.190000057220459,2.1050000190734863,2.180000066757202,1951900
2021-06-08,2.0999999046325684,2.130000114440918,2.039999961853028,2.119999885559082,2513400
2021-06-09,2.0999999046325684,2.1700000762939453,2.095000028610229,2.0999999046325684,3025400
2021-06-10,2.0999999046325684,2.240000009536743,2.0999999046325684,2.0999999046325684,2800800
2021-06-11,2.109999895095825,2.130000114440918,2.059999942779541,2.0999999046325684,1933600
2021-06-14,2.440000057220459,2.5199999809265137,2.130000114440918,2.130000114440918,8713700
2021-06-15,2.400000095367432,2.450000047683716,2.200000047683716,2.2799999713897705,9070700
2021-06-16,2.4600000381469727,2.5299999713897705,2.309999942779541,2.4100000858306885,6238800
2021-06-17,2.5799999237060547,2.720000028610229,2.4200000762939453,2.5,8567300
2021-06-18,2.680000066757202,2.8499999046325684,2.5199999809265137,2.5799999237060547,13655700
2021-06-21,2.380000114440918,2.7300000190734863,2.359999895095825,2.7100000381469727,6929000
2021-06-22,2.400000095367432,2.4200000762939453,2.3299999237060547,2.380000114440918,2709000
2021-06-23,2.5899999141693115,2.619999885559082,2.3399999141693115,2.4200000762939453,4240600
2021-06-24,2.619999885559082,2.720000028610229,2.5899999141693115,2.619999885559082,3242900
2021-06-25,2.5799999237060547,2.609999895095825,2.450000047683716,2.5899999141693115,2503100
2021-06-28,2.539999961853028,2.640000104904175,2.490000009536743,2.5799999237060547,2494900
2021-06-29,2.450000047683716,2.539999961853028,2.380000114440918,2.5299999713897705,2454100
2021-06-30,2.4100000858306885,2.490000009536743,2.359999895095825,2.390000104904175,1473900
2021-07-01,2.319999933242798,2.4800000190734863,2.309999942779541,2.400000095367432,2323300
2021-07-02,2.200000047683716,2.319999933242798,2.1610000133514404,2.319999933242798,3128700
2021-07-06,2.190000057220459,2.2699999809265137,2.130000114440918,2.1700000762939453,2333000
2021-07-07,2.130000114440918,2.246000051498413,2.059999942779541,2.2100000381469727,5438400
2021-07-08,2.0199999809265137,2.109999895095825,1.9600000381469729,2.0,3832600
2021-07-09,2.0299999713897705,2.0799999237060547,1.995000004768372,2.049999952316284,1858700
2021-07-12,2.0,2.0999999046325684,1.9700000286102293,2.049999952316284,2229400
2021-07-13,2.0299999713897705,2.150000095367432,2.009999990463257,2.0199999809265137,1982600
2021-07-14,2.049999952316284,2.150000095367432,2.039999961853028,2.049999952316284,2173200
2021-07-15,2.0299999713897705,2.0899999141693115,2.0,2.039999961853028,1358900
2021-07-16,1.950000047683716,2.039999961853028,1.9299999475479128,2.0199999809265137,2546300
2021-07-19,1.9700000286102293,2.0,1.850000023841858,1.899999976158142,2236200
2021-07-20,1.9800000190734863,2.0299999713897705,1.919999957084656,1.950000047683716,1329600
2021-07-21,2.059999942779541,2.109999895095825,1.9800000190734863,1.9800000190734863,1566400
2021-07-22,2.0299999713897705,2.0799999237060547,1.9800000190734863,2.059999942779541,1332800
2021-07-23,1.8600000143051147,1.9800000190734863,1.8600000143051147,1.940000057220459,3304400
2021-07-26,1.8899999856948853,1.9290000200271609,1.75,1.830000042915344,1944800
2021-07-27,1.7200000286102295,1.875,1.6799999475479126,1.840000033378601,3766400
2021-07-28,1.919999957084656,1.919999957084656,1.75,1.75,1635300
2021-07-29,1.850000023841858,1.940000057220459,1.7899999618530271,1.8799999952316284,1878500
2021-07-30,1.809999942779541,1.870000004768372,1.7899999618530271,1.809999942779541,865800
2021-08-02,1.840000033378601,1.8799999952316284,1.820000052452088,1.820000052452088,806400
2021-08-03,1.7899999618530271,1.8450000286102293,1.75,1.830000042915344,1246600
2021-08-04,1.7699999809265137,1.8450000286102293,1.7599999904632568,1.7999999523162842,843900
2021-08-05,1.7899999618530271,1.840000033378601,1.7599999904632568,1.7699999809265137,713900
2021-08-06,1.820000052452088,1.820000052452088,1.7599999904632568,1.7699999809265137,1061600
2021-08-09,1.7899999618530271,1.8350000381469729,1.774999976158142,1.809999942779541,747500
2021-08-10,1.7699999809265137,1.840000033378601,1.7599999904632568,1.840000033378601,1104800
2021-08-11,1.75,1.7899999618530271,1.7300000190734863,1.7699999809265137,1040900
2021-08-12,1.6699999570846558,1.7599999904632568,1.659999966621399,1.75,1799000
2021-08-13,1.600000023841858,1.690000057220459,1.5950000286102295,1.690000057220459,1105200
2021-08-16,1.5199999809265137,1.600000023841858,1.4900000095367432,1.590000033378601,3646000
2021-08-17,1.559999942779541,1.5700000524520874,1.4900000095367432,1.5,1198400
2021-08-18,1.5800000429153442,1.6299999952316284,1.5299999713897705,1.559999942779541,2108000
2021-08-19,1.5,1.590000033378601,1.4800000190734863,1.559999942779541,1407400
2021-08-20,1.5,1.5399999618530271,1.4800000190734863,1.4900000095367432,938500
2021-08-23,1.5700000524520874,1.590000033378601,1.4900000095367432,1.5299999713897705,1205800
2021-08-24,1.6799999475479126,1.7300000190734863,1.5700000524520874,1.5700000524520874,2173800
2021-08-25,1.649999976158142,1.6799999475479126,1.590000033378601,1.6799999475479126,1288000
2021-08-26,1.590000033378601,1.6699999570846558,1.5800000429153442,1.6299999952316284,627500
2021-08-27,1.600000023841858,1.6200000047683716,1.559999942779541,1.5800000429153442,1086000
2021-08-30,1.659999966621399,1.6699999570846558,1.5449999570846558,1.6200000047683716,1541000
2021-08-31,1.7000000476837158,1.7200000286102295,1.659999966621399,1.659999966621399,724600
2021-09-01,1.7599999904632568,1.7599999904632568,1.7000000476837158,1.7100000381469729,1035100
2021-09-02,1.7699999809265137,1.7999999523162842,1.7300000190734863,1.7400000095367432,786200
2021-09-03,1.7300000190734863,1.8049999475479128,1.7300000190734863,1.7799999713897705,715100
2021-09-07,1.7400000095367432,1.807999968528748,1.7000000476837158,1.7400000095367432,817300
2021-09-08,1.6699999570846558,1.7300000190734863,1.6299999952316284,1.7200000286102295,643400
2021-09-09,1.6399999856948853,1.6950000524520874,1.6299999952316284,1.6299999952316284,826100
2021-09-10,1.649999976158142,1.7000000476837158,1.6200000047683716,1.6699999570846558,667500
2021-09-13,1.6699999570846558,1.7200000286102295,1.6100000143051147,1.659999966621399,900800
2021-09-14,1.6399999856948853,1.7200000286102295,1.6299999952316284,1.649999976158142,1005000
2021-09-15,1.6799999475479126,1.6799999475479126,1.6200000047683716,1.649999976158142,991600
2021-09-16,1.6399999856948853,1.690000057220459,1.6200000047683716,1.649999976158142,704300
2021-09-17,1.649999976158142,1.649999976158142,1.6200000047683716,1.6299999952316284,774300
2021-09-20,1.5299999713897705,1.6299999952316284,1.5,1.6200000047683716,1726600
2021-09-21,1.4500000476837158,1.559999942779541,1.440000057220459,1.5399999618530271,1669400
2021-09-22,1.5099999904632568,1.5800000429153442,1.440000057220459,1.440000057220459,1036400
2021-09-23,1.5299999713897705,1.5399999618530271,1.5,1.5299999713897705,668300
2021-09-24,1.5199999809265137,1.559999942779541,1.5099999904632568,1.5099999904632568,661800
2021-09-27,1.5099999904632568,1.5700000524520874,1.5099999904632568,1.5700000524520874,530600
2021-09-28,1.4700000286102295,1.5199999809265137,1.4600000381469729,1.5,739100
2021-09-29,1.399999976158142,1.5,1.3799999952316284,1.4800000190734863,1235200
2021-09-30,1.4600000381469729,1.5099999904632568,1.399999976158142,1.4199999570846558,1048800
2021-10-01,1.4900000095367432,1.5,1.4259999990463257,1.4500000476837158,628400
2021-10-04,1.4299999475479126,1.4800000190734863,1.4199999570846558,1.4700000286102295,619000
2021-10-05,1.4700000286102295,1.4800000190734863,1.4299999475479126,1.4299999475479126,777100
2021-10-06,1.4199999570846558,1.4700000286102295,1.4049999713897705,1.4299999475479126,1189800
2021-10-07,1.590000033378601,1.6200000047683716,1.4299999475479126,1.4299999475479126,1366700
2021-10-08,1.6299999952316284,1.659999966621399,1.5800000429153442,1.5800000429153442,547300
2021-10-11,1.649999976158142,1.690000057220459,1.6200000047683716,1.649999976158142,580800
2021-10-12,1.5700000524520874,1.6699999570846558,1.5499999523162842,1.649999976158142,736400
2021-10-13,1.5700000524520874,1.600000023841858,1.5199999809265137,1.5700000524520874,1075600
2021-10-14,1.590000033378601,1.6150000095367432,1.5399999618530271,1.559999942779541,683300
2021-10-15,1.559999942779541,1.6200000047683716,1.559999942779541,1.6200000047683716,643900
2021-10-18,1.600000023841858,1.6100000143051147,1.534999966621399,1.5399999618530271,625200
2021-10-19,1.6699999570846558,1.690000057220459,1.600000023841858,1.600000023841858,1369600
2021-10-20,1.7300000190734863,1.75,1.6799999475479126,1.7000000476837158,1697300
2021-10-21,1.850000023841858,1.8949999809265137,1.7300000190734863,1.7300000190734863,2468400
2021-10-22,1.840000033378601,1.899999976158142,1.820000052452088,1.850000023841858,1857000
2021-10-25,1.8600000143051147,1.9700000286102293,1.840000033378601,1.840000033378601,1517600
2021-10-26,1.7699999809265137,1.870000004768372,1.75,1.870000004768372,1263300
2021-10-27,1.7400000095367432,1.909999966621399,1.7200000286102295,1.7699999809265137,1639500
2021-10-28,1.690000057220459,1.7699999809265137,1.6799999475479126,1.7000000476837158,1095100
2021-10-29,1.6699999570846558,1.7599999904632568,1.659999966621399,1.7400000095367432,1231500
2021-11-01,1.7200000286102295,1.7899999618530271,1.659999966621399,1.659999966621399,737100
2021-11-02,1.7000000476837158,1.7000000476837158,1.6299999952316284,1.690000057220459,1279800
2021-11-03,1.7699999809265137,1.809999942779541,1.690000057220459,1.690000057220459,1531500
2021-11-04,1.690000057220459,1.7999999523162842,1.649999976158142,1.7599999904632568,2038700
2021-11-05,1.659999966621399,1.712000012397766,1.625,1.6799999475479126,2968200
2021-11-08,1.690000057220459,1.7200000286102295,1.6100000143051147,1.659999966621399,949500
2021-11-09,1.7000000476837158,1.75,1.649999976158142,1.6799999475479126,1152600
2021-11-10,1.7000000476837158,1.7799999713897705,1.6699999570846558,1.690000057220459,1377800
2021-11-11,1.7400000095367432,1.7599999904632568,1.7000000476837158,1.7000000476837158,424100
2021-11-12,1.7300000190734863,1.7699999809265137,1.7050000429153442,1.7200000286102295,389300
2021-11-15,1.7100000381469729,1.7699999809265137,1.659999966621399,1.7200000286102295,1055800
2021-11-16,1.7400000095367432,1.75,1.6799999475479126,1.7100000381469729,933800
2021-11-17,1.7000000476837158,1.7380000352859497,1.6799999475479126,1.7300000190734863,630100
2021-11-18,1.5800000429153442,1.7100000381469729,1.5700000524520874,1.6799999475479126,1833600
2021-11-19,1.5199999809265137,1.600000023841858,1.5149999856948853,1.5800000429153442,1487800
2021-11-22,1.559999942779541,1.5800000429153442,1.4800000190734863,1.5199999809265137,1897300
2021-11-23,1.4900000095367432,1.5800000429153442,1.4800000190734863,1.559999942779541,1133500
2021-11-24,1.5099999904632568,1.5299999713897705,1.4800000190734863,1.5099999904632568,616700
2021-11-26,1.4600000381469729,1.5,1.399999976158142,1.4800000190734863,1130500
2021-11-29,1.4199999570846558,1.4800000190734863,1.3799999952316284,1.4600000381469729,1960900
2021-11-30,1.399999976158142,1.440000057220459,1.3200000524520874,1.399999976158142,2120800
2021-12-01,1.340000033378601,1.4299999475479126,1.3200000524520874,1.409999966621399,1543600
2021-12-02,1.2999999523162842,1.3700000047683716,1.2899999618530271,1.340000033378601,2183900
2021-12-03,1.2400000095367432,1.3200000524520874,1.2100000381469729,1.2799999713897705,2085100
2021-12-06,1.3200000524520874,1.3200000524520874,1.2100000381469729,1.2200000286102295,1149800
2021-12-07,1.3799999952316284,1.399999976158142,1.309999942779541,1.309999942779541,724100
2021-12-08,1.399999976158142,1.399999976158142,1.340000033378601,1.399999976158142,1085500
2021-12-09,1.3600000143051147,1.4299999475479126,1.3600000143051147,1.3700000047683716,554200
2021-12-10,1.399999976158142,1.4299999475479126,1.3600000143051147,1.3600000143051147,741200
2021-12-13,1.1100000143051147,1.2599999904632568,1.100000023841858,1.25,6726200
2021-12-14,1.0499999523162842,1.1100000143051147,1.0499999523162842,1.100000023841858,2972100
2021-12-15,0.8870000243186951,1.0700000524520874,0.8870000243186951,1.0399999618530271,4792300
2021-12-16,0.9020000100135804,0.9300000071525574,0.8989999890327454,0.9300000071525574,3116600
2021-12-17,0.8980000019073486,0.9039999842643738,0.8109999895095825,0.8700000047683716,9768500
2021-12-20,0.8899999856948853,0.9100000262260436,0.8489999771118164,0.8529999852180481,897800
2021-12-21,0.9660000205039978,0.9800000190734864,0.9049999713897704,0.9100000262260436,1643100
2021-12-22,0.9399999976158142,0.9900000095367432,0.9200000166893004,0.9900000095367432,1011600
2021-12-23,1.0099999904632568,1.0299999713897705,0.949999988079071,0.949999988079071,1255100
2021-12-27,0.9929999709129332,1.0499999523162842,0.977999985218048,1.0199999809265137,1521000
2021-12-28,0.9459999799728394,1.0,0.9300000071525574,0.9860000014305116,1179700
2021-12-29,0.949999988079071,0.9950000047683716,0.9200000166893004,0.9300000071525574,1199300
2021-12-30,1.0199999809265137,1.0199999809265137,0.9200000166893004,0.9300000071525574,1369900
2021-12-31,0.968999981880188,1.0099999904632568,0.949999988079071,0.9860000014305116,1141400
2022-01-03,0.9850000143051147,1.0199999809265137,0.959999978542328,0.9900000095367432,540200
2022-01-04,0.9800000190734864,1.0199999809265137,0.959999978542328,0.99099999666214,667000
2022-01-05,1.0499999523162842,1.0800000429153442,1.0,1.0099999904632568,1667700
2022-01-06,1.059999942779541,1.059999942779541,0.9900000095367432,1.0299999713897705,1225100
2022-01-07,1.0199999809265137,1.0700000524520874,1.0149999856948853,1.059999942779541,544400
2022-01-10,1.0399999618530271,1.0399999618530271,1.0099999904632568,1.0199999809265137,789800
2022-01-11,1.0700000524520874,1.0800000429153442,1.031000018119812,1.0399999618530271,795500
2022-01-12,1.159999966621399,1.190000057220459,1.0800000429153442,1.0800000429153442,1741700
2022-01-13,1.0499999523162842,1.159999966621399,1.0399999618530271,1.1399999856948853,978500
2022-01-14,1.059999942779541,1.100000023841858,1.0399999618530271,1.0399999618530271,567600
2022-01-18,0.9890000224113464,1.0499999523162842,0.949999988079071,1.0499999523162842,1100400
2022-01-19,1.0199999809265137,1.059999942779541,1.0,1.059999942779541,797200
2022-01-20,1.0499999523162842,1.0499999523162842,1.0,1.0399999618530271,1157400
2022-01-21,0.9449999928474426,1.0099999904632568,0.930999994277954,1.0,1297700
2022-01-24,0.8999999761581421,0.9470000267028807,0.8799999952316284,0.9200000166893004,1361300
2022-01-25,0.9169999957084656,0.9399999976158142,0.8679999709129333,0.8679999709129333,687100
2022-01-26,0.8960000276565552,0.9990000128746032,0.8899999856948853,0.9900000095367432,1020500
2022-01-27,0.8510000109672546,0.944000005722046,0.8500000238418579,0.8820000290870667,924600
2022-01-28,0.8690000176429749,0.8799999952316284,0.8109999895095825,0.8529999852180481,1127000
2022-01-31,0.9190000295639038,0.9399999976158142,0.8690000176429749,0.8690000176429749,805500
2022-02-01,0.9470000267028807,0.9800000190734864,0.9200000166893004,0.9490000009536744,483700
2022-02-02,0.949999988079071,0.9700000286102296,0.9200000166893004,0.9559999704360962,601400
2022-02-03,0.921999990940094,0.9789999723434448,0.9210000038146972,0.949999988079071,645700
2022-02-04,0.9589999914169312,0.9589999914169312,0.9049999713897704,0.9340000152587892,709300
2022-02-07,0.9470000267028807,0.9800000190734864,0.9399999976158142,0.9800000190734864,504000
2022-02-08,0.968999981880188,0.9810000061988832,0.9399999976158142,0.949999988079071,1654900
2022-02-09,0.9800000190734864,1.0199999809265137,0.9399999976158142,0.949999988079071,476700
2022-02-10,1.0,1.0299999713897705,0.959999978542328,0.9700000286102296,635100
2022-02-11,0.9900000095367432,1.0299999713897705,0.9700000286102296,1.0,609500
2022-02-14,0.9399999976158142,0.9869999885559082,0.9300000071525574,0.9679999947547911,775000
2022-02-15,0.9900000095367432,1.0099999904632568,0.9459999799728394,0.959999978542328,525300
2022-02-16,0.9900000095367432,1.0,0.9700000286102296,1.0,398700
2022-02-17,0.968999981880188,1.0,0.9509999752044678,1.0,453700
2022-02-18,0.9100000262260436,0.9800000190734864,0.8899999856948853,0.9509999752044678,862600
2022-02-22,0.875,0.9200000166893004,0.8600000143051147,0.9200000166893004,744800
2022-02-23,0.8299999833106995,0.8999999761581421,0.8299999833106995,0.8700000047683716,1007300
2022-02-24,0.8180000185966492,0.8199999928474426,0.75,0.7799999713897705,1396500
2022-02-25,0.8379999995231628,0.8489999771118164,0.8069999814033508,0.8299999833106995,286200
2022-02-28,0.8230000138282776,0.8500000238418579,0.8159999847412109,0.8399999737739563,589500
2022-03-01,0.7900000214576721,0.8199999928474426,0.7710000276565552,0.8199999928474426,1065000
2022-03-02,0.8629999756813049,0.8700000047683716,0.800000011920929,0.8450000286102295,878400
2022-03-03,0.8199999928474426,0.8700000047683716,0.7929999828338623,0.8700000047683716,883200
2022-03-04,0.7540000081062317,0.8230000138282776,0.75,0.8140000104904175,974800
2022-03-07,0.7699999809265137,0.800000011920929,0.7450000047683716,0.75,964100
2022-03-08,0.7590000033378601,0.7990000247955322,0.7300000190734863,0.7300000190734863,1010400
2022-03-09,0.753000020980835,0.800000011920929,0.75,0.800000011920929,810400
2022-03-10,0.7099999785423279,0.7590000033378601,0.7049999833106995,0.7450000047683716,1196300
2022-03-11,0.7200000286102295,0.7279999852180481,0.6489999890327454,0.7099999785423279,1865500
2022-03-14,0.6299999952316284,0.7200000286102295,0.6299999952316284,0.699999988079071,1555500
2022-03-15,0.7459999918937683,0.7639999985694885,0.6299999952316284,0.6299999952316284,2182800
2022-03-16,0.9399999976158142,0.959999978542328,0.7910000085830688,0.7979999780654907,2271300
2022-03-17,0.9800000190734864,0.9800000190734864,0.9100000262260436,0.9399999976158142,1152000
2022-03-18,1.0199999809265137,1.090000033378601,0.9200000166893004,0.9300000071525574,2889700
2022-03-21,1.0499999523162842,1.0800000429153442,0.9570000171661376,1.0199999809265137,2300100
2022-03-22,1.2999999523162842,1.340000033378601,1.0800000429153442,1.090000033378601,4317200
2022-03-23,1.190000057220459,1.277999997138977,1.1670000553131104,1.2300000190734863,1430900
2022-03-24,1.2599999904632568,1.2599999904632568,1.1699999570846558,1.1699999570846558,597200
2022-03-25,1.2200000286102295,1.25,1.2000000476837158,1.25,723100
2022-03-28,1.1100000143051147,1.2400000095367432,1.0700000524520874,1.190000057220459,1077700
2022-03-29,1.2000000476837158,1.2400000095367432,1.1100000143051147,1.1100000143051147,882700
2022-03-30,1.1699999570846558,1.2400000095367432,1.159999966621399,1.1699999570846558,568900
2022-03-31,1.1799999475479126,1.2000000476837158,1.159999966621399,1.1699999570846558,1083200
2022-04-01,1.2400000095367432,1.2799999713897705,1.2200000286102295,1.2400000095367432,828300
2022-04-04,1.2699999809265137,1.2899999618530271,1.2450000047683716,1.2699999809265137,585300
2022-04-05,1.2400000095367432,1.2899999618530271,1.2300000190734863,1.2899999618530271,469500
2022-04-06,1.2100000381469729,1.2599999904632568,1.1799999475479126,1.2200000286102295,736900
2022-04-07,1.190000057220459,1.2350000143051147,1.1799999475479126,1.190000057220459,801800
2022-04-08,1.2599999904632568,1.2699999809265137,1.190000057220459,1.2000000476837158,657700
2022-04-11,1.1299999952316284,1.2000000476837158,1.1299999952316284,1.2000000476837158,1015800
2022-04-12,1.149999976158142,1.2000000476837158,1.125,1.1299999952316284,963600
2022-04-13,1.1799999475479126,1.2000000476837158,1.1399999856948853,1.149999976158142,648500
2022-04-14,1.100000023841858,1.190000057220459,1.090000033378601,1.190000057220459,1114300
2022-04-18,1.059999942779541,1.149999976158142,1.0260000228881836,1.1100000143051147,1020500
2022-04-19,1.0499999523162842,1.0800000429153442,0.9900000095367432,1.0299999713897705,765700
2022-04-20,1.0299999713897705,1.100000023841858,1.0099999904632568,1.100000023841858,877700
2022-04-21,1.0199999809265137,1.0499999523162842,1.0099999904632568,1.0099999904632568,670600
2022-04-22,0.9900000095367432,1.0800000429153442,0.9850000143051147,1.0099999904632568,720800
2022-04-25,1.0299999713897705,1.0499999523162842,0.9700000286102296,0.9700000286102296,493100
2022-04-26,0.99099999666214,1.059999942779541,0.99099999666214,1.0299999713897705,562000
2022-04-27,1.059999942779541,1.0800000429153442,0.9900000095367432,0.9940000176429749,752800
2022-04-28,1.1100000143051147,1.1349999904632568,1.0299999713897705,1.0499999523162842,491400
2022-04-29,1.0800000429153442,1.1749999523162842,1.0700000524520874,1.090000033378601,714000
2022-05-02,1.0800000429153442,1.1100000143051147,1.0499999523162842,1.0499999523162842,583400
2022-05-03,1.059999942779541,1.1200000047683716,1.0299999713897705,1.1200000047683716,559400
2022-05-04,1.1299999952316284,1.1399999856948853,1.0449999570846558,1.059999942779541,468400
2022-05-05,1.0399999618530271,1.100000023841858,1.034999966621399,1.0700000524520874,411200
2022-05-06,0.9900000095367432,1.0499999523162842,0.9900000095367432,1.0099999904632568,578500
2022-05-09,0.8960000276565552,0.9900000095367432,0.8870000243186951,0.9739999771118164,1396600
2022-05-10,0.8820000290870667,0.949999988079071,0.8700000047683716,0.9010000228881836,552700
2022-05-11,0.8169999718666077,0.906000018119812,0.8100000023841858,0.8799999952316284,533500
2022-05-12,0.7929999828338623,0.8299999833106995,0.7599999904632568,0.8100000023841858,907100
2022-05-13,0.7599999904632568,0.828000009059906,0.7599999904632568,0.800000011920929,1683400
2022-05-16,0.7509999871253967,0.7900000214576721,0.7400000095367432,0.7599999904632568,603900
2022-05-17,0.8100000023841858,0.8489999771118164,0.75,0.75,633400
2022-05-18,0.800000011920929,0.8399999737739563,0.7599999904632568,0.7599999904632568,532500
2022-05-19,0.7870000004768372,0.8100000023841858,0.75,0.7799999713897705,546200
2022-05-20,0.7900000214576721,0.8199999928474426,0.7720000147819519,0.7900000214576721,639900
2022-05-23,0.7609999775886536,0.8199999928474426,0.7599999904632568,0.8029999732971191,409700
2022-05-24,0.7400000095367432,0.7879999876022339,0.7200000286102295,0.7879999876022339,614200
2022-05-25,0.7390000224113464,0.7540000081062317,0.7250000238418579,0.7300000190734863,441900
2022-05-26,0.7699999809265137,0.7940000295639038,0.7099999785423279,0.7200000286102295,810400
2022-05-27,0.7300000190734863,0.7889999747276306,0.7120000123977661,0.7889999747276306,690700
2022-05-31,0.8460000157356262,0.949999988079071,0.7200000286102295,0.7200000286102295,5650400
2022-06-01,0.8199999928474426,0.8790000081062317,0.8080000281333923,0.8289999961853027,501000
2022-06-02,0.8090000152587891,0.8740000128746033,0.800000011920929,0.8199999928474426,435700
2022-06-03,0.8270000219345093,0.8339999914169312,0.800000011920929,0.800000011920929,291600
2022-06-06,0.8109999895095825,0.8799999952316284,0.8100000023841858,0.8659999966621399,380500
2022-06-07,0.8199999928474426,0.8550000190734863,0.7799999713897705,0.7799999713897705,273900
2022-06-08,0.875,0.8999999761581421,0.8100000023841858,0.8389999866485596,830600
2022-06-09,0.8159999847412109,0.8799999952316284,0.8119999766349792,0.8799999952316284,624700
2022-06-10,0.8109999895095825,0.8299999833106995,0.800000011920929,0.800000011920929,261100
2022-06-13,0.7200000286102295,0.8410000205039978,0.718999981880188,0.7799999713897705,914400
2022-06-14,0.9900000095367432,1.2400000095367432,0.8899999856948853,0.9509999752044678,25234000
2022-06-15,1.1200000047683716,1.1699999570846558,0.975000023841858,1.0700000524520874,5321200
2022-06-16,0.9559999704360962,1.1200000047683716,0.949999988079071,1.0499999523162842,1736500
2022-06-17,1.0099999904632568,1.0499999523162842,0.9800000190734864,0.9800000190734864,3142700
2022-06-21,1.1299999952316284,1.1299999952316284,1.0299999713897705,1.0499999523162842,2597700
2022-06-22,1.100000023841858,1.1579999923706057,1.059999942779541,1.0800000429153442,1102300
2022-06-23,1.090000033378601,1.159000039100647,1.059999942779541,1.1200000047683716,1221200
2022-06-24,1.100000023841858,1.1150000095367432,1.0800000429153442,1.090000033378601,673000
2022-06-27,1.1299999952316284,1.149999976158142,1.100000023841858,1.100000023841858,720800
2022-06-28,1.0399999618530271,1.159999966621399,1.0399999618530271,1.1399999856948853,659000
2022-06-29,1.0299999713897705,1.090000033378601,1.0,1.0,508000
2022-06-30,1.100000023841858,1.1399999856948853,1.0299999713897705,1.0299999713897705,1141500
2022-07-01,1.25,1.2599999904632568,1.0800000429153442,1.0800000429153442,3842000
2022-07-05,1.2400000095367432,1.2799999713897705,1.1799999475479126,1.2799999713897705,2431900
2022-07-06,1.2300000190734863,1.25,1.149999976158142,1.1699999570846558,1312400
2022-07-07,1.190000057220459,1.25,1.159999966621399,1.2200000286102295,608000
2022-07-08,1.159999966621399,1.190000057220459,1.149999976158142,1.190000057220459,528300
2022-07-11,1.1100000143051147,1.149999976158142,1.1100000143051147,1.1399999856948853,587300
2022-07-12,1.100000023841858,1.1399999856948853,1.090000033378601,1.090000033378601,343900
2022-07-13,1.1799999475479126,1.2000000476837158,1.090000033378601,1.100000023841858,898400
2022-07-14,1.0800000429153442,1.159999966621399,1.0800000429153442,1.1399999856948853,723400
2022-07-15,1.190000057220459,1.2200000286102295,1.059999942779541,1.090000033378601,1533700
2022-07-18,1.6699999570846558,2.180000066757202,1.6399999856948853,1.919999957084656,114274600
2022-07-19,1.6399999856948853,1.725000023841858,1.309999942779541,1.6399999856948853,20006100
2022-07-20,1.5,1.6699999570846558,1.4299999475479126,1.5199999809265137,6131600
2022-07-21,1.3700000047683716,1.4609999656677246,1.309999942779541,1.4600000381469729,5502200
2022-07-22,1.159999966621399,1.2899999618530271,1.149999976158142,1.2899999618530271,5382500
2022-07-25,1.2799999713897705,1.340000033378601,1.1950000524520874,1.2100000381469729,4758000
2022-07-26,1.149999976158142,1.2350000143051147,1.1399999856948853,1.1699999570846558,4002400
2022-07-27,1.1699999570846558,1.2000000476837158,1.0989999771118164,1.2000000476837158,2219200
2022-07-28,1.1399999856948853,1.1699999570846558,1.100000023841858,1.1299999952316284,1816700
2022-07-29,1.1299999952316284,1.149999976158142,1.100000023841858,1.100000023841858,1052100
2022-08-01,1.090000033378601,1.090000033378601,1.0299999713897705,1.0800000429153442,2190700
2022-08-02,1.0499999523162842,1.090000033378601,1.0199999809265137,1.0399999618530271,1536300
2022-08-03,1.100000023841858,1.125,1.0399999618530271,1.0499999523162842,1162500
2022-08-04,1.0700000524520874,1.128999948501587,1.0499999523162842,1.0800000429153442,1126600
2022-08-05,1.1100000143051147,1.1399999856948853,1.0499999523162842,1.0499999523162842,1120300
2022-08-08,1.100000023841858,1.1399999856948853,1.0800000429153442,1.090000033378601,667500
2022-08-09,1.0399999618530271,1.090000033378601,1.0299999713897705,1.090000033378601,1431100
2022-08-10,1.0700000524520874,1.0700000524520874,1.0399999618530271,1.0399999618530271,580300
2022-08-11,1.0800000429153442,1.1299999952316284,1.059999942779541,1.059999942779541,790800
2022-08-12,1.0800000429153442,1.0800000429153442,1.0499999523162842,1.0700000524520874,323100
2022-08-15,1.0700000524520874,1.0800000429153442,1.0499999523162842,1.0499999523162842,461900
2022-08-16,1.0700000524520874,1.0800000429153442,1.0499999523162842,1.0499999523162842,291700
2022-08-17,1.059999942779541,1.0700000524520874,1.0499999523162842,1.0499999523162842,269900
2022-08-18,1.059999942779541,1.0700000524520874,1.0399999618530271,1.059999942779541,476200
2022-08-19,1.0700000524520874,1.0700000524520874,1.0299999713897705,1.0399999618530271,745300
2022-08-22,1.0499999523162842,1.0800000429153442,1.034999966621399,1.059999942779541,968600
2022-08-23,1.0399999618530271,1.0700000524520874,1.0399999618530271,1.0399999618530271,786600
2022-08-24,1.0800000429153442,1.0800000429153442,1.0399999618530271,1.0399999618530271,795300
2022-08-25,1.0399999618530271,1.100000023841858,1.0199999809265137,1.100000023841858,1217500
2022-08-26,1.0299999713897705,1.059999942779541,1.0099999904632568,1.0399999618530271,1142800
2022-08-29,1.0,1.0199999809265137,0.9900000095367432,1.0099999904632568,890100
2022-08-30,0.953000009059906,1.0099999904632568,0.9100000262260436,0.9800000190734864,1074100
2022-08-31,0.949999988079071,1.0,0.9300000071525574,0.9300000071525574,658600
2022-09-01,0.949999988079071,0.968999981880188,0.9200000166893004,0.9350000023841858,422900
2022-09-02,0.9369999766349792,0.9800000190734864,0.9200000166893004,0.9419999718666076,359400
2022-09-06,0.843999981880188,0.949999988079071,0.8209999799728394,0.9300000071525574,1844100
2022-09-07,0.8899999856948853,0.8899999856948853,0.8180000185966492,0.8399999737739563,777300
2022-09-08,0.8980000019073486,0.9139999747276306,0.8500000238418579,0.8560000061988831,554600
2022-09-09,0.9200000166893004,0.959999978542328,0.8899999856948853,0.8960000276565552,713400
2022-09-12,0.9340000152587892,0.9610000252723694,0.8999999761581421,0.8999999761581421,517600
2022-09-13,0.9330000281333924,0.949999988079071,0.9100000262260436,0.9200000166893004,475700
2022-09-14,0.9399999976158142,0.949999988079071,0.9079999923706056,0.9200000166893004,409500
2022-09-15,0.949999988079071,0.9700000286102296,0.9300000071525574,0.9399999976158142,417100
2022-09-16,0.9700000286102296,0.9700000286102296,0.9200000166893004,0.949999988079071,526300
2022-09-19,0.9120000004768372,0.9829999804496764,0.8999999761581421,0.9300000071525574,455700
2022-09-20,0.9819999933242798,0.9819999933242798,0.9200000166893004,0.9279999732971193,428900
2022-09-21,0.915000021457672,0.9639999866485596,0.9100000262260436,0.9390000104904176,413100
2022-09-22,0.9399999976158142,0.9399999976158142,0.9190000295639038,0.9200000166893004,366500
2022-09-23,0.9100000262260436,0.9399999976158142,0.843999981880188,0.9079999923706056,849800
2022-09-26,0.9340000152587892,0.9610000252723694,0.9049999713897704,0.949999988079071,686200
2022-09-27,0.8899999856948853,0.9430000185966492,0.8600000143051147,0.8999999761581421,663400
2022-09-28,0.912999987602234,0.9399999976158142,0.8610000014305115,0.8700000047683716,436400
2022-09-29,0.8999999761581421,0.9259999990463256,0.8799999952316284,0.9259999990463256,385900
2022-09-30,0.8999999761581421,0.9300000071525574,0.8799999952316284,0.8799999952316284,295600
2022-10-03,0.9010000228881836,0.9200000166893004,0.8600000143051147,0.8600000143051147,362400
2022-10-04,0.949999988079071,0.949999988079071,0.8930000066757202,0.8930000066757202,410600
2022-10-05,0.959999978542328,0.9800000190734864,0.9200000166893004,0.9200000166893004,372300
2022-10-06,0.9800000190734864,0.9800000190734864,0.9200000166893004,0.9200000166893004,359100
2022-10-07,0.9399999976158142,0.9639999866485596,0.9110000133514404,0.9629999995231628,435400
2022-10-10,0.9100000262260436,0.9300000071525574,0.8820000290870667,0.9300000071525574,316400
2022-10-11,0.8899999856948853,0.9200000166893004,0.8700000047683716,0.8820000290870667,364900
2022-10-12,0.8880000114440918,0.9390000104904176,0.8529999852180481,0.8700000047683716,528100
2022-10-13,0.8849999904632568,0.8999999761581421,0.8450000286102295,0.8510000109672546,440200
2022-10-14,0.8799999952316284,0.8999999761581421,0.8510000109672546,0.8899999856948853,374500
2022-10-17,0.8899999856948853,0.9039999842643738,0.8619999885559082,0.8899999856948853,303600
2022-10-18,0.8989999890327454,0.9100000262260436,0.8629999756813049,0.8629999756813049,279700
2022-10-19,0.8700000047683716,0.8999999761581421,0.8700000047683716,0.8790000081062317,158700
2022-10-20,0.8999999761581421,0.9110000133514404,0.8629999756813049,0.8629999756813049,293400
2022-10-21,0.8980000019073486,0.9200000166893004,0.8700000047683716,0.8920000195503235,291100
2022-10-24,0.8320000171661377,0.8519999980926514,0.8100000023841858,0.8100000023841858,562200
2022-10-25,0.8529999852180481,0.8730000257492065,0.8199999928474426,0.8199999928474426,348300
2022-10-26,0.8500000238418579,0.8700000047683716,0.8399999737739563,0.8529999852180481,406500
2022-10-27,0.8299999833106995,0.847000002861023,0.8100000023841858,0.8299999833106995,495300
2022-10-28,0.8289999961853027,0.8399999737739563,0.7979999780654907,0.800000011920929,376800
2022-10-31,0.8299999833106995,0.8519999980926514,0.8009999990463257,0.8009999990463257,307100
2022-11-01,0.8500000238418579,0.8600000143051147,0.828000009059906,0.8299999833106995,367300
2022-11-02,0.8999999761581421,0.9049999713897704,0.8299999833106995,0.8299999833106995,659900
2022-11-03,0.8479999899864197,0.8999999761581421,0.8460000157356262,0.8999999761581421,316600
2022-11-04,0.8650000095367432,0.949999988079071,0.8450000286102295,0.8650000095367432,785800
2022-11-07,0.8600000143051147,0.8999999761581421,0.8539999723434448,0.8899999856948853,391000
2022-11-08,0.8600000143051147,0.8709999918937683,0.8500000238418579,0.8539999723434448,301100
2022-11-09,0.8119999766349792,0.8600000143051147,0.8100000023841858,0.8410000205039978,545600
2022-11-10,0.8199999928474426,0.8389999866485596,0.8059999942779541,0.8199999928474426,561600
2022-11-11,0.8980000019073486,0.9100000262260436,0.8199999928474426,0.8299999833106995,698100
2022-11-14,0.8709999918937683,0.9100000262260436,0.8569999933242798,0.8569999933242798,439900
2022-11-15,0.9100000262260436,0.9200000166893004,0.8560000061988831,0.8799999952316284,840800
2022-11-16,0.8999999761581421,0.9100000262260436,0.8709999918937683,0.8849999904632568,498500
2022-11-17,0.8500000238418579,0.8999999761581421,0.8500000238418579,0.8600000143051147,551600
2022-11-18,0.847000002861023,0.8600000143051147,0.8399999737739563,0.8399999737739563,377900
2022-11-21,0.8059999942779541,0.8379999995231628,0.800000011920929,0.8100000023841858,732200
2022-11-22,0.8180000185966492,0.8299999833106995,0.8029999732971191,0.8029999732971191,562400
2022-11-23,0.7680000066757202,0.8199999928474426,0.75,0.8040000200271606,749500
2022-11-25,0.7300000190734863,0.7739999890327454,0.7110000252723694,0.7509999871253967,697500
2022-11-28,0.6990000009536743,0.75,0.6899999976158142,0.7350000143051147,674000
2022-11-29,0.7149999737739563,0.7329999804496765,0.7049999833106995,0.7099999785423279,752800
2022-11-30,0.722000002861023,0.7450000047683716,0.7039999961853027,0.734000027179718,760500
2022-12-01,0.7799999713897705,0.8450000286102295,0.734000027179718,0.7369999885559082,1112700
2022-12-02,0.8999999761581421,0.9079999923706056,0.800000011920929,0.8100000023841858,1185800
2022-12-05,0.9020000100135804,0.9300000071525574,0.847000002861023,0.8999999761581421,1288500
2022-12-06,0.8009999990463257,0.9100000262260436,0.7789999842643738,0.8999999761581421,949300
2022-12-07,0.8410000205039978,0.8700000047683716,0.796999990940094,0.796999990940094,383100
2022-12-08,0.875,0.8849999904632568,0.8330000042915344,0.8500000238418579,599400
2022-12-09,0.8500000238418579,0.8999999761581421,0.8199999928474426,0.8949999809265137,570800
2022-12-12,0.8799999952316284,0.9200000166893004,0.8529999852180481,0.8529999852180481,834600
2022-12-13,0.977999985218048,0.9900000095367432,0.9020000100135804,0.9039999842643738,1375400
2022-12-14,0.9390000104904176,0.9850000143051147,0.930999994277954,0.959999978542328,740900
2022-12-15,0.9449999928474426,0.9869999885559082,0.9100000262260436,0.9380000233650208,626600
2022-12-16,0.9319999814033508,0.9700000286102296,0.9089999794960022,0.9200000166893004,552000
2022-12-19,0.949999988079071,0.9679999947547911,0.9110000133514404,0.9200000166893004,646900
2022-12-20,0.9670000076293944,0.9670000076293944,0.915000021457672,0.9350000023841858,840200
2022-12-21,0.949999988079071,0.959999978542328,0.930999994277954,0.959999978542328,948100
2022-12-22,0.9350000023841858,0.949999988079071,0.8939999938011169,0.9100000262260436,955000
2022-12-23,0.9589999914169312,0.9589999914169312,0.9200000166893004,0.9200000166893004,828200
2022-12-27,0.930999994277954,0.9649999737739564,0.9190000295639038,0.9190000295639038,980300
2022-12-28,0.9369999766349792,0.9739999771118164,0.9100000262260436,0.9100000262260436,1180200
2022-12-29,0.9700000286102296,0.9700000286102296,0.9010000228881836,0.9300000071525574,1369500
2022-12-30,0.953000009059906,0.9900000095367432,0.9300000071525574,0.9300000071525574,982500
2023-01-03,0.9399999976158142,0.9900000095367432,0.9200000166893004,0.9399999976158142,878400
2023-01-04,1.0199999809265137,1.0549999475479126,0.9200000166893004,0.9200000166893004,3129400
2023-01-05,1.090000033378601,1.1200000047683716,1.0199999809265137,1.0499999523162842,1986900
2023-01-06,1.1399999856948853,1.1799999475479126,1.090000033378601,1.1200000047683716,1320000
2023-01-09,1.100000023841858,1.149999976158142,0.953000009059906,1.149999976158142,1922800
2023-01-10,1.149999976158142,1.1799999475479126,1.0829999446868896,1.100000023841858,1069500
2023-01-11,1.1100000143051147,1.149999976158142,1.0950000286102295,1.1399999856948853,916600
2023-01-12,1.149999976158142,1.159999966621399,1.1100000143051147,1.1200000047683716,754400
2023-01-13,1.1200000047683716,1.149999976158142,1.0950000286102295,1.1399999856948853,856700
2023-01-17,1.0700000524520874,1.1200000047683716,1.059999942779541,1.1200000047683716,1850800
2023-01-18,1.0199999809265137,1.1130000352859497,1.0099999904632568,1.100000023841858,2147700
2023-01-19,1.0199999809265137,1.090000033378601,0.9860000014305116,1.0299999713897705,1688100
2023-01-20,1.0800000429153442,1.1100000143051147,1.0,1.0399999618530271,2032500
2023-01-23,1.1399999856948853,1.149999976158142,1.0850000381469729,1.100000023841858,1104600
2023-01-24,1.190000057220459,1.2100000381469729,1.1200000047683716,1.1399999856948853,885300
2023-01-25,1.1299999952316284,1.2000000476837158,1.1200000047683716,1.149999976158142,830400
2023-01-26,1.1699999570846558,1.25,1.1410000324249268,1.159999966621399,1707600
2023-01-27,1.2100000381469729,1.2599999904632568,1.2000000476837158,1.2100000381469729,1585300
2023-01-30,1.1799999475479126,1.215000033378601,1.149999976158142,1.1699999570846558,1508800
2023-01-31,1.2400000095367432,1.2799999713897705,1.1799999475479126,1.1799999475479126,1847300
2023-02-01,1.2000000476837158,1.2899999618530271,1.1699999570846558,1.2599999904632568,2434100
2023-02-02,1.2200000286102295,1.25,1.190000057220459,1.190000057220459,1854300
2023-02-03,1.2599999904632568,1.3200000524520874,1.2000000476837158,1.2000000476837158,1397000
2023-02-06,1.2899999618530271,1.2979999780654907,1.2450000047683716,1.2599999904632568,578700
2023-02-07,1.2799999713897705,1.2999999523162842,1.2100000381469729,1.2999999523162842,1162600
2023-02-08,1.2899999618530271,1.3300000429153442,1.25,1.2699999809265137,1509100
2023-02-09,1.2999999523162842,1.3600000143051147,1.2799999713897705,1.2799999713897705,955900
2023-02-10,1.3200000524520874,1.350000023841858,1.2699999809265137,1.2699999809265137,742100
2023-02-13,1.3600000143051147,1.3700000047683716,1.2999999523162842,1.3300000429153442,472900
2023-02-14,1.3300000429153442,1.3600000143051147,1.2699999809265137,1.2999999523162842,1182900
2023-02-15,1.3600000143051147,1.3899999856948853,1.309999942779541,1.309999942779541,559500
2023-02-16,1.350000023841858,1.3899999856948853,1.3300000429153442,1.3600000143051147,575100
2023-02-17,1.340000033378601,1.3600000143051147,1.2999999523162842,1.309999942779541,449700
2023-02-21,1.2799999713897705,1.3600000143051147,1.25,1.3600000143051147,481600
2023-02-22,1.2300000190734863,1.2769999504089355,1.2050000429153442,1.25,495500
2023-02-23,1.1799999475479126,1.2419999837875366,1.1799999475479126,1.2100000381469729,418500
2023-02-24,1.1799999475479126,1.2200000286102295,1.1510000228881836,1.1699999570846558,698700
2023-02-27,1.1699999570846558,1.1990000009536743,1.1399999856948853,1.159999966621399,327700
2023-02-28,1.0800000429153442,1.159000039100647,1.0800000429153442,1.1399999856948853,770400
2023-03-01,1.1399999856948853,1.149999976158142,1.0950000286102295,1.1399999856948853,644500
2023-03-02,1.159999966621399,1.1679999828338623,1.1200000047683716,1.149999976158142,610900
2023-03-03,1.2100000381469729,1.215000033378601,1.1200000047683716,1.1699999570846558,825500
2023-03-06,1.100000023841858,1.2000000476837158,1.0700000524520874,1.1699999570846558,811000
2023-03-07,1.1299999952316284,1.2200000286102295,1.090000033378601,1.090000033378601,397400
2023-03-08,1.2200000286102295,1.2549999952316284,1.1200000047683716,1.1200000047683716,489800
2023-03-09,1.2100000381469729,1.2450000047683716,1.1699999570846558,1.2300000190734863,529000
2023-03-10,1.1299999952316284,1.1720000505447388,1.0800000429153442,1.1720000505447388,571000
2023-03-13,1.090000033378601,1.187999963760376,1.0800000429153442,1.090000033378601,487000
2023-03-14,1.1799999475479126,1.190000057220459,1.100000023841858,1.100000023841858,399500
2023-03-15,1.1100000143051147,1.1549999713897705,1.100000023841858,1.1200000047683716,382300
2023-03-16,1.159999966621399,1.1950000524520874,1.1100000143051147,1.1100000143051147,406800
2023-03-17,1.1799999475479126,1.2000000476837158,1.149999976158142,1.190000057220459,805600
2023-03-20,1.1399999856948853,1.1950000524520874,1.1399999856948853,1.149999976158142,344800
2023-03-21,1.190000057220459,1.190000057220459,1.1200000047683716,1.149999976158142,578000
2023-03-22,1.1699999570846558,1.2200000286102295,1.159999966621399,1.162999987602234,294800
2023-03-23,1.2100000381469729,1.218000054359436,1.1699999570846558,1.1699999570846558,364900
2023-03-24,1.2000000476837158,1.218999981880188,1.159999966621399,1.159999966621399,265600
2023-03-27,1.159999966621399,1.2100000381469729,1.159999966621399,1.2100000381469729,290800
2023-03-28,1.1399999856948853,1.1799999475479126,1.100000023841858,1.159999966621399,339700
2023-03-29,1.1699999570846558,1.1699999570846558,1.100000023841858,1.1100000143051147,431000
2023-03-30,1.159999966621399,1.2000000476837158,1.125,1.2000000476837158,854100
2023-03-31,1.2000000476837158,1.2000000476837158,1.1349999904632568,1.159999966621399,302500
2023-04-03,1.190000057220459,1.2000000476837158,1.1749999523162842,1.190000057220459,411500
2023-04-04,1.1799999475479126,1.2000000476837158,1.149999976158142,1.2000000476837158,442700
2023-04-05,1.1699999570846558,1.190000057220459,1.149999976158142,1.149999976158142,238900
2023-04-06,1.1799999475479126,1.190000057220459,1.1399999856948853,1.1399999856948853,287900
2023-04-10,1.190000057220459,1.190000057220459,1.152999997138977,1.159999966621399,276800
2023-04-11,1.2000000476837158,1.2050000429153442,1.162999987602234,1.1799999475479126,562000
2023-04-12,1.1399999856948853,1.2000000476837158,1.1399999856948853,1.190000057220459,313500
2023-04-13,1.1799999475479126,1.1950000524520874,1.1399999856948853,1.1399999856948853,280700
2023-04-14,1.149999976158142,1.2000000476837158,1.1100000143051147,1.159999966621399,379900
2023-04-17,1.190000057220459,1.190000057220459,1.1399999856948853,1.1399999856948853,291000
2023-04-18,1.2200000286102295,1.2400000095367432,1.190000057220459,1.190000057220459,279000
2023-04-19,1.25,1.2799999713897705,1.1799999475479126,1.190000057220459,450100
2023-04-20,1.2999999523162842,1.3300000429153442,1.2400000095367432,1.25,588900
2023-04-21,1.2699999809265137,1.309999942779541,1.2699999809265137,1.309999942779541,332300
2023-04-24,1.2300000190734863,1.2799999713897705,1.2300000190734863,1.25,262800
2023-04-25,1.1699999570846558,1.2000000476837158,1.149999976158142,1.2000000476837158,306700
2023-04-26,1.2000000476837158,1.218000054359436,1.1549999713897705,1.159999966621399,312400
2023-04-27,1.2200000286102295,1.2599999904632568,1.2000000476837158,1.2000000476837158,275600
2023-04-28,1.2599999904632568,1.2599999904632568,1.2000000476837158,1.2000000476837158,295700
2023-05-01,1.2599999904632568,1.2799999713897705,1.2300000190734863,1.2300000190734863,186100
2023-05-02,1.2799999713897705,1.309999942779541,1.2599999904632568,1.2999999523162842,306900
2023-05-03,1.2899999618530271,1.2999999523162842,1.25,1.2799999713897705,137600
2023-05-04,1.2899999618530271,1.309999942779541,1.2799999713897705,1.2999999523162842,118000
2023-05-05,1.2699999809265137,1.2999999523162842,1.25,1.2699999809265137,211700
2023-05-08,1.2899999618530271,1.2999999523162842,1.2400000095367432,1.2599999904632568,191900
2023-05-09,1.2799999713897705,1.2999999523162842,1.2599999904632568,1.2799999713897705,233700
2023-05-10,1.25,1.2799999713897705,1.2450000047683716,1.2799999713897705,227900
2023-05-11,1.25,1.2599999904632568,1.2200000286102295,1.2200000286102295,51700
2023-05-12,1.25,1.2699999809265137,1.2200000286102295,1.2300000190734863,184000
2023-05-15,1.2200000286102295,1.25,1.2000000476837158,1.25,177900
2023-05-16,1.2400000095367432,1.2799999713897705,1.190000057220459,1.190000057220459,316400
2023-05-17,1.25,1.2699999809265137,1.2300000190734863,1.2400000095367432,326900
2023-05-18,1.25,1.274999976158142,1.2200000286102295,1.25,535200
2023-05-19,1.2799999713897705,1.2999999523162842,1.2300000190734863,1.25,427200
2023-05-22,1.2899999618530271,1.3200000524520874,1.2619999647140503,1.2899999618530271,471200
2023-05-23,1.2999999523162842,1.340000033378601,1.2799999713897705,1.2799999713897705,591000
2023-05-24,1.3700000047683716,1.3799999952316284,1.2999999523162842,1.2999999523162842,379300
2023-05-25,1.340000033378601,1.3799999952316284,1.3200000524520874,1.350000023841858,305400
2023-05-26,1.3700000047683716,1.3799999952316284,1.3200000524520874,1.340000033378601,245000
2023-05-30,1.409999966621399,1.4299999475479126,1.3700000047683716,1.3700000047683716,850700
2023-05-31,1.3799999952316284,1.4199999570846558,1.3700000047683716,1.4199999570846558,434700
2023-06-01,1.3799999952316284,1.4199999570846558,1.3300000429153442,1.3600000143051147,350600
2023-06-02,1.4600000381469729,1.4800000190734863,1.38100004196167,1.3899999856948853,840600
2023-06-05,1.5099999904632568,1.524999976158142,1.4600000381469729,1.4800000190734863,604900
2023-06-06,1.6100000143051147,1.6200000047683716,1.4500000476837158,1.4900000095367432,634800
2023-06-07,1.6799999475479126,1.6799999475479126,1.600000023841858,1.600000023841858,600800
2023-06-08,1.809999942779541,1.809999942779541,1.6480000019073486,1.649999976158142,1070900
2023-06-09,1.7999999523162842,1.9299999475479128,1.7100000381469729,1.830000042915344,2198700
2023-06-12,1.8899999856948853,1.8899999856948853,1.8020000457763672,1.820000052452088,647200
2023-06-13,1.919999957084656,1.940000057220459,1.830000042915344,1.830000042915344,630400
2023-06-14,1.659999966621399,1.919999957084656,1.649999976158142,1.909999966621399,1171300
2023-06-15,1.820000052452088,1.830000042915344,1.659999966621399,1.75,937400
2023-06-16,1.909999966621399,1.924999952316284,1.784999966621399,1.830000042915344,863400
2023-06-20,2.0,2.0,1.8600000143051147,1.8600000143051147,1461300
2023-06-21,1.9600000381469729,2.0,1.909999966621399,1.9600000381469729,545300
2023-06-22,2.0,2.0299999713897705,1.9600000381469729,1.9700000286102293,676900
2023-06-23,1.9299999475479128,1.9900000095367432,1.899999976158142,1.9299999475479128,708600
2023-06-26,1.9800000190734863,2.0199999809265137,1.909999966621399,1.919999957084656,798900
2023-06-27,1.9800000190734863,2.049999952316284,1.9600000381469729,1.9700000286102293,919400
2023-06-28,1.950000047683716,1.9900000095367432,1.9299999475479128,1.9700000286102293,401100
2023-06-29,1.9800000190734863,2.009999990463257,1.919999957084656,1.940000057220459,905900
2023-06-30,2.0,2.0199999809265137,1.9700000286102293,1.9700000286102293,635800
2023-07-03,2.0299999713897705,2.0920000076293945,1.9600000381469729,2.0199999809265137,774000
2023-07-05,2.0299999713897705,2.0850000381469727,2.0,2.0299999713897705,718700
2023-07-06,2.009999990463257,2.055000066757202,1.9600000381469729,2.0199999809265137,729600
2023-07-07,2.039999961853028,2.069999933242798,1.9900000095367432,2.0,609700
2023-07-10,2.0,2.039999961853028,1.9700000286102293,2.0,904600
2023-07-11,2.140000104904175,2.140000104904175,1.9800000190734863,2.0199999809265137,1086000
2023-07-12,2.0799999237060547,2.1549999713897705,2.069999933242798,2.109999895095825,913800
2023-07-13,2.190000057220459,2.220000028610229,2.069999933242798,2.069999933242798,1858300
2023-07-14,2.200000047683716,2.2799999713897705,2.1600000858306885,2.190000057220459,1808400
2023-07-17,2.3399999141693115,2.3499999046325684,2.200000047683716,2.220000028610229,898800
2023-07-18,2.299999952316284,2.359999895095825,2.259999990463257,2.299999952316284,843800
2023-07-19,2.25,2.345000028610229,2.240000009536743,2.2799999713897705,994200
2023-07-20,2.130000114440918,2.2300000190734863,2.130000114440918,2.180000066757202,808200
2023-07-21,2.25,2.2799999713897705,2.130000114440918,2.1600000858306885,723200
2023-07-24,2.3399999141693115,2.359999895095825,2.2699999809265137,2.2699999809265137,769400
2023-07-25,2.390000104904175,2.4200000762939453,2.3299999237060547,2.3299999237060547,883500
2023-07-26,2.3499999046325684,2.4200000762939453,2.3499999046325684,2.369999885559082,704200
2023-07-27,2.240000009536743,2.384999990463257,2.2149999141693115,2.359999895095825,797800
2023-07-28,2.430000066757202,2.470000028610229,2.289999961853028,2.289999961853028,1739000
2023-07-31,2.440000057220459,2.470000028610229,2.4030001163482666,2.470000028610229,579700
2023-08-01,2.380000114440918,2.440000057220459,2.359999895095825,2.400000095367432,869100
2023-08-02,2.299999952316284,2.430000066757202,2.299999952316284,2.309999942779541,770200
2023-08-03,2.400000095367432,2.4100000858306885,2.289999961853028,2.299999952316284,1103600
2023-08-04,2.380000114440918,2.450000047683716,2.365000009536743,2.400000095367432,662500
2023-08-07,2.3399999141693115,2.438999891281128,2.319999933242798,2.380000114440918,823800
2023-08-08,2.400000095367432,2.4200000762939453,2.2950000762939453,2.319999933242798,1023700
2023-08-09,2.470000028610229,2.4800000190734863,2.390000104904175,2.4100000858306885,1001700
2023-08-10,2.470000028610229,2.539999961853028,2.450000047683716,2.470000028610229,1259100
2023-08-11,2.369999885559082,2.484999895095825,2.3499999046325684,2.440000057220459,868000
2023-08-14,2.289999961853028,2.390000104904175,2.289999961853028,2.319999933242798,783300
2023-08-15,2.25,2.319999933242798,2.200000047683716,2.289999961853028,616700
2023-08-16,2.150000095367432,2.2950000762939453,2.140000104904175,2.2300000190734863,718300
2023-08-17,2.1600000858306885,2.220000028610229,2.130000114440918,2.1600000858306885,708200
2023-08-18,2.25,2.2799999713897705,2.109999895095825,2.119999885559082,515500
2023-08-21,2.1600000858306885,2.2799999713897705,2.140000104904175,2.2100000381469727,826500
2023-08-22,2.180000066757202,2.2300000190734863,2.1449999809265137,2.1700000762939453,666600
2023-08-23,2.3399999141693115,2.3399999141693115,2.190000057220459,2.190000057220459,889000
2023-08-24,2.3299999237060547,2.424999952316284,2.309999942779541,2.3399999141693115,770900
2023-08-25,2.440000057220459,2.450000047683716,2.299999952316284,2.299999952316284,782300
2023-08-28,2.4200000762939453,2.470000028610229,2.359999895095825,2.400000095367432,1055700
2023-08-29,2.400000095367432,2.5,2.380000114440918,2.4100000858306885,930200
2023-08-30,2.400000095367432,2.4649999141693115,2.369999885559082,2.380000114440918,707400
2023-08-31,2.5199999809265137,2.5350000858306885,2.390000104904175,2.390000104904175,1231600
2023-09-01,2.4200000762939453,2.5299999713897705,2.4200000762939453,2.5299999713897705,760200
2023-09-05,2.3399999141693115,2.450000047683716,2.3299999237060547,2.4200000762939453,611300
2023-09-06,2.369999885559082,2.430999994277954,2.3299999237060547,2.3299999237060547,762400
2023-09-07,1.9600000381469729,2.3399999141693115,1.9299999475479128,2.299999952316284,1434300
2023-09-08,1.7999999523162842,2.0,1.787999987602234,1.919999957084656,1350000
2023-09-11,1.7300000190734863,1.870000004768372,1.7200000286102295,1.809999942779541,1091800
2023-09-12,1.75,1.7799999713897705,1.6399999856948853,1.7000000476837158,1494600
2023-09-13,1.8799999952316284,1.940000057220459,1.75,1.75,1089200
2023-09-14,2.009999990463257,2.0299999713897705,1.8799999952316284,1.8799999952316284,853000
2023-09-15,2.0299999713897705,2.069999933242798,1.9700000286102293,2.0,900300
2023-09-18,2.0799999237060547,2.150000095367432,2.0299999713897705,2.0299999713897705,854400
2023-09-19,2.0899999141693115,2.130000114440918,1.9800000190734863,2.0799999237060547,1052900
2023-09-20,2.0,2.1600000858306885,2.0,2.0899999141693115,699000
2023-09-21,1.9900000095367432,2.059999942779541,1.899999976158142,1.9600000381469729,590800
2023-09-22,2.059999942779541,2.069999933242798,1.9900000095367432,2.0199999809265137,416000
2023-09-25,1.9800000190734863,2.0999999046325684,1.965000033378601,1.9900000095367432,672300
2023-09-26,2.039999961853028,2.059999942779541,1.9270000457763672,1.940000057220459,670800
2023-09-27,2.130000114440918,2.140000104904175,2.059999942779541,2.059999942779541,569600
2023-09-28,2.130000114440918,2.190000057220459,2.125,2.130000114440918,661100
2023-09-29,2.119999885559082,2.194999933242798,2.109999895095825,2.1600000858306885,791500
2023-10-02,2.1600000858306885,2.190000057220459,2.0999999046325684,2.0999999046325684,558600
2023-10-03,2.069999933242798,2.190000057220459,2.059999942779541,2.0999999046325684,673100
2023-10-04,2.0299999713897705,2.119999885559082,2.0,2.109999895095825,597200
2023-10-05,2.049999952316284,2.0799999237060547,2.025000095367432,2.039999961853028,861800
2023-10-06,2.150000095367432,2.150000095367432,2.0299999713897705,2.0299999713897705,470400
2023-10-09,2.119999885559082,2.184999942779541,2.0999999046325684,2.119999885559082,434700
2023-10-10,2.0999999046325684,2.190000057220459,1.9600000381469729,2.130000114440918,1053700
2023-10-11,2.0899999141693115,2.150000095367432,2.075000047683716,2.0999999046325684,455800
2023-10-12,2.039999961853028,2.130000114440918,2.0299999713897705,2.0799999237060547,516000
2023-10-13,2.0299999713897705,2.0799999237060547,2.0199999809265137,2.0299999713897705,463600
2023-10-16,1.9700000286102293,2.049999952316284,1.9700000286102293,1.9700000286102293,642600
2023-10-17,2.0199999809265137,2.049999952316284,1.9600000381469729,1.9600000381469729,389700
2023-10-18,1.899999976158142,2.0299999713897705,1.8899999856948853,1.9800000190734863,615100
2023-10-19,1.909999966621399,1.950000047683716,1.9049999713897705,1.909999966621399,582000
2023-10-20,1.840000033378601,1.9299999475479128,1.830000042915344,1.919999957084656,476500
2023-10-23,1.840000033378601,1.870000004768372,1.820000052452088,1.820000052452088,448800
2023-10-24,1.840000033378601,1.9299999475479128,1.830000042915344,1.8600000143051147,748800
2023-10-25,1.7699999809265137,1.9299999475479128,1.7699999809265137,1.850000023841858,734000
2023-10-26,1.7699999809265137,1.840000033378601,1.7400000095367432,1.7899999618530271,903600
2023-10-27,1.7999999523162842,1.8600000143051147,1.7799999713897705,1.7799999713897705,650200
2023-10-30,1.820000052452088,1.8450000286102293,1.7899999618530271,1.809999942779541,553100
2023-10-31,1.6799999475479126,1.850000023841858,1.6549999713897705,1.7999999523162842,861300
2023-11-01,1.7100000381469729,1.7599999904632568,1.6699999570846558,1.6699999570846558,555000
2023-11-02,1.7300000190734863,1.7699999809265137,1.690000057220459,1.7100000381469729,736000
2023-11-03,1.7599999904632568,1.830000042915344,1.75,1.7899999618530271,742700
2023-11-06,1.7899999618530271,1.809999942779541,1.75,1.75,300000
2023-11-07,1.7799999713897705,1.7999999523162842,1.7599999904632568,1.7599999904632568,294100
2023-11-08,1.75,1.7799999713897705,1.7400000095367432,1.75,374100
2023-11-09,1.7200000286102295,1.7799999713897705,1.7100000381469729,1.7400000095367432,442300
2023-11-10,1.75,1.7549999952316284,1.7009999752044678,1.7400000095367432,235800
2023-11-13,1.7000000476837158,1.75,1.7000000476837158,1.7200000286102295,350200
2023-11-14,1.7400000095367432,1.75,1.7200000286102295,1.7300000190734863,303200
2023-11-15,1.7899999618530271,1.7999999523162842,1.75,1.75,265300
2023-11-16,1.7400000095367432,1.7899999618530271,1.7400000095367432,1.7899999618530271,433300
2023-11-17,1.7200000286102295,1.7649999856948853,1.7200000286102295,1.7300000190734863,345200
2023-11-20,1.7899999618530271,1.7949999570846558,1.7350000143051147,1.7400000095367432,305400
2023-11-21,1.7200000286102295,1.820000052452088,1.7200000286102295,1.809999942779541,419900
2023-11-22,1.7000000476837158,1.7599999904632568,1.7000000476837158,1.75,325200
2023-11-24,1.6100000143051147,1.6799999475479126,1.6100000143051147,1.6799999475479126,332000
2023-11-27,1.590000033378601,1.6399999856948853,1.5700000524520874,1.6100000143051147,465500
2023-11-28,1.5700000524520874,1.600000023841858,1.559999942779541,1.5700000524520874,429900
2023-11-29,1.590000033378601,1.6200000047683716,1.5800000429153442,1.590000033378601,404400
2023-11-30,1.5800000429153442,1.600000023841858,1.5549999475479126,1.5700000524520874,234100
2023-12-01,1.6399999856948853,1.6449999809265137,1.5499999523162842,1.5499999523162842,323500
2023-12-04,1.75,1.7949999570846558,1.6200000047683716,1.6200000047683716,977400
2023-12-05,1.7699999809265137,1.7699999809265137,1.7300000190734863,1.7300000190734863,472400
2023-12-06,1.850000023841858,1.8600000143051147,1.75,1.7799999713897705,1074100
2023-12-07,1.830000042915344,1.909999966621399,1.7599999904632568,1.8600000143051147,949200
2023-12-08,1.8600000143051147,1.899999976158142,1.820000052452088,1.8600000143051147,827900
2023-12-11,1.850000023841858,1.870000004768372,1.7050000429153442,1.7899999618530271,1086200
2023-12-12,1.9900000095367432,2.0,1.850000023841858,1.850000023841858,676800
2023-12-13,2.049999952316284,2.049999952316284,1.9800000190734863,2.0,1246700
2023-12-14,2.0799999237060547,2.0899999141693115,2.039999961853028,2.049999952316284,921700
2023-12-15,2.0199999809265137,2.0899999141693115,1.9800000190734863,2.0799999237060547,947800
2023-12-18,2.049999952316284,2.049999952316284,1.9800000190734863,2.0,863100
2023-12-19,2.109999895095825,2.119999885559082,2.009999990463257,2.0299999713897705,867900
2023-12-20,1.9800000190734863,2.0999999046325684,1.9800000190734863,2.069999933242798,804900
2023-12-21,2.0899999141693115,2.0999999046325684,1.9800000190734863,1.9800000190734863,1052400
2023-12-22,2.140000104904175,2.1489999294281006,2.0299999713897705,2.069999933242798,928900
2023-12-26,2.130000114440918,2.1679999828338623,2.109999895095825,2.1600000858306885,723300
2023-12-27,2.140000104904175,2.150000095367432,2.1050000190734863,2.130000114440918,695200
2023-12-28,2.0899999141693115,2.190000057220459,2.0899999141693115,2.0899999141693115,797200
2023-12-29,2.039999961853028,2.1050000190734863,2.0299999713897705,2.059999942779541,763200
2024-01-02,1.9800000190734863,2.039999961853028,1.950000047683716,2.009999990463257,641800
2024-01-03,2.0899999141693115,2.0899999141693115,1.9600000381469729,1.9600000381469729,725000
2024-01-04,2.119999885559082,2.1449999809265137,2.039999961853028,2.059999942779541,902300
2024-01-05,2.1700000762939453,2.190000057220459,2.0899999141693115,2.0999999046325684,730800
2024-01-08,2.109999895095825,2.184999942779541,2.109999895095825,2.140000104904175,405500
2024-01-09,2.1700000762939453,2.184999942779541,2.0899999141693115,2.109999895095825,1279300
2024-01-10,2.240000009536743,2.244999885559082,2.134999990463257,2.150000095367432,1417100
2024-01-11,2.190000057220459,2.25,2.150000095367432,2.240000009536743,755400
2024-01-12,2.1600000858306885,2.240999937057495,2.1600000858306885,2.200000047683716,651600
2024-01-16,2.150000095367432,2.200000047683716,2.0999999046325684,2.130000114440918,1203500
2024-01-17,2.150000095367432,2.2100000381469727,2.140000104904175,2.150000095367432,2799300
2024-01-18,2.1700000762939453,2.200000047683716,2.125,2.130000114440918,1230400
2024-01-19,2.140000104904175,2.2100000381469727,2.109999895095825,2.190000057220459,1697200
2024-01-22,2.009999990463257,2.1600000858306885,2.0,2.119999885559082,1230800
2024-01-23,2.0199999809265137,2.059999942779541,1.9700000286102293,2.0,788900
2024-01-24,2.059999942779541,2.0899999141693115,2.009999990463257,2.049999952316284,935700
2024-01-25,2.039999961853028,2.069999933242798,2.0230000019073486,2.069999933242798,324000
2024-01-26,2.0299999713897705,2.0899999141693115,2.009999990463257,2.0199999809265137,307200
2024-01-29,2.059999942779541,2.0799999237060547,2.0,2.009999990463257,472200
2024-01-30,2.069999933242798,2.095000028610229,2.0199999809265137,2.0299999713897705,761300
2024-01-31,2.059999942779541,2.0999999046325684,2.039999961853028,2.049999952316284,654300
2024-02-01,2.140000104904175,2.25,2.039999961853028,2.200000047683716,3628400
2024-02-02,2.1700000762939453,2.190000057220459,2.119999885559082,2.140000104904175,1023800
2024-02-05,2.190000057220459,2.220000028610229,2.1600000858306885,2.1700000762939453,1621300
2024-02-06,2.190000057220459,2.2049999237060547,2.140000104904175,2.140000104904175,1202800
2024-02-07,2.1600000858306885,2.2100000381469727,2.130000114440918,2.190000057220459,1105300
2024-02-08,2.200000047683716,2.220000028610229,2.140000104904175,2.140000104904175,609800
2024-02-09,2.309999942779541,2.319999933242798,2.200000047683716,2.200000047683716,930000
2024-02-12,2.3299999237060547,2.400000095367432,2.299999952316284,2.299999952316284,755200
2024-02-13,2.309999942779541,2.3550000190734863,2.259999990463257,2.299999952316284,884200
2024-02-14,2.400000095367432,2.400000095367432,2.319999933242798,2.319999933242798,591100
2024-02-15,2.5299999713897705,2.5450000762939453,2.384999990463257,2.390000104904175,2202600
2024-02-16,2.470000028610229,2.539999961853028,2.470000028610229,2.5199999809265137,526400
2024-02-20,2.4200000762939453,2.450000047683716,2.380000114440918,2.450000047683716,799500
2024-02-21,2.450000047683716,2.470000028610229,2.315000057220459,2.400000095367432,1368600
2024-02-22,2.450000047683716,2.490000009536743,2.440000057220459,2.4600000381469727,755900
2024-02-23,2.470000028610229,2.490000009536743,2.400000095367432,2.4200000762939453,542500
2024-02-26,2.380000114440918,2.470000028610229,2.359999895095825,2.470000028610229,1131100
2024-02-27,2.400000095367432,2.440000057220459,2.359999895095825,2.380000114440918,656100
2024-02-28,2.390000104904175,2.4100000858306885,2.3489999771118164,2.3499999046325684,735000
2024-02-29,2.450000047683716,2.4600000381469727,2.384999990463257,2.390000104904175,872300
2024-03-01,2.3399999141693115,2.450000047683716,2.3399999141693115,2.450000047683716,298700
2024-03-04,2.3399999141693115,2.369999885559082,2.263000011444092,2.3299999237060547,1553200
2024-03-05,2.319999933242798,2.4049999713897705,2.2799999713897705,2.2799999713897705,636400
2024-03-06,2.309999942779541,2.3499999046325684,2.275000095367432,2.3299999237060547,557900
2024-03-07,2.3299999237060547,2.369999885559082,2.299999952316284,2.3299999237060547,190600
2024-03-08,2.380000114440918,2.4200000762939453,2.3299999237060547,2.3499999046325684,432500
2024-03-11,2.450000047683716,2.470000028610229,2.3399999141693115,2.380000114440918,1379200
2024-03-12,2.5,2.5199999809265137,2.400000095367432,2.400000095367432,993300
2024-03-13,2.4100000858306885,2.5199999809265137,2.390000104904175,2.470000028610229,1089600
2024-03-14,2.440000057220459,2.4600000381469727,2.380000114440918,2.380000114440918,1013900
2024-03-15,2.4800000190734863,2.490000009536743,2.4100000858306885,2.440000057220459,2191300
2024-03-18,2.509999990463257,2.5999999046325684,2.450000047683716,2.559999942779541,1708600
2024-03-19,2.470000028610229,2.539999961853028,2.4600000381469727,2.539999961853028,775800
2024-03-20,2.509999990463257,2.5350000858306885,2.450000047683716,2.4600000381469727,759400
2024-03-21,2.5,2.5299999713897705,2.4800000190734863,2.5199999809265137,938300
2024-03-22,2.470000028610229,2.509999990463257,2.4600000381469727,2.5,688200
2024-03-25,2.450000047683716,2.515000104904175,2.450000047683716,2.450000047683716,883100
2024-03-26,2.4600000381469727,2.494999885559082,2.450000047683716,2.4600000381469727,546000
2024-03-27,2.490000009536743,2.532000064849853,2.450000047683716,2.450000047683716,1253700
2024-03-28,2.5,2.539999961853028,2.4800000190734863,2.5,899400
2024-04-01,2.5,2.5299999713897705,2.470000028610229,2.5,664400
2024-04-02,2.380000114440918,2.5,2.365000009536743,2.4600000381469727,1237000
2024-04-03,2.4600000381469727,2.509999990463257,2.390000104904175,2.390000104904175,1029100
2024-04-04,2.400000095367432,2.509999990463257,2.400000095367432,2.470000028610229,615900
2024-04-05,2.4200000762939453,2.484999895095825,2.3949999809265137,2.424999952316284,800700
2024-04-08,2.490000009536743,2.5,2.4200000762939453,2.4200000762939453,1055600
2024-04-09,2.5,2.5199999809265137,2.470000028610229,2.4800000190734863,951600
2024-04-10,2.5,2.515000104904175,2.430000066757202,2.430000066757202,1336600
2024-04-11,2.430000066757202,2.5350000858306885,2.4200000762939453,2.490000009536743,1177800
2024-04-12,2.4200000762939453,2.494999885559082,2.400000095367432,2.400000095367432,747000
2024-04-15,2.4100000858306885,2.484999895095825,2.390000104904175,2.4200000762939453,587500
2024-04-16,2.3299999237060547,2.440000057220459,2.309999942779541,2.4100000858306885,762900
2024-04-17,2.2699999809265137,2.380000114440918,2.25,2.3299999237060547,739600
2024-04-18,2.25,2.2950000762939453,2.240000009536743,2.25,780900
2024-04-19,2.2799999713897705,2.305000066757202,2.220000028610229,2.220000028610229,627000
2024-04-22,2.3299999237060547,2.359999895095825,2.2699999809265137,2.2699999809265137,578600
2024-04-23,2.470000028610229,2.470000028610229,2.299999952316284,2.3299999237060547,649800
2024-04-24,2.4600000381469727,2.509999990463257,2.430000066757202,2.4600000381469727,896900
2024-04-25,2.430000066757202,2.509999990463257,2.400000095367432,2.430000066757202,717800
2024-04-26,2.4600000381469727,2.509999990463257,2.440000057220459,2.440000057220459,656700
2024-04-29,2.5,2.525000095367432,2.470000028610229,2.470000028610229,1198100
2024-04-30,2.380000114440918,2.509999990463257,2.359999895095825,2.470000028610229,853000
2024-05-01,2.400000095367432,2.4560000896453857,2.380000114440918,2.380000114440918,715400
2024-05-02,2.4100000858306885,2.4800000190734863,2.4049999713897705,2.430000066757202,752500
2024-05-03,2.5,2.5,2.4200000762939453,2.4200000762939453,647700
2024-05-06,2.509999990463257,2.515000104904175,2.4749999046325684,2.490000009536743,1183700
2024-05-07,2.440000057220459,2.5299999713897705,2.400000095367432,2.5299999713897705,959600
2024-05-08,2.319999933242798,2.414999961853028,2.319999933242798,2.400000095367432,351300
2024-05-09,2.2799999713897705,2.3399999141693115,2.259999990463257,2.299999952316284,410500
2024-05-10,2.0899999141693115,2.2799999713897705,2.069999933242798,2.2699999809265137,708200
2024-05-13,2.119999885559082,2.150000095367432,2.0899999141693115,2.109999895095825,543000
2024-05-14,2.039999961853028,2.150000095367432,2.039999961853028,2.0999999046325684,549000
2024-05-15,1.9700000286102293,2.069999933242798,1.9700000286102293,2.059999942779541,532200
2024-05-16,1.9600000381469729,2.0199999809265137,1.9299999475479128,1.9700000286102293,1300200
2024-05-17,1.8899999856948853,2.0199999809265137,1.870000004768372,1.9700000286102293,435600
2024-05-20,1.8899999856948853,1.945000052452088,1.8600000143051147,1.899999976158142,393500
2024-05-21,1.820000052452088,1.909999966621399,1.820000052452088,1.899999976158142,314000
2024-05-22,1.809999942779541,1.899999976158142,1.7999999523162842,1.830000042915344,306200
2024-05-23,1.7200000286102295,1.8899999856948853,1.7200000286102295,1.850000023841858,459000
2024-05-24,1.690000057220459,1.7799999713897705,1.6699999570846558,1.7200000286102295,539000
2024-05-28,1.7400000095367432,1.7999999523162842,1.659999966621399,1.690000057220459,453600
2024-05-29,1.7200000286102295,1.7400000095367432,1.6799999475479126,1.7100000381469729,412100
2024-05-30,1.7100000381469729,1.7300000190734863,1.690000057220459,1.7200000286102295,261500
2024-05-31,1.7100000381469729,1.7100000381469729,1.6799999475479126,1.690000057220459,262800
2024-06-03,1.6799999475479126,1.7400000095367432,1.6799999475479126,1.7000000476837158,353300
2024-06-04,1.690000057220459,1.7450000047683716,1.6749999523162842,1.7000000476837158,313900
2024-06-05,1.6799999475479126,1.7000000476837158,1.649999976158142,1.690000057220459,481800
2024-06-06,1.649999976158142,1.7100000381469729,1.649999976158142,1.659999966621399,231300
2024-06-07,1.6200000047683716,1.6399999856948853,1.6100000143051147,1.6399999856948853,464000
2024-06-10,1.559999942779541,1.6200000047683716,1.534999966621399,1.600000023841858,680500
2024-06-11,1.5800000429153442,1.5800000429153442,1.5199999809265137,1.559999942779541,403100
2024-06-12,1.5299999713897705,1.600000023841858,1.5299999713897705,1.600000023841858,350700
2024-06-13,1.6699999570846558,1.7200000286102295,1.5299999713897705,1.5299999713897705,950300
2024-06-14,1.7799999713897705,1.8600000143051147,1.690000057220459,1.7000000476837158,1249400
2024-06-17,1.7599999904632568,1.820000052452088,1.7350000143051147,1.809999942779541,808800
2024-06-18,1.8799999952316284,1.909999966621399,1.7300000190734863,1.75,872600
2024-06-20,1.8899999856948853,1.940000057220459,1.8350000381469729,1.909999966621399,965000
2024-06-21,1.870000004768372,1.909999966621399,1.820000052452088,1.840000033378601,887700
2024-06-24,2.0,2.0299999713897705,1.850000023841858,1.850000023841858,783400
2024-06-25,2.0199999809265137,2.0850000381469727,2.0,2.0,644400
2024-06-26,1.8899999856948853,2.0,1.8799999952316284,1.9900000095367432,617100
2024-06-27,1.870000004768372,1.934999942779541,1.870000004768372,1.870000004768372,322100
2024-06-28,1.9800000190734863,2.0199999809265137,1.8799999952316284,1.899999976158142,717400
2024-07-01,1.909999966621399,2.015000104904175,1.899999976158142,1.950000047683716,391600
2024-07-02,1.8899999856948853,1.950000047683716,1.870000004768372,1.909999966621399,503000
2024-07-03,1.870000004768372,1.9299999475479128,1.850000023841858,1.8799999952316284,613400
2024-07-05,1.870000004768372,1.8899999856948853,1.840000033378601,1.840000033378601,363000
2024-07-08,1.840000033378601,1.914999961853028,1.820000052452088,1.820000052452088,466200
2024-07-09,1.840000033378601,1.899999976158142,1.825000047683716,1.870000004768372,439000
2024-07-10,1.7899999618530271,1.870000004768372,1.7799999713897705,1.840000033378601,444800
2024-07-11,1.809999942779541,1.8600000143051147,1.7899999618530271,1.7899999618530271,455100
2024-07-12,1.7899999618530271,1.830000042915344,1.7599999904632568,1.820000052452088,476900
2024-07-15,1.950000047683716,1.9700000286102293,1.75,1.7999999523162842,967300
2024-07-16,1.899999976158142,1.9900000095367432,1.899999976158142,1.9299999475479128,493100
2024-07-17,2.069999933242798,2.0999999046325684,1.8949999809265137,1.909999966621399,1370000
2024-07-18,2.0299999713897705,2.130000114440918,2.0,2.049999952316284,1138900
2024-07-19,1.9600000381469729,2.0450000762939453,1.940000057220459,2.0299999713897705,481200
2024-07-22,2.0,2.039999961853028,1.950000047683716,1.9700000286102293,215400
2024-07-23,1.9700000286102293,2.009999990463257,1.955000042915344,1.9800000190734863,287800
2024-07-24,1.8600000143051147,1.9900000095367432,1.8600000143051147,1.9850000143051147,227800
2024-07-25,1.909999966621399,1.945000052452088,1.870000004768372,1.870000004768372,234400
2024-07-26,1.909999966621399,1.9279999732971191,1.8899999856948853,1.919999957084656,220100
2024-07-29,1.899999976158142,1.919999957084656,1.8849999904632568,1.8899999856948853,185600
2024-07-30,1.840000033378601,1.909999966621399,1.840000033378601,1.899999976158142,250300
2024-07-31,1.909999966621399,1.934999942779541,1.8650000095367432,1.8799999952316284,256100
2024-08-01,1.7799999713897705,1.924999952316284,1.7599999904632568,1.8899999856948853,493100
2024-08-02,1.7899999618530271,1.7999999523162842,1.7400000095367432,1.7710000276565552,591100
2024-08-05,1.7300000190734863,1.8350000381469729,1.6799999475479126,1.7200000286102295,715800
2024-08-06,1.7100000381469729,1.7599999904632568,1.7100000381469729,1.7300000190734863,334800
2024-08-07,1.6799999475479126,1.7489999532699585,1.6699999570846558,1.7200000286102295,241500
2024-08-08,1.690000057220459,1.7350000143051147,1.6799999475479126,1.6799999475479126,190300
2024-08-09,1.649999976158142,1.7000000476837158,1.649999976158142,1.6799999475479126,181600
2024-08-12,1.659999966621399,1.6979999542236328,1.649999976158142,1.659999966621399,121600
2024-08-13,1.7200000286102295,1.7400000095367432,1.6399999856948853,1.649999976158142,201900
2024-08-14,1.659999966621399,1.7400000095367432,1.6399999856948853,1.7400000095367432,257800
2024-08-15,1.7999999523162842,1.840000033378601,1.687999963760376,1.687999963760376,366800
2024-08-16,1.809999942779541,1.8350000381469729,1.7699999809265137,1.7699999809265137,237200
2024-08-19,1.899999976158142,1.9299999475479128,1.809999942779541,1.820000052452088,835000
2024-08-20,1.840000033378601,1.945000052452088,1.820000052452088,1.899999976158142,650200
2024-08-21,1.8799999952316284,1.909999966621399,1.8350000381469729,1.840000033378601,439500
2024-08-22,1.840000033378601,1.909999966621399,1.840000033378601,1.870000004768372,306000
2024-08-23,1.850000023841858,1.924999952316284,1.850000023841858,1.850000023841858,294900
2024-08-26,1.870000004768372,1.909999966621399,1.820000052452088,1.850000023841858,461900
2024-08-27,1.899999976158142,1.934999942779541,1.840000033378601,1.870000004768372,432600
2024-08-28,1.7899999618530271,1.899999976158142,1.7899999618530271,1.899999976158142,366600
2024-08-29,1.809999942779541,1.8550000190734863,1.7899999618530271,1.7899999618530271,216700
2024-08-30,1.840000033378601,1.8450000286102293,1.7999999523162842,1.7999999523162842,199800
2024-09-03,1.7699999809265137,1.820000052452088,1.7549999952316284,1.7999999523162842,359400
2024-09-04,1.75,1.840000033378601,1.75,1.7699999809265137,587400
2024-09-05,1.840000033378601,1.8550000190734863,1.7200000286102295,1.7200000286102295,347400
2024-09-06,1.7999999523162842,1.9049999713897705,1.7999999523162842,1.840000033378601,345900
2024-09-09,1.75,1.840000033378601,1.7400000095367432,1.7999999523162842,347400
2024-09-10,1.840000033378601,1.850000023841858,1.7699999809265137,1.7699999809265137,466000
2024-09-11,1.840000033378601,1.870000004768372,1.820000052452088,1.830000042915344,320000
2024-09-12,1.850000023841858,1.870000004768372,1.815000057220459,1.8450000286102293,307400
2024-09-13,1.830000042915344,1.8899999856948853,1.7999999523162842,1.8600000143051147,444200
2024-09-16,1.830000042915344,1.899999976158142,1.820000052452088,1.840000033378601,1103200
2024-09-17,1.8899999856948853,1.909999966621399,1.830000042915344,1.830000042915344,278000
2024-09-18,1.8600000143051147,1.9299999475479128,1.850000023841858,1.871999979019165,280500
2024-09-19,1.8799999952316284,1.919999957084656,1.8799999952316284,1.8799999952316284,284400
2024-09-20,1.830000042915344,1.9049999713897705,1.830000042915344,1.8799999952316284,355000
2024-09-23,1.820000052452088,1.8949999809265137,1.7699999809265137,1.7999999523162842,716300
2024-09-24,1.8899999856948853,1.940000057220459,1.850000023841858,1.8799999952316284,374600
2024-09-25,1.830000042915344,1.8799999952316284,1.809999942779541,1.8600000143051147,375900
2024-09-26,2.0199999809265137,2.039999961853028,1.8899999856948853,1.8899999856948853,898300
2024-09-27,2.069999933242798,2.0999999046325684,2.0,2.009999990463257,1122000
2024-09-30,2.130000114440918,2.190000057220459,2.049999952316284,2.119999885559082,1412500
2024-10-01,2.140000104904175,2.150000095367432,2.0850000381469727,2.130000114440918,1031900
2024-10-02,2.2799999713897705,2.5299999713897705,2.1549999713897705,2.5299999713897705,2420500
2024-10-03,2.200000047683716,2.319999933242798,2.1449999809265137,2.2300000190734863,856000
2024-10-04,2.289999961853028,2.305000066757202,2.0850000381469727,2.2300000190734863,1611900
2024-10-07,2.2300000190734863,2.4200000762939453,2.220000028610229,2.3299999237060547,1140700
2024-10-08,2.140000104904175,2.259999990463257,2.108999967575073,2.109999895095825,702600
2024-10-09,2.049999952316284,2.180000066757202,2.0199999809265137,2.109999895095825,595000
2024-10-10,2.0999999046325684,2.130000114440918,2.0350000858306885,2.039999961853028,577200
2024-10-11,2.119999885559082,2.180000066757202,2.0299999713897705,2.069999933242798,430700
2024-10-14,2.109999895095825,2.164999961853028,2.065000057220459,2.0999999046325684,581300
2024-10-15,2.059999942779541,2.150000095367432,2.039999961853028,2.059999942779541,547000
2024-10-16,2.190000057220459,2.200000047683716,2.049999952316284,2.049999952316284,566700
2024-10-17,2.069999933242798,2.184999942779541,2.059999942779541,2.150000095367432,588100
2024-10-18,2.220000028610229,2.25,2.119999885559082,2.119999885559082,675400
2024-10-21,2.259999990463257,2.2799999713897705,2.190000057220459,2.190000057220459,487300
2024-10-22,2.3399999141693115,2.390000104904175,2.2300000190734863,2.2300000190734863,701400
2024-10-23,2.259999990463257,2.390000104904175,2.259999990463257,2.3399999141693115,568800
2024-10-24,2.289999961853028,2.3399999141693115,2.25,2.25,377400
2024-10-25,2.3499999046325684,2.369999885559082,2.275000095367432,2.275000095367432,435400
2024-10-28,2.450000047683716,2.5,2.3399999141693115,2.3399999141693115,772900
2024-10-29,2.319999933242798,2.4800000190734863,2.299999952316284,2.450000047683716,780600
2024-10-30,2.3499999046325684,2.430000066757202,2.289999961853028,2.289999961853028,475900
2024-10-31,2.3399999141693115,2.438999891281128,2.309999942779541,2.319999933242798,473700
2024-11-01,2.4100000858306885,2.4600000381469727,2.3299999237060547,2.3299999237060547,436300
2024-11-04,2.4100000858306885,2.4600000381469727,2.390000104904175,2.400000095367432,424500
2024-11-05,2.430000066757202,2.484999895095825,2.400000095367432,2.450000047683716,559600
2024-11-06,2.359999895095825,2.4549999237060547,2.319999933242798,2.400000095367432,532300
2024-11-07,2.390000104904175,2.4600000381469727,2.3299999237060547,2.359999895095825,520700
2024-11-08,2.390000104904175,2.440000057220459,2.319999933242798,2.319999933242798,401800
2024-11-11,2.440000057220459,2.4749999046325684,2.369999885559082,2.4100000858306885,421700
2024-11-12,2.380000114440918,2.430000066757202,2.3399999141693115,2.400000095367432,365000
2024-11-13,2.3299999237060547,2.4200000762939453,2.3299999237060547,2.380000114440918,352000
2024-11-14,2.299999952316284,2.3499999046325684,2.275000095367432,2.3299999237060547,467400
2024-11-15,2.309999942779541,2.369999885559082,2.2699999809265137,2.2799999713897705,380300
2024-11-18,2.470000028610229,2.470000028610229,2.296999931335449,2.3299999237060547,943600
2024-11-19,2.450000047683716,2.494999885559082,2.440000057220459,2.440000057220459,291000
2024-11-20,2.4800000190734863,2.5,2.440000057220459,2.440000057220459,441700
2024-11-21,2.430000066757202,2.5269999504089355,2.4200000762939453,2.4800000190734863,472800
2024-11-22,2.3399999141693115,2.440000057220459,2.3299999237060547,2.369999885559082,528100
2024-11-25,2.289999961853028,2.407999992370605,2.2799999713897705,2.3399999141693115,476000
2024-11-26,3.049999952316284,3.0999999046325684,2.2799999713897705,2.309999942779541,3355800
2024-11-27,3.039999961853028,3.1679999828338623,2.819999933242798,3.0999999046325684,1382900
2024-11-29,3.140000104904175,3.1989998817443848,2.940000057220459,3.0,800900
2024-12-02,2.950000047683716,3.140000104904175,2.940000057220459,3.119999885559082,537900
2024-12-03,3.049999952316284,3.059999942779541,2.900000095367432,2.950000047683716,810600
2024-12-04,2.940000057220459,3.069999933242798,2.930000066757202,3.069999933242798,309000
2024-12-05,3.0199999809265137,3.0350000858306885,2.900000095367432,2.900000095367432,456900
2024-12-06,2.940000057220459,3.0799999237060547,2.845000028610229,3.049999952316284,1151000
2024-12-09,3.0,3.0899999141693115,2.9800000190734863,3.049999952316284,560700
2024-12-10,3.009999990463257,3.0899999141693115,2.759999990463257,2.940000057220459,741200
2024-12-11,2.9600000381469727,3.049999952316284,2.930000066757202,3.009999990463257,551800
2024-12-12,2.950000047683716,2.990000009536743,2.859999895095825,2.9200000762939453,366300
2024-12-13,2.809999942779541,2.9600000381469727,2.7799999713897705,2.940000057220459,569600
2024-12-16,2.680000066757202,2.812000036239624,2.640000104904175,2.799999952316284,629800
2024-12-17,2.6600000858306885,2.73799991607666,2.621000051498413,2.6700000762939453,352200
2024-12-18,2.539999961853028,2.690000057220459,2.5299999713897705,2.630000114440918,449100
2024-12-19,2.5299999713897705,2.634999990463257,2.525000095367432,2.539999961853028,383400
2024-12-20,2.890000104904175,2.900000095367432,2.470000028610229,2.5299999713897705,929200
2024-12-23,2.9600000381469727,3.0299999713897705,2.8310000896453857,2.890000104904175,515300
2024-12-24,2.940000057220459,2.984999895095825,2.8499999046325684,2.970000028610229,255400
2024-12-26,2.9100000858306885,2.994999885559082,2.8499999046325684,2.900000095367432,396600
2024-12-27,2.940000057220459,2.9800000190734863,2.8499999046325684,2.890000104904175,511600
2024-12-30,2.869999885559082,2.950000047683716,2.851999998092652,2.9100000858306885,243100
2024-12-31,2.819999933242798,2.9200000762939453,2.789999961853028,2.8499999046325684,170000
2025-01-02,2.799999952316284,2.9200000762939453,2.775000095367432,2.819999933242798,258400
2025-01-03,2.759999990463257,2.819999933242798,2.740000009536743,2.799999952316284,230900
2025-01-06,2.6700000762939453,2.7799999713897705,2.619999885559082,2.7799999713897705,416100
2025-01-07,2.759999990463257,2.809999942779541,2.5999999046325684,2.619999885559082,302700
2025-01-08,2.7300000190734863,2.8299999237060547,2.700000047683716,2.75,253100
2025-01-10,2.5999999046325684,2.7100000381469727,2.5799999237060547,2.6700000762939453,325800
2025-01-13,2.5999999046325684,2.6449999809265137,2.5299999713897705,2.5799999237060547,238500
2025-01-14,2.640000104904175,2.7300000190734863,2.630000114440918,2.630000114440918,217600
2025-01-15,2.700000047683716,2.7300000190734863,2.664999961853028,2.690000057220459,167100
2025-01-16,2.7100000381469727,2.740000009536743,2.6600000858306885,2.680000066757202,120500
2025-01-17,2.859999895095825,2.900000095367432,2.7100000381469727,2.7100000381469727,323000
2025-01-21,2.9800000190734863,3.0,2.8299999237060547,2.869999885559082,305900
2025-01-22,2.950000047683716,3.0799999237060547,2.900000095367432,2.900000095367432,604600
2025-01-23,2.930000066757202,3.0,2.9100000858306885,2.950000047683716,325100
2025-01-24,2.930000066757202,2.970000028610229,2.914999961853028,2.940000057220459,225900
2025-01-27,2.9800000190734863,3.015000104904175,2.900000095367432,2.9100000858306885,394200
2025-01-28,2.940000057220459,2.9800000190734863,2.865000009536743,2.950000047683716,162300
2025-01-29,2.859999895095825,2.984999895095825,2.859999895095825,2.940000057220459,265500
2025-01-30,2.970000028610229,3.0299999713897705,2.869999885559082,2.869999885559082,281100
2025-01-31,2.819999933242798,2.9600000381469727,2.809999942779541,2.9600000381469727,241200
2025-02-03,2.759999990463257,2.8399999141693115,2.7300000190734863,2.759999990463257,362000
2025-02-04,2.789999961853028,2.8399999141693115,2.720000028610229,2.7300000190734863,218900
2025-02-05,2.759999990463257,2.805000066757202,2.7100000381469727,2.7300000190734863,260400
2025-02-06,2.970000028610229,3.0,2.7699999809265137,2.7699999809265137,382600
2025-02-07,2.9600000381469727,3.049999952316284,2.930000066757202,2.990000009536743,441400
2025-02-10,2.9800000190734863,3.0299999713897705,2.930000066757202,2.970000028610229,578800
2025-02-11,2.9800000190734863,3.0199999809265137,2.940000057220459,2.950000047683716,274300
2025-02-12,2.9800000190734863,3.015000104904175,2.9600000381469727,2.9800000190734863,287300
2025-02-13,2.9800000190734863,3.0,2.950000047683716,2.950000047683716,341100
2025-02-14,3.2799999713897705,3.3399999141693115,2.950000047683716,3.0,1041500
2025-02-18,3.140000104904175,3.299999952316284,3.069999933242798,3.299999952316284,578200
2025-02-19,3.039999961853028,3.150000095367432,2.990000009536743,3.150000095367432,487000
2025-02-20,3.200000047683716,3.25,3.059999942779541,3.059999942779541,477900
2025-02-21,2.990000009536743,3.259999990463257,2.950000047683716,3.25,533900
2025-02-24,2.819999933242798,3.0899999141693115,2.809999942779541,2.940000057220459,743000
2025-02-25,2.8299999237060547,2.888000011444092,2.7950000762939453,2.8299999237060547,273200
2025-02-26,2.900000095367432,2.950000047683716,2.859999895095825,2.869999885559082,271100
2025-02-27,2.799999952316284,2.9600000381469727,2.7699999809265137,2.880000114440918,545200
2025-02-28,2.789999961853028,2.8499999046325684,2.75,2.7699999809265137,403200
2025-03-03,2.7100000381469727,2.8299999237060547,2.680000066757202,2.819999933242798,315900
2025-03-04,2.6700000762939453,2.7699999809265137,2.609999895095825,2.690000057220459,499800
2025-03-05,2.799999952316284,2.819999933242798,2.7100000381469727,2.7100000381469727,421300
2025-03-06,2.740000009536743,2.8299999237060547,2.7300000190734863,2.799999952316284,279900
2025-03-07,2.7699999809265137,2.8499999046325684,2.75,2.7699999809265137,349000
2025-03-10,2.5999999046325684,2.7690000534057617,2.5899999141693115,2.720000028610229,797600
2025-03-11,2.7300000190734863,2.775000095367432,2.634999990463257,2.640000104904175,432800
2025-03-12,2.700000047683716,2.775000095367432,2.6700000762939453,2.740000009536743,210200
2025-03-13,2.7100000381469727,2.7699999809265137,2.680000066757202,2.680000066757202,374500
2025-03-14,2.7300000190734863,2.8399999141693115,2.7100000381469727,2.740000009536743,360200
2025-03-17,2.7799999713897705,2.875,2.720000028610229,2.720000028610229,580900
2025-03-18,2.8399999141693115,2.865000009536743,2.759999990463257,2.809999942779541,307700
2025-03-19,2.950000047683716,3.055000066757202,2.819999933242798,2.8299999237060547,639300
2025-03-20,2.890000104904175,3.0899999141693115,2.845000028610229,2.8499999046325684,708400
2025-03-21,2.8399999141693115,2.950000047683716,2.8399999141693115,2.880000114440918,316500
2025-03-24,2.720000028610229,2.869999885559082,2.720000028610229,2.8399999141693115,696400
2025-03-25,2.6700000762939453,2.799999952316284,2.650000095367432,2.75,493500
2025-03-26,2.6600000858306885,2.7300000190734863,2.6449999809265137,2.6700000762939453,482600
2025-03-27,2.680000066757202,2.740000009536743,2.631999969482422,2.631999969482422,624300
2025-03-28,2.630000114440918,2.690000057220459,2.609999895095825,2.6600000858306885,425800
2025-03-31,2.690000057220459,2.727999925613404,2.609999895095825,2.609999895095825,339000
2025-04-01,2.650000095367432,2.7300000190734863,2.650000095367432,2.690000057220459,156600
2025-04-02,2.680000066757202,2.700000047683716,2.650000095367432,2.6600000858306885,147300
2025-04-03,2.619999885559082,2.6700000762939453,2.5999999046325684,2.609999895095825,316900
2025-04-04,2.2799999713897705,2.5799999237060547,2.2300000190734863,2.539999961853028,1299700
2025-04-07,2.1600000858306885,2.309999942779541,2.069999933242798,2.069999933242798,506100
2025-04-08,2.190000057220459,2.2799999713897705,2.125,2.2799999713897705,434600
2025-04-09,2.240000009536743,2.265000104904175,2.039999961853028,2.1700000762939453,618600
2025-04-10,2.289999961853028,2.3499999046325684,2.1549999713897705,2.2300000190734863,414700
2025-04-11,2.369999885559082,2.390000104904175,2.220000028610229,2.319999933242798,369200
2025-04-14,2.5899999141693115,2.740000009536743,2.3550000190734863,2.369999885559082,1261200
2025-04-15,2.569999933242798,2.609999895095825,2.5199999809265137,2.5899999141693115,257100
2025-04-16,2.4600000381469727,2.559999942779541,2.430000066757202,2.549999952316284,659100
2025-04-17,2.5199999809265137,2.575000047683716,2.470000028610229,2.4800000190734863,546600
2025-04-21,2.470000028610229,2.5299999713897705,2.4100000858306885,2.5,965700
2025-04-22,2.559999942779541,2.609999895095825,2.4609999656677246,2.509999990463257,692200
2025-04-23,2.630000114440918,2.690000057220459,2.549999952316284,2.5899999141693115,265100
2025-04-24,2.650000095367432,2.690000057220459,2.5899999141693115,2.619999885559082,296600
2025-04-25,2.650000095367432,2.674999952316284,2.619999885559082,2.640000104904175,123900
2025-04-28,2.7300000190734863,2.7950000762939453,2.640000104904175,2.650000095367432,600600
2025-04-29,2.7300000190734863,2.759999990463257,2.7100000381469727,2.7100000381469727,779900
2025-04-30,2.720000028610229,2.755000114440918,2.6600000858306885,2.7100000381469727,459800
2025-05-01,2.630000114440918,2.7249999046325684,2.619999885559082,2.7100000381469727,93800
2025-05-02,2.720000028610229,2.759999990463257,2.680000066757202,2.7100000381469727,128100
2025-05-05,2.809999942779541,2.865000009536743,2.680000066757202,2.680000066757202,1341200
2025-05-06,2.869999885559082,2.950000047683716,2.809999942779541,2.809999942779541,632300
2025-05-07,2.930000066757202,2.990000009536743,2.8399999141693115,2.8499999046325684,471900
2025-05-08,2.890000104904175,2.994999885559082,2.875,2.890000104904175,595200
2025-05-09,2.930000066757202,2.990000009536743,2.890000104904175,2.900000095367432,475000
2025-05-12,2.9800000190734863,3.0,2.944999933242798,2.990000009536743,375000
2025-05-13,2.990000009536743,3.0299999713897705,2.9549999237060547,2.9600000381469727,439000
2025-05-14,2.890000104904175,3.009999990463257,2.890000104904175,2.990000009536743,159800
2025-05-15,2.819999933242798,2.950000047683716,2.809999942779541,2.869999885559082,552900
2025-05-16,2.930000066757202,2.990000009536743,2.809999942779541,2.809999942779541,470300
2025-05-19,2.9600000381469727,2.990000009536743,2.914999961853028,2.9200000762939453,223300
2025-05-20,2.890000104904175,2.9800000190734863,2.8350000381469727,2.9800000190734863,264300
2025-05-21,2.789999961853028,2.950000047683716,2.7699999809265137,2.890000104904175,278900
2025-05-22,2.7699999809265137,2.869999885559082,2.7699999809265137,2.7799999713897705,479800
2025-05-23,2.8299999237060547,2.8499999046325684,2.759999990463257,2.759999990463257,170700
2025-05-27,2.900000095367432,2.9549999237060547,2.8299999237060547,2.8299999237060547,177300
2025-05-28,2.950000047683716,2.994999885559082,2.9200000762939453,2.9200000762939453,317000
2025-05-29,2.9600000381469727,3.0299999713897705,2.9600000381469727,2.990000009536743,308100
2025-05-30,2.9600000381469727,2.994999885559082,2.900000095367432,2.900000095367432,181300
2025-06-02,2.9600000381469727,3.0,2.900000095367432,2.950000047683716,129800
2025-06-03,2.970000028610229,3.0,2.940000057220459,2.950000047683716,106500
2025-06-04,2.990000009536743,3.0290000438690186,2.970000028610229,2.970000028610229,170300
2025-06-05,2.990000009536743,3.049999952316284,2.9800000190734863,2.990000009536743,220400
2025-06-06,2.970000028610229,2.994999885559082,2.940000057220459,2.9800000190734863,135800
2025-06-09,2.940000057220459,3.0179998874664307,2.930000066757202,2.9600000381469727,197900
2025-06-10,2.930000066757202,2.940000057220459,2.869999885559082,2.940000057220459,294900
2025-06-11,2.950000047683716,2.990000009536743,2.9200000762939453,2.930000066757202,237600
2025-06-12,2.950000047683716,2.9800000190734863,2.930000066757202,2.950000047683716,108200
2025-06-13,2.930000066757202,2.940000057220459,2.880000114440918,2.900000095367432,162200
2025-06-16,2.890000104904175,2.994999885559082,2.880000114440918,2.950000047683716,249800
2025-06-17,2.880000114440918,2.944999933242798,2.859999895095825,2.869999885559082,263100
2025-06-18,2.900000095367432,2.914999961853028,2.8399999141693115,2.859999895095825,186400
2025-06-20,2.930000066757202,2.930000066757202,2.845000028610229,2.880000114440918,359600
2025-06-23,2.930000066757202,2.934999942779541,2.859999895095825,2.859999895095825,228000
2025-06-24,2.869999885559082,2.930000066757202,2.869999885559082,2.900000095367432,277500
2025-06-25,2.859999895095825,2.9049999713897705,2.859999895095825,2.880000114440918,197800
2025-06-26,2.8499999046325684,2.9100000858306885,2.8399999141693115,2.8499999046325684,1583000
2025-06-27,3.0899999141693115,3.130000114440918,2.8359999656677246,2.8399999141693115,5031700
2025-06-30,3.140000104904175,3.2290000915527344,3.095000028610229,3.109999895095825,448500
2025-07-01,3.0299999713897705,3.150000095367432,3.0299999713897705,3.130000114440918,227200
2025-07-02,3.009999990463257,3.059999942779541,2.990000009536743,3.0199999809265137,171400
2025-07-03,3.0199999809265137,3.039999961853028,2.990000009536743,2.990000009536743,135900
2025-07-07,3.299999952316284,3.450000047683716,3.009999990463257,3.039999961853028,1176600
2025-07-08,3.2300000190734863,3.5,3.2100000381469727,3.3299999237060547,696000
2025-07-09,3.3299999237060547,3.359999895095825,3.20199990272522,3.240000009536743,414900
2025-07-10,3.440000057220459,3.470000028610229,3.3299999237060547,3.3299999237060547,317600
2025-07-11,3.390000104904175,3.4600000381469727,3.309999942779541,3.430000066757202,307100
2025-07-14,3.4600000381469727,3.5,3.390000104904175,3.390000104904175,333600
2025-07-15,3.380000114440918,3.5,3.380000114440918,3.4800000190734863,225000
2025-07-16,3.220000028610229,3.369999885559082,3.190000057220459,3.369999885559082,276300
2025-07-17,3.220000028610229,3.2699999809265137,3.150000095367432,3.200000047683716,272000
2025-07-18,3.190000057220459,3.2850000858306885,3.1600000858306885,3.25,102700
2025-07-21,3.319999933242798,3.380000114440918,3.200000047683716,3.200000047683716,360300
2025-07-22,3.319999933242798,3.390000104904175,3.275000095367432,3.3299999237060547,212600
2025-07-23,3.390000104904175,3.434999942779541,3.319999933242798,3.3399999141693115,207500
2025-07-24,3.309999942779541,3.430000066757202,3.299999952316284,3.390000104904175,313900
2025-07-25,3.259999990463257,3.359999895095825,3.240000009536743,3.319999933242798,204200
2025-07-28,3.359999895095825,3.4100000858306885,3.2799999713897705,3.2799999713897705,318800
2025-07-29,3.4800000190734863,3.5199999809265137,3.369999885559082,3.369999885559082,548500
2025-07-30,3.7300000190734863,3.849999904632568,3.470000028610229,3.470000028610229,1623500
2025-07-31,4.039999961853027,4.070000171661377,3.7300000190734863,3.740000009536743,1417300
2025-08-01,3.950000047683716,4.099999904632568,3.920000076293945,3.950000047683716,1179200
2025-08-04,4.329999923706055,4.360000133514404,3.953000068664551,3.990000009536743,710800
2025-08-05,3.9600000381469727,4.300000190734863,3.930000066757202,4.300000190734863,884800
2025-08-06,4.039999961853027,4.099999904632568,3.829999923706055,3.930000066757202,332900
2025-08-07,4.099999904632568,4.130000114440918,3.924000024795532,4.019999980926514,362200
2025-08-08,4.210000038146973,4.300000190734863,4.079999923706055,4.110000133514404,624500
2025-08-11,4.150000095367432,4.196000099182129,4.059999942779541,4.150000095367432,113800
2025-08-12,4.099999904632568,4.190000057220459,4.085000038146973,4.150000095367432,94900
2025-08-13,4.320000171661377,4.534999847412109,4.150000095367432,4.190000057220459,1009600
2025-08-14,4.239999771118164,4.313000202178955,4.175000190734863,4.300000190734863,446500
2025-08-15,4.670000076293945,4.729000091552734,4.260000228881836,4.260000228881836,948700
2025-08-18,5.019999980926514,5.079999923706055,4.629000186920166,4.650000095367432,1416600
2025-08-19,4.840000152587891,5.079999923706055,4.78000020980835,5.079999923706055,859900
2025-08-20,4.900000095367432,4.909999847412109,4.650000095367432,4.849999904632568,606300
2025-08-21,4.710000038146973,4.860000133514404,4.480000019073486,4.860000133514404,875500
2025-08-22,4.71999979019165,4.78000020980835,4.639999866485596,4.75,277500
2025-08-25,4.570000171661377,4.739999771118164,4.53000020980835,4.710000038146973,526600
2025-08-26,4.840000152587891,4.860000133514404,4.519999980926514,4.590000152587891,1082500
2025-08-27,4.639999866485596,4.789999961853027,4.610000133514404,4.789999961853027,401400
2025-08-28,4.579999923706055,4.690000057220459,4.559999942779541,4.650000095367432,396900
2025-08-29,4.559999942779541,4.619999885559082,4.519999980926514,4.619999885559082,316400
2025-09-02,4.659999847412109,4.744999885559082,4.5,4.5,238100
2025-09-03,4.730000019073486,4.75,4.619999885559082,4.659999847412109,274700
2025-09-04,4.489999771118164,4.739999771118164,4.480000019073486,4.670000076293945,329700
2025-09-05,4.440000057220459,4.559999942779541,4.380000114440918,4.559999942779541,370800
2025-09-08,4.190000057220459,4.425000190734863,4.159999847412109,4.380000114440918,419100
2025-09-09,4.230000019073486,4.260000228881836,4.079999923706055,4.170000076293945,458000
2025-09-10,4.119999885559082,4.28000020980835,4.099999904632568,4.269999980926514,221200
2025-09-11,4.300000190734863,4.320000171661377,4.144999980926514,4.159999847412109,205100
2025-09-12,4.28000020980835,4.309999942779541,4.210000038146973,4.309999942779541,236300
2025-09-15,4.360000133514404,4.369999885559082,4.275000095367432,4.289999961853027,187100
2025-09-16,4.150000095367432,4.360000133514404,4.119999885559082,4.360000133514404,327900
2025-09-17,4.119999885559082,4.21999979019165,4.090000152587891,4.190000057220459,272100
2025-09-18,3.940000057220459,4.199999809265137,3.910000085830689,4.190000057220459,486300
2025-09-19,3.910000085830689,3.990000009536743,3.859999895095825,3.930000066757202,255800
2025-09-22,4.019999980926514,4.085000038146973,3.799999952316284,3.809999942779541,519700
2025-09-23,4.159999847412109,4.260000228881836,4.099999904632568,4.099999904632568,455800
2025-09-24,4.150000095367432,4.21999979019165,4.079999923706055,4.199999809265137,289000
2025-09-25,4.449999809265137,4.5,4.110000133514404,4.110000133514404,614700
2025-09-26,4.46999979019165,4.639999866485596,4.449999809265137,4.480000019073486,474900
2025-09-29,4.380000114440918,4.515999794006348,4.309999942779541,4.46999979019165,476000
2025-09-30,4.269999980926514,4.400000095367432,4.239999771118164,4.329999923706055,331700
2025-10-01,4.389999866485596,4.46999979019165,4.260000228881836,4.28000020980835,298000
2025-10-02,4.550000190734863,4.579999923706055,4.420000076293945,4.429999828338623,318900
2025-10-03,4.449999809265137,4.644999980926514,4.429999828338623,4.579999923706055,321900
2025-10-06,4.610000133514404,4.699999809265137,4.28000020980835,4.409999847412109,558200
2025-10-07,4.610000133514404,4.769999980926514,4.599999904632568,4.699999809265137,411100
2025-10-08,4.619999885559082,4.71999979019165,4.5,4.559999942779541,252000
2025-10-09,4.650000095367432,4.710000038146973,4.579999923706055,4.639999866485596,217700
2025-10-10,4.260000228881836,4.75,4.230000019073486,4.630000114440918,600600
2025-10-13,4.369999885559082,4.5,4.25,4.25,384000
2025-10-14,4.519999980926514,4.570000171661377,4.289999961853027,4.289999961853027,291400
2025-10-15,4.599999904632568,4.699999809265137,4.460000038146973,4.559999942779541,282300
2025-10-16,4.480000019073486,4.650000095367432,4.429999828338623,4.590000152587891,289000
2025-10-17,4.369999885559082,4.46999979019165,4.340000152587891,4.460000038146973,264000
2025-10-20,4.420000076293945,4.434999942779541,4.329999923706055,4.369999885559082,350800
2025-10-21,4.380000114440918,4.480000019073486,4.329999923706055,4.360000133514404,263300
2025-10-22,4.420000076293945,4.4670000076293945,4.289999961853027,4.289999961853027,301500
2025-10-23,4.420000076293945,4.505000114440918,4.375999927520752,4.389999866485596,281600
2025-10-24,4.440000057220459,4.5,4.420000076293945,4.440000057220459,194000
2025-10-27,4.840000152587891,4.900000095367432,4.46999979019165,4.46999979019165,486900
2025-10-28,4.730000019073486,4.935999870300293,4.690000057220459,4.849999904632568,384200
2025-10-29,4.579999923706055,4.820000171661377,4.519999980926514,4.679999828338623,259500
2025-10-30,4.559999942779541,4.800000190734863,4.510000228881836,4.550000190734863,337700
2025-10-31,4.78000020980835,4.829999923706055,4.510000228881836,4.510000228881836,213900
2025-11-03,4.909999847412109,4.949999809265137,4.702000141143799,4.760000228881836,389900
2025-11-04,4.860000133514404,4.965000152587891,4.769999980926514,4.889999866485596,367600
2025-11-05,4.949999809265137,4.980000019073486,4.787000179290772,4.820000171661377,323300
2025-11-06,4.760000228881836,5.050000190734863,4.730000019073486,4.920000076293945,333800
2025-11-07,4.75,4.775000095367432,4.619999885559082,4.75,310800
2025-11-10,4.78000020980835,4.945000171661377,4.760000228881836,4.809999942779541,234800
2025-11-11,4.670000076293945,4.840000152587891,4.639999866485596,4.760000228881836,215300
2025-11-12,4.880000114440918,4.929999828338623,4.670000076293945,4.710000038146973,262000
2025-11-13,4.789999961853027,4.929999828338623,4.760000228881836,4.869999885559082,222200
2025-11-14,4.909999847412109,4.940000057220459,4.703999996185303,4.730000019073486,180200
2025-11-17,4.75,4.929999828338623,4.699999809265137,4.840000152587891,266300
2025-11-18,4.909999847412109,4.949999809265137,4.75,4.789999961853027,308600
2025-11-19,4.699999809265137,4.864999771118164,4.610000133514404,4.809999942779541,318900
2025-11-20,4.559999942779541,4.809999942779541,4.550000190734863,4.789999961853027,269700
2025-11-21,4.369999885559082,4.599999904632568,4.28000020980835,4.550000190734863,381200
2025-11-24,4.820000171661377,4.880000114440918,4.400000095367432,4.400000095367432,563700
2025-11-25,4.880000114440918,4.909999847412109,4.760000228881836,4.860000133514404,400800
2025-11-26,4.880000114440918,4.90500020980835,4.789999961853027,4.849999904632568,276600
2025-11-28,4.829999923706055,4.889999866485596,4.829999923706055,4.860000133514404,176500
2025-12-01,4.75,4.840000152587891,4.659999847412109,4.769999980926514,193800
2025-12-02,4.78000020980835,4.804999828338623,4.690000057220459,4.769999980926514,173600
2025-12-03,4.840000152587891,4.849999904632568,4.769999980926514,4.769999980926514,101000
2025-12-04,4.869999885559082,4.889999866485596,4.829999923706055,4.829999923706055,181200
2025-12-05,4.889999866485596,4.889999866485596,4.840000152587891,4.840000152587891,167600
2025-12-08,4.519999980926514,4.869999885559082,4.449999809265137,4.869999885559082,533800
2025-12-09,4.199999809265137,4.420000076293945,4.050000190734863,4.420000076293945,601600
2025-12-10,3.9700000286102295,4.190000057220459,3.890000104904175,4.150000095367432,532800
2025-12-11,3.9600000381469727,4.119999885559082,3.934999942779541,3.950000047683716,284000
2025-12-12,4.079999923706055,4.119999885559082,3.950000047683716,3.9600000381469727,322800
2025-12-15,3.809999942779541,4.079999923706055,3.809999942779541,4.079999923706055,219900
2025-12-16,3.759999990463257,3.809999942779541,3.640000104904175,3.7899999618530273,443500
2025-12-17,3.690000057220459,3.930000066757202,3.680000066757202,3.7899999618530273,276000
2025-12-18,3.759999990463257,3.809999942779541,3.700000047683716,3.740000009536743,207600
2025-12-19,3.829999923706055,3.865000009536743,3.75,3.759999990463257,383000
2025-12-22,3.869999885559082,4.03000020980835,3.75,3.880000114440918,278400
2025-12-23,3.9700000286102295,4.019999980926514,3.704999923706055,3.809999942779541,475400
2025-12-24,3.930000066757202,4.03000020980835,3.890000104904175,3.9700000286102295,110600
2025-12-26,3.930000066757202,3.990000009536743,3.900000095367432,3.9700000286102295,116900
2025-12-29,3.839999914169312,3.910000085830689,3.700000047683716,3.849999904632568,1219100
2025-12-30,3.799999952316284,3.880000114440918,3.7899999618530273,3.869999885559082,189700
2025-12-31,3.549999952316284,3.7899999618530273,3.5299999713897705,3.7799999713897705,384800
2026-01-02,3.509999990463257,3.680000066757202,3.490000009536743,3.5999999046325684,461500
2026-01-05,3.569999933242798,3.609999895095825,3.450000047683716,3.509999990463257,232300
2026-01-06,3.390000104904175,3.680000066757202,3.2300000190734863,3.5799999237060547,623800
2026-01-07,3.25,3.4200000762939453,3.2300000190734863,3.369999885559082,244500
2026-01-08,3.289999961853028,3.3399999141693115,3.2300000190734863,3.2300000190734863,157800
2026-01-09,3.180000066757202,3.390000104904175,3.174999952316284,3.319999933242798,168700
2026-01-12,3.200000047683716,3.25,3.150000095367432,3.1700000762939453,270700
2026-01-13,3.130000114440918,3.240000009536743,3.0850000381469727,3.200000047683716,263800
2026-01-14,3.039999961853028,3.1700000762939453,3.0199999809265137,3.0999999046325684,336000
2026-01-15,3.0,3.1050000190734863,2.970000028610229,3.039999961853028,318400
2026-01-16,3.0299999713897705,3.0450000762939453,2.9800000190734863,2.9800000190734863,244400
2026-01-20,3.059999942779541,3.1449999809265137,2.990000009536743,2.990000009536743,234900
2026-01-21,3.0899999141693115,3.150000095367432,3.0299999713897705,3.069999933242798,198500
2026-01-22,3.0999999046325684,3.2300000190734863,3.065000057220459,3.065000057220459,388600
2026-01-23,3.0999999046325684,3.1449999809265137,3.059999942779541,3.0899999141693115,189600
2026-01-26,3.109999895095825,3.2790000438690186,3.0799999237060547,3.119999885559082,328600
2026-01-27,3.0799999237060547,3.109999895095825,3.049999952316284,3.109999895095825,101400
2026-01-28,3.0799999237060547,3.115000009536743,3.0199999809265137,3.059999942779541,172400
2026-01-29,2.9800000190734863,3.069999933242798,2.950000047683716,3.059999942779541,359500
2026-01-30,2.9100000858306885,3.0350000858306885,2.9100000858306885,2.940000057220459,126900
2026-02-02,2.869999885559082,2.924999952316284,2.8399999141693115,2.9100000858306885,171400
2026-02-03,2.809999942779541,2.900000095367432,2.7950000762939453,2.859999895095825,244200
2026-02-04,2.869999885559082,2.9749999046325684,2.799999952316284,2.799999952316284,244300
2026-02-05,2.799999952316284,2.9100000858306885,2.789999961853028,2.825000047683716,212200
2026-02-06,2.890000104904175,2.940000057220459,2.809999942779541,2.809999942779541,157400
2026-02-09,2.900000095367432,2.9200000762939453,2.869999885559082,2.869999885559082,129900
2026-02-10,2.8499999046325684,2.990000009536743,2.8499999046325684,2.880000114440918,113200
2026-02-11,2.7799999713897705,2.859999895095825,2.7799999713897705,2.8299999237060547,107200
2026-02-12,2.7699999809265137,2.8499999046325684,2.75,2.75,117000
2026-02-13,2.7300000190734863,2.775000095367432,2.720000028610229,2.7300000190734863,152200
2026-02-17,2.75,2.8499999046325684,2.740000009536743,2.75,103900
2026-02-18,2.759999990463257,2.819999933242798,2.740000009536743,2.740000009536743,62800
2026-02-19,2.809999942779541,2.8299999237060547,2.759999990463257,2.759999990463257,81400
2026-02-20,2.7699999809265137,2.809999942779541,2.7300000190734863,2.759999990463257,122000
2026-02-23,2.700000047683716,2.7699999809265137,2.6700000762939453,2.759999990463257,137300
2026-02-24,2.7799999713897705,2.799999952316284,2.630000114440918,2.630000114440918,135600
2026-02-25,2.720000028610229,2.7799999713897705,2.690000057220459,2.7699999809265137,139800
2026-02-26,2.7699999809265137,2.7799999713897705,2.680000066757202,2.700000047683716,127200
2026-02-27,2.690000057220459,2.759999990463257,2.6600000858306885,2.759999990463257,131200
2026-03-02,2.789999961853028,2.8299999237060547,2.640000104904175,2.640000104904175,117600
2026-03-03,2.7699999809265137,2.799999952316284,2.6700000762939453,2.7100000381469727,125100
2026-03-04,2.8299999237060547,2.869999885559082,2.720000028610229,2.809999942779541,111900
2026-03-05,2.759999990463257,2.859999895095825,2.7249999046325684,2.789999961853028,156300
2026-03-06,2.740000009536743,2.799999952316284,2.7100000381469727,2.7100000381469727,118400
2026-03-09,2.789999961853028,2.809999942779541,2.700000047683716,2.700000047683716,75400
2026-03-10,2.7300000190734863,2.809999942779541,2.720000028610229,2.759999990463257,111500
2026-03-11,2.759999990463257,2.7699999809265137,2.720000028610229,2.720000028610229,90100
2026-03-12,2.700000047683716,2.7699999809265137,2.700000047683716,2.720000028610229,98000
2026-03-13,2.539999961853028,2.720000028610229,2.539999961853028,2.7100000381469727,132100
2026-03-16,2.6700000762939453,2.7179999351501465,2.549999952316284,2.549999952316284,134800
2026-03-17,2.6700000762939453,2.7249999046325684,2.609999895095825,2.609999895095825,131500
2026-03-18,2.619999885559082,2.6600000858306885,2.6080000400543213,2.640000104904175,81900
2026-03-19,2.5,2.5999999046325684,2.470000028610229,2.569999933242798,123600
2026-03-20,2.440000057220459,2.5,2.4200000762939453,2.450000047683716,127200
2026-03-23,2.470000028610229,2.509999990463257,2.440000057220459,2.4600000381469727,69800
2026-03-24,2.490000009536743,2.509999990463257,2.440000057220459,2.509999990463257,61000
2026-03-25,2.4100000858306885,2.5299999713897705,2.3949999809265137,2.4800000190734863,100800
2026-03-26,2.299999952316284,2.470000028610229,2.26200008392334,2.400000095367432,162800
2026-03-27,2.180000066757202,2.309999942779541,2.131999969482422,2.25,207600
2026-03-30,1.9900000095367432,2.2100000381469727,1.9600000381469729,2.1600000858306885,422200
2026-03-31,1.940000057220459,2.015000104904175,1.8799999952316284,2.0,338500
2026-04-01,2.359999895095825,2.400000095367432,1.909999966621399,1.919999957084656,604800
2026-04-02,2.380000114440918,2.390000104904175,2.2880001068115234,2.359999895095825,84100
2026-04-06,2.5,2.555000066757202,2.336999893188477,2.3499999046325684,103500
2026-04-07,2.4200000762939453,2.5199999809265137,2.380000114440918,2.470000028610229,101300
2026-04-08,2.5299999713897705,2.5999999046325684,2.441999912261963,2.5,106900
2026-04-09,2.5,2.5299999713897705,2.444999933242798,2.5,144600
2026-04-10,2.490000009536743,2.5199999809265137,2.450000047683716,2.4600000381469727,85900
2026-04-13,2.539999961853028,2.549999952316284,2.440000057220459,2.470000028610229,73400
2026-04-14,2.609999895095825,2.690000057220459,2.5299999713897705,2.5299999713897705,141000
2026-04-15,2.5799999237060547,2.6449999809265137,2.559999942779541,2.609999895095825,54300
2026-04-16,2.5799999237060547,2.61299991607666,2.470000028610229,2.569999933242798,89100
2026-04-17,2.559999942779541,2.640000104904175,2.559999942779541,2.5799999237060547,53100
2026-04-20,2.5299999713897705,2.5999999046325684,2.430000066757202,2.5199999809265137,64300
2026-04-21,2.4200000762939453,2.5299999713897705,2.390000104904175,2.5299999713897705,97100
2026-04-22,2.4600000381469727,2.490000009536743,2.4100000858306885,2.4200000762939453,72600
2026-04-23,2.400000095367432,2.440000057220459,2.384999990463257,2.440000057220459,62600
2026-04-24,2.4200000762939453,2.450000047683716,2.400000095367432,2.400000095367432,30700
2026-04-27,2.430000066757202,2.450000047683716,2.400000095367432,2.400000095367432,46300
2026-04-28,2.4200000762939453,2.440000057220459,2.390000104904175,2.400000095367432,30700
2026-04-29,2.369999885559082,2.390000104904175,2.3299999237060547,2.390000104904175,55000
2026-04-30,2.369999885559082,2.390000104904175,2.3399999141693115,2.3499999046325684,90700
2026-05-01,2.4100000858306885,2.450000047683716,2.369999885559082,2.369999885559082,52600
2026-05-04,2.4100000858306885,2.434999942779541,2.380000114440918,2.400000095367432,62000
2026-05-05,2.390000104904175,2.440000057220459,2.359999895095825,2.440000057220459,36200
2026-05-06,2.4100000858306885,2.4200000762939453,2.369999885559082,2.390000104904175,46700
2026-05-07,2.259999990463257,2.4100000858306885,2.25,2.4100000858306885,93300
2026-05-08,2.220000028610229,2.2660000324249268,2.150000095367432,2.25,84600
2026-05-11,2.2300000190734863,2.289999961853028,2.200000047683716,2.2300000190734863,58900
2026-05-12,2.1600000858306885,2.200000047683716,2.150000095367432,2.200000047683716,50500
2026-05-13,2.130000114440918,2.197999954223633,2.119999885559082,2.197999954223633,75200
2026-05-14,2.220000028610229,2.220000028610229,2.130000114440918,2.1600000858306885,145000
2026-05-15,2.190000057220459,2.220000028610229,2.109999895095825,2.2100000381469727,75300
2026-05-18,2.180000066757202,2.2100000381469727,2.150000095367432,2.150000095367432,57300
2026-05-19,2.220000028610229,2.220000028610229,2.130000114440918,2.1600000858306885,61000
2026-05-20,2.289999961853028,2.325000047683716,2.190000057220459,2.200000047683716,165200
2026-05-21,2.2699999809265137,2.289999961853028,2.2300000190734863,2.259999990463257,102800
2026-05-22,2.440000057220459,2.440000057220459,2.200000047683716,2.220000028610229,225700
2026-05-26,3.009999990463257,3.1600000858306885,2.990000009536743,3.049999952316284,1617400
2026-05-27,3.009999990463257,3.0899999141693115,3.009999990463257,3.009999990463257,787900
