Price,Close,High,Low,Open,Volume
Ticker,HUB.VN,HUB.VN,HUB.VN,HUB.VN,HUB.VN
Date,,,,,
2019-02-26,9153.3525390625,9153.3525390625,9153.3525390625,9153.3525390625,0
2019-02-27,8512.6181640625,8695.684658875252,8512.6181640625,8558.38456611086,37968
2019-02-28,7917.65087890625,7917.65087890625,7917.65087890625,7917.65087890625,2754
2019-03-01,7368.44921875,7780.349963573893,7368.44921875,7368.44921875,52307
2019-03-04,7048.08203125,7551.5160187439005,6956.548337173107,6956.548337173107,10014
2019-03-05,7528.6328125,7528.6328125,7002.314767819806,7322.681791419007,34057
2019-03-06,8054.95068359375,8054.95068359375,7963.416991894855,7963.416991894855,13846
2019-03-07,8466.8505859375,8604.151560627271,8215.13405334802,8215.13405334802,13528
2019-03-08,8443.96875,8558.385206998539,8009.18390819518,8558.385206998539,5491
2019-03-11,8375.318359375,8375.318359375,7871.883486430381,8375.318359375,13648
2019-03-12,8329.55078125,8329.55078125,8238.017090549141,8238.017090549141,7935
2019-03-13,7917.65087890625,8238.017481639325,7780.349893027103,7803.23353844352,16203
2019-03-14,7780.34912109375,8146.483864952665,7780.34912109375,8009.182892695941,36041
2019-03-15,7986.30078125,8054.95082961383,7780.349749539177,7780.349749539177,5531
2019-03-18,8329.55078125,8535.501806981762,7780.34952366415,7780.34952366415,34176
2019-03-19,8306.66796875,8329.55161537161,8100.7178090136895,8329.55161537161,3428
2019-03-20,8695.6845703125,8878.751949880076,8238.017008012857,8352.434341897417,6348
2019-03-21,8695.6845703125,8878.751949880076,8695.6845703125,8695.6845703125,8070
2019-03-22,8741.4521484375,9153.35332281622,8695.684858718016,8695.684858718016,11204
2019-03-25,8238.0166015625,8741.451427225029,8192.250202238296,8283.78388750596,5752
2019-03-26,8604.15234375,8695.685153048504,8466.851356563526,8695.685153048504,1864
2019-03-27,8466.8505859375,8604.151560627271,8238.01681028025,8238.01681028025,809
2019-03-28,8238.0166015625,8695.684141281568,8238.0166015625,8695.684141281568,3071
2019-03-29,8604.15234375,8604.15234375,8604.15234375,8604.15234375,16
2019-04-01,8375.318359375,8604.152150726371,8238.017375268708,8375.318359375,20511
2019-04-02,8375.318359375,8375.318359375,8375.318359375,8375.318359375,294
2019-04-03,8375.318359375,8466.851166620077,7803.233437686903,8466.851166620077,16917
2019-04-04,7940.533203125,8512.618100890253,7826.11675554353,8466.850812562225,17275
2019-04-05,8375.318359375,8375.318359375,8375.318359375,8375.318359375,1666
2019-04-08,8375.318359375,8375.318359375,7871.883486430381,7871.883486430381,4221
2019-04-09,8146.48486328125,8238.017673843802,8146.48486328125,8238.017673843802,2436
2019-04-10,8146.48486328125,8146.48486328125,8146.48486328125,8146.48486328125,16
2019-04-11,8306.66796875,8306.66796875,8054.951402389865,8123.601455635301,15949
2019-04-16,8032.06689453125,8032.06689453125,8032.06689453125,8032.06689453125,7792
2019-04-18,8215.134765625,8215.134765625,8215.134765625,8215.134765625,16
2019-04-19,8215.134765625,8215.134765625,8009.183729043405,8009.183729043405,7871
2019-04-22,8215.134765625,8215.134765625,8009.183729043405,8009.183729043405,56
2019-04-25,8009.18310546875,8009.18310546875,7643.049238502346,7803.232971541264,6007
2019-04-26,8054.95068359375,8054.95068359375,8054.95068359375,8054.95068359375,7039
2019-05-02,8054.95068359375,8054.95068359375,7780.349608497063,7826.116897656169,4602
2019-05-03,7963.4169921875,8169.367133553095,7620.165869958856,7620.165869958856,1031
2019-05-06,7826.1171875,7826.1171875,7688.816201556993,7780.349896645881,4579
2019-05-07,8100.716796875,8238.016886211006,7734.582929772559,8192.250485305432,79
2019-05-08,7780.34912109375,7780.34912109375,7780.34912109375,7780.34912109375,2975
2019-05-09,8192.2509765625,8192.2509765625,7734.583393585102,7734.583393585102,79
2019-05-13,8466.8505859375,8695.68436159475,8466.8505859375,8695.68436159475,1999
2019-05-14,8466.8505859375,8466.8505859375,8466.8505859375,8466.8505859375,16
2019-05-16,8238.0166015625,8238.0166015625,7894.766390082826,8238.0166015625,8705
2019-05-17,8238.0166015625,8238.0166015625,8009.182831702966,8238.0166015625,5633
2019-05-20,7803.2333984375,8192.25093044005,7803.2333984375,8192.25093044005,22059
2019-05-21,8123.60107421875,8146.484719765936,7826.117228582752,8146.484719765936,2436
2019-05-22,7322.68212890625,7551.515917727716,7322.68212890625,7528.6331594791,8585
2019-05-23,7322.68212890625,7322.68212890625,7322.68212890625,7322.68212890625,16
2019-05-24,7482.8662109375,7505.749856848865,7139.615512054189,7505.749856848865,1523
2019-05-27,7322.68212890625,7322.68212890625,6979.43144567405,6979.43144567405,9617
2019-05-28,7803.2333984375,7803.2333984375,7803.2333984375,7803.2333984375,16
2019-05-29,7276.91552734375,7322.681929212234,7276.91552734375,7276.91552734375,4341
2019-05-30,6979.431640625,7322.682333444949,6956.5484384275405,6956.5484384275405,10054
2019-05-31,7322.68212890625,7322.68212890625,7322.68212890625,7322.68212890625,16
2019-06-03,7414.2158203125,7414.2158203125,7322.682127477902,7322.682127477902,39
2019-06-04,7391.33251953125,7391.33251953125,7391.33251953125,7391.33251953125,16
2019-06-05,7391.33251953125,7391.33251953125,7391.33251953125,7391.33251953125,16
2019-06-06,7368.44921875,7368.44921875,7368.44921875,7368.44921875,16
2019-06-07,7322.68212890625,7322.68212890625,7322.68212890625,7322.68212890625,1150
2019-06-10,7322.68212890625,7322.68212890625,7322.68212890625,7322.68212890625,16
2019-06-11,7299.798828125,7299.798828125,7139.615089465348,7139.615089465348,1999
2019-06-12,7185.3818359375,7459.982020346887,7093.848145594603,7459.982020346887,45506
2019-06-13,7528.6328125,7528.6328125,7528.6328125,7528.6328125,16
2019-06-17,7368.44921875,7368.44921875,7322.682370811861,7368.44921875,13687
2019-06-18,7322.68212890625,7414.215821758702,7322.68212890625,7322.68212890625,13902
2019-06-19,7437.09912109375,7459.98232295288,7345.565870347559,7459.98232295288,238
2019-06-20,7345.5654296875,7391.33227396988,7345.5654296875,7345.5654296875,6919
2019-06-21,7345.5654296875,7368.448630173868,7322.681785891488,7368.448630173868,8546
2019-06-24,7505.74951171875,7780.349703550959,7322.682126084393,7780.349703550959,9005
2019-06-25,7551.51611328125,7551.51611328125,7482.866063518986,7482.866063518986,22789
2019-06-26,7780.34912109375,8054.950178987936,7551.515349491559,7551.515349491559,19955
2019-06-27,7848.9990234375,8283.783802333723,7803.232624583857,8009.182749354122,42270
2019-06-28,8146.48486328125,8329.551371025726,7849.000125785156,7849.000125785156,19338
2019-07-01,8695.6845703125,8695.6845703125,8009.183226863037,8192.250606430613,150089
2019-07-02,9061.8203125,9061.8203125,8695.68551364549,8741.452806812002,235510
2019-07-03,8970.2861328125,8970.2861328125,8924.518842094863,8970.2861328125,38960
2019-07-04,8970.2861328125,8970.2861328125,8741.452339082358,8787.218743180647,35984
2019-07-05,8970.2861328125,8970.2861328125,8810.102388539466,8810.102388539466,19916
2019-07-08,9588.1376953125,9588.1376953125,9016.052753908569,9016.052753908569,132570
2019-07-09,10251.7548828125,10251.7548828125,9794.08730952922,9839.85459882914,166912
2019-07-10,10526.35546875,10961.139377144038,10526.35546875,10892.48933300915,92816
2019-07-11,10755.1904296875,10984.024230888535,10297.522827285426,10343.289232877882,77246
2019-07-12,11441.69140625,11441.69140625,10755.190028269322,10755.190028269322,49808
2019-07-15,10892.490234375,11441.691519520393,10892.490234375,11212.857724594758,73573
2019-07-16,11121.32421875,11624.75910813391,11121.32421875,11167.090623867009,110176
2019-07-17,10617.8896484375,11304.3910082139,10572.12235914748,10572.12235914748,46000
2019-07-18,10755.1904296875,10755.1904296875,10389.056525089716,10389.056525089716,14441
2019-07-19,10800.9560546875,10846.7233435917,10503.472223287448,10526.355867739549,1564
2019-07-22,10045.8046875,10846.723379804307,10045.8046875,10846.723379804307,71930
2019-07-23,9931.38671875,10068.68769055426,9359.302734939418,10045.804047483673,148162
2019-07-24,9244.8857421875,9885.620678495716,9244.8857421875,9885.620678495716,65996
2019-07-25,9839.8544921875,9862.737249970143,9153.353139702696,9244.885944071886,36913
2019-07-26,9153.3525390625,9862.736602780384,9153.3525390625,9862.736602780384,33683
2019-07-29,8512.6181640625,8649.91825682689,8512.6181640625,8649.91825682689,157407
2019-07-30,8466.8505859375,8901.635380319767,8238.01681028025,8901.635380319767,47269
2019-07-31,8192.2509765625,8512.618461970547,8146.484572912496,8466.851171701204,118049
2019-08-01,8649.91796875,8649.91796875,8146.484016507165,8192.250417031322,34318
2019-08-02,8558.384765625,8649.918458474875,8238.017283960104,8649.918458474875,32334
2019-08-05,9153.3525390625,9153.3525390625,8260.900218761184,8260.900218761184,36120
2019-08-06,9794.0869140625,9794.0869140625,9290.652958426332,9382.186646710894,193852
2019-08-07,9565.25390625,10022.921497875976,9405.070160518972,9794.087702062989,27947
2019-08-08,9565.25390625,9771.20494311524,9222.003655840195,9771.20494311524,9005
2019-08-09,9519.4873046875,9519.4873046875,9153.35341628934,9244.886223424375,45903
2019-08-12,9290.6533203125,9679.670845710298,9290.6533203125,9679.670845710298,18584
2019-08-13,9016.0517578125,9382.186505437638,8924.518070906215,9290.652818531353,50720
2019-08-14,9244.8857421875,9382.186718981611,9016.051963023036,9061.819250827502,19440
2019-08-15,9016.0517578125,9290.652818531353,8924.518070906215,9153.352731481562,6268
2019-08-16,9633.9033203125,9633.9033203125,9038.935667801696,9038.935667801696,99702
2019-08-19,10045.8046875,10205.988425960864,9611.020761174414,9816.97090207296,73176
2019-08-20,10343.2890625,10526.356455093037,10160.222556526323,10526.356455093037,96664
2019-08-21,9977.1552734375,10480.589278664746,9977.1552734375,10389.056467982971,39833
2019-08-22,10022.9208984375,10022.9208984375,9794.08711631032,9977.154496659785,14260
2019-08-23,9885.62109375,10160.222172253794,9885.62109375,10022.921189692232,50784
2019-08-26,10297.521484375,10389.055170242287,9611.020170299234,9885.620341281836,54053
2019-08-27,11006.9072265625,11006.9072265625,10205.988526377929,10297.52221877321,470244
2019-08-28,10823.83984375,11441.691159256918,10823.83984375,11395.924756360577,139695
2019-08-29,11578.9912109375,11578.9912109375,10823.839802967515,10892.48985036303,330810
2019-08-30,11350.1572265625,11578.991009438463,11167.089845614008,11578.991009438463,140052
2019-09-03,11212.857421875,11395.924807520876,10892.489940304382,11029.790036229124,147924
2019-09-04,10984.0244140625,11167.090926104593,10663.656909714597,11121.324519748918,70621
2019-09-05,10961.1396484375,10984.023292588605,10709.422222633271,10984.023292588605,39278
2019-09-06,10343.2890625,10709.422961066712,10343.2890625,10709.422961066712,82524
2019-09-09,10480.5888671875,10480.5888671875,10343.28876993599,10343.28876993599,9878
2019-09-10,10526.35546875,11189.973153133416,10297.521692760622,11189.973153133416,9062
2019-09-11,10755.1904296875,11029.790636480991,10160.22272388868,10160.22272388868,396
2019-09-12,10389.0556640625,10755.189538315732,10343.288375643782,10755.189538315732,25113
2019-09-13,10205.98828125,10800.95593760039,10205.98828125,10389.055661643644,34715
2019-09-16,10686.5390625,10755.189105747706,10251.754273105504,10251.754273105504,15886
2019-09-17,10526.35546875,10572.121869300165,10389.05538048023,10526.35546875,15274
2019-09-18,10709.421875,10709.421875,10480.588100774936,10526.355387591511,8546
2019-09-19,10320.404296875,10709.4217989573,10320.404296875,10686.539042330764,36557
2019-09-20,10526.35546875,10526.35546875,10343.288093310786,10526.35546875,2396
2019-09-23,10068.6875,10389.05495044808,10068.6875,10389.05495044808,38603
2019-09-24,10274.638671875,10297.522316846596,9977.154833721594,10068.688526988642,7792
2019-09-25,9885.62109375,10411.938719274778,9565.253612138573,10411.938719274778,90991
2019-09-26,9931.38671875,9931.38671875,9267.769049276332,9839.853919706176,48918
2019-09-27,9473.7197265625,9702.55351068374,9382.186922209452,9496.603370960416,49729
2019-09-30,9382.1865234375,9473.71932390012,9382.1865234375,9382.1865234375,31699
2019-10-01,9611.0205078125,9611.0205078125,9382.186728417882,9611.0205078125,9799
2019-10-02,9450.837890625,9565.254350536225,9382.187837354388,9427.954243994996,11981
2019-10-03,9336.419921875,9382.187212084877,9290.65351828446,9382.187212084877,13886
2019-10-04,9336.419921875,9382.187212084877,9244.886228074583,9336.419921875,19139
2019-10-07,9542.3701171875,9542.3701171875,9244.885416787163,9244.885416787163,14299
2019-10-08,9336.419921875,9427.953615675417,9336.419921875,9427.953615675417,5094
2019-10-09,9611.0205078125,9611.0205078125,9382.186728417882,9519.486818730797,1206
2019-10-10,9611.0205078125,10068.688066601737,9611.0205078125,10068.688066601737,2737
2019-10-11,9611.0205078125,9611.0205078125,9336.419440567384,9382.186728417882,16067
2019-10-14,9519.4873046875,9519.4873046875,9519.4873046875,9519.4873046875,555
2019-10-15,8924.5185546875,9473.7198192771,8924.5185546875,9382.187014028264,49491
2019-10-16,9542.3701171875,9542.3701171875,9290.65270298072,9290.65270298072,5332
2019-10-17,9611.0205078125,9611.0205078125,9382.186728417882,9427.95312964909,4720
2019-10-18,9473.7197265625,9496.603370960416,9153.353138088212,9313.5359890157,40190
2019-10-21,9382.1865234375,9382.1865234375,9382.1865234375,9382.1865234375,9918
2019-10-22,9382.1865234375,9382.1865234375,9176.235505848425,9176.235505848425,39
2019-10-23,9176.236328125,9244.886377933288,9153.353569268473,9244.886377933288,45427
2019-10-24,9816.970703125,9816.970703125,9153.35300482106,9336.41949748113,135
2019-10-28,9290.6533203125,9336.419722927816,9153.353225847237,9336.419722927816,491842
2019-10-29,9290.6533203125,9290.6533203125,9290.6533203125,9290.6533203125,21345
2019-10-30,9244.8857421875,9290.653029991969,9244.8857421875,9290.653029991969,43999
2019-10-31,9519.4873046875,9519.4873046875,9061.819722534969,9061.819722534969,79
2019-11-04,9038.935546875,9519.486745913617,8970.285502243667,8970.285502243667,1229
2019-11-05,9061.8203125,9061.8203125,9038.936665916744,9061.8203125,1761
2019-11-06,9038.935546875,9061.819190625203,9038.935546875,9061.819190625203,3348
2019-11-07,9038.935546875,9038.935546875,9016.051903124791,9016.051903124791,39
2019-11-11,9038.935546875,9153.352879006745,9038.935546875,9038.935546875,3706
2019-11-12,9336.419921875,9336.419921875,9016.052436883214,9016.052436883214,3491
2019-11-13,9336.419921875,9336.419921875,9336.419921875,9336.419921875,294
2019-11-14,9313.5361328125,9313.5361328125,8787.218509869474,8970.285894640667,22036
2019-11-15,9153.3525390625,9153.3525390625,9153.3525390625,9153.3525390625,197
2019-11-18,9130.4697265625,9130.4697265625,8741.452194972588,8741.452194972588,2498
2019-11-19,9107.5859375,9107.5859375,8924.518553782264,8924.518553782264,2022
2019-11-22,8924.5185546875,8924.5185546875,8924.5185546875,8924.5185546875,8291
2019-11-25,8787.2177734375,8832.985059104334,8421.083921199084,8832.985059104334,12973
2019-11-26,8695.6845703125,8787.218260096288,8695.6845703125,8695.6845703125,5452
2019-11-27,8901.6357421875,8901.6357421875,8695.684715090198,8695.684715090198,1802
2019-11-28,8695.6845703125,8695.6845703125,8649.918168730255,8649.918168730255,3015
2019-11-29,8764.3359375,8787.218696116912,8604.1521940849,8604.1521940849,23011
2019-12-05,8764.3359375,8764.3359375,8764.3359375,8764.3359375,1983
2019-12-10,9107.5859375,9107.5859375,8512.618270346335,8558.384672966109,10133
2019-12-13,9107.5859375,9107.5859375,9107.5859375,9107.5859375,56
2019-12-16,8695.6845703125,8695.6845703125,8695.6845703125,8695.6845703125,412
2019-12-17,8695.6845703125,8695.6845703125,8695.6845703125,8695.6845703125,532
2019-12-18,8695.6845703125,8695.6845703125,8695.6845703125,8695.6845703125,4142
2019-12-20,8741.4521484375,8741.4521484375,8695.684858718016,8695.684858718016,15870
2019-12-24,8329.55078125,8741.451946094216,8329.55078125,8741.451946094216,3570
2019-12-25,8901.6357421875,8901.6357421875,8512.618219093976,8512.618219093976,611
2019-12-27,9382.1865234375,9382.1865234375,9359.302880012208,9359.302880012208,9522
2020-01-02,9588.1376953125,9588.1376953125,9153.353742746684,9153.353742746684,4459
2020-01-03,9382.1865234375,9382.1865234375,8947.401731453325,9153.352749042404,92719
2020-01-06,9153.3525390625,9153.3525390625,8970.285169098319,8970.285169098319,2079
2020-01-07,9107.5859375,9107.5859375,9107.5859375,9107.5859375,13886
2020-01-08,9107.5859375,9107.5859375,9016.052245641133,9107.5859375,3348
2020-01-09,9244.8857421875,9244.8857421875,9244.8857421875,9244.8857421875,515
2020-01-14,9290.6533203125,9290.6533203125,8695.684766597486,8695.684766597486,2992
2020-01-15,9153.3525390625,9153.3525390625,9153.3525390625,9153.3525390625,1190
2020-01-16,8695.6845703125,8741.451858514043,8695.6845703125,8741.451858514043,1983
2020-01-17,8649.91796875,8695.684369274157,8649.91796875,8695.684369274157,1999
2020-01-20,9016.0517578125,9016.0517578125,8283.784035800767,8283.784035800767,58401
2020-01-21,9016.0517578125,9107.585444718785,9016.0517578125,9016.0517578125,2975
2020-01-22,8695.6845703125,8695.6845703125,8695.6845703125,8695.6845703125,3768
2020-01-30,9084.7021484375,9084.7021484375,8741.451917698427,8924.518411886163,4165
2020-01-31,8558.384765625,8604.152055359602,8535.502007377028,8604.152055359602,6942
2020-02-03,8489.734375,8535.501662887451,8466.850731056275,8466.850731056275,3967
2020-02-04,8489.734375,8489.734375,8489.734375,8489.734375,197
2020-02-05,8672.802734375,8672.802734375,8443.968928910039,8489.735335355273,8450
2020-02-06,8764.3359375,8764.3359375,8512.61849975922,8512.61849975922,6880
2020-02-07,8924.5185546875,8924.5185546875,8924.5185546875,8924.5185546875,16
2020-02-10,8695.6845703125,8695.6845703125,8695.6845703125,8695.6845703125,197
2020-02-11,8649.91796875,8695.684369274157,8649.91796875,8695.684369274157,4459
2020-02-12,9061.8203125,9061.8203125,9061.8203125,9061.8203125,16
2020-02-13,8855.8681640625,8924.518208646938,8512.61794114031,8924.518208646938,4103
2020-02-17,8512.6181640625,8535.501808396335,8512.6181640625,8535.501808396335,6942
2020-02-18,8695.6845703125,8695.6845703125,8466.85078916268,8466.85078916268,1031
2020-02-19,8695.6845703125,8695.6845703125,8695.6845703125,8695.6845703125,396
2020-02-20,8832.986328125,8832.986328125,8421.08513104258,8466.851536665348,849
2020-02-21,8466.8505859375,8466.8505859375,8238.01681028025,8283.784097383268,10830
2020-02-24,8466.8505859375,8466.8505859375,8466.8505859375,8466.8505859375,356
2020-02-26,8604.15234375,8604.15234375,8604.15234375,8604.15234375,16
2020-02-28,8238.0166015625,8672.801384929095,8238.0166015625,8238.0166015625,5848
2020-03-02,8238.0166015625,8238.0166015625,8238.0166015625,8238.0166015625,16
2020-03-03,8604.15234375,8604.15234375,8238.01756007855,8443.968597548579,2459
2020-03-04,8787.2177734375,8787.2177734375,8787.2177734375,8787.2177734375,56
2020-03-05,8627.0341796875,8627.0341796875,8238.016678625288,8238.016678625288,277
2020-03-06,8535.5009765625,8535.5009765625,8238.016289072177,8238.016289072177,476
2020-03-09,8375.318359375,8375.318359375,8054.950874159213,8054.950874159213,3586
2020-03-10,8375.318359375,8421.08476299754,8375.318359375,8421.08476299754,396
2020-03-11,7917.65087890625,8238.017481639325,7917.65087890625,8009.183687333214,3015
2020-03-12,7368.44921875,7688.816267697614,7368.44921875,7688.816267697614,11386
2020-03-13,7322.68212890625,7322.68212890625,7093.848340084784,7093.848340084784,2975
2020-03-17,7597.283203125,7688.816009305851,7322.682124724461,7414.21581752464,18368
2020-03-18,7848.9990234375,8009.182749354122,7848.999023437501,8009.182749354122,1666
2020-03-19,7780.34912109375,7871.882807058479,7780.34912109375,7780.34912109375,17853
2020-03-23,7505.74951171875,7643.0496076348545,7505.74951171875,7643.0496076348545,14695
2020-03-24,7894.76708984375,7894.76708984375,7505.749557939641,7757.466993082143,31955
2020-03-25,7780.34912109375,7780.34912109375,7688.815435129021,7780.34912109375,51951
2020-03-27,7322.68212890625,7780.349706549183,7322.68212890625,7780.349706549183,27788
2020-03-30,7505.74951171875,7551.515914817675,7322.682126084393,7322.682126084393,14815
2020-03-31,7597.283203125,7780.349702106031,7597.283203125,7780.349702106031,39
2020-04-01,7734.5830078125,7734.5830078125,7734.5830078125,7734.5830078125,7951
2020-04-06,7780.34912109375,7780.34912109375,7688.815435129021,7688.815435129021,62845
2020-04-07,7551.51611328125,7986.300943934724,7551.51611328125,7986.300943934724,1484
2020-04-08,7597.283203125,7963.417087706391,7322.682124724461,7322.682124724461,13902
2020-04-09,7826.1171875,7826.1171875,7826.1171875,7826.1171875,16
2020-04-10,7734.5830078125,7734.5830078125,7734.5830078125,7734.5830078125,9918
2020-04-13,7551.51611328125,7734.583503726855,7551.51611328125,7734.583503726855,35111
2020-04-14,7643.04931640625,7688.815717761306,7551.515627076845,7643.04931640625,39913
2020-04-15,7322.68212890625,7597.283207463606,7322.68212890625,7551.515917727716,26797
2020-04-16,7322.68212890625,7688.816013696731,7322.68212890625,7688.816013696731,18567
2020-04-17,7276.91552734375,7597.2830002810515,7276.91552734375,7414.215619568507,60718
2020-04-20,7276.91552734375,7459.98202143699,7231.148682165613,7231.148682165613,20114
2020-04-21,7254.0322265625,7322.682275925309,7093.848482509497,7322.682275925309,45546
2020-04-22,7185.3818359375,7185.3818359375,6956.54805338991,7093.848145594603,7912
2020-04-23,7322.68212890625,7322.68212890625,7162.498831378955,7162.498831378955,16108
2020-04-24,6956.5478515625,7780.3492675093585,6956.5478515625,7780.3492675093585,15489
2020-04-27,7322.68212890625,7322.68212890625,7093.848340084784,7276.915725789688,26479
2020-04-28,7299.798828125,7505.74941258879,6956.548149558457,7505.74941258879,44095
2020-04-29,7414.2158203125,7414.2158203125,7139.615185118371,7139.615185118371,12259
2020-05-04,7551.51611328125,7551.51611328125,7322.68231853392,7528.633354440063,2278
2020-05-05,7231.14892578125,7322.682175911603,7231.14892578125,7322.682175911603,3706
2020-05-06,7368.44921875,7414.216066688139,7322.682370811861,7322.682370811861,8688
2020-05-07,7459.98193359375,7459.98193359375,7437.098732928964,7437.098732928964,3371
2020-05-08,7551.51611328125,7688.816212805778,7459.982418058448,7459.982418058448,2419
2020-05-11,7643.04931640625,7643.04931640625,7505.74922572179,7551.515627076845,12537
2020-05-12,7643.04931640625,7643.04931640625,7643.04931640625,7643.04931640625,5293
2020-05-13,7780.34912109375,7986.300136169205,7780.34912109375,7986.300136169205,555
2020-05-14,7322.68212890625,7322.68212890625,7322.68212890625,7322.68212890625,3967
2020-05-15,7551.51611328125,7643.049808504053,7276.915914232194,7643.049808504053,1705
2020-05-18,7780.34912109375,7780.34912109375,7551.515349491559,7551.515349491559,412
2020-05-19,7734.5830078125,7734.5830078125,7368.448693706216,7734.5830078125,6506
2020-05-21,7551.51611328125,8009.183702775911,7551.51611328125,7551.51611328125,8744
2020-05-22,7551.51611328125,7551.51611328125,7551.51611328125,7551.51611328125,11086
2020-05-25,7871.88330078125,7871.883300781249,7437.098930143656,7437.098930143656,36580
2020-05-26,8192.2509765625,8192.2509765625,7871.883491154454,8009.183588723806,3547
2020-05-27,8192.2509765625,8192.2509765625,8192.2509765625,8192.2509765625,95
2020-05-28,7780.34912109375,8192.250264625398,7688.815435129021,8192.250264625398,8569
2020-05-29,7780.34912109375,7826.116407385745,7780.34912109375,7826.116407385745,5157
2020-06-01,8009.18310546875,8009.18310546875,7734.582926898768,7780.349327787337,3071
2020-06-02,7734.5830078125,8009.183189255154,7734.5830078125,8009.183189255154,5570
2020-06-03,8009.18310546875,8009.18310546875,7780.349327787337,7780.349327787337,911
2020-06-04,8009.18310546875,8009.18310546875,8009.18310546875,8009.18310546875,95
2020-06-05,7963.4169921875,8009.183394728971,7551.515822836991,8009.183394728971,1705
2020-06-08,7871.88330078125,7963.416992486951,7734.583206532356,7963.416992486951,10927
2020-06-09,8329.55078125,8421.08447195086,7780.34952366415,7917.650503025094,88531
2020-06-10,8054.95068359375,8512.618255468911,8054.95068359375,8512.618255468911,5157
2020-06-11,8604.15234375,8604.15234375,8146.484750780044,8146.484750780044,210713
2020-06-12,8810.1025390625,8924.518994572734,8627.035146302891,8878.752589692513,40348
2020-06-15,8695.6845703125,8878.751949880076,8695.6845703125,8810.10190419706,83435
2020-06-16,8787.2177734375,8855.867815318501,8466.850320246667,8466.850320246667,23067
2020-06-17,8695.6845703125,8695.6845703125,8260.900652113629,8260.900652113629,555
2020-06-18,8146.48486328125,8695.68527313405,8146.48486328125,8375.318662926373,9998
2020-06-19,8238.0166015625,8558.3840566897,8009.182831702966,8558.3840566897,29438
2020-06-22,8238.0166015625,8466.850371422035,7688.815376575766,7917.650033054556,27471
2020-06-23,8192.2509765625,8421.0847680512,8009.183588723806,8421.0847680512,24439
2020-06-24,8238.0166015625,8466.850371422035,8192.250202238296,8238.0166015625,66415
2020-06-25,8466.8505859375,8466.8505859375,8238.01681028025,8329.550497867007,7316
2020-06-26,8558.384765625,8924.518650405169,8238.017283960104,8238.017283960104,98092
2020-06-29,8238.0166015625,8787.217826549235,8238.0166015625,8787.217826549235,12117
2020-06-30,8375.318359375,8649.918554348911,8283.784665510584,8649.918554348911,2657
2020-07-01,8375.318359375,8466.851166620077,8260.901020389645,8306.667424012185,2119
2020-07-02,8466.8505859375,8466.8505859375,8238.01681028025,8260.900453831759,476
2020-07-03,8466.8505859375,8466.8505859375,8238.01681028025,8375.317784970022,10672
2020-07-06,8466.8505859375,8466.8505859375,8238.01681028025,8238.01681028025,1523
2020-07-07,8238.0166015625,8466.850371422035,8238.0166015625,8466.850371422035,15036
2020-07-08,8421.0849609375,8421.0849609375,8421.0849609375,8421.0849609375,16
2020-07-09,8398.2001953125,8398.2001953125,8306.666511503297,8306.666511503297,2221
2020-07-10,8238.0166015625,8421.08397209783,8238.0166015625,8260.90024453423,14759
2020-07-13,8283.78515625,8558.385367491492,8238.017863296824,8238.017863296824,5951
2020-07-15,8329.55078125,8329.55078125,8238.017090549141,8283.784379209224,11324
2020-07-16,8329.55078125,8329.55078125,8238.017090549141,8329.55078125,26836
2020-07-17,8329.55078125,8329.55078125,8238.017090549141,8238.017090549141,9220
2020-07-20,8329.55078125,8329.55078125,8192.250688508364,8238.017090549141,10433
2020-07-21,8352.4345703125,8352.4345703125,8238.017233298955,8238.017233298955,34635
2020-07-22,8352.4345703125,8352.4345703125,8260.900878025528,8329.550925585927,32549
2020-07-23,8375.318359375,8398.2011178766,8375.318359375,8375.318359375,4562
2020-07-24,8352.4345703125,8421.084617872899,8009.183445891187,8375.318215039073,55085
2020-07-27,8329.55078125,8375.318069910085,8100.716997807505,8352.434425580042,4420
2020-07-28,8375.318359375,8375.318359375,8238.017375268708,8238.017375268708,6443
2020-07-29,8329.55078125,8329.55078125,8238.017090549141,8238.017090549141,12553
2020-07-30,8329.55078125,8375.318069910085,8329.55078125,8375.318069910085,118
2020-07-31,8398.2001953125,8466.850236514592,8329.550154110408,8329.550154110408,43919
2020-08-03,8558.384765625,8558.384765625,8306.667331942677,8489.734717642426,17218
2020-08-04,8466.8505859375,8695.68436159475,8375.317784970022,8695.68436159475,6443
2020-08-05,8466.8505859375,8604.151560627271,8329.550497867007,8329.550497867007,2158
2020-08-06,8512.6181640625,8695.684658875252,8466.850875394832,8695.684658875252,4658
2020-08-07,8375.318359375,8512.618456861956,8375.318359375,8489.734811741017,1603
2020-08-10,8627.0341796875,8947.401637811587,8375.3176511208,8695.684222625623,37611
2020-08-11,9107.5859375,9222.003273978416,8604.151962205202,8604.151962205202,124357
2020-08-12,9359.3037109375,9725.437605151414,9153.3535616833,9473.720164983382,30350
2020-08-13,9336.419921875,9359.303566979936,9290.65351828446,9359.303566979936,42230
2020-08-14,9153.3525390625,9336.419022407428,9153.3525390625,9244.885337425338,19973
2020-08-17,9130.4697265625,9199.119774887857,9061.819678237143,9153.353371544064,27058
2020-08-18,9130.4697265625,9130.4697265625,8970.285984930222,8993.169629911785,5452
2020-08-19,9130.4697265625,9153.353371544064,8832.985888279507,9130.4697265625,37412
2020-08-20,8878.751953125,9130.46937846759,8878.751953125,9130.46937846759,11862
2020-08-21,9130.4697265625,9130.4697265625,8993.169629911785,9107.586081580936,7974
2020-08-24,9016.0517578125,9130.469088100172,8878.75167076271,8878.75167076271,35723
2020-08-25,9359.3037109375,9359.3037109375,8970.286171266669,9016.052575561152,35961
2020-08-26,9153.3525390625,9336.419022407428,9061.81885408041,9336.419022407428,11109
2020-08-27,9290.6533203125,9382.18701216245,9153.353225847237,9153.353225847237,27194
2020-08-28,9611.0205078125,9839.854287207118,9336.419440567384,9382.186728417882,73240
2020-08-31,9885.62109375,10160.222172253794,9611.020901865537,9611.020901865537,56632
2020-09-01,10114.455078125,10205.98877272972,9885.621284922872,10205.98877272972,22177
2020-09-03,10114.455078125,10251.755176722409,9839.854880930185,9839.854880930185,43325
2020-09-04,10160.2216796875,10160.2216796875,9885.620614496333,9931.387015385217,21837
2020-09-07,9885.62109375,10274.638623332545,9885.62109375,10274.638623332545,2975
2020-09-08,9931.38671875,9977.154004891172,9725.436590972502,9885.620319228086,15829
2020-09-09,9954.271484375,10022.921534709243,9748.32133337227,10022.921534709243,2022
2020-09-10,9839.8544921875,9977.1545853606,9794.087203383591,9794.087203383591,9918
2020-09-11,9885.62109375,9977.1547865846,9794.087400915403,9839.854690642363,6427
2020-09-14,10160.2216796875,10160.2216796875,9908.504258250416,9908.504258250416,6443
2020-09-15,10022.9208984375,10160.22187700925,9931.387208262768,10068.688186834515,9363
2020-09-16,10068.6875,10251.7539812423,9885.620132138458,10251.7539812423,7753
2020-09-17,9977.1552734375,10503.472924644875,9977.1552734375,10503.472924644875,4046
2020-09-18,10526.35546875,10526.35546875,9977.154229051635,9977.154229051635,109383
2020-09-21,10297.521484375,10732.30538397054,10297.521484375,10526.355255733588,26938
2020-09-22,10160.2216796875,10434.821858259382,10160.2216796875,10434.821858259382,1087
2020-09-23,10251.7548828125,10297.52217211242,10114.45478815138,10160.2220774513,11306
2020-09-24,10183.1044921875,10183.1044921875,9977.154357138845,10160.221734928287,15806
2020-09-25,10205.98828125,10297.521971446822,9862.737164666742,10297.521971446822,1705
2020-09-28,10205.98828125,10205.98828125,10205.98828125,10205.98828125,2618
2020-09-29,10297.521484375,10297.521484375,9885.620341281836,10068.687713016412,3888
2020-09-30,10160.2216796875,10183.1044368223,10160.2216796875,10183.1044368223,3031
2020-10-01,10160.2216796875,10526.355546656438,10068.687991290444,10091.570748425243,8252
2020-10-02,10274.638671875,10572.122510028408,9862.73749548295,10160.22222025569,1825
2020-10-05,9977.1552734375,10274.639124701696,9977.1552734375,10274.639124701696,28049
2020-10-06,9977.1552734375,10022.921678778386,9977.1552734375,9977.1552734375,29495
2020-10-07,10183.1044921875,10183.1044921875,9977.154357138845,9977.154357138845,6880
2020-10-08,10526.35546875,10526.35546875,10000.037872636356,10160.22160449085,24478
2020-10-09,10434.822265625,10503.472312948004,10091.57114239066,10114.454787038105,15115
2020-10-12,10480.5888671875,10526.356157350894,10251.75507622854,10526.356157350894,4085
2020-10-13,10205.98828125,10343.288373235582,10205.98828125,10343.288373235582,9340
2020-10-14,10915.373046875,10915.373046875,10526.35553652635,10526.35553652635,88475
2020-10-15,10984.0244140625,11441.69202409682,10755.19060904534,11441.69202409682,41477
2020-10-16,10915.373046875,10984.023091451903,10800.955714833968,10984.023091451903,30946
2020-10-19,11029.7900390625,11052.673683928944,10755.189847142474,11052.673683928944,2340
2020-10-20,10686.5390625,10755.189105747706,10663.655419211009,10755.189105747706,5888
2020-10-21,10846.72265625,10846.72265625,10686.538928474543,10686.538928474543,5792
2020-10-22,10755.1904296875,10755.1904296875,10526.356628486465,10526.356628486465,10133
2020-10-23,10800.9560546875,10892.489745876588,10800.9560546875,10892.489745876588,3627
2020-10-26,11350.1572265625,11556.107365165077,11075.557041759066,11075.557041759066,68218
2020-10-27,11853.591796875,11853.591796875,11029.789488962597,11212.856865525191,169094
2020-10-28,11258.6240234375,11899.358997873253,11212.85761952895,11899.358997873253,19400
2020-10-29,10892.490234375,11212.857724594758,10617.89003511198,11212.857724594758,58916
2020-10-30,11029.7900390625,11212.857424755402,10892.489943102488,10892.489943102488,49117
2020-11-02,11212.857421875,11418.807565762114,11212.857421875,11418.807565762114,6642
2020-11-03,11212.857421875,11304.391114697935,10892.489940304382,11212.857421875,8173
2020-11-04,11990.8916015625,11990.8916015625,10984.022827589784,11167.089313190743,402281
2020-11-05,12013.7763671875,12746.044151245384,11945.125431226435,11990.892721867143,176372
2020-11-06,12059.5419921875,12105.30839325245,11990.891947280434,12105.30839325245,88633
2020-11-09,11899.359375,12242.61051836049,11853.592969640977,12036.659477696448,158557
2020-11-10,11578.9912109375,11899.358689862784,11487.457518870371,11533.224808213596,117080
2020-11-11,11739.1748046875,11830.708495618464,10984.02340609084,11441.69097412635,11743
2020-11-12,11121.32421875,11739.175564236111,11121.32421875,11739.175564236111,163080
2020-11-13,10526.35546875,10697.981022396854,10354.729915103146,10354.729915103146,33897
2020-11-16,10640.7724609375,10869.606248701124,10612.168348294465,10869.606248701124,27502
2020-11-17,10297.521484375,10640.771698103252,10297.521484375,10411.937926744664,289579
2020-11-18,10411.9384765625,10812.397819241694,10411.9384765625,10812.397819241694,7918
2020-11-19,10183.1044921875,10526.355603887883,10183.1044921875,10526.355603887883,12250
2020-11-20,10411.9384765625,10411.9384765625,10040.084132605512,10411.9384765625,17758
2020-11-23,10297.521484375,10411.937926744664,10125.895934201244,10411.937926744664,13410
2020-11-24,10183.1044921875,10440.542382653142,10125.896269110532,10440.542382653142,32612
2020-11-25,10383.333984375,10411.938095430838,10297.521651207488,10297.521651207488,26295
2020-11-26,10383.333984375,10383.333984375,10297.521651207488,10354.729873319164,38975
2020-11-27,10354.73046875,10526.35603157333,10354.73046875,10526.35603157333,5284
2020-11-30,10497.751953125,10497.751953125,10297.522276947686,10354.730502535682,37388
2020-12-01,10497.751953125,10526.356065919,10183.104939152368,10497.751953125,28248
2020-12-02,10440.54296875,10497.752081657783,10411.938855605778,10411.938855605778,40531
2020-12-03,10440.54296875,10469.147968513562,10383.334742461557,10440.54296875,15631
2020-12-04,10497.751953125,10497.751953125,10411.938728123678,10469.147840331005,22503
2020-12-07,10869.6064453125,10984.023784573576,10526.356200767954,10526.356200767954,61654
2020-12-08,11384.4833984375,11613.31719549366,10869.60669009662,10869.60669009662,62955
2020-12-09,11613.31640625,11670.524629971316,11384.482624745437,11613.31640625,16678
2020-12-10,11212.857421875,11727.73322490245,11184.253309108955,11184.253309108955,44530
2020-12-11,11212.857421875,11212.857421875,10926.815407595232,11155.649196342913,28517
2020-12-14,11384.4833984375,11670.52542310286,11270.06605659974,11384.4833984375,53132
2020-12-15,11470.294921875,11498.899033639767,11384.482586580698,11441.690810110233,36342
2020-12-16,11470.294921875,11784.941037906734,11441.690810110233,11699.128702612432,45927
2020-12-17,11441.69140625,11641.921085655116,11384.48317973978,11584.712859144896,39864
2020-12-18,11556.107421875,11556.107421875,11384.482748840284,11441.69097318519,22249
2020-12-21,11298.669921875,11584.712826867824,11298.669921875,11441.691374371412,16853
2020-12-22,11784.94140625,11842.150518186923,11384.482942407469,11441.69116772507,157906
2020-12-23,12185.400390625,12185.400390625,11784.941052194174,11784.941052194174,44515
2020-12-24,12013.7763671875,12099.58870720981,11384.483213832518,12099.58870720981,8759
2020-12-25,12013.7763671875,12013.7763671875,11498.8996671956,11842.150800523534,75714
2020-12-28,12128.1923828125,12185.400607429248,11870.754485417829,11870.754485417829,65399
2020-12-29,12128.1923828125,12185.400607429248,11727.733037256648,12185.400607429248,19361
2020-12-30,11927.9619140625,12013.77513188048,11556.106705629516,11784.940475445372,9473
2020-12-31,12299.818359375,12299.818359375,11727.733433996422,11727.733433996422,35294
2021-01-04,12757.4853515625,13043.52735763568,11556.107330140398,12299.81778719769,26026
2021-01-05,12585.8603515625,12814.69414389566,12299.818332800884,12299.818332800884,101568
2021-01-06,12700.27734375,12929.111129825707,12357.026221326782,12585.860007402487,45229
2021-01-07,13587.0078125,13587.0078125,12528.651263281765,12528.651263281765,180283
2021-01-08,14359.322265625,14530.947829161085,12643.068403502804,13615.612672461068,51736
2021-01-11,15045.8232421875,15160.23969049225,13386.778535433476,13386.778535433476,95537
2021-01-12,14874.1982421875,14874.1982421875,14244.905979619554,14731.177676430849,47610
2021-01-13,15217.44921875,15446.282108304891,14302.113227434029,14302.113227434029,372786
2021-01-14,16132.78515625,16275.805719604788,15103.031780379584,15217.450004302063,177744
2021-01-15,16418.826171875,16590.452619978223,16018.366823952329,16590.452619978223,73636
2021-01-18,17105.328125,17448.579242092004,15961.15832577285,16075.574773723984,129499
2021-01-19,16590.453125,17105.328938505474,16018.367311559525,16304.41021827976,154256
2021-01-20,16304.41015625,16533.244835403333,15446.283212592702,15474.887325832033,21265
2021-01-21,15732.326171875,16075.57553191752,15446.283265267542,16018.367305243766,18567
2021-01-22,15732.326171875,16590.45311845868,14673.96954531384,15446.283265267542,166952
2021-01-25,15732.326171875,15732.326171875,15446.283265267542,15732.326171875,793
2021-01-26,15703.7216796875,15732.325792334306,14673.969191305883,15446.282892627603,29359
2021-01-27,15675.1171875,15703.721299454215,15331.866070810804,15675.1171875,100139
2021-01-28,14588.15625,15675.117871399758,14588.15625,14616.760363202202,73954
2021-01-29,15131.6357421875,15331.866302126544,13587.008353639852,14302.11382314213,20789
2021-02-01,15131.6357421875,15446.282751669636,14101.8841498224,14101.8841498224,64590
2021-02-02,15732.326171875,15732.326171875,14244.906072022,14244.906072022,20631
2021-02-03,15961.1591796875,16018.36740672368,14816.990205867143,15532.095703677447,58560
2021-02-04,15961.1591796875,15961.1591796875,15932.555066169409,15932.555066169409,55068
2021-02-05,15961.1591796875,15961.1591796875,15446.283363123175,15903.95095265132,47292
2021-02-08,15932.5556640625,15961.159778654002,14902.803992290876,15903.951549470998,18567
2021-02-09,16218.59765625,16304.409995119942,15732.32596274832,15732.32596274832,26185
2021-02-17,15760.9296875,16304.409593528608,15760.9296875,16018.36669776894,27772
2021-02-18,16132.78515625,16218.59749426287,15732.325805617946,15732.325805617946,38405
2021-02-19,16075.57421875,16247.20065799028,15732.324886746534,16018.365996749422,51101
2021-02-22,16075.57421875,16104.180102988836,16018.365996749422,16018.365996749422,62369
2021-02-23,15760.9296875,16018.36669776894,15732.325575247894,16018.36669776894,17615
2021-02-24,15446.283203125,15446.283203125,15446.283203125,15446.283203125,4761
2021-02-25,15560.6982421875,16018.365785391885,15446.281799696037,16018.365785391885,2380
2021-02-26,15446.283203125,15446.283203125,14588.156259993684,14588.156259993684,4284
2021-03-01,15675.1171875,15961.158307042157,15389.074294719238,15389.074294719238,1904
2021-03-02,15331.8662109375,15446.28265980008,15160.239764405009,15160.239764405009,30629
2021-03-03,15160.240234375,15446.28313863745,15160.240234375,15160.240234375,12696
2021-03-04,15131.6357421875,15675.117423994454,14988.615180258634,14988.615180258634,5237
2021-03-05,15274.658203125,15961.158679274764,15160.239979401167,15160.239979401167,21900
2021-03-08,15646.5126953125,16333.01313876931,14902.80225609894,15274.65747570572,68241
2021-03-09,15389.0751953125,15446.283422568848,15160.240513048398,15446.283422568848,38722
2021-03-10,15446.283203125,15446.283203125,15217.450297350617,15331.866750237808,25392
2021-03-11,15389.0751953125,15446.283422568848,15160.240513048398,15446.283422568848,24281
2021-03-12,15446.283203125,15446.283203125,15103.032071224738,15389.074976681404,84269
2021-03-15,15732.326171875,15732.326171875,15446.283265267542,15446.283265267542,145686
2021-03-16,15560.6982421875,15732.32467916322,15560.6982421875,15732.32467916322,21424
2021-03-17,15446.283203125,15560.699656012192,15331.866750237808,15560.699656012192,12696
2021-03-18,15389.0751953125,15446.283422568848,15160.240513048398,15446.283422568848,14441
2021-03-19,15360.470703125,15389.074816048224,15274.658364355326,15303.26247727855,22059
2021-03-22,15360.470703125,15360.470703125,15360.470703125,15360.470703125,4443
2021-03-23,15160.240234375,15360.470799330318,15160.240234375,15360.470799330318,32692
2021-03-24,14988.615234375,15160.23990930929,14988.615234375,14988.615234375,6506
2021-03-25,15131.6357421875,15160.239854573272,15103.031629801726,15103.031629801726,10791
2021-03-26,14816.9892578125,14931.4065911833,14816.9892578125,14902.802479495424,31263
2021-03-29,14702.5732421875,14816.98969229406,14702.5732421875,14816.98969229406,8411
2021-03-30,15560.6982421875,15560.6982421875,14702.572263643731,14702.572263643731,27613
2021-03-31,15331.8662109375,15331.8662109375,14588.155746853485,14588.155746853485,12537
2021-04-01,14874.1982421875,15274.658486164142,14874.1982421875,14874.1982421875,10156
2021-04-02,14874.1982421875,14874.1982421875,14874.1982421875,14874.1982421875,17298
2021-04-05,14416.5302734375,14874.197844872384,14130.488262945526,14130.488262945526,16663
2021-04-06,14302.11328125,14588.155280889216,14187.695949422745,14302.11328125,37929
2021-04-07,14416.5302734375,14874.197844872384,14130.488262945526,14130.488262945526,24598
2021-04-08,14302.11328125,14416.529726457971,13730.028395352288,14416.529726457971,45546
2021-04-09,14473.7392578125,14502.34336994874,14302.113698375742,14302.113698375742,45070
2021-04-12,14530.947265625,14874.197492765985,14302.11348532458,14473.739042204716,28248
2021-04-13,14302.11328125,14387.92561515598,14302.11328125,14302.11328125,13172
2021-04-14,14302.11328125,14759.780835320458,14302.11328125,14759.780835320458,8093
2021-04-15,14302.11328125,14302.11328125,14302.11328125,14302.11328125,8569
2021-04-16,13730.029296875,14302.114220336183,13443.987278454078,14073.28042827558,33485
2021-04-19,14101.8837890625,14130.487900716513,13730.028564321765,14130.487900716513,4602
2021-04-20,14016.0712890625,14016.0712890625,14016.0712890625,14016.0712890625,634
2021-04-22,13730.029296875,13987.467202115764,13672.821070514685,13987.467202115764,14283
2021-04-23,13443.9873046875,13672.821097194632,13329.569965124265,13672.821097194632,38881
2021-04-26,12757.4853515625,13443.986698109717,12528.651569380096,13443.986698109717,30946
2021-04-27,13644.216796875,13644.216796875,12757.485752240924,13558.4044583437,63480
2021-04-28,14359.322265625,14588.156054800003,13644.216785280529,13644.216785280529,16028
2021-04-29,14759.78125,15331.866151970573,13844.446116142528,13844.446116142528,23805
2021-05-04,14302.11328125,14759.780835320458,13844.445727179542,13844.445727179542,10791
2021-05-05,13958.86328125,14244.90619023114,13901.655054101511,13901.655054101511,2539
2021-05-06,14359.322265625,14702.57339269717,13730.029123738906,13730.029123738906,41738
2021-05-07,14359.322265625,14359.322265625,13443.987108924985,14302.11403998608,17139
2021-05-10,14273.509765625,14530.947664705887,14016.07186654411,14530.947664705887,8411
2021-05-11,14244.9052734375,14788.385169608786,14016.071492951804,14788.385169608786,10315
2021-05-12,13615.6123046875,13901.654311775095,13615.6123046875,13901.654311775095,25233
2021-05-13,14130.48828125,14302.113842415232,13615.61248437362,14302.113842415232,3332
2021-05-14,13958.86328125,14302.114417379626,13615.613031739726,14302.114417379626,6189
2021-05-17,13443.9873046875,14244.906021772133,13443.9873046875,14244.906021772133,3332
2021-05-18,13901.654296875,14016.071631558989,13501.194955410008,13672.820514126332,4443
2021-05-19,14073.2802734375,14302.114062980414,13730.029145813463,13901.654709625484,12854
2021-05-20,13987.466796875,14073.280020548658,13730.028899092653,14073.280020548658,5078
2021-05-21,14874.1982421875,14874.1982421875,14073.280414092233,14073.280414092233,3808
2021-05-24,14302.11328125,14302.11328125,13844.445727179542,13873.049838481536,10315
2021-05-25,13958.86328125,14302.114417379626,13730.0294860367,14016.07239501784,40468
2021-05-26,13787.2373046875,13958.861970011236,13730.028196293651,13958.861970011236,23011
2021-05-27,13615.6123046875,14016.071646581717,13615.6123046875,14016.071646581717,6506
2021-05-28,13987.466796875,14187.696469954451,13615.612449686858,13615.612449686858,22059
2021-05-31,13730.029296875,13987.467202115764,13272.36171275379,13272.36171275379,33485
2021-06-01,13157.9443359375,14273.509104713134,12871.901450986315,14273.509104713134,10791
2021-06-02,13730.029296875,13844.446636214974,13157.945260033155,13844.446636214974,6824
2021-06-03,13730.029296875,14016.072201915264,13730.029296875,14016.072201915264,49197
2021-06-04,13730.029296875,13787.238409854655,13730.029296875,13787.238409854655,2380
2021-06-07,13844.4462890625,14244.90563678179,13615.612502739952,14244.90563678179,5871
2021-06-08,13787.2373046875,13873.049637349368,13672.819974519072,13873.049637349368,23170
2021-06-09,13672.8212890625,13787.238630231332,13615.61306178776,13787.238630231332,16187
2021-06-10,13644.216796875,13672.820909718766,13443.987120349306,13672.820909718766,20154
2021-06-11,13615.6123046875,13644.216416734327,13157.944738699627,13157.944738699627,13648
2021-06-14,13558.404296875,13615.612521881232,12929.11116194848,12929.11116194848,8411
2021-06-15,13100.7353515625,13157.944461068357,12929.11068290279,12929.11068290279,10791
2021-06-16,13615.6123046875,13615.6123046875,13043.527403893006,13100.735627986664,9998
2021-06-17,13558.404296875,13901.654533531717,13043.527611960944,13901.654533531717,3808
2021-06-18,13157.9443359375,13615.61188791626,13157.9443359375,13615.61188791626,10791
2021-06-21,13529.7998046875,13730.029486330846,12986.319873526529,13730.029486330846,10950
2021-06-22,13558.404296875,13558.404296875,13443.986960243214,13529.799297752565,10156
2021-06-23,13472.5908203125,13730.028714636292,13472.5908203125,13615.612266767632,13172
2021-06-24,13386.7783203125,13501.194766778615,13386.7783203125,13472.590655162086,6030
2021-06-25,13615.6123046875,14302.11365366931,13615.6123046875,13615.6123046875,5554
2021-06-28,13815.841796875,14073.279688584842,13443.986571838952,14073.279688584842,9680
2021-06-29,13844.4462890625,13844.4462890625,13672.82072766576,13815.842176599595,16028
2021-06-30,13844.4462890625,13901.654513988307,13043.52759362392,13844.4462890625,20154
2021-07-01,13672.8212890625,13730.029516337238,13501.195720618927,13501.195720618927,5554
2021-07-02,14016.0712890625,14016.0712890625,13672.820180017525,13730.028402651926,168698
2021-07-05,14016.0712890625,14473.73884337628,14016.0712890625,14473.73884337628,476
2021-07-06,13672.8212890625,14244.906221667949,13157.945470351144,14244.906221667949,2697
2021-07-07,13730.029296875,13730.029296875,12786.09001545242,12786.09001545242,317
2021-07-08,13730.029296875,14016.072201915264,13558.404617794053,13730.029296875,6030
2021-07-09,13672.8212890625,13701.42540269987,13157.945470351144,13701.42540269987,476
2021-07-12,13558.404296875,13672.820746887464,12728.881487807344,13672.820746887464,7776
2021-07-13,13672.8212890625,13672.8212890625,13501.195720618927,13558.404834513023,11109
2021-07-14,13672.8212890625,13901.655084780808,12786.090219826634,13672.8212890625,10315
2021-07-15,13615.6123046875,14302.11365366931,13100.735627986664,13615.6123046875,21265
2021-07-16,13615.6123046875,13672.820528781158,13615.6123046875,13672.820528781158,16187
2021-07-20,13615.6123046875,13615.6123046875,13358.174409646736,13358.174409646736,47610
2021-07-21,13644.216796875,14302.114052139616,13615.612684031234,13615.612684031234,1745
2021-07-22,13644.216796875,13730.0291354063,12757.485752240924,12757.485752240924,25074
2021-07-23,13615.6123046875,14216.301317528823,13329.5694109806,14216.301317528823,19044
2021-07-26,13558.404296875,13558.404296875,12957.715274451595,12957.715274451595,20472
2021-07-27,13558.404296875,13558.404296875,13215.153173598965,13272.361398605197,21265
2021-07-28,13558.404296875,13558.404296875,13186.549061095848,13186.549061095848,4443
2021-07-29,14130.48828125,14302.113842415232,13558.40425952498,13558.40425952498,43483
2021-07-30,14073.2802734375,14130.488499168396,13730.029145813463,13758.633258678912,7776
2021-08-02,14016.0712890625,14016.0712890625,13558.40373474872,13558.40373474872,476
2021-08-03,14016.0712890625,14988.61462032446,13730.028402651926,14187.695956965705,5078
2021-08-04,13987.466796875,13987.466796875,13730.028899092653,13787.238010414863,952
2021-08-05,13901.654296875,13930.25840889117,13672.820514126332,13787.23784881032,11743
2021-08-06,13958.86328125,14588.156439741411,13787.23859980454,14588.156439741411,6824
2021-08-09,14073.2802734375,14302.114062980414,14073.2802734375,14302.114062980414,317
2021-08-10,14016.0712890625,14016.0712890625,13672.820180017525,13730.028402651926,16028
2021-08-11,13844.4462890625,13844.4462890625,13730.028952591569,13730.028952591569,17298
2021-08-12,13901.654296875,14016.071631558989,13672.820514126332,14016.071631558989,2221
2021-08-13,13901.654296875,14302.113638339995,13844.44607284266,14302.113638339995,2697
2021-08-16,13901.654296875,13901.654296875,13730.028738158671,13901.654296875,5395
2021-08-17,13901.654296875,13901.654296875,13901.654296875,13901.654296875,793
2021-08-18,13901.654296875,13901.654296875,13901.654296875,13901.654296875,1110
2021-08-19,13815.841796875,13901.654131905185,13730.028575225522,13901.654131905185,18885
2021-08-20,13815.841796875,13901.654131905185,13215.152791805836,13215.152791805836,4126
2021-08-23,13815.841796875,13815.841796875,13815.841796875,13815.841796875,2063
2021-08-24,13730.029296875,13730.029296875,13300.965825933949,13730.029296875,17298
2021-08-25,13730.029296875,13730.029296875,13701.425183694842,13701.425183694842,42214
2021-08-26,13730.029296875,13730.029296875,13443.987278454078,13730.029296875,20789
2021-08-27,13730.029296875,13730.029296875,13443.987278454078,13501.195504814395,21107
2021-08-30,13730.029296875,13730.029296875,13730.029296875,13730.029296875,8411
2021-08-31,14616.759765625,14645.36387765778,13730.028746131582,13730.028746131582,20948
2021-09-01,14244.9052734375,14302.1134969041,13844.445935932712,14302.1134969041,23011
2021-09-06,13958.86328125,14244.90619023114,13730.0294860367,13958.86328125,17139
2021-09-07,13844.4462890625,13901.654513988307,13787.238064136693,13901.654513988307,7776
2021-09-08,13730.029296875,13787.238409854655,13730.029296875,13787.238409854655,15711
2021-09-09,13730.029296875,13901.65486257529,13501.195504814395,13730.029296875,22694
2021-09-10,14302.11328125,14302.11328125,13730.028395352288,13730.028395352288,19044
2021-09-13,14302.11328125,14302.11328125,14016.071281610784,14302.11328125,2380
2021-09-14,13758.6337890625,14302.114614314723,13758.6337890625,14244.9063863785,8411
2021-09-15,13873.05078125,13987.46723423335,13730.029328401468,13730.029328401468,5713
2021-09-16,13958.86328125,13958.86328125,13730.0294860367,13873.05094052727,12537
2021-09-17,14302.11328125,14302.11328125,13730.028395352288,13730.028395352288,38564
2021-09-20,13787.2373046875,14302.11307389725,13787.2373046875,14302.11307389725,7141
2021-09-21,14101.8837890625,14187.696124024536,13787.23767424908,13787.23767424908,44594
2021-09-22,14016.0712890625,14244.90506621939,13758.632513969127,14244.90506621939,19520
2021-09-23,13958.86328125,14302.114417379626,13844.446826953026,14130.488849314812,54275
2021-09-24,13930.2587890625,14302.114028659642,13815.842337875274,14130.488465259474,67130
2021-09-27,13730.029296875,14273.510107156026,13730.029296875,14273.510107156026,24439
2021-09-28,14673.9697265625,14673.9697265625,13672.821314309194,13672.821314309194,401987
2021-09-29,15675.1171875,15675.1171875,14874.197619685448,15617.907190352962,514822
2021-09-30,15961.1591796875,16647.661450599066,15675.1180445066,16647.661450599066,146956
2021-10-01,15617.9072265625,15961.158344047508,15274.6578823161,15961.158344047508,103472
2021-10-04,15446.283203125,15675.11788213807,14874.198278831009,15675.11788213807,149336
2021-10-05,15103.0322265625,15446.283361993172,15017.219886014507,15017.219886014507,121246
2021-10-06,15560.6982421875,15675.11645791749,14902.801924623056,14902.801924623056,111883
2021-10-07,15560.6982421875,15732.32467916322,15160.23892022885,15331.865357204571,123151
2021-10-08,15446.283203125,15703.721995359869,15331.866750237808,15703.721995359869,50784
2021-10-11,15446.283203125,15474.8873163468,14988.615618337544,15474.8873163468,137751
2021-10-12,15389.0751953125,15675.11810483295,15217.450513543456,15675.11810483295,123309
2021-10-13,16447.4296875,16447.4296875,15217.449349127322,15274.657572006185,455945
2021-10-14,17162.537109375,17562.996468185233,16590.453071034106,17105.32888286478,299466
2021-10-15,17048.119140625,17219.7438048967,16905.09681382672,17162.535583472803,97600
2021-10-18,16647.66015625,16876.493046603053,16304.409047481857,16762.076601426525,101250
2021-10-19,16676.265625,17162.537329821545,16304.410374668534,16304.410374668534,64114
2021-10-20,16676.265625,17105.329102576507,16304.410374668534,17105.329102576507,81095
2021-10-21,16590.453125,16676.265465044464,16018.367311559525,16590.453125,193455
2021-10-22,16590.453125,16704.86957839262,16161.389651538988,16590.453125,88395
2021-10-25,16504.638671875,16590.452783391185,16075.5752072487,16333.01399531994,62210
2021-10-26,16304.41015625,16476.034835685987,16132.785476814017,16304.41015625,123468
2021-10-27,16504.638671875,16590.452783391185,16218.597544283237,16561.848670632007,172189
2021-10-28,16990.912109375,17648.808475072496,16361.618083154452,16361.618083154452,187107
2021-10-29,16762.078125,17105.329264967637,16590.453441635545,17105.329264967637,114898
2021-11-01,17877.642578125,17934.850801726097,16590.452227384547,16790.681009988384,382149
2021-11-02,18306.705078125,18592.74618128293,17877.641650149595,17877.641650149595,211071
2021-11-03,17162.537109375,18878.79099763637,17048.12065635456,18306.70695929548,216149
2021-11-04,17162.537109375,17620.204694695454,17105.32888286478,17162.537109375,78239
2021-11-05,16933.701171875,17677.41160772552,16819.284727356015,17677.41160772552,66019
2021-11-08,16933.701171875,17448.578718687546,16704.86828283703,16704.86828283703,111566
2021-11-09,16962.3046875,17105.327011366124,16905.096467248946,16990.91057086402,69034
2021-11-10,16962.3046875,17162.535231617177,16876.49235712342,16990.91057086402,106963
2021-11-11,17620.205078125,18020.66444564954,16962.306912463704,16962.306912463704,164095
2021-11-12,18135.080078125,18192.288303283804,17448.579602980717,17620.204278457128,161239
2021-11-15,19393.666015625,19393.666015625,18335.31032203028,18335.31032203028,492446
2021-11-16,19736.916015625,20537.83465508315,18592.746277365,18592.746277365,209166
2021-11-17,19679.708984375,19736.917208760573,19164.8314184276,19736.917208760573,56179
2021-11-18,19679.708984375,19679.708984375,18764.37384772859,19279.24964043737,238843
2021-11-19,19679.708984375,20709.46056979255,19279.24964043737,19279.24964043737,200755
2021-11-22,19222.041015625,20480.625472366457,18878.789903223427,19736.916797608064,121881
2021-11-23,20022.958984375,20022.958984375,18306.70687706172,19450.87494860391,106805
2021-11-24,19965.75,20137.37644548156,19279.24953778961,19794.12532775705,60782
2021-11-25,19508.08203125,19851.333141885985,18878.789806116176,19851.333141885985,111090
2021-11-26,19279.25,19508.08290181008,18363.91484628237,19508.08290181008,94267
2021-11-29,19422.26953125,19422.26953125,18792.977311483348,18792.977311483348,103631
2021-11-30,19965.75,20766.66868361096,18478.33085417865,19279.24953778961,253602
2021-12-01,19622.501953125,19965.75132030953,19279.250812701743,19794.126636717265,69034
2021-12-02,19393.666015625,19565.29068813054,19107.62312154382,19279.24956728797,97917
2021-12-03,18821.58203125,19336.457822840912,18306.706239659088,19336.457822840912,73478
2021-12-06,17562.99609375,19164.83172160182,17534.391981104716,19164.83172160182,49673
2021-12-07,17677.412109375,18649.95546186232,16876.493428536523,17620.203885492054,63956
2021-12-08,17906.24609375,17963.45431544639,17648.80732287771,17677.411433725905,31263
2021-12-09,18935.998046875,18993.206269828523,18106.47526757176,18135.07937904852,72049
2021-12-10,18993.20703125,19136.22759436738,18077.87188082147,18077.87188082147,52529
2021-12-13,19107.623046875,19136.22715884748,18592.7472581318,19136.22715884748,129023
2021-12-14,18878.791015625,19193.43803496971,18878.791015625,19193.43803496971,153780
2021-12-15,18707.1640625,19136.227523501875,18707.1640625,18878.790510843934,123786
2021-12-16,18506.935546875,18707.164337440623,18421.123208061163,18707.164337440623,44912
2021-12-17,18878.791015625,19508.08328107573,18478.33165643319,18707.16456269212,110296
2021-12-20,18649.95703125,19336.459322091523,18077.87297104124,19336.459322091523,92046
2021-12-21,18764.373046875,18878.789490762912,18077.87083707044,18649.95482974854,18726
2021-12-22,18592.748046875,18878.79095197292,18135.08046266154,18878.79095197292,67606
2021-12-23,18363.9140625,18592.746954543363,17734.620062903603,18592.746954543363,71097
2021-12-24,18592.748046875,18592.748046875,17963.455783546,17963.455783546,113311
2021-12-27,18049.267578125,18478.33103619741,17906.24701651374,17906.24701651374,42531
2021-12-28,18592.748046875,18592.748046875,17820.433444377697,18077.87223628969,68717
2021-12-29,19164.83203125,19164.83203125,18020.66396047492,18306.70686478803,77445
2021-12-30,19679.708984375,20022.95833068844,18192.28805739562,19164.8314184276,94585
2021-12-31,19622.501953125,19736.918408853177,18392.51973433092,19622.501953125,91569
2022-01-04,18993.20703125,19565.29105695817,18935.99880600305,19565.29105695817,37611
2022-01-05,18993.20703125,19450.874606464266,18707.16413177659,19450.874606464266,16822
2022-01-06,18535.5390625,18993.206627997337,18421.12261443532,18935.998403965,21424
2022-01-07,18993.20703125,19164.83170699086,18421.12300554183,18592.747681282686,73636
2022-01-10,18764.373046875,19050.41415659478,18535.53838586063,19050.41415659478,29676
2022-01-11,18878.791015625,18878.791015625,18306.706976738995,18764.374562495537,14759
2022-01-12,18020.6640625,18592.748101126428,18020.6640625,18506.93576131827,37135
2022-01-13,18106.4765625,18878.791174083657,18020.66422193264,18878.791174083657,113946
2022-01-14,18220.892578125,18878.79071978728,18106.47612678849,18878.79071978728,44277
2022-01-17,18649.95703125,18935.99994797376,18592.748802553,18592.748802553,185837
2022-01-18,18649.95703125,19164.832862761763,18077.87297104124,18649.95703125,53481
2022-01-19,18278.1015625,18649.95681801769,17734.621622853556,18106.47687837125,63480
2022-01-20,18592.748046875,18649.956273246848,17734.621104819926,18278.10102859116,222973
2022-01-21,18192.2890625,18564.14431478945,18135.080834953733,18192.2890625,13489
2022-01-24,18192.2890625,18192.2890625,17734.621468891153,18135.080834953733,43166
2022-01-25,18878.791015625,18878.791015625,17734.621164614306,17734.621164614306,18409
2022-01-26,18306.705078125,18735.768506100405,17849.035766595298,18735.768506100405,21900
2022-01-27,18278.1015625,18878.791503428096,17505.78871068189,18878.791503428096,13172
2022-01-28,18878.791015625,18878.791015625,17620.204711484843,18249.496976935578,43801
2022-02-07,18592.748046875,18878.79095197292,18106.47634947561,18878.79095197292,2856
2022-02-08,18535.5390625,18592.74728653234,18135.079721035007,18306.70616637064,18726
2022-02-09,18306.705078125,18478.329740019763,18077.87042236015,18163.68275330753,15393
2022-02-10,17849.037109375,18506.93524260881,17849.037109375,17849.037109375,34437
2022-02-11,18020.6640625,18306.70696843256,17877.643496153065,17877.643496153065,38722
2022-02-14,18020.6640625,18249.496968655098,17763.225269836832,18020.6640625,9522
2022-02-15,18135.080078125,18592.74765263407,17734.620728774735,17734.620728774735,11267
2022-02-16,18077.87109375,18135.079316506228,18020.66287099377,18020.66287099377,28089
2022-02-17,18020.6640625,18592.748101126428,17734.621156567442,17734.621156567442,3015
2022-02-18,18249.498046875,18621.353314585733,18020.66512719996,18020.66512719996,119818
2022-02-21,18478.330078125,18592.7465214817,17849.036093186096,17849.036093186096,98235
2022-02-22,18020.6640625,18421.123421510107,18020.6640625,18249.496968655098,36659
2022-02-23,18249.498046875,18278.10216183438,17963.456897281198,18020.66512719996,70621
2022-02-24,18163.68359375,18392.518260103145,17934.850700635445,18392.518260103145,67923
2022-02-25,18077.87109375,18249.49576201869,17791.82820673028,17791.82820673028,66971
2022-02-28,18592.748046875,18792.978612415147,17934.851670360076,18306.70691501577,81571
2022-03-01,18020.6640625,18306.70696843256,17963.455835961227,18306.70696843256,47292
2022-03-02,18020.6640625,18306.70696843256,17963.455835961227,18163.68462884693,37294
2022-03-03,18020.6640625,18135.08051557755,17849.03760964499,17963.455835961227,20154
2022-03-04,18106.4765625,18106.4765625,18020.66422193264,18020.66422193264,6824
2022-03-07,18106.4765625,18106.4765625,17820.433654036762,18106.4765625,19996
2022-03-08,18106.4765625,18306.70713039588,17963.455994887732,18106.4765625,39040
2022-03-09,18020.6640625,18106.476402308163,17849.03760964499,18106.476402308163,8887
2022-03-10,18020.6640625,18020.6640625,17963.455835961227,17963.455835961227,32374
2022-03-11,18020.6640625,18020.6640625,17934.85172269184,18020.6640625,48244
2022-03-14,19279.25,19279.25,18020.6637203286,18020.6637203286,756364
2022-03-15,20623.6484375,20623.6484375,20623.6484375,20623.6484375,108233
2022-03-16,21453.171875,22053.860027855208,21167.12896861059,22053.860027855208,935695
2022-03-17,21510.380859375,22025.256690422488,20652.253883216265,21367.358514522708,298356
2022-03-18,21281.544921875,21682.004272116174,20881.085571633823,21510.379596257942,145051
2022-03-21,20652.251953125,21167.1277360539,19908.54150376182,21167.1277360539,11286902
2022-03-22,22082.462890625,22082.462890625,20823.876656320368,20823.876656320368,620358
2022-03-23,22082.462890625,23169.424454758424,22082.462890625,22711.75689439661,664953
2022-03-24,22540.130859375,22768.96553032129,21739.21217092092,22768.96553032129,225671
2022-03-25,24113.365234375,24113.365234375,22311.298988996085,22826.174805784533,358662
2022-03-28,25801.013671875,25801.013671875,24141.96808119747,24141.96808119747,550847
2022-03-29,27603.080078125,27603.080078125,26430.30615433891,27402.84951882561,429442
2022-03-30,28146.560546875,29119.10393077755,27431.454178761483,27746.10119352007,325652
2022-03-31,30091.646484375,30091.646484375,27574.47575547743,28604.227336697408,499111
2022-04-01,30263.271484375,30263.271484375,28003.53951294439,28146.560074873258,1225164
2022-04-04,30320.48046875,30892.5662772749,29462.355302440003,30263.272242545245,241541
2022-04-05,29977.23046875,30549.316265008245,29176.31177257937,30091.6469187062,906494
2022-04-06,29004.685546875,29977.22886598173,27917.724010690945,29176.31021263317,159652
2022-04-07,27002.390625,29004.687385283258,27002.390625,27545.87231415888,257094
2022-04-08,25801.013671875,27002.38992359997,25743.80367457697,27002.38992359997,235828
2022-04-12,25743.802734375,26945.18071546248,24599.63474849616,25514.96984649465,105852
2022-04-13,25686.595703125,25944.03448716269,24599.635888829467,24742.656450384504,91569
2022-04-14,24656.845703125,25686.59735918856,24113.365760938053,25686.59735918856,170285
2022-04-15,24199.177734375,25171.72114729729,22940.59141102433,24313.594189250867,121564
2022-04-18,23169.42578125,23970.342727808176,22511.52762811733,23398.258687912712,307560
2022-04-19,22768.966796875,23741.51021270884,22482.92388559028,23569.88375664252,225830
2022-04-20,21195.732421875,23855.925516768493,21195.732421875,22683.151587655502,208690
2022-04-21,21853.630859375,22053.859649142138,19765.52175703868,19765.52175703868,176950
2022-04-22,21167.126953125,22311.296696498724,20595.0429680574,21167.126953125,191550
2022-04-25,19708.3125,20394.812945085225,19708.3125,20309.00061110439,257728
2022-04-26,20022.958984375,20022.958984375,18335.310990188344,18335.310990188344,236304
2022-04-27,20938.296875,21024.1092182768,20022.959893664505,20022.959893664505,57132
2022-04-28,20366.208984375,21052.711207775767,19565.290314820297,20938.29476162183,76334
2022-04-29,20137.375,20537.8343130601,19622.49924699087,20022.956786812483,122992
2022-05-04,19965.75,20366.20934180548,19965.75,20366.20934180548,83952
2022-05-05,19965.75,19965.75,18649.955526421592,19965.75,52529
2022-05-06,19450.875,19879.93847127173,18678.56039706316,19879.93847127173,65701
2022-05-09,18106.4765625,18592.748265620416,18106.4765625,18306.70713039588,59036
2022-05-10,16847.890625,17448.58056889766,16847.890625,16847.890625,232654
2022-05-11,17963.455078125,17963.455078125,16733.47293971537,17133.932281831032,64432
2022-05-12,16733.47265625,17963.454773823705,16733.47265625,16876.49321414046,95378
2022-05-13,15589.302734375,16533.243727749104,15589.302734375,15617.906845697982,150923
2022-05-16,14502.3427734375,16418.825300691267,14502.3427734375,14874.197102532811,168063
2022-05-17,14816.9892578125,15160.239484686306,13558.403910449484,14416.529920943649,163619
2022-05-18,15017.2197265625,15617.907877259076,14816.990047457197,14874.198273881757,137751
2022-05-19,15017.2197265625,15103.032066199345,14816.990047457197,14874.198273881757,71891
2022-05-20,16046.970703125,16046.970703125,15045.823234493188,15160.239682739426,153780
2022-05-23,15017.2197265625,16104.18134834521,14931.40738692566,16046.971348681966,106805
2022-05-24,15274.658203125,15389.074653610183,14788.385628704988,15389.074653610183,64908
2022-05-25,15818.138671875,15818.138671875,15074.428171116717,15389.075194243484,62210
2022-05-26,15703.7216796875,15989.762806155552,15617.907568508435,15703.7216796875,59195
2022-05-27,15675.1171875,15732.325411408432,15446.282518627668,15732.325411408432,109661
2022-05-30,15903.951171875,15903.951171875,14931.407752376776,15446.283576038264,50784
2022-05-31,15903.951171875,16247.202312062234,15703.722374488372,16189.994084237484,76652
2022-06-01,15331.8662109375,15989.762565135958,15303.262098721854,15903.950228489022,49514
2022-06-02,14731.1767578125,15961.15797971626,14416.529759530193,15961.15797971626,123468
2022-06-03,14244.9052734375,14759.781057875489,14016.071492951804,14130.487939885004,96172
2022-06-06,14073.2802734375,14816.989867797136,13901.654709625484,14302.114062980414,144734
2022-06-07,14016.0712890625,14302.11328885379,13615.611957383124,14302.11328885379,107598
2022-06-08,14988.615234375,14988.615234375,14016.071863270085,14016.071863270085,137751
2022-06-09,15503.4921875,15732.326877700292,15017.220465718,15446.28395825962,44277
2022-06-10,15646.5126953125,15732.32502908978,15160.23925743078,15503.490365778467,52688
2022-06-13,14788.3857421875,15446.282997383836,14588.156065682588,14759.781629346702,65543
2022-06-14,14473.7392578125,14816.989490066704,14016.07169039402,14302.113698375742,36024
2022-06-15,14330.7177734375,15217.449680463493,13701.424648210284,14473.739220368008,58242
2022-06-16,14502.3427734375,14874.197102532811,14101.883446763222,14330.717221060057,22376
2022-06-17,13787.2373046875,14159.091632841531,13501.194422576064,13730.028196293651,137751
2022-06-20,13358.1748046875,13730.029158912414,12900.507225165042,13157.945127819006,38088
2022-06-21,13358.1748046875,13672.82093312694,12671.673435403813,12700.277548296548,73319
2022-06-22,13672.8212890625,13730.029516337238,12700.277878914529,13358.175152432084,32057
2022-06-23,13730.029296875,13730.029296875,13100.7361470535,13157.945260033155,93474
2022-06-24,13844.4462890625,14216.301524318887,13730.028952591569,13730.028952591569,47133
2022-06-27,14130.48828125,14302.113842415232,13472.591035632706,14302.113842415232,18091
2022-06-28,14359.322265625,14359.322265625,13730.029123738906,14130.488476449997,49990
2022-06-29,13730.029296875,14159.092767816051,13730.029296875,13901.65486257529,28407
2022-06-30,13958.86328125,14187.6970764633,13415.38335010067,14187.6970764633,53005
2022-07-01,13501.1953125,14016.072002266836,13043.52773489792,13100.735960443348,73954
2022-07-04,13672.8212890625,13730.029516337238,13358.175152432084,13501.195720618927,12696
2022-07-05,13443.9873046875,13672.821097194632,13215.15351218037,13443.9873046875,9998
2022-07-06,12643.068359375,13443.987062001752,12643.068359375,12643.068359375,31581
2022-07-07,12585.8603515625,13100.736162657277,12013.776314039267,13100.736162657277,40785
2022-07-08,12671.6728515625,12843.297521011398,12557.255518643944,12557.255518643944,56973
2022-07-11,12671.6728515625,12757.48518628695,12585.85963021876,12671.6728515625,52688
2022-07-12,13558.404296875,13558.404296875,12042.380127874592,12814.693825316694,93156
2022-07-13,13672.8212890625,14187.697107773856,13386.779266069452,13386.779266069452,9839
2022-07-14,13472.5908203125,13672.820490701964,13157.944702054376,13615.612266767632,21107
2022-07-15,13701.4248046875,13701.4248046875,13043.527559884526,13672.820692298586,44753
2022-07-18,13787.2373046875,14073.279300179664,13501.194422576064,13701.42408540636,26026
2022-07-19,13701.4248046875,13701.4248046875,13272.361345615156,13672.820692298586,33961
2022-07-20,13587.0078125,14187.695921915818,13587.0078125,13587.0078125,78239
2022-07-21,13987.466796875,14473.739366707565,13701.424786741203,13730.028899092653,132197
2022-07-22,13930.2587890625,13987.467014656111,13730.029112865524,13987.467014656111,68717
2022-07-25,13558.404296875,14159.092432679085,13443.986960243214,14159.092432679085,9363
2022-07-26,13844.4462890625,13930.258626451212,13443.98694134321,13529.799278731922,116485
2022-07-27,13930.2587890625,13930.2587890625,13501.195323871743,13501.195323871743,45546
2022-07-28,14902.8037109375,14902.8037109375,14016.072628864184,14016.072628864184,184250
2022-07-29,15932.5556640625,15932.5556640625,15160.241023614397,15160.241023614397,247095
2022-08-01,16304.41015625,16304.41015625,15331.866759635375,15932.554910900011,45864
2022-08-02,17105.328125,17391.36924487783,15760.92954185837,16275.805330877074,73636
2022-08-03,17048.119140625,17048.119140625,16533.243374571368,17019.51502991305,81254
2022-08-04,16790.681640625,17391.369784236187,16590.452850500827,17334.161558486423,86967
2022-08-05,16847.890625,17105.329425704535,16590.45359753421,17105.329425704535,23487
2022-08-08,16333.0146484375,16876.49458583295,16018.367622265934,16876.49458583295,42531
2022-08-09,16361.6181640625,16533.244614443454,16018.36703653925,16018.36703653925,145845
2022-08-10,16304.41015625,16476.034835685987,16132.785476814017,16132.785476814017,36977
2022-08-11,16247.2021484375,17305.557899014206,16046.971579828654,17305.557899014206,85698
2022-08-12,16304.41015625,16418.826609207325,16046.971363857336,16075.575477096669,19520
2022-08-15,16304.41015625,16418.826609207325,16075.575477096669,16304.41015625,40151
2022-08-16,16132.78515625,16304.409832275744,15188.844118392455,16275.805719604788,42214
2022-08-17,16590.453125,16876.494258481547,15732.326178077976,16218.597878235298,77921
2022-08-18,16275.8056640625,16590.45267560793,15732.325751930322,16590.45267560793,62051
2022-08-19,16275.8056640625,16476.034452075906,16018.36687766376,16218.597438915813,37453
2022-08-22,16075.57421875,16189.9924359897,15875.34544174798,16189.9924359897,22218
2022-08-23,16247.2021484375,16247.2021484375,15474.887534103846,16046.971579828654,24281
2022-08-24,16132.78515625,16247.201606933828,15932.554594314648,16218.59749426287,32533
2022-08-25,16876.494140625,16876.494140625,15732.326068211698,16132.785425527958,87761
2022-08-26,16018.3662109375,16590.45198506996,16018.3662109375,16590.45198506996,31898
2022-08-29,15903.951171875,16104.181742500356,15503.491803863017,15617.908259512518,22218
2022-08-30,15903.951171875,15961.159399699753,15675.118260575997,15903.951171875,28566
2022-08-31,15903.951171875,15961.159399699753,15503.491803863017,15903.951171875,16028
2022-09-05,15903.951171875,15989.763513612128,15617.908259512518,15789.534716225498,36342
2022-09-06,16990.912109375,16990.912109375,16476.034534016857,16590.45275811792,246143
2022-09-07,17162.537109375,18163.68461978124,17162.537109375,17734.621147715894,436742
2022-09-08,16733.47265625,18020.66299697989,16075.574543476716,18020.66299697989,155208
2022-09-09,16476.033203125,16733.471970008824,16018.365663405932,16733.471970008824,100615
2022-09-12,16218.59765625,16590.45289792509,16218.59765625,16590.45289792509,24281
2022-09-13,16247.2021484375,16361.61860293472,16046.971579828654,16075.57569345296,28248
2022-09-14,16104.1806640625,16104.1806640625,15846.741882852124,15846.741882852124,59671
2022-09-15,16590.453125,16962.30659852601,16018.367311559525,16962.30659852601,29359
2022-09-16,16390.22265625,16561.849110603027,16046.971520782648,16247.20208865473,11109
2022-09-19,15503.4921875,16476.035631064005,15446.28395825962,16046.972138522382,62686
2022-09-20,15675.1171875,15961.158307042157,15331.866070810804,15961.158307042157,75382
2022-09-21,15560.6982421875,15703.720568540357,15331.865357204571,15675.11645791749,29042
2022-09-22,15446.283203125,15617.90788245579,15045.823844781142,15389.074976681404,18726
2022-09-23,15589.302734375,15846.741509520403,15331.865732468164,15846.741509520403,31581
2022-09-26,14874.1982421875,15446.283165072124,14502.343884600868,15446.283165072124,129023
2022-09-27,14902.8037109375,15446.283651154334,14044.676742915664,15446.283651154334,3174
2022-09-28,14931.40625,15217.449133581256,14588.1551443502,14874.197141312185,14283
2022-09-29,15160.240234375,15389.074912432696,14931.40732955598,14988.615555760736,23011
2022-09-30,14759.78125,14874.19769842253,14302.113683071264,14359.321907282529,34437
2022-10-03,14016.0712890625,14759.78084316757,14016.0712890625,14759.78084316757,47768
2022-10-04,14016.0712890625,14330.717400170992,14016.0712890625,14016.0712890625,39357
2022-10-05,14988.615234375,14988.615234375,14101.884200737228,14101.884200737228,39198
2022-10-06,14988.615234375,15160.23990930929,14473.739436333492,14988.615234375,29042
2022-10-07,14816.9892578125,14902.802479495424,14073.27969406984,14302.113474192143,22218
2022-10-10,14788.3857421875,14816.989855028298,14073.280261309568,14073.280261309568,7776
2022-10-11,14187.697265625,14788.386318551034,14016.072581891302,14244.906380155597,16504
2022-10-12,14416.5302734375,14702.573170548789,13215.153120075756,14187.696487720055,44277
2022-10-13,14416.5302734375,14416.5302734375,14016.071813396462,14416.5302734375,12696
2022-10-14,14416.5302734375,14530.94760960588,14130.488262945526,14416.5302734375,18726
2022-10-17,14416.5302734375,14416.5302734375,13930.258589615349,14302.113823888436,21583
2022-10-18,14559.5517578125,14702.573206720006,14502.343532897225,14673.969094262367,21583
2022-10-19,13958.86328125,14559.55232616717,13958.86328125,14559.55232616717,22376
2022-10-20,14588.15625,14874.19826864137,14016.07221271726,14273.510118156428,17457
2022-10-21,14416.5302734375,15411.958172258655,13592.72882217857,15411.958172258655,75514
2022-10-24,13421.103515625,14759.78167508654,13421.103515625,14416.53054669459,8860
2022-10-25,12494.326171875,13695.70419991258,12494.326171875,12528.651638370064,38352
2022-10-26,11636.2001953125,12391.35253917895,11636.2001953125,12391.35253917895,98526
2022-10-27,11807.8251953125,12288.376421738903,10846.723629079026,11636.199630643165,67447
2022-10-28,11636.2001953125,12219.72696618115,11327.274518564209,11807.825768310302,39278
2022-10-31,11533.224609375,12013.775819477982,11327.273584119834,11704.850168214538,15870
2022-11-01,11670.525390625,11842.150959594344,11601.875340361134,11842.150959594344,17589
2022-11-02,11670.525390625,11910.801009858207,11327.274252686311,11327.274252686311,5157
2022-11-03,11807.8251953125,11807.8251953125,11533.225001137032,11670.525098224763,11373
2022-11-04,11636.2001953125,12219.72696618115,10984.024259187983,12219.72696618115,30285
2022-11-07,11224.298828125,11464.574430393905,10846.723135022236,11327.273452940746,46684
2022-11-08,11052.673828125,11327.274023627531,10537.798018248084,11327.274023627531,4364
2022-11-09,10846.72265625,11121.322825796922,10503.471557697092,10503.471557697092,17324
2022-11-10,10091.5712890625,10778.073545508863,10091.5712890625,10778.073545508863,56735
2022-11-11,9405.0693359375,10434.821770122951,9405.0693359375,10434.821770122951,46419
2022-11-14,8752.8935546875,9405.069422606748,8752.8935546875,9267.769333215252,36368
2022-11-15,8169.36669921875,8924.518064030042,8169.36669921875,8238.016742690752,48006
2022-11-16,8718.568359375,8718.568359375,7620.165836945241,7620.165836945241,130001
2022-11-17,8993.169921875,9302.095592678044,8478.293212790351,9267.770124091325,51313
2022-11-18,9061.8203125,9473.72063128223,8478.293530962748,8581.269053968002,62025
2022-11-21,9302.0947265625,9576.694903210877,8993.16908452344,9508.04485904878,65067
2022-11-22,8924.5185546875,9576.695333456186,8684.243832635162,9302.095144471046,77498
2022-11-23,8958.84375,9096.143840329813,8581.26805828337,8581.26805828337,40600
2022-11-24,8924.5185546875,8958.844021620302,8478.292804276989,8581.268318456076,22482
2022-11-25,9233.4443359375,9233.4443359375,8924.518675826292,8924.518675826292,23408
2022-11-28,9851.296875,9851.296875,9199.120065385136,9199.120065385136,62289
2022-11-29,10228.8720703125,10434.822211207482,9919.946415660368,9954.270995833209,46155
2022-11-30,10263.1962890625,10572.121932835682,9885.620600741862,10228.871710098414,78027
2022-12-01,10434.822265625,10572.122360271009,10263.19670400783,10263.19670400783,86491
2022-12-02,10537.7978515625,10537.7978515625,10125.896678204765,10434.822336568235,37955
2022-12-05,10297.521484375,10640.771698103252,10297.521484375,10400.496105183844,61231
2022-12-06,10263.1962890625,10434.821843740776,9954.270645289316,10297.521754645868,41923
2022-12-07,9611.0205078125,10091.570823907692,9611.0205078125,10091.570823907692,22218
2022-12-08,9611.0205078125,9611.0205078125,9164.793884366598,9611.0205078125,60702
2022-12-09,9611.0205078125,9611.0205078125,9267.769395410927,9336.419440567384,33856
2022-12-12,9542.3701171875,9645.34473788448,9233.443595238776,9233.443595238776,64934
2022-12-13,9542.3701171875,9611.020159858574,8924.51795990931,9508.044652542332,33327
2022-12-14,9611.0205078125,9611.0205078125,9473.719530880297,9542.370462656045,39278
2022-12-15,9576.6953125,9713.995406692124,9473.71979854625,9679.67082645375,35046
2022-12-16,9576.6953125,9576.6953125,8993.169468873819,9473.71979854625,15076
2022-12-19,9576.6953125,9576.6953125,9302.095124115756,9336.419704354126,29359
2022-12-20,9405.0693359375,9542.37031068303,8924.518140876336,9336.419291874374,32269
2022-12-21,8821.5439453125,9405.069791418464,8821.5439453125,9267.769696642865,27508
2022-12-22,9405.0693359375,9405.0693359375,8924.518140876336,9130.469159684992,75250
2022-12-23,10057.24609375,10057.24609375,9713.994986498234,9954.270584250617,187266
2022-12-26,10297.521484375,10469.147034548756,9748.320255790535,10297.521484375,76308
2022-12-27,10640.7724609375,10640.7724609375,9576.695392167614,10263.196755458486,231305
2022-12-28,10846.72265625,10846.72265625,10228.871388150172,10606.447064586817,100245
2022-12-29,10778.0732421875,11224.298987024287,10297.522030846663,10846.72328857629,55280
2022-12-30,10778.0732421875,10915.37333496508,10160.221938069088,10915.37333496508,87681
2023-01-03,10228.8720703125,10709.42239906746,10228.8720703125,10297.522117277496,57528
2023-01-04,10297.521484375,10572.1216553576,10160.2213988837,10572.1216553576,24863
2023-01-05,10297.521484375,10366.17152712065,10091.570469518789,10091.570469518789,22879
2023-01-06,10297.521484375,10331.846062438197,10160.2213988837,10297.521484375,37030
2023-01-09,10057.24609375,10297.52169150238,9954.270584250617,10297.52169150238,26317
2023-01-10,10228.8720703125,10228.8720703125,9954.270995833209,10057.246509590355,17853
2023-01-11,10297.521484375,10366.17152712065,10057.245891455594,10194.545976946894,40997
2023-01-12,10297.521484375,10297.521484375,10091.570469518789,10091.570469518789,25656
2023-01-13,10194.5458984375,10194.5458984375,10194.5458984375,10194.5458984375,13357
2023-01-16,10160.2216796875,10160.2216796875,9748.32052521039,9988.59612477043,11770
2023-01-17,10297.521484375,10297.521484375,10125.895934201244,10160.2213988837,15605
2023-01-18,10263.1962890625,10366.171799193322,10057.246155420138,10160.221665550962,60041
2023-01-19,10263.1962890625,10297.521754645868,10091.570734384224,10091.570734384224,19176
2023-01-27,10434.822265625,10572.122360271009,10331.846751330831,10331.846751330831,21953
2023-01-30,11121.32421875,11155.64968755228,10469.148291080975,10503.472873263889,194010
2023-01-31,11121.32421875,11636.200044448637,10881.04859699214,11636.200044448637,9257
2023-02-01,10572.1220703125,11292.948877363113,10537.797490902069,11292.948877363113,46287
2023-02-02,10434.822265625,10572.122360271009,10263.19670400783,10366.172218301996,54354
2023-02-03,10537.7978515625,10709.422527727174,10434.822336568235,10709.422527727174,24598
2023-02-06,10709.421875,10709.421875,10469.147165690065,10572.121787788816,25656
2023-02-07,10263.1962890625,10778.072953097328,10263.1962890625,10778.072953097328,40600
2023-02-08,10366.1728515625,10400.497434011202,10125.8972279441,10297.522800045725,32136
2023-02-09,10537.7978515625,10537.7978515625,10366.1722887785,10503.472384357969,4496
2023-02-10,10434.822265625,10503.472312948004,10297.522170978991,10297.522170978991,38617
2023-02-13,10057.24609375,10366.17173562888,10022.920628377113,10125.896137876498,26450
2023-02-14,10263.1962890625,10297.521754645868,9611.020422552048,9611.020422552048,8993
2023-02-15,10434.822265625,10434.822265625,10228.872123655989,10228.872123655989,9522
2023-02-16,10434.822265625,10434.822265625,10434.822265625,10434.822265625,396
2023-02-17,10434.822265625,10503.472312948004,10228.872123655989,10503.472312948004,9125
2023-02-20,10537.7978515625,10537.7978515625,10297.522240988765,10297.522240988765,46948
2023-02-21,10434.822265625,10606.44782724217,10228.872123655989,10606.44782724217,56735
2023-02-22,10228.8720703125,10572.12230513747,10228.8720703125,10572.12230513747,17192
2023-02-23,10091.5712890625,10228.872272323371,10057.246708211782,10228.872272323371,11109
2023-02-24,10228.8720703125,10263.19665048534,10022.921042798202,10160.222023347504,40336
2023-02-27,10160.2216796875,10228.87172433047,9919.94608012746,10194.546258699342,16399
2023-02-28,10022.9208984375,10297.521968961695,10022.9208984375,10297.521968961695,7009
2023-03-01,10160.2216796875,10160.2216796875,9816.970569853362,10125.896214056373,16266
2023-03-02,10160.2216796875,10263.196303342313,9988.59612477043,10263.196303342313,23540
2023-03-03,10057.24609375,10091.57067250361,10022.920628377113,10091.57067250361,20498
2023-03-06,10125.896484375,10125.896484375,10022.92097135189,10022.92097135189,10976
2023-03-07,10022.9208984375,10125.896410711486,10022.9208984375,10125.896410711486,14415
2023-03-08,10091.5712890625,10125.896756532553,10022.92124074173,10125.896756532553,5422
2023-03-09,10160.2216796875,10160.2216796875,9988.59612477043,10160.2216796875,35178
2023-03-10,10160.2216796875,10194.546258699342,10057.246169413402,10194.546258699342,8596
2023-03-13,10125.896484375,10125.896484375,9816.970831924982,9816.970831924982,3174
2023-03-14,9954.271484375,10091.571585043486,9885.621434040757,9885.621434040757,16531
2023-03-15,10160.2216796875,10160.2216796875,10022.920703782273,10160.2216796875,32136
2023-03-16,10022.9208984375,10091.570944413725,9954.270852461275,9954.270852461275,15076
2023-03-17,10125.896484375,10263.196577326276,9988.596391423727,9988.596391423727,4099
2023-03-20,9954.271484375,10022.921534709243,9954.271484375,10022.921534709243,26317
2023-03-21,9988.5966796875,10091.571309063074,9611.020969865278,9851.296582773844,10712
2023-03-22,9988.5966796875,10125.896776601156,9988.5966796875,10022.921260606248,13621
2023-03-23,9988.5966796875,9988.5966796875,9954.27121214942,9988.5966796875,5157
2023-03-24,10022.9208984375,10022.9208984375,9954.270852461275,9988.59631875904,6877
2023-03-27,10022.9208984375,10400.49659461638,10022.9208984375,10400.49659461638,54487
2023-03-28,10091.5712890625,10091.5712890625,10022.92124074173,10091.5712890625,20366
2023-03-29,10091.5712890625,10091.5712890625,10057.246708211782,10057.246708211782,6083
2023-03-30,10091.5712890625,10091.5712890625,10022.92124074173,10091.5712890625,2909
2023-03-31,10160.2216796875,10160.2216796875,10091.570748425243,10091.570748425243,6083
2023-04-03,10331.8466796875,10503.47224011458,10160.222005879736,10366.172146420642,37162
2023-04-04,10263.1962890625,10572.121932835682,10160.221665550962,10572.121932835682,37823
2023-04-05,10297.521484375,10297.521484375,10194.545976946894,10263.196019692545,252333
2023-04-06,10331.8466796875,10434.82219326761,10228.872052726703,10228.872052726703,41394
2023-04-07,10366.1728515625,10434.822903079275,10263.19733097765,10366.1728515625,15737
2023-04-10,10400.4970703125,10640.772685528618,10400.4970703125,10400.4970703125,30020
2023-04-11,10331.8466796875,10537.79770684772,10297.522099573673,10400.49672653447,37294
2023-04-12,10434.822265625,10812.39796921118,10297.522170978991,10331.846751330831,66654
2023-04-13,10537.7978515625,10675.097947141969,10366.1722887785,10434.822336568235,19969
2023-04-14,10400.4970703125,10572.12263641249,10366.172489064107,10572.12263641249,22085
2023-04-17,10400.4970703125,10434.822538180237,10400.4970703125,10400.4970703125,35310
2023-04-18,10434.822265625,10469.14773259616,10400.496798653838,10400.496798653838,20102
2023-04-19,10572.1220703125,10572.1220703125,10434.82197943218,10434.82197943218,7538
2023-04-20,10400.4970703125,10537.7980551641,10400.4970703125,10537.7980551641,4364
2023-04-21,10434.822265625,10434.822265625,10400.496798653838,10434.822265625,8993
2023-04-24,10503.47265625,10537.798124343077,10400.49713859012,10434.822606683196,26450
2023-04-25,10366.1728515625,10503.472954596053,10366.1728515625,10503.472954596053,17986
2023-04-26,10434.822265625,10434.822265625,10228.872123655989,10297.522170978991,4761
2023-04-27,10434.822265625,10434.822265625,10331.846751330831,10331.846751330831,9522
2023-04-28,10503.47265625,10503.47265625,10434.822606683196,10503.47265625,17853
2023-05-04,10503.47265625,10709.422804950413,10469.148074776273,10572.122705816804,28830
2023-05-05,10572.1220703125,10572.1220703125,10503.47202487234,10503.47202487234,7141
2023-05-08,10778.0732421875,10984.023381353869,10503.472170013034,10503.472170013034,14679
2023-05-09,10778.0732421875,10778.0732421875,10778.0732421875,10778.0732421875,132
2023-05-10,11086.9990234375,11430.249259381157,10709.4224339705,10812.397948063255,45229
2023-05-11,11464.57421875,11498.89879751516,11121.323111382706,11498.89879751516,26317
2023-05-12,11464.57421875,11601.874307049206,11258.623199681912,11464.57421875,10580
2023-05-15,11292.94921875,11567.549408811825,11258.623751682611,11567.549408811825,14018
2023-05-16,10984.0244140625,11258.624625435335,10984.0244140625,11258.624625435335,13621
2023-05-17,10984.0244140625,11189.974572592128,10915.37436121929,10984.0244140625,9786
2023-05-18,10984.0244140625,10984.0244140625,10984.0244140625,10984.0244140625,3306
2023-05-19,10881.0478515625,11121.323456859764,10881.0478515625,10984.023364295414,17324
2023-05-22,10709.421875,11121.323023252826,10709.421875,10846.722848830455,20498
2023-05-23,10778.0732421875,10778.0732421875,10743.747775683452,10778.0732421875,5025
2023-05-24,10778.0732421875,11258.623566909027,10778.0732421875,11258.623566909027,30020
2023-05-25,11498.8994140625,11498.8994140625,10846.7235163633,10846.7235163633,188985
2023-05-26,12288.3759765625,12288.3759765625,12288.3759765625,12288.3759765625,44832
2023-05-29,13146.5029296875,13146.5029296875,13146.5029296875,13146.5029296875,59248
2023-05-30,12494.326171875,13215.15298869755,12494.326171875,13215.15298869755,228792
2023-05-31,12803.251953125,13146.503075064127,12562.976345091472,12768.927372902675,72605
2023-06-01,12906.2275390625,13043.52763395672,12425.676320313403,12803.252024582174,25524
2023-06-02,12768.9267578125,12906.226845326562,12562.975739922133,12906.226845326562,25392
2023-06-05,12700.27734375,12768.92739091078,12357.026221326782,12768.92739091078,50916
2023-06-06,12665.9521484375,12700.27761606354,12219.726389015002,12700.27761606354,5951
2023-06-07,12494.326171875,12631.627151235944,12254.050566267484,12631.627151235944,32401
2023-06-08,12631.626953125,13352.452872023008,12357.025885329189,12357.025885329189,42055
2023-06-09,12631.626953125,12734.601577756548,12391.3513512859,12631.626953125,4761
2023-06-12,12494.326171875,12597.301684740882,12357.026079133366,12597.301684740882,24069
2023-06-13,12631.626953125,12940.55260025823,12494.325975917449,12528.65144187416,6480
2023-06-14,12768.9267578125,12803.251336381378,12391.351073839192,12425.675652408072,13225
2023-06-15,12700.27734375,12768.92739091078,12528.65178253839,12597.301829699172,6215
2023-06-16,12425.6767578125,13043.528093209914,12425.6767578125,12631.62779402454,21160
2023-06-19,12322.7021484375,12562.97688008377,12013.77648018446,12562.97688008377,32136
2023-06-20,12185.400390625,12288.375902398442,12151.075811113384,12254.050436267527,32004
2023-06-21,12631.626953125,12768.92704371326,12185.40032878422,12288.37584003506,45890
2023-06-22,12906.2275390625,13386.778757811591,12631.627349274058,12631.627349274058,43245
2023-06-23,12768.9267578125,13043.526932840625,12768.9267578125,13043.526932840625,14415
2023-06-26,12768.9267578125,13043.526932840625,12357.02560865104,13043.526932840625,67579
2023-06-27,12562.9765625,12837.577642127277,12494.326514248014,12837.577642127277,40468
2023-06-28,12700.27734375,12700.27734375,12528.65178253839,12597.301829699172,45097
2023-06-29,12700.27734375,12906.22748523234,12562.976362809122,12562.976362809122,30549
2023-06-30,12357.0263671875,12562.97651110085,12357.0263671875,12562.97651110085,43907
2023-07-03,12700.27734375,12940.55295212239,12494.326315648344,12940.55295212239,22350
2023-07-04,12768.9267578125,12837.57680156953,12631.626670298438,12700.27671405547,2248
2023-07-05,12837.5771484375,12906.227194049436,12837.5771484375,12837.5771484375,23672
2023-07-06,12631.626953125,12906.227134301518,12631.626953125,12837.577089007387,26714
2023-07-07,12768.9267578125,12906.226845326562,12494.325696165102,12562.975739922133,18779
2023-07-10,12768.9267578125,13043.526932840625,12768.9267578125,13043.526932840625,6480
2023-07-11,13043.5283203125,13043.5283203125,12837.578167133986,12837.578167133986,13886
2023-07-12,13043.5283203125,13077.853789151935,12871.902749354054,13043.5283203125,14944
2023-07-13,13935.98046875,13935.98046875,13043.52805021788,13043.52805021788,106990
2023-07-14,14691.130859375,14691.130859375,13524.078325067709,13935.979480299482,24598
2023-07-17,13764.3544921875,14622.481417082365,13764.3544921875,14622.481417082365,46552
2023-07-18,13833.0048828125,14210.580597270186,13489.75374969496,13489.75374969496,37294
2023-07-19,13730.029296875,14382.206091888364,13730.029296875,14382.206091888364,24995
2023-07-20,14073.2802734375,14073.2802734375,13592.729049411582,13730.029145813463,12431
2023-07-21,14073.2802734375,14073.2802734375,13798.679194014408,13867.330128834676,24334
2023-07-24,14141.9296875,14210.579732622604,13867.329507009586,14210.579732622604,39807
2023-07-25,14176.2548828125,14210.57946140906,13867.329242347085,14141.929417596664,39675
2023-07-26,14004.6298828125,14210.58002237968,13867.329789767711,13901.654369719254,17986
2023-07-27,13833.0048828125,14038.955030711417,13833.0048828125,14004.630449371269,20102
2023-07-28,13798.6796875,14073.28077674372,13730.02963684391,13833.005156137726,39542
2023-07-31,14004.6298828125,14279.230068902076,13867.329789767711,14004.6298828125,52635
2023-08-01,14210.580078125,14553.831198702786,14004.629937749914,14004.629937749914,65199
2023-08-02,14141.9296875,14416.529867990414,14107.604221629052,14347.879822867812,70357
2023-08-03,14250.0537109375,14329.000952036498,14131.63240597936,14131.63240597936,31280
2023-08-04,14289.5283203125,14368.475564425382,14131.632945467416,14250.0542549464,47955
2023-08-07,14447.423828125,14447.423828125,14289.52845182672,14289.52845182672,28980
2023-08-08,14368.4755859375,14447.423716787902,14171.106145430818,14447.423716787902,18055
2023-08-09,14052.6845703125,14368.475314510022,13657.94658337525,14210.57994241126,46805
2023-08-10,13855.3154296875,14210.58024615822,13855.3154296875,14210.58024615822,9775
2023-08-11,14052.6845703125,14052.6845703125,13815.84195547401,13815.84195547401,21620
2023-08-14,14605.3173828125,14605.3173828125,13973.736804670723,14052.68404445622,49220
2023-08-15,14684.265625,14684.265625,14486.896194051133,14605.317497972745,37950
2023-08-16,14329.0009765625,14684.265778664292,14289.52779925508,14684.265778664292,14145
2023-08-17,14486.8974609375,14605.318775215112,14289.528899347932,14605.318775215112,19550
2023-08-18,14210.580078125,14486.89676028188,13500.051340204544,14210.580078125,32200
2023-08-21,13815.841796875,14052.684408994652,13421.102927849852,13421.102927849852,9315
2023-08-22,13894.7890625,13894.7890625,13697.419627649477,13815.841820531368,7130
2023-08-23,13815.841796875,13894.789038708452,13815.841796875,13894.789038708452,12535
2023-08-24,13815.841796875,13855.314974482078,13657.946426588798,13815.841796875,17365
2023-08-25,13894.7890625,13973.737191087928,13815.841820531368,13815.841820531368,50715
2023-08-28,13894.7890625,13973.737191087928,13815.841820531368,13815.841820531368,38640
2023-08-29,14289.5283203125,14289.5283203125,13894.78943989013,13894.78943989013,37950
2023-08-30,14329.0009765625,14368.475040489207,14210.579671401663,14210.579671401663,43930
2023-08-31,14171.10546875,14368.474899832145,14131.632291828995,14329.000836291862,53590
2023-09-05,14210.580078125,14368.47545173169,14131.63283463131,14131.63283463131,152490
2023-09-06,14131.6337890625,14210.581037888178,14131.6337890625,14210.581037888178,32545
2023-09-07,14052.6845703125,14210.57994241126,13973.737327572771,14210.57994241126,80960
2023-09-08,14052.6845703125,14210.57994241126,13736.893826114978,14052.6845703125,137310
2023-09-11,13934.263671875,14092.159048608117,13894.789606036888,14092.159048608117,43930
2023-09-12,14052.6845703125,14052.6845703125,13894.78919821374,13973.737327572771,44045
2023-09-13,14052.6845703125,14171.105877731745,14052.6845703125,14131.632699671532,54165
2023-09-14,13815.841796875,14052.684408994652,13815.841796875,14052.684408994652,45770
2023-09-15,13736.8935546875,13894.788923666403,13736.8935546875,13815.841682486596,16905
2023-09-18,13736.8935546875,13815.841682486596,13421.102816729694,13815.841682486596,53935
2023-09-19,13736.8935546875,13736.8935546875,13421.102816729694,13657.946313507691,19205
2023-09-20,13815.841796875,13815.841796875,13460.576992076223,13736.893668422252,12995
2023-09-21,13578.9990234375,13776.36846849226,13578.9990234375,13697.42033582262,14835
2023-09-22,13500.0517578125,13578.999003748328,13302.68231304392,13421.10362525733,47380
2023-09-25,13105.3125,13342.156004390572,13105.3125,13342.156004390572,39675
2023-09-26,13421.103515625,13421.103515625,12868.470138730452,12868.470138730452,23460
2023-09-27,13263.2080078125,13421.103383458809,12631.627391846596,13421.103383458809,23690
2023-09-28,13026.365234375,13105.312477959542,12671.100421696285,13105.312477959542,21505
2023-09-29,13421.103515625,13421.103515625,12710.57476152925,12789.522006820183,12995
2023-10-02,12947.4169921875,13421.103109455722,12671.100312102531,13421.103109455722,10810
2023-10-03,13657.947265625,13815.842645611045,12710.574985708745,12750.049052360093,239200
2023-10-04,13736.8935546875,13973.7370514655,13421.102816729694,13657.946313507691,72450
2023-10-05,14684.265625,14684.265625,13815.841547415832,14092.158218772678,330855
2023-10-06,14802.6875,15394.794929070456,14368.475444456286,15394.794929070456,142945
2023-10-09,14210.580078125,14921.109702664768,14052.684704518308,14802.687507495264,96485
2023-10-10,14605.3173828125,15000.05535497852,14013.209981253836,14210.579410646482,156400
2023-10-11,14368.4755859375,14842.161711181943,14250.05427628122,14605.318205250062,185610
2023-10-12,14210.580078125,14486.89676028188,14131.63283463131,14131.63283463131,688390
2023-10-13,13973.7373046875,14052.684547297931,13460.57712455212,14052.684547297931,98095
2023-10-16,14131.6337890625,14210.581037888178,13815.84302052104,14210.581037888178,21275
2023-10-17,13815.841796875,14289.5279077336,13500.051056302598,14289.5279077336,33350
2023-10-18,13618.47265625,13815.84209502182,13026.365226553851,13815.84209502182,39330
2023-10-19,13539.525390625,13539.525390625,13026.365205303142,13026.365205303142,15410
2023-10-20,13381.6298828125,13381.6298828125,12868.469702643728,13342.155818195064,33695
2023-10-23,13460.5771484375,13618.47252055785,13026.36509676136,13381.629905686978,13685
2023-10-24,13500.0517578125,13500.0517578125,13026.36562233951,13026.36562233951,7820
2023-10-25,13500.0517578125,13500.0517578125,13144.786934552922,13144.786934552922,3680
2023-10-26,12907.943359375,13026.36466286594,12592.15262565298,13026.36466286594,1550315
2023-10-27,13144.787109375,13223.735242980158,12750.049101207273,12947.41766198146,1940625
2023-10-30,12355.3095703125,13263.207740312952,12355.3095703125,13144.78643262144,21390
2023-10-31,12592.1533203125,12907.944071455457,12236.888503621843,12907.944071455457,988425
2023-11-01,12750.048828125,12828.996073419905,12552.679384958748,12828.996073419905,42205
2023-11-02,13263.2080078125,13263.2080078125,12750.048701926497,12750.048701926497,19205
2023-11-03,13026.365234375,13026.365234375,12592.153178111745,13026.365234375,31280
2023-11-06,12947.4169921875,13144.786429370752,12710.574376863044,12710.574376863044,563500
2023-11-07,12671.1005859375,13026.365403221116,12671.1005859375,13026.365403221116,200376
2023-11-08,12986.890625,13026.364688447591,12671.099890657815,12671.099890657815,31280
2023-11-09,13302.681640625,13460.57701113476,12947.416835323213,13460.57701113476,63135
2023-11-10,13026.365234375,13302.681916849864,13026.365234375,13223.734673265324,11845
2023-11-13,12868.4697265625,13105.312341468738,12710.574354418572,13026.365098706428,13455
2023-11-14,12868.4697265625,13144.786406159546,12789.521597180885,13144.786406159546,19895
2023-11-15,12828.99609375,13184.26091468838,12828.99609375,13184.26091468838,42320
2023-11-16,13026.365234375,13026.365234375,12631.62724321367,12828.995795484678,54740
2023-11-17,12947.4169921875,13065.839186469037,12750.048441623554,13026.365121708524,22655
2023-11-20,12710.5751953125,13144.787275779656,12631.627947327272,12631.627947327272,51060
2023-11-21,12907.943359375,12986.890599495868,12631.62668902305,12789.521169264786,173880
2023-11-22,12947.4169921875,12986.891056948012,12631.627133961323,12710.574376863044,27600
2023-11-23,12868.4697265625,13105.312341468738,12868.4697265625,13105.312341468738,35765
2023-11-24,12868.4697265625,12868.4697265625,12710.574354418572,12710.574354418572,62790
2023-11-27,12947.4169921875,12947.4169921875,12710.574376863044,12868.469749285783,20930
2023-11-28,12947.4169921875,12947.4169921875,12710.574376863044,12947.4169921875,2530
2023-11-29,12868.4697265625,12947.41696932481,12671.100289727765,12671.100289727765,16330
2023-11-30,12789.5224609375,12868.470595650975,12710.575212843383,12750.049280200124,33580
2023-12-01,12907.943359375,12907.943359375,12750.04799251399,12789.521169264786,13800
2023-12-04,13026.365234375,13026.365234375,12907.943925688533,12907.943925688533,21275
2023-12-05,13026.365234375,13184.260608163397,12868.469860586603,13144.78654306147,6095
2023-12-06,12947.4169921875,13026.365121708524,12868.469749285783,13026.365121708524,20240
2023-12-07,13065.83984375,13105.313023876915,12868.470396638018,12947.4176435112,37145
2023-12-08,12986.890625,12986.890625,12868.4693212765,12907.943384724093,20010
2023-12-11,12986.890625,12986.890625,12907.943384724093,12986.890625,15870
2023-12-12,12947.4169921875,12947.4169921875,12907.943814046295,12907.943814046295,21620
2023-12-13,12789.5224609375,12947.417843745092,12750.049280200124,12947.417843745092,45195
2023-12-14,12828.99609375,12907.944225789344,12789.522027730329,12789.522027730329,30475
2023-12-15,12828.99609375,12907.944225789344,12828.99609375,12828.99609375,45195
2023-12-18,13184.2607421875,13421.103361968051,12868.46999140055,12868.46999140055,50370
2023-12-19,13578.9990234375,13697.42033582262,13223.73508628214,13263.20826599762,44965
2023-12-20,13618.47265625,13815.84209502182,13460.577282556407,13815.84209502182,22310
2023-12-21,13618.47265625,13618.47265625,13263.207843784588,13421.10321747818,12650
2023-12-22,13263.2080078125,13421.103383458809,13263.2080078125,13421.103383458809,8740
2023-12-25,13263.2080078125,13302.682073378906,13184.260763299008,13263.2080078125,71070
2023-12-26,13184.2607421875,13302.682052077776,13184.2607421875,13263.207986574576,26680
2023-12-27,13144.787109375,13776.368631738847,13105.31304257242,13184.26117617758,23000
2023-12-28,13184.2607421875,13184.2607421875,13105.312611181102,13144.786676684302,173880
2023-12-29,13421.103515625,13421.103515625,13144.786827177726,13184.26089313286,56350
2024-01-02,13421.103515625,13460.577581580132,13342.156270334064,13421.103515625,33465
2024-01-03,13421.103515625,13500.051647535269,13342.156270334064,13342.156270334064,61180
2024-01-04,13500.0517578125,13539.525824090084,13342.156379321505,13342.156379321505,24150
2024-01-05,13578.9990234375,13578.9990234375,13421.10364471756,13421.10364471756,48300
2024-01-08,13460.5771484375,13500.051213122411,13342.155841002064,13500.051213122411,18400
2024-01-09,13342.1552734375,13460.57657583539,13302.68121043178,13460.57657583539,27140
2024-01-10,13302.681640625,13421.102946852496,13263.207576342737,13342.155704907263,71185
2024-01-11,13184.2607421875,13421.103361968051,13144.786676684302,13421.103361968051,28405
2024-01-12,13381.6298828125,13421.103060810634,13184.26044634462,13184.26044634462,32085
2024-01-15,13381.6298828125,13421.103060810634,13263.207688960189,13263.207688960189,10810
2024-01-16,13421.103515625,13421.103515625,13342.156270334064,13381.6303362892,10350
2024-01-17,13578.9990234375,13736.89440215744,13342.15639866726,13342.15639866726,65205
2024-01-18,13500.0517578125,13578.999003748328,13460.577691534916,13460.577691534916,4485
2024-01-19,13855.3154296875,13973.737626257289,13500.051499836103,13500.051499836103,87170
2024-01-22,13815.841796875,13894.789038708452,13697.419604195878,13894.789038708452,53590
2024-01-23,13855.3154296875,14052.68487068449,13815.84225078356,13815.84225078356,36455
2024-01-24,13815.841796875,14052.684408994652,13736.893668422252,13736.893668422252,25875
2024-01-25,13894.7890625,13973.737191087928,13815.841820531368,13934.263126793963,22885
2024-01-26,13815.841796875,13934.263102934829,13815.841796875,13815.841796875,18170
2024-01-29,14171.10546875,14171.10546875,13815.841556745276,13815.841556745276,56235
2024-01-30,14289.5283203125,14407.949629791485,14013.210749369113,14052.684814735214,37260
2024-01-31,14542.4404296875,14711.048475833448,14331.6801353117,14415.984631771404,25760
2024-02-01,14500.2880859375,14542.440333889675,14163.071995867003,14331.68004090225,24610
2024-02-02,14120.9208984375,14331.68024769249,14120.9208984375,14331.68024769249,40710
2024-02-05,14120.9208984375,14289.528945905577,14120.9208984375,14247.37669734519,31050
2024-02-06,14247.3759765625,14247.3759765625,14120.92018405228,14163.071483706735,16790
2024-02-07,14247.3759765625,14247.3759765625,14078.7679376244,14205.223730134618,8510
2024-02-15,14036.6162109375,14247.376504107411,13910.160413744938,14247.376504107411,38755
2024-02-16,14668.8955078125,14668.8955078125,13994.46335632256,14078.767848645512,56235
2024-02-19,14415.984375,14668.895966327436,14415.984375,14584.592418142773,56925
2024-02-20,14458.13671875,14542.440267496006,14373.83222323054,14415.98447099027,31280
2024-02-21,14542.4404296875,14753.2007240633,14415.984631771404,14711.048475833448,36340
2024-02-22,14500.2880859375,14542.440333889675,14373.832288854428,14373.832288854428,12190
2024-02-23,14373.83203125,14500.28782606676,14373.83203125,14373.83203125,58420
2024-02-26,14711.0478515625,14711.0478515625,14331.679527139444,14331.679527139444,115345
2024-02-27,15174.7197265625,15301.175519149612,14626.743362987114,14626.743362987114,198720
2024-02-28,15554.0888671875,16017.759815410272,15259.025020078388,15259.025020078388,77625
2024-02-29,15343.328125,15722.696458420956,15343.328125,15680.544210980084,33695
2024-03-01,15722.6962890625,15764.847589275889,15343.327959727943,15343.327959727943,133515
2024-03-04,15554.0888671875,15933.45721162692,15511.936618522348,15722.696915074634,72910
2024-03-05,15385.48046875,15554.088512795484,15385.48046875,15511.93626509075,53820
2024-03-06,15343.328125,15469.78392054917,15006.112039019918,15385.480372440872,65780
2024-03-07,15301.17578125,15343.328028425556,15090.4164389191,15259.024480847886,40250
2024-03-08,15174.7197265625,15511.935804643748,15006.111687521874,15259.024219469524,45770
2024-03-11,15174.7197265625,15174.7197265625,14921.808141388276,15174.7197265625,74865
2024-03-12,15132.5673828125,15174.71962899499,14837.503553081908,14837.503553081908,36915
2024-03-13,16186.3681640625,16186.3681640625,15006.111875957356,15006.111875957356,435505
2024-03-14,17282.3203125,17282.3203125,17240.16806696224,17282.3203125,275425
2024-03-15,17155.865234375,18293.96839972971,17113.712984762307,18293.96839972971,294975
2024-03-18,16902.953125,17493.080814844205,16059.911945039474,17493.080814844205,177445
2024-03-19,16270.6728515625,17830.296540744002,16270.6728515625,16902.952776731945,245640
2024-03-20,16776.49609375,16818.64834138364,16270.672909240118,16270.672909240118,189980
2024-03-21,16354.9755859375,16945.10516196693,16354.9755859375,16945.10516196693,165025
2024-03-22,16439.279296875,16860.799861475945,16312.824452977491,16397.127051060223,97175
2024-03-25,16354.9755859375,16523.584577245027,16354.9755859375,16439.280081591263,66355
2024-03-26,16776.49609375,16902.952836650922,16144.216166339196,16439.28000622778,92920
2024-03-27,16692.19140625,16902.95264199101,16523.584311204075,16776.495900546404,35995
2024-03-28,16607.888671875,17282.320833726048,16523.5841782569,16776.495765564327,76475
2024-03-29,16776.49609375,16945.10508428456,16523.58450149506,16607.88899676234,88090
2024-04-01,17113.712890625,17745.992844243414,16607.88968514906,16607.88968514906,242995
2024-04-02,17155.865234375,17198.017483987693,16860.80138063315,16945.105879858533,73600
2024-04-03,16902.953125,17198.016969922104,16860.80087664728,17198.016969922104,78660
2024-04-04,16692.19140625,16902.95264199101,16607.88880550048,16776.495900546404,119025
2024-04-05,16523.583984375,16692.19107608595,16481.43173806055,16481.43173806055,35535
2024-04-08,16523.583984375,16692.19107608595,16270.67240003515,16607.888477003897,64860
2024-04-09,16312.8251953125,16607.889035896354,15849.15236379678,16270.672947579536,144325
2024-04-10,16059.9111328125,16439.279455253563,16017.758886591622,16312.824610137768,17710
2024-04-11,16439.279296875,16481.431542689777,16017.758732274056,16017.758732274056,204355
2024-04-12,16270.6728515625,16270.6728515625,16186.368356594066,16270.6728515625,334650
2024-04-15,15132.5673828125,16354.974947917355,15132.5673828125,16059.911118186765,103155
2024-04-16,15511.9365234375,15638.392321884334,14753.200785983026,15638.392321884334,46115
2024-04-17,15427.6328125,15638.392158788854,15343.32831656569,15343.32831656569,104420
2024-04-19,14584.5927734375,15427.633009688636,14584.5927734375,15174.72046542656,123740
2024-04-22,15090.4169921875,15132.568294135031,14584.592847855834,14584.592847855834,22770
2024-04-23,14668.8955078125,15132.567375268478,14584.591962262966,14753.200000135452,86710
2024-04-24,15343.328125,15343.328125,14668.895953039832,14795.351748589002,56235
2024-04-25,15385.48046875,15385.48046875,15048.264380659031,15174.72017699978,41860
2024-04-26,15132.5673828125,15343.32766695153,15006.111591038449,15090.416083403428,73715
2024-05-02,15259.0244140625,15301.175714280129,15006.111878889546,15006.111878889546,82340
2024-05-03,15174.7197265625,15259.024219469524,14837.50364848125,15259.024219469524,64342
2024-05-06,15343.328125,15427.632619881744,14879.656243470748,14879.656243470748,49680
2024-05-07,15343.328125,15469.78392054917,15301.175877559128,15469.78392054917,67160
2024-05-08,15343.328125,15343.328125,15216.87232945083,15216.87232945083,7130
2024-05-09,15343.328125,15427.632619881744,15259.024576891705,15427.632619881744,384445
2024-05-10,15301.17578125,15343.328028425556,15132.567739321215,15343.328028425556,106950
2024-05-13,15301.17578125,15301.17578125,15048.264191743545,15301.17578125,25645
2024-05-14,15174.7197265625,15385.480012056636,15174.7197265625,15174.7197265625,84870
2024-05-15,15596.2392578125,15680.54375021701,15090.416090479122,15174.719636110212,96370
2024-05-16,15891.3046875,16017.759537756525,15638.392146666578,15891.3046875,96715
2024-05-17,16059.9111328125,16270.67236391689,15891.304041475829,15891.304041475829,102695
2024-05-20,15933.45703125,16312.825371394729,15849.152534874076,16312.825371394729,46920
2024-05-21,15933.45703125,16017.759634078997,15680.544488895694,16017.759634078997,55430
2024-05-22,16607.888671875,16860.800259182426,16017.759110095183,16144.21585052233,315560
2024-05-23,16397.126953125,16607.88818094007,16270.67210998277,16607.88818094007,31970
2024-05-24,16270.6728515625,16439.279947952466,15933.456765235667,16439.279947952466,56350
2024-05-27,16228.5205078125,16439.279850436484,16059.911518875806,16439.279850436484,24035
2024-05-28,16228.5205078125,16439.279850436484,16144.216013344154,16397.12760320231,20355
2024-05-29,16102.0634765625,16523.584047777564,15891.304137728395,16439.279554825178,125235
2024-05-30,16102.0634765625,16270.672462467266,15764.847398299822,16017.758983610118,374900
2024-05-31,15891.3046875,16102.064033625482,15722.69664253554,15933.45693543448,445165
2024-06-03,15913.0439453125,16173.9130859375,15913.0439453125,16000.0,88205
2024-06-04,16086.9560546875,16173.9130859375,15826.0869140625,16173.9130859375,146280
2024-06-05,16000.0,16130.4345703125,15913.0439453125,16000.0,14605
2024-06-06,16260.869140625,16347.826171875,16000.0,16000.0,38180
2024-06-07,16217.3916015625,16391.3046875,15739.130859375,16391.3046875,35650
2024-06-10,16130.4345703125,16304.34765625,16130.4345703125,16217.3916015625,36340
2024-06-11,15956.521484375,16173.9130859375,15913.0439453125,16130.4345703125,38985
2024-06-12,15913.0439453125,15956.521484375,15695.65234375,15956.521484375,41630
2024-06-13,15913.0439453125,16130.4345703125,15869.5654296875,16130.4345703125,51175
2024-06-14,15913.0439453125,16086.9560546875,15913.0439453125,15913.0439453125,88665
2024-06-17,15956.521484375,16000.0,15869.5654296875,15913.0439453125,58765
2024-06-18,16086.9560546875,16173.9130859375,16000.0,16086.9560546875,39330
2024-06-19,15956.521484375,16130.4345703125,15956.521484375,16130.4345703125,34270
2024-06-20,16000.0,16086.9560546875,15869.5654296875,15956.521484375,47495
2024-06-21,16086.9560546875,16086.9560546875,15956.521484375,16000.0,52785
2024-06-24,16086.9560546875,16086.9560546875,15913.0439453125,16086.9560546875,86135
2024-06-25,16000.0,16130.4345703125,15869.5654296875,16086.9560546875,25185
2024-06-26,16000.0,16130.4345703125,15913.0439453125,15913.0439453125,30360
2024-06-27,16173.9130859375,16782.609375,16000.0,16043.478515625,99935
2024-06-28,15913.0439453125,16130.4345703125,15913.0439453125,16043.478515625,41630
2024-07-01,15913.0439453125,15913.0439453125,15782.6083984375,15869.5654296875,36340
2024-07-02,15913.0439453125,16000.0,15913.0439453125,15913.0439453125,27025
2024-07-03,15956.521484375,15956.521484375,15913.0439453125,15913.0439453125,13455
2024-07-04,16043.478515625,16130.4345703125,15956.521484375,16086.9560546875,35765
2024-07-05,16086.9560546875,16130.4345703125,15956.521484375,16043.478515625,35305
2024-07-08,16043.478515625,16086.9560546875,15913.0439453125,16086.9560546875,53935
2024-07-09,16043.478515625,16173.9130859375,16043.478515625,16130.4345703125,41170
2024-07-10,16434.783203125,16434.783203125,15956.521484375,16043.478515625,108445
2024-07-11,16826.087890625,17391.3046875,16434.783203125,16521.73828125,221490
2024-07-12,16521.73828125,16826.087890625,16434.783203125,16826.087890625,72910
2024-07-15,16521.73828125,16913.04296875,16391.3046875,16521.73828125,20010
2024-07-16,16695.65234375,16782.609375,16304.34765625,16782.609375,50945
2024-07-17,16521.73828125,17217.390625,16260.869140625,16695.65234375,286120
2024-07-18,16521.73828125,16695.65234375,16478.26171875,16521.73828125,21505
2024-07-19,16173.9130859375,16521.73828125,16130.4345703125,16521.73828125,60490
2024-07-22,16043.478515625,16304.34765625,15478.2607421875,16217.3916015625,117875
2024-07-23,15913.0439453125,16086.9560546875,15913.0439453125,16000.0,34270
2024-07-24,15739.130859375,15826.0869140625,15565.2177734375,15826.0869140625,80155
2024-07-25,15739.130859375,15739.130859375,15347.826171875,15739.130859375,50945
2024-07-26,15739.130859375,15782.6083984375,15565.2177734375,15782.6083984375,41745
2024-07-29,15739.130859375,15739.130859375,15565.2177734375,15652.173828125,59340
2024-07-30,15652.173828125,15826.0869140625,15608.6953125,15652.173828125,53705
2024-07-31,15739.130859375,15739.130859375,15608.6953125,15652.173828125,34385
2024-08-01,15565.2177734375,15782.6083984375,15434.7822265625,15782.6083984375,36570
2024-08-02,15347.826171875,15521.7392578125,15347.826171875,15521.7392578125,66125
2024-08-05,14913.0439453125,15347.826171875,14608.6953125,15304.34765625,61180
2024-08-06,15043.478515625,15217.3916015625,14695.65234375,14695.65234375,52670
2024-08-07,15130.4345703125,15130.4345703125,14913.0439453125,15043.478515625,18055
2024-08-08,15130.4345703125,15173.9130859375,15130.4345703125,15130.4345703125,13110
2024-08-09,15173.9130859375,15260.869140625,15130.4345703125,15173.9130859375,26565
2024-08-12,15391.3046875,15652.173828125,15130.4345703125,15173.9130859375,21275
2024-08-13,15217.3916015625,15478.2607421875,15173.9130859375,15434.7822265625,11040
2024-08-14,15173.9130859375,15217.3916015625,15086.9560546875,15217.3916015625,5865
2024-08-15,15260.869140625,15260.869140625,15173.9130859375,15173.9130859375,15985
2024-08-16,15478.2607421875,16086.9560546875,15217.3916015625,15217.3916015625,58305
2024-08-19,15478.2607421875,15565.2177734375,15391.3046875,15478.2607421875,22425
2024-08-20,15478.2607421875,15652.173828125,15434.7822265625,15478.2607421875,37720
2024-08-21,15565.2177734375,15565.2177734375,15391.3046875,15565.2177734375,22540
2024-08-22,15608.6953125,15652.173828125,15478.2607421875,15565.2177734375,39445
2024-08-23,15652.173828125,15652.173828125,15391.3046875,15608.6953125,19780
2024-08-26,15478.2607421875,15652.173828125,15478.2607421875,15652.173828125,8970
2024-08-27,15434.7822265625,15478.2607421875,15391.3046875,15478.2607421875,21275
2024-08-28,15391.3046875,15478.2607421875,15304.34765625,15304.34765625,12650
2024-08-29,15434.7822265625,15434.7822265625,15304.34765625,15347.826171875,10695
2024-08-30,15478.2607421875,15608.6953125,15391.3046875,15608.6953125,7245
2024-09-04,15391.3046875,15478.2607421875,15304.34765625,15478.2607421875,25530
2024-09-05,15391.3046875,15391.3046875,15260.869140625,15304.34765625,31280
2024-09-06,15260.869140625,15391.3046875,15260.869140625,15260.869140625,19435
2024-09-09,15217.3916015625,15391.3046875,15173.9130859375,15391.3046875,17365
2024-09-10,15173.9130859375,15260.869140625,15173.9130859375,15217.3916015625,24380
2024-09-11,15130.4345703125,15173.9130859375,14869.5654296875,15173.9130859375,57155
2024-09-12,15217.3916015625,15260.869140625,15130.4345703125,15130.4345703125,30820
2024-09-13,15043.478515625,15217.3916015625,15043.478515625,15217.3916015625,8625
2024-09-16,14869.5654296875,15043.478515625,14869.5654296875,15043.478515625,51175
2024-09-17,15000.0,15000.0,14826.0869140625,14869.5654296875,54050
2024-09-18,15086.9560546875,15130.4345703125,15000.0,15086.9560546875,12420
2024-09-19,15086.9560546875,15260.869140625,15043.478515625,15130.4345703125,4140
2024-09-20,15086.9560546875,15173.9130859375,15043.478515625,15173.9130859375,40135
2024-09-23,15086.9560546875,15130.4345703125,14913.0439453125,15130.4345703125,35190
2024-09-24,15130.4345703125,15260.869140625,15130.4345703125,15130.4345703125,8395
2024-09-25,15260.869140625,15304.34765625,15000.0,15173.9130859375,28865
2024-09-26,15217.3916015625,15217.3916015625,15043.478515625,15173.9130859375,29210
2024-09-27,15086.9560546875,15217.3916015625,15086.9560546875,15217.3916015625,42435
2024-09-30,15217.3916015625,15217.3916015625,15086.9560546875,15086.9560546875,47955
2024-10-01,15304.34765625,15478.2607421875,15173.9130859375,15173.9130859375,64285
2024-10-02,15347.826171875,15347.826171875,15260.869140625,15260.869140625,15755
2024-10-03,15347.826171875,15434.7822265625,15260.869140625,15391.3046875,12650
2024-10-04,15304.34765625,15347.826171875,15304.34765625,15304.34765625,2185
2024-10-07,15304.34765625,15652.173828125,15173.9130859375,15304.34765625,29670
2024-10-08,15347.826171875,15391.3046875,15173.9130859375,15391.3046875,14030
2024-10-09,15304.34765625,15391.3046875,15260.869140625,15391.3046875,18170
2024-10-10,15260.869140625,15304.34765625,15260.869140625,15304.34765625,38985
2024-10-11,15391.3046875,15391.3046875,15260.869140625,15260.869140625,24840
2024-10-14,15304.34765625,15391.3046875,15304.34765625,15391.3046875,1840
2024-10-15,15260.869140625,15304.34765625,15130.4345703125,15304.34765625,20585
2024-10-16,15217.3916015625,15217.3916015625,15173.9130859375,15173.9130859375,2645
2024-10-17,15217.3916015625,15217.3916015625,15173.9130859375,15217.3916015625,32200
2024-10-18,15260.869140625,15260.869140625,15173.9130859375,15217.3916015625,33810
2024-10-21,15304.34765625,15478.2607421875,15173.9130859375,15173.9130859375,19665
2024-10-22,15391.3046875,15391.3046875,15304.34765625,15304.34765625,31970
2024-10-23,15347.826171875,15478.2607421875,15304.34765625,15304.34765625,12995
2024-10-24,15391.3046875,15478.2607421875,15391.3046875,15434.7822265625,32545
2024-10-25,15521.7392578125,15565.2177734375,15391.3046875,15391.3046875,24150
2024-10-28,15652.173828125,15695.65234375,15478.2607421875,15521.7392578125,40825
2024-10-29,15652.173828125,15652.173828125,15304.34765625,15652.173828125,31510
2024-10-30,15739.130859375,15739.130859375,15652.173828125,15695.65234375,77050
2024-10-31,15521.7392578125,15739.130859375,15521.7392578125,15739.130859375,13225
2024-11-01,15565.2177734375,15565.2177734375,15391.3046875,15391.3046875,22770
2024-11-04,15391.3046875,15478.2607421875,15304.34765625,15478.2607421875,60835
2024-11-05,15391.3046875,15478.2607421875,15304.34765625,15304.34765625,21735
2024-11-06,15913.0439453125,15913.0439453125,15391.3046875,15391.3046875,110515
2024-11-07,15913.0439453125,16000.0,15652.173828125,16000.0,94185
2024-11-08,16000.0,16000.0,15782.6083984375,15913.0439453125,76130
2024-11-11,15956.521484375,16000.0,15826.0869140625,16000.0,66355
2024-11-12,15826.0869140625,15913.0439453125,15739.130859375,15826.0869140625,40825
2024-11-13,16217.3916015625,16217.3916015625,15826.0869140625,15826.0869140625,131215
2024-11-14,16086.9560546875,16260.869140625,15956.521484375,16217.3916015625,21505
2024-11-15,16086.9560546875,16130.4345703125,15913.0439453125,15956.521484375,77855
2024-11-18,15956.521484375,16086.9560546875,15869.5654296875,16086.9560546875,208840
2024-11-19,16000.0,16130.4345703125,15956.521484375,15956.521484375,101430
2024-11-20,15869.5654296875,16000.0,15652.173828125,15739.130859375,215165
2024-11-21,15913.0439453125,16043.478515625,15869.5654296875,15913.0439453125,50140
2024-11-22,15869.5654296875,16043.478515625,15869.5654296875,16043.478515625,25185
2024-11-25,16173.9130859375,16695.65234375,15869.5654296875,15913.0439453125,116035
2024-11-26,16217.3916015625,16434.783203125,16086.9560546875,16434.783203125,33695
2024-11-27,16173.9130859375,16478.26171875,15826.0869140625,16478.26171875,50255
2024-11-28,16130.4345703125,16217.3916015625,16000.0,16173.9130859375,12075
2024-11-29,16130.4345703125,16130.4345703125,16000.0,16000.0,12420
2024-12-02,16260.869140625,16695.65234375,16260.869140625,16521.73828125,51750
2024-12-03,16130.4345703125,16260.869140625,16130.4345703125,16173.9130859375,29325
2024-12-04,16260.869140625,16434.783203125,16173.9130859375,16173.9130859375,122015
2024-12-05,16391.3046875,16391.3046875,16173.9130859375,16260.869140625,21620
2024-12-06,16130.4345703125,16565.216796875,16086.9560546875,16565.216796875,34615
2024-12-09,16260.869140625,16260.869140625,16000.0,16130.4345703125,26565
2024-12-10,16260.869140625,16434.783203125,16130.4345703125,16217.3916015625,59685
2024-12-11,16043.478515625,16173.9130859375,16043.478515625,16173.9130859375,46460
2024-12-12,16086.9560546875,16086.9560546875,15956.521484375,15956.521484375,18055
2024-12-13,16000.0,16086.9560546875,15956.521484375,15956.521484375,18975
2024-12-16,16000.0,16000.0,15869.5654296875,15956.521484375,43815
2024-12-17,15956.521484375,16000.0,15913.0439453125,15913.0439453125,4830
2024-12-18,16043.478515625,16086.9560546875,15913.0439453125,16043.478515625,77855
2024-12-19,15913.0439453125,15956.521484375,15826.0869140625,15956.521484375,101200
2024-12-20,16000.0,16043.478515625,15869.5654296875,15869.5654296875,19550
2024-12-23,16304.34765625,16304.34765625,15913.0439453125,15913.0439453125,22655
2024-12-24,16130.4345703125,16434.783203125,16130.4345703125,16304.34765625,8280
2024-12-25,16347.826171875,16347.826171875,16043.478515625,16043.478515625,92920
2024-12-26,16304.34765625,16391.3046875,16173.9130859375,16347.826171875,22425
2024-12-27,16043.478515625,16304.34765625,16000.0,16304.34765625,43240
2024-12-30,15913.0439453125,16043.478515625,15913.0439453125,16000.0,193961
2024-12-31,15826.0869140625,15913.0439453125,15826.0869140625,15869.5654296875,62905
2025-01-02,15826.0869140625,16086.9560546875,15826.0869140625,15826.0869140625,47495
2025-01-03,15913.0439453125,15956.521484375,15652.173828125,15826.0869140625,47610
2025-01-06,15521.7392578125,15869.5654296875,15521.7392578125,15869.5654296875,58650
2025-01-07,15521.7392578125,15869.5654296875,15391.3046875,15521.7392578125,34615
2025-01-08,15565.2177734375,15565.2177734375,15478.2607421875,15565.2177734375,9890
2025-01-09,15565.2177734375,15565.2177734375,15478.2607421875,15565.2177734375,23460
2025-01-10,15521.7392578125,15565.2177734375,15304.34765625,15565.2177734375,8855
2025-01-13,15478.2607421875,15478.2607421875,15304.34765625,15478.2607421875,27600
2025-01-14,15391.3046875,15478.2607421875,15130.4345703125,15478.2607421875,67045
2025-01-15,15304.34765625,15391.3046875,15130.4345703125,15391.3046875,47610
2025-01-16,15347.826171875,15521.7392578125,15347.826171875,15347.826171875,4025
2025-01-17,15304.34765625,15521.7392578125,15304.34765625,15347.826171875,17480
2025-01-20,15217.3916015625,15304.34765625,15043.478515625,15304.34765625,55775
2025-01-21,15130.4345703125,15217.3916015625,15086.9560546875,15217.3916015625,44160
2025-01-22,15130.4345703125,15217.3916015625,15043.478515625,15217.3916015625,68540
2025-01-23,15217.3916015625,15217.3916015625,15086.9560546875,15130.4345703125,6325
2025-01-24,15043.478515625,15173.9130859375,15043.478515625,15173.9130859375,63595
2025-02-03,15173.9130859375,15173.9130859375,15000.0,15043.478515625,16905
2025-02-04,15304.34765625,15304.34765625,15130.4345703125,15173.9130859375,19780
2025-02-05,15260.869140625,15652.173828125,15260.869140625,15304.34765625,4715
2025-02-06,15304.34765625,15304.34765625,15217.3916015625,15217.3916015625,20470
2025-02-07,15434.7822265625,15608.6953125,15304.34765625,15608.6953125,7935
2025-02-10,15347.826171875,15608.6953125,15260.869140625,15304.34765625,32430
2025-02-11,15478.2607421875,15608.6953125,15347.826171875,15434.7822265625,28750
2025-02-12,15304.34765625,15565.2177734375,15304.34765625,15565.2177734375,49450
2025-02-13,15304.34765625,15391.3046875,15260.869140625,15304.34765625,493465
2025-02-14,15391.3046875,15565.2177734375,15347.826171875,15347.826171875,28980
2025-02-17,15608.6953125,15739.130859375,15434.7822265625,15478.2607421875,239315
2025-02-18,15652.173828125,15782.6083984375,15652.173828125,15652.173828125,144699
2025-02-19,15695.65234375,15782.6083984375,15608.6953125,15782.6083984375,58535
2025-02-20,15608.6953125,15652.173828125,15608.6953125,15652.173828125,32545
2025-02-21,15565.2177734375,15956.521484375,15565.2177734375,15956.521484375,32200
2025-02-24,14913.0439453125,15652.173828125,14913.0439453125,15565.2177734375,57385
2025-02-25,15478.2607421875,15695.65234375,15304.34765625,15347.826171875,34155
2025-02-26,15478.2607421875,15478.2607421875,15304.34765625,15347.826171875,13340
2025-02-27,15478.2607421875,15565.2177734375,15434.7822265625,15565.2177734375,14950
2025-02-28,15565.2177734375,15652.173828125,15478.2607421875,15478.2607421875,42205
2025-03-03,15521.7392578125,15565.2177734375,15478.2607421875,15565.2177734375,34960
2025-03-04,15521.7392578125,15608.6953125,15478.2607421875,15521.7392578125,25645
2025-03-05,15565.2177734375,15565.2177734375,15391.3046875,15478.2607421875,56350
2025-03-06,15652.173828125,15695.65234375,15478.2607421875,15521.7392578125,43815
2025-03-07,15826.0869140625,16086.9560546875,15652.173828125,15652.173828125,88435
2025-03-10,15739.130859375,16000.0,15565.2177734375,15826.0869140625,111780
2025-03-11,15695.65234375,15695.65234375,15608.6953125,15608.6953125,48990
2025-03-12,15695.65234375,15739.130859375,15652.173828125,15695.65234375,11155
2025-03-13,15652.173828125,15695.65234375,15608.6953125,15652.173828125,25070
2025-03-14,15782.6083984375,15782.6083984375,15608.6953125,15652.173828125,124200
2025-03-17,15782.6083984375,15782.6083984375,15652.173828125,15782.6083984375,37490
2025-03-18,15782.6083984375,16000.0,15652.173828125,15826.0869140625,14490
2025-03-19,15826.0869140625,15826.0869140625,15739.130859375,15826.0869140625,65320
2025-03-20,15782.6083984375,15782.6083984375,15565.2177734375,15695.65234375,32545
2025-03-21,15695.65234375,15695.65234375,15652.173828125,15652.173828125,14375
2025-03-24,15608.6953125,15608.6953125,15565.2177734375,15608.6953125,37835
2025-03-25,15739.130859375,15913.0439453125,15565.2177734375,15608.6953125,27255
2025-03-26,15826.0869140625,15913.0439453125,15652.173828125,15782.6083984375,51520
2025-03-27,15826.0869140625,15826.0869140625,15826.0869140625,15826.0869140625,15525
2025-03-28,15782.6083984375,15869.5654296875,15695.65234375,15826.0869140625,21850
2025-03-31,15739.130859375,15739.130859375,15000.0,15652.173828125,45655
2025-04-01,15739.130859375,15782.6083984375,15565.2177734375,15565.2177734375,11730
2025-04-02,15565.2177734375,15739.130859375,15565.2177734375,15652.173828125,26335
2025-04-03,14608.6953125,15304.34765625,14478.2607421875,15260.869140625,126615
2025-04-04,14434.7822265625,14434.7822265625,14086.9560546875,14434.7822265625,51405
2025-04-08,13521.7392578125,14347.826171875,13478.2607421875,13956.521484375,162035
2025-04-09,13478.2607421875,13869.5654296875,13391.3046875,13565.2177734375,44620
2025-04-10,14391.3046875,14391.3046875,14217.3916015625,14391.3046875,59570
2025-04-11,14608.6953125,14695.65234375,14478.2607421875,14521.7392578125,69805
2025-04-14,14826.0869140625,14956.521484375,14739.130859375,14782.6083984375,64515
2025-04-15,14652.173828125,14782.6083984375,14521.7392578125,14695.65234375,32775
2025-04-16,14608.6953125,14695.65234375,14608.6953125,14652.173828125,47840
2025-04-17,15000.0,15304.34765625,14521.7392578125,14521.7392578125,13915
2025-04-18,14869.5654296875,14869.5654296875,14608.6953125,14695.65234375,7590
2025-04-21,14608.6953125,14608.6953125,14260.869140625,14521.7392578125,67735
2025-04-22,14478.2607421875,14478.2607421875,14130.4345703125,14347.826171875,29095
2025-04-23,14565.2177734375,14565.2177734375,14478.2607421875,14478.2607421875,8625
2025-04-24,14521.7392578125,14652.173828125,14521.7392578125,14608.6953125,8855
2025-04-25,14434.7822265625,14608.6953125,14434.7822265625,14608.6953125,74750
2025-04-28,14347.826171875,14434.7822265625,14347.826171875,14434.7822265625,7820
2025-04-29,14260.869140625,14347.826171875,14173.9130859375,14173.9130859375,17365
2025-05-05,14260.869140625,14260.869140625,14000.0,14000.0,16806
2025-05-06,14260.869140625,14260.869140625,14173.9130859375,14260.869140625,3910
2025-05-07,14217.3916015625,14260.869140625,14217.3916015625,14260.869140625,2373
2025-05-08,14260.869140625,14260.869140625,14173.9130859375,14173.9130859375,9446
2025-05-09,14217.3916015625,14391.3046875,14217.3916015625,14260.869140625,14165
2025-05-12,14086.9560546875,14260.869140625,14000.0,14217.3916015625,48415
2025-05-13,14086.9560546875,14173.9130859375,14086.9560546875,14086.9560546875,11207
2025-05-14,14086.9560546875,14173.9130859375,13913.0439453125,14173.9130859375,13685
2025-05-15,14043.478515625,14086.9560546875,14000.0,14043.478515625,53187
2025-05-16,14043.478515625,14043.478515625,13913.0439453125,14043.478515625,4945
2025-05-19,14043.478515625,14173.9130859375,13086.9560546875,13956.521484375,104627
2025-05-20,14043.478515625,14043.478515625,13956.521484375,13956.521484375,2881
2025-05-21,14000.0,14000.0,13869.5654296875,13956.521484375,12424
2025-05-22,14086.9560546875,14086.9560546875,13956.521484375,14086.9560546875,7308
2025-05-23,14000.0,14086.9560546875,13956.521484375,14086.9560546875,12076
2025-05-26,14043.478515625,14043.478515625,14000.0,14000.0,3575
2025-05-27,14130.4345703125,14217.3916015625,14043.478515625,14043.478515625,10005
2025-05-28,14217.3916015625,14347.826171875,14086.9560546875,14260.869140625,6510
2025-05-29,14608.6953125,14608.6953125,14217.3916015625,14217.3916015625,25803
2025-05-30,14521.7392578125,14521.7392578125,14304.34765625,14521.7392578125,10120
2025-06-02,14304.34765625,14565.2177734375,14304.34765625,14521.7392578125,22195
2025-06-03,14304.34765625,14304.34765625,14304.34765625,14304.34765625,24150
2025-06-04,14347.826171875,14391.3046875,14260.869140625,14304.34765625,6785
2025-06-05,14391.3046875,14521.7392578125,14304.34765625,14521.7392578125,18975
2025-06-06,14347.826171875,14347.826171875,14260.869140625,14304.34765625,14605
2025-06-09,14260.869140625,14260.869140625,14260.869140625,14260.869140625,6785
2025-06-10,14260.869140625,14391.3046875,14173.9130859375,14173.9130859375,20125
2025-06-11,14391.3046875,14695.65234375,14173.9130859375,14173.9130859375,68540
2025-06-12,14521.7392578125,14521.7392578125,14304.34765625,14391.3046875,12075
2025-06-13,14391.3046875,14434.7822265625,14347.826171875,14347.826171875,24514
2025-06-16,14391.3046875,14434.7822265625,14391.3046875,14434.7822265625,4083
2025-06-17,14434.7822265625,14478.2607421875,14347.826171875,14391.3046875,22770
2025-06-18,14521.7392578125,14521.7392578125,14347.826171875,14347.826171875,36543
2025-06-19,14478.2607421875,14521.7392578125,14391.3046875,14521.7392578125,32775
2025-06-20,14608.6953125,14608.6953125,14478.2607421875,14478.2607421875,60122
2025-06-23,14608.6953125,14782.6083984375,14565.2177734375,14608.6953125,71508
2025-06-24,14900.0,14900.0,14700.0,14700.0,15545
2025-06-25,14950.0,15000.0,14900.0,14950.0,38210
2025-06-26,15800.0,15850.0,15000.0,15000.0,81103
2025-06-27,16000.0,16000.0,15400.0,15700.0,100010
2025-06-30,15950.0,16150.0,15950.0,16100.0,101660
2025-07-01,16250.0,16300.0,15950.0,15950.0,46479
2025-07-02,16200.0,16400.0,16000.0,16400.0,38131
2025-07-03,16050.0,16100.0,15900.0,16100.0,42439
2025-07-04,16000.0,16100.0,15900.0,16050.0,35110
2025-07-07,16100.0,16400.0,16050.0,16050.0,182202
2025-07-08,16150.0,16400.0,15900.0,16200.0,57227
2025-07-09,16200.0,16400.0,15900.0,16150.0,68602
2025-07-10,16000.0,16200.0,15900.0,16100.0,26803
2025-07-11,16050.0,16100.0,15800.0,15900.0,30006
2025-07-14,16200.0,16250.0,15700.0,15950.0,162073
2025-07-15,16350.0,16400.0,16150.0,16200.0,110147
2025-07-16,16400.0,16400.0,16300.0,16350.0,29150
2025-07-17,16650.0,16650.0,16450.0,16450.0,116018
2025-07-18,16950.0,17000.0,16650.0,16650.0,86920
2025-07-21,16650.0,17050.0,16650.0,17000.0,81695
2025-07-22,16700.0,16700.0,16300.0,16650.0,164494
2025-07-23,16700.0,17000.0,16500.0,17000.0,55118
2025-07-24,16650.0,16700.0,16600.0,16700.0,17501
2025-07-25,16600.0,16700.0,16500.0,16550.0,52130
2025-07-28,16950.0,16950.0,16600.0,16600.0,120338
2025-07-29,16650.0,16900.0,16600.0,16850.0,118693
2025-07-30,16800.0,16800.0,16550.0,16650.0,94440
2025-07-31,17950.0,17950.0,16700.0,16800.0,129273
2025-08-01,18550.0,19150.0,18250.0,19150.0,176356
2025-08-04,18000.0,19000.0,18000.0,19000.0,92076
2025-08-05,17700.0,18600.0,17650.0,18000.0,100325
2025-08-06,17750.0,17850.0,17650.0,17800.0,32936
2025-08-07,17950.0,18000.0,17750.0,17950.0,35980
2025-08-08,17300.0,18000.0,17100.0,17950.0,90030
2025-08-11,17300.0,17500.0,17000.0,17200.0,75352
2025-08-12,17300.0,17800.0,17200.0,17300.0,84655
2025-08-13,17500.0,17500.0,17100.0,17300.0,85400
2025-08-14,17050.0,17500.0,17050.0,17500.0,50795
2025-08-15,17300.0,18000.0,17000.0,17300.0,104799
2025-08-18,17400.0,17400.0,17100.0,17350.0,39338
2025-08-19,17650.0,17700.0,17400.0,17450.0,185445
2025-08-20,17350.0,17600.0,16900.0,17400.0,45825
2025-08-21,16950.0,17200.0,16500.0,17150.0,42215
2025-08-22,16600.0,16750.0,16450.0,16700.0,77269
2025-08-25,16300.0,16600.0,16300.0,16500.0,50709
2025-08-26,16650.0,16650.0,16100.0,16100.0,22075
2025-08-27,16600.0,16650.0,16450.0,16650.0,30763
2025-08-28,16650.0,17000.0,16500.0,16700.0,12311
2025-08-29,16500.0,16600.0,16400.0,16500.0,6982
2025-09-03,16500.0,16550.0,16350.0,16550.0,57240
2025-09-04,16600.0,16700.0,16500.0,16500.0,20375
2025-09-05,16550.0,16750.0,16550.0,16600.0,25260
2025-09-08,16200.0,16500.0,16100.0,16350.0,20632
2025-09-09,16100.0,16300.0,16100.0,16300.0,33045
2025-09-10,16350.0,16450.0,16050.0,16200.0,15913
2025-09-11,16100.0,16250.0,16000.0,16150.0,22954
2025-09-12,16150.0,16400.0,16100.0,16100.0,11150
2025-09-15,16300.0,16300.0,16000.0,16250.0,35391
2025-09-16,16050.0,16300.0,16000.0,16300.0,20260
2025-09-17,16000.0,16100.0,16000.0,16100.0,9370
2025-09-18,16000.0,16100.0,15950.0,16000.0,27078
2025-09-19,16150.0,16200.0,15950.0,16000.0,27534
2025-09-22,15950.0,16150.0,15900.0,16150.0,10125
2025-09-23,15800.0,15950.0,15650.0,15950.0,28120
2025-09-24,16100.0,16150.0,15800.0,15800.0,5424
2025-09-25,16100.0,16100.0,16000.0,16100.0,7419
2025-09-26,16000.0,16100.0,15900.0,16100.0,20012
2025-09-29,16000.0,16000.0,15950.0,15950.0,12900
2025-09-30,15950.0,16000.0,15700.0,16000.0,22262
2025-10-01,15900.0,15950.0,15850.0,15950.0,11200
2025-10-02,15800.0,15900.0,15800.0,15900.0,2500
2025-10-03,15600.0,15800.0,15550.0,15700.0,19050
2025-10-06,15600.0,15900.0,15500.0,15650.0,13635
2025-10-07,15750.0,15750.0,15500.0,15700.0,4763
2025-10-08,15650.0,15650.0,15500.0,15500.0,3133
2025-10-09,15700.0,15700.0,15650.0,15650.0,4835
2025-10-10,15750.0,15800.0,15700.0,15700.0,30837
2025-10-13,16000.0,16000.0,15500.0,15500.0,21592
2025-10-14,16300.0,16350.0,16000.0,16000.0,52015
2025-10-15,16400.0,16400.0,15900.0,16300.0,14988
2025-10-16,16400.0,16450.0,16400.0,16400.0,42818
2025-10-17,16050.0,16500.0,16050.0,16050.0,15794
2025-10-20,15900.0,16300.0,15900.0,16050.0,8739
2025-10-21,15850.0,15950.0,15300.0,15300.0,19801
2025-10-22,15700.0,15800.0,15550.0,15600.0,3735
2025-10-23,15800.0,15800.0,15700.0,15700.0,4452
2025-10-24,15800.0,15800.0,15650.0,15800.0,2761
2025-10-27,15850.0,15850.0,15500.0,15550.0,5886
2025-10-28,15850.0,15850.0,15550.0,15700.0,13401
2025-10-29,15900.0,16300.0,15600.0,15850.0,16406
2025-10-30,16000.0,16050.0,15800.0,16000.0,8970
2025-10-31,16000.0,16100.0,15950.0,16100.0,900
2025-11-03,15800.0,16000.0,15800.0,16000.0,4075
2025-11-04,15900.0,15900.0,15600.0,15700.0,24965
2025-11-05,15950.0,16050.0,15900.0,15950.0,675
2025-11-07,15650.0,15900.0,15650.0,15900.0,1601
2025-11-10,15600.0,15900.0,15500.0,15500.0,2750
2025-11-11,15800.0,15800.0,15600.0,15650.0,3133
2025-11-12,15850.0,15850.0,15500.0,15800.0,10263
2025-11-13,15800.0,15900.0,15800.0,15800.0,5701
2025-11-14,15750.0,15800.0,15750.0,15800.0,1412
2025-11-17,15750.0,15900.0,15600.0,15750.0,7367
2025-11-18,15550.0,15750.0,15550.0,15750.0,8133
2025-11-19,15550.0,15550.0,15550.0,15550.0,3700
2025-11-20,15550.0,15600.0,15550.0,15550.0,2500
2025-11-21,15800.0,15800.0,15550.0,15550.0,1300
2025-11-25,15650.0,15650.0,15600.0,15600.0,9100
2025-11-26,15600.0,15750.0,15600.0,15650.0,8800
2025-11-27,15700.0,15700.0,15550.0,15700.0,6947
2025-11-28,15550.0,15600.0,15550.0,15600.0,1812
2025-12-01,15800.0,15800.0,15500.0,15550.0,10200
2025-12-02,15700.0,15700.0,15550.0,15700.0,6302
2025-12-03,15700.0,15700.0,15600.0,15600.0,3499
2025-12-04,15650.0,15750.0,15650.0,15650.0,3731
2025-12-05,15600.0,15600.0,15600.0,15600.0,2100
2025-12-08,15650.0,15650.0,15200.0,15500.0,30600
2025-12-09,15450.0,15650.0,15300.0,15600.0,5900
2025-12-10,15300.0,15450.0,15000.0,15450.0,16900
2025-12-11,15300.0,15300.0,15300.0,15300.0,3600
2025-12-12,15350.0,15350.0,15350.0,15350.0,101
2025-12-15,15400.0,15400.0,15200.0,15200.0,1300
2025-12-16,15400.0,15400.0,15150.0,15300.0,1900
2025-12-17,15350.0,15350.0,15250.0,15250.0,1200
2025-12-18,15400.0,15450.0,15150.0,15450.0,4400
2025-12-19,15400.0,15400.0,15200.0,15200.0,7118
2025-12-22,15200.0,15200.0,15200.0,15200.0,55656
2025-12-23,15100.0,15300.0,15100.0,15300.0,5404
2025-12-24,15250.0,15250.0,15000.0,15050.0,6000
2025-12-25,15250.0,15250.0,15250.0,15250.0,226
2025-12-29,15250.0,15250.0,14900.0,14900.0,18479
2025-12-30,15200.0,15200.0,15000.0,15000.0,1100
2025-12-31,15400.0,15400.0,15000.0,15000.0,2200
2026-01-05,15300.0,15300.0,15100.0,15100.0,250
2026-01-06,15150.0,15150.0,15100.0,15150.0,8400
2026-01-07,15150.0,15150.0,15150.0,15150.0,49487
2026-01-08,15150.0,15300.0,15150.0,15250.0,3650
2026-01-09,15000.0,15250.0,15000.0,15250.0,8717
2026-01-12,15000.0,15250.0,15000.0,15050.0,22209
2026-01-13,15300.0,15300.0,15100.0,15100.0,2476
2026-01-14,15350.0,15350.0,15200.0,15200.0,804
2026-01-15,15150.0,15400.0,15150.0,15400.0,6320
2026-01-16,15250.0,15250.0,15000.0,15050.0,1400
2026-01-19,15400.0,15500.0,15150.0,15300.0,13312
2026-01-20,15300.0,15400.0,15300.0,15400.0,2500
2026-01-21,15300.0,15350.0,15300.0,15350.0,1420
2026-01-22,15100.0,15150.0,14300.0,15100.0,44406
2026-01-23,15100.0,15100.0,14600.0,15000.0,37330
2026-01-26,15000.0,15000.0,15000.0,15000.0,100
2026-01-27,15150.0,15150.0,14750.0,15150.0,9266
2026-01-28,15050.0,15050.0,14850.0,14850.0,15007
2026-01-29,15050.0,15050.0,14850.0,15000.0,13756
2026-01-30,14900.0,14900.0,14650.0,14900.0,13208
2026-02-02,15000.0,15000.0,14650.0,14900.0,5615
2026-02-03,15000.0,15000.0,14600.0,14700.0,3201
2026-02-04,14900.0,15150.0,14750.0,14750.0,13966
2026-02-05,14700.0,14900.0,14700.0,14900.0,5500
2026-02-06,14700.0,14900.0,14700.0,14900.0,12420
2026-02-09,14800.0,14800.0,14700.0,14700.0,20920
2026-02-10,14800.0,14900.0,14800.0,14900.0,510
2026-02-11,14700.0,14850.0,14700.0,14800.0,20700
2026-02-12,14800.0,14800.0,14650.0,14800.0,7435
2026-02-13,14750.0,14750.0,14450.0,14500.0,10100
2026-02-23,14750.0,14800.0,14600.0,14600.0,9799
2026-02-24,14600.0,14800.0,14500.0,14750.0,18249
2026-02-25,14800.0,14800.0,14550.0,14700.0,14918
2026-02-26,14600.0,14650.0,14550.0,14600.0,14245
2026-02-27,14800.0,14800.0,14500.0,14550.0,7761
2026-03-02,14350.0,14700.0,14100.0,14700.0,8399
2026-03-03,14350.0,14500.0,14100.0,14200.0,19300
2026-03-04,14300.0,14500.0,14000.0,14400.0,21211
2026-03-05,14300.0,14450.0,14200.0,14450.0,2100
2026-03-06,14300.0,14400.0,14300.0,14300.0,66135
2026-03-09,13350.0,14200.0,13300.0,14200.0,66713
2026-03-10,13800.0,14200.0,13500.0,14200.0,10119
2026-03-11,14200.0,14200.0,13600.0,13600.0,10600
2026-03-12,14200.0,14200.0,13750.0,13750.0,1004
2026-03-13,14200.0,14200.0,13650.0,13800.0,6375
2026-03-16,14200.0,14300.0,13800.0,13800.0,1400
2026-03-17,14150.0,14200.0,14100.0,14100.0,2119
2026-03-18,14200.0,14350.0,14200.0,14350.0,1520
2026-03-19,14000.0,14000.0,14000.0,14000.0,201
2026-03-20,14200.0,14200.0,14000.0,14000.0,926
2026-03-23,14000.0,14000.0,13600.0,13600.0,2047
2026-03-24,13700.0,14000.0,13650.0,13800.0,6376
2026-03-25,14200.0,14200.0,14000.0,14000.0,4567
2026-03-26,14250.0,14300.0,14150.0,14300.0,8840
2026-03-27,14200.0,14200.0,14200.0,14200.0,200
2026-03-30,14200.0,14300.0,13750.0,14300.0,2701
2026-03-31,14200.0,14200.0,14200.0,14200.0,615
2026-04-01,13850.0,14200.0,13850.0,14200.0,3086
2026-04-02,14000.0,14000.0,13900.0,14000.0,2100
2026-04-03,13900.0,14000.0,13900.0,14000.0,3500
2026-04-06,13950.0,13950.0,13850.0,13900.0,2900
2026-04-07,13300.0,13950.0,13300.0,13950.0,14700
2026-04-08,13350.0,14000.0,13300.0,14000.0,55053
2026-04-09,13700.0,13700.0,13550.0,13600.0,9814
2026-04-10,13900.0,13950.0,13700.0,13750.0,13801
2026-04-13,13900.0,13900.0,13850.0,13850.0,16002
2026-04-14,13900.0,13950.0,13800.0,13950.0,801
2026-04-15,13900.0,13950.0,13900.0,13900.0,6207
2026-04-16,13850.0,13900.0,13750.0,13900.0,2662
2026-04-17,13900.0,13950.0,13850.0,13900.0,5700
2026-04-20,13850.0,13850.0,13850.0,13850.0,1500
2026-04-21,13850.0,13900.0,13850.0,13850.0,14602
2026-04-22,13850.0,13950.0,13850.0,13900.0,11348
2026-04-23,13700.0,13850.0,13350.0,13850.0,2800
2026-04-24,13800.0,13800.0,13500.0,13500.0,3800
2026-04-28,13700.0,13800.0,13700.0,13800.0,1933
2026-04-29,13800.0,13800.0,13800.0,13800.0,1201
2026-05-04,13550.0,13600.0,13300.0,13350.0,26552
2026-05-05,14450.0,14450.0,13500.0,13600.0,11813
2026-05-06,15050.0,15050.0,13750.0,14350.0,75642
2026-05-07,14000.0,15000.0,14000.0,14000.0,159990
2026-05-08,13750.0,13800.0,13550.0,13800.0,46904
2026-05-11,13300.0,13650.0,13000.0,13550.0,100544
2026-05-12,13300.0,13300.0,12950.0,13200.0,125505
2026-05-13,13200.0,13300.0,13050.0,13300.0,18200
2026-05-14,13150.0,13200.0,13000.0,13100.0,42202
2026-05-15,13050.0,13150.0,13000.0,13150.0,18300
2026-05-18,12950.0,13000.0,12900.0,13000.0,14402
2026-05-19,12900.0,13000.0,12800.0,12950.0,12100
2026-05-20,12900.0,13000.0,12700.0,13000.0,24200
2026-05-21,13000.0,13000.0,12900.0,12950.0,13500
2026-05-22,13000.0,13050.0,12850.0,13000.0,12734
2026-05-25,12800.0,13050.0,12700.0,13050.0,43101
2026-05-26,13000.0,13000.0,12750.0,12750.0,1000
2026-05-27,13000.0,13000.0,12850.0,13000.0,1300
