Price,Close,High,Low,Open,Volume
Ticker,KSA,KSA,KSA,KSA,KSA
Date,,,,,
2017-01-03,20.47792625427246,20.801559713886803,20.47792625427246,20.801559713886803,4100
2017-01-04,20.53455924987793,20.59119644825999,20.53455924987793,20.566923363239106,3700
2017-01-05,20.51756477355957,20.57501060123117,20.43746623119646,20.43746623119646,31300
2017-01-06,20.486013412475582,20.550740092167224,20.35656005309232,20.35656005309232,9400
2017-01-09,20.206069946289062,20.35655873379629,20.18665178931948,20.35655873379629,6000
2017-01-10,19.95930290222168,20.11383800510752,19.95930290222168,20.11383800510752,4600
2017-01-11,19.927743911743164,19.952016994204342,19.717383369902382,19.83065466830984,13600
2017-01-12,19.636478424072266,19.79020334634687,19.56366070585545,19.79020334634687,30400
2017-01-13,19.87920188903809,19.87920188903809,19.79829314679515,19.8225662324298,2400
2017-01-17,19.64861488342285,19.75784146456923,19.612206023040727,19.75784146456923,2800
2017-01-18,19.498931884765625,19.547476510533865,19.498931884765625,19.547476510533865,1100
2017-01-19,19.58793258666992,19.628387732600576,19.57984310068981,19.628387732600576,1200
2017-01-20,19.701202392578125,19.701202392578125,19.66883828085957,19.701202392578125,2600
2017-01-23,20.06609916687012,20.06609916687012,19.806382268167184,19.806382268167184,3700
2017-01-24,20.443134307861328,20.443134307861328,20.227108627229107,20.227108627229107,7100
2017-01-25,20.591196060180664,20.591196060180664,20.453651667399672,20.49410526513285,4200
2017-01-26,20.59928703308105,20.61546909062552,20.489251819549413,20.56692446119808,15300
2017-01-27,20.54993438720703,20.575016114200125,20.54993438720703,20.575016114200125,900
2017-01-30,20.47792625427246,20.48601728366358,20.447180959868643,20.48601728366358,800
2017-01-31,20.46821403503418,20.550740049929527,20.43746874650341,20.43746874650341,3000
2017-02-01,20.3759822845459,20.42938184454639,20.37355482138141,20.42938184454639,1400
2017-02-02,20.405107498168945,20.45365367205376,20.363845256534635,20.45365367205376,4700
2017-02-03,20.50219917297364,20.52647226094634,20.227110348773824,20.227110348773824,3800
2017-02-06,20.26756477355957,20.26756477355957,20.21902013885287,20.25138425746141,4300
2017-02-07,19.968202590942383,20.227109343627863,19.960111562020217,20.227109343627863,8100
2017-02-08,19.91156768798828,20.002184746228885,19.7497501898106,19.76593224826958,4400
2017-02-09,19.976287841796875,20.000559378336952,19.96819681521501,19.96819681521501,1500
2017-02-10,20.18180084228516,20.18180084228516,20.18180084228516,20.18180084228516,200
2017-02-13,20.260284423828125,20.260284423828125,20.18665805835657,20.227111664402923,6500
2017-02-14,20.146202087402344,20.227110839401167,20.13811105788185,20.227110839401167,3500
2017-02-15,20.388925552368164,20.388925552368164,20.178563443250034,20.178563443250034,1300
2017-02-16,20.421287536621094,20.421287536621094,20.421287536621094,20.421287536621094,4000
2017-02-17,20.42857360839844,20.42938224840056,20.36465555449031,20.42938224840056,1200
2017-02-21,20.259471893310547,20.26756137840144,20.17047212525213,20.17047212525213,4200
2017-02-22,20.27079963684082,20.299926105024607,20.202835305735487,20.2675619908596,19900
2017-02-23,20.235200881958008,20.2902177195254,20.18665625040889,20.18665625040889,6400
2017-02-24,20.138103485107425,20.17855861749705,20.11383194887916,20.17855861749705,1500
2017-02-27,20.01917266845703,20.04910931813402,20.01917266845703,20.03292726191912,1700
2017-02-28,19.929363250732425,20.170470629192604,19.929363250732425,20.170470629192604,2700
2017-03-01,20.033735275268555,20.033735275268555,20.032926635444845,20.032926635444845,400
2017-03-02,19.99489974975586,20.056390329317164,19.99489974975586,20.049109484204223,900
2017-03-03,20.081472396850582,20.081472396850582,20.024836741867333,20.024836741867333,500
2017-03-06,20.02483558654785,20.065289182571703,20.02483558654785,20.032926614393777,2300
2017-03-07,20.05315589904785,20.05315589904785,20.032929098527752,20.032929098527752,400
2017-03-08,19.82256317138672,19.968198576293485,19.82256317138672,19.968198576293485,1200
2017-03-09,19.790203094482425,19.82418603332964,19.790203094482425,19.82256721025845,600
2017-03-10,19.85088157653809,19.88324568666748,19.846836834374766,19.854927861907115,1300
2017-03-13,19.57175064086914,19.66074886899904,19.482750869533334,19.66074886899904,14800
2017-03-14,19.45766830444336,19.45766830444336,19.24002535449692,19.41802334628376,3000
2017-03-15,19.636478424072266,19.76593180241193,19.57984276394941,19.76593180241193,5900
2017-03-16,19.863828659057617,19.863828659057617,19.62838483705337,19.62838483705337,2900
2017-03-17,19.87272834777832,20.00865391450224,19.85735493161456,20.00865391450224,1400
2017-03-20,20.000564575195312,20.00865560387952,19.86302017397568,20.00865560387952,4400
2017-03-21,19.82256317138672,19.83065419868217,19.74974546893333,19.74974546893333,32400
2017-03-22,19.58793258666992,19.58793258666992,19.58793258666992,19.58793258666992,1000
2017-03-23,19.733566284179688,19.733566284179688,19.725475255707565,19.725475255707565,300
2017-03-24,19.78211212158203,19.78211212158203,19.58793052793585,19.58793052793585,2700
2017-03-27,19.678550720214844,19.678550720214844,19.652660353357803,19.652660353357803,900
2017-03-28,19.82256317138672,19.846836253273068,19.587928009435668,19.587928009435668,3700
2017-03-29,20.138103485107425,20.138103485107425,19.83874322145176,19.83874322145176,1900
2017-03-30,20.210926055908203,20.219017084338017,20.162381428535205,20.162381428535205,9100
2017-03-31,20.095230102539062,20.11383962486073,20.048302748340564,20.11383962486073,6100
2017-04-03,19.952016830444336,19.952016830444336,19.92774374818238,19.92774374818238,500
2017-04-04,20.31853485107422,20.31853485107422,20.138107853567824,20.138107853567824,6400
2017-04-05,20.34037971496582,20.38002467459417,20.316108172535507,20.316108172535507,1400
2017-04-06,20.486013412475582,20.54264906430505,20.42937776064613,20.54264906430505,3800
2017-04-07,20.44555854797364,20.51028522364977,20.44555854797364,20.51028522364977,2600
2017-04-10,20.44070625305176,20.502196834337024,20.38892552313041,20.38892552313041,1000
2017-04-11,20.32662582397461,20.32662582397461,20.28374476008577,20.28374476008577,800
2017-04-12,20.59928703308105,20.59928703308105,20.526470860542865,20.526470860542865,700
2017-04-13,20.486013412475582,20.66401293903192,20.486013412475582,20.66401293903192,8000
2017-04-17,20.469831466674805,20.48601352248605,20.43746889825809,20.43746889825809,1200
2017-04-18,20.28131675720215,20.28374422010572,20.23519959165208,20.267562162885863,4400
2017-04-19,20.105743408203125,20.29992343806452,20.097652380724856,20.29992343806452,3900
2017-04-20,20.09765243530273,20.11383449030322,20.073379352802007,20.101697177450006,2500
2017-04-21,20.02483558654785,20.0976532939554,20.02483558654785,20.0976532939554,1600
2017-04-24,20.30801773071289,20.30801773071289,20.2837446443754,20.2837446443754,5900
2017-04-25,20.17047500610352,20.194746551254504,20.089566254786043,20.194746551254504,13700
2017-04-26,20.07337951660156,20.14619722149224,20.05881628426457,20.14619722149224,8000
2017-04-27,20.193124771118164,20.202833078373786,20.13001537273657,20.13001537273657,1100
2017-04-28,20.19474220275879,20.19474220275879,20.18260643279647,20.18260643279647,700
2017-05-01,20.41967010498047,20.42937841280153,20.391350734955942,20.391350734955942,900
2017-05-02,20.364648818969727,20.44717482486819,20.34037573807931,20.41319343754496,5100
2017-05-03,20.32419776916504,20.32419776916504,20.29992468523896,20.29992468523896,400
2017-05-04,20.11384010314941,20.29183812820869,20.11384010314941,20.28374709845061,12900
2017-05-05,20.104936599731445,20.113836267806484,20.0482994022246,20.105745239591226,16900
2017-05-08,20.04829978942871,20.178563340042725,20.041018944138443,20.178563340042725,3600
2017-05-09,20.243284225463867,20.243284225463867,20.23519319940988,20.238429301190383,5100
2017-05-10,20.243284225463867,20.243284225463867,20.243284225463867,20.243284225463867,0
2017-05-11,20.130016326904297,20.251380204189488,20.09765375797917,20.251380204189488,6400
2017-05-12,20.189891815185547,20.23520034251766,20.189891815185547,20.23520034251766,300
2017-05-15,20.07419204711914,20.18665471999213,20.06771829838565,20.18665471999213,22400
2017-05-16,20.235200881958008,20.33229014505624,20.22710985283216,20.33229014505624,13900
2017-05-17,20.11384010314941,20.227111433350213,20.10494043337737,20.227111433350213,10400
2017-05-18,20.20283508300781,20.23115291098705,20.18989067204924,20.18989067204924,7100
2017-05-19,20.235200881958008,20.340381174182088,20.154292133905475,20.243291911083865,20200
2017-05-22,20.251379013061523,20.33228620221852,20.17856130825566,20.23519695794784,9600
2017-05-23,20.17047500610352,20.17856603555587,20.13001985884174,20.17856603555587,7700
2017-05-24,20.15834045410156,20.19474777403249,20.03535926810907,20.130021077700565,80600
2017-05-25,19.976287841796875,20.1542857969814,19.96819681521501,20.1542857969814,25700
2017-05-26,20.049108505249023,20.057199533028427,19.94797297281513,19.984381826219565,20000
2017-05-30,20.130016326904297,20.18665352313343,20.090371369787967,20.146198382969764,13800
2017-05-31,20.070953369140625,20.291833960876083,20.06528980379371,20.291833960876083,12500
2017-06-01,20.095230102539062,20.179374958174808,20.095230102539062,20.170475288614387,12100
2017-06-02,20.138103485107425,20.138103485107425,20.070949354225608,20.089558869445383,11200
2017-06-05,20.20283508300781,20.356561537185023,20.168045049549285,20.283743824322443,37500
2017-06-06,20.31610679626465,20.324197824261944,20.202833947508303,20.202833947508303,10300
2017-06-07,20.210926055908203,20.29183479700045,20.14619937167558,20.29183479700045,11900
2017-06-08,20.08956527709961,20.121929393333986,20.04102064595405,20.121929393333986,3400
2017-06-09,20.11302757263184,20.14620032780667,20.01674695319761,20.01674695319761,10300
2017-06-12,19.926130294799805,19.960111690568176,19.89538500197995,19.91965808890278,5900
2017-06-13,19.919658660888672,19.92774814688925,19.82256785361541,19.92774814688925,11600
2017-06-14,19.87920188903809,20.039400550532616,19.87920188903809,19.94392857419125,6400
2017-06-15,19.935834884643555,19.94392591210846,19.903472317989625,19.903472317989625,2800
2017-06-16,19.96010971069336,20.065289990513985,19.9301730607786,20.065289990513985,1800
2017-06-19,20.591196060180664,20.70851211088923,20.453651667399672,20.453651667399672,17000
2017-06-20,20.456317901611328,20.591195473381,20.394192644701743,20.591195473381,23700
2017-06-21,21.74377822875977,21.907264345286364,21.662034390929453,21.907264345286364,55400
2017-06-22,22.233423233032227,22.31189757415858,22.07075408750382,22.193369076163115,92000
2017-06-23,22.4304256439209,22.4304256439209,22.208900746777,22.33233271938571,81400
2017-06-26,22.20971870422364,22.58573821992662,22.20154416356041,22.58573821992662,35500
2017-06-27,22.258764266967773,22.42225196106699,22.22606766362845,22.42225196106699,14800
2017-06-28,22.299636840820312,22.373206146825165,22.226067534815463,22.226067534815463,21000
2017-06-29,22.168848037719727,22.36503234046168,22.09527872929972,22.275113950362943,24600
2017-06-30,22.168848037719727,22.36503234046168,22.087104188460355,22.25059032784485,18200
2017-07-03,22.33233070373535,22.36502886200722,21.956311238412844,21.989007837550712,128300
2017-07-05,21.318716049194336,21.55577307335921,21.286019442595183,21.55577307335921,19800
2017-07-06,21.09800720214844,21.238606814151545,21.09800720214844,21.1307053664782,17600
2017-07-07,21.11435317993164,21.138876799573325,21.040783880140648,21.040783880140648,4600
2017-07-10,21.367753982543945,21.40862667487477,21.343231926279245,21.367753982543945,17300
2017-07-11,21.42415809631348,21.42415809631348,21.351407351470712,21.351407351470712,13500
2017-07-12,21.588468551635746,21.59664309264188,21.4249808497816,21.4249808497816,10200
2017-07-13,21.670215606689453,21.670215606689453,21.53125150730669,21.56231414406917,11200
2017-07-14,21.69146156311035,21.743778305525428,21.6865580865824,21.719254686349547,14600
2017-07-17,21.561492919921875,21.58846750070815,21.4331543474208,21.4331543474208,14700
2017-07-18,21.400453567504883,21.400453567504883,21.335058814536264,21.380834985700908,6100
2017-07-19,21.342418670654297,21.34814069308541,21.327705121422035,21.34814069308541,1400
2017-07-20,21.40863037109375,21.46830310897889,21.35958313182871,21.35958313182871,2700
2017-07-21,21.353046417236328,21.36939549874749,21.353046417236328,21.36775996694268,1000
2017-07-24,21.441329956054688,21.44950449707007,21.416807892142813,21.4331554150393,1900
2017-07-25,21.400453567504883,21.400453567504883,21.39227902849207,21.39227902849207,800
2017-07-26,21.33505821228028,21.34323275106233,21.30236005715204,21.30236005715204,1000
2017-07-27,21.2778434753418,21.2860180162274,21.24514531179938,21.2860180162274,4300
2017-07-28,21.31626319885254,21.31626319885254,21.253320945843644,21.29174113406869,10200
2017-07-31,21.154407501220703,21.19609718720099,21.008087445863666,21.13070242677348,29100
2017-08-01,20.707275390625,21.26967075496324,20.682751765869167,21.26967075496324,127200
2017-08-02,20.607542037963867,20.820075391440376,20.533974299389325,20.820075391440376,34500
2017-08-03,20.689285278320312,20.81190025125178,20.64023960097452,20.81190025125178,8000
2017-08-04,20.697460174560547,20.697460174560547,20.657406022138648,20.689285635006325,1300
2017-08-07,20.87729835510254,20.90999495642284,20.84460019464813,20.89364587619564,9600
2017-08-08,20.885473251342773,20.93452049652216,20.811903942707936,20.90182233306924,4300
2017-08-09,21.01626205444336,21.01626205444336,20.787381154786647,20.904274122701924,22000
2017-08-10,20.80454444885254,20.949230523619544,20.80372746264388,20.949230523619544,17900
2017-08-11,20.85114479064941,20.85604982785882,20.67294506947597,20.67294506947597,3400
2017-08-14,20.71381378173828,20.87730149029342,20.71381378173828,20.86749141703025,4200
2017-08-15,20.843786239624023,20.84460322601396,20.74814582143371,20.74814582143371,3900
2017-08-16,20.787384033203125,20.83642972433029,20.779209491492864,20.83642972433029,1400
2017-08-17,20.79555320739746,20.991737480403643,20.779204128196778,20.983562940803303,28900
2017-08-18,20.964763641357425,21.008088861900685,20.90999593508049,20.93451955656909,8800
2017-08-21,21.033428192138672,21.05713326674389,20.934518285016853,20.934518285016853,4600
2017-08-22,21.33015823364257,21.33506326990136,21.073484203401765,21.073484203401765,6400
2017-08-23,21.343238830566406,21.343238830566406,21.245145896374307,21.261494978595373,3700
2017-08-24,21.16339874267578,21.16339874267578,21.1388766823042,21.155224202840568,2800
2017-08-25,21.21245002746582,21.25332117530305,21.114357089868385,21.114357089868385,3400
2017-08-28,21.19609832763672,21.31871331514372,21.19609832763672,21.31871331514372,3400
2017-08-29,21.28192710876465,21.28192710876465,21.22634086185961,21.261491538861577,800
2017-08-30,21.222257614135746,21.23697116434872,21.196100018297766,21.220622082274623,4200
2017-08-31,21.343238830566406,21.343238830566406,21.21326627743724,21.21326627743724,3800
2017-09-01,21.359588623046875,21.39228679096309,21.358771636589307,21.39228679096309,3400
2017-09-05,21.326887130737305,21.35141075105893,21.306451560036333,21.34241766554713,3800
2017-09-06,21.400453567504883,21.400453567504883,21.335058814536264,21.34323335354908,1900
2017-09-07,21.547595977783203,21.547595977783203,21.531246896854384,21.531246896854384,1200
2017-09-08,21.521440505981445,21.547599663595864,21.51081500478093,21.547599663595864,1700
2017-09-11,21.807537078857425,21.81489463219731,21.71107969489353,21.71107969489353,3200
2017-09-12,21.723344802856445,21.735605834044065,21.711082212534645,21.711082212534645,3200
2017-09-13,21.636693954467773,21.662034559984274,21.555768661369367,21.662034559984274,3000
2017-09-14,21.523069381713867,21.596638676591457,21.42497646883243,21.42497646883243,5000
2017-09-15,21.670215606689453,21.670215606689453,21.62116991253509,21.62116991253509,1500
2017-09-18,21.62116432189941,21.67838454347301,21.580291621393915,21.67838454347301,2200
2017-09-19,21.59663963317871,21.59663963317871,21.42252645912781,21.447048519083864,34400
2017-09-20,21.547595977783203,21.55577051824761,21.465852132273287,21.55577051824761,12100
2017-09-21,21.54023551940918,21.621162367701743,21.50672037576412,21.621162367701743,4600
2017-09-22,21.50672721862793,21.523076302554284,21.44133244205698,21.44133244205698,6900
2017-09-25,21.269670486450195,21.31054163472623,21.15522846483544,21.31054163472623,7000
2017-09-26,21.24514579772949,21.32688964932097,21.24514579772949,21.32688964932097,2600
2017-09-27,21.228796005249023,21.26966870924427,21.20427394198612,21.26149416844522,15000
2017-09-28,21.375932693481445,21.490374695212445,21.375932693481445,21.44132745484169,6900
2017-09-29,21.367753982543945,21.478107913136483,21.367753982543945,21.46584688500413,6600
2017-10-02,21.24760055541992,21.31054281326504,21.22961749864545,21.31054281326504,9600
2017-10-03,21.41353225708008,21.41353225708008,21.35140856506699,21.35140856506699,800
2017-10-04,21.359588623046875,21.424983399744843,21.269671779546204,21.424983399744843,8700
2017-10-05,21.43478775024414,21.44132675842755,21.433152218631268,21.436423281857014,1000
2017-10-06,21.261493682861328,21.36775959255352,21.24514460163662,21.36775959255352,2100
2017-10-09,20.86830711364746,20.896917227006195,20.860951118289066,20.896917227006195,3500
2017-10-10,20.926345825195312,20.9386068568466,20.713812441479057,20.73751751844067,39700
2017-10-11,20.738338470458984,20.738338470458984,20.23970233698696,20.4931068950362,32900
2017-10-12,20.926345825195312,20.9386068568466,20.84460197620687,20.84460197620687,7700
2017-10-13,20.97947883605957,20.97947883605957,20.93451964271257,20.943511169555133,9300
2017-10-16,20.517627716064453,20.91817085279609,20.476755012846404,20.87729970871225,52800
2017-10-17,20.550323486328125,20.64024187062804,20.484928722964767,20.484928722964767,8700
2017-10-18,20.41953659057617,20.50128044509627,20.367221396798545,20.50128044509627,5400
2017-10-19,20.71381378173828,20.71381378173828,20.58302423854791,20.656593551484285,14600
2017-10-20,20.69091796875,20.69091796875,20.64595878771729,20.64595878771729,3100
2017-10-23,20.329614639282227,20.3786603160016,20.272392864120025,20.28056740342891,7000
2017-10-24,20.47675132751465,20.47675132751465,20.34841433668944,20.45222926913142,3400
2017-10-25,20.314088821411133,20.47675799424108,20.31245484852503,20.47675799424108,2800
2017-10-26,20.36231231689453,20.37866139637905,20.353320790918254,20.35413777715227,3300
2017-10-27,20.59936714172364,20.59936714172364,20.452228559990285,20.50944877307906,8200
2017-10-30,20.566675186157227,20.599373351570147,20.50945495581896,20.557683658408976,1900
2017-10-31,20.59936714172364,20.59936714172364,20.51762331196801,20.574843525056785,5300
2017-11-01,20.38274955749512,20.574847359349768,20.378663066856028,20.57403037304878,75700
2017-11-02,20.53397560119629,20.543784113916725,20.460406298823603,20.47675382002433,12800
2017-11-03,20.59936714172364,20.63206373814556,20.50944877307906,20.63206373814556,6100
2017-11-06,20.656587600708008,20.762853489261595,20.599367386938084,20.599367386938084,32900
2017-11-07,20.47675132751465,20.57484423844935,20.435880190786644,20.57484423844935,14000
2017-11-08,20.607542037963867,20.62389111726221,20.52579975974015,20.607542037963867,9700
2017-11-09,20.578929901123047,20.59936702779933,20.444053908035983,20.57484341126811,15500
2017-11-10,20.45222854614257,20.5421453555924,20.44568797955552,20.52579783695944,9700
2017-11-13,20.583023071289062,20.6198077256712,20.52580284428001,20.52580284428001,15100
2017-11-14,20.55441093444824,20.69746148788925,20.55032288484473,20.69746148788925,1900
2017-11-15,20.566675186157227,20.599373351570147,20.50209740086074,20.599373351570147,20100
2017-11-16,20.640241622924805,20.672939783781143,20.550323239704,20.636972118666,10200
2017-11-17,20.738338470458984,20.738338470458984,20.67294369550645,20.688474233458013,8500
2017-11-20,20.215177536010746,20.30509593101631,20.18248093000329,20.28057230715997,21400
2017-11-21,20.32144355773925,20.32144355773925,20.186565974893664,20.19065402481068,8800
2017-11-22,20.40318489074707,20.40318489074707,20.198826060226924,20.198826060226924,5800
2017-11-24,20.5854721069336,20.63206526700596,20.4277064570406,20.4277064570406,19300
2017-11-27,20.25604820251465,20.697462473534944,20.25604820251465,20.697462473534944,33800
2017-11-28,20.640241622924805,20.64841616313889,20.599370480988505,20.63288406899189,8300
2017-11-29,20.517627716064453,20.672940870024625,20.517627716064453,20.672940870024625,900
2017-11-30,20.656587600708008,20.672936678680525,20.648413061721747,20.664762139694265,10000
2017-12-01,20.61571884155273,20.721986309527885,20.562586666699342,20.721986309527885,4000
2017-12-04,20.87729835510254,20.926344036650043,20.82007657430733,20.82007657430733,7300
2017-12-05,20.80781936645508,20.93370387723664,20.80781936645508,20.877302190618817,5500
2017-12-06,20.70563697814941,20.71789800925442,20.68520140659635,20.71789800925442,3900
2017-12-07,20.787384033203125,20.91735659586781,20.7301638003657,20.7301638003657,8700
2017-12-08,20.90182304382324,21.081659830661085,20.90182304382324,21.081659830661085,12700
2017-12-11,20.90999794006348,20.95086908732927,20.79555748041179,20.79555748041179,7200
2017-12-12,20.881385803222656,20.892829848079707,20.8772993125455,20.892829848079707,700
2017-12-13,20.815994262695312,20.815994262695312,20.77920960436652,20.77920960436652,2100
2017-12-14,20.80373191833496,20.820079441679464,20.74651012965908,20.775938789947823,6400
2017-12-15,20.810266494750977,20.82824954616641,20.79555294730799,20.80372748680609,3900
2017-12-18,21.073484420776367,21.15522671055,21.065309879972155,21.15522671055,2000
2017-12-19,21.034547805786133,21.11739392060248,20.9682712299647,21.11739392060248,6800
2017-12-20,21.10082244873047,21.12567675494613,21.07596972267288,21.124848752119696,4400
2017-12-21,21.233375549316406,21.25822985548652,21.12567671622871,21.12567671622871,9900
2017-12-22,21.24994659423828,21.24994659423828,21.208524327840987,21.208524327840987,5400
2017-12-26,21.084253311157227,21.08922290799572,21.07596854288244,21.08922290799572,1200
2017-12-27,21.208520889282227,21.208520889282227,21.117390021793508,21.125674789761383,9300
2017-12-28,21.738731384277344,21.75530091867824,21.183664623109504,21.21680369191129,37900
2017-12-29,21.689023971557617,21.73873099370948,21.68073920450602,21.73873099370948,4800
2018-01-02,21.5390739440918,21.548186714064308,21.448771086732847,21.46534062131439,19700
2018-01-03,21.912708282470703,21.92099146949346,21.58132391588086,21.58132391588086,17900
2018-01-04,22.05354881286621,22.06183200088378,21.79589773712856,21.79589773712856,16900
2018-01-05,22.0096378326416,22.01212342093492,21.93756209276698,22.00383865334316,8300
2018-01-08,22.07840347290039,22.128110506153533,21.954135099688493,21.99555736403976,91200
2018-01-09,21.92016792297364,21.97070453900108,21.755305288992275,21.91271273710604,47400
2018-01-10,21.987274169921875,21.995557358663625,21.8547194476824,21.8547194476824,32400
2018-01-11,22.13639259338379,22.14053576741186,21.98727151168936,21.99555469942968,45300
2018-01-12,22.906862258911133,23.022847447722185,22.430499880402333,23.022847447722185,68900
2018-01-16,23.014562606811523,23.113976676730537,22.65004066340612,22.65004066340612,125200
2018-01-17,22.84306907653809,22.93171436040533,22.790876457665465,22.84886825641282,47800
2018-01-18,22.69145774841309,22.78673020206605,22.66991861757296,22.7411663521816,55000
2018-01-19,22.54233932495117,22.82815831966956,22.5340561362608,22.774308112233644,37700
2018-01-22,22.57547950744629,22.57547950744629,22.36836501655229,22.48434862580232,66000
2018-01-23,22.570507049560547,22.58293499281677,22.48186176173717,22.482691344726305,14700
2018-01-24,22.5920467376709,22.5920467376709,22.33605324044013,22.476061560113195,13800
2018-01-25,22.69145774841309,22.89857219030852,22.57547416660213,22.625181190212857,22300
2018-01-26,23.05598258972168,23.05598258972168,22.72459975587289,22.75773724917877,31700
2018-01-29,22.741172790527344,22.82401732661374,22.65004190464243,22.71631848160649,15800
2018-01-30,22.94828414916992,23.02284548556594,22.82401420173787,22.83229897024388,36200
2018-01-31,22.96485137939453,23.07255178640683,22.96485137939453,23.014559988857734,22200
2018-02-01,22.824012756347656,23.01455925960287,22.79087526458018,22.98970495565882,35800
2018-02-02,22.550621032714844,22.82401204697064,22.550621032714844,22.766020253061512,17600
2018-02-05,22.56719017028809,22.71631282637264,22.36836048889463,22.60861400817704,322000
2018-02-06,22.79916000366211,22.898574058996456,22.45949241764691,22.45949241764691,24200
2018-02-07,22.16953086853028,22.42635234351741,22.16124610092968,22.36836055047108,30400
2018-02-08,21.72216796875,22.31037396441019,21.72216796875,22.31037396441019,17900
2018-02-09,22.036975860595703,22.03780386323752,21.730445806247783,21.962414538731554,37500
2018-02-12,22.49263381958008,22.5174881278134,22.23332669962944,22.27723455536592,20500
2018-02-13,22.49263381958008,22.5174881278134,22.260666596701903,22.260666596701903,12900
2018-02-14,22.21923828125,22.393215243579217,22.161246487192887,22.169531254937887,22600
2018-02-15,22.76602554321289,22.82816052550121,22.50754641873398,22.58376535140977,21700
2018-02-16,22.815732955932617,22.83230091419721,22.69146299792016,22.69146299792016,25600
2018-02-20,22.59453010559082,22.668261850909325,22.542335911732664,22.65003631029717,14000
2018-02-21,22.517480850219727,22.699740977883447,22.41392363628763,22.65831872437368,14900
2018-02-22,22.69145774841309,22.74944953931856,22.57547416660213,22.608613235781142,480200
2018-02-23,22.641754150390625,22.84886862362148,22.633469381842428,22.782592055393927,22800
2018-02-26,22.57547950744629,22.81573307535925,22.36836501655229,22.393219324316508,160500
2018-02-27,22.26066398620605,22.48434641344201,22.22752491244784,22.48434641344201,468300
2018-02-28,22.10325813293457,22.360079652365627,22.05355109888684,22.335225345262703,27900
2018-03-01,22.18610191345215,22.28551597110856,22.0535487831383,22.18610191345215,62200
2018-03-02,22.07840347290039,22.11982731740976,21.70559835326469,22.07840347290039,71800
2018-03-05,22.16124725341797,22.21012627869294,22.00963900074261,22.061831617198568,29500
2018-03-06,22.16124725341797,22.210954281448707,22.078401153261456,22.078401153261456,13100
2018-03-07,22.32694435119629,22.35179708058419,22.24409823286729,22.2689509622552,3600
2018-03-08,22.658321380615234,22.74116747750452,22.600329586840097,22.600329586840097,16700
2018-03-09,23.39565086364746,23.39565086364746,22.8654383142665,22.8654383142665,54800
2018-03-12,23.818164825439453,23.848818311571783,23.57791127394176,23.57791127394176,103300
2018-03-13,23.727035522460938,23.84302071163104,23.57128565317113,23.70218279490589,95500
2018-03-14,23.685609817504883,23.743601613591,23.59530853219335,23.62761802141877,68200
2018-03-15,23.71046257019043,23.73531529251093,23.47352264433895,23.56962468312889,1112200
2018-03-16,23.61104393005371,23.660750948514952,23.56962167802895,23.59447439718076,26100
2018-03-19,23.37079811096192,23.437076264197145,23.33351902000432,23.40393718757953,51700
2018-03-20,23.49506568908692,23.50335045740243,23.39565004945872,23.39565004945872,26100
2018-03-21,23.652475357055664,23.67484407709539,23.486784704526308,23.52820697261909,171000
2018-03-22,23.735315322875977,23.809876650248523,23.569624713281964,23.751884857882725,64300
2018-03-23,23.735315322875977,23.77673916039285,23.61104697064101,23.7601696253861,92000
2018-03-26,24.24067687988281,24.306953444674484,23.91757882404317,24.008708113032995,607100
2018-03-27,24.38979721069336,24.480926490958726,24.22410502449811,24.32352065224682,156300
2018-03-28,24.01699447631836,24.29038552176189,23.942433138455755,24.22410895256825,108700
2018-03-29,24.265525817871094,24.43950116941501,24.025272336035098,24.07497935359656,106000
2018-04-02,23.83473396301269,24.01699413063236,23.611049952644453,23.80987965736355,176900
2018-04-03,23.959003448486328,24.126351672585507,23.909296415027526,23.959003448486328,63600
2018-04-04,24.232393264770508,24.3069546012286,24.11640966590593,24.14954715979952,74900
2018-04-05,24.5803451538086,24.60519945885415,24.414652947154213,24.42293771550273,57600
2018-04-06,24.34008979797364,24.55548901850624,24.27878441295362,24.47264450151189,72200
2018-04-09,24.654903411865234,24.721179970224103,24.38979717842977,24.538919829776667,45700
2018-04-10,24.57206153869629,24.65490764591168,24.381516598211533,24.4229388617402,56600
2018-04-11,24.149547576904297,24.31523978970807,24.108125313782377,24.2158241459942,86200
2018-04-12,24.074987411499023,24.16611829099456,24.074987411499023,24.16611829099456,72900
2018-04-13,24.0335636138916,24.17522952141092,23.90101047770915,24.149547213011736,45000
2018-04-16,24.67147445678711,24.799884407629417,24.63833538550013,24.770888510332256,41000
2018-04-17,25.20997810363769,25.284539452744184,24.804033858590305,24.85374089794187,89200
2018-04-18,25.599346160888672,26.1958367988364,25.210799559524908,25.23482427993816,298000
2018-04-19,25.657339096069336,25.789892225917217,25.562066632751044,25.56620980689764,504900
2018-04-20,25.450225830078125,25.54135670369363,25.41708833613669,25.54135670369363,98600
2018-04-23,25.83131599426269,25.84788553048677,25.6821933285619,25.698762864785976,119800
2018-04-24,25.582782745361328,25.839605867097152,25.508222977939283,25.839605867097152,232500
2018-04-25,25.524789810180664,25.59935115446856,25.267968279943563,25.49993708219016,102300
2018-04-26,25.524789810180664,25.596037562747043,25.450228465892767,25.49993708219016,187700
2018-04-27,25.60763168334961,25.64077075539353,25.51484480987932,25.64077075539353,314000
2018-04-30,25.3342399597168,25.40880128959781,25.267963397617887,25.276248165399988,145200
2018-05-01,25.22654151916504,25.308558035175853,25.053392556177275,25.10227158071801,95900
2018-05-02,25.027708053588867,25.248906438806483,24.93657877492412,24.944863542104144,151200
2018-05-03,24.68804168701172,25.05587715067022,24.6797584995912,25.03599402451372,363900
2018-05-04,24.93658828735352,25.09399576350388,24.8048631252108,24.814803901524225,38800
2018-05-07,24.903444290161133,24.986290397053043,24.85373725808921,24.986290397053043,31000
2018-05-08,24.779176712036133,24.795746249975817,24.54720792135489,24.754322405126608,65100
2018-05-09,24.373231887817383,24.431223688959555,24.190971715633687,24.356662350303026,319800
2018-05-10,24.59691429138184,24.65076291453644,24.489213884756698,24.50578342118487,39000
2018-05-11,24.638336181640625,24.671475253998427,24.572059617082964,24.61348187737228,35100
2018-05-14,25.052566528320312,25.13458463095449,24.928298160235155,24.928298160235155,165000
2018-05-15,25.01114654541016,25.07079435622671,24.8537390887372,24.903446124470385,82400
2018-05-16,24.928298950195312,24.95315325666317,24.853737610949818,24.853737610949818,45100
2018-05-17,24.93658828735352,25.01114964025851,24.86202693444852,24.9117339763324,63800
2018-05-18,24.903444290161133,24.96143609093805,24.883561161300754,24.93658336498112,30100
2018-05-21,24.95315361022949,24.969721567951403,24.89516022764944,24.969721567951403,20200
2018-05-22,25.019428253173828,25.160266153982423,24.96143487506372,25.04428097792018,202900
2018-05-23,25.168546676635746,25.168546676635746,25.06581903692482,25.11883965224931,46200
2018-05-24,25.07741928100586,25.151980613271125,25.027710672723728,25.151980613271125,40600
2018-05-25,24.98628807067871,25.05256463398988,24.936581043234813,25.01114237447961,85700
2018-05-29,25.1519832611084,25.20997506338462,25.045940431164123,25.102274647593266,70600
2018-05-30,25.392230987548828,25.441938012583098,25.243108332288195,25.243108332288195,553200
2018-05-31,25.70704841613769,25.74847067780199,25.466794874042414,25.673909342679867,72300
2018-06-01,25.905874252319336,25.988720343448687,25.731897302931927,25.748466837189348,156600
2018-06-04,26.29525184631348,26.32010615055401,26.16269871734649,26.16269871734649,116500
2018-06-05,26.47751235961914,26.502366664193868,26.337504043608007,26.37809830163616,164700
2018-06-06,26.36981201171875,26.42780380555528,26.071566694664742,26.31182021788222,113600
2018-06-07,25.98872375488281,26.187553451598163,25.95558468201794,26.12127688602638,69800
2018-06-08,25.76504135131836,25.997008555125888,25.698764781636484,25.997008555125888,117100
2018-06-11,25.657339096069336,25.773324269804693,25.58277776301016,25.76503950166946,110200
2018-06-12,25.73189926147461,25.7401840292339,25.608458908129546,25.61591567316027,94700
2018-06-13,25.68219375610352,25.789064580259417,25.574494929170008,25.77332462669508,55500
2018-06-14,25.69876480102539,25.72361752707605,25.59106438761229,25.65734095734417,36600
2018-06-15,25.25139617919922,25.632487631356494,25.218258685187905,25.632487631356494,86500
2018-06-18,25.4005184173584,25.483364521203995,25.10227307557745,25.20168871622377,93900
2018-06-19,25.410551071166992,25.5108895876252,25.293490797654595,25.34365925847039,83700
2018-06-20,25.48580551147461,25.66975919937927,25.48580551147461,25.66975919937927,129100
2018-06-21,25.853710174560547,26.012578826837927,25.65303473765435,25.92060198686261,671900
2018-06-22,25.870433807373047,26.087832598423013,25.76173361443476,26.087832598423013,163300
2018-06-25,26.0794734954834,26.16308866872555,26.004219999048143,26.004219999048143,70800
2018-06-26,26.196531295776367,26.238338081017705,26.029300965157752,26.09619277843987,149100
2018-06-27,26.09619331359864,26.305230433745344,26.07110987987009,26.24670029527653,182900
2018-06-28,25.97076988220215,26.06525538237124,25.920601422774023,26.037661693048506,186900
2018-06-29,26.22997665405273,26.288506788318266,26.12127646627972,26.25506008597993,196400
2018-07-02,25.79518318176269,25.857893366348296,25.678121299848005,25.78682150485259,174700
2018-07-03,25.569419860839844,25.728288514902097,25.569419860839844,25.62794999790841,30200
2018-07-05,25.385469436645508,25.52761474804962,25.32693929574265,25.51925307151682,37500
2018-07-06,25.385469436645508,25.461558619819225,25.285130913078664,25.285130913078664,25300
2018-07-09,25.903881072998047,26.087834770261296,25.828627577722493,25.91224274967608,55500
2018-07-10,26.32195472717285,26.330316403656862,26.229979475502148,26.330316403656862,61000
2018-07-11,25.770095825195312,26.221616768628994,25.761734149039874,26.188170064007245,64800
2018-07-12,25.82862663269043,26.054387110256847,25.803543198400845,25.954050183445126,67500
2018-07-13,26.0125789642334,26.046024073147784,25.895517095966525,25.92896379970752,27200
2018-07-16,26.280149459838867,26.33031792681838,26.218274964069906,26.33031792681838,32000
2018-07-17,26.47246360778809,26.47246360778809,26.321956609963635,26.380486754711622,58500
2018-07-18,26.179807662963867,26.39720645250576,26.179807662963867,26.39720645250576,60700
2018-07-19,26.38048553466797,26.4139322414496,26.29269032160633,26.33867874601769,43500
2018-07-20,26.480825424194336,26.525978161709965,26.40557192488617,26.472463747068225,29500
2018-07-23,26.10455322265625,26.25589588325963,26.10455322265625,26.204891735258062,41300
2018-07-24,26.188173294067383,26.288511825481773,26.077801706924983,26.112919794213305,34800
2018-07-25,26.397205352783203,26.43483209545996,26.13799978924701,26.21325327460051,165200
2018-07-26,26.16308784484864,26.27178645026176,25.91224233302132,26.146364491761467,123800
2018-07-27,26.0794734954834,26.302725322264426,26.072783197141817,26.293526361398094,25700
2018-07-30,25.853710174560547,26.004217150946843,25.845348498669463,26.004217150946843,32000
2018-07-31,26.10455322265625,26.21325341087709,25.753370820789726,25.78681752326585,470500
2018-08-01,26.037660598754883,26.213252591613504,26.037660598754883,26.112914082147647,78900
2018-08-02,26.15472221374512,26.18733163095588,25.920600090403934,25.920600090403934,89400
2018-08-03,26.09619331359864,26.23833861909146,26.087833232240225,26.17144680443758,88700
2018-08-06,25.954044342041016,26.02093614313592,25.875444920798834,25.962404421704832,53000
2018-08-07,25.887157440185547,25.96241093464873,25.79601787658432,25.920604146536625,63300
2018-08-08,25.694843292236328,25.84535027899009,25.61122812239238,25.84535027899009,27600
2018-08-09,25.48580551147461,25.653035846874,25.48580551147461,25.61958914186345,80500
2018-08-10,25.410551071166992,25.44650643719338,25.33529758252999,25.377105962232,31600
2018-08-13,24.35700798034668,24.825252343931325,24.315201188339103,24.666383663614145,117400
2018-08-14,24.189773559570312,24.48075284664064,24.1814118841592,24.407172335779894,270200
2018-08-15,24.198139190673828,24.398814648865773,23.947293671813814,24.398814648865773,292000
2018-08-16,24.415536880493164,24.482428696816704,24.29931228982501,24.30683668220072,111500
2018-08-17,24.624570846557617,24.624570846557617,24.38125135764429,24.382087046728444,66500
2018-08-20,24.683103561401367,24.699826913793,24.607850070465712,24.6412951804223,42500
2018-08-21,24.90886688232422,24.91722696464927,24.76672156039562,24.82525170563207,38300
2018-08-22,24.91722297668457,25.03428484324873,24.833609408201497,25.03428484324873,49800
2018-08-23,24.87541961669922,24.94063846426605,24.79765745627199,24.850334585805232,16400
2018-08-24,24.84196853637696,25.025922207568005,24.71989094486816,24.97575374943705,60000
2018-08-27,24.90049934387207,24.90049934387207,24.79179916131104,24.79179916131104,64400
2018-08-28,24.950668334960938,24.959030010323826,24.854511460527515,24.90049987761013,54700
2018-08-29,25.084453582763672,25.084453582763672,24.90886317320109,24.96739330972196,15100
2018-08-30,24.67473793029785,24.716544709749392,24.557677671972407,24.716544709749392,28300
2018-08-31,24.666378021240234,24.749993180955503,24.44061756845696,24.51587105271805,80900
2018-09-04,24.5158748626709,24.800165492987823,24.41553793128067,24.800165492987823,354100
2018-09-05,23.746618270874023,24.02756455095081,23.68808812811361,23.96401708314613,265100
2018-09-06,23.571027755737305,23.74661818337153,23.520857695133145,23.70481139436151,97100
2018-09-07,23.51249313354492,23.61283004598329,23.41215462628008,23.51249313354492,128900
2018-09-10,23.704809188842773,23.88876127612928,23.704809188842773,23.83023113903024,21800
2018-09-11,23.92221069335937,23.95565580628364,23.7633420211954,23.7633420211954,23900
2018-09-12,23.663000106811523,23.846953783466727,23.64042533661928,23.70480848551797,46700
2018-09-13,23.412994384765625,23.566845726095003,23.41215869555089,23.42052037217851,33700
2018-09-14,23.3034610748291,23.487413183938063,23.295099397847764,23.41215968593285,360500
2018-09-17,23.36198616027832,23.57520329524044,23.353624485107545,23.403792941305728,55200
2018-09-18,23.763341903686523,23.78006525747936,23.57938979644568,23.57938979644568,230800
2018-09-19,24.05599021911621,24.09779700182577,23.863676466929764,23.863676466929764,91500
2018-09-20,24.12288475036621,24.25666838392476,24.12288475036621,24.223221678121767,144400
2018-09-21,24.256668090820312,24.27339144351973,24.18141459849961,24.18141459849961,7700
2018-09-24,24.31519889831543,24.31519889831543,24.13960847462859,24.13960847462859,111100
2018-09-25,24.80852508544922,25.076092339779148,24.54095783111929,24.54095783111929,426600
2018-09-26,25.000837326049805,25.08445248663724,24.73494306107015,24.800161897535894,98900
2018-09-27,24.95903205871582,25.08445400979949,24.95067038266669,25.01756219623309,75400
2018-09-28,24.951509475708008,25.017565609128862,24.85869693217581,24.85869693217581,28700
2018-10-01,25.360382080078125,25.418912215610487,25.2433218090134,25.2433218090134,108300
2018-10-02,25.20987701416016,25.234962043355605,25.15134687419748,25.20987701416016,22600
2018-10-03,25.193153381347656,25.40219050450623,25.193153381347656,25.40219050450623,68000
2018-10-04,25.0225772857666,25.31857389319497,25.00083661101545,25.31857389319497,53200
2018-10-05,24.90049934387207,25.0928130886167,24.74999238021924,25.0760897382494,85600
2018-10-08,25.09281539916992,25.120407494472847,24.963211814129057,24.97575512547277,13100
2018-10-09,25.042644500732425,25.08445128160451,24.88377586273085,24.88377586273085,11000
2018-10-10,23.95564842224121,24.674736468970888,23.897118296544853,24.607844668914147,528900
2018-10-11,23.663000106811523,23.93056894605304,22.626176237290352,23.54593983608663,311400
2018-10-12,23.26165199279785,23.94729353645144,23.22820688070163,23.88876339416297,222400
2018-10-15,22.83521270751953,23.29509529146558,22.66798398185177,23.24492523842137,970100
2018-10-16,23.99745750427246,24.51586857134852,23.754973725123783,23.830227201768107,595100
2018-10-17,23.913848876953125,24.206501188760992,23.846957056667907,23.913848876953125,98500
2018-10-18,23.537582397460938,23.83859639902804,23.261653427633384,23.79678801279546,367100
2018-10-19,23.64628028869629,23.696448752430296,23.428881486079984,23.428881486079984,142500
2018-10-22,23.336898803710938,23.729887928524008,23.336898803710938,23.63791270048556,390800
2018-10-23,23.47068977355957,23.628722756921388,23.328544454872148,23.529219917461425,122200
2018-10-24,23.161312103271484,23.51249450697224,23.0609735901456,23.3703492103594,95000
2018-10-25,24.42390251159668,24.507517699706607,24.19814357697505,24.390457393248944,264200
2018-10-26,24.3820915222168,24.59112865913212,24.19813941586896,24.22322285160965,71300
2018-10-29,24.44061851501465,24.574402137809763,24.23158140504396,24.340281595331604,102100
2018-10-30,24.78343963623047,24.833609691684927,24.457342249909523,24.4657039258186,103200
2018-10-31,24.85033226013184,24.942309103308457,24.75919270095209,24.84197058394972,73300
2018-11-01,24.80852508544922,25.009200526196665,24.80852508544922,24.950670388665323,41900
2018-11-02,24.92558479309082,25.067730093071045,24.7834394931106,25.00919995687212,16300
2018-11-05,24.64965438842773,24.7583545732624,24.50750909698537,24.7249078718282,48600
2018-11-06,24.44898223876953,24.616212578684816,24.365367068811885,24.616212578684816,31600
2018-11-07,24.44061851501465,24.49078856968276,24.29847321644152,24.29847321644152,122300
2018-11-08,23.980737686157227,24.273389961218943,23.938929306961786,24.273389961218943,24000
2018-11-09,23.78842544555664,23.93057075424589,23.780063769183545,23.9222090778728,28500
2018-11-12,23.964014053344727,24.35700324421196,23.95565237760373,24.290111433110585,16800
2018-11-13,24.081079483032227,24.3653701398242,24.081079483032227,24.298478314392373,126400
2018-11-14,23.980737686157227,24.24830493370168,23.88039917091476,24.09779795825128,188700
2018-11-15,24.030906677246094,24.030906677246094,23.86367794124976,24.01418332519847,106400
2018-11-16,23.964014053344727,24.05599089166908,23.922207269466337,23.93056894520733,22000
2018-11-19,23.61283302307129,23.64627972798533,23.45396436438294,23.64627972798533,10200
2018-11-20,23.211483001708984,23.3787117480574,23.13539381845672,23.3787117480574,19900
2018-11-21,23.23656845092773,23.576043274644835,23.21148342085048,23.470689019008493,33600
2018-11-23,23.47068977355957,23.47068977355957,23.39543627573524,23.42888298358019,6600
2018-11-26,23.24492835998535,23.445605409458064,23.23656827818184,23.428882056197548,43100
2018-11-27,23.353626251220703,23.47068652281128,23.21148095222076,23.41215638701599,175200
2018-11-28,23.704809188842773,23.780062677920576,23.52921718271902,23.52921718271902,30200
2018-11-29,23.763341903686523,23.86368043161676,23.68223539210073,23.84695707782392,174100
2018-11-30,23.863677978515625,23.98073825337853,23.62955583396319,23.62955583396319,39300
2018-12-03,24.70818901062012,24.70818901062012,24.54096025754292,24.624575431494915,76400
2018-12-04,24.26502990722656,24.57440395981807,24.23158320163467,24.51587381985896,59100
2018-12-06,24.273387908935547,24.46570165249492,24.08107257054971,24.46570165249492,118000
2018-12-07,24.331920623779297,24.674741366467178,24.2566671344257,24.607849553133605,46500
2018-12-10,24.05599021911621,24.290110754012225,23.99746008539221,24.290110754012225,47800
2018-12-11,24.248306274414062,24.398813258186145,24.198137811432264,24.398813258186145,19500
2018-12-12,24.490785598754883,24.708182763305,24.490785598754883,24.5743991567389,15900
2018-12-13,24.733272552490234,24.81688772140921,24.674742412694968,24.708187523366536,44200
2018-12-14,24.540956497192383,24.6914634682788,24.524233145999105,24.582763280349035,67500
2018-12-17,24.673070907592773,24.992479627903947,24.607852060747863,24.816889198070115,40600
2018-12-18,24.770692825317383,25.042338269518424,24.74522545774807,24.95744866342196,44300
2018-12-19,24.337757110595703,24.77069264124949,24.134023028958843,24.651848165078288,56500
2018-12-20,23.870864868164062,24.24437651279011,23.77748614744034,24.057620690477087,50300
2018-12-21,23.7605094909668,24.10006629018759,23.65864326076783,23.7605094909668,51000
2018-12-24,23.896333694458008,24.139966502354984,23.85388969909537,24.13402427823883,11100
2018-12-26,23.77748680114746,24.223155183803858,23.77748680114746,24.06611047392454,203600
2018-12-27,24.24437522888184,24.329264823304783,23.989708064747344,23.989708064747344,33000
2018-12-28,24.813133239746094,25.05082377870475,24.210420199752324,24.227398442349585,269700
2018-12-31,24.52451133728028,24.66882317135748,24.354733756629383,24.66882317135748,56200
2019-01-02,24.84709358215332,24.915004943950454,24.583935638446665,24.60940300629606,22500
2019-01-03,24.41415977478028,24.72230701384985,24.41415977478028,24.719761734105543,42500
2019-01-04,24.93198204040528,25.042337391065363,24.745224589717346,24.770691956393293,77400
2019-01-07,25.390384674072266,25.449806913715253,25.2036288324608,25.2036288324608,69300
2019-01-08,25.466781616210938,25.483759859214,25.36491377732697,25.466781616210938,77100
2019-01-09,25.67051887512207,25.857274714034947,25.500741281328885,25.62807488145742,174700
2019-01-10,25.755409240722656,25.891231967414388,25.755409240722656,25.8487879724987,274200
2019-01-11,25.814828872680664,25.831807116585143,25.653538793857045,25.687495281666,13800
2019-01-14,26.069494247436523,26.08647249016398,25.84029444715324,25.891227556201265,131000
2019-01-15,26.42603302001953,26.519411749211283,26.19683318702957,26.19683318702957,145100
2019-01-16,26.723148345947266,26.73163746932048,26.485459368036214,26.510925119021124,100800
2019-01-17,26.8674545288086,26.90141101512755,26.646742225138524,26.646742225138524,67100
2019-01-18,27.207014083862305,27.207014083862305,26.901413771352868,26.901413771352868,124200
2019-01-22,26.77408027648925,26.909902997937845,26.50243321445753,26.69767979328261,149800
2019-01-23,26.91838836669922,27.03723445289334,26.833500386876256,26.833500386876256,293400
2019-01-24,26.748613357543945,26.825013842031627,26.544879271955,26.825013842031627,220700
2019-01-25,27.00327682495117,27.054211553654618,26.81652101044162,26.867454120010706,487300
2019-01-28,27.12212371826172,27.201917900190857,27.071188988033096,27.079678109737863,141800
2019-01-29,27.12212371826172,27.23248068128932,27.037234120348423,27.19003345363106,156100
2019-01-30,27.19852638244629,27.24945787850326,27.15608077050792,27.207013885699425,263700
2019-01-31,27.105144500732425,27.23247970259332,27.09665537933273,27.147588488596487,152800
2019-02-01,27.21550750732422,27.21550750732422,27.01177178672861,27.0287500333007,42800
2019-02-04,27.105144500732425,27.16456673139585,26.867453958944346,26.91838706820809,101500
2019-02-05,27.48715209960937,27.55506184546324,27.277474161311844,27.325860381451484,197900
2019-02-06,27.5380802154541,27.58901494728744,27.346232211592792,27.42772648721857,84500
2019-02-07,27.605993270874023,27.614480773736272,27.321614970089183,27.470170557195523,117600
2019-02-08,27.47017478942871,27.51261878681701,27.274929810826965,27.342839558994367,403500
2019-02-11,27.1645736694336,27.304641779601297,27.03724005418508,27.20701766813817,352100
2019-02-12,27.342836380004883,27.36830536609228,27.24097015046245,27.260493674571908,157900
2019-02-13,27.41924095153809,27.48290856884956,27.383587603966788,27.41924095153809,148900
2019-02-14,27.41924095153809,27.49564144465795,27.249461718130668,27.266439965298364,146500
2019-02-15,27.478660583496094,27.55506106934812,27.39377259400239,27.5253499491984,188200
2019-02-19,27.19003677368164,27.2494590137364,26.94385869072127,26.969326058945285,471600
2019-02-20,27.2239933013916,27.308881290650344,27.131464615914965,27.15608193850385,211300
2019-02-21,27.1136417388916,27.164574863402727,27.04573036649849,27.164574863402727,224900
2019-02-22,27.19852638244629,27.25794862002548,27.19003564092408,27.19852638244629,117900
2019-02-25,26.83349800109864,26.88443110829081,26.538932138961144,26.7401192886344,512900
2019-02-26,26.740123748779297,26.95234695313469,26.740123748779297,26.78256774199655,219900
2019-02-27,26.85896682739257,26.96083467260131,26.825011958412645,26.83350108044125,357900
2019-02-28,26.99479103088379,27.07968063671868,26.918390547545844,26.918390547545844,685000
2019-03-01,27.181549072265625,27.181549072265625,27.011769856943623,27.079681219245504,609000
2019-03-04,27.249452590942383,27.266430832423225,27.0202528074879,27.240965089336186,296700
2019-03-05,27.232481002807617,27.249456008148755,27.105145794867106,27.22399026186819,262100
2019-03-06,26.680702209472656,27.173058372573585,26.01007608895923,27.130614378244584,1183200
2019-03-07,26.80803680419922,26.97781602607072,26.656084254902108,26.867459046113847,305600
2019-03-08,26.969322204589844,26.977811326117948,26.680698549171805,26.791053890768406,318100
2019-03-11,26.89292335510254,26.95234559025576,26.841990241990416,26.841990241990416,466000
2019-03-12,26.8674545288086,26.943855003891866,26.85896540722885,26.89292189354781,265600
2019-03-13,27.19003677368164,27.2494590137364,27.071192293572125,27.071192293572125,221800
2019-03-14,27.232481002807617,27.33434722619872,27.2070120182582,27.33434722619872,215100
2019-03-15,27.317371368408203,27.42772834237698,27.2155051361204,27.351327858593848,430400
2019-03-18,27.4447078704834,27.52535049060785,27.325860149277624,27.325860149277624,1011100
2019-03-19,27.52110290527344,27.63995061691696,27.35132693660648,27.546571891188705,130600
2019-03-20,27.41924095153809,27.63995492644859,27.37679695275361,27.53808544344242,274700
2019-03-21,27.750307083129883,27.89462055663882,27.707863086781146,27.750307083129883,220800
2019-03-22,27.572036743164062,27.90310440488664,27.50412700555712,27.673902968708948,488500
2019-03-25,27.589017868041992,27.70786234996586,27.52110488507449,27.54657387282193,189400
2019-03-26,27.597505569458008,27.80124128155061,27.563552316000315,27.64844030704848,28500
2019-03-27,28.01346206665039,28.05590605849152,27.80123886917577,27.86915184673677,354100
2019-03-28,28.183238983154297,28.183238983154297,28.013459791310787,28.072882022715707,286900
2019-03-29,28.268129348754883,28.268129348754883,28.200219609239976,28.268129348754883,378400
2019-04-01,28.49733161926269,28.522797367536977,28.37848714295724,28.37848714295724,493200
2019-04-02,28.488842010498047,28.58221749335933,28.395463289367896,28.420929035760167,184600
2019-04-03,28.684091567993164,28.75200131538236,28.52279984618872,28.548268834945382,377800
2019-04-04,29.0745792388916,29.1340014775446,28.802933794115315,28.802933794115315,328100
2019-04-05,28.94724464416504,29.16795859672374,28.904800649678894,29.049114116854845,413300
2019-04-08,29.03213691711425,29.13400315520397,28.87084519868045,28.887823444740285,168400
2019-04-09,28.972715377807617,29.04911586779541,28.870845898977613,28.930271380763152,378800
2019-04-10,29.133996963500977,29.184931690855592,28.896308045716708,29.06608723196345,298800
2019-04-11,29.21039772033692,29.235863465128315,29.133997247694044,29.19341947771976,217400
2019-04-12,29.354713439941406,29.405644933474008,29.24435647350592,29.34622269884003,284000
2019-04-15,29.32076072692871,29.36320472309324,29.11702501176193,29.201916242360312,414300
2019-04-16,29.473556518554688,29.53297875038493,29.363199557326183,29.371687059758177,317400
2019-04-17,29.69427299499512,29.736716991971864,29.61787250512921,29.711251241439697,355700
2019-04-18,29.62636375427246,29.63485125850524,29.549963263099656,29.609385507537453,152900
2019-04-22,29.60937690734864,29.677286636294497,29.566932921973905,29.60088616731258,40000
2019-04-23,29.83857727050781,29.89799949560748,29.643329115730737,29.643329115730737,998300
2019-04-24,29.74520874023437,29.796140243021085,29.59240775533523,29.59240775533523,1038700
2019-04-25,29.948936462402344,29.99138369232968,29.796135501817105,29.796135501817105,761700
2019-04-26,29.94045066833496,29.94893817184349,29.898006674253978,29.931959926557266,226400
2019-04-29,29.79613494873047,29.931957662477377,29.787647445863943,29.90649191560887,174900
2019-04-30,29.83857727050781,29.94044347949747,29.770664305669108,29.93195273975844,362900
2019-05-01,30.01684761047364,30.15691568885265,29.98289112390864,30.084757345334832,307700
2019-05-02,30.04231643676757,30.161160913662453,29.89800621147212,30.135695165261872,280000
2019-05-03,30.263032913208008,30.27152041729456,30.13569768402409,30.1781416809956,389100
2019-05-06,29.37168884277344,29.44808932237435,29.159465648134123,29.38017958398963,757300
2019-05-07,28.989688873291016,29.08815815311184,28.718043450801872,29.023642122400503,1206200
2019-05-08,28.8708438873291,29.00666661136925,28.66711142040347,28.82839989324203,1015400
2019-05-09,28.50581932067871,28.65012952986756,28.30632901175515,28.548263309365502,581100
2019-05-10,28.53129005432129,28.55675580433175,28.27662283940867,28.46337706993428,651600
2019-05-13,26.8674545288086,27.13909994282271,26.799543175305065,27.122123318797616,2182900
2019-05-14,27.04572868347168,27.18579679107953,26.884438576899385,26.994793942995333,765700
2019-05-15,27.52110290527344,27.57628300953233,27.37679268425272,27.52110290527344,1081900
2019-05-16,27.84368133544922,27.903103568424825,27.818215589393628,27.818215589393628,437100
2019-05-17,27.673900604248047,27.90310202084274,27.65692559999835,27.78425756148297,524700
2019-05-20,27.13061141967773,27.42857425055544,27.113634795278177,27.33434710381662,988800
2019-05-21,27.5380802154541,27.707859416629653,27.49563622472744,27.69937191379189,536700
2019-05-22,27.750307083129883,27.94555205694957,27.614484351852305,27.94555205694957,679700
2019-05-23,27.05421257019043,27.359812858221936,26.960833849859856,27.359812858221936,1534200
2019-05-24,27.359813690185547,27.359813690185547,27.03298977822483,27.1815469850076,861900
2019-05-28,27.41075134277344,27.58053056314695,26.994792414771787,27.04572715236463,11753300
2019-05-29,27.21550750732422,27.32586125263864,26.774082811258257,27.0287500333007,1438500
2019-05-30,27.376792907714844,27.622972597868017,27.35981466305576,27.44470588635119,986100
2019-05-31,27.376792907714844,27.41074939703302,27.215504440857107,27.26643593656531,634400
2019-06-03,27.36830711364746,27.56355208201626,27.249459393611914,27.34283812593379,768900
2019-06-04,27.47017478942871,27.4786622935986,27.11958193070868,27.266439068387648,742100
2019-06-05,27.300392150878903,27.51261534957612,27.15608031099942,27.51261534957612,586200
2019-06-06,27.673900604248047,27.724835331803085,27.35981121333028,27.35981121333028,939900
2019-06-07,27.84368133544922,27.87763782236923,27.690880382578,27.690880382578,1138800
2019-06-10,28.55674934387207,28.65012805714425,28.353016913340568,28.480348872855608,403900
2019-06-11,29.235864639282227,29.261333623365164,28.81990901239688,29.100041931158813,990700
2019-06-12,29.25284576416016,29.38866848566291,29.19342352589452,29.38866848566291,864200
2019-06-13,28.904800415039062,29.00666664863274,28.802934181445384,28.97271339628097,791500
2019-06-14,28.921777725219727,28.99817820751202,28.70955452310437,28.86235548768895,1177400
2019-06-17,29.051101684570312,29.17100874663308,28.93976431335495,28.99971621081965,634300
2019-06-18,29.31661033630371,29.43651415191958,29.11106187157192,29.11106187157192,604700
2019-06-19,29.17100524902344,29.320884974714563,29.00827588930193,29.273779451335496,824700
2019-06-20,28.82842063903809,29.02540589098201,28.691387278245223,28.939761265661364,1393300
2019-06-21,28.417325973510746,28.9055076185873,28.374503652687714,28.9055076185873,939300
2019-06-24,27.586557388305664,27.972820773244656,27.45809043440185,27.86062414386059,786200
2019-06-25,27.697898864746094,27.83493224665969,27.59512464509428,27.80067308439791,1049600
2019-06-26,27.920574188232425,27.97196292666128,27.80067039903165,27.95483334718499,496500
2019-06-27,28.37450408935547,28.4430191503,28.16895237225449,28.36593766477884,439100
2019-06-28,28.28029060363769,28.417323980943063,28.254597866372134,28.348805658723663,368800
2019-07-01,28.4344482421875,28.520092861806543,28.331674045218083,28.520092861806543,351500
2019-07-02,28.17751884460449,28.314552233859573,28.151822837964737,28.314552233859573,737100
2019-07-03,28.383066177368164,28.434454921490588,28.27600874412997,28.340243857499605,172900
2019-07-05,28.22034072875977,28.43445560034803,28.126129662519546,28.43445560034803,303700
2019-07-08,28.323110580444336,28.44301436728435,28.151818056187256,28.29741784530238,228300
2019-07-09,28.40019416809082,28.4344533289203,28.21177205066209,28.26316079190631,255900
2019-07-10,28.60574722290039,28.71708460017759,28.55435847921845,28.665699123629206,322800
2019-07-11,28.73421096801757,28.802729285264327,28.562918442033894,28.759906970551704,362100
2019-07-12,28.73421096801757,28.811292441353576,28.61430717996896,28.631436759280643,126600
2019-07-15,28.93976783752441,29.09393081181652,28.85411992562115,29.09393081181652,661800
2019-07-16,29.1281852722168,29.28234823890228,29.05110378887405,29.17101085962224,546000
2019-07-17,28.982585906982425,29.222393490854472,28.9568931707485,29.111056122418617,783900
2019-07-18,29.085357666015625,29.119616822860326,28.87124283643577,28.914065148925136,332700
2019-07-19,28.93120002746582,29.111059000283674,28.922636870252408,28.99115192936057,144600
2019-07-22,28.54579734802246,28.69139389808705,28.48584217590517,28.69139389808705,260100
2019-07-23,28.28885269165039,28.33167827498636,27.98052678757791,28.22890079554,331400
2019-07-24,28.13468742370605,28.30597994155007,28.049042798350563,28.049042798350563,525900
2019-07-25,28.14325714111328,28.254597780815946,28.031916501410617,28.254597780815946,317500
2019-07-26,28.357372283935547,28.38306502138355,28.134691002274657,28.134691002274657,186100
2019-07-29,28.126129150390625,28.186081051973023,28.006225347225826,28.117565993221824,179200
2019-07-30,28.03191947937012,28.117567390983787,27.907732457880616,28.117567390983787,106600
2019-07-31,27.86919212341309,28.15610526366076,27.629381248566027,28.00622550883985,542900
2019-08-01,27.595123291015625,27.99765699287208,27.543734550144567,27.8349308808138,548600
2019-08-02,27.381006240844727,27.809237571454368,27.329619134598232,27.646508195612714,867800
2019-08-05,27.01272964477539,27.23540764616423,27.00416485494249,27.184020540733467,1251100
2019-08-06,27.243972778320312,27.28679672802289,26.92708371835448,27.132633776226907,1790800
2019-08-07,27.321054458618164,27.376724776864684,27.158326715664234,27.329619248622755,872000
2019-08-08,27.518041610717773,27.59940303258133,27.449523290060725,27.449523290060725,469200
2019-08-09,27.440963745117188,27.56943071255698,27.355317466590435,27.49234922523959,359500
2019-08-12,27.11550712585449,27.321057205934167,27.0469904324946,27.286799676037635,204300
2019-08-13,27.321054458618164,27.50091178158128,26.90138954979311,26.90138954979311,218700
2019-08-14,26.96990966796875,27.12407264053409,26.89282818168608,27.12407264053409,694400
2019-08-15,27.338184356689453,27.449523360911183,26.95277696983214,26.95277696983214,637300
2019-08-16,27.56086540222168,27.715028364815268,27.389572858547297,27.39813764908769,927900
2019-08-19,27.552295684814453,27.74928421013093,27.44095832179765,27.66363631496439,1206800
2019-08-20,27.6893367767334,27.766414994097826,27.492348219689887,27.492348219689887,1129900
2019-08-21,27.52660369873047,27.57799243722849,27.483781383548727,27.500910963048067,296600
2019-08-22,27.184022903442383,27.34675065727773,27.11550621239067,27.201152484597003,420400
2019-08-23,26.77292251586914,27.19258744897492,26.712970615934992,27.16689307747453,344500
2019-08-26,26.60163116455078,26.77292371509245,26.34640595034177,26.533114471047483,727800
2019-08-27,26.89282417297364,26.901388962791337,26.631603801016844,26.63588701270901,5228700
2019-08-28,26.3618221282959,26.61019451622461,26.23335190555453,26.49029071747052,2133000
2019-08-29,25.907901763916016,25.976418463568816,25.6766572900002,25.8822073889586,981900
2019-08-30,25.95071792602539,26.002106663736804,25.75373266549808,25.86507329697288,992300
2019-09-03,25.813682556152344,25.89076402317145,25.50535832164238,25.61669731091084,1804000
2019-09-04,26.22478675842285,26.353255337847607,25.856508966123027,25.856508966123027,2395100
2019-09-05,26.104883193969727,26.293305315204588,26.104883193969727,26.104883193969727,1334500
2019-09-06,26.173398971557617,26.293304399138645,26.16483418147564,26.20765813188553,712600
2019-09-09,26.07918930053711,26.19909309341468,26.044930140534,26.05349493053477,837900
2019-09-10,25.770864486694336,25.822251595309627,25.67665342626069,25.67665342626069,543900
2019-09-11,25.359764099121094,25.462538315332363,25.31694014772747,25.376892046111827,889500
2019-09-12,25.334074020385746,25.40259072065693,25.274122111844324,25.282686903574096,520400
2019-09-13,25.436843872070312,25.453971817912315,25.316938449776668,25.316938449776668,519700
2019-09-16,25.06857109069824,25.23129722688885,25.060006299282904,25.12852299703867,1760800
2019-09-17,25.14565086364746,25.239860295652395,24.92297120274766,25.060004588906487,626500
2019-09-18,25.19703483581543,25.368327363956368,25.119953361508667,25.119953361508667,473400
2019-09-19,25.496801376342773,25.710916265360968,25.38546071925581,25.55675328389715,649500
2019-09-20,25.471099853515625,25.77942572991648,25.39401838441541,25.67664989326069,688000
2019-09-23,25.839380264282227,25.942156111453045,25.565313516582272,25.565313516582272,609900
2019-09-24,26.07918930053711,26.181963513413123,25.950719084092103,26.087752456971227,406600
2019-09-25,25.907901763916016,25.967853671916345,25.779433156262883,25.85651464756816,503500
2019-09-26,25.839380264282227,26.002108008316576,25.66808773018641,26.002108008316576,776800
2019-09-27,25.94215965270996,26.10488578539071,25.7023503989538,25.873641322865147,1150400
2019-09-30,26.104883193969727,26.20765904496753,25.946438655849555,26.04493129487381,577700
2019-10-01,25.79655838012696,26.01067323455389,25.753734429101545,26.01067323455389,215200
2019-10-02,25.4539737701416,25.72804216099957,25.398305083143946,25.48823293158637,1023600
2019-10-03,25.608137130737305,25.61670192123269,25.29124805024182,25.513927702421576,259500
2019-10-04,25.71947860717773,25.71947860717773,25.52249168653304,25.60813796069593,200800
2019-10-07,25.27411651611328,25.45397220191719,25.27411651611328,25.3768907269822,147300
2019-10-08,25.00005149841309,25.16877280570303,24.880146066048063,25.14564966848246,722300
2019-10-09,24.85445213317871,24.922968819706817,24.648902073594392,24.81162818311948,671900
2019-10-10,24.75167655944824,24.89727472412127,24.62320797498773,24.62320797498773,548700
2019-10-11,24.77737045288086,25.094259512879898,24.67459460715055,24.931533404693,886100
2019-10-14,24.38339233398437,24.41765148539097,24.229231053353462,24.36626439184733,372300
2019-10-15,24.117895126342773,24.1692822298611,24.015120919306124,24.10076554731448,353400
2019-10-16,24.22923851013184,24.280625619490344,24.16928497671903,24.19497934818166,396600
2019-10-17,24.597511291503903,24.597511291503903,24.357703725347047,24.357703725347047,591900
2019-10-18,24.546125411987305,24.75167546474652,24.528995832532384,24.597512516785457,1170500
2019-10-21,25.06000328063965,25.09426080860752,24.871582792899524,24.97435701036987,430400
2019-10-22,25.20560073852539,25.3255045333784,25.197035948383505,25.31693974323652,471600
2019-10-23,25.265554428100582,25.368330283526657,25.23129526510296,25.368330283526657,475500
2019-10-24,25.30837631225586,25.41115216591126,25.18847251096354,25.265553992813395,352300
2019-10-25,25.48823356628418,25.496798356858648,25.265553912048283,25.265553912048283,168100
2019-10-28,25.06000328063965,25.291247720298028,25.03859212146389,25.137084760525774,592400
2019-10-29,24.666030883789062,24.73454757271644,24.62320856579697,24.683160464412587,318600
2019-10-30,25.128517150878903,25.128517150878903,24.81162647650392,24.83732084477212,432000
2019-10-31,24.68316078186035,24.89727564170795,24.61464409205179,24.82875895189939,1943500
2019-11-01,25.01718521118164,25.05144438077184,24.74311838872855,24.777377558318747,713600
2019-11-04,24.606075286865234,24.7688030111972,24.53755860823596,24.614640075889703,375300
2019-11-05,24.95722770690918,25.27839999881443,24.922970178560664,25.11139066839438,163800
2019-11-06,25.06857109069824,25.09426383137732,24.9572304358658,24.991489601527142,605400
2019-11-07,25.282684326171875,25.359765810314894,25.094262194459247,25.145650939599143,204800
2019-11-08,25.23986053466797,25.35976597386753,25.179908631851603,25.214167795499147,123400
2019-11-11,25.685216903686523,25.74516879960096,25.35119826441089,25.53961874208005,266600
2019-11-12,25.63383102416992,25.78799398307832,25.608136653162948,25.736605241064368,165300
2019-11-13,25.48823356628418,25.55675025731317,25.40258729410625,25.55675025731317,641800
2019-11-14,25.479665756225582,25.65952143627522,25.4282786524352,25.565312018253945,488300
2019-11-15,25.642393112182617,25.715191372013777,25.45397101178845,25.531052483119417,182600
2019-11-18,25.907901763916016,25.93359613887343,25.6081405903474,25.83082027261074,373700
2019-11-19,25.87363624572754,26.070623138243203,25.80511956289453,26.01067124496014,295900
2019-11-20,26.04492950439453,26.130575768743764,25.89076655527924,25.9592832400453,337800
2019-11-21,26.104883193969727,26.147707145871617,25.93444827603037,26.03636650449343,295400
2019-11-22,26.07918930053711,26.169117145195287,26.00210782409677,26.027800560532445,227700
2019-11-25,25.839380264282227,25.8650746344666,25.64239499356872,25.839380264282227,1072700
2019-11-26,25.556745529174805,25.69377888588085,25.265549237782835,25.53961595119493,1011400
2019-11-27,25.36833000183105,25.411152321535774,25.239859775583323,25.33407083921385,322400
2019-11-29,25.1370849609375,25.373466969857297,25.128520170485565,25.25698876013111,655800
2019-12-02,25.256986618041992,25.30837372282863,25.051436565328824,25.19703472352981,129200
2019-12-03,24.940099716186523,25.23129442412661,24.80734791434564,25.23129442412661,2676300
2019-12-04,25.394020080566406,25.513925503601456,25.11995334260049,25.20559960660649,732100
2019-12-05,25.479665756225582,25.55674722869445,25.394019494197227,25.55674722869445,345200
2019-12-06,25.513925552368164,25.591005393197623,25.34263302402876,25.45397202395274,305400
2019-12-09,26.139137268066406,26.28473540906181,26.087748535785853,26.190524366780544,348100
2019-12-10,26.130577087402344,26.164834614730843,25.89933265205984,26.164834614730843,321000
2019-12-11,26.37894630432129,26.38751109351737,26.13057395190097,26.26760731190525,459100
2019-12-12,26.03636741638184,26.161410419894708,25.77943023023853,25.89076924194949,809900
2019-12-13,25.9849796295166,26.130577800159248,25.8565110397888,26.12201300970183,490500
2019-12-16,25.8506088256836,26.30139113823869,25.729244992864224,26.30139113823869,1834000
2019-12-17,26.24071311950684,26.26671871414048,25.97197651626386,26.171362111386365,307000
2019-12-18,26.405420303344727,26.5527913998997,26.258050860248183,26.4400966335734,448900
2019-12-19,26.743507385253903,26.79552022611939,26.656818214839173,26.682825462001112,233900
2019-12-20,26.89087677001953,26.912548647881376,26.682823766320872,26.743505685717363,842600
2019-12-23,27.15961265563965,27.22029457718668,27.020910648258337,27.07292348766174,64400
2019-12-24,27.30698013305664,27.30698013305664,27.20295281455199,27.20295281455199,158400
2019-12-26,27.18561553955078,27.24976475296946,27.046913554427203,27.220290209102632,97300
2019-12-27,27.07292556762696,27.220296668474152,26.96889988082804,27.220296668474152,490300
2019-12-30,26.55278968811035,27.04691744126315,26.50077684957892,27.04691744126315,451000
2019-12-31,26.804187774658203,26.87353877632976,26.674154853206336,26.87353877632976,151700
2020-01-02,27.16828155517578,27.211625312144232,26.92988758493263,26.951559463416853,341900
2020-01-03,26.47477149963379,26.977566685933727,26.327400411229068,26.968897603856,429600
2020-01-06,26.26671600341797,26.396750577000446,26.102008409541195,26.249379493270823,380600
2020-01-07,26.05866432189941,26.26671733533964,26.023989646388564,26.18869724861726,252900
2020-01-08,26.188695907592773,26.23204131658475,25.907824601849587,25.928630067474074,814000
2020-01-09,26.59613037109375,26.75217051241292,26.422752068859555,26.75217051241292,288200
2020-01-10,26.73483657836914,26.80852129372077,26.63080924988993,26.67415465903056,416300
2020-01-13,26.916881561279297,27.09892896751105,26.70882856377032,26.70882856377032,1276200
2020-01-14,26.85619735717773,27.09892666033492,26.77817728307214,27.09892666033492,1510300
2020-01-15,26.873538970947266,26.93508730332495,26.760844212461727,26.86486988899325,294200
2020-01-16,26.98623275756836,27.14227292020444,26.89954524806677,26.89954524806677,302900
2020-01-17,27.15961265563965,27.1769508199269,26.986234319683835,26.986234319683835,249600
2020-01-21,26.88220596313477,27.038246119260133,26.769509559951693,27.038246119260133,547200
2020-01-22,26.934221267700195,26.934221267700195,26.708830094119893,26.8648702645569,228300
2020-01-23,26.440092086791992,26.544119406130463,26.24070818263958,26.466099329991145,490100
2020-01-24,26.353404998779297,26.55278891858676,26.2615157084854,26.526783326803866,530700
2020-01-27,25.737916946411133,25.92863179833208,25.67723502322985,25.833273545642403,611600
2020-01-28,25.74658393859864,25.919960611690108,25.65122569365045,25.90262244834348,636500
2020-01-29,25.74658393859864,25.81593493852688,25.66856385699708,25.75525136681368,333400
2020-01-30,25.989315032958984,26.18003154796206,25.8332748492141,25.989315032958984,554300
2020-01-31,25.89395523071289,25.924296190087105,25.633887738773264,25.88528614896908,930800
2020-02-03,25.668561935424805,25.84193859553714,25.62521653030312,25.772587600800577,369700
2020-02-04,25.737916946411133,25.91129363357788,25.668565940852755,25.833273545642403,594700
2020-02-05,25.63389015197754,25.963308675421253,25.58014283218101,25.7379174892383,555700
2020-02-06,25.460512161254883,25.6598960895784,25.399828586433586,25.62521976110908,289600
2020-02-07,25.139760971069336,25.26112480527131,25.02012996109412,25.226450132695703,521000
2020-02-10,25.16576385498047,25.21777668156044,24.992385561769968,25.009723721782606,329400
2020-02-11,25.07908058166504,25.248989959897862,24.90570224785093,24.966384168648368,709500
2020-02-12,25.183109283447266,25.29580570999774,25.096421759588164,25.096421759588164,488400
2020-02-13,24.93171119689941,24.99239312184168,24.784340099128865,24.914373031642068,788600
2020-02-14,24.87969398498535,24.94037589927009,24.758328502957696,24.87969398498535,292100
2020-02-18,24.897031784057617,24.975051864598107,24.758329786087465,24.758329786087465,251100
2020-02-19,25.05307388305664,25.20911405620772,24.94037912103551,25.06607833312481,1551000
2020-02-20,25.113754272460938,25.287132599482533,25.0097285990146,25.24378884445627,638700
2020-02-21,25.139760971069336,25.191773806661864,24.9663826478166,25.044402727934507,609000
2020-02-24,24.186187744140625,24.381237978661623,24.11683673336189,24.290215087038,489900
2020-02-25,23.969463348388672,24.47225854206468,23.882774179797973,24.42024570229361,524200
2020-02-26,24.004138946533203,24.350893956882565,23.952124454887063,24.21219195274282,791000
2020-02-27,23.31062889099121,23.77008034501839,23.249946966648803,23.527350994190336,2316300
2020-02-28,23.449331283569336,23.562027704990133,22.799164963468986,22.90319230220676,2033400
2020-03-02,23.83075714111328,23.865433463823035,23.11123997946665,23.319292955350942,607800
2020-03-03,23.73539924621582,24.489592741347007,23.492671597612112,23.79608281182484,1377800
2020-03-04,23.5967025756836,23.744073675586,23.397318632715184,23.570696980879827,869600
2020-03-05,22.88585090637207,23.60970350037293,22.87718182491274,23.50134246231865,705300
2020-03-06,22.383056640625,22.72981164541248,22.001625308629627,22.53909680614393,1101200
2020-03-09,18.56007957458496,19.773722942613816,18.395370323933133,19.63502093789385,1304300
2020-03-10,21.533504486083984,21.585517318656304,20.57125798947633,21.10872943758408,1297200
2020-03-11,20.21583747863769,20.52791783568388,20.051128217590165,20.42389049884901,1459300
2020-03-12,18.334686279296875,19.54832950671324,17.77987832469697,19.036865303519647,1225200
2020-03-13,19.64369201660156,20.744640737750903,18.47339228604289,19.504989997782896,1535000
2020-03-16,17.987934112548828,18.975319936948672,17.866570266920245,17.987934112548828,1667500
2020-03-17,20.077133178710938,20.37187533714199,19.09755011342531,19.09755011342531,643700
2020-03-18,18.85482406616211,19.704374362887872,18.213326802096216,19.071546181865124,1055900
2020-03-19,19.50498580932617,19.94709901941921,19.41309487352555,19.47897856633548,881600
2020-03-20,18.967514038085938,20.328529969129857,18.50806432729675,20.328529969129857,1204600
2020-03-23,18.02260398864746,19.118350469573485,17.866563869592156,18.820139435449608,1070800
2020-03-24,19.26225852966309,19.68703362248144,19.02819993193833,19.4876496989366,911400
2020-03-25,19.72170829772949,19.86907937092777,19.335943279096444,19.643688220538746,562400
2020-03-26,20.95269012451172,20.95269012451172,19.938430754761605,19.938430754761605,603100
2020-03-27,19.83440589904785,20.34587018821596,19.78239305792556,19.860413146338207,448300
2020-03-30,20.09447288513184,20.26784956881677,20.033790963169192,20.198498564651125,182500
2020-03-31,20.744638442993164,20.974363326226104,20.380545270505284,20.380545270505284,206100
2020-04-01,20.623273849487305,20.82265776551316,20.4845701976234,20.588597523156764,205500
2020-04-02,21.78490257263184,22.027631895455112,20.93535242293772,21.10006166533417,352900
2020-04-03,21.88892936706543,22.235684353079776,21.212755904243803,21.87159120440016,851500
2020-04-06,22.07964324951172,22.227014318932675,21.914935671626864,22.105650492394755,200800
2020-04-07,21.906269073486328,22.539097174240787,21.81264530333761,22.539097174240787,407400
2020-04-08,22.46974372863769,22.539094723186096,22.23568350199004,22.40039273408929,451300
2020-04-09,21.39480400085449,22.63445456293256,21.238763838710646,22.63445456293256,472200
2020-04-13,21.481494903564453,21.65487158952267,21.36012940458948,21.59418966676437,236300
2020-04-14,21.654874801635746,22.17500824357965,21.5855237862738,21.78057403368509,229500
2020-04-15,21.152074813842773,21.533506140073182,21.0913928956044,21.533506140073182,109200
2020-04-16,21.186748504638672,21.35145607552029,20.90067545892138,21.316781406608705,435100
2020-04-17,21.152074813842773,21.750228221472103,21.08272381393345,21.620195303324405,323500
2020-04-20,20.649282455444336,21.16074676928267,20.623276860358025,20.90068089766861,230400
2020-04-21,20.1638240814209,20.46723534758343,20.04246023633924,20.46723534758343,269500
2020-04-22,20.918012619018555,20.96135802333242,20.55391949007265,20.761974123862977,519800
2020-04-23,20.96136283874512,21.299448802770527,20.948360041192903,21.152077701164337,291500
2020-04-24,21.14340782165528,21.23009699347349,20.98303392853954,21.09139497994771,386300
2020-04-27,21.68954086303711,21.750222766055177,21.62018988052248,21.65486454505088,455400
2020-04-28,21.81957626342773,22.157662135471057,21.758894353415656,22.044967395942628,463400
2020-04-29,22.478418350219727,22.51309302931163,22.175007054237497,22.253027149017456,463600
2020-04-30,22.166337966918945,22.608451286102483,22.02763594366041,22.608451286102483,480500
2020-05-01,21.906269073486328,22.17500399990318,21.83691807139623,22.10565299781308,380000
2020-05-04,21.056716918945312,21.134735342237896,20.85733135977221,20.9526895987916,244100
2020-05-05,21.20408821105957,21.472824789589744,21.117400698974546,21.342791868003893,402900
2020-05-06,20.909347534179688,21.256102540248527,20.909347534179688,21.195420620868767,90500
2020-05-07,20.87467193603516,21.23876511849047,20.831328178809333,21.212757872079965,154000
2020-05-08,21.247432708740234,21.360127461689533,21.10873071120653,21.23009454568396,158500
2020-05-11,21.03070831298828,21.230092205785382,20.94401916071969,20.94401916071969,189200
2020-05-12,21.13473892211914,21.49883212414137,21.03938232040605,21.30811726725675,300300
2020-05-13,21.23009490966797,21.555178031984468,21.134736664681817,21.29077682794706,502000
2020-05-14,21.533504486083984,21.59418639966138,21.152073189151324,21.403471577924115,398400
2020-05-15,21.186748504638672,21.35145607552029,21.178079424046263,21.316781406608705,523800
2020-05-18,22.43507194519043,22.68647038471937,22.253026167704068,22.253026167704068,479000
2020-05-19,22.461078643798828,22.80783367823374,22.4350713961693,22.48708589142836,300300
2020-05-20,22.608448028564453,22.73848094995122,22.4697460252908,22.73848094995122,319500
2020-05-21,22.582443237304688,22.764490669798857,22.435072136126927,22.66046332930812,470400
2020-05-22,22.452407836914062,22.53042792035229,22.305036751915,22.39172591723062,190700
2020-05-26,22.84250831604004,23.163256079081712,22.74715006858847,22.764488232390267,292800
2020-05-27,23.050561904907227,23.08523657993044,22.66046147678136,22.99854906564323,578600
2020-05-28,22.68647003173828,23.04189415188408,22.643126272094527,22.92053030211481,204900
2020-05-29,23.17192840576172,23.206604738221056,22.61712031408062,22.63445848031029,963600
2020-06-01,23.81342506408692,23.848101395656467,23.388649923110865,23.466670015683864,225900
2020-06-02,24.0388126373291,24.10816363656159,23.69205764116667,23.830759639631644,775100
2020-06-03,23.92611694335937,24.01280610235778,23.69205671010114,23.74406954411691,641200
2020-06-04,23.440662384033203,23.59670090216469,23.29329129458261,23.570695309205288,437700
2020-06-05,23.90877723693848,24.281539439139447,23.85676440628148,23.90877723693848,300000
2020-06-08,24.0388126373291,24.10816363656159,23.86543596597701,23.90877972045047,568600
2020-06-09,24.012807846069336,24.08215884761241,23.839429515482507,23.839429515482507,499600
2020-06-10,24.004138946533203,24.02147545695693,23.73973773443609,23.87410602433448,621400
2020-06-11,23.20660400390625,23.830763087297537,23.076571068215376,23.58803372813835,590200
2020-06-12,23.26728057861328,23.4926717202491,22.989876605356304,23.449326316016386,311800
2020-06-15,23.64998435974121,23.75580158581573,23.297263076005738,23.376625575084688,321500
2020-06-16,23.597076416015625,23.94097945491773,23.49125919071081,23.94097945491773,449200
2020-06-17,23.64998435974121,23.87925361464621,23.55298537599855,23.817527600230967,300100
2020-06-18,23.67644119262696,23.93216351536487,23.60589692960533,23.7293489694162,272000
2020-06-19,23.667621612548828,24.02034290773204,23.62353208136636,24.02034290773204,334300
2020-06-22,23.447172164916992,23.61912370272865,23.39426438756908,23.482443455846298,599900
2020-06-23,23.22671890258789,23.59707667231579,23.12090167613374,23.5353506576791,687200
2020-06-24,22.918087005615234,23.40308024115828,22.86517923366958,23.29726301535922,704300
2020-06-25,23.51771545410156,23.58825971494471,23.236419730441007,23.57944147210084,659000
2020-06-26,23.394268035888672,23.6191273861149,23.217906508014945,23.588264371023225,709000
2020-06-29,23.61471366882324,23.667621442243064,23.385444408126965,23.473625151765194,610900
2020-06-30,23.20908546447754,23.438354750300856,23.112086467653988,23.438354750300856,1015200
2020-07-01,23.491260528564453,23.70289330931908,23.394263221910983,23.411898025542992,866100
2020-07-02,23.658803939819336,23.7822559756302,23.526533661178007,23.526533661178007,295100
2020-07-06,23.914525985717773,24.02915976934867,23.81752700440168,23.896889501495263,325700
2020-07-07,23.90571022033692,24.1261612502348,23.614714928148025,23.614714928148025,603300
2020-07-08,23.967435836791992,23.97625407966865,23.65880406374043,23.967435836791992,835000
2020-07-09,23.87925338745117,24.108522640174822,23.66762061922343,23.97625237027096,370800
2020-07-10,23.8131160736084,23.923341572653243,23.69407401471869,23.87925204579836,203400
2020-07-13,23.694074630737305,24.07324894450724,23.667619904792,23.79107192872139,267900
2020-07-14,23.9938907623291,24.033572017427325,23.57944340612053,23.641169429182657,139400
2020-07-15,23.86161994934082,24.03798145300034,23.81753041437992,23.914529409583444,99700
2020-07-16,24.06443214416504,24.099703429832267,23.905707153893346,23.91452539578707,121600
2020-07-17,23.94098472595215,24.14379929703957,23.78225969400265,24.055620218763725,150200
2020-07-20,23.77343368530273,23.80429837090849,23.552982697797,23.68525463582649,420300
2020-07-21,23.77343368530273,23.87043265801568,23.68525463582649,23.7028894365772,260100
2020-07-22,23.89689445495605,23.923347504865426,23.7558059157459,23.773440721716128,333700
2020-07-23,23.694074630737305,23.852797940686084,23.6411651788467,23.826344896648465,483000
2020-07-24,23.79989051818848,23.85279828894388,23.641165524014585,23.702891536880497,166700
2020-07-27,24.01152610778809,24.11734334365472,23.945391807040853,23.97625481710448,370600
2020-07-28,23.74698257446289,24.134976814961004,23.74698257446289,24.029159592313263,386200
2020-07-29,24.0027084350586,24.10852567343995,23.748748744851284,23.86161990515541,424800
2020-07-30,23.77343368530273,23.95861338939948,23.60589214577182,23.80870665061928,311600
2020-07-31,23.67644119262696,23.711712483183813,23.288446905054084,23.68525943574314,588300
2020-08-03,23.544170379638672,23.694077145423183,23.482442679215044,23.62353288398976,345400
2020-08-04,23.64998435974121,23.672029124616977,23.47362455882735,23.55298537599855,983300
2020-08-05,23.914525985717773,24.07324929799724,23.81752700440168,23.843981730735443,739600
2020-08-06,24.099708557128903,24.099708557128903,23.93216528931808,23.96743826439742,379900
2020-08-07,24.055614471435547,24.099704000039672,23.967433732319588,24.01152326092372,240200
2020-08-10,24.187885284423828,24.24079305632302,24.020342044517346,24.11734102792232,243400
2020-08-11,24.19670486450196,24.505336634474947,24.143795407769783,24.320156899728016,249100
2020-08-12,24.478879928588867,24.637604922147155,24.45242520235992,24.611150195918206,440700
2020-08-13,24.66405868530273,24.7434211843949,24.5406066564517,24.549424898785023,214700
2020-08-14,24.76106071472168,24.831604980157607,24.646426914103785,24.734605984467724,158900
2020-08-17,25.13141441345215,25.2107769093104,24.866873881863093,24.866873881863093,343400
2020-08-18,25.12259864807129,25.228415880283013,24.8845111370258,25.131416890914583,413200
2020-08-19,25.06087303161621,25.369504808445324,25.034418302662445,25.0696912746008,410200
2020-08-20,25.369503021240234,25.38713950596697,24.93741923688163,25.03441653906319,703200
2020-08-21,25.34305000305176,25.36068648896774,25.166690189615544,25.2725057412957,321100
2020-08-24,25.36068725585937,25.475321053963977,25.3077794784194,25.475321053963977,349800
2020-08-25,25.40477752685547,25.49295827975143,25.35186974788108,25.40477752685547,344300
2020-08-26,25.35186767578125,25.51059268163922,25.35186767578125,25.369504161300544,516400
2020-08-27,25.27250289916992,25.431227890747937,25.12259614955821,25.360683636925227,340700
2020-08-28,25.27250289916992,25.32541066906004,25.1490508754571,25.21959512927981,236000
2020-08-31,25.457683563232425,25.51940957738397,25.184323097835925,25.29895856575258,559100
2020-09-01,25.27250289916992,25.395954922882744,25.131414391524505,25.263684657203623,663200
2020-09-02,25.27250289916992,25.42240964878164,25.140232633490804,25.351865394958928,446600
2020-09-03,25.21078109741211,25.44005038109988,24.99914830060216,25.44005038109988,315300
2020-09-04,25.254867553710938,25.514999816766466,25.00796349515501,25.21959626616341,562000
2020-09-08,25.36068725585937,25.537047074628603,25.043237227403672,25.043237227403672,370100
2020-09-09,25.53704643249512,25.660500152628025,25.46650217037969,25.581137647509685,630300
2020-09-10,25.46649932861328,25.8280405237574,25.41359155840757,25.731041543457195,358000
2020-09-11,25.5546817779541,25.73104326632531,25.49295576159652,25.625226036921024,165000
2020-09-14,26.08376693725586,26.092585180668497,25.83686116742589,25.83686116742589,402700
2020-09-15,26.29539680480957,26.40121403206796,26.207216062412204,26.207216062412204,330700
2020-09-16,26.23366928100586,26.36593954604116,26.12785205983301,26.224851039082484,364300
2020-09-17,26.330671310424805,26.365942600296496,26.013221292040235,26.066129067801707,377500
2020-09-18,26.330671310424805,26.357124357351605,26.12344680598956,26.242490562883773,472800
2020-09-21,26.286577224731445,26.31303195067678,25.735449715177907,26.110217430818924,516800
2020-09-22,25.9338607788086,26.048496263986728,25.792772244672427,25.951497266052616,543600
2020-09-23,25.722227096557617,26.048495371764545,25.66050107522581,26.048495371764545,516100
2020-09-24,26.03085708618164,26.048493571602744,25.77513309329909,25.810406064141297,430500
2020-09-25,25.951494216918945,25.96031245950487,25.731043197994264,25.731043197994264,248300
2020-09-28,26.19839668273925,26.2513061350256,26.11021762607741,26.224851408882422,379800
2020-09-29,25.916223526000977,26.0573120559694,25.82804445620168,26.0573120559694,433200
2020-09-30,26.1895809173584,26.26894341628858,26.06612720685159,26.12785322115112,229200
2020-10-01,26.057308197021484,26.08376292318824,25.79276766298472,26.00440042659567,186800
2020-10-02,25.80158424377441,25.995580510783512,25.71340351080388,25.775129519310976,320600
2020-10-05,25.951494216918945,26.01322023311261,25.805995737112912,25.810405699359773,576000
2020-10-06,26.374759674072266,26.48939514536628,26.233671157024087,26.233671157024087,429500
2020-10-07,26.35712432861328,26.47175980486399,26.24249053427044,26.339489524650595,433000
2020-10-08,26.68339157104492,26.70102805624226,26.45412230920289,26.533484810683127,249600
2020-10-09,26.76275634765625,26.824482369186537,26.59962305048221,26.70984856947428,132900
2020-10-12,26.992021560668945,27.062565814914908,26.842114810157813,26.895022580365364,487500
2020-10-13,27.230112075805664,27.256566806437466,27.00966103293127,27.11547827355049,628200
2020-10-14,27.16838264465332,27.318289402278538,27.11547487193494,27.186019129528702,351600
2020-10-15,27.036113739013672,27.119884523546048,26.903843459575448,26.903843459575448,480900
2020-10-16,27.159563064575195,27.23010731869457,27.027292798339825,27.124291778469352,236800
2020-10-19,26.833297729492188,27.080201789085294,26.833297729492188,27.044930501389604,248900
2020-10-20,27.00083923339844,27.14192773891563,26.80684127688156,26.80684127688156,181200
2020-10-21,26.974384307861328,27.11547281233224,26.94792958255767,27.00083903316499,177100
2020-10-22,26.921476364135746,27.04052010436681,26.87738515558296,26.921476364135746,187000
2020-10-23,27.02729606628418,27.080203842794013,26.886207540986028,26.895025784055647,130000
2020-10-26,26.013221740722656,26.16312850955568,25.907404505466683,26.07494776049369,572500
2020-10-27,25.916223526000977,25.995586034346708,25.872133991101325,25.96031474280857,301100
2020-10-28,25.46649932861328,25.7883592756262,25.41359155840757,25.66931553123259,576000
2020-10-29,25.08732986450196,25.20196366909955,24.91978659755961,25.20196366909955,439300
2020-10-30,24.97269058227539,25.09614261183303,24.84042031033395,24.90214632511277,663600
2020-11-02,25.35186767578125,25.413593693190943,25.15787138079253,25.30777814389085,158100
2020-11-03,25.42241477966309,25.46650431648528,25.32541578036465,25.37832524284089,216600
2020-11-04,25.916223526000977,26.127856320953608,25.67813768287173,25.82804445620168,325700
2020-11-05,25.8897705078125,25.96031477287842,25.669319469243,25.828044486118312,202300
2020-11-06,25.82804298400879,25.969131505935195,25.739862237327824,25.76631528399662,223500
2020-11-09,26.55994033813477,27.08020321185777,26.4982126380856,27.08020321185777,540600
2020-11-10,26.939117431640625,27.03611643111091,26.79802889527004,26.81566538279337,159000
2020-11-11,27.00083923339844,27.027292276990625,26.789204793214992,26.82447776054812,578600
2020-11-12,26.630483627319336,26.939113706763127,26.55993936888821,26.77157214418158,255400
2020-11-13,26.65693473815918,26.88620398189589,26.53348271534236,26.85093269619437,157100
2020-11-16,27.08020401000977,27.141931711878268,26.92148067950017,26.92148067950017,114000
2020-11-17,27.265380859375,27.35356159935324,27.036111608194663,27.049338130523694,86900
2020-11-18,27.089019775390625,27.37119848382727,27.053748488028383,27.31828902992229,150400
2020-11-19,27.09783744812012,27.25656244268321,27.089019205987977,27.093429168007905,137700
2020-11-20,27.221296310424805,27.34474835983503,27.177205091415416,27.186023335217296,104800
2020-11-23,27.08020401000977,27.34474625800822,27.08020401000977,27.33592801488415,280600
2020-11-24,27.600465774536133,27.62692050121841,27.27860750181988,27.388833006801104,198500
2020-11-25,27.732738494873047,27.75919154038095,27.450559781495787,27.565195251722624,373100
2020-11-27,27.600465774536133,27.79446373972404,27.556376245306733,27.644556985673265,188000
2020-11-30,27.556377410888672,27.882645659473024,27.47701490939269,27.626921669784235,753600
2020-12-01,27.776824951171875,27.82973271823998,27.494647950931853,27.65337293404376,864800
2020-12-02,27.65337371826172,27.768007497144765,27.380013269857866,27.591647707947185,711700
2020-12-03,27.600465774536133,27.83855326895344,27.53873976085188,27.591649214216435,216900
2020-12-04,27.812101364135746,27.856190895172272,27.61810339099629,27.61810339099629,334500
2020-12-07,27.4858341217041,27.512288850438697,27.34474559893532,27.441744589054306,203700
2020-12-08,27.459379196166992,27.52110521419746,27.238928170682264,27.485833924711983,278300
2020-12-09,27.29183578491211,27.51228679551105,27.26538105815345,27.51228679551105,417400
2020-12-10,27.732738494873047,27.75919154038095,27.353562478120512,27.397652008572205,397000
2020-12-11,27.521100997924805,27.653372938477663,27.46819323084821,27.653372938477663,246000
2020-12-14,27.2946834564209,27.49811069479744,27.276993691260625,27.49811069479744,187800
2020-12-15,27.54233169555664,27.560021459608887,27.369860713519103,27.43619648522066,153700
2020-12-16,27.60424423217773,27.692691365608592,27.50695390369368,27.50695390369368,138400
2020-12-17,27.74576568603516,27.75460888269096,27.61309411835133,27.63962876928592,153900
2020-12-18,27.71038055419922,27.851895289954086,27.70153567234095,27.736915199774025,405900
2020-12-21,27.250459671020508,27.418509069935062,27.11778980324118,27.22392670965798,210300
2020-12-22,27.462730407714844,27.58655707343572,27.321215664309964,27.577712191099312,200600
2020-12-23,27.73691177368164,27.8165140135848,27.480415292440703,27.657309533778488,177200
2020-12-24,27.613094329833984,27.683851712545707,27.427356832836608,27.427356832836608,47000
2020-12-28,27.73691177368164,27.8165140135848,27.480415292440703,27.613085129949784,115800
2020-12-29,27.860740661621094,27.95803267678379,27.63962367224315,27.63962367224315,294500
2020-12-30,27.88727569580078,27.975721143191954,27.75460415073648,27.85189616725329,75700
2020-12-31,27.51580047607422,27.683848184228648,27.39197380686865,27.683848184228648,132800
2021-01-04,27.51580047607422,27.82536293161599,27.51580047607422,27.56002320201194,223900
2021-01-05,27.719226837158203,27.754604679390777,27.524644487407045,27.577712094250305,197700
2021-01-06,27.781139373779297,27.896121156956447,27.49810988747986,27.70153711988398,241700
2021-01-07,27.843053817749023,27.9226560772328,27.728073713488527,27.843053817749023,202900
2021-01-08,28.08186149597168,28.45333646947984,27.8961240092176,28.13492910833156,789300
2021-01-11,28.143770217895508,28.17914974605088,28.02879012536805,28.02879012536805,247700
2021-01-12,28.32066345214844,28.497557712498388,28.17914871866396,28.223371440257093,181100
2021-01-13,28.453332901000977,28.48871242946309,28.34719768959217,28.37373402292753,182000
2021-01-14,28.42679786682129,28.45333082424251,28.311816094700507,28.373731951978844,189400
2021-01-15,28.276439666748047,28.373733367772324,28.196837416535093,28.30297431248194,145700
2021-01-19,28.01994705200196,28.541783317056687,27.98456752156285,28.541783317056687,445800
2021-01-20,28.18799591064453,28.27644136107973,28.081859008337933,28.27644136107973,154700
2021-01-21,28.09954833984375,28.205683553524604,28.02879096839358,28.13492618207444,202500
2021-01-22,28.064170837402344,28.143773096906216,27.878433356552595,27.878433356552595,273700
2021-01-25,27.95803451538086,28.13492710632291,27.77229535485452,28.02879188915545,341200
2021-01-26,27.807676315307617,28.055326292760206,27.692694522642675,27.98456891534676,528300
2021-01-27,27.66615867614746,27.92265350990949,27.62193426550657,27.62193426550657,373400
2021-01-28,27.878433227539062,28.0818604733347,27.798830968403568,27.891699708398672,297100
2021-01-29,27.551176071166992,27.825360660982064,27.45388574464542,27.71922545259694,278600
2021-02-01,27.462730407714844,27.78998430620663,27.374284958328403,27.78998430620663,175900
2021-02-02,27.41850471496582,27.453884240481607,27.27698998687993,27.38312518945003,259300
2021-02-03,27.250459671020508,27.330061929085883,27.111598553991406,27.2416147882367,427500
2021-02-04,27.43619728088379,27.4981097698734,27.20623540250181,27.33006038048104,380800
2021-02-05,27.64846611022949,27.66615587269332,27.35659177753082,27.4981065032642,398600
2021-02-08,28.064170837402344,28.064170837402344,27.71922883754485,27.81652086293601,285500
2021-02-09,28.329509735107425,28.33835630477685,28.081859768007327,28.14377225978235,261900
2021-02-10,28.32066345214844,28.33835321558117,28.046477179907143,28.046477179907143,177300
2021-02-11,28.347198486328125,28.53293595500832,28.2587530366645,28.409110975888183,577700
2021-02-12,28.32066345214844,28.400265700607044,28.250790067481223,28.32066345214844,287700
2021-02-16,28.66560745239257,28.83365515604501,28.56831543354941,28.656764257033032,589300
2021-02-17,28.709829330444336,28.78058838714443,28.47986914412409,28.53293506267164,423400
2021-02-18,28.6567611694336,28.75404980381685,28.46217715271256,28.497556678294064,604700
2021-02-19,28.77174186706543,29.03708495616512,28.72751914354133,28.77174186706543,283300
2021-02-22,28.709829330444336,28.96632585001588,28.630227078645497,28.630227078645497,201100
2021-02-23,29.14322280883789,29.24051483379558,28.807124006432563,28.82481377224104,217600
2021-02-24,29.019397735595703,29.06362046299606,28.524094416369365,28.886726179416808,362100
2021-02-25,28.97517204284668,29.240515158946533,28.904416352803825,29.107843600896608,356500
2021-02-26,28.42679786682129,28.913254538748347,28.36488538352024,28.895564775808435,923200
2021-03-01,29.063621520996094,29.24051581101481,28.630230679149136,28.842504501967188,555600
2021-03-02,29.32011032104492,29.497001190318503,29.30242055932215,29.311263753195007,207100
2021-03-03,29.46163558959961,29.55008105590433,29.39972308839065,29.408566285429814,805200
2021-03-04,29.346651077270508,29.76235215331041,29.25378233402333,29.479322638468165,349200
2021-03-05,29.488161087036133,29.65620878004957,29.32011339402269,29.56776333614301,343400
2021-03-08,29.73581314086914,29.86848469012818,29.558918866516304,29.73581314086914,248200
2021-03-09,29.9923095703125,30.14267088390492,29.90386412041883,29.92155388519309,339100
2021-03-10,30.44338607788086,30.567214428513434,30.29745142623893,30.39032015873018,226100
2021-03-11,30.43454360961914,30.6070145989335,30.37263111981284,30.505302668813567,187000
2021-03-12,30.31071662902832,30.43454160046655,30.204581421220897,30.257647338135897,180700
2021-03-15,30.77064323425293,30.814865960469884,30.46107740277878,30.46107740277878,336100
2021-03-16,30.67335319519043,30.752955457118247,30.63797366233852,30.70873272804234,181000
2021-03-17,30.735258102416992,30.894462586966387,30.4433820894174,30.4433820894174,200200
2021-03-18,30.133825302124023,30.3284093470405,30.08075600606196,30.204584363540103,330600
2021-03-19,30.16920661926269,30.257652077292228,30.071914591043434,30.1338270864597,315300
2021-03-22,30.23111724853516,30.28418654446372,30.080755930393096,30.28418654446372,194900
2021-03-23,29.92155647277832,30.07191442539589,29.841954211399035,30.07191442539589,155000
2021-03-24,29.92155647277832,30.07191442539589,29.877330370029213,29.94808943524544,276500
2021-03-25,29.9746208190918,30.06306964595389,29.76235038257828,29.895018561904788,252600
2021-03-26,30.452232360839844,30.4787653201658,30.045377905946644,30.045377905946644,404200
2021-03-29,30.682188034057617,30.81485955912561,30.39031540247588,30.41684835789866,524600
2021-03-30,30.682188034057617,30.788326603702828,30.56720964457419,30.788326603702828,212300
2021-03-31,31.7789306640625,31.92928858162568,31.42072225835728,31.49590121713886,444000
2021-04-01,31.79662704467773,32.06992599839734,31.725867981229825,31.840849772343752,298300
2021-04-05,32.026588439941406,32.21232592740945,31.8762304855086,32.12388046879933,190200
2021-04-06,32.30961608886719,32.42459787759712,32.15041157338813,32.15041157338813,173800
2021-04-07,32.15925598144531,32.34499344569339,31.84084697189,32.29192415277499,652300
2021-04-08,32.132720947265625,32.35383792584914,32.12387437869498,32.274235678599986,135800
2021-04-09,32.15925598144531,32.20347870522187,32.01774124097379,32.035431005279925,113300
2021-04-12,31.946985244750977,31.991207972764737,31.752404566694853,31.991207972764737,98300
2021-04-13,31.725866317749023,31.95140660319118,31.619731102119992,31.787778808030765,446200
2021-04-14,31.725866317749023,31.88949411290944,31.610887906641604,31.610887906641604,203000
2021-04-15,32.39806365966797,32.433439815308404,32.115034170678584,32.115034170678584,307000
2021-04-16,32.380367279052734,32.59263766543585,32.21231623469106,32.59263766543585,186900
2021-04-19,32.82260513305664,32.86682785437168,32.477663183231044,32.477663183231044,1444200
2021-04-20,32.45997619628906,32.73415911628023,32.38921713695092,32.67224662634818,262200
2021-04-21,32.681095123291016,32.78723034458045,32.486511072612174,32.61033605977949,208900
2021-04-22,32.59264373779297,32.76953800872083,32.433439231355656,32.76953800872083,234300
2021-04-23,32.71647644042969,32.80492190066783,32.5661151092512,32.63687417662414,271900
2021-04-26,32.840293884277344,33.03310656277777,32.76953483317211,32.9022063670058,705500
2021-04-27,33.00835037231445,33.096795835805274,32.946437873075254,32.96855092593704,83900
2021-04-28,34.13161849975586,34.31735596044975,33.99894695698737,34.0962389718206,362300
2021-04-29,33.70707321166992,33.82382295095157,33.539022146324704,33.76013912790325,253000
2021-04-30,33.41519927978516,33.751298057653834,33.229461813322565,33.62747308001211,262400
2021-05-03,33.32675552368164,33.415200976780994,33.15870781320177,33.30022256254739,342000
2021-05-04,33.229461669921875,33.34444345179767,33.01719124458856,33.105636692814514,288600
2021-05-05,33.070255279541016,33.14101433327188,32.94643030948938,33.08794504297373,227800
2021-05-06,33.1763916015625,33.286950096250955,32.90220869408072,33.04372343232285,441500
2021-05-07,33.47711563110352,33.69823265211207,33.21177588068885,33.29137814321105,368100
2021-05-10,32.99950408935547,33.37982561995799,32.96412455767667,33.300223360669605,655600
2021-05-11,33.034881591796875,33.12775370972871,32.74300887851019,32.74300887851019,274800
2021-05-12,32.46882629394531,32.95528312138432,32.43344675675525,32.87568084969587,406900
2021-05-13,32.74300765991211,32.88452241314332,32.4157554256858,32.4157554256858,418800
2021-05-14,33.08794403076172,33.220615565459774,32.84029409823445,32.90220658136627,122000
2021-05-17,33.6628532409668,33.733608926385614,33.494802161889,33.53018169158724,319200
2021-05-18,33.82205581665039,33.89281149802332,33.645161552251864,33.645161552251864,238800
2021-05-19,33.715919494628906,33.75129902467667,33.406357041655184,33.406357041655184,392300
2021-05-20,33.574405670166016,33.61862839695097,33.4594272553207,33.47711364685245,316000
2021-05-21,33.229461669921875,33.592093406012395,33.1852389458089,33.58325021078083,494500
2021-05-24,33.379825592041016,33.41520174971239,33.238310839422,33.3267562945672,211800
2021-05-25,33.63631820678711,33.91050451157958,33.59651876482154,33.60978524547673,334100
2021-05-26,34.04317092895508,34.07854708070471,33.6716926567771,33.73360513981054,575400
2021-05-27,34.09623718261719,34.149306471735265,33.86981293928163,33.96356902078796,742700
2021-05-28,34.0873908996582,34.211215855737464,34.04316818305518,34.0785443319514,168400
2021-06-01,34.317359924316406,34.44118491241489,34.18469174020141,34.18469174020141,482400
2021-06-02,34.63576889038086,34.68883818829993,34.3350496167952,34.35273938276822,325000
2021-06-03,34.60038375854492,34.7242087263378,34.5119383169721,34.5119383169721,258500
2021-06-04,34.70652770996094,34.715370905896265,34.582699349021446,34.69768114004776,107400
2021-06-07,34.4765625,34.56501132506614,34.39696024442932,34.529631795039684,95600
2021-06-08,34.5738525390625,34.626921831060635,34.432337801044966,34.56500934405156,97400
2021-06-09,34.5915412902832,34.848037799798185,34.58269472155378,34.67998673371307,147600
2021-06-10,34.63261413574219,35.150449841488765,34.55225990828233,34.712968363202044,427500
2021-06-11,34.596900939941406,34.70403877631085,34.52547344512817,34.659398294977784,152200
2021-06-14,34.84688949584961,35.052238429569194,34.73975166213729,35.00759794934326,301600
2021-06-15,34.587974548339844,34.918318200494525,34.45404969716475,34.811180363064715,411600
2021-06-16,34.498687744140625,34.89153213007507,34.20405786054,34.721893543112394,281500
2021-06-17,34.81118392944336,34.9808191399071,34.712972815966694,34.80225378866323,461300
2021-06-18,34.69511795043945,34.9451074131544,34.567442814352326,34.76654205156473,194800
2021-06-21,34.864742279052734,34.96741843679253,34.596896023268386,34.605822755926226,222400
2021-06-22,34.82902908325195,34.89152983623731,34.695107656183275,34.82010235045404,242400
2021-06-23,34.97188949584961,35.09688762759128,34.909392132904195,35.007603247775805,137600
2021-06-24,34.99867630004883,35.09688741432365,34.86475143406484,34.98974615919612,182700
2021-06-25,35.09687805175781,35.168302130272004,34.98973682521166,35.087947913287344,161700
2021-06-28,35.21294021606445,35.24865395582352,35.1325860045314,35.186156614169995,125500
2021-06-29,35.58793258666992,35.59685931991766,35.21294507911183,35.35579665202678,274300
2021-06-30,35.195091247558594,35.364729846573546,35.13259389187428,35.23973513520492,387400
2021-07-01,35.40044021606445,35.427223821415915,35.16830428351806,35.26651537760691,390400
2021-07-02,35.55221939086914,35.55221939086914,35.35579719788471,35.42722468837003,302300
2021-07-06,35.22187805175781,35.50758122057211,35.15938069644533,35.33794602841688,144100
2021-07-07,35.15937805175781,35.19508839078565,35.02545321139037,35.17723492419682,163600
2021-07-08,34.79331970214844,34.962954876769444,34.695108609423094,34.962954876769444,316800
2021-07-09,34.891536712646484,34.945103931690966,34.78439546285621,34.900463447203684,245400
2021-07-12,34.65939712524414,34.76653495799775,34.43619132026145,34.65047039161896,278300
2021-07-13,34.57011795043945,34.704039396833224,34.5076205942856,34.534404202394256,203100
2021-07-14,34.77546691894531,34.85582114918189,34.63082726100919,34.78439365303806,93900
2021-07-15,34.927242279052734,35.15937821599396,34.82903118310453,34.82903118310453,101800
2021-07-16,34.864742279052734,35.00759384252772,34.837958675229274,34.98527530795814,151200
2021-07-19,34.2308464050293,34.57904695672412,34.17727577944136,34.498692721267574,460200
2021-07-20,34.364768981933594,34.48976369414665,34.22191739571146,34.3736957160129,310200
2021-07-21,34.4897575378418,34.56118161527868,34.32011896796072,34.337975838782405,201000
2021-07-22,34.498687744140625,34.63261258586377,34.409406786892,34.63261258586377,217500
2021-07-23,34.4897575378418,34.59689535692205,34.311192235474806,34.42726019289083,110100
2021-07-26,35.02545928955078,35.132597136926854,34.882607691099096,34.98081880363165,621700
2021-07-27,35.230804443359375,35.26651819057671,35.00759863202661,35.02545550563528,514000
2021-07-28,35.293304443359375,35.3558018027488,35.01653139630638,35.128134310337586,370700
2021-07-29,35.355804443359375,35.4450888247631,35.08795811085001,35.400448336986685,696100
2021-07-30,35.480796813964844,35.552220901635074,35.346871966538934,35.346871966538934,222600
2021-08-02,35.84685516357422,35.98077660873606,35.75757079428255,35.75757079428255,276800
2021-08-03,36.239688873291016,36.27540261381598,35.84684794506569,35.95845082981888,302500
2021-08-04,35.92721176147461,36.08791682509304,35.83792738629696,36.03434960583712,155500
2021-08-05,36.17719650268555,36.32004807856993,36.10309201354332,36.11469915110177,328700
2021-08-06,36.16826248168945,36.25754683569126,36.08790826601276,36.19504949081493,73400
2021-08-09,36.141483306884766,36.284334884941615,36.10576956090799,36.221837532407385,162600
2021-08-10,36.75753402709961,36.76646416747335,36.50754459024521,36.57004194945881,531100
2021-08-11,36.900386810302734,36.93609715210125,36.65932412244792,36.828959315004816,428500
2021-08-12,36.72182083129883,36.73074756512867,36.632536463748586,36.72628249528856,379000
2021-08-13,36.74860382080078,36.81110117411003,36.5700384945528,36.690571537256574,214200
2021-08-16,36.95395278930664,36.998593269448776,36.67717976891517,36.83788481625682,343400
2021-08-17,37.034305572509766,37.13251666850493,36.90038413730286,36.989665094107465,377300
2021-08-18,36.6414680480957,36.99859531482606,36.62361117388161,36.80217651017204,313400
2021-08-19,36.48075485229492,36.57003580592984,36.168264702872605,36.382543759786486,300900
2021-08-20,36.43701171875,36.480759868866045,36.266480782486056,36.266480782486056,274100
2021-08-23,36.141483306884766,36.15934017987316,35.94506110986275,36.02541533538537,242100
2021-08-24,36.56110763549805,36.59682137788794,36.2218338944939,36.2218338944939,263900
2021-08-25,36.33790969848633,36.42719066788394,36.24862532323805,36.302195948387016,336200
2021-08-26,36.2039794921875,36.27986864555376,36.0968416635616,36.0968416635616,235700
2021-08-27,36.49861526489258,36.54325574604057,36.23969570604368,36.337906808079495,148200
2021-08-30,36.57004165649414,36.64682655852047,36.52540117253499,36.57897179679634,174600
2021-08-31,36.81110000610352,36.93609470875595,36.70396217609431,36.93609470875595,283800
2021-09-01,37.08788299560547,37.12359674722074,36.7843229185773,36.88253403259389,403300
2021-09-02,36.980735778808594,37.114660622849385,36.84681434061806,36.909311692943696,292900
2021-09-03,37.13251495361328,37.17715542995395,36.99234038393655,36.99234038393655,142500
2021-09-07,37.37358093261719,37.400364539630665,37.10573464493144,37.13251825194492,279300
2021-09-08,37.31108093261719,37.40929202583445,37.22179657248781,37.32000766570508,200200
2021-09-09,37.19501495361328,37.31108292505453,37.15037447408981,37.15037447408981,194300
2021-09-10,37.19501495361328,37.355723404578,37.08787712158689,37.32000965861912,178300
2021-09-13,37.212867736816406,37.275365082450726,37.088765378221126,37.16822726219902,307700
2021-09-14,37.14145278930664,37.266450928616486,37.0253881972955,37.18609668484282,184100
2021-09-15,37.46286010742188,37.48071697986309,37.168230226767285,37.2753680555644,235900
2021-09-16,37.25751495361328,37.32447738058194,37.02538240008585,37.159303848172655,473600
2021-09-17,37.2218017578125,37.33786973922493,37.07895016755511,37.16823454012258,375700
2021-09-20,36.9093132019043,37.15037588752292,36.65932378238146,36.9093132019043,409200
2021-09-21,36.82895660400391,36.95216664022794,36.71288863561384,36.900384094044,270700
2021-09-22,36.775386810302734,36.92716852711301,36.73074633095274,36.864671174852965,411600
2021-09-23,36.8378791809082,36.936090265707065,36.7753818370998,36.88252306007118,279300
2021-09-24,36.793251037597656,36.85574840234992,36.70397006105184,36.75753728463896,296500
2021-09-27,37.20394134521485,37.30215244277393,37.05216303506006,37.20394134521485,252300
2021-09-28,37.18608474731445,37.328936311959104,37.05215991540073,37.24858209398087,406300
2021-09-29,36.918243408203125,37.23966035259258,36.88253306337708,37.19501986717198,418100
2021-09-30,37.32000732421875,37.534286380718456,37.22179623190014,37.48964590398729,389600
2021-10-01,37.47179412841797,37.489651002709046,37.20394441990234,37.36465288267151,254800
2021-10-04,37.25751495361328,37.45393716449453,37.15037711397374,37.44500702444511,242200
2021-10-05,37.94498825073242,38.016415745777294,37.686068689970384,37.80213666649309,232700
2021-10-06,37.95391845703125,37.99856234844391,37.7307126233709,37.89142109607441,258200
2021-10-07,37.9807014465332,38.123553028697415,37.88695541503641,37.90927395252591,209600
2021-10-08,38.08784103393555,38.15033839114195,37.94498944519941,38.04320055105247,96400
2021-10-11,37.82891845703125,37.9807001737853,37.79320811707464,37.86463220283812,178600
2021-10-12,37.90034866333008,38.07444892929599,37.882491789147615,37.882491789147615,129400
2021-10-13,38.26640319824219,38.32890055026627,38.07891114216995,38.16819210053285,207500
2021-10-14,38.49853515625,38.50746529546254,38.33782670892624,38.49853515625,245500
2021-10-15,38.83781051635742,38.83781051635742,38.5431772155631,38.605677975063685,268000
2021-10-18,38.60567855834961,38.75567220937644,38.57889154505883,38.68603278652117,285000
2021-10-19,38.92708969116211,38.92708969116211,38.677100288030026,38.677100288030026,284500
2021-10-20,39.23064422607422,39.35117724705156,39.052082337862856,39.14136328196854,205300
2021-10-21,39.29315185546875,39.3824362287997,39.15923040424822,39.25744151198697,385600
2021-10-22,39.23064422607422,39.35564231601176,39.12350641197746,39.310998438109216,176800
2021-10-25,39.18601608276367,39.26190524971479,39.0163808732522,39.15923247227522,158600
2021-10-26,38.95387649536133,39.16369048866556,38.900305878182536,39.034230718204434,181400
2021-10-27,38.79317474365234,38.94763348094625,38.74853425789213,38.89138585583525,225700
2021-10-28,38.828887939453125,38.83781467413724,38.552111482335775,38.79317418901527,384100
2021-10-29,38.60567855834961,38.641388899653336,38.40925635485235,38.58782168477255,472100
2021-11-01,38.58782196044922,38.60567883415385,38.3913997555487,38.5163944656307,192200
2021-11-02,38.63246154785156,38.75745625504125,38.5431771813944,38.61460467456013,461500
2021-11-03,38.26640319824219,38.40925477513298,38.141408494194025,38.39139790229035,449200
2021-11-04,38.40925598144531,38.55210756282261,38.27533113384456,38.49853694261225,1283700
2021-11-05,38.60567855834961,38.62353202607628,38.3646158738349,38.507467456600985,240700
2021-11-08,38.92708969116211,39.0342309260903,38.819951862084096,38.819951862084096,185000
2021-11-09,38.58782196044922,38.77531402557222,38.48068071822144,38.69495979682659,293900
2021-11-10,38.828887939453125,39.04316363037887,38.78424404848045,38.89138529979402,301500
2021-11-11,39.2574348449707,39.28421844949608,39.069939395743006,39.11458327775199,369800
2021-11-12,39.3199348449707,39.38243219697883,39.212793607942274,39.23065048078034,177600
2021-11-15,39.08780288696289,39.12351663627826,38.95388143580615,39.05209254349812,254900
2021-11-16,38.87351989746094,38.94940904610667,38.65031411496176,38.65031411496176,391900
2021-11-17,38.77531051635742,38.88244834303868,38.73067003906107,38.87352160991945,119800
2021-11-18,38.48067855834961,38.587819794563686,38.311043376452645,38.49853543105196,721500
2021-11-19,38.40032958984375,38.49854070022338,38.31104861996264,38.40032958984375,276500
2021-11-22,36.73967742919922,37.534289562258415,36.641466328555886,37.534289562258415,442700
2021-11-23,37.105735778808594,37.105735778808594,36.97181092794808,36.989667801786176,212000
2021-11-24,37.275367736816406,37.35482962645275,37.195013514443154,37.275367736816406,197600
2021-11-26,35.74864196777344,36.60575142770091,35.64150073089482,36.60575142770091,401900
2021-11-29,35.30223083496094,35.57900385262299,35.248660215808464,35.507579766269984,503100
2021-11-30,35.16830825805664,35.24419741902912,34.88260508251865,35.070097152868485,970400
2021-12-01,35.275447845458984,35.76650339573351,35.1950936104914,35.311161595633614,796500
2021-12-02,35.89149856567383,35.96292266106828,35.53436787114942,35.53436787114942,968100
2021-12-03,35.76649856567383,36.05220171678698,35.641500456942886,35.98077422608358,302200
2021-12-06,36.364688873291016,36.44504309828956,35.936134141915545,36.05220211265794,347500
2021-12-07,36.43611526489258,36.55217982628112,36.3691528451068,36.3691528451068,325400
2021-12-08,35.99863815307617,36.04327864058847,35.721861681138535,35.873643425701395,126400
2021-12-09,35.45400619506836,35.672750317339684,35.44507946221137,35.54329055288829,445800
2021-12-10,35.498653411865234,35.641505005653094,35.471869802358334,35.498653411865234,424300
2021-12-13,35.5381965637207,35.85277203874132,35.466291638792825,35.78087054242898,322200
2021-12-14,35.664024353027344,35.7628919038402,35.53819417148927,35.664024353027344,293300
2021-12-15,36.257232666015625,36.2841953015275,35.95164355862269,35.95164355862269,303800
2021-12-16,36.78751754760742,37.00322547721849,36.71561261865992,36.76055491355997,288200
2021-12-17,36.66168594360352,36.75156367272295,36.571804785868494,36.67966217515052,98400
2021-12-20,36.43699264526367,36.44597904782764,36.21229486638851,36.293186203928215,264000
2021-12-21,36.760555267333984,36.88638546558735,36.64371147097767,36.64371147097767,198500
2021-12-22,36.83245468139648,36.84144451139993,36.45496410802535,36.45496410802535,124200
2021-12-23,36.94031524658203,36.96728131279871,36.63472611551696,36.77853256374662,270800
2021-12-27,36.97626495361328,37.012217420139045,36.57180827673827,36.57180827673827,338700
2021-12-28,37.06614685058594,37.16501099255674,37.039180785852096,37.039180785852096,87200
2021-12-29,36.85942077636719,36.89537324252684,36.724604171192325,36.77852944181591,148400
2021-12-30,37.001495361328125,37.04645396326165,36.93405574336711,36.97451745607084,139400
2021-12-31,36.7677001953125,37.05543932511222,36.71375125230068,36.91156976021236,152900
2022-01-03,37.19032287597656,37.28024007821997,36.88459958617902,36.95653266194947,74700
2022-01-04,37.199310302734375,37.37015777574943,37.09140898249195,37.31620540056766,83500
2022-01-05,37.46906661987305,37.74781542281275,37.46906661987305,37.60394584745189,313100
2022-01-06,37.5679817199707,37.70286096235543,37.451090035367,37.59495962652062,243100
2022-01-07,37.67588424682617,37.70285872165136,37.5050367592762,37.60394774046378,169800
2022-01-10,38.269344329833984,38.41321390351256,37.92765280605192,37.92765280605192,206200
2022-01-11,39.13256072998047,39.17751932741025,38.79086921529612,38.79086921529612,217500
2022-01-12,39.62711715698242,39.67207576007928,39.46526344173652,39.46526344173652,360100
2022-01-13,39.78897857666016,39.93284819250082,39.71704205367872,39.8609150996416,404000
2022-01-14,39.79795837402344,39.85191075195334,39.57316194449748,39.68106670035728,641000
2022-01-18,40.04074096679688,40.166626424917055,39.970605273004416,40.1306616012552,653700
2022-01-19,40.418399810791016,40.5263011394554,40.3419698459088,40.46335841189106,362800
2022-01-20,40.55327606201172,40.796056626779205,40.49932711214434,40.49932711214434,328300
2022-01-21,40.17562103271485,40.55327741487083,40.02275766604107,40.49932846320371,1530100
2022-01-24,39.29441833496094,39.70804296066796,39.006679166632445,39.66308435876441,679900
2022-01-25,40.0857048034668,40.135156866993015,39.59114986698828,39.77998149278991,1426800
2022-01-26,40.03175354003906,40.33747685926694,39.96881080638524,40.23856586920473,507600
2022-01-27,40.15763092041016,40.37793044383466,40.09468819943173,40.22057364138858,696000
2022-01-28,40.21158981323242,40.25654841691695,39.89687272719753,40.13066295455163,849000
2022-01-31,40.93992614746094,40.96690405247487,40.38243194224675,40.49932705031666,930500
2022-02-01,40.63420486450195,40.6611827708501,40.36444981187162,40.5532780057007,768800
2022-02-02,40.27452850341797,40.32847745037773,40.05872242521518,40.22057612633696,767800
2022-02-03,40.17562103271485,40.2295734145035,39.869897729488855,39.92385011127752,413100
2022-02-04,40.21158981323242,40.35545940309587,40.02275818956285,40.03175196837271,555500
2022-02-07,40.57126235961914,40.57126235961914,40.27003593966974,40.32848178186061,355800
2022-02-08,40.32848358154297,40.42739457283503,40.15763950666145,40.22957602037268,241800
2022-02-09,40.34646224975586,40.38243050174378,40.15763407200125,40.24755127184974,319100
2022-02-10,40.43638610839844,40.64319842866009,40.11267867490312,40.11267867490312,441100
2022-02-11,40.373443603515625,40.56227179740466,40.27453261715806,40.355459475985015,290300
2022-02-14,40.1666259765625,40.22057835663526,40.04973429825368,40.22057835663526,226200
2022-02-15,40.8859748840332,40.89946212071624,40.481340632935776,40.65218468112303,486700
2022-02-16,41.39850997924805,41.61431262391981,41.1197611805824,41.20068802986461,497600
2022-02-17,41.1197624206543,41.317584376003566,41.07480382083527,41.1197624206543,922800
2022-02-18,41.047828674316406,41.18270447156328,40.94891769826263,40.94891769826263,562400
2022-02-22,41.1197624206543,41.55586804215358,41.0568196948834,41.38052710177446,894000
2022-02-23,41.16472244262695,41.26363342371875,40.88597705604615,41.25464307549287,1209900
2022-02-24,40.73310852050781,40.73310852050781,40.16662061084402,40.26553157937019,585500
2022-02-25,40.99388122558594,41.074808085711496,40.55327866931976,40.60723105277735,642100
2022-02-28,41.89305877685547,41.89305877685547,41.34455499192993,41.34455499192993,814800
2022-03-01,42.03693008422852,42.07289833426762,41.69523856909927,41.8121336666658,1099300
2022-03-02,42.09988021850586,42.09988021850586,41.69524590963205,41.83012515596389,939100
2022-03-03,42.15382766723633,42.522493676571344,42.09987528899658,42.30668759373365,710700
2022-03-04,42.0009651184082,42.12685057326743,41.65927700668215,41.70423560768596,1197600
2022-03-07,42.27970886230469,42.48652114621672,42.22126303102117,42.41458464914073,692300
2022-03-08,42.75627899169922,42.93611681622072,42.36063852184888,42.36063852184888,542600
2022-03-09,42.27970886230469,42.40559430206671,42.063902801197656,42.2707150851097,1093400
2022-03-10,42.11785507202149,42.15382332047239,41.90204901143701,42.08188682357058,415700
2022-03-11,41.920040130615234,42.21677308466787,41.8750815276101,42.18979517876756,330600
2022-03-14,41.416500091552734,41.67726137238161,41.26363671853556,41.52440142948612,447300
2022-03-15,41.4704475402832,41.55587128769592,41.06581325006716,41.18270836282325,417000
2022-03-16,42.53148651123047,42.56745476549325,41.92003990924922,41.9739922906434,957600
2022-03-17,42.396610260009766,42.5674543207909,42.15382969145458,42.5674543207909,866500
2022-03-18,42.44156646728516,42.48652506704613,42.08189080895477,42.26172863811996,322000
2022-03-21,42.58543014526367,42.612404615359246,42.342649624041066,42.612404615359246,368400
2022-03-22,42.747291564941406,42.8551928949787,42.50451099976642,42.50451099976642,395800
2022-03-23,42.69333267211914,42.923524656505975,42.65736442421975,42.75627539088262,439200
2022-03-24,43.00805282592773,43.05301142401333,42.612408930483625,42.82821500346415,730400
2022-03-25,42.91813278198242,42.99546486465528,42.79224733358616,42.97208515848991,371100
2022-03-28,42.93611907958984,43.124947261736914,42.67535439179357,42.9451094277353,1000000
2022-03-29,43.565547943115234,43.5835320687678,43.246337430555016,43.25982466726413,562100
2022-03-30,42.83721160888672,43.322772771435005,42.71132614380864,43.322772771435005,1168500
2022-03-31,42.67535400390625,43.00805519432772,42.67535400390625,42.94510903739611,370900
2022-04-01,43.00805282592773,43.04401764632352,42.78325640537855,42.83720535103281,422200
2022-04-04,43.29579162597656,43.376718473936414,43.23284890313236,43.25082959812687,303400
2022-04-05,43.07100296020508,43.41269110854454,43.04402505261488,43.3857166310761,566800
2022-04-06,43.45764923095703,43.74538839844758,43.34075412225105,43.69143601824756,569800
2022-04-07,43.79034805297852,43.92522386153893,43.57454195711172,43.92522386153893,378300
2022-04-08,43.92522048950195,43.98816321468915,43.763366787557366,43.88925566805303,195300
2022-04-11,44.914337158203125,44.93232128812495,44.41978559078012,44.59062967985438,2978400
2022-04-12,45.12114334106445,45.42686664771257,45.08517508613607,45.3009811855848,1022900
2022-04-13,45.058197021484375,45.058197021484375,44.85138471729943,45.058197021484375,480700
2022-04-14,45.058197021484375,45.166098347554495,44.96378293240785,45.12113974753539,291300
2022-04-18,45.876461029052734,45.91242928514547,45.50779497940637,45.6156963175629,200800
2022-04-19,45.13912582397461,45.16160340989474,44.75247567288524,44.94130385919731,2414900
2022-04-20,45.45384216308594,45.55725004083893,45.30098222132774,45.37291530270758,743000
2022-04-21,44.698524475097656,45.13912701827147,44.68953412651603,45.13912701827147,321800
2022-04-22,44.46473693847656,44.73449198300304,44.44675281149193,44.545663794846654,757100
2022-04-25,44.67154693603516,44.78844204030993,44.32086505333214,44.65356280998355,1199800
2022-04-26,44.16799545288086,44.41976975188843,44.04211001843749,44.41976975188843,884200
2022-04-27,45.24702835083008,45.37741070105078,44.59062314049663,44.824409934950666,887400
2022-04-28,45.80451965332031,45.86746237973848,45.29198406384597,45.29198406384597,873500
2022-04-29,45.56174087524414,45.96637515382351,45.399890593933854,45.87645794974875,487400
2022-05-02,45.59770965576172,45.72359511496947,45.32795461029919,45.57972552871468,323200
2022-05-03,45.390899658203125,45.65166436852122,45.30997279741894,45.65166436852122,631500
2022-05-04,45.30098724365234,45.46284098235308,44.97727976625087,45.31897137352154,549900
2022-05-05,44.90533065795898,45.24702216943945,44.67154389544356,45.24702216943945,385500
2022-05-06,45.004241943359375,45.05819431821822,44.62208872094228,45.04021019326528,303200
2022-05-09,45.112152099609375,45.54376432278292,44.96828250192545,45.27400582576901,1835200
2022-05-10,44.19497680664063,44.446747695200976,43.98816108518479,44.446747695200976,973000
2022-05-11,43.57454681396485,43.95220666629562,43.53408509592328,43.76337502506928,992300
2022-05-12,41.866092681884766,42.12685396072344,41.58734384505251,42.08189535610448,3099900
2022-05-13,42.59442901611328,42.72930825382543,41.84810660977152,42.02794445001388,1081600
2022-05-16,41.90205764770508,42.26173334610357,41.8211307870715,42.26173334610357,542400
2022-05-17,41.12876129150391,41.44347495932815,40.95791378886642,41.36254809758452,1410900
2022-05-18,40.84101486206055,41.45246144263038,40.82303416568032,41.36254424024363,1917000
2022-05-19,40.643192291259766,40.77357462284684,40.43638000222818,40.49032894624969,822800
2022-05-20,40.51730728149414,40.98488423869807,40.319485337644494,40.97589046118431,724600
2022-05-23,39.75300216674805,39.87439416686619,39.65409118298408,39.76199594533832,1131700
2022-05-24,39.80694580078125,39.92384088591783,39.48773533339971,39.7709775545668,1452400
2022-05-25,41.101783752441406,41.18271061491012,40.70614321932866,40.787070081797374,715000
2022-05-26,40.9848861694336,41.10177784165034,40.65218498817321,40.81403868983468,854500
2022-05-27,41.434478759765625,41.45245945528381,41.073904415455885,41.09278723285909,516200
2022-05-31,42.0549201965332,42.31568490125964,42.01895194137336,42.1897960082002,2241200
2022-06-01,41.29060745239258,42.27072004425221,41.16472199786184,42.27072004425221,1180100
2022-06-02,41.32658004760742,41.37153865321802,40.85001265391602,41.12876149689647,875500
2022-06-03,40.9848861694336,41.33556804632636,40.9848861694336,41.27262532124926,460000
2022-06-06,41.40750503540039,42.11786263430656,41.19170236618939,41.71322834188396,2757700
2022-06-07,41.20968627929688,41.27262900999949,41.06671538238048,41.13774976985299,499100
2022-06-08,40.76009368896485,41.02085496233555,40.706141306480426,41.02085496233555,312300
2022-06-09,40.42405319213867,40.90410468963621,40.396878053745326,40.90410468963621,352700
2022-06-10,40.30630111694336,40.82258379865461,40.23383869239511,40.48745372311541,453900
2022-06-13,39.19221878051758,39.65415466181568,38.80274187139232,39.65415466181568,930600
2022-06-14,38.85708618164063,39.26014890605936,38.73027694193267,39.165044567677256,1019200
2022-06-15,39.29185485839844,39.391488973424906,38.91596377178,39.02012765254373,838600
2022-06-16,38.54913330078125,38.621592278620845,38.14154075293673,38.46761479121235,2003900
2022-06-17,38.35892105102539,38.64876387209693,38.33174936629961,38.45855516861854,721000
2022-06-21,37.95133209228516,38.33174950057453,37.94227256054551,38.09625350332858,258300
2022-06-22,36.88253402709961,37.04104127469568,36.77837014713713,36.91876178712239,631800
2022-06-23,36.71043395996094,36.86441488227868,36.529284811632095,36.79195245878832,517200
2022-06-24,37.21765899658203,37.27200581191858,36.78289483948475,36.87346940984729,490100
2022-06-27,37.0274543762207,37.21766306790844,36.98216708608536,37.19049138486698,237100
2022-06-28,37.75205612182617,38.02378327996173,37.6252503450428,37.86980582392429,955400
2022-06-29,38.00567626953125,38.1777728242516,37.89698607273881,38.1053103895906,626400
2022-06-30,37.48938751220703,37.64336843360358,37.3127646750041,37.53467479901831,397400
2022-07-01,37.58901977539063,37.66148219489863,37.20860243856862,37.20860243856862,207600
2022-07-05,36.39342498779297,36.90065166318208,36.29379086805591,36.74667071762506,964500
2022-07-06,37.01839447021485,37.1361441875334,36.80101409768691,36.973107180538086,527400
2022-07-07,37.56185150146485,37.77923186930239,37.19954628147074,37.44410178668696,800200
2022-07-08,37.453155517578125,37.64336764652598,37.39881215662025,37.51655840882793,468900
2022-07-11,37.25389862060547,37.40787611603731,37.09991766997447,37.33541713442208,361400
2022-07-12,36.91876220703125,37.1723772612684,36.85535930727169,36.96405295417285,898100
2022-07-13,36.59268951416016,36.7557265198774,36.41153690167448,36.46588026678109,637900
2022-07-14,36.3481330871582,36.39342037533565,35.88619376423183,36.2937862682261,1277100
2022-07-15,36.61080932617188,36.61986885905106,36.40248498754312,36.48400350745867,751700
2022-07-18,37.59807968139648,37.81093374139271,37.53467678546553,37.643370425803184,294800
2022-07-19,38.422325134277344,38.463086117819024,38.29551932805714,38.30457886004377,308400
2022-07-20,38.61254119873047,38.648768964738814,38.44497439204409,38.45856023619714,298000
2022-07-21,39.02012634277344,39.05635410185885,38.75745522201133,38.7936864362955,693600
2022-07-22,38.85708618164063,39.1197538258966,38.74839254760524,39.02917925273226,179500
2022-07-25,38.5672492980957,38.6849955701727,38.46761517926208,38.5672492980957,499700
2022-07-26,38.53101348876953,38.84802796072941,38.51289788248632,38.78462506633743,599500
2022-07-27,39.2556266784668,39.3733764103488,38.87611451407064,39.01107113772684,1530700
2022-07-28,39.54546356201172,39.67226935178257,39.2827924516586,39.52734795558751,1023900
2022-07-29,39.91682815551758,40.03457787940965,39.56358243904025,39.65415702345022,492900
2022-08-01,40.12514877319336,40.21572680447106,39.92588401477962,40.04363027264273,528400
2022-08-02,40.09797668457031,40.36970386524924,39.998342578775045,40.12514836607863,390100
2022-08-03,39.91682815551758,39.99925192568236,39.853425255390825,39.889656471234375,1120100
2022-08-04,39.90777206420898,40.04272867865712,39.90777206420898,40.04272867865712,514600
2022-08-05,39.90777206420898,40.03910763019347,39.77190673244602,39.91682814056702,812500
2022-08-08,40.161380767822266,40.26101487656875,40.03457497676262,40.09797787229245,262300
2022-08-09,40.37876892089844,40.41499668280038,40.24290358436929,40.35159378047319,467200
2022-08-10,40.98563003540039,41.07620463129943,40.78636177818327,40.87693982928167,196900
2022-08-11,41.03996658325195,41.30263422762599,41.01279144713165,41.08525386985448,402000
2022-08-12,41.42038345336914,41.45661466430756,41.06713778471571,41.06713778471571,451500
2022-08-15,41.41133499145508,41.4475627538553,41.212066749858,41.31170087065654,329700
2022-08-16,41.39321517944336,41.39321517944336,41.221118640921496,41.30263714464271,413900
2022-08-17,41.701171875,41.837033738824,41.45661637387849,41.583422162193656,197900
2022-08-18,41.4747314453125,41.57436555061789,41.32075052205912,41.53813433865256,411800
2022-08-19,41.37510299682617,41.46115127320875,41.20300989926004,41.311700094817645,952200
2022-08-22,41.32075500488281,41.34793014440427,41.05808732763412,41.302639396934815,622300
2022-08-23,40.79541397094727,40.99015242677212,40.75012668114587,40.895048081629575,630700
2022-08-24,40.98563003540039,41.04903294356959,40.73201840272358,40.73201840272358,189400
2022-08-25,41.52001953125,41.58795219119195,41.35698252946876,41.37509813579986,279500
2022-08-26,41.14866638183594,41.79175498544851,41.11243516200442,41.71929600098478,270800
2022-08-29,41.49285125732422,41.578896075465856,41.35698592628116,41.42038882604822,295900
2022-08-30,40.63238525390625,41.17583975280384,40.482934057389606,41.17583975280384,617900
2022-08-31,40.161380767822266,40.46027963886304,40.07986226568411,40.39687674333322,587200
2022-09-01,39.934940338134766,39.9621120200874,39.70850044133319,39.84436576149358,762600
2022-09-02,39.95305633544922,40.15232455224804,39.89870951581354,40.070806050393855,418200
2022-09-06,39.454891204833984,39.67227158375714,39.32808195273017,39.645099900191454,588300
2022-09-07,39.05635833740234,39.10164563256945,38.9386120610077,39.01107104223525,327700
2022-09-08,38.94766616821289,39.01106906928011,38.811800834383725,38.93861009171713,435500
2022-09-09,39.0654182434082,39.2556269580498,39.0110714155681,39.09258992972867,750600
2022-09-12,39.92588806152344,40.00740311513754,39.62698571080927,39.69038861153065,476400
2022-09-13,39.18316650390625,39.66322153612379,39.11070751831829,39.51830010974853,350800
2022-09-14,39.174102783203125,39.40054268368407,39.02918138510327,39.21939007225958,470600
2022-09-15,38.79368209838867,39.11069654992974,38.75745088815587,39.01106244938872,419900
2022-09-16,38.6668815612793,38.76651568423453,38.54007575213596,38.67594109347477,293700
2022-09-19,37.66148376464844,37.71582712634616,37.48485747353539,37.60713694775223,513200
2022-09-20,37.543739318847656,37.68866072902207,37.453161277989295,37.68866072902207,376800
2022-09-21,37.3082389831543,37.79735002659465,37.24483608365635,37.61619740437242,375300
2022-09-22,37.29012680053711,37.389760924670746,37.199552208706095,37.235783427518186,287600
2022-09-23,36.81912612915039,37.03650648056887,36.76477931369658,36.9459319100109,396400
2022-09-26,35.623531341552734,36.01300484122657,35.55106890566981,35.99489268745495,1436100
2022-09-27,36.20320892333984,36.23038060312872,35.877134945079945,36.13074650363838,907100
2022-09-28,37.2086067199707,37.26295008565638,36.68598026988907,36.75572691153016,646200
2022-09-29,37.22672271728516,37.55279676587787,37.07274522500476,37.453162644896864,738000
2022-09-30,37.13614654541016,37.37164253980083,37.06368411316752,37.25389627020496,525500
2022-10-03,38.367977142333984,38.50383900897931,38.06907481635667,38.18682453160822,543800
2022-10-04,39.16504669189453,39.2465651942432,38.8661443648832,38.875200440611415,514300
2022-10-05,39.228458404541016,39.2737457037582,38.79369411269713,38.88426871113148,570800
2022-10-06,39.07447052001953,39.183160709929226,38.929549115073655,38.929549115073655,343000
2022-10-07,38.87520217895508,38.95672068494893,38.75292614756372,38.938608532682586,142900
2022-10-10,38.17776870727539,38.34986178823868,38.087190673716805,38.21399646550014,352400
2022-10-11,38.0328483581543,38.23211312708378,37.85169574123759,37.98755761252603,463600
2022-10-12,37.98755645751953,38.186824675589065,37.942269168467,38.023787670841024,192800
2022-10-13,38.11436462402344,38.15965191179257,37.136142623256966,37.37163859277561,344700
2022-10-14,37.65243148803711,38.35892296780214,37.65243148803711,38.31363567259653,256500
2022-10-17,38.50384140014648,38.58535990727561,38.31363270191148,38.42232289301736,397500
2022-10-18,39.03824234008789,39.16505160257356,38.766515116588266,39.06541748107723,321000
2022-10-19,39.16504669189453,39.2375056633163,38.9748345496152,39.038237445308745,247000
2022-10-20,39.980228424072266,40.14779519491994,39.56357983489277,39.608867124116856,647700
2022-10-21,40.17043685913086,40.25195536130067,39.74473219686507,39.953056490143794,331200
2022-10-24,40.12514877319336,40.17949559195998,39.871537196013,40.17043606123291,392000
2022-10-25,40.025516510009766,40.08439309685185,39.790020528237726,39.83530781836326,340600
2022-10-26,39.50017166137695,39.59074622772359,39.13786648559397,39.14692601534757,715900
2022-10-27,38.91143035888672,39.115228335575,38.89331475283453,39.04729567667891,394500
2022-10-28,39.083526611328125,39.110698292614245,38.829006321579975,38.82991158359637,165700
2022-10-31,38.80274963378906,38.88426815329027,38.58536576338602,38.64876867242037,540600
2022-11-01,38.1687126159668,38.23211551757213,37.987559987723394,38.12342532270569,390000
2022-11-02,37.84263610839844,38.295515921874525,37.78829274210853,37.98755751050284,480500
2022-11-03,37.82451629638672,37.93773623716939,37.67959491039284,37.69771051554187,298000
2022-11-04,38.61254119873047,38.6668845753427,38.19588906523993,38.45856023619714,874000
2022-11-07,38.4313850402832,38.52195962983652,38.27740409180362,38.44044111715889,407500
2022-11-08,37.87887191772461,37.95133435516645,37.69319296837848,37.9060436041657,713000
2022-11-09,37.31730270385742,37.65243284671091,37.28107148430589,37.57997386280712,510200
2022-11-10,37.48938751220703,37.50750311797125,37.19954473037666,37.28106322871636,615600
2022-11-11,37.94226837158203,37.9603839778623,37.66148511223432,37.706772400335694,472100
2022-11-14,36.72854995727539,37.000277137863165,36.69231874514407,36.93687424423264,818300
2022-11-15,36.38436508178711,36.76478594821722,36.34813732014535,36.719498654765765,990500
2022-11-16,36.61986923217773,36.70138775292389,36.538350711431576,36.61986923217773,334800
2022-11-17,36.94593811035156,36.99122540323075,36.5474016405372,36.57457678042388,549500
2022-11-18,36.791954040527344,36.85988670167044,36.64703264251477,36.83724132955652,512200
2022-11-21,36.148868560791016,36.26661828622392,35.84091013248885,36.26661828622392,355200
2022-11-22,36.302852630615234,36.33002431759528,36.08546876917715,36.08546876917715,356000
2022-11-23,36.29378890991211,36.39342302427365,36.185098719335365,36.185098719335365,630000
2022-11-25,36.04922866821289,36.10357548398269,35.9677101721574,36.04922866821289,151300
2022-11-28,35.56011962890625,35.80467513039412,35.532947947140464,35.68692887260998,603700
2022-11-29,35.47860336303711,35.56012186866753,35.3789727052211,35.47860336303711,428000
2022-11-30,35.714107513427734,36.0990547193123,35.44419080164437,35.92243184302174,1095600
2022-12-01,35.41519546508789,35.768444576416,35.38802378544663,35.723153836749454,542400
2022-12-02,35.50577926635742,35.5872977737434,35.383499777679006,35.48766365858288,377900
2022-12-05,33.96599197387695,34.418871866861984,33.94787636353363,34.418871866861984,1334000
2022-12-06,34.10184860229492,34.49132548706917,34.07467346613029,34.41886306422815,354500
2022-12-07,33.54933547973633,33.71237247961572,33.53121987361656,33.603678842897075,338100
2022-12-08,33.91164016723633,34.10185232033311,33.875412407064495,33.956930914049146,338500
2022-12-09,33.993160247802734,34.08373829042246,33.875413975195634,34.08373829042246,275900
2022-12-12,33.43159103393555,33.44970664290902,33.10551698281131,33.277613540459726,302400
2022-12-13,34.118350982666016,34.42052808422373,34.021289495624536,34.237390764466376,584800
2022-12-14,33.98099899291992,34.12750814313162,33.687980692496524,33.85280392311639,368700
2022-12-15,33.88027572631836,34.10004121391928,33.84364756287589,34.045098968755575,220000
2022-12-16,33.77039337158203,33.970010916127855,33.69713704764175,33.907743739389375,318200
2022-12-19,33.62388229370117,33.72002859358354,33.51857720732319,33.58725413382591,144200
2022-12-20,33.98099899291992,34.1183493564007,33.90774267128723,33.93521553842633,244100
2022-12-21,34.10919189453125,34.15497534611456,33.84364298507321,33.92605459514455,449600
2022-12-22,33.550628662109375,33.660509657485505,33.41327829115267,33.660509657485505,183300
2022-12-23,33.7154541015625,33.74292347893539,33.495692096471224,33.52316147384411,439400
2022-12-27,34.37474060058594,34.53040503365878,34.07622774747642,34.16413393010615,222700
2022-12-28,34.5120964050293,34.79595943688224,34.493782323001305,34.72270310877026,142800
2022-12-29,34.92414855957031,35.061502404819166,34.750170049568034,34.81426757920326,159700
2022-12-30,34.5395622253418,34.96993083947584,34.41136717036343,34.96993083947584,200100
2023-01-03,35.21717071533203,35.44609148726173,35.171387259556845,35.23548479625286,539700
2023-01-04,35.01572036743164,35.08439379977455,34.87836651663875,34.89668059628137,618500
2023-01-05,34.74101638793945,34.855476778178776,34.667763554574314,34.75017517526879,463600
2023-01-06,35.20801544189453,35.27211297862786,34.81427143450193,35.02487812563341,194700
2023-01-09,35.363677978515625,35.43693429828144,35.327053311686306,35.400306138398534,365200
2023-01-10,35.299583435058594,35.43693729972633,35.16223306344474,35.345366892263215,323600
2023-01-11,35.1805419921875,35.272112395330645,34.99740817200864,35.19885607281613,344400
2023-01-12,35.92224884033203,35.93598352842001,35.63838581198264,35.684172763014494,673600
2023-01-13,35.99550247192383,36.06417590722095,35.82152045436131,35.88561798934108,107600
2023-01-17,35.53766250610352,35.58344596267003,35.26295478059678,35.42777801867929,427000
2023-01-18,35.171382904052734,35.43693180493942,35.153068825399856,35.38198956898079,486600
2023-01-19,35.52850341796875,35.629229117394054,35.33621080618615,35.33621080618615,901500
2023-01-20,35.71164321899414,35.752847284503964,35.50103651148451,35.62007630026962,267400
2023-01-23,35.7757453918457,35.91309928076685,35.57429395290922,35.6200809112526,430200
2023-01-24,35.81236267089844,35.85814612226476,35.72079227511238,35.73910635426959,294100
2023-01-25,35.9405632019043,35.97261197204371,35.661279565094866,35.77573995745762,520600
2023-01-26,36.01382064819336,36.123701650219154,35.94056431814011,35.98634777789636,506600
2023-01-27,36.03212356567383,36.20610556597892,36.02296827289356,36.18779148736505,261600
2023-01-30,35.66585159301758,35.8215160178167,35.65669280740984,35.69332096373431,906800
2023-01-31,35.9039306640625,35.91308945044598,35.60084190139718,35.638381747798135,570000
2023-02-01,35.71164321899414,35.83068300777926,35.528505888491054,35.684173841987594,490400
2023-02-02,35.54681396484375,35.592597416470426,35.36367666528361,35.491871727059674,334800
2023-02-03,35.299583435058594,35.60176054010606,35.276693452983224,35.464406675438326,401800
2023-02-06,34.80511474609375,34.97451738513388,34.686078452442395,34.914999238308205,597600
2023-02-07,34.438838958740234,34.56703402271738,34.31979918802424,34.47546711789185,973400
2023-02-08,34.457157135009766,34.6311356720844,34.2831751048812,34.58535221422833,363500
2023-02-09,34.05425262451172,34.2465487268051,34.00846916893853,34.2465487268051,552000
2023-02-10,34.17329406738281,34.24655039430985,34.04509898831443,34.15497998565105,393300
2023-02-13,34.795955657958984,34.85547379829567,34.5853489770904,34.5853489770904,704800
2023-02-14,34.457157135009766,34.667763835590826,34.33811735014084,34.466312429359405,320700
2023-02-15,34.98825454711914,35.02946210787649,34.72270557840714,34.72270557840714,609300
2023-02-16,34.83258438110352,34.91957189637812,34.75017276612245,34.78680092679263,220800
2023-02-17,34.75017547607422,34.75017547607422,34.53040998796867,34.68607793642967,292800
2023-02-21,33.7520751953125,33.93521248988858,33.724605823694766,33.92605370398043,361200
2023-02-22,33.61471939086914,33.76122851937562,33.54146657314247,33.64219225393815,299100
2023-02-23,33.47737503051758,33.779548633853246,33.41327749365687,33.61472539819606,306000
2023-02-24,33.38580703735352,33.431590496553575,33.24845665975332,33.36749295506268,418200
2023-02-27,33.0653190612793,33.18435884867562,33.04242558533824,33.12941660224947,281000
2023-02-28,33.22098159790039,33.559786858345674,33.17519814172108,33.41327770273959,666900
2023-03-01,33.67882537841797,33.67882537841797,33.47737745926396,33.633041919203606,531300
2023-03-02,34.03594207763672,34.11835370344678,33.88851772857921,33.92606107424134,242200
2023-03-03,34.191612243652344,34.21450572182208,33.91690797088723,33.981005518097284,241300
2023-03-06,34.60366439819336,34.6494478535385,34.48004522640237,34.58535031744456,364600
2023-03-07,34.246543884277344,34.53956215017688,34.246543884277344,34.420522388076044,862100
2023-03-08,34.333534240722656,34.34726892728766,34.21907386194289,34.22823264835526,290700
2023-03-09,34.292335510253906,34.60366792863985,34.237393262402,34.484628138154434,444700
2023-03-10,34.246543884277344,34.3884736244012,34.15039410019954,34.28316854772484,742100
2023-03-13,33.7887077331543,34.58535105082447,33.56161731871818,33.81617710833312,508300
2023-03-14,33.62388229370117,33.77954673359066,33.44074498737845,33.541470680508624,694100
2023-03-15,33.028690338134766,33.083632583631264,32.78145547298142,33.019535043745655,786800
2023-03-16,33.166046142578125,33.27592714693533,32.763143304844775,32.790616175724686,469200
2023-03-17,32.992061614990234,33.18893362503004,32.900494700436134,33.13857077410912,394300
2023-03-20,33.926055908203125,33.93521469470634,33.60556824166248,33.7612326816812,792400
2023-03-21,34.35643005371094,34.38847882222996,34.25112496111768,34.34727126667477,407700
2023-03-22,34.18245315551758,34.49378206853482,34.10919682794602,34.402215152124334,318500
2023-03-23,34.64029312133789,34.92415264491242,34.521253341067464,34.78680227665004,396600
2023-03-24,34.65860366821289,34.68607653627581,34.484625138065425,34.49378043205054,240400
2023-03-27,34.860050201416016,34.96077588646411,34.75016922366051,34.80510796601161,266000
2023-03-28,34.841739654541016,34.89668189551442,34.75017274597233,34.75017274597233,177600
2023-03-29,34.795955657958984,34.95162009871044,34.68607467077833,34.91499543168596,461700
2023-03-30,35.40030670166016,35.48271831618117,35.24464225926137,35.24464225926137,615700
2023-03-31,35.464412689208984,35.51935494300352,35.34537288584806,35.510196154177194,311600
2023-04-03,36.26104736328125,36.32056899705356,36.04128538750945,36.06875476121751,946500
2023-04-04,36.82877731323242,36.8470913953504,36.60901182087073,36.74636569022854,303300
2023-04-05,36.54491424560547,36.6364811630552,36.43045385226631,36.6364811630552,311800
2023-04-06,36.645633697509766,36.6547889904709,36.489965772743226,36.59985024659728,239800
2023-04-10,36.45333862304688,36.49912207083859,36.32971947165077,36.39839638986492,318600
2023-04-11,36.35261917114258,36.47165895024119,36.30683571550581,36.31599100941166,459800
2023-04-12,36.57238006591797,36.81045961702272,36.471657863739125,36.61816701324449,319000
2023-04-13,36.87455368041992,36.938651208978825,36.74635862330211,36.74635862330211,593600
2023-04-14,36.6731071472168,36.85624446428362,36.57238144817735,36.8196163022595,274100
2023-04-17,37.12179183959961,37.23075764794714,37.04853551862944,37.08516367911452,453800
2023-04-18,37.158424377441406,37.32324413293319,37.13095150731439,37.32324413293319,530900
2023-04-19,37.158424377441406,37.176734966787336,37.07601275316848,37.13095150731439,248900
2023-04-20,36.929500579833984,37.20420480735639,36.84250956878128,37.14010727070296,756100
2023-04-21,36.94781494140625,37.02107127252304,36.81504395410178,37.00275718974384,321900
2023-04-24,37.03022384643555,37.103480172169526,36.993599176622425,37.07601079654621,214700
2023-04-25,37.16757583618164,37.46974943196006,37.14926175567179,37.350713148226525,894900
2023-04-26,37.25913619995117,37.56589262828286,37.24082212265876,37.52468508111165,601600
2023-04-27,37.55215835571289,37.55215835571289,37.32323760533093,37.38733862904704,278400
2023-04-28,37.698673248291016,37.70783203581367,37.46059716851169,37.55216408541436,367000
2023-05-01,37.52469253540039,37.62541823399135,37.42396683680944,37.43312562380158,213600
2023-05-02,37.03938293457031,37.414812874372096,36.90202906923024,37.414812874372096,849900
2023-05-03,36.7280502319336,36.911187553197294,36.70515675688043,36.80130306460676,570700
2023-05-04,36.96612548828125,37.0485371063777,36.92950081928022,37.00275365033607,389300
2023-05-05,37.51553726196289,37.51553726196289,37.039381636670576,37.185890791141,586500
2023-05-08,37.4697494506836,37.58878922753031,37.46059415695094,37.54300577275963,529100
2023-05-09,37.49721908569336,37.57047190840124,37.39191400504988,37.55215782946093,655900
2023-05-10,37.42396545410156,37.579633389732585,37.26830101152419,37.515535855370885,491000
2023-05-11,37.56132125854492,37.79024203401651,37.49264432729268,37.62541879623266,936000
2023-05-12,37.460594177246094,37.68951494427719,37.41481072245062,37.65288678321933,326500
2023-05-15,37.56132125854492,37.5796353397491,37.204205407697856,37.323241695944326,765000
2023-05-16,37.49721908569336,37.57505130139967,37.31408178934357,37.35070994722421,625500
2023-05-17,37.84518432617188,37.84518432617188,37.6071047632659,37.716985757578136,1348800
2023-05-18,38.01000213623047,38.02831621652587,37.826868319383706,37.890965853890805,429500
2023-05-19,37.88180160522461,38.119881121683726,37.863487527569816,38.092408258674965,215700
2023-05-22,37.9550666809082,38.01458482724109,37.85434097707258,37.8909691408408,222100
2023-05-23,37.44228363037109,37.7353019603805,37.43312833576943,37.7353019603805,629300
2023-05-24,37.378177642822266,37.60709837972983,37.34154948658428,37.46058924783112,332000
2023-05-25,37.09431838989258,37.33239793625135,37.04395903633387,37.33239793625135,255000
2023-05-26,37.378177642822266,37.378177642822266,37.130942827795714,37.24998258904255,341600
2023-05-30,36.96612548828125,37.286616666680224,36.92034203223962,37.19504626154318,645100
2023-05-31,36.61816787719727,36.84708864701631,36.453344643483256,36.84708864701631,1482100
2023-06-01,37.09431838989258,37.17215410296386,36.62732157673281,36.700577896552,543200
2023-06-02,37.62541198730469,37.63914667245886,37.21335396741364,37.3140796492818,988300
2023-06-05,37.77193069458008,37.89097048452117,37.63457682210543,37.75361661204652,541600
2023-06-06,37.89097213745117,37.9275968110619,37.75819765308137,37.872658054118695,348500
2023-06-07,38.14949417114258,38.19119451092927,37.99196819485589,38.01050128644711,787600
2023-06-08,38.21435928344727,38.25142192940285,38.06146393884421,38.06609809514824,429900
2023-06-09,38.26995849609375,38.40895491923618,38.17729657054939,38.21436275469748,273900
2023-06-12,38.2236328125,38.25143068703738,38.0939046848904,38.20509971786629,588500
2023-06-13,38.251426696777344,38.31629075381574,38.12169858270055,38.28849288217815,433200
2023-06-14,38.733280181884766,38.788879465267485,38.51089011800655,38.51089011800655,397900
2023-06-15,38.75181198120117,38.75181198120117,38.50162051658022,38.50162051658022,610600
2023-06-16,38.84446334838867,38.85836581610745,38.65913953004131,38.79813239380183,799800
2023-06-20,38.16802597045898,38.18655906142272,37.96416903950924,38.11243023239345,729100
2023-06-21,38.18655776977539,38.21435917269345,38.1077947869629,38.15875990168288,381600
2023-06-22,37.880767822265625,38.17636405190864,37.87149951036804,38.11242613215136,837600
2023-06-23,37.76031112670898,37.83444349557601,37.71398016358004,37.76957590540441,765700
2023-06-26,37.880767822265625,37.95489664331991,37.752891982751066,37.79737068931375,408000
2023-06-27,38.10316848754883,38.17730086418237,37.806646050667226,37.82517914482561,307100
2023-06-28,38.112430572509766,38.112430572509766,38.02439927335285,38.04756652097068,315000
2023-06-29,38.112430572509766,38.177294624048855,38.04756652097068,38.04756652097068,217900
2023-06-30,38.297760009765625,38.353355751318894,38.1402304941043,38.251425512036725,406000
2023-07-03,38.28849029541016,38.529416949412365,38.27922551709888,38.44601980530787,614000
2023-07-05,38.61281204223633,38.61281204223633,38.334822729482624,38.53868320842076,388400
2023-07-06,38.251426696777344,38.49235336705655,38.14486583228254,38.49235336705655,498800
2023-07-07,38.43675231933594,38.510884686724495,38.30702421123179,38.316288989742446,268800
2023-07-10,38.64060974121094,38.673041765674,38.48308024037211,38.48308024037211,297900
2023-07-11,38.99273300170898,38.99273300170898,38.77033944274503,38.77033944274503,554100
2023-07-12,39.5487174987793,39.57651537223846,39.22439719233496,39.22439719233496,508100
2023-07-13,39.493106842041016,39.539437796070565,39.103922586402525,39.20585280616267,483500
2023-07-14,39.28925704956055,39.49311399115818,39.28925704956055,39.45605134212052,367100
2023-07-17,39.344852447509766,39.46531577660303,39.24292221018668,39.279988393727045,423300
2023-07-18,39.23366165161133,39.34485667936652,39.16879759085195,39.34485667936652,553700
2023-07-19,39.13172149658203,39.344846718668094,39.02979127410059,39.233651719063474,339700
2023-07-20,39.15951919555664,39.19195121758722,39.00199324135821,39.15025441847303,371700
2023-07-21,39.04833221435547,39.2429243864952,39.04833221435547,39.15952723631732,267600
2023-07-24,39.58577728271485,39.66917442442719,39.33558585757781,39.35411894849451,520400
2023-07-25,39.72477722167969,39.81744269273042,39.58578431734302,39.60431741155317,229700
2023-07-26,39.90082931518555,40.00275600419262,39.72476673408397,39.76183291271855,359100
2023-07-27,39.32631301879883,39.73403390239207,39.20585324394196,39.73403390239207,506400
2023-07-28,39.53018569946289,39.62284763724556,39.43752376168022,39.6043180775501,394600
2023-07-31,38.98346328735352,38.98346328735352,38.77960282686703,38.9185992380761,643200
2023-08-01,38.53868865966797,38.84447588650248,38.520155564886124,38.69621466307409,435300
2023-08-02,37.83443832397461,38.16987911714683,37.75104118781174,38.10315928732128,430100
2023-08-03,37.76031112670898,37.964171606267406,37.6676492004511,37.81591040335925,708200
2023-08-04,37.806640625,37.88077299099473,37.70007976741479,37.862239899496046,592500
2023-08-07,37.30625915527344,37.51011963456306,37.181165201507646,37.43599080061968,413700
2023-08-08,37.23212814331055,37.30625697291752,37.05606908002152,37.30625697291752,323800
2023-08-09,37.24139022827149,37.44988483704139,37.12556106834113,37.278456407807305,480500
2023-08-10,37.62131881713867,37.83907825596953,37.52865688074636,37.68618287957855,416000
2023-08-11,37.6120491027832,37.73251243214963,37.519387178548,37.73251243214963,882300
2023-08-14,37.95490264892578,38.03829979507359,37.82054038375288,37.862240724239705,319900
2023-08-15,37.51011276245117,37.695440115595225,37.46378180787147,37.6769070267983,446200
2023-08-16,37.371124267578125,37.584249511420325,37.31552499468751,37.55644810756218,257700
2023-08-17,37.57498550415039,37.74641396408744,37.52865453884542,37.73251502797856,331700
2023-08-18,37.63058090209961,37.695444953801534,37.43598874699384,37.43598874699384,346800
2023-08-21,37.67691040039063,37.71861073762389,37.57034601397281,37.63057944166245,309700
2023-08-22,37.38039016723633,37.65837947037908,37.366491232303055,37.56571754760675,391900
2023-08-23,37.51011276245117,37.70470489258107,37.39891776449484,37.39891776449484,324100
2023-08-24,37.38965606689453,37.61204963697375,37.37112650964498,37.61204963697375,342400
2023-08-25,37.51938247680664,37.52864725413881,37.35258820622444,37.45451489617989,302800
2023-08-28,37.83443832397461,37.90393299175582,37.75567180911354,37.843703101403634,334500
2023-08-29,37.93637466430664,37.964176073315976,37.66765363260941,37.686183192180536,292700
2023-08-30,38.23289108276367,38.325556540154736,38.16802703000281,38.18656012148102,345800
2023-08-31,37.89930725097656,37.99660333322508,37.82517488269624,37.93636990029085,802600
2023-09-01,37.95490264892578,38.01513608131499,37.85297241087559,37.98270405419228,532800
2023-09-05,37.68617248535156,37.82516888642972,37.66764293104477,37.788102708165496,509100
2023-09-06,37.27845764160156,37.44525192020765,37.17652741191722,37.41745405204849,233000
2023-09-07,37.04679870605469,37.07459657375763,36.963401568120375,37.02826561597757,490000
2023-09-08,37.06533050537109,37.14409348433692,37.01899954920446,37.02826432650763,457400
2023-09-11,37.31552505493164,37.3340581459251,37.21359482188045,37.23212791287391,258000
2023-09-12,37.02826690673828,37.05606831023584,36.8614726250554,36.93560498794807,373400
2023-09-13,36.72247695922852,36.96340005068972,36.6622435352442,36.96340005068972,664200
2023-09-14,36.81514358520508,36.86147454701589,36.71784750495464,36.77807740182611,569400
2023-09-15,36.7688102722168,36.80587645322557,36.64834695135107,36.75954195955182,495200
2023-09-18,36.3610954284668,36.370360206954125,36.27769828277757,36.370360206954125,420100
2023-09-19,36.40742111206055,36.53714920102956,36.34255706757604,36.46301684457566,209100
2023-09-20,36.2776985168457,36.54641951262188,36.2776985168457,36.537154734074775,361200
2023-09-21,35.91630554199219,36.13869909172605,35.90704076421499,36.13869909172605,587600
2023-09-22,35.962642669677734,36.08310246373297,35.89314445936845,36.00248722624181,207800
2023-09-25,35.88851547241211,35.91631334660974,35.75878734638807,35.805118314992896,299800
2023-09-26,35.79584884643555,35.888510771507754,35.75414850577496,35.86071290095126,199200
2023-09-27,36.212833404541016,36.31476010488465,36.17576722178384,36.17576722178384,1135400
2023-09-28,36.055301666259766,36.21283116582627,36.027503798323245,36.21283116582627,662500
2023-09-29,35.89777374267578,36.25916014543278,35.86070756423267,36.25916014543278,427900
2023-10-02,35.97190856933594,36.08773774518641,35.93947654149084,36.08310358840113,591500
2023-10-03,35.81438446044922,36.03677451021347,35.78195243090752,35.99044354441476,677600
2023-10-04,35.20280456542969,35.47152556606204,35.156470067379296,35.47152556606204,507000
2023-10-05,35.30472946166992,35.36959351382591,35.17963551389072,35.36959351382591,510600
2023-10-06,35.58272171020508,35.619784357379515,35.21206695985528,35.286199323855506,329700
2023-10-09,34.73948669433594,34.73948669433594,34.43369598465946,34.70242051107349,553500
2023-10-10,35.0452766418457,35.1101407002739,34.9340816180868,34.9340816180868,400300
2023-10-11,34.45222854614258,34.74875093802769,34.37809618075843,34.7209530684215,2615200
2023-10-12,34.43370056152344,34.68389202956124,34.38736959370005,34.637561061737856,703400
2023-10-13,34.007442474365234,34.5448879448416,33.96111151679709,34.5448879448416,1354900
2023-10-16,34.94334030151367,34.99430541493463,34.64681793333288,34.67461580071688,900100
2023-10-17,35.313995361328125,35.44372345677431,35.082337038081235,35.1101349057267,1047700
2023-10-18,34.90627670288086,35.11940548466917,34.827513716251886,35.09160408040399,635200
2023-10-19,34.76728439331055,35.03600891840242,34.73948652341338,34.915545590805074,521500
2023-10-20,34.45222854614258,34.73948615976754,34.391998650387265,34.65608901612324,507200
2023-10-23,33.692386627197266,34.16496804468565,33.55339022126369,33.74798236171035,534300
2023-10-24,34.2020378112793,34.28080079998361,34.07230970404259,34.07230970404259,717900
2023-10-25,34.46149063110352,34.674615862687766,34.42442798613377,34.646817995254096,616300
2023-10-26,34.137168884277344,34.215931861737545,34.01670557268655,34.17423506243225,680500
2023-10-27,33.692386627197266,34.239100403803675,33.65068629148702,34.155703267208615,663400
2023-10-30,34.5263557434082,34.75338345053815,34.442958603709066,34.60048810528547,596700
2023-10-31,35.110137939453125,35.11940625268611,34.77654935958147,35.08234006940575,539400
2023-11-01,35.76804733276367,35.90240959808968,35.47152493163932,35.508591115486325,431700
2023-11-02,36.01823806762695,36.14796617373049,35.84217900003298,35.84217900003298,664200
2023-11-03,36.34256362915039,36.41669246416279,36.08773802636352,36.23136507439288,309700
2023-11-06,36.34256362915039,36.52510911089709,36.222100295576055,36.222100295576055,556400
2023-11-07,36.43522262573242,36.463020494772735,36.189665356341216,36.40742475669211,408500
2023-11-08,36.14796829223633,36.22210066282629,36.11090564176733,36.17576969862056,299200
2023-11-09,35.703182220458984,35.93484056039932,35.703182220458984,35.93484056039932,462200
2023-11-10,35.91630554199219,35.91630554199219,35.61515254408825,35.758779576000926,178300
2023-11-13,35.66611862182617,35.869975551858175,35.53175636406323,35.536386985664066,431600
2023-11-14,36.24989700317383,36.31013043544039,35.91167779741511,35.97190769485583,477100
2023-11-15,36.69467926025391,36.71321235144016,36.48155401385061,36.48155401385061,607600
2023-11-16,36.602012634277344,36.77807167567728,36.56494645666938,36.73174072107996,336300
2023-11-17,36.78734970092773,36.84294544719408,36.63908848617383,36.71321732613769,388800
2023-11-20,36.94487380981445,37.25992931694244,36.80588091641523,37.25992931694244,227800
2023-11-21,36.8892707824707,36.92633342583008,36.74100960455728,36.82440673806016,191100
2023-11-22,36.676151275634766,36.87074343919098,36.56032210187618,36.87074343919098,688500
2023-11-24,36.546417236328125,36.611281286595336,36.34256030755645,36.592751730655245,285300
2023-11-27,36.602012634277344,36.66224252177134,36.50935072508269,36.51861550207206,370200
2023-11-28,36.676151275634766,36.72248223817303,36.52788653979095,36.56495272375191,309000
2023-11-29,36.53715515136719,36.74101562999024,36.50935728058255,36.61128398506819,501600
2023-11-30,36.69467926025391,36.85220876792417,36.6622472343844,36.71321235144016,532000
2023-12-01,36.759544372558594,36.91707388477381,36.62981626533772,36.67615076205301,259600
2023-12-04,36.93560791015625,36.99120365189866,36.819778735091695,36.88000863358794,657700
2023-12-05,36.7688102722168,36.93560455193071,36.72710993487553,36.93560455193071,522200
2023-12-06,36.66688537597656,36.93560992514456,36.65762059678936,36.8336796799549,510700
2023-12-07,37.05606842041016,37.083866289164746,36.97267127932076,36.98193605729708,346300
2023-12-08,37.11166763305664,37.13946903924018,36.93560855641535,36.99120429913052,344800
2023-12-11,37.75104522705078,37.78810787555787,37.4637876084596,37.4637876084596,197400
2023-12-12,37.57498550415039,37.62131646945536,37.45452216649662,37.47305525958382,550900
2023-12-13,37.84370422363281,37.87150209156962,37.46378471091912,37.60278112025423,553700
2023-12-14,38.37188720703125,38.534047337689245,38.10316268489758,38.205092919832815,913600
2023-12-15,38.37188720703125,38.55258042902526,38.362622428776106,38.455284350630464,396500
2023-12-18,38.761077880859375,38.872272902155125,38.640614545807146,38.640614545807146,338300
2023-12-19,38.955665588378906,38.99273176950586,38.79813608600215,38.84446704499805,341000
2023-12-20,38.41400146484375,38.82236275855201,38.40461545420815,38.64869112261356,419600
2023-12-21,38.57358932495117,38.6111405267629,38.44216369968982,38.44216369968982,340400
2023-12-22,38.62991714477539,38.69562995913625,38.58297635073495,38.60175195213516,168100
2023-12-26,39.60622787475586,39.671940696623935,39.41847900146433,39.4748022310197,254900
2023-12-27,39.67193984985352,39.81275508289677,39.48419098056936,39.48419098056936,471400
2023-12-28,39.70949172973633,39.884101618969446,39.69541092240918,39.718881322007896,278400
2023-12-29,39.73765563964844,39.83622486882921,39.52173799735141,39.52173799735141,398400
2024-01-02,40.376007080078125,40.57784032866861,40.30090825187793,40.47927110229837,955600
2024-01-03,39.49357604980469,39.86908094157867,39.41847722009792,39.82214014429689,1390900
2024-01-04,40.20703125,40.376004497914096,40.16948004776143,40.32906728565575,579300
2024-01-05,40.35723114013672,40.45110556154172,40.22580193665824,40.244577537155166,308600
2024-01-08,40.92049026489258,40.94865187883797,40.56376097023725,40.56376097023725,734300
2024-01-09,40.3009033203125,40.601305758513405,40.24927131552052,40.601305758513405,858200
2024-01-10,40.09437561035156,40.22580123044307,40.00519598590636,40.20702921135533,477200
2024-01-11,40.03805541992188,40.16009145862232,39.91601580014159,40.16009145862232,535200
2024-01-12,40.14131546020508,40.26804987439938,40.04744103427432,40.1788666630093,329800
2024-01-16,39.803367614746094,40.09438050013125,39.756426818063325,40.09438050013125,508700
2024-01-17,39.934791564941406,39.986423574248704,39.75173392506274,39.83152754632681,312200
2024-01-18,39.54990005493164,39.65316407190501,39.44663603795828,39.62499887931604,435300
2024-01-19,39.700103759765625,39.72826537303045,39.47480011040695,39.65316654396424,350700
2024-01-22,40.2164192199707,40.29621284280662,40.12254479087903,40.14131681183343,410500
2024-01-23,40.2915153503418,40.30559973673482,40.15070371612872,40.16008972597773,220200
2024-01-24,40.3009033203125,40.54028774424994,40.3009033203125,40.46049054888443,435300
2024-01-25,40.53559494018555,40.554370541130346,40.31968090093987,40.43233092552898,399800
2024-01-26,40.479270935058594,40.62478095716776,40.42763892416179,40.46049533281612,232100
2024-01-29,40.83600234985352,40.87824477129696,40.66702550191943,40.7608999369583,453700
2024-01-30,39.981727600097656,40.11784802234293,39.7470379578292,39.90662519565348,351200
2024-01-31,39.09930038452149,39.32460046191375,39.042973574633336,39.31521445080581,924000
2024-02-01,39.60622787475586,39.65879813225032,39.43725102392931,39.5029674268776,845000
2024-02-02,39.502967834472656,39.596842272087024,39.380928200709775,39.5780666683481,285900
2024-02-05,40.03805541992188,40.188256651543824,39.94417741198325,39.97234260490476,700300
2024-02-06,40.27274703979492,40.31968425552223,40.16009342475336,40.28213305050838,1686100
2024-02-07,40.62947082519531,40.676411619785554,40.52620680682454,40.52620680682454,445400
2024-02-08,40.46988677978516,40.77028926727648,40.352541946200105,40.69518685486359,750100
2024-02-09,40.61069869995117,40.68110631678376,40.41919327676029,40.43233584091144,664900
2024-02-12,41.15517807006836,41.2537472955011,40.91110240438919,40.94865002759218,332800
2024-02-13,41.05191421508789,41.2584422584005,40.78906294620272,41.15517823674419,254900
2024-02-14,41.352317810058594,41.41803062906229,41.27721898023152,41.34293179923523,191600
2024-02-15,41.7559814453125,41.79353264818447,41.42272257725341,41.42272257725341,414000
2024-02-16,41.831085205078125,41.995367246610805,41.69026998029016,41.84047121556002,320600
2024-02-20,41.9625129699707,42.10332462083189,41.896800150019466,42.09393860987318,719300
2024-02-21,41.84047317504883,42.17842686550319,41.75598475243523,42.00006400935454,896700
2024-02-22,41.953121185302734,42.00006198088326,41.84047115428529,41.92495957281835,917400
2024-02-23,42.07516098022461,42.09393658231775,41.95312135715917,41.99067256134545,205700
2024-02-26,41.84047317504883,41.84986276705039,41.67149632982164,41.793535958281296,538200
2024-02-27,41.82169723510742,41.91088045300312,41.78414602956396,41.84047283787916,385600
2024-02-28,41.831085205078125,41.85455202182284,41.60578156163336,41.70904558233388,586700
2024-02-29,41.7559814453125,41.87802106410647,41.63863662214748,41.87802106410647,854400
2024-03-01,42.07516098022461,42.15026338859717,41.78414451940084,41.84047132568026,979800
2024-03-04,41.249053955078125,41.33354237715574,41.14579351127666,41.33354237715574,996200
2024-03-05,41.03313827514648,41.28660353137673,40.94395864169727,41.25844191882224,523900
2024-03-06,41.511905670166016,41.615169687228885,41.44619285586779,41.56822889323318,662100
2024-03-07,41.60578155517578,41.652718769737845,41.52411144643217,41.57761994265453,264300
2024-03-08,41.57762145996094,41.72312790473733,41.51659985583144,41.65272028978486,260700
2024-03-11,41.540069580078125,41.56353997837458,41.38048233111826,41.48374277281464,198900
2024-03-12,41.70904541015625,41.75598262453184,41.51659817581245,41.7184314205994,288700
2024-03-13,41.92496109008789,41.95312270359145,41.82169706580146,41.8592482711929,586700
2024-03-14,41.727821350097656,41.98128660707467,41.64333293110531,41.9249598007198,526100
2024-03-15,41.76537704467773,41.78414906773433,41.64803220463221,41.774763056206034,443800
2024-03-18,42.01883316040039,42.079854761001165,41.873326724038265,41.962509936559485,397300
2024-03-19,42.06577301025391,42.15026142519751,41.95781419851716,42.05638341910474,345900
2024-03-20,41.85924530029297,41.88271569726685,41.67618766335202,41.78414289484038,427900
2024-03-21,42.14087677001953,42.253526809445816,42.09393955201526,42.13149075885075,595400
2024-03-22,42.12209701538086,42.22536103346148,42.09393540356972,42.22536103346148,286400
2024-03-25,41.73720932006836,41.80761693604742,41.6808860921492,41.73720932006836,444600
2024-03-26,41.32415390014648,41.446193520548846,41.305378298463054,41.418028327483775,469500
2024-03-27,41.45558166503906,41.50721367705662,41.34762284507145,41.474357267689086,215000
2024-03-28,41.45558166503906,41.540070086424144,41.40864444895403,41.42742005160405,494600
2024-04-01,40.77967834472656,41.066000046690526,40.73555943425058,40.91110757633198,878600
2024-04-02,41.04252624511719,41.13170587504289,40.97681343103307,40.99558545127443,389400
2024-04-03,41.65271759033203,41.72312520072148,41.464965156320105,41.464965156320105,412500
2024-04-04,41.69027328491211,42.14557182259234,41.67149768138012,41.88741175037771,554500
2024-04-05,42.00945281982422,42.06577963234698,41.78884394712715,41.82170035916201,377900
2024-04-08,42.16903305053711,42.206584252622655,42.06577261642146,42.06577261642146,507800
2024-04-09,42.29107666015625,42.33332266176155,42.06577658852825,42.19720222715793,514600
2024-04-10,42.17842483520508,42.206586447694,41.89679796707618,42.13148762069692,1546500
2024-04-11,42.22536087036133,42.25352248206369,42.01883283499782,42.19719925865897,853800
2024-04-12,41.28660202026367,42.09393497402303,41.09884958758572,42.09393497402303,1144600
2024-04-15,41.38986587524414,41.87802076586373,41.35231467263961,41.87802076586373,1505700
2024-04-16,40.86416244506836,40.976816060223406,40.765593217617706,40.976816060223406,672600
2024-04-17,40.46049499511719,40.82661386416967,40.44641418882285,40.80783826208391,318000
2024-04-18,40.770286560058594,40.92518258956473,40.68579814224433,40.845385386404665,365400
2024-04-19,40.563758850097656,40.70926887039704,40.469884421132825,40.57314844164209,537700
2024-04-22,40.72335052490234,40.81722495582258,40.498046877181785,40.51682247958183,445800
2024-04-23,40.68579864501953,40.70457424710804,40.45110899053305,40.5731486135684,393700
2024-04-24,40.07560348510742,40.26335592198068,39.97703426149194,40.26335592198068,387100
2024-04-25,39.897239685058594,39.906625695191735,39.68132564119844,39.85968848236645,375500
2024-04-26,40.14131546020508,40.15539984706651,39.94887181272309,39.97234220974568,142500
2024-04-29,40.61069869995117,40.704576716088,40.51212946881762,40.54498587919547,511100
2024-04-30,40.38539123535156,40.53559245261279,40.32906443597379,40.53559245261279,331700
2024-05-01,40.33845520019531,40.59192043315147,40.31029000914712,40.41355402047144,248100
2024-05-02,40.591922760009766,40.634165177384126,40.29621151407,40.46988314135081,447400
2024-05-03,40.882938385009766,40.92518438631158,40.74212673652384,40.74212673652384,374100
2024-05-06,40.70457077026367,40.75620277632687,40.62008235862205,40.62946836832462,185000
2024-05-07,40.58253479003906,40.62947200491233,40.46049516650461,40.46049516650461,260400
2024-05-08,40.789058685302734,40.789058685302734,40.62946787366506,40.62946787366506,431000
2024-05-09,40.27274703979492,40.33376506213242,40.1507074140399,40.21642023227414,344400
2024-05-10,40.25396728515625,40.46988132009471,40.20233527885796,40.46988132009471,202900
2024-05-13,40.16948318481445,40.28213321924789,40.15070758222888,40.253971605909534,449700
2024-05-14,39.70949172973633,39.7470429366622,39.59684169003892,39.68133011508203,447500
2024-05-15,39.77520751953125,39.789288327909176,39.51705101008148,39.6437818665633,376100
2024-05-16,39.76581573486328,39.859690164475424,39.73859236514056,39.82213896019859,351500
2024-05-17,39.94417572021485,39.95356531115095,39.72826168272046,39.72826168272046,243600
2024-05-20,39.45602416992188,39.50296496640122,39.39970094387464,39.41847654625038,298800
2024-05-21,39.5217399597168,39.578066771079776,39.484192333221735,39.54051556350446,287700
2024-05-22,39.502967834472656,39.67194110596248,39.446641023255886,39.502967834472656,700600
2024-05-23,38.71440505981445,39.19317035554846,38.59236544283137,39.052355137408,572800
2024-05-24,38.733177185058594,38.81766559995632,38.66746437136923,38.7237911749943,378500
2024-05-28,37.81319427490234,37.99156069613702,37.70054424854555,37.99156069613702,678200
2024-05-29,37.87891006469727,38.24502894601096,37.86013804306276,38.1229893189064,2937800
2024-05-30,37.53156661987305,37.69115743647252,37.51279101903312,37.578503831433,864600
2024-05-31,37.65361022949219,37.70054744603174,37.3344321435111,37.66299624036807,751900
2024-06-03,38.31074142456055,38.808282358295095,38.15584538935186,38.658081118993344,1694000
2024-06-04,37.91645431518555,38.09482071771637,37.81319030973705,38.09482071771637,602800
2024-06-05,38.06665802001953,38.1042092210187,37.79441718439499,37.88829518689292,640000
2024-06-06,38.03849792480469,38.05257873047027,37.888296695905424,37.97278511097875,279800
2024-06-07,37.84136199951172,38.12768367068302,37.813196805227975,38.02911086230994,941600
2024-06-10,38.98664474487305,39.09929835881283,38.85521910968994,38.977258734251386,1157700
2024-06-11,38.88374710083008,38.88374710083008,38.693186482736095,38.82657782500944,640000
2024-06-12,38.43592834472656,38.62648895365453,38.39305048126315,38.51215040751297,572400
2024-06-13,38.2167854309082,38.264424675121,37.97858557520286,38.14055973245464,738900
2024-06-14,38.30253601074219,38.44069235774871,38.06433616444981,38.19772749683095,522300
2024-06-17,38.68365097045898,38.74082023817749,38.27394697174545,38.42639835232813,641900
2024-06-18,39.30297470092773,39.40778321500613,38.72176649350475,38.72176649350475,2016500
2024-06-20,39.09335708618164,39.29344771671136,39.02190004096513,39.20769562781039,758300
2024-06-21,39.06477355957031,39.32202982160735,39.00760428979283,39.16005204122502,376700
2024-06-24,38.82657623291016,38.97902399420587,38.65507204712231,38.65507204712231,654200
2024-06-25,38.6074333190918,38.84086816161726,38.48356837555851,38.75988108242454,1159500
2024-06-26,38.42639923095703,38.50738630276265,38.35969993310653,38.48356486534168,306300
2024-06-27,38.81704711914063,38.869447739522045,38.693182185938255,38.82657351339877,258000
2024-06-28,38.70270919799805,38.94853088176228,38.655069956664704,38.90279982702389,213900
2024-07-01,38.53120803833008,38.60743373814451,38.45022095825831,38.5788509180348,240900
2024-07-02,38.407344818115234,38.47404048481541,38.27394985007365,38.283479879397234,372100
2024-07-03,38.43592834472656,38.4645111639413,38.23584134094078,38.23584134094078,219900
2024-07-05,38.48356628417969,38.52167913160199,38.397814194800105,38.4359270422224,214900
2024-07-08,38.69318389892578,38.86944946031304,38.59790177892069,38.64554465624386,516600
2024-07-09,38.97902297973633,39.04571864640229,38.80751879841206,38.92185370774783,322400
2024-07-10,39.007606506347656,39.05524938452335,38.89803660968269,38.94091083847125,730900
2024-07-11,39.083831787109375,39.12194463538715,38.98854966641493,39.06477536297049,720800
2024-07-12,39.3125,39.43636493451729,39.2076951234835,39.21722151784277,234600
2024-07-15,39.60786819458008,39.81748521205004,39.55069892582254,39.67456385747669,335700
2024-07-16,40.08427047729492,40.17002256870211,39.95087914280403,39.998518385887735,705400
2024-07-17,40.18907928466797,40.27483137669778,40.13191001176767,40.17954925519727,486700
2024-07-18,40.20813751220703,40.41775091962623,40.15573325169187,40.36058527880348,354500
2024-07-19,40.0556869506836,40.22719113046789,40.02710049762541,40.198604677409705,248800
2024-07-22,40.25577545166016,40.31294472526949,40.12238411454638,40.303414695680594,361000
2024-07-23,39.91276550292969,40.06521325855897,39.78890056565552,39.90323910835838,310300
2024-07-24,39.722206115722656,39.98899242222176,39.69838831124467,39.98899242222176,448500
2024-07-25,39.65551376342773,39.80796153647024,39.55070523796572,39.71268304130928,238000
2024-07-26,39.74126052856445,39.82224760204475,39.6364520171706,39.66503846959509,197500
2024-07-29,40.017574310302734,40.05854398615026,39.8651265535539,40.05568715815025,646900
2024-07-30,39.88418197631836,40.0366297292405,39.85083414394917,39.97946045890428,238600
2024-07-31,40.11285400390625,40.16525826261525,39.979462667062,40.01757551605788,370500
2024-08-01,39.42684173583984,39.81272434488719,39.28392036637862,39.72220723525232,702300
2024-08-02,39.15052795410156,39.18864080286592,38.950440950050655,39.179110773354175,508300
2024-08-05,38.0738639831543,38.20725532052473,37.52124220909944,37.59746427275054,909200
2024-08-06,38.35970306396485,38.55502868976401,38.1596160580057,38.2930073953118,449600
2024-08-07,38.27395248413086,38.58837804990616,38.26442608879289,38.45498670732566,364200
2024-08-08,38.46451187133789,38.578850419582245,38.35970335276792,38.3882898071497,454700
2024-08-09,38.65507507324219,38.67413149922616,38.512153695683246,38.61696222127426,250900
2024-08-12,38.80751800537109,38.83610082346063,38.68365306924784,38.75034873455086,390800
2024-08-13,39.04571914672852,39.07906698048881,38.93138423592768,39.01713632768863,268600
2024-08-14,39.18864059448242,39.2362798378639,39.131471321639886,39.16958417020157,257100
2024-08-15,39.56975936889648,39.68409791802798,39.41731160469588,39.41731160469588,396800
2024-08-16,39.60786819458008,39.76031594329249,39.598341800441,39.636451011638336,220900
2024-08-19,39.67456817626953,39.76985030123741,39.63645532628238,39.63645532628238,351700
2024-08-20,39.846073150634766,40.027103739673805,39.80796029989766,39.903242426740434,284400
2024-08-21,40.45586013793945,40.53208583171511,40.1795474499644,40.26529953814145,341200
2024-08-22,40.33200073242188,40.49397488734342,40.28435785425314,40.351053522119805,460200
2024-08-23,40.61783981323242,40.65594902725552,40.42727920455172,40.42727920455172,389800
2024-08-26,40.72264862060547,40.87509638171065,40.66071433242312,40.79887068383739,308600
2024-08-27,40.5797233581543,40.6035447951128,40.38916276640915,40.47491485096242,537700
2024-08-28,40.34152603149414,40.4082216975492,40.20336968476833,40.25577394161747,623600
2024-08-29,40.35105514526367,40.43680724091901,40.19860737905879,40.24625025914399,595300
2024-08-30,40.370113372802734,40.4463390766292,40.28912628846832,40.36058697714523,420700
2024-09-03,40.13190841674805,40.38916468261298,40.03662993367562,40.38916468261298,554400
2024-09-04,40.17002487182617,40.40345972056909,40.16049847651975,40.1795512671326,274500
2024-09-05,40.150970458984375,40.2271961638222,40.10333121078157,40.10333121078157,322500
2024-09-06,39.78890228271485,40.189079930161824,39.76031946312626,40.15096708094947,528600
2024-09-09,39.846073150634766,39.94135164283605,39.66980394195674,39.70315177769135,652100
2024-09-10,39.65551376342773,39.836547992731816,39.56023526826677,39.836547992731816,655600
2024-09-11,39.21722030639648,39.24580312323249,38.88374199450644,38.97902047372045,393100
2024-09-12,39.26486206054688,39.36967057517889,39.093357879265625,39.2267492125641,264600
2024-09-13,39.30297470092773,39.40778321500613,39.26486185314628,39.33155751944322,251400
2024-09-16,39.30297470092773,39.30297470092773,39.1791097629586,39.21722261074006,281400
2024-09-17,39.41730499267578,39.56022633779524,39.21721801722117,39.21721801722117,324400
2024-09-18,39.65551376342773,39.836547992731816,39.50783100553576,39.50783100553576,328200
2024-09-19,40.32246780395508,40.351050621088326,40.12238081474028,40.24624574671941,628600
2024-09-20,40.32246780395508,40.36058064989344,40.22718932375023,40.34152422692426,314500
2024-09-23,40.5797233581543,40.66547544270756,40.4368020056852,40.484444879602215,124600
2024-09-24,41.141876220703125,41.25144611054596,40.813159281892496,40.95131562378912,311900
2024-09-25,41.05612564086914,41.170460549358,41.02754282240723,41.151404125502985,236100
2024-09-26,41.2848014831543,41.370549943505445,41.179992963203226,41.275271453354335,225900
2024-09-27,41.2657470703125,41.31338631771094,41.213342807781736,41.27527346593555,300700
2024-09-30,40.684532165527344,40.70834996802061,40.53208441793463,40.64641931996891,725200
2024-10-01,40.12238311767578,40.79886981602573,40.055687450776,40.71311772506297,1202100
2024-10-02,39.90324020385742,40.0223401297951,39.83654453610363,40.00804872022518,368500
2024-10-03,39.41730499267578,39.72220046993256,39.34393976834242,39.598339181112536,537300
2024-10-04,39.43636703491211,39.531649156785214,39.322032123305696,39.531649156785214,217100
2024-10-07,39.30297470092773,39.5221181237093,39.17434838296683,39.47447888130308,616400
2024-10-08,39.846073150634766,39.89371239673541,39.71744682269888,39.89371239673541,414700
2024-10-09,39.59834671020508,39.63645592612754,39.46495173323129,39.5221210090772,248700
2024-10-10,39.65551376342773,39.836547992731816,39.59358310503728,39.71268304130928,369700
2024-10-11,39.874656677246094,39.90324313312573,39.69839110008924,39.76032175765225,153700
2024-10-14,39.8270149230957,39.83654495266949,39.636454312674495,39.636454312674495,186500
2024-10-15,39.8556022644043,39.988993604276175,39.80795938475742,39.8556022644043,251000
2024-10-16,40.03662872314453,40.13190720333616,39.97945945424493,40.00804590601525,342500
2024-10-17,39.64598846435547,39.68410131733068,39.54117993599449,39.59834921545731,315800
2024-10-18,39.68409729003906,39.836545051827216,39.68409729003906,39.836545051827216,263000
2024-10-21,40.074745178222656,40.18431507684683,40.00804950915368,40.00804950915368,442900
2024-10-22,39.80796051025391,39.8937126075448,39.75079486848766,39.87465618207555,626900
2024-10-23,39.68409729003906,39.736501548901366,39.57452375751569,39.69362368499523,312700
2024-10-24,39.636451721191406,39.66503817340244,39.493533998700656,39.6269253268818,302100
2024-10-25,39.55070495605469,39.75079560989307,39.52212213463846,39.68409993682747,157800
2024-10-28,40.20813751220703,40.34152885364874,40.1795510571542,40.20813751220703,278400
2024-10-29,40.2176628112793,40.35105414908525,40.01757580457037,40.17954996200864,242500
2024-10-30,40.11285400390625,40.2891232045312,40.02710191098618,40.02710191098618,395700
2024-10-31,39.96040725708008,40.06521577715896,39.85560237164262,40.03663295700706,561000
2024-11-01,40.03662872314453,40.14143723213994,39.99851587721146,40.017572300178,192600
2024-11-04,40.04616165161133,40.13191375163232,39.98899600802509,40.03663525589417,224000
2024-11-05,39.93182373046875,39.99851939940419,39.86512806153331,39.91276730582415,230900
2024-11-06,40.074745178222656,40.23195432123305,39.93182381042263,40.1604972719744,771800
2024-11-07,40.27483367919922,40.3034164999628,40.141442336113855,40.141442336113855,390800
2024-11-08,40.19860458374024,40.33199955020479,40.09379970490845,40.18907818917051,395600
2024-11-11,40.18907928466797,40.236718528097576,40.11285358746756,40.16049646553847,246300
2024-11-12,39.97946166992188,40.10809162341443,39.9175310178292,40.03663094198981,254600
2024-11-13,39.46494674682617,39.65550734092702,39.40778111284463,39.626924523936246,491200
2024-11-14,39.04571914672852,39.19816690601006,39.00760629824781,39.15052766272982,429000
2024-11-15,38.81704711914063,39.06000833645467,38.778934272825886,38.95043844660114,341700
2024-11-18,39.51259231567383,39.52688372514373,39.27439246546531,39.312501679171305,507200
2024-11-19,39.55070495605469,39.674569906594336,39.41731360992349,39.41731360992349,340600
2024-11-20,39.51259231567383,39.51259231567383,39.2982102697014,39.39825377063202,278900
2024-11-21,39.50305938720703,39.58881147237455,39.26485955447958,39.37919809113028,408700
2024-11-22,39.62692642211914,39.66027425508612,39.49353509025123,39.49353509025123,150900
2024-11-25,39.26486206054688,39.36967057517889,38.5883753647382,39.274392089863184,767700
2024-11-26,38.98855209350586,39.15052989144912,38.89327360152146,39.15052989144912,210400
2024-11-27,38.42639923095703,38.69794689820724,38.3787563561151,38.588373374568256,705400
2024-11-29,39.12194442749024,39.12194442749024,38.73129682132211,38.83610170156716,291400
2024-12-02,39.07430648803711,39.08383651858089,38.86469306641616,39.04572366568918,582400
2024-12-03,39.30297470092773,39.37920039649065,39.198166186849335,39.24580542925555,327200
2024-12-04,39.37919998168945,39.53164773656826,39.36966995252386,39.53164773656826,403700
2024-12-05,39.76985168457031,39.85560378270345,39.59834748830404,39.59834748830404,346500
2024-12-06,39.6650390625,39.79843039367113,39.5745219586448,39.69362188071062,176800
2024-12-09,40.34152603149414,40.47968237821995,40.24624754702727,40.26530033620768,288100
2024-12-10,40.44633865356445,40.54638216280904,40.389169376292585,40.48445150507903,155100
2024-12-11,40.44633865356445,40.46063006422202,40.27483445639043,40.40822580204988,364700
2024-12-12,40.28435516357422,40.28435516357422,40.08903318776531,40.13190741368395,357100
2024-12-13,40.20813751220703,40.3320024583921,40.17002466189756,40.3320024583921,205800
2024-12-16,40.14143753051758,40.23671601141743,40.08426826119303,40.15096392475114,202900
2024-12-17,39.71356201171875,39.77138458662579,39.578646346445154,39.59792053808084,394700
2024-12-18,39.20280838012695,39.71356158638573,39.116076356783374,39.56901066493052,199000
2024-12-19,39.15462112426758,39.46300080630889,39.12570800170536,39.39554298062334,331800
2024-12-20,39.40517807006836,39.43408751633206,39.06306947663667,39.09679838933625,188000
2024-12-23,39.61719512939453,39.63646932122466,39.42445688726945,39.54009836207402,123400
2024-12-24,39.54973602294922,39.59791966288538,39.41482036065754,39.424455618174335,80800
2024-12-26,39.395545959472656,39.443729599152,39.33290391933105,39.4051812169381,110700
2024-12-27,39.231719970703125,39.3473651255913,39.12571375014379,39.3473651255913,79100
2024-12-30,39.38225173950195,39.644476799859326,39.37254134682621,39.644476799859326,302000
2024-12-31,39.66390228271485,39.77073512903517,39.56678353415607,39.731886147674544,299400
2025-01-02,39.78044891357422,39.92613075367578,39.66876271369371,39.84843278433012,299400
2025-01-03,40.04267120361328,40.04267120361328,39.79987062364606,39.829005507692415,72700
2025-01-06,39.94555282592773,40.05238567488404,39.86299781228877,39.97468771024568,200000
2025-01-07,39.84843063354492,40.11065570866849,39.75131188194785,40.11065570866849,235600
2025-01-08,39.78044891357422,39.94555524601219,39.71246504281832,39.93584114742244,727400
2025-01-10,39.66390228271485,39.84842938691364,39.54735904347575,39.84842938691364,696600
2025-01-13,40.081520080566406,40.17378548626195,39.926127857988185,39.94555234891582,457400
2025-01-14,40.13008117675781,40.23691402902073,39.97468894751437,40.22719993071884,358200
2025-01-15,40.63510513305664,40.69337860587969,40.47971291037133,40.59625615117461,317300
2025-01-16,40.56712341308594,40.61568279058574,40.45058016611782,40.61568279058574,581900
2025-01-17,40.72251510620117,40.761364089625175,40.56712287734814,40.56712287734814,136400
2025-01-21,41.00416564941406,41.08671696251199,40.87790830271877,40.87790830271877,218100
2025-01-22,40.80020904541016,40.984739862792736,40.79049865205247,40.86819661828575,201800
2025-01-23,40.829345703125,40.91675405857981,40.75164774056838,40.81963160538404,434200
2025-01-24,40.829345703125,40.926464451478,40.74193734767019,40.926464451478,161900
2025-01-27,40.868194580078125,40.95559923046704,40.72251275307774,40.72251275307774,433900
2025-01-28,41.14012908935547,41.28580720815164,40.95559828543391,40.97502277557527,521500
2025-01-29,40.907039642333984,41.06728891022722,40.868194366200896,40.97502350662031,307200
2025-01-30,41.0527229309082,41.07214742208804,40.90704109948089,41.07214742208804,191200
2025-01-31,41.043006896972656,41.17897832881796,40.941031101720704,41.13041525073757,146200
2025-02-03,40.96531295776367,41.06243170499059,40.782727193684025,40.95559886013535,555800
2025-02-04,41.16926574707031,41.2566741040535,41.02358762199354,41.09157148799794,417600
2025-02-05,41.033294677734375,41.06728660797194,40.96531081725926,41.05271916713335,305600
2025-02-06,41.01387405395508,41.110996510103845,40.97502507149557,41.08185792083778,254300
2025-02-07,40.85848236083984,41.159556421555976,40.81478003363616,41.10128294710813,216400
2025-02-10,41.178977966308594,41.25181517310257,41.13527193738954,41.19839875155854,342500
2025-02-11,41.10128402709961,41.19840278222168,40.98474077998452,41.02358976397056,388100
2025-02-12,40.96531295776367,41.028439772976895,40.76136136568152,40.829345229708906,228300
2025-02-13,41.27609634399414,41.27609634399414,40.96531191496795,41.013871287345296,411500
2025-02-14,41.27609634399414,41.32465571637149,41.19354504046839,41.21782287423574,225900
2025-02-18,40.92646408081055,41.03329692593694,40.800206745220926,40.800206745220926,307300
2025-02-19,40.8973274230957,40.90703781548464,40.7710700929841,40.877902933475255,404400
2025-02-20,41.20811462402344,41.24696360588205,41.02358751745927,41.13041666030621,633300
2025-02-21,40.81963348388672,41.20811590486207,40.69337984618623,41.12070754538477,428800
2025-02-24,40.75164794921875,40.87304823770297,40.75164794921875,40.858480795859705,364100
2025-02-25,40.74193572998047,40.8390544744773,40.62539249561575,40.78078470971625,341600
2025-02-26,40.43115234375,40.60111200342087,40.33402989190756,40.43115234375,354700
2025-02-27,39.9843978881836,40.14950420972996,39.8824220887768,40.08152034345876,875300
2025-02-28,39.94555282592773,39.94555282592773,39.625054279058816,39.858144468131016,576500
2025-03-03,39.88727951049805,40.26604782750369,39.73188728544848,40.1397941917304,643600
2025-03-04,39.46966171264648,39.58620495375138,39.24142857455239,39.52793518562035,678600
2025-03-05,39.57649230957031,39.59591679945674,39.26570788107275,39.38225111554869,894000
2025-03-06,39.11031723022461,39.309411776044506,39.032619267573,39.06175785598874,384500
2025-03-07,39.22686004638672,39.22686004638672,38.79467532211489,39.07146782760182,593600
2025-03-10,38.886940002441406,39.10060198377081,38.77039306188792,38.97434835543519,505900
2025-03-11,38.79953002929688,39.0131920017044,38.72183207217231,38.88693837864075,841400
2025-03-12,38.906368255615234,38.96463802668525,38.75097602469015,38.8383843861382,371700
2025-03-13,38.86751556396485,39.00834033868866,38.83838068120911,38.90636454420093,570500
2025-03-14,39.31427001953125,39.34826195301352,38.964636586660525,38.99377517596167,443400
2025-03-17,39.94555282592773,40.00867964356425,39.59591939474087,39.60562978789923,923700
2025-03-18,39.42110061645508,39.56678244010782,39.31426777308876,39.40167612631187,247000
2025-03-19,39.2171516418457,39.29970295182609,39.0617594151826,39.28513550945813,1288900
2025-03-20,39.1880111694336,39.29970106362654,39.042333047910354,39.09089242175144,1207600
2025-03-21,39.17829895019531,39.33369116214837,39.11517213762902,39.19772343979477,945100
2025-03-24,39.32398223876953,39.37254161216088,39.21714939440294,39.23657388472802,241000
2025-03-25,39.12002944946289,39.14916803923897,39.02291069645714,39.02291069645714,749500
2025-03-26,39.69303894042969,39.9358395275216,39.69303894042969,39.89699424926753,404500
2025-03-27,40.19806289672852,40.334030626943054,40.02324618506904,40.04267067579151,534400
2025-03-28,39.88727951049805,40.12036970049384,39.79501410333512,40.042671735547614,304900
2025-03-31,40.17863845825195,40.188352556047214,39.67361281333927,39.76102116928267,466400
2025-04-01,40.14950180053711,40.33402889722301,39.89699084165942,40.00381997878749,576300
2025-04-02,40.32432174682617,40.35345663158153,39.91641483603659,40.13979463530406,321200
2025-04-03,39.440528869628906,39.66390497032418,39.40167988563589,39.52793723119167,454800
2025-04-04,37.85746383666992,38.83838019881287,37.682647132621526,38.57615514274029,1353600
2025-04-07,37.634090423583984,38.65385213280284,36.79885582398894,36.915399066654345,1467000
2025-04-08,37.0707893371582,37.99343224631402,36.93482161041069,37.876889009793686,706800
2025-04-09,39.04233169555664,39.07146657788356,37.02222921112414,37.05136779829368,1506700
2025-04-10,38.20709609985352,38.50817012665769,37.79918923434972,38.26536956773764,472600
2025-04-11,38.440189361572266,38.60529197660679,38.21680956911891,38.34306690727889,398500
2025-04-14,38.85780334472656,38.99377478212522,38.77525203636665,38.89665232684047,416100
2025-04-15,39.081180572509766,39.1831563652286,38.97920107494833,39.13945033701047,350900
2025-04-16,38.886940002441406,39.231716365682814,38.79953164944762,39.168589551515005,754500
2025-04-17,39.03261947631836,39.18315835355024,38.86265981316249,39.06175806488993,493600
2025-04-21,38.750972747802734,39.03261859545814,38.63442580583217,38.97434882931557,290800
2025-04-22,39.24628829956055,39.33369666255996,39.03262258893019,39.10060645961383,690000
2025-04-23,39.20743560791016,39.50850965307372,39.14916584131528,39.4308116911569,897300
2025-04-24,39.86785125732422,39.9261247255352,39.634764794165385,39.68332416525326,314900
2025-04-25,39.97468948364258,40.00382436925304,39.76102377625112,39.80958685872593,352000
2025-04-28,39.67361068725586,39.80958211520337,39.53764296415095,39.80958211520337,303400
2025-04-29,39.5667839050293,39.6639026544984,39.45023695985499,39.45023695985499,265100
2025-04-30,39.26570892333984,39.430811534493,39.13945158814802,39.430811534493,663000
2025-05-01,38.85780334472656,39.008342224207226,38.85780334472656,38.89665232684047,485400
2025-05-02,39.1685905456543,39.22686031256732,39.02290871868621,39.03261911155746,474300
2025-05-05,38.566444396972656,38.72183662464853,38.5421665611488,38.72183662464853,198500
2025-05-06,38.57615661621094,38.70241024796851,38.55673212559221,38.58586700909892,437800
2025-05-07,38.3916244506836,38.47903280295676,38.3139301957978,38.45960831302465,532800
2025-05-08,38.30421829223633,38.60529234616367,38.29450789913544,38.60529234616367,293900
2025-05-09,38.40134048461914,38.46932435038857,38.3916263867419,38.4498998594769,84800
2025-05-12,38.886940002441406,39.02290772824448,38.760682669263126,39.02290772824448,518300
2025-05-13,39.13945007324219,39.275417795950986,38.97434746847938,39.03261723258739,775700
2025-05-14,39.05204391479492,39.12974187775802,38.97434965667461,39.12974187775802,402800
2025-05-15,38.97434997558594,39.06175833221326,38.838382244130734,39.06175833221326,431500
2025-05-16,39.03261947631836,39.09089294861871,38.95492521809401,39.03261947631836,344600
2025-05-19,38.760684967041016,38.81895844077228,38.58586825069011,38.58586825069011,317900
2025-05-20,38.74125671386719,38.8480895529125,38.70240773515207,38.770391595482266,516500
2025-05-21,38.16824722290039,38.3819129008686,38.10997745970362,38.33335352992378,890900
2025-05-22,38.14882659912109,38.14882659912109,37.91574011303065,37.91574011303065,566400
2025-05-23,38.0419921875,38.10026565905165,37.88659996820503,37.91573855640222,328600
2025-05-27,37.109642028808594,37.32330773783269,37.022233666466285,37.32330773783269,629500
2025-05-28,37.48841094970703,37.59524380588817,37.430141177130494,37.58553341207312,540100
2025-05-29,37.284454345703125,37.51754451934091,37.15819701394755,37.51754451934091,1283200
2025-05-30,37.2261848449707,37.29416870758838,37.129062394914975,37.2456056301392,2376800
2025-06-02,37.06108093261719,37.08050542388639,36.83770484028569,36.93482359178881,1100600
2025-06-03,36.90568923950195,36.93482412440445,36.82313792904959,36.86684025640333,507100
2025-06-04,37.27474594116211,37.41071367268462,37.27474594116211,37.362154297832696,775100
2025-06-05,37.371864318847656,37.47869716536411,37.36215392591106,37.43984818393217,342700
2025-06-06,37.4010009765625,37.5563932048183,37.37186609152796,37.5563932048183,271800
2025-06-09,37.45927429199219,37.59038868377531,37.37186593241776,37.43984980043754,884700
2025-06-10,37.60495376586914,37.74092149337439,37.49812092144567,37.52725580452745,784700
2025-06-11,37.35243988037109,37.51754619926638,37.29417011298447,37.49812170852324,892000
2025-06-12,36.973670959472656,37.0125199403143,36.91054414423703,37.00280584268253,463200
2025-06-13,36.06074142456055,36.517203973460006,35.97333307181935,36.517203973460006,1441200
2025-06-16,37.03199005126953,37.25924034112863,36.76521698862648,36.76521698862648,1595500
2025-06-17,36.38976287841797,36.56760782226311,36.3107173308431,36.52808881757484,836900
2025-06-18,35.92538070678711,36.10322942467016,35.92538070678711,36.093346846399285,724200
2025-06-20,36.122989654541016,36.28107697991563,36.05876420513627,36.21191401063293,651200
2025-06-23,36.656532287597656,36.73557783540728,36.25143327782126,36.41940318236713,1455600
2025-06-24,37.26912307739258,37.40744901362568,37.14363846172477,37.288884463868605,996800
2025-06-25,37.36792755126953,37.3975677474736,37.31358467882928,37.33828735506547,311700
2025-06-26,37.703861236572266,37.76808291403041,37.585296690073015,37.585296690073015,609400
2025-06-27,37.80266571044922,37.90147264354709,37.69398373769023,37.76314670630918,619000
2025-06-30,38.079322814941406,38.079322814941406,37.95087568153585,38.059561427563686,1293800
2025-07-01,37.79278564453125,37.88170999681175,37.70386129225075,37.88170999681175,389100
2025-07-02,37.98051452636719,37.98051452636719,37.8026658153964,37.8026658153964,439800
2025-07-03,38.42513656616211,38.43501914411637,38.21764765831249,38.21764765831249,372000
2025-07-07,38.61286544799805,38.652384450052814,38.425134169567535,38.59310406242121,865000
2025-07-08,38.43501663208008,38.45477424849898,38.35695859391993,38.43501663208008,358400
2025-07-09,38.42513656616211,38.49924082442245,38.34609478802379,38.42513656616211,472200
2025-07-10,38.53382110595703,38.55852378097225,38.34115230195517,38.44489675264086,500900
2025-07-11,38.42513656616211,38.464659339780845,38.35893987790484,38.37573498368827,147900
2025-07-14,38.18800735473633,38.291751808367984,38.14848458122928,38.17812477681,454100
2025-07-15,37.63470077514648,37.85207226577817,37.63470077514648,37.85207226577817,290200
2025-07-16,37.64457702636719,37.718681281238176,37.56553525184405,37.58529663774957,522700
2025-07-17,37.71374130249024,37.75326407567413,37.56553655669927,37.56553655669927,545700
2025-07-18,37.67422103881836,37.822425779654296,37.64457707537199,37.6840998472345,217100
2025-07-21,37.36792755126953,37.55071755575941,37.35804874223458,37.52601487952322,478200
2025-07-22,37.05175018310547,37.05175018310547,36.95294702359009,36.98258721762492,436600
2025-07-23,37.5161361694336,37.570479042017176,37.29876467909928,37.29876467909928,640900
2025-07-24,37.22959899902344,37.4667280902229,37.19007622745721,37.4667280902229,372200
2025-07-25,37.26912307739258,37.32346594792688,37.19007753148848,37.22960030444053,194000
2025-07-28,37.160438537597656,37.20984012083517,37.086334278191785,37.160438537597656,264100
2025-07-29,36.94306564331055,37.03100249344223,36.9035428705841,36.982588416037,415500
2025-07-30,37.17031478881836,37.27900052592146,37.14067459473532,37.25923914016645,366400
2025-07-31,37.11103439331055,37.26912171022043,37.02211004198005,37.19995874464104,398400
2025-08-01,36.8739013671875,37.06162887732839,36.78991830494807,37.06162887732839,568500
2025-08-04,37.1801986694336,37.26912302389853,37.03199015562567,37.03199015562567,603500
2025-08-05,37.32840347290039,37.54577495506775,37.32346595310501,37.42721040529423,1283900
2025-08-06,37.585296630859375,37.60505801676128,37.545773859055565,37.545773859055565,468500
2025-08-07,37.3778076171875,37.52601235734597,37.32346474839971,37.51613354897499,344100
2025-08-08,37.3778076171875,37.49637216313407,37.298762073823816,37.49637216313407,799900
2025-08-11,36.98258972167969,37.15549714708845,36.9381256585179,37.09127546596496,390900
2025-08-12,37.041873931884766,37.07645541701228,36.943066996449566,37.05175274087868,239300
2025-08-13,36.99246597290039,37.1406744810599,36.93812310451517,36.96282577890806,358300
2025-08-14,37.14067459106445,37.16537726553052,37.05175023972515,37.05175023972515,149400
2025-08-15,37.10115432739258,37.437090369704144,37.05175274422013,37.437090369704144,579400
2025-08-18,37.3778076171875,37.39756523392946,37.31852345966474,37.32840226803572,263000
2025-08-19,37.38768768310547,37.397566491808725,37.2790019418742,37.30864213708306,367100
2025-08-20,37.43708801269531,37.63469810204296,37.333343563835065,37.63469810204296,409100
2025-08-21,37.48649215698242,37.54577631857168,37.36792760290313,37.36792760290313,324600
2025-08-22,37.67422103881836,37.78290677689077,37.5457739148147,37.5457739148147,204300
2025-08-25,37.62482070922852,37.71868258414831,37.595176744796746,37.595176744796746,316600
2025-08-26,37.56553649902344,37.605059272146654,37.506252339338616,37.605059272146654,439300
2025-08-27,37.22959899902344,37.27900057893174,37.16043603333201,37.26912177058966,425800
2025-08-28,37.02210998535156,37.11103433654604,36.94800573117301,37.11103433654604,388200
2025-08-29,36.91342544555664,37.14067573506816,36.87884396169834,37.04187257235848,599800
2025-09-02,36.76521682739258,36.79486079140007,36.66641366496508,36.755338018789445,346300
2025-09-03,36.666412353515625,36.72569274121223,36.572546714197465,36.72569274121223,426000
2025-09-04,36.903541564941406,36.94306433626954,36.66147118647967,36.67629128345299,461700
2025-09-05,36.75533676147461,37.08139020161108,36.74051666452735,36.8640224978864,657400
2025-09-08,36.25143051147461,36.360116246869445,36.17238873879584,36.360116246869445,629600
2025-09-09,36.320594787597656,36.3403561737557,36.08346569189919,36.25143182059402,1333200
2025-09-10,36.3601188659668,36.36506015495856,36.25143312274309,36.32059609223106,521900
2025-09-11,36.3601188659668,36.37000144395031,36.202031540123,36.29095589647884,867700
2025-09-12,36.28107452392578,36.40951787584223,36.28107452392578,36.40951787584223,1374800
2025-09-15,36.27119445800781,36.315658520672045,36.10322832351861,36.11310713238892,731200
2025-09-16,36.45892333984375,36.55772649841612,36.42434185743353,36.51820372734762,677400
2025-09-17,36.98258972167969,37.120915662006695,36.85414259033352,36.893665364455295,624100
2025-09-18,37.31852340698242,37.31852340698242,37.16043608957719,37.30864082952643,809600
2025-09-19,37.3778076171875,37.387686425558485,37.19007633624823,37.34816365387664,393800
2025-09-22,37.72362518310547,37.83231092856505,37.61493943764588,37.64457963400787,432300
2025-09-23,40.29254531860352,40.42099245164167,37.85207240547411,37.93111418565965,8191700
2025-09-24,40.05541610717773,41.00394008158973,40.04553352899263,40.322189181687214,2682300
2025-09-25,39.3637809753418,39.511989489098056,39.11676929848074,39.29461800734863,1955600
2025-09-26,39.47246551513672,39.53668719229077,39.3291982946248,39.39341997177885,552600
2025-09-29,39.67007827758789,39.85780580206436,39.5515099545614,39.84792699302842,693200
2025-09-30,40.09493637084961,40.09493637084961,39.96648924618157,40.075174984816144,701500
2025-10-01,39.76887893676758,40.52473404518074,39.76887893676758,39.97636783533218,3167500
2025-10-02,39.996131896972656,40.035654671466816,39.86274724442892,39.96649170065165,621800
2025-10-03,40.00601196289063,40.07023364058628,39.92696641886613,40.00601196289063,414800
2025-10-06,40.28266525268555,40.45063138602636,40.25302505717814,40.29254406148831,558400
2025-10-07,40.10481643676758,40.26290376089301,40.06529366346144,40.26290376089301,389100
2025-10-08,40.06529235839844,40.21844215769632,40.04553097238907,40.15421671089112,462200
2025-10-09,40.19374084472656,40.416049848940894,40.055414907073285,40.21350223140548,1231500
2025-10-10,39.33414077758789,40.23326313053777,39.319316910934,40.19374035765888,1379100
2025-10-13,40.20362091064453,40.3123066562275,40.07517754686397,40.13445793965524,863100
2025-10-14,40.26290512084961,40.44569512674023,40.07517759495328,40.183859571567424,676900
2025-10-15,40.40122985839844,40.50003679205516,40.24808382260443,40.39135104958233,892800
2025-10-16,40.29254531860352,40.48027661360525,40.19374215109678,40.43087126075264,1019600
2025-10-17,40.29254531860352,40.43087126075264,40.16903947467048,40.32218928413493,787100
2025-10-20,40.40122985839844,40.47039282740858,40.25796263142053,40.2826653071095,448300
2025-10-21,39.98625183105469,40.03071212413872,39.89238618685625,39.97636925319216,545600
2025-10-22,40.02577209472656,40.15916051637431,39.81828318227366,39.98625308933022,615400
2025-10-23,40.18385696411133,40.282663894302665,40.085053803018994,40.085053803018994,603600
2025-10-24,40.243141174316406,40.3715882991819,40.19373959370629,40.35182691311806,210900
2025-10-27,40.12457656860352,40.18385695760973,40.01589082996013,40.16409934067365,484200
2025-10-28,40.40122985839844,40.4753341163662,40.223381146915465,40.42099124512978,486700
2025-10-29,40.53955459594727,40.68282181868269,40.50991440127753,40.5790773682396,586600
2025-10-30,39.74911880493164,40.26290354789607,39.43294415835339,40.26290354789607,2171600
2025-10-31,39.79851913452149,40.09493615432376,39.65031439371933,39.88744348664237,883800
2025-11-03,39.52186965942383,39.650316791164734,39.46258549805898,39.50210827230221,380200
2025-11-04,39.205692291259766,39.32425683668746,38.998203394486566,39.23533248534196,2173900
2025-11-05,38.87963485717773,39.01796455666617,38.76107031242942,38.85987724063545,606100
2025-11-06,38.83023452758789,39.05254729638362,38.67214720646826,38.84011710527608,881500
2025-11-07,38.81047439575195,38.849997169584086,38.5437013260338,38.77589291092363,864400
2025-11-10,38.84999465942383,38.84999465942383,38.65238457213023,38.77095288596574,352900
2025-11-11,38.91915893554688,38.96856051675957,38.81541448427051,38.82035577312149,850600
2025-11-12,38.701786041259766,38.75612890933793,38.62274426802719,38.7511913897664,137700
2025-11-13,38.26704788208008,38.49429816867035,38.23246639866632,38.49429816867035,530700
2025-11-14,38.3658561706543,38.41031646414617,38.02497884415337,38.06943913764524,690300
2025-11-17,37.99039840698242,38.14848573669975,37.83724859727867,38.000277216108834,687700
2025-11-18,38.32633209228516,38.4251352538585,38.148483386173936,38.2275251616128,734100
2025-11-19,37.97063446044922,38.04473871575013,37.82736723862719,37.95087307442905,520700
2025-11-20,37.73350143432617,38.23740735291668,37.73350143432617,38.23740735291668,500700
2025-11-21,37.82242584228516,37.96075177493401,37.62481952084335,37.96075177493401,204700
2025-11-24,37.703861236572266,37.79278558872145,37.48945604130221,37.55565272662397,1594600
2025-11-25,37.14067459106445,37.18513488218464,36.92330311687974,37.071511625478216,667600
2025-11-26,36.93318557739258,36.977645868372015,36.81955855194691,36.87390142032107,501700
2025-11-28,36.99246597290039,36.99839476551864,36.836357433381785,36.87390142783215,148800
2025-12-01,36.61701202392578,36.71581518619186,36.52808767024669,36.53796647883369,283900
2025-12-02,36.537967681884766,36.59725184265583,36.44904332527775,36.5873692646444,830900
2025-12-03,36.59725189208984,36.65653228384181,36.53302644222632,36.65653228384181,718300
2025-12-04,36.72569274902344,36.84426106263968,36.661471072638825,36.84426106263968,902300
2025-12-05,36.75533676147461,36.9825870425634,36.671353699374194,36.9825870425634,389100
2025-12-08,36.74545669555664,36.8541424393968,36.59725194685576,36.8541424393968,539100
2025-12-09,36.98258972167969,36.99740981970056,36.893665364455295,36.97270714359965,604100
2025-12-10,37.2098388671875,37.244420351198585,37.0517515446941,37.0517515446941,389000
2025-12-11,37.17031478881836,37.20983756032839,37.10115182322529,37.19995875200035,636000
2025-12-12,36.95294952392578,37.25924160060735,36.94800823488599,37.17031724338708,480500
2025-12-15,36.369998931884766,36.70593494723723,36.36011635458384,36.70593494723723,706600
2025-12-16,36.09000015258789,36.25,35.95000076293945,36.25,880000
2025-12-17,35.83000183105469,36.125,35.810001373291016,36.06999969482422,419600
2025-12-18,36.29999923706055,36.380001068115234,36.185001373291016,36.29999923706055,467300
2025-12-19,36.36000061035156,36.43999862670898,36.28499984741211,36.310001373291016,233400
2025-12-22,36.54999923706055,36.619998931884766,36.52999877929688,36.58000183105469,234600
2025-12-23,36.7599983215332,36.790000915527344,36.685001373291016,36.709999084472656,387500
2025-12-24,36.59999847412109,36.60499954223633,36.52999877929688,36.59000015258789,62000
2025-12-26,36.56999969482422,36.58000183105469,36.51499938964844,36.54999923706055,128000
2025-12-29,36.38999938964844,36.47999954223633,36.33000183105469,36.43000030517578,295800
2025-12-30,36.04999923706055,36.15999984741211,35.90999984741211,36.04999923706055,773900
2025-12-31,36.40999984741211,36.494998931884766,36.25,36.25,301100
2026-01-02,36.77000045776367,36.77000045776367,36.630001068115234,36.66999816894531,299700
2026-01-05,36.0,36.09000015258789,35.88999938964844,35.95000076293945,660500
2026-01-06,37.02999877929688,37.57500076293945,36.80500030517578,37.060001373291016,3753600
2026-01-07,36.31999969482422,36.65999984741211,36.310001373291016,36.65999984741211,1108200
2026-01-08,36.81999969482422,36.900001525878906,36.584999084472656,36.595001220703125,514600
2026-01-09,36.869998931884766,36.91999816894531,36.68000030517578,36.68999862670898,467800
2026-01-12,37.81999969482422,38.095001220703125,37.60499954223633,37.63999938964844,1072300
2026-01-13,38.209999084472656,38.27000045776367,38.06999969482422,38.15999984741211,1473100
2026-01-14,38.209999084472656,38.369998931884766,37.935001373291016,38.29499816894531,1183000
2026-01-15,37.9900016784668,38.01499938964844,37.7400016784668,37.88999938964844,748500
2026-01-16,37.83000183105469,37.9900016784668,37.77999877929688,37.900001525878906,507900
2026-01-20,37.93999862670898,38.16999816894531,37.880001068115234,38.0,1058500
2026-01-21,38.29999923706055,38.40499877929688,38.11000061035156,38.11000061035156,743900
2026-01-22,38.93000030517578,38.97499847412109,38.834999084472656,38.95000076293945,623400
2026-01-23,39.0099983215332,39.06499862670898,38.79999923706055,38.91999816894531,838700
2026-01-26,39.61000061035156,39.65800094604492,39.45000076293945,39.5099983215332,734000
2026-01-27,40.119998931884766,40.125,39.83000183105469,39.93000030517578,665400
2026-01-28,40.13999938964844,40.185001373291016,39.8849983215332,40.119998931884766,858900
2026-01-29,39.869998931884766,40.0099983215332,39.619998931884766,39.900001525878906,812200
2026-01-30,39.86000061035156,39.959999084472656,39.64500045776367,39.810001373291016,527600
2026-02-02,39.790000915527344,39.935001373291016,39.5099983215332,39.65999984741211,920200
2026-02-03,39.56999969482422,39.68000030517578,39.380001068115234,39.65999984741211,549400
2026-02-04,39.630001068115234,39.744998931884766,39.56999969482422,39.59999847412109,1366800
2026-02-05,39.220001220703125,39.52000045776367,38.900001525878906,39.0,1539000
2026-02-06,39.75,39.755001068115234,39.22999954223633,39.34999847412109,1038500
2026-02-09,39.459999084472656,39.51499938964844,39.130001068115234,39.18000030517578,1151300
2026-02-10,39.22999954223633,39.31999969482422,39.18999862670898,39.31999969482422,420200
2026-02-11,39.18999862670898,39.209999084472656,38.97499847412109,39.13999938964844,542400
2026-02-12,38.93999862670898,39.43999862670898,38.93999862670898,39.22999954223633,767100
2026-02-13,39.15999984741211,39.209999084472656,38.92499923706055,38.9900016784668,284700
2026-02-17,38.93999862670898,38.96500015258789,38.630001068115234,38.81999969482422,641300
2026-02-18,39.119998931884766,39.18999862670898,38.98500061035156,38.9900016784668,577300
2026-02-19,38.130001068115234,38.25,38.02000045776367,38.209999084472656,2145000
2026-02-20,38.630001068115234,38.63999938964844,38.09999847412109,38.09999847412109,1212200
2026-02-23,38.29999923706055,38.5,38.18999862670898,38.31999969482422,1148400
2026-02-24,38.18000030517578,38.290000915527344,37.9900016784668,38.09000015258789,962100
2026-02-25,37.91999816894531,38.01499938964844,37.84999847412109,37.9900016784668,773500
2026-02-26,37.130001068115234,37.494998931884766,37.01499938964844,37.43000030517578,1720000
2026-02-27,37.16999816894531,37.20500183105469,36.91999816894531,37.03499984741211,1238400
2026-03-02,36.58000183105469,36.744998931884766,36.29999923706055,36.29999923706055,1723700
2026-03-03,36.68000030517578,36.875,36.005001068115234,36.59000015258789,2378100
2026-03-04,37.459999084472656,37.505001068115234,37.22499847412109,37.31999969482422,755400
2026-03-05,37.25,37.720001220703125,36.59000015258789,37.52999877929688,2000700
2026-03-06,37.09000015258789,37.20000076293945,36.45000076293945,37.130001068115234,1088800
2026-03-09,38.25,38.30500030517578,37.43999862670898,37.68999862670898,1293600
2026-03-10,38.27999877929688,38.76499938964844,38.150001525878906,38.220001220703125,1594100
2026-03-11,38.11000061035156,38.27999877929688,37.970001220703125,38.25,547800
2026-03-12,37.900001525878906,38.02999877929688,37.720001220703125,37.91999816894531,2033500
2026-03-13,37.59999847412109,38.125,37.56999969482422,37.97499847412109,593600
2026-03-16,38.310001373291016,38.56499862670898,38.17499923706055,38.18000030517578,787900
2026-03-17,38.18000030517578,38.58000183105469,38.07500076293945,38.58000183105469,1006000
2026-03-18,37.7400016784668,38.25,37.709999084472656,38.25,1016600
2026-03-19,37.59999847412109,37.84000015258789,37.220001220703125,37.83000183105469,1586500
2026-03-20,36.77999877929688,37.59000015258789,36.76499938964844,37.54999923706055,820900
2026-03-23,37.86000061035156,38.11000061035156,37.31499862670898,37.40999984741211,1735300
2026-03-24,37.720001220703125,38.185001373291016,37.720001220703125,38.15999984741211,1527900
2026-03-25,38.400001525878906,38.71500015258789,38.334999084472656,38.5,1303900
2026-03-26,38.40999984741211,38.83000183105469,38.3650016784668,38.630001068115234,610900
2026-03-27,37.90999984741211,38.32799911499024,37.89500045776367,38.310001373291016,771500
2026-03-30,38.790000915527344,38.95000076293945,38.70000076293945,38.81999969482422,593300
2026-03-31,39.75,39.77000045776367,39.119998931884766,39.130001068115234,803900
2026-04-01,39.56999969482422,39.68999862670898,39.18000030517578,39.18000030517578,872700
2026-04-02,39.380001068115234,39.650001525878906,39.220001220703125,39.220001220703125,526800
2026-04-06,39.25,39.34000015258789,39.084999084472656,39.25,281000
2026-04-07,38.77999877929688,38.86000061035156,38.400001525878906,38.86000061035156,1431300
2026-04-08,39.54999923706055,39.81999969482422,39.40499877929688,39.65999984741211,606500
2026-04-09,39.630001068115234,39.64500045776367,39.46500015258789,39.61000061035156,453100
2026-04-10,39.68999862670898,39.790000915527344,39.63999938964844,39.70000076293945,282300
2026-04-13,40.18999862670898,40.209999084472656,39.86000061035156,39.970001220703125,292000
2026-04-14,40.29999923706055,40.34999847412109,40.119998931884766,40.2599983215332,334800
2026-04-15,40.630001068115234,40.68999862670898,40.40999984741211,40.59999847412109,461100
2026-04-16,40.369998931884766,40.59999847412109,40.369998931884766,40.459999084472656,573700
2026-04-17,40.59000015258789,40.83000183105469,40.56999969482422,40.7400016784668,396400
2026-04-20,39.83000183105469,39.959999084472656,39.73500061035156,39.90999984741211,439800
2026-04-21,39.68000030517578,39.88999938964844,39.560001373291016,39.560001373291016,720300
2026-04-22,39.540000915527344,39.560001373291016,39.43999862670898,39.459999084472656,183200
2026-04-23,38.9900016784668,39.209999084472656,38.79999923706055,39.209999084472656,264200
2026-04-24,39.08000183105469,39.244998931884766,39.0099983215332,39.13999938964844,316500
2026-04-27,38.970001220703125,39.220001220703125,38.970001220703125,39.09000015258789,414800
2026-04-28,39.18000030517578,39.31999969482422,39.060001373291016,39.130001068115234,543300
2026-04-29,39.18999862670898,39.2599983215332,39.07500076293945,39.2599983215332,518000
2026-04-30,39.09999847412109,39.22999954223633,38.96500015258789,39.09000015258789,286000
2026-05-01,39.310001373291016,39.4900016784668,39.209999084472656,39.25,610700
2026-05-04,38.72999954223633,39.02999877929688,38.625,39.02999877929688,254000
2026-05-05,38.459999084472656,38.61000061035156,38.43999862670898,38.5,192700
2026-05-06,38.43999862670898,38.51499938964844,38.31499862670898,38.31999969482422,304800
2026-05-07,38.36000061035156,38.75,38.310001373291016,38.61000061035156,440100
2026-05-08,38.72999954223633,38.79499816894531,38.41999816894531,38.54999923706055,352800
2026-05-11,39.150001525878906,39.27000045776367,39.08000183105469,39.150001525878906,387700
2026-05-12,38.75,38.91999816894531,38.5099983215332,38.91999816894531,287600
2026-05-13,38.59000015258789,38.630001068115234,38.505001068115234,38.60499954223633,170300
2026-05-14,38.52999877929688,38.59000015258789,38.42499923706055,38.52000045776367,335400
2026-05-15,38.290000915527344,38.52999877929688,38.27000045776367,38.380001068115234,416700
2026-05-18,38.36000061035156,38.43999862670898,38.18000030517578,38.34000015258789,347400
2026-05-19,38.4900016784668,38.59000015258789,38.31999969482422,38.369998931884766,439200
2026-05-20,38.33000183105469,38.53499984741211,38.2599983215332,38.5,308700
2026-05-21,38.66999816894531,38.7599983215332,38.44499969482422,38.58000183105469,612100
2026-05-22,38.63999938964844,38.720001220703125,38.52000045776367,38.66999816894531,360000
2026-05-26,38.68000030517578,38.83000183105469,38.54999923706055,38.77000045776367,369600
2026-05-27,38.7400016784668,38.77000045776367,38.560001373291016,38.75,229500
