Price,Close,High,Low,Open,Volume
Ticker,KTB,KTB,KTB,KTB,KTB
Date,,,,,
2019-05-28,28.57706642150879,30.32571924605261,28.55343695245213,28.75035720729663,2722100
2019-05-29,25.969844818115234,28.18322661472064,25.09551838403728,27.970552373612648,5732700
2019-05-30,24.536266326904297,25.8753233152516,24.28027086705293,25.749294457580856,3916800
2019-05-31,23.07905387878418,23.728891337954977,22.1810979736455,23.44138793854448,5210500
2019-06-03,22.88213348388672,23.425633819133445,22.25198925634149,22.31500367909601,2642000
2019-06-04,24.22119140625,24.260574856364148,22.65370635406637,22.748227235293243,1991100
2019-06-05,24.71743392944336,25.820187243584066,24.20938072737689,24.37873229552657,1386500
2019-06-06,24.024269104003903,24.693798215575534,22.890008109246217,23.43350838833168,1440700
2019-06-07,22.38589668273925,25.197917939291173,22.330759246709995,23.977012848298408,970700
2019-06-10,23.961259841918945,24.615035114463804,22.90576701602013,22.929397990587727,961100
2019-06-11,22.27562522888184,24.41811758588211,21.897537105096045,24.16605983828004,968400
2019-06-12,21.39341926574707,22.953027534930666,21.39341926574707,22.228360838787403,1130300
2019-06-13,22.708850860595703,22.819125757179613,21.566712422840578,21.92904658678923,1133200
2019-06-14,22.2913761138916,23.09087350885336,22.24805491231288,22.567064818968667,890400
2019-06-17,22.00780868530273,22.988470739082125,21.55883073274038,22.38589522405184,1009800
2019-06-18,21.55883407592773,22.28350080543075,20.692384496811563,22.15747043725482,1366500
2019-06-19,21.56670570373535,22.424490888870967,21.298895538665345,21.73999648995881,1322400
2019-06-20,21.85815048217773,21.968425355199305,20.905057074188523,21.637599233752127,951800
2019-06-21,21.669109344482425,22.462304265131536,21.10197943829467,21.78726122047371,1249900
2019-06-24,21.803014755249023,22.2323010476638,21.641540177499387,21.661231906028352,1298600
2019-06-25,20.58211135864257,21.858155704034665,20.30642411022768,21.66911237552896,864500
2019-06-26,21.007455825805664,21.692739070887274,20.37731152190047,20.47970940789162,1226800
2019-06-27,22.346513748168945,22.771860766261923,21.07834668050968,21.354035369442016,1106400
2019-06-28,22.0708236694336,22.393772783955114,21.566706769238564,22.023561724101864,5471500
2019-07-01,23.10268783569336,23.38625352758717,21.826643724553744,22.35439014981026,996600
2019-07-02,22.97665786743164,23.453204574855683,22.43315748491806,23.149947169481525,684800
2019-07-03,23.126314163208008,23.59892155154293,22.797062586539514,23.016037803865245,253100
2019-07-05,23.49653053283692,23.66194436887028,22.945153082569306,23.110566918602665,241600
2019-07-08,24.26058006286621,24.27633404724572,23.228718124130648,23.394131955350208,717600
2019-07-09,24.41023826599121,24.96161566308472,24.20544098999597,24.38660729101319,976900
2019-07-10,25.442100524902344,25.575220634316217,23.504405618504048,24.09516648055952,937200
2019-07-11,26.355812072753903,26.434581995140576,25.43422651656964,25.55237689300169,652200
2019-07-12,26.38731575012207,26.96232256858281,26.269162388140973,26.529098582593463,528400
2019-07-15,25.02463150024414,26.90718904352378,24.69380534387366,26.426703041980723,548600
2019-07-16,25.2215518951416,25.3554562542558,24.776511605110567,24.88284874533299,521200
2019-07-17,24.1030387878418,25.07661254736848,24.024270387733427,24.90647376465905,519900
2019-07-18,23.10268783569336,24.248763837254128,22.71672425638375,23.92187694454991,637500
2019-07-19,23.22871208190918,23.51227771744906,22.5828139141859,23.063299796099084,1390500
2019-07-22,24.063655853271484,24.59140222512882,22.921519214320384,23.19720788661285,823300
2019-07-23,24.418115615844727,25.032507452843056,24.11958468877445,24.276332768661835,509100
2019-07-24,24.84346389770508,25.99347764193177,24.16605763597111,24.654419101848934,941600
2019-07-25,23.63043212890625,25.19791727983781,23.067240042976724,24.55989603302441,768500
2019-07-26,23.567419052124023,24.01639704788776,22.97665821509122,23.717078884839434,824400
2019-07-29,24.44962501525879,24.45750050511248,23.63043585127105,23.63043585127105,497200
2019-07-30,24.39447975158692,24.709553349907893,23.709198130717983,24.229067464612434,284100
2019-07-31,23.10268783569336,24.654419144638016,22.874261085743104,24.355100971714307,1419000
2019-08-01,22.96877861022949,24.14242315931008,22.66946048123795,23.756459636649936,1223600
2019-08-02,23.6855697631836,23.945504458697755,22.796278054930337,22.98453408487804,521700
2019-08-05,22.425275802612305,23.63042818068481,22.212603090796584,23.622551191005385,979500
2019-08-06,23.0239200592041,23.283854783184267,22.14171799700948,22.81124578438871,1443200
2019-08-07,23.315359115600582,23.44138796197824,22.64582993023035,22.661583911623143,743600
2019-08-08,26.63937759399414,27.348291866596227,24.1660591392173,24.41811687952798,2089700
2019-08-09,27.048969268798828,27.45068531029544,26.080121870116454,26.64725322730221,551800
2019-08-12,25.41059875488281,26.73390364899397,25.31607783523655,26.702398678955785,773300
2019-08-13,25.442100524902344,26.33848205753777,24.7883252309896,25.394841578987588,669200
2019-08-14,24.21331787109375,24.977368029970528,24.18968689622363,24.81983270465067,1108300
2019-08-15,23.71707534790039,24.72530606455364,22.59069127955485,24.189682745140463,1263600
2019-08-16,25.61538887023925,25.788679667930268,23.97701229748989,24.04790371429396,430500
2019-08-19,25.079763412475582,26.16676404474413,24.7410603386873,25.891073889112143,494900
2019-08-20,25.426345825195312,25.887141568241503,24.425991935434325,24.65441868108974,362300
2019-08-21,26.38731575012207,26.50546911210317,25.22154813128547,25.64689662869965,649600
2019-08-22,26.072242736816406,26.63937408008981,25.859571487853763,26.450332302175266,447300
2019-08-23,25.363338470458984,25.946220950008648,24.5992866476476,25.946220950008648,569100
2019-08-26,26.48971176147461,26.52121671653356,25.427918154495007,25.654768854741604,305300
2019-08-27,25.930458068847656,26.85992192475553,25.36726901689497,26.48183539087575,854400
2019-08-28,26.261289596557617,26.82054249053758,25.725666175494656,25.74929564841166,309000
2019-08-29,26.702390670776367,27.24588955170171,26.21953996577304,26.450332957469115,402700
2019-08-30,26.970203399658203,27.28527405097628,26.5763628319368,26.74965063849397,425800
2019-09-03,26.96232795715332,27.805146627083683,26.59211682007096,26.99383592728063,399600
2019-09-04,27.11985969543457,27.63657708723922,26.93081491503967,27.048968278382088,702000
2019-09-05,27.87603759765625,28.0532676731248,27.379797593015823,27.68699578954157,571100
2019-09-06,28.3328857421875,28.43528210590432,27.505818311417453,28.159594965490616,528500
2019-09-09,28.37288856506348,28.73295122244424,27.604756930840377,28.644935567052965,886400
2019-09-10,27.756792068481445,28.764967873777216,27.476744929390893,28.23687680271725,636800
2019-09-11,28.8289737701416,29.061014543672208,27.28470704631787,27.91681685602489,467700
2019-09-12,28.804969787597656,29.021007427278768,28.116850576528424,28.828972952356303,598500
2019-09-13,28.38889503479004,29.125023560224104,27.900810380848217,28.94098913965248,620900
2019-09-16,27.676776885986328,28.348893009282445,26.924648173936824,27.95682399890779,553100
2019-09-17,27.20468711853028,27.54874664097673,26.712600993822623,27.460730988404336,494300
2019-09-18,27.42073631286621,27.620770861644967,26.82063266652994,27.204698633910954,682200
2019-09-19,27.80480194091797,28.180867864763727,27.436739108205284,27.50074857584512,538400
2019-09-20,27.084678649902344,28.1616652759116,26.87744374579999,27.9248262575904,907400
2019-09-23,28.43690299987793,28.707347571319264,26.91663969939408,26.99665532442608,511300
2019-09-24,27.540746688842773,28.751355794146107,27.39672466638892,28.60493162415233,557500
2019-09-25,27.188692092895508,28.20486783948589,27.10067641410888,27.39672970680656,407800
2019-09-26,27.44473648071289,27.916818086296704,26.54057956446905,27.02066426040841,400700
2019-09-27,27.620763778686523,27.892810817354373,27.164685368608684,27.53274811142866,331300
2019-09-30,28.084850311279297,28.78097276057721,27.52475599890408,27.732790593174148,728700
2019-10-01,27.82880401611328,28.65294839018996,27.68477890422745,28.108854201351217,615600
2019-10-02,27.32471466064453,27.812796289939048,27.11347827176252,27.540749240482857,361600
2019-10-03,27.84480857849121,28.08484942655963,26.756620144810395,27.244704932177672,338300
2019-10-04,27.292713165283203,28.236876439626144,26.764622101013835,27.796801061449145,695800
2019-10-07,27.588762283325195,27.844806240066774,26.804627284268523,27.204696348212828,549900
2019-10-08,27.724777221679688,28.084836805836773,26.96464566747901,27.292702057950844,521800
2019-10-09,27.724777221679688,28.148849297774504,27.34070837462053,27.94081175126049,632500
2019-10-10,27.53275489807129,28.628943359840186,27.484745508019127,27.820805133814343,404200
2019-10-11,29.36507225036621,29.74913821616712,27.90081789423308,27.90081789423308,1139400
2019-10-14,29.54109764099121,29.76513838798857,28.764965747614525,29.189037970402023,671200
2019-10-15,30.25322151184082,30.54126865299157,29.22104266945933,29.57310232127769,974300
2019-10-16,30.677295684814453,30.89333334378385,30.06118896529833,30.06118896529833,648000
2019-10-17,30.781322479248047,31.405429398850533,30.47726905972752,30.79732561209497,461300
2019-10-18,30.605281829833984,30.89333202953913,29.893159420721027,30.477259857996653,433100
2019-10-21,31.27739524841309,31.845492508693923,30.98134503636712,31.10936699716681,836000
2019-10-22,32.1175422668457,32.253567328582406,30.80531629485881,31.13337278785553,674100
2019-10-23,32.2055549621582,32.56961922247906,31.64545774366381,32.14154245614317,896500
2019-10-24,31.47743797302246,32.165557336624495,30.757312347791235,32.07754164328678,625500
2019-10-25,32.14154815673828,32.205560674106515,30.37324357028601,31.245394279576807,796200
2019-10-28,31.653461456298828,32.75764973624049,31.64545836674723,32.32557752126888,718400
2019-10-29,31.893510818481445,32.46160823782418,31.339814080543697,31.62146369407596,964100
2019-10-30,31.509435653686523,32.733645830905324,31.42942002140421,31.96551407470076,1080500
2019-10-31,30.405256271362305,32.70165240353316,30.02119024262988,31.605463755758183,9300200
2019-11-01,30.405256271362305,31.38942604229267,29.7331399580092,30.757316034628992,739100
2019-11-04,30.72530746459961,31.35741430977221,30.357241580485567,30.621288646114014,1133400
2019-11-05,31.469438552856445,31.6974778299517,30.725309742906624,30.725309742906624,1244100
2019-11-06,30.59728240966797,31.381417384537368,30.501263639638108,31.381417384537368,1033800
2019-11-07,28.012836456298828,31.053363994880733,27.40473277995341,30.589282383437308,2010800
2019-11-08,28.812973022460938,29.13302949875353,27.788797181980268,28.16486308378135,847000
2019-11-11,28.92499351501465,29.25305001368623,28.60493705433205,28.788968450924926,734600
2019-11-12,28.860979080200195,29.42907636041356,28.276878672789834,28.804969661152928,786000
2019-11-13,29.205047607421875,29.629119924716143,28.444915620881225,28.5009250570414,598200
2019-11-14,28.812973022460938,29.393075004205667,28.75696359695245,29.1410295371327,488400
2019-11-15,28.8289737701416,29.21704122359825,28.724958018380587,28.916989446465937,409400
2019-11-18,28.37288856506348,28.83697000175064,27.55674755909501,28.83697000175064,644700
2019-11-19,28.380897521972656,28.708953999361096,27.92881757166649,28.276878721156493,652800
2019-11-20,28.12485313415528,28.43290493443885,27.50874648130374,28.220868843657584,912800
2019-11-21,28.00483703613281,28.30889040716492,27.83760844513641,28.01283707513773,660500
2019-11-22,28.42090606689453,28.628940632733908,28.092849563500152,28.348893514818464,581600
2019-11-25,28.82097625732422,29.045013960479096,28.420907186099203,28.66094801837725,594700
2019-11-26,28.70895767211914,29.06902045001941,28.696956088236604,28.85298278327925,545700
2019-11-27,28.8289737701416,29.02100825051147,28.620939214335053,28.9089894087476,296500
2019-11-29,28.684953689575195,28.95700080384418,28.444912836346106,28.652950480820355,262700
2019-12-02,29.30105400085449,29.600306065614323,28.19686570967942,28.620937891698063,815500
2019-12-03,29.453086853027344,29.62911517317929,29.11702723767388,29.13303036719403,719500
2019-12-04,30.02117919921875,30.389241959824943,29.493088222436363,29.493088222436363,534400
2019-12-05,30.861326217651367,30.89813371784459,30.02918186259055,30.02918186259055,399400
2019-12-06,30.773305892944336,31.89270058430382,30.67729019025008,31.181377970892243,511200
2019-12-09,31.016902923583984,31.301087962285568,30.13998378007404,30.773315305070536,497000
2019-12-10,31.081846237182617,31.35791292475709,30.732702982385973,31.06560665586842,332100
2019-12-11,31.17929649353028,31.585276900490904,30.72459732267588,30.96006670208537,386200
2019-12-12,31.845102310180664,32.24296135194106,31.18741297308236,31.325447914273884,485300
2019-12-13,31.642105102539062,32.064324979945305,31.26860087808257,32.0399640560866,460600
2019-12-16,31.431001663208008,32.259202046640794,31.414762075605253,31.958777419451376,501000
2019-12-17,31.658349990844727,31.858902530353568,31.34087119198888,31.439120223683897,556200
2019-12-18,32.68953323364258,32.803210322367825,31.747659037321093,31.99936794485106,677300
2019-12-19,32.65706253051758,33.16047733093764,32.54338852049219,32.551506765186375,701900
2019-12-20,33.09551239013672,33.326921035122645,32.79508783815482,32.91688316599324,2200700
2019-12-23,33.85063934326172,34.159185266277944,33.02243908509238,33.25790842364118,430300
2019-12-24,33.69637680053711,34.069878065074285,33.582702771972315,33.85064825396291,163400
2019-12-26,34.34593963623047,34.67397123915949,33.89124359153063,33.98867801576853,477000
2019-12-27,34.50021743774414,34.74380507014924,34.256626707954254,34.42714083828413,374900
2019-12-30,34.29722595214844,34.678845426347564,33.98055863467706,34.467736978751326,422800
2019-12-31,34.094234466552734,34.54893052037984,34.01303653023749,34.14295013095732,897700
2020-01-02,33.85063934326172,34.816874526484696,33.509617347336544,34.45960984802881,448600
2020-01-03,34.7437858581543,34.75596476843236,33.282257774508494,33.290376015566174,564200
2020-01-06,34.313453674316406,34.69507614838194,33.615170158467144,34.10234528066596,370300
2020-01-07,34.662601470947266,35.105121666955405,34.09423145388622,34.25662111739836,356300
2020-01-08,34.73567581176758,34.99306842954862,34.118587077135814,34.59764398723335,359400
2020-01-09,34.13483047485352,34.682903358439184,34.004916879504435,34.52457126090076,421100
2020-01-10,33.184837341308594,34.354062886647995,33.06304507859219,34.280986290064284,471600
2020-01-13,33.842525482177734,33.97243908279056,33.07278515294296,33.290391905227104,456200
2020-01-14,33.452781677246094,34.32969762831478,33.40406291987061,33.745088026730414,340600
2020-01-15,33.09551239013672,33.86687557255108,33.02243581291044,33.412179623039854,499000
2020-01-16,34.06175994873047,34.07799953821369,33.29445715561198,33.38783092340926,408100
2020-01-17,33.88311004638672,34.30532986253469,33.615164701886755,34.29721162068219,311800
2020-01-21,33.79379653930664,34.50020443361601,33.55833033858714,33.84251528637807,395800
2020-01-22,33.68013000488281,34.03739160355856,33.37158406666303,33.77756442317905,314100
2020-01-23,34.094234466552734,34.15918971822036,32.70577918071543,33.40406594610371,511200
2020-01-24,34.0292854309082,34.695093203993984,33.49339129409805,34.597658751133615,309300
2020-01-27,33.217308044433594,33.66388575525701,32.89252256526172,33.29038462237807,551600
2020-01-28,32.316036224365234,33.45846617822045,31.92629544818592,33.3066292996862,422700
2020-01-29,32.94124984741211,33.339112007566015,32.35095337155773,32.37287666035711,471100
2020-01-30,32.608333587646484,32.908758105669705,32.015602793759165,32.77072630728027,489800
2020-01-31,30.968185424804688,32.55962790125293,30.619042021645107,32.55962790125293,2287100
2020-02-03,31.30109596252441,31.72331605464233,30.68400696474309,30.968192076079475,440600
2020-02-04,31.90194129943848,32.234845111098885,31.50407913555911,31.836982947219514,475600
2020-02-05,32.71390151977539,33.241674183674256,32.03997256605596,32.40535554714573,402500
2020-02-06,32.94936752319336,33.19295511985584,32.48654706293501,32.79509300397913,416300
2020-02-07,31.90194129943848,32.851933970255466,31.71519068288603,32.851933970255466,289900
2020-02-10,31.54467391967773,31.93441780563714,31.487836914930416,31.820740698758048,289000
2020-02-11,31.390396118164062,32.18611712043605,31.21988513854517,31.788258167991973,341600
2020-02-12,31.94253921508789,32.583989014943256,31.625874986582897,31.74766725280072,469900
2020-02-13,33.217308044433594,33.282266379221525,31.29296228840752,31.926290565670406,798700
2020-02-14,33.99679183959961,34.30533775651152,32.88440660683353,33.29038693531295,533500
2020-02-18,31.633989334106445,33.20919513445885,31.098095375580467,32.88440960312852,1576500
2020-02-19,31.812618255615234,32.46218615084643,30.943820614984,31.609628094768983,637900
2020-02-20,31.674579620361328,32.32415053678579,30.77330601372057,31.83697234946744,500300
2020-02-21,31.487838745117188,32.21616706032757,31.22801153763179,31.609634103731743,552200
2020-02-24,30.66775321960449,30.951938199787023,29.64468109617941,30.537839643323338,494600
2020-02-25,28.80024719238281,30.79523214152595,28.564777844602528,30.716474951422963,684100
2020-02-26,28.832725524902344,29.923190720143964,28.48358524406149,29.060076646290547,493500
2020-02-27,27.61478042602539,28.934216486211245,26.7947015299281,28.321188423749124,692000
2020-02-28,27.39555931091309,27.476754153607285,26.177618086191814,26.59983498506331,882500
2020-03-02,27.81777000427246,27.82589134516102,25.90966375015148,27.48486626767396,930400
2020-03-03,27.42803192138672,29.2143461112487,27.225041742933865,27.93956803835552,714800
2020-03-04,28.0532455444336,28.085724720412475,26.81094648839603,27.549830706299733,539700
2020-03-05,26.40496253967285,28.83272331689289,25.65795862795433,28.0126443664066,1106200
2020-03-06,27.135723114013672,27.817770175809592,25.170779851092107,25.446846592709125,1183100
2020-03-09,24.86477851867676,26.6980511040316,24.534458055491765,26.293408694138456,1018400
2020-03-10,26.640249252319336,26.68979827969443,24.83175228042639,25.830968947965903,877700
2020-03-11,24.38582229614257,26.10348255134279,23.981181352499057,25.55845584561192,668700
2020-03-12,22.02403450012207,23.67150233609346,21.46249156279764,22.544286589063933,1032200
2020-03-13,22.849834442138672,23.61782695915392,20.6945008073004,23.485699383655053,931900
2020-03-16,21.850616455078125,22.78376916813713,19.82741210280321,19.86870137679633,1011400
2020-03-17,24.550975799560547,25.5171595870096,21.115656016427184,22.337836759927846,890100
2020-03-18,24.294981002807617,24.41059223676727,21.86713406406037,22.701190362832705,722500
2020-03-19,24.41059112548828,25.401549464582253,22.116524129819744,24.05549769439486,590600
2020-03-20,21.850616455078125,25.690578789662347,20.859659703479647,24.72439497242581,1056600
2020-03-23,19.670509338378903,21.47074934299766,18.374006649296074,21.47074934299766,1396800
2020-03-24,21.34688377380371,21.589667386019016,20.1412175833928,20.496311061219885,1002300
2020-03-25,19.678770065307617,21.31385004205247,19.05116327547844,19.79438130353655,1220600
2020-03-26,18.910778045654297,20.60366526316716,18.67955556283588,19.69528694829258,1117000
2020-03-27,16.763700485229492,18.43181299393124,15.62409982166271,18.22536347280731,1984700
2020-03-30,16.30951690673828,16.879318191592517,15.541524213040248,16.50770831558208,1209900
2020-03-31,15.83055305480957,17.052734128425694,15.789263770937016,16.16913022283721,962500
2020-04-01,12.808128356933594,15.145136850682183,12.085555039916638,14.864365378634524,2679700
2020-04-02,12.86593532562256,13.423348456007206,12.469552585123033,12.77509781114371,2313000
2020-04-03,11.396013259887695,13.006319301628457,10.656923626314493,12.717289668797532,2167700
2020-04-06,12.453036308288574,12.758581535890771,11.652011864954842,11.652011864954842,1300900
2020-04-07,13.179738998413086,14.294566070081208,13.080643311212087,13.419220439367797,1488900
2020-04-08,14.68269157409668,15.467198866206152,13.29535043952566,13.592636700444476,1602400
2020-04-09,16.755443572998047,18.52265093630894,15.215328788519,15.425908178123134,2689300
2020-04-13,16.51596450805664,17.48214849478136,15.929648524061484,16.763703345643442,1184600
2020-04-14,17.589502334594727,17.705115162227678,16.433385083861513,16.961897042119553,1244700
2020-04-15,15.20294189453125,16.71415225507944,15.021266891517316,16.515960913132027,1737800
2020-04-16,14.501016616821287,15.326814854739576,14.2037303222286,15.013012217368088,1289000
2020-04-17,16.416866302490234,17.127053205720323,15.087332370389074,15.269007393852258,1269800
2020-04-20,15.64887809753418,16.780220863532634,15.326815696010526,15.92139146800175,895800
2020-04-21,14.98823356628418,15.987449977414968,14.8395896724726,14.889138687132933,1263900
2020-04-22,15.260748863220217,15.574553030531373,14.690949295092176,15.021268227721093,618700
2020-04-23,15.310291290283203,15.979187037648863,14.690942967700568,15.326806048488054,1227100
2020-04-24,16.169126510620117,16.36731786285966,15.368102931766352,15.368102931766352,946900
2020-04-27,17.217893600463867,17.56472892389354,16.466417328880432,16.466417328880432,946200
2020-04-28,17.606016159057617,18.08497901905709,16.730670568386493,17.828982035717274,1040800
2020-04-29,17.45737075805664,18.563940301811407,16.937118665137824,17.845496860395667,1329600
2020-04-30,16.028743743896484,17.316988559804592,15.417653234105648,17.316988559804592,4893400
2020-05-01,16.193904876708984,16.367321760559108,15.099721518790991,15.863584302562645,917300
2020-05-04,15.302041053771973,15.78100394178368,14.90565672483276,15.648876357165626,760900
2020-05-05,15.87184238433838,16.6315768654094,15.467201415899549,15.87184238433838,813900
2020-05-06,16.235193252563477,16.45815915511158,15.409395013572109,15.500233323888404,831400
2020-05-07,15.425910949707031,16.037001441440562,14.451468801372313,15.186428710672011,3944800
2020-05-08,14.913914680480955,16.41686711513062,14.24501859612166,15.99571142966794,2260500
2020-05-11,13.691731452941896,14.715720834484928,13.41921816249161,14.51752949371061,1441200
2020-05-12,12.85767650604248,14.055084412838251,12.808129059751977,13.716507308864122,1237200
2020-05-13,11.866719245910645,12.808129414469358,11.569432197306964,12.808129414469358,1159800
2020-05-14,12.444777488708496,12.642969637192545,11.478593619690178,11.726333214638396,1582500
2020-05-15,11.429046630859377,12.263102959313294,11.173048855402506,12.238328447546747,1934600
2020-05-18,12.989805221557615,13.080643526980484,12.1887815399175,12.386972917588713,1513900
2020-05-19,11.72633457183838,12.799872415836392,11.693302674525018,12.799872415836392,1111100
2020-05-20,11.767621994018556,13.163220326088776,11.561172485351562,11.957555163971849,3134900
2020-05-21,11.998844146728516,12.36136955852928,11.495107674289402,11.734589051356169,1232800
2020-05-22,11.594205856323242,12.09794243830462,11.308479932940983,12.07316871461176,1147000
2020-05-26,12.386970520019531,12.65948380845657,11.709816383605355,12.073167172340618,1720100
2020-05-27,13.138446807861328,13.477023881281694,12.700774063260054,12.931997296015506,2880400
2020-05-28,12.395231246948242,13.19047437659095,12.23832914696318,13.138449316484474,1865200
2020-05-29,12.073168754577637,12.486067826023694,11.61072223558184,12.386972143381737,15833400
2020-06-01,13.57612133026123,13.691732561300563,12.17226391727693,12.230070320339042,2514400
2020-06-02,14.071599960327148,14.112889234061662,13.336638602191124,13.600893734295605,1095100
2020-06-03,15.690167427062988,16.416869225384193,14.979980397389705,15.1368825126842,3012200
2020-06-04,16.714157104492188,16.747189791943182,15.227720821072507,15.549781648293552,1825000
2020-06-05,18.86122703552246,19.35670616602581,17.639046335343007,18.274909618152822,2728100
2020-06-08,18.530912399291992,19.955414636234707,17.828983601007238,19.43103258031272,1530700
2020-06-09,17.37479591369629,17.990014727107404,17.085766211550958,17.73814600916769,878100
2020-06-10,16.24344825744629,17.217890241510833,15.929645680840082,16.937118768980884,1115300
2020-06-11,15.458940505981444,16.185643746162057,14.666175053149807,14.864366416357717,1036400
2020-06-12,15.640617370605469,16.48293028484888,15.029526929843202,16.27648074776359,1023200
2020-06-15,15.962674140930176,16.23518739853197,14.54230224904879,14.790041001383305,750100
2020-06-16,16.003965377807617,17.250920611553386,15.60758269524976,17.06098743971334,820800
2020-06-17,14.831336975097656,15.960203750052004,14.5761652832697,15.871843040568615,1213900
2020-06-18,14.74049949645996,14.946949064827509,14.096376276122536,14.467986129218206,692100
2020-06-19,15.2277193069458,15.599327553308251,14.633143592629756,14.955205962912638,2009300
2020-06-22,15.120360374450684,15.260746092212706,14.542302741083542,14.85610527633032,943000
2020-06-23,15.35158634185791,15.582810369912565,14.955203643836928,15.25248987981025,797500
2020-06-24,14.195470809936523,15.186427656781705,14.14592178628052,14.96346335066966,1155700
2020-06-25,14.2367582321167,14.740495548028251,13.85689188411341,14.187210790004269,643900
2020-06-26,13.633926391601562,14.641399474913936,13.543088099428743,14.121147381298773,1722400
2020-06-29,14.600110054016112,14.682690175605488,13.625668084448074,13.947728826053345,1003000
2020-06-30,14.7074613571167,14.823074143600389,14.294562373451893,14.600108314401083,645800
2020-07-01,14.335856437683104,15.14926654719278,14.14592166546064,14.534047805359394,633000
2020-07-02,14.28630542755127,15.128619804342527,14.220241647513802,14.938686633620408,566500
2020-07-06,14.434950828552246,14.864366231024446,14.377145211889628,14.674433040537291,630200
2020-07-07,13.955988883972168,14.344115035430423,13.81560313080142,14.162438428335912,511700
2020-07-08,13.675216674804688,14.088115742311588,13.336639565455826,13.757796803323057,755700
2020-07-09,12.783353805541992,13.571990903087826,12.527356843664949,13.47702431360255,989800
2020-07-10,13.2953519821167,13.37793212115298,12.62645506104202,12.750324482053871,665100
2020-07-13,13.410962104797363,13.629798116032411,12.898967333405867,13.443994787670206,632000
2020-07-14,13.27057647705078,13.757797528393487,12.981547587088889,13.443994913587437,487900
2020-07-15,14.360628128051758,14.591852157818476,13.70824846294738,13.782570416262224,903100
2020-07-16,14.624884605407717,14.71076768934554,14.079857947758049,14.088116118338798,494900
2020-07-17,14.178954124450684,14.986585234465217,14.12362611530501,14.608369535199818,558700
2020-07-20,13.49354076385498,14.121147494160429,13.377929536590898,14.022051031444898,620600
2020-07-21,14.385406494140623,14.591856069788404,13.633930164789533,13.790832283305718,573100
2020-07-22,14.278051376342772,14.434951897449698,13.931216075599243,14.088116596706168,435300
2020-07-23,14.575335502624512,14.847848800517532,14.178952810250085,14.286305865444689,392200
2020-07-24,14.583595275878906,14.86436677428894,14.393662078450054,14.600111616981843,428700
2020-07-27,16.210416793823242,16.58202658682652,15.698422829113118,15.896614193686547,2746000
2020-07-28,16.540735244750977,16.928859755030928,15.896612208992458,15.896612208992458,1316200
2020-07-29,16.557254791259766,16.932992943552552,15.921391316284812,16.474676223790308,781700
2020-07-30,15.929643630981444,16.61505588452554,15.871836449888276,16.094802280279456,656500
2020-07-31,15.82229232788086,15.93790356412216,15.425909596409284,15.838808668796748,696200
2020-08-03,16.12784194946289,16.25171138392687,15.615846291903694,16.02048728453154,588200
2020-08-04,16.441638946533203,16.458155285450122,15.847064921287036,16.06177260195268,465700
2020-08-05,17.556468963623047,17.556468963623047,16.515963099353574,16.59854322986734,1155600
2020-08-06,16.623313903808594,19.100708031505448,15.673646469875086,18.43181205805104,1883800
2020-08-07,17.193117141723633,17.259180930377244,16.119580182331184,16.4086098483476,757700
2020-08-10,18.258394241333008,18.78690445607008,17.234404912737592,17.308725283485895,1003800
2020-08-11,18.258394241333008,19.17502894813203,18.14278145054576,18.73735701720965,699000
2020-08-12,18.060205459594727,18.5267802602892,17.60601555150736,18.42355549596273,522600
2020-08-13,17.936336517333984,18.19233509596951,17.66382317159704,17.928078346240735,380500
2020-08-14,18.365753173828125,18.47310783002911,17.56472942602277,17.762920820064757,291000
2020-08-17,18.2253646850586,18.53999420460197,17.936335021243448,18.200591748930265,389900
2020-08-18,18.167558670043945,18.328589051696657,17.688595822655277,18.07176673060017,898000
2020-08-19,18.06846046447754,18.34097375531235,17.713368629517145,18.1592987531174,619800
2020-08-20,17.911561965942383,18.51439422569012,17.40369630258628,17.812465496833536,641700
2020-08-21,17.440855026245117,18.14278208924677,17.31698406210625,17.787690260647526,510700
2020-08-24,18.2749137878418,18.34097758197668,17.176602225921144,17.548212052358057,325200
2020-08-25,18.365753173828125,18.86949061811309,18.159303608148736,18.37401134546552,339900
2020-08-26,18.05194664001465,18.650648991501708,17.96110834664813,18.29968543545172,301500
2020-08-27,18.85297393798828,18.96032701718598,18.16756145518253,18.19233596965207,373300
2020-08-28,18.95206642150879,19.175030704344024,18.398781649124647,19.10896692145121,338500
2020-08-31,18.25014305114746,18.869491786536503,18.15104656044769,18.696073321583224,393100
2020-09-01,18.34098052978516,18.65478478367509,17.77943897692881,18.084983483253623,348100
2020-09-02,19.10071182250977,19.24935575168717,18.4152993741468,18.4152993741468,340400
2020-09-03,19.084190368652344,19.74978328823962,18.87774088937254,19.199801573021983,423600
2020-09-04,19.95954132080078,20.033863280204425,18.93555180523221,19.331934538661663,758200
2020-09-08,19.670509338378903,20.058635430710435,19.447543486412044,19.62096189630342,700900
2020-09-09,20.32289123535156,20.44676063222808,19.311288273204468,19.68702633627798,560000
2020-09-10,20.57888984680176,21.16520577400724,20.43024592861305,20.438504099077424,641400
2020-09-11,20.611921310424805,21.05785307271125,20.36418249254455,20.75230706057961,429300
2020-09-14,21.421205520629883,21.65242800611013,20.64495477988249,20.851404327681312,433100
2020-09-15,20.801856994628903,21.76804094678348,20.77708248172261,21.602880677578312,393100
2020-09-16,20.603662490844727,21.140430921700588,20.47979152019084,21.008303356415603,511600
2020-09-17,20.2072811126709,20.711018511860267,20.025606078167623,20.42198883076661,475900
2020-09-18,19.290645599365234,20.207280489601324,18.99335775654001,20.207280489601324,1204600
2020-09-21,18.324462890625,18.77865128029716,18.109755165026403,18.729103828262133,706100
2020-09-22,18.21710586547852,18.66303760091688,17.886786936497266,18.53916819943452,369300
2020-09-23,18.497879028320312,19.150260350487763,18.299687652937617,18.398784128171485,606800
2020-09-24,18.80342483520508,19.142001961172177,18.027174109167937,18.580458949787225,446800
2020-09-25,19.01812744140625,19.11309401707492,18.51439018560457,18.51439018560457,297000
2020-09-28,19.53838348388672,19.901735099397104,19.274128336273684,19.38973956958316,283600
2020-09-29,19.48883628845215,20.57888957393578,19.348450542589266,20.00908842012936,636100
2020-09-30,19.98431968688965,20.27334783466852,19.447549526533987,19.455807698625563,886900
2020-10-01,20.43850517272949,20.826629754433537,19.777867251725787,20.02560607833092,432400
2020-10-02,20.90920639038086,20.98352834094592,19.83566955457304,19.83566955457304,378100
2020-10-05,21.54507064819336,21.586359919505163,21.016560414995507,21.08262419414524,243300
2020-10-06,20.810117721557617,21.974493194719376,20.793601377591504,21.80107473324568,466500
2020-10-07,22.38738441467285,23.35274122384946,22.09009662891087,22.362609907497788,1165100
2020-10-08,22.28003120422364,23.04802364939832,22.12313070742381,22.62686645123527,392900
2020-10-09,22.70118904113769,22.84157477780879,21.966229253610404,22.37912829380953,391200
2020-10-12,22.55254554748535,23.0727992297072,22.2470011341924,22.6599001819498,437700
2020-10-13,22.8415756225586,23.337054804138813,22.461709247567526,22.577320479071783,513700
2020-10-14,22.77551651000977,23.328801420871,22.52777765592841,22.73422722602461,358100
2020-10-15,23.650856018066406,23.90685455163337,22.11487269208867,22.354353311292027,540600
2020-10-16,23.716920852661133,24.336269427339708,23.31227997288132,23.72517902266703,413400
2020-10-19,24.765684127807617,24.930844373158774,23.73095892363367,23.741694701851006,738600
2020-10-20,25.18683815002441,25.475867755287524,24.612908811406253,24.79045550142139,462600
2020-10-21,25.75664329528809,25.921801970976265,24.848265066206,25.07123093222417,528400
2020-10-22,26.565927505493164,26.73934752765148,25.628647901983133,25.921805895154467,643800
2020-10-23,26.921018600463867,27.408239638056976,26.565925141700923,26.565925141700923,761800
2020-10-26,26.392507553100582,28.068879903838035,26.07870495585405,27.903719647338846,1253300
2020-10-27,26.871471405029297,27.664236839001724,25.855738527010377,26.70631115207592,840600
2020-10-28,25.806190490722656,26.491604422237724,25.49238790739281,26.01264001464844,920000
2020-10-29,28.696483612060547,29.728731224005173,26.850824377876407,27.457786477727,2102000
2020-10-30,27.16875648498535,29.46116947573861,26.92927429991045,28.902931090337823,837900
2020-11-02,28.87816047668457,29.70395857415756,27.55688163062595,27.60643065053544,1070600
2020-11-03,29.52228546142578,29.78654063172424,28.15063523961853,29.26628688699973,509300
2020-11-04,28.42397117614746,29.45621887691115,28.118426738769003,28.58913143830365,624500
2020-11-05,28.267070770263672,29.00616050492194,28.126686594492263,28.6304208282926,442700
2020-11-06,27.77985000610352,28.66345379825876,27.309145300008485,28.49003693815428,556300
2020-11-09,29.175451278686523,31.23994673344204,28.42397190899225,29.720477952735177,1090300
2020-11-10,29.78653335571289,30.53800940334158,29.32408534556857,29.695695072455138,412300
2020-11-11,29.596603393554688,30.22420854998383,29.24150996617712,30.16640293624048,345200
2020-11-12,29.258028030395508,29.8773766285831,28.985513135111425,29.56357245678716,551600
2020-11-13,31.380334854125977,31.512462453820746,29.72048168607484,29.74525462658934,392700
2020-11-16,32.83373260498047,33.0154092035286,31.462907820897936,32.18961106492057,453300
2020-11-17,33.59346389770508,34.13023387384217,32.14831735444155,32.263928573875525,580600
2020-11-18,34.02287673950195,35.01383492612225,33.461333872089426,33.69255629390544,546400
2020-11-19,34.88998031616211,34.96430229372999,32.759419059329915,33.634766445110465,538900
2020-11-20,34.83216857910156,35.567128478372304,34.584429747349766,34.584429747349766,470700
2020-11-23,35.92221450805664,36.64891766061192,34.95603231957648,35.50105889645056,582300
2020-11-24,36.318603515625,37.06182313640882,35.6827385401033,36.64066430124131,485000
2020-11-25,35.839637756347656,36.28556632323233,35.509317265899334,35.69099385066288,343000
2020-11-27,35.65796661376953,36.13692793283294,35.15009933347327,35.847899822205896,136700
2020-11-30,34.411006927490234,35.9428652469257,34.25245572617019,35.82312413879401,436800
2020-12-01,34.91474151611328,35.39370591050354,34.63397004530477,35.15422371330841,264800
2020-12-02,35.12120056152344,35.27810425405438,33.48612031156919,34.59269015549829,319400
2020-12-03,35.88093185424805,36.76453566230139,34.947779020914766,35.50106544427877,304400
2020-12-04,37.04530715942383,37.16091840153472,35.62493327024408,36.120414072366586,294000
2020-12-07,37.08659744262695,37.32607967929357,36.27731557577405,36.96272645120072,296100
2020-12-08,38.02799987792969,38.19316011929027,36.58285327882141,36.59111302348271,404800
2020-12-09,38.3945426940918,39.26922788399457,37.86973030904095,38.06965989593703,532900
2020-12-10,37.99468612670898,38.11963933608863,35.60387912952155,36.57852750932912,702500
2020-12-11,36.44524383544922,38.02800998169796,35.68718289078279,37.56983865983385,521400
2020-12-14,34.962440490722656,37.73644225614768,34.9124573031593,37.17831096166755,493300
2020-12-15,35.8121337890625,36.261969743135495,34.654213836103125,35.29565041052606,315100
2020-12-16,35.34563446044922,36.028722116882754,34.78166879012026,36.028722116882754,395200
2020-12-17,34.99576187133789,35.774649915051384,34.171059874721685,35.61220851639144,405200
2020-12-18,34.779178619384766,35.45393748031016,34.71253435657928,35.23734680396571,1745500
2020-12-21,34.062767028808594,34.76251586541554,33.49630353356616,34.345998776429816,375100
2020-12-22,34.37097930908203,34.67920415795309,33.07977732475482,34.08774763954548,304400
2020-12-23,35.02074432373047,35.13736855597556,34.379307868610475,34.6458784502484,200600
2020-12-24,34.59589767456055,35.43726371316336,34.39597131334854,35.43726371316336,80300
2020-12-28,34.31266784667969,34.979097560360145,34.18771465869389,34.81249013194003,1471500
2020-12-29,34.17938232421875,34.49177005887424,33.25471412119492,34.31266763056086,1819700
2020-12-30,34.24602127075195,35.58720624592658,33.821172237763136,34.88745770139077,320200
2020-12-31,33.7878532409668,34.36264543885523,33.7628600652173,34.08774275001389,390000
2021-01-04,32.61328125,34.13356570552092,32.496653824680244,33.97945645459297,352200
2021-01-05,33.437984466552734,33.60459190317848,32.16344345524502,32.34671195331059,299100
2021-01-06,35.51224899291992,35.71217542225157,33.92115379099018,33.937814856396706,786100
2021-01-07,35.820465087890625,36.62017703416411,35.37895804671787,35.803804025121664,518700
2021-01-08,35.68718719482422,36.2536507358352,35.24568006171434,35.96208684332379,404900
2021-01-11,37.03669357299805,37.103337823179466,35.42060863937169,35.42060863937169,828900
2021-01-12,37.8447380065918,37.86139906930352,36.80011193675362,37.078345010716525,581600
2021-01-13,37.028358459472656,39.060960084661616,36.87841209932725,37.82807026173334,585000
2021-01-14,37.19497299194336,38.79023084213046,37.07001660867017,37.44488258071691,403600
2021-01-15,36.20366287231445,37.124165213408126,35.787145803343215,36.71181420490305,237600
2021-01-19,35.04574203491211,36.503551614327,35.020752030437976,36.24530991626105,444800
2021-01-20,35.03741836547852,35.353969062364435,34.37932060792543,34.97910622774831,418900
2021-01-21,34.82081985473633,36.36193462998923,34.70419560555694,34.87080303771569,431200
2021-01-22,34.854148864746094,35.212353802457024,33.87949725955473,34.52093393457725,351500
2021-01-25,33.54628372192383,34.812495940299,32.90734481054874,34.4043078314534,545100
2021-01-26,33.71288299560547,34.07108782731301,33.0214633323372,34.07108782731301,436100
2021-01-27,32.29672622680664,33.133926226067054,31.447031226893014,32.88817956138882,647900
2021-01-28,31.888540267944336,32.62994001403313,31.30958189643578,32.5632989469663,419300
2021-01-29,30.089187622070312,31.713604580938803,29.947573365368644,31.713604580938803,472000
2021-02-01,30.464054107666016,30.57234942093279,29.55604689128911,30.389080918138653,393500
2021-02-02,30.97220230102539,31.17629472758768,29.96423199116164,30.98886336124285,319700
2021-02-03,31.55533218383789,31.6053121954076,30.359927122020803,30.90556343347589,472500
2021-02-04,32.7215690612793,32.90483752768763,31.48867932765048,31.655286735496965,315500
2021-02-05,34.187713623046875,34.22936468444707,32.87151847394905,33.138089080237066,326400
2021-02-08,35.553897857666016,35.92876386157935,34.60423943293431,34.937451187033744,419700
2021-02-09,35.65386199951172,36.19533548353672,35.212354904329395,35.6205398698975,406100
2021-02-10,35.77881622314453,36.65350141685581,35.0873963756319,35.920430498742256,384400
2021-02-11,35.72049331665039,36.54519507027448,34.92494444365972,35.895429667083135,314000
2021-02-12,35.44559097290039,36.09535956045037,35.029074032730534,35.320637797512674,198800
2021-02-16,35.620540618896484,36.087040909985255,35.17570320806298,35.5289095271904,220700
2021-02-17,35.69551467895508,35.937095362869655,34.81250044885444,35.40395397614323,202100
2021-02-18,34.82915115356445,35.45392662611109,34.77083903034856,35.3872823837087,490900
2021-02-19,36.16200256347656,36.27862680455345,34.82914955435187,34.96243485526434,320000
2021-02-22,36.73680114746094,37.56983521590925,35.94542132465328,36.012062397687295,528900
2021-02-23,36.60351943969727,37.332424321598346,35.537236743632214,36.56186836771468,256700
2021-02-24,37.09500503540039,37.4948609959742,36.67015907034468,37.053353968673,243100
2021-02-25,35.75382614135742,37.55734593707009,35.63303897946449,37.11167276964051,252800
2021-02-26,35.19569396972656,36.04538921139358,34.47928406923635,35.645533187863194,433500
2021-03-01,36.370262145996094,37.05334973107682,35.75381562450327,36.020389412171866,393700
2021-03-02,39.15259552001953,39.85234416280737,36.73679580193068,36.83676216359488,812000
2021-03-03,40.66872024536133,41.276834693293175,39.1525985964852,39.16925965807173,858300
2021-03-04,40.33551406860352,41.43512212606639,39.17509931989173,40.827004369205184,567600
2021-03-05,42.234825134277344,42.568036833126406,40.0855958533902,40.402149668403496,685400
2021-03-08,41.53791427612305,43.48592208017198,41.50432716152549,42.51191817814751,448800
2021-03-09,40.94175338745117,42.57069317951904,40.60589185729375,41.70584261259193,457200
2021-03-10,42.55389404296875,42.73022156340993,40.84098989371514,40.84098989371514,263600
2021-03-11,43.03249740600586,43.32637659487848,42.01651140671144,42.822582784513145,394000
2021-03-12,44.50190734863281,44.8587616254424,42.47833018033558,42.99052245664643,515800
2021-03-15,44.19962310791016,44.5606765206272,42.89815306820691,44.03169076661616,380200
2021-03-16,42.88976287841797,44.09887011081528,42.444741641799,43.75461021251194,461700
2021-03-17,44.300392150878906,44.45153097499275,42.76381837644653,43.12487187815807,312700
2021-03-18,44.92173004150391,46.592651876685686,43.8133810705551,44.4683136798313,561800
2021-03-19,44.31718063354492,45.215615094516586,43.43553972922286,45.215615094516586,1163600
2021-03-22,41.55469512939453,44.07367029933123,41.32798697973512,43.922531532891625,639300
2021-03-23,38.93497085571289,41.90736325705237,38.43957212215632,41.02572231171773,610000
2021-03-24,39.19526290893555,40.68985416163504,39.01053699570993,39.53952279982846,458100
2021-03-25,40.58909606933594,40.90816722803459,37.97775736121028,38.90138372522359,512100
2021-03-26,41.47914123535156,41.59669294135806,40.47155015051283,41.26922655947032,405400
2021-03-29,39.51432800292969,41.76461291615475,39.46394734258842,41.58828220648172,434200
2021-03-30,40.55550384521485,41.00052501660672,39.37998389788629,39.45555328902506,370200
2021-03-31,40.748626708984375,41.42035608343543,40.20285059604669,40.5974879200372,434600
2021-04-01,40.92496490478516,41.40357008950195,40.44635651702474,41.16006830694958,310700
2021-04-05,41.89057159423828,42.369176792010286,40.56391252763769,41.286016311560495,226100
2021-04-06,42.34399032592773,42.99892311523792,41.49593320859871,41.49593320859871,280300
2021-04-07,44.59426498413086,45.53468163968401,43.70422579036612,44.23321156044612,585700
2021-04-08,45.929325103759766,46.23999788243536,44.08375397632352,44.543887161405344,420100
2021-04-09,47.81856155395508,47.94450843172508,46.214813633885576,46.626244585528646,707600
2021-04-12,50.1444091796875,50.29554797357075,47.49948348977386,48.095640286178245,975300
2021-04-13,49.489479064941406,50.90010583571326,49.14521915082706,50.24517312179901,493300
2021-04-14,49.85053634643555,50.74897090323429,49.00248246495922,49.73298464039365,383300
2021-04-15,51.630615234375,51.66419914829724,49.30476023470077,50.27876420540878,404200
2021-04-16,53.36029815673828,53.368696535618994,51.24435830786778,52.09241520440934,550900
2021-04-19,52.46186828613281,54.09920317622085,52.12600677216817,53.368701100228336,708900
2021-04-20,50.807743072509766,52.08402459408224,49.40551467632849,52.00845518809954,876300
2021-04-21,53.7801399230957,53.939670712913085,50.77416037234569,50.816142664883465,400600
2021-04-22,54.55263137817383,55.173977075024325,53.5534353907113,53.85571306076572,462400
2021-04-23,55.341896057128906,56.576188698833214,54.56101337828717,55.08999593901759,472500
2021-04-26,55.96324157714844,56.68534841603445,55.09839432748142,56.34948372718973,295300
2021-04-27,55.95484924316406,56.87847243270325,55.63578127763942,55.93805888964668,428500
2021-04-28,54.972442626953125,56.16475615096815,54.75412962480986,55.96323990611295,295300
2021-04-29,54.61139297485352,55.82889531246322,54.07401201421744,55.66096616454684,485100
2021-04-30,52.75574493408203,54.88007990773079,52.419880253873146,54.1495747087329,525800
2021-05-03,54.14118194580078,54.40987240482843,52.77253451499376,53.796918891938496,798400
2021-05-04,53.99004364013672,54.62817948217249,53.28472717514203,53.37709012182093,638100
2021-05-05,53.72135543823242,55.11518854964667,53.52823434964986,53.99844110340104,449600
2021-05-06,56.47542953491211,58.06993627896173,53.88088157513722,54.644973844891794,651300
2021-05-07,54.18316268920898,56.58458654312718,53.24106765920668,55.35868588581215,487300
2021-05-10,52.999244689941406,54.61139070797378,52.55422670095764,54.19995982839638,690000
2021-05-11,53.32670974731445,53.754934171543375,51.09406067320787,52.26874145019165,378400
2021-05-12,50.1444091796875,54.183164718892144,49.91770098886264,53.368698110791485,429000
2021-05-13,51.51304626464844,52.86489692463071,50.455077993338726,50.455077993338726,390200
2021-05-14,54.93885803222656,55.06480809330621,51.96646605874335,51.96646605874335,364700
2021-05-17,55.14037322998047,55.81210260547952,54.3007147136497,54.44345512396527,324300
2021-05-18,53.55342483520508,55.60219388262598,53.45266669939461,55.29151789239169,360300
2021-05-19,52.722164154052734,53.0328369385602,51.26115678372527,52.32752358789234,371400
2021-05-20,51.96646118164063,53.251137590695286,49.87571342584747,52.70536151767232,400300
2021-05-21,53.13359832763672,53.72975840323228,52.00006043176779,52.25195738606716,383600
2021-05-24,53.64578628540039,53.72303408058088,52.537437213529735,53.46106037240752,273400
2021-05-25,53.45267105102539,56.08920197756261,53.38550002269776,54.409884629804296,462300
2021-05-26,52.95726776123047,54.69536081077693,52.89849191534578,54.28392988958409,517900
2021-05-27,55.07320785522461,55.43426133147057,51.84892170965912,53.79692952412672,588700
2021-05-28,53.75493621826172,54.947256198297005,52.944668812541934,54.947256198297005,371800
2021-06-01,56.24872589111328,56.25712427052952,53.84730186498884,54.42666832906585,572700
2021-06-02,53.71295928955078,55.87088153979416,53.04122987684793,55.87088153979416,596400
2021-06-03,53.150390625,53.52823764901349,52.361112666094506,53.52823764901349,300200
2021-06-04,53.04122543334961,53.59540311331652,51.52984078747002,53.20915777245689,328300
2021-06-07,53.64963912963867,54.53689820453959,53.26938431940842,53.58203684184018,429800
2021-06-08,54.25804138183594,54.57069711492558,52.89757601839131,53.58203464879169,380000
2021-06-09,52.87223052978516,54.16509370005565,52.54267742547735,54.16509370005565,675000
2021-06-10,52.09481430053711,53.63273066359028,52.01031145322681,53.548227816279976,418300
2021-06-11,54.08904647827149,54.283395004775016,52.01877307230598,52.87223103720526,925400
2021-06-14,52.51731872558594,54.82081186070101,52.07791359111536,54.09748167286652,397900
2021-06-15,51.98496627807617,52.51732297569368,50.73435305112172,52.51732297569368,775900
2021-06-16,51.36811447143555,51.91736856472873,49.88512229498029,51.91736856472873,518300
2021-06-17,49.889347076416016,51.32586345137009,48.94293439206128,51.32586345137009,665500
2021-06-18,47.84442138671875,49.5682409782592,47.28671542750912,49.145736366026014,925800
2021-06-21,48.3598861694336,49.027444349657856,48.140185150140205,48.50353943945443,446900
2021-06-22,48.75703811645508,48.87533890479326,47.32897031120348,48.33453345898745,679200
2021-06-23,49.525997161865234,49.686547773521184,48.33453413995854,49.31474483015515,489100
2021-06-24,48.6556396484375,50.47240780671498,48.58803735355684,50.04990313407536,425500
2021-06-25,47.10927581787109,49.67810526390084,47.01632426463009,49.11194726845799,3499300
2021-06-28,46.97406005859375,48.29227552898982,45.91526495729868,46.94871081490769,991000
2021-06-29,46.83040237426758,47.31206052272623,46.39944915527264,47.24445824804646,458800
2021-06-30,47.666969299316406,47.82751988840961,46.28960338756546,46.56845797349263,1030900
2021-07-01,48.875335693359375,49.24291588164745,47.99652528994125,48.36833142709366,609800
2021-07-02,49.50909423828125,49.65274426976664,48.42748338277599,48.88378594778313,492900
2021-07-06,48.0556755065918,49.49219188709368,47.1515158601636,49.49219188709368,455800
2021-07-07,47.27826690673828,48.58803056421315,46.72900961967412,47.633169234905736,375100
2021-07-08,46.72056198120117,47.44727044845528,45.41079829469769,46.196653927836216,393100
2021-07-09,49.27248764038086,50.09214437289669,47.72611925624602,48.31762634127226,466100
2021-07-12,49.31473159790039,49.59358292473912,48.14861813718792,48.511972308109534,351200
2021-07-13,48.0556755065918,49.15418689516812,47.54275620315108,49.04433801272863,281800
2021-07-14,48.74013519287109,50.70900512552593,48.47057702810496,49.17954040226188,802400
2021-07-15,47.57401657104492,48.621829380972464,46.898009866311455,47.99652116443512,365300
2021-07-16,46.65296173095703,48.52888337032668,46.467061880685385,48.24158008522912,427600
2021-07-19,45.71500015258789,46.77126173858535,44.79393992065993,45.216444555058914,570000
2021-07-20,46.8050651550293,47.60782464404671,45.57980101110323,45.57980101110323,402500
2021-07-21,46.89801025390625,48.44437862575256,46.44170451564462,47.74301944767033,324100
2021-07-22,46.68675994873047,47.32051687111142,45.97695206672562,46.83886186797825,228900
2021-07-23,47.26982116699219,47.962728565685296,46.56001319473891,47.32897156272539,566500
2021-07-26,48.25847625732422,48.29227739918408,46.93181206214037,47.79372183884113,518200
2021-07-27,47.1853141784668,47.89089609164572,46.41635593016515,47.616267455083495,377400
2021-07-28,46.50086212158203,47.6416266443641,46.01920706422563,47.6416266443641,217100
2021-07-29,46.88111114501953,48.097923261537765,46.87266247113833,47.14306516369793,181800
2021-07-30,46.796607971191406,47.67541504378176,46.162851104064856,46.47550358928014,281600
2021-08-02,47.04166793823242,49.13729391703209,46.940267721017854,47.58247661810463,318900
2021-08-03,48.58802795410156,48.78237967910346,46.23890346017382,47.79372048364324,495900
2021-08-04,48.9598388671875,49.22179291697476,47.44727463338418,47.71767735805599,878900
2021-08-05,47.73458099365234,49.38657264494336,46.18652320034629,49.38657264494336,728500
2021-08-06,48.63874053955078,49.94850441948828,48.342985325723,48.72324018724161,434500
2021-08-09,47.39657974243164,48.35988999079687,47.25292646105943,48.01343624842946,196100
2021-08-10,48.00497817993164,48.64718381203956,46.61071158369969,46.87266561997578,381900
2021-08-11,48.72323226928711,48.76548208626655,47.11771343643278,47.90357228137728,250700
2021-08-12,49.111934661865234,49.34853943395942,48.18242581496212,48.900682358164126,216600
2021-08-13,49.28938674926758,49.90624306050668,48.26692319718915,48.7654787396227,452000
2021-08-16,49.154178619384766,49.58090912456756,48.37677178167943,48.65562633658718,521100
2021-08-17,48.60492706298828,48.95138068817444,46.9487098900717,48.224672297917095,1328000
2021-08-18,48.36833953857422,49.88935581590378,48.11061141335544,48.32608648975405,424100
2021-08-19,47.48952865600586,48.615081789341104,47.27827630720108,47.42192635712992,394000
2021-08-20,44.90379333496094,47.54022142776862,44.633390618952696,47.54022142776862,565600
2021-08-23,45.554447174072266,45.86709968464015,44.37143297012523,45.17419237827112,363700
2021-08-24,46.48396301269531,46.89379306396968,45.393903398968746,45.393903398968746,294200
2021-08-25,48.83308792114258,49.26404124317955,47.3965714752616,47.3965714752616,362000
2021-08-26,46.86421203613281,48.80773265834514,46.00230221790903,48.80773265834514,349100
2021-08-27,47.74302673339844,48.0852544775925,46.63606336019806,46.99941762684189,309500
2021-08-30,46.52620315551758,48.36832328897075,46.42479974056227,48.22467006284438,263000
2021-08-31,45.5967025756836,46.53381890058026,45.54600407900305,46.238911470245206,361500
2021-09-01,45.748802185058594,46.50085993313522,45.73190161254001,45.89245543973925,449200
2021-09-02,45.5882453918457,45.82484692807352,45.17418947999286,45.67274501951159,260400
2021-09-03,45.82484817504883,46.12060332683579,45.09813975291218,45.241792991998246,308900
2021-09-07,44.81929397583008,45.8248538808204,44.70944186443385,45.638950803604416,429100
2021-09-08,44.83618927001953,44.92913757422998,44.04357087325822,44.79393623129609,303300
2021-09-09,44.71698760986328,45.47475781802808,44.14652930559836,44.606301088509326,546500
2021-09-10,45.54286956787109,46.1558953095422,45.01498204995624,45.134181409505096,379600
2021-09-13,46.28361511230469,46.701667117936495,45.49178700899733,46.045216370814906,462800
2021-09-14,45.97710418701172,46.59013328217919,45.12567633169669,46.59013328217919,298300
2021-09-15,45.9941291809082,46.45390096276874,45.55138634444315,45.80681402949704,285100
2021-09-16,46.37727737426758,46.87110385266518,45.89196374552356,46.19847505214642,309200
2021-09-17,46.00265121459961,46.89665316269494,45.63653693534568,46.55608068266434,876700
2021-09-20,44.0528678894043,45.6961202601797,43.69526658869938,44.78509293763109,1205600
2021-09-21,43.60161590576172,44.563730208161694,42.92898717895381,44.316815372051565,577000
2021-09-22,44.75104904174805,45.12567612713015,44.12950709993842,44.12950709993842,255700
2021-09-23,45.52584457397461,46.30915657493878,44.98944416152526,44.98944416152526,277300
2021-09-24,44.81916046142578,45.61950470048372,44.03584841666375,44.87024730049525,268000
2021-09-27,46.94773483276367,47.28830729880525,44.86173578612343,44.91282263041159,524900
2021-09-28,47.049903869628906,47.57779150103738,46.07927659269152,46.85407584427659,498500
2021-09-29,47.049903869628906,47.85450621544769,46.526277535041984,47.47561781550949,402000
2021-09-30,42.52881622314453,47.06692438420735,42.43515865216114,47.06692438420735,624800
2021-10-01,43.56755828857422,43.90813070244669,42.026476073252425,43.17590228617834,405200
2021-10-04,43.72081756591797,44.79787649407691,43.26956185747864,43.5760763945089,456700
2021-10-05,43.77190017700195,44.49135765982325,43.54201429643292,43.86555774848628,497700
2021-10-06,40.3661994934082,43.55054149603559,39.429630035662456,42.53734014395692,1189900
2021-10-07,42.40110778808594,42.92047931472376,40.97070868938948,40.97070868938948,593100
2021-10-08,41.04733276367188,42.77573337701335,41.00476202398034,42.3329905387551,251100
2021-10-11,41.26871109008789,41.86470801794873,40.96219652836537,40.99625442365446,381500
2021-10-12,41.60076141357422,41.86470194392118,41.02179026941951,41.43047520977474,237600
2021-10-13,41.541160583496094,41.78807540979708,40.66418779489934,41.63481815539917,265200
2021-10-14,42.48625564575195,42.92048246749517,41.89876828652662,42.1116252722309,228900
2021-10-15,42.04349899291992,43.09075463076349,42.04349899291992,43.09075463076349,230600
2021-10-18,42.75870513916016,42.92898810074428,41.54967597468923,41.80510366500472,242900
2021-10-19,41.575225830078125,42.911967370480006,41.4900810914903,42.767222938850544,456600
2021-10-20,43.09927368164063,43.465387889997245,41.42196314933858,42.06053398978302,368400
2021-10-21,43.84853363037109,44.08693238552569,42.98007684638576,42.98859294360668,247600
2021-10-22,44.16355514526367,44.82767097874471,43.7718991716332,44.36789922816684,190100
2021-10-25,44.47858810424805,44.94261467957797,43.94218770008259,44.010300232708815,219700
2021-10-26,47.03287887573242,47.28830659750567,44.470079064229,44.8361933230152,520900
2021-10-27,44.90430450439453,46.63270193382264,44.90430450439453,46.63270193382264,404300
2021-10-28,44.95538711547852,45.87067264854073,44.802129851898826,45.227843751189226,423800
2021-10-29,45.12567901611328,46.20699284644083,44.955392785332464,44.955392785332464,417200
2021-11-01,46.57310104370117,47.53521536163145,45.12567314237671,45.26190145968141,1290100
2021-11-02,46.76041030883789,47.46539497781045,46.36024147632416,47.08395376213889,516500
2021-11-03,48.47179412841797,48.786821564882295,46.811508953206655,46.811508953206655,413700
2021-11-04,49.382808685302734,50.07246632068313,48.625038519974375,49.54457878587584,851000
2021-11-05,49.20401382446289,50.49818448291842,48.89749929378404,50.39601080739924,565900
2021-11-08,50.23424530029297,50.42156047465169,48.99967421535886,49.18698938971758,559600
2021-11-09,51.085670471191406,51.34961427121743,49.56161385596207,49.96178598066035,462900
2021-11-10,50.21720504760742,52.0137180032361,50.174634312456845,50.51520668953923,461400
2021-11-11,51.06012344360352,51.46880837574587,50.046922337724325,50.430065476588766,508700
2021-11-12,50.67698669433594,51.53692740515567,50.506700472488006,51.15378746592224,335900
2021-11-15,50.07247161865234,51.18783999208312,49.76595708160775,51.08566956238139,477400
2021-11-16,51.94560623168945,52.14569227504901,50.15335118584229,50.21720891745861,561700
2021-11-17,51.085670471191406,51.975411006220384,50.728072336904006,51.6646416630334,332200
2021-11-18,51.085670471191406,51.47732649863174,50.413041697148586,51.17081195613428,406000
2021-11-19,51.18783950805664,51.89452615599814,50.20869946613328,50.60886833198919,235800
2021-11-22,51.25596618652344,51.88602108690179,50.898364738034594,51.417736337065975,363200
2021-11-23,51.01755142211914,51.57098078267225,50.41303847304308,51.179324780279806,381100
2021-11-24,49.77447128295898,51.00052946444472,49.323215562239646,50.13207266853882,340800
2021-11-26,47.9609260559082,48.207837631573575,46.104813326638734,48.13120900521148,385200
2021-11-29,47.25424957275391,49.07630480237531,46.7093362234772,48.74424843315605,509500
2021-11-30,45.90897750854492,47.33086337853423,45.15120741675139,46.6922926385367,556600
2021-12-01,43.80596923828125,48.03756399539261,43.754882391368426,47.39899302471196,450600
2021-12-02,45.9600715637207,46.17292851052264,43.695273779665705,44.40196040205896,392100
2021-12-03,45.95156478881836,46.99882071575742,45.58545053209093,45.90047794557511,873400
2021-12-06,46.79447555541992,47.220189495875935,45.92601872713689,46.89664923964588,513200
2021-12-07,46.31767654418945,47.88430392504132,46.1218452796359,47.51818968808565,612800
2021-12-08,46.13886642456055,46.87024381464833,45.84938087331251,46.428351975808575,246200
2021-12-09,45.40038299560547,46.62834900374661,45.3746225246958,45.55495237255656,282000
2021-12-10,45.46907043457031,45.92848394531556,44.80356338151373,45.69233543597401,377700
2021-12-13,45.14276123046875,45.59788028097532,44.318393535901606,44.97101714183076,819100
2021-12-14,45.55495071411133,46.31319756886624,44.50731786771696,45.29733618715358,948600
2021-12-15,45.89842987060547,45.907015600318566,44.04360105672631,45.683750594574335,600700
2021-12-16,44.39568328857422,46.19040250478509,44.22393918029757,46.19040250478509,780700
2021-12-17,43.56272888183594,44.51590562308859,43.442508982172825,43.97491279885801,800000
2021-12-20,40.72036361694336,42.99596525941478,39.56109683349312,42.99596525941478,579500
2021-12-21,42.91009521484375,43.0732502871593,41.23559618817408,41.39016553068179,466300
2021-12-22,42.47215270996094,43.52837449237184,42.26606241257385,43.17630056490154,226400
2021-12-23,43.7430534362793,43.785991917315535,41.98268381341767,42.566611777451705,281200
2021-12-27,44.37850570678711,44.5502498040599,43.459678553485766,43.93197236417631,170200
2021-12-28,43.84611129760742,44.58460550449494,43.81176181568329,44.05220163765844,164900
2021-12-29,44.32697296142578,44.57600169074311,43.60565051233991,43.974899103880624,166300
2021-12-30,44.42144393920898,45.09983136800393,44.00926004311427,44.54166383276831,169700
2021-12-31,44.00925064086914,44.30980031055728,43.35662709708388,44.18958044268202,349000
2022-01-03,44.00925064086914,44.919491930953626,43.34460511029636,44.61893898551977,494000
2022-01-04,44.35274505615234,45.202873256746976,43.86327651017454,44.25828563925379,339500
2022-01-05,43.70011520385742,45.06547560227738,43.38239077582457,44.825035848711536,624000
2022-01-06,44.92808151245117,45.63222932101647,43.33945607804687,43.9405554689592,350300
2022-01-07,43.494022369384766,45.29732696676823,43.45967289924994,44.63611440752875,360600
2022-01-10,43.92338562011719,44.0178417594793,42.89292433599861,43.8804471399799,497000
2022-01-11,44.03501892089844,44.05648816214915,43.05178729019846,43.6228350397059,362400
2022-01-12,44.27546691894531,44.96244013097483,43.65718939024542,44.43862203313149,376500
2022-01-13,44.67046737670898,45.40467016068587,44.46866831854213,44.876557662169496,303900
2022-01-14,43.82892608642578,44.1294757920969,43.18488819506244,44.06936585096268,418300
2022-01-18,42.188777923583984,43.59707363985651,42.10462400293195,43.30510965411126,347800
2022-01-19,42.44639205932617,43.21064985403274,42.24888749361799,42.463566796659,244300
2022-01-20,40.66884231567383,42.97879013174491,40.53144771092138,42.2746423729204,315200
2022-01-21,40.30818557739258,41.5919701941576,39.91317643796316,40.58297482879968,366100
2022-01-24,41.75941848754883,41.82811416038182,38.83977868785789,39.60403647419712,535200
2022-01-25,40.22232055664063,41.11538738130479,39.59545728810137,40.83200908519633,270300
2022-01-26,39.21760940551758,41.49321109005219,38.90847399309691,41.11537673548524,403000
2022-01-27,41.6306037902832,42.291816337275264,39.91316962430248,39.91316962430248,450900
2022-01-28,42.63531494140625,42.67825015094084,41.08962119218882,41.61343926545178,442000
2022-01-31,42.326168060302734,42.36910326158907,41.25277164941504,41.999854634184025,469400
2022-02-01,43.73447036743164,43.88903973648069,41.92257642249277,42.57520337531017,416400
2022-02-02,42.8242301940918,44.524490029604095,41.81953254045809,43.897626803057626,411100
2022-02-03,40.98656845092773,42.811342362378326,40.86634857617504,42.231708951537314,302500
2022-02-04,41.6306037902832,42.06855133702589,40.660252569295295,40.754711972543554,256300
2022-02-07,40.78048324584961,42.49791772908908,40.54004019068859,41.44169263924005,264100
2022-02-08,43.38239288330078,43.50261276592387,40.8663512515594,40.96939639727261,356000
2022-02-09,44.00066757202149,44.12947317721414,43.36521544886828,43.69152887836565,294200
2022-02-10,42.54943084716797,44.38708488238183,41.776587437194905,43.15911919048739,681900
2022-02-11,40.79764938354492,42.66965298802142,40.44557549145967,42.66965298802142,478500
2022-02-14,40.90928268432617,41.810934996617554,40.61731873526797,40.969392620095874,395900
2022-02-15,41.76800155639648,42.42062842332228,41.441688122933584,41.441688122933584,209200
2022-02-16,41.89681243896485,42.05996752561199,41.14114039540932,41.690718872269294,255800
2022-02-17,40.35970306396485,42.19735710488563,40.31676786479062,41.39874995241135,181200
2022-02-18,40.342533111572266,40.71178176458565,39.82730410891207,40.0763296039417,356500
2022-02-22,39.92176055908203,40.47133899463924,39.0716291645042,39.95610675449496,509900
2022-02-23,39.87882614135742,40.68602241702079,39.62980063947359,40.31677375384418,506700
2022-02-24,41.22700881958008,41.30858799684995,38.65085737649062,38.78825198909222,438200
2022-02-25,42.661075592041016,42.80705596022408,41.28712922665585,41.63061418012888,428800
2022-02-28,42.54085540771485,43.12907465592323,41.9655131190132,42.27465186807719,714200
2022-03-01,38.6079216003418,43.06466562711373,38.29878290764711,43.038901885558566,863600
2022-03-02,41.244178771972656,41.83669563163837,38.74531229303341,38.88270688969948,863100
2022-03-03,39.11456680297852,42.01703178184432,38.76249289102631,41.613433659943226,612400
2022-03-04,37.13951110839844,38.801129721071455,36.34090401788075,38.51345702985603,685200
2022-03-07,34.53566360473633,37.38253296536352,34.50094487815307,37.070071048034194,909100
2022-03-08,36.514591217041016,37.10479643099569,34.62940640566722,34.83945043492857,687500
2022-03-09,37.46934127807617,39.127126362473824,37.40858513802573,38.30257449055326,465500
2022-03-10,37.54745101928711,37.89463174705664,36.47206419466114,36.53195285364657,266900
2022-03-11,37.92935562133789,38.419745403119926,37.52141870757861,37.99011176028571,343900
2022-03-14,37.84255599975586,38.927491702856216,37.70368436219746,38.18973674913238,259800
2022-03-15,36.8791389465332,38.72786715461761,36.74894532693907,37.81652175034256,450200
2022-03-16,38.615028381347656,39.08371803267872,37.57348956879748,37.65160506251275,413600
2022-03-17,39.10107421875,39.17918970611149,38.00746070664942,38.120291613202426,212900
2022-03-18,40.05582427978516,40.27281140305385,38.8059763307426,38.97956669154971,651000
2022-03-21,38.38936614990234,40.29885373056346,38.24181647728201,39.97771367589009,278500
2022-03-22,38.588993072509766,39.942994049267696,38.23313428714507,39.04032673142908,238800
2022-03-23,37.36518859863281,38.67579291000335,37.192468989835895,38.2244592161577,222100
2022-03-24,37.79047393798828,38.02482040210892,37.43461522824074,37.71235844994807,164900
2022-03-25,37.764434814453125,38.51521166485547,37.57348841089178,38.00746262683381,236300
2022-03-28,37.95538711547852,38.006597745173565,36.88781086882544,37.61688773373007,173100
2022-03-29,39.19655227661133,39.63052650611808,38.62370642610084,38.693143892083015,467200
2022-03-30,37.20027542114258,39.10108155565817,37.18291605280935,39.066362818991706,454600
2022-03-31,35.889671325683594,36.87913545685641,35.64664679046271,36.87913545685641,542800
2022-04-01,35.92439270019531,36.4798792848935,35.03908471422213,36.28025150045266,793100
2022-04-04,36.82706069946289,37.07876659722888,35.42966287299253,35.74212491008668,650900
2022-04-05,36.08062744140625,36.90517937424973,35.698731202735026,36.75762637253846,576900
2022-04-06,34.70058822631836,35.798542789333325,33.85433957801554,35.64665243078686,661900
2022-04-07,35.51646041870117,35.66401342440303,34.04962825792359,34.717949176894194,565900
2022-04-08,35.004356384277344,35.9851355753519,34.85680345218507,35.60323951686836,479900
2022-04-11,35.2039909362793,36.10665482365007,34.62246374296479,34.7786947315591,655800
2022-04-12,35.33418655395508,36.688187555869,35.1779555417742,35.57721441232597,564800
2022-04-13,35.48173141479492,36.17608947056226,35.21006380478245,35.34285980364145,446400
2022-04-14,35.1953125,36.26288880279557,35.082478263163125,35.6206087397938,704400
2022-04-18,35.698726654052734,35.924391832022344,34.926252933939864,35.12588071355636,502700
2022-04-19,37.1395149230957,37.46933294978639,35.6987206303588,35.6987206303588,626700
2022-04-20,37.01801300048828,37.90765842230543,36.98329425821287,37.35651246026974,477400
2022-04-21,36.8183822631836,37.807846562349496,36.2628956249609,37.20028181018285,676800
2022-04-22,35.533809661865234,36.74459819159543,35.42097874309462,36.64478597030137,498300
2022-04-25,35.99382400512695,36.02853942749532,34.59642644276058,35.31682194905391,609200
2022-04-26,34.960968017578125,35.711745001999795,34.848137085183595,35.49041718529174,519700
2022-04-27,34.743980407714844,35.47305734336255,34.205853218129484,34.71794300996491,576700
2022-04-28,35.72475814819336,36.028538781977765,34.535669696145085,35.49041166886228,336400
2022-04-29,34.48359298706055,35.90355808898197,34.223209103183905,35.57720993468744,489200
2022-05-02,35.368900299072266,35.44701579413441,34.28396470707619,34.414158302499985,487200
2022-05-03,35.42965316772461,35.5945621705901,34.5139673474486,34.82208862991223,420300
2022-05-04,35.71609115600586,35.96779376850056,34.54435839731009,35.65533501047663,476100
2022-05-05,35.62061309814453,36.47988040045061,34.66586760440728,35.55985695802032,721000
2022-05-06,36.75761795043945,37.60821040102302,35.151914536726395,35.51645132043867,882100
2022-05-09,36.662147521972656,37.08744044936683,35.57721185479848,35.91571125320308,521700
2022-05-10,35.71609115600586,37.195942002055865,35.238716711188175,36.931217377552095,427300
2022-05-11,35.05644226074219,36.384402515160346,34.79605835157641,35.967787598302905,471000
2022-05-12,36.16741561889648,36.57535250964554,34.90889283085639,35.056442499703714,381400
2022-05-13,36.9832878112793,37.50405561078405,36.30628900973094,36.5493135413717,347400
2022-05-16,36.87045669555664,37.37386848053048,36.2542139747462,37.0353657401371,486300
2022-05-17,36.28025436401367,38.71919136035308,36.037229791766855,37.53010258919496,1098600
2022-05-18,32.33977127075195,34.83772983173158,31.86674075758405,34.63983694640014,1394400
2022-05-19,32.32240676879883,33.051483712785604,31.593329824812056,32.02730411740035,672500
2022-05-20,31.44577980041504,32.91261185534071,30.91633058392052,32.91261185534071,868500
2022-05-23,32.964683532714844,33.15563326164321,31.25482393339277,31.61068268487516,612800
2022-05-24,31.732196807861328,32.747694914186155,30.864248350095583,32.64354202632323,468600
2022-05-25,33.08619689941406,33.84999252971776,31.2982250540388,31.32426245032341,579600
2022-05-26,33.96282958984375,34.63115040807236,33.676404963048135,33.676404963048135,342300
2022-05-27,34.5964241027832,34.94360147970951,33.95414082348089,34.18848729116037,199100
2022-05-31,34.7786979675293,35.021722500861166,33.79357782480679,35.0043664435897,404100
2022-06-01,34.4401969909668,35.368901627725926,34.11037563154107,35.247389366611394,507300
2022-06-02,34.97832489013672,35.039081022000865,34.5183132314622,34.700581627054646,401900
2022-06-03,34.934932708740234,35.00870754840127,34.162458950027485,34.57907389930084,381400
2022-06-06,34.917572021484375,35.02172492713352,34.414163551712555,34.89153462281239,337100
2022-06-07,34.7613410949707,34.82209723266563,33.80659895036943,34.318688761627506,489300
2022-06-08,33.6590461730957,34.02271884064204,33.27714997508956,33.745843021025195,671200
2022-06-09,33.69417953491211,34.03674234107053,33.211078055696234,33.211078055696234,664800
2022-06-10,31.06786155700684,33.25060561306853,30.90975511849126,32.605004880914336,895900
2022-06-13,29.864490509033203,30.49867185588878,29.12666178595828,30.286106443546647,596700
2022-06-14,29.548282623291016,30.308071996914578,29.126666618820643,29.9259809222198,468000
2022-06-15,29.530717849731445,30.13679363974193,29.32869370329678,29.855716275075743,463000
2022-06-16,27.72127914428711,28.986128873312342,27.21182603716423,28.792886941930924,481500
2022-06-17,28.309783935546875,28.7665354346086,27.809114731917045,27.97600502491133,1105600
2022-06-21,28.652353286743164,29.02126946119151,28.43276136288556,29.02126946119151,476100
2022-06-22,28.84558868408203,29.021262853310056,28.26586627112381,28.26586627112381,584700
2022-06-23,29.20572280883789,29.258426071288625,28.24830198724171,28.70505354302861,386100
2022-06-24,29.64490509033203,30.37834119728628,29.504366415043155,29.52193416829256,790800
2022-06-27,30.0577392578125,30.5320551981318,29.644905428507982,29.759094150578537,303600
2022-06-28,29.6624698638916,30.751643650292827,29.60098440904828,30.31245991529421,316700
2022-06-29,29.565847396850582,30.022598860018377,29.11348870900622,30.022598860018377,377600
2022-06-30,29.311119079589844,29.600981928739785,29.021259581145607,29.23206587988584,612100
2022-07-01,28.74018669128418,29.68003968155263,28.265867420296487,29.267205869688578,353700
2022-07-05,29.44287872314453,29.460446475062827,28.14289523754524,28.26586615026724,397400
2022-07-06,28.933427810668945,29.583421315111057,28.309787612955827,29.45166483358563,304100
2022-07-07,29.80301284790039,29.86010553547718,29.0651839320546,29.24085812167626,313900
2022-07-08,29.4340934753418,30.13679015649522,29.11788398967008,29.943548234107418,324100
2022-07-11,30.136796951293945,30.602330759419573,29.31112916999116,29.69761310190544,699800
2022-07-12,30.40909194946289,31.00638231467745,30.040179086028303,30.040179086028303,358300
2022-07-13,30.58475875854492,30.83948616000665,29.90841532227052,29.96990078459488,318800
2022-07-14,30.98002815246582,31.032731418970403,29.934771830425568,30.11922823713148,333100
2022-07-15,30.936111450195312,31.48948068839962,30.330035593056987,31.032732433258342,358100
2022-07-18,31.963796615600582,32.5215619212718,31.21718549149856,31.34893862184841,365000
2022-07-19,33.000274658203125,33.333177441613856,32.22731013376328,32.22731013376328,310100
2022-07-20,33.17594528198242,33.2374307470896,32.21852444583374,32.91243566713646,337600
2022-07-21,32.81581497192383,32.903650394049684,32.2009569649231,32.58743751326608,280000
2022-07-22,33.52729034423828,33.536075896807006,32.89486793825827,32.95635340341318,263100
2022-07-25,32.63135528564453,33.298913138345235,32.54351652166665,32.97391808839267,279500
2022-07-26,29.161806106567383,31.3050219263636,28.89829648662052,31.20840095055153,833700
2022-07-27,30.77800178527832,30.804351741289487,29.073966481483943,29.45166482094106,479300
2022-07-28,31.911088943481445,31.963788842523023,30.87461515339173,30.87461515339173,282600
2022-07-29,32.0604133605957,32.297572984799906,31.594879663476004,32.297572984799906,357700
2022-08-01,32.53473281860352,32.55230057058805,31.146910568180207,31.63001202028356,236900
2022-08-02,32.446895599365234,32.666487483539704,32.01210460689753,32.499598857821354,345400
2022-08-03,33.24620819091797,33.29012924602866,32.58743257273038,32.58743257273038,328200
2022-08-04,34.581336975097656,34.63404024573617,32.91244028002881,32.97392575375357,877600
2022-08-05,33.94012451171875,34.65687415604579,33.71175040340966,34.18606637462186,417800
2022-08-08,34.89754104614258,35.345510356180014,33.913770365361835,33.913770365361835,515400
2022-08-09,32.90365219116211,34.743833536351964,32.073595009122855,34.68674084392256,524700
2022-08-10,34.089447021484375,34.695519446059976,33.72053089513362,34.036743760375295,412200
2022-08-11,35.08199691772461,35.468480764093165,34.256332669884166,34.590113259737166,323300
2022-08-12,35.49483108520508,35.54665645725558,34.566397320416506,34.915108660344586,318900
2022-08-15,35.125919342041016,35.72320618562424,34.91510965847157,35.38064338169186,315000
2022-08-16,37.16373825073242,37.20765596518629,35.02051893803316,35.09957216433283,408900
2022-08-17,36.3995475769043,36.89143457752549,36.153605751946735,36.46981858443849,303900
2022-08-18,36.76847457885742,36.77725678205295,36.039427737467925,36.41712613830949,274800
2022-08-19,35.925235748291016,36.57522588807942,35.81543979961128,36.57522588807942,323500
2022-08-22,35.15227508544922,35.31038153648941,34.893154876525145,35.21376055521965,372500
2022-08-23,35.16105651855469,35.775914553511086,35.073221092435226,35.22254198697966,340300
2022-08-24,34.92389297485352,35.45091552525466,34.73943659003098,35.29280909520495,280000
2022-08-25,36.3995475769043,36.3995475769043,35.04159352829597,35.20497060517752,271800
2022-08-26,34.25633239746094,36.67184301523061,34.03674052311824,36.5225221490165,442500
2022-08-29,33.60633850097656,34.37930282595556,33.382357204815335,33.729312763466666,245500
2022-08-30,33.62390899658203,34.66916853345523,33.43067041259791,33.86106863896403,287300
2022-08-31,32.70162582397461,33.71174991902403,32.64014035913228,33.71174991902403,403100
2022-09-01,33.044185638427734,33.11445664937518,32.2360891167695,32.57865191837272,351700
2022-09-02,32.244873046875,33.53607446127036,31.990145644590427,33.439453491389564,380900
2022-09-06,31.313804626464844,32.53122009895527,31.111777140513087,32.359060809006,393700
2022-09-07,31.902313232421875,32.02089474324948,31.40164393287729,31.41042613519092,402600
2022-09-08,31.72438240051269,31.840035895044668,30.28762045310992,31.590935799615185,714800
2022-09-09,32.631813049316406,32.84532355524891,32.04465406746955,32.20478864376308,370500
2022-09-12,33.761653900146484,33.859514307546554,32.880913627234534,32.925394705046735,340800
2022-09-13,32.525054931640625,33.16558978671006,32.33822901329437,32.59622396278701,374900
2022-09-14,32.16030502319336,32.62291221395877,31.64431511964173,32.62291221395877,307000
2022-09-15,32.3204345703125,33.12110387038429,32.06243965858034,32.06243965858034,352800
2022-09-16,32.23147964477539,32.38271937827192,31.635425749736765,31.79556034111492,863500
2022-09-19,33.54814147949219,33.54814147949219,31.98238507196216,31.98238507196216,389900
2022-09-20,33.5659294128418,33.6993760253665,32.702982344208955,33.03214975011966,629500
2022-09-21,32.36492156982422,34.197567459336014,32.09803175417269,33.81502414588317,508700
2022-09-22,32.51616668701172,32.93429632735343,32.24927679913599,32.462790745650004,389100
2022-09-23,31.30624961853028,32.178091377342106,31.0260158583118,31.991268870529787,352900
2022-09-26,30.79916954040528,32.16031369821995,30.781376429239643,31.17281808750562,326000
2022-09-27,31.52866744995117,31.82224866869752,31.04826706406689,31.324051779471286,515200
2022-09-28,31.777761459350582,32.302646214927016,31.51086825974141,31.84893049054183,285800
2022-09-29,30.452207565307617,31.14612182313653,29.47361036100077,31.14612182313653,409300
2022-09-30,29.900632858276367,30.4922409470747,28.57507521659249,29.696017215756505,775400
2022-10-03,31.68880081176757,31.92010783458352,30.069665226810088,30.31876535858792,373900
2022-10-04,31.920101165771484,32.63180840711283,31.902308060526973,32.48946695884456,658000
2022-10-05,31.777761459350582,32.07133922775747,30.799160979388976,31.46638719103589,767800
2022-10-06,31.564245223999023,32.231471385877015,31.1105329271446,31.742172879237373,378100
2022-10-07,28.82417869567871,31.012680234649626,27.987919526868904,30.434416060204057,837900
2022-10-10,29.518091201782227,29.64708869114936,28.668488100888226,29.082168534483365,495900
2022-10-11,30.123046875,30.51448512126035,29.43357827277234,29.45582050911083,594500
2022-10-12,29.98959350585937,30.87033360415897,29.80277097987365,30.82585253516542,479500
2022-10-13,31.012672424316406,31.5108657845864,28.717412807571705,29.277883731563183,459500
2022-10-14,30.84364318847656,31.55535388883109,30.63013269332071,31.35073825027001,382800
2022-10-17,31.15501594543457,31.759967974952755,30.763577794323734,31.475285066201607,447300
2022-10-18,31.795560836791992,32.45388892833084,31.58204691372968,31.955692036977883,540400
2022-10-19,30.58565139770508,31.50197433618377,30.158627016850307,31.05715684858237,476400
2022-10-20,30.04297065734864,31.848928398958574,29.820561934739025,30.73688478591052,425200
2022-10-21,31.048263549804688,31.1283308373376,30.105249207049138,30.1675233869427,321800
2022-10-24,31.439697265625,31.56424560769955,30.968191858146263,31.128326410438625,363600
2022-10-25,32.80084228515625,33.0454932734895,31.63542257921169,31.63542257921169,346400
2022-10-26,32.40940856933594,33.43249034247207,32.02686518589817,32.55175005663683,395800
2022-10-27,33.005455017089844,33.93957442188641,32.33822881005686,32.71187725071308,581200
2022-10-28,32.729671478271484,33.183383821377376,31.689685941199468,32.91649400815696,488100
2022-10-31,31.75996780395508,32.631809631522415,31.6887953803065,32.4005026483525,378200
2022-11-01,31.920101165771484,32.342676385843205,31.47261288340719,32.02685640355073,286300
2022-11-02,30.47889518737793,31.875625332003903,30.47889518737793,31.7332804666814,580200
2022-11-03,33.67267990112305,34.713554507916285,30.61233704016698,31.65321164696022,870500
2022-11-04,33.761653900146484,34.58901484347057,32.84532740750929,34.27764051140773,864200
2022-11-07,33.183387756347656,34.21536431187891,32.93429102029516,33.71717083977393,1116300
2022-11-08,33.39690017700195,34.121951512025646,32.63181350050717,33.36131396095839,660400
2022-11-09,31.52866744995117,33.62820687739854,31.43081043739105,32.8720183824212,558700
2022-11-10,33.93067169189453,34.94485484968503,33.23675761418262,33.557026694261204,537000
2022-11-11,36.47503280639648,36.688546686778594,34.03743155977068,34.0730177721157,507100
2022-11-14,36.81309127807617,37.21342764186758,35.8433891496426,36.19924105570012,431900
2022-11-15,38.4233283996582,38.966006207502254,37.01770708491783,37.16894338221854,547700
2022-11-16,37.0088119506836,37.81837960605205,35.852287213541224,37.81837960605205,385000
2022-11-17,37.702728271484375,37.80058865414733,36.43055008424159,36.62626745587966,507700
2022-11-18,37.83617401123047,38.83256761642762,37.20008487490675,38.69912101407626,533200
2022-11-21,37.30239868164063,37.96072673165225,36.58179305466074,37.76500932435368,464000
2022-11-22,39.01939010620117,39.072766032138496,37.37356338480957,37.53369794999768,426700
2022-11-23,39.21511459350586,39.90902884582725,38.779191926221664,39.30407674094097,367000
2022-11-25,39.722206115722656,39.722206115722656,38.82367281982985,39.17062994438096,195700
2022-11-28,39.135047912597656,40.220400381694176,39.09056344449917,39.37524639314958,365000
2022-11-29,38.11197280883789,39.4019445514408,37.907357116295074,39.13505466524099,288200
2022-11-30,38.65464019775391,38.68132816092378,37.48032230664593,38.236510675089306,381800
2022-12-01,39.80227279663086,39.93571601512308,38.485609963760375,38.66353764877166,340200
2022-12-02,39.84675216674805,39.95795654091712,38.45892035539025,39.30407427781285,297000
2022-12-05,38.88594055175781,39.58875293520495,38.46336533295828,39.23289761876169,278500
2022-12-06,38.33437347412109,39.2329033587529,37.92514217592001,38.78808584496346,288200
2022-12-07,38.41444396972656,39.01939611048514,37.95628243525983,38.23651627061723,341400
2022-12-08,38.117557525634766,38.8102773151905,37.88365379121309,38.540387334907855,270800
2022-12-09,37.55078506469727,37.92863030512446,37.17293639243319,37.68572832263403,328500
2022-12-12,39.09816360473633,39.12515500725039,37.8746586004515,38.09956750765569,423200
2022-12-13,38.32447052001953,40.81646124035945,38.19852210045183,40.66352485426639,391700
2022-12-14,38.18952941894531,39.02619074699753,37.775697893540645,38.36045893635057,291200
2022-12-15,36.354270935058594,37.78469153768739,36.29129672370942,37.46982048094152,329800
2022-12-16,36.00342559814453,36.99752275831015,35.37367984355032,35.57160082032406,4214200
2022-12-19,35.643558502197266,36.39925247967807,35.175747617867515,36.129362508828606,611700
2022-12-20,34.80690002441406,35.91345139728333,34.707942991453564,35.625568280691525,448100
2022-12-21,35.13077163696289,35.82349150304626,34.869876473404666,35.41865477197966,482400
2022-12-22,35.148765563964844,35.30170541334123,34.16816254048765,34.71694085158558,336700
2022-12-23,35.607574462890625,35.66155039609895,34.93284784309005,35.07678938470736,225200
2022-12-27,35.5895881652832,35.79200481730064,35.09478580375131,35.634569262194,212200
2022-12-28,34.932857513427734,35.760520748887025,34.33909462907041,35.760520748887025,276700
2022-12-29,35.68854522705078,36.06639399136994,35.180252311163784,35.38267239513974,236200
2022-12-30,35.97642135620117,36.25530613537755,35.0947756392789,35.38266212617063,458600
2023-01-03,35.751522064208984,36.705133652117055,35.53560799926816,36.39925739535617,427800
2023-01-04,37.58677291870117,37.60476604187488,35.86846912174158,36.02140895279942,289300
2023-01-05,38.06358337402344,38.252506025898825,36.687138575897485,37.334877304427344,235000
2023-01-06,38.67533493041992,39.61995159905203,38.27949308052037,38.540388221256464,319900
2023-01-09,38.76529312133789,39.40403349098282,38.135547596519686,38.77428796616461,487400
2023-01-10,39.53898620605469,39.57497245451452,38.29748808889061,38.7832921475858,298200
2023-01-11,40.08776473999024,40.28568224410992,39.26909645740016,39.610955524442126,291300
2023-01-12,40.31267166137695,40.6095496188557,39.67392779001606,40.33965963064664,209500
2023-01-13,41.212310791015625,41.4102283024265,40.02479199519959,40.02479199519959,301100
2023-01-17,41.52718353271485,41.770085582119805,40.8974378600173,41.023386308189245,326600
2023-01-18,41.644134521484375,42.77767391575932,41.39223420910513,41.49119467841438,344400
2023-01-19,40.85245132446289,41.47319863576642,40.492595721719255,41.32026223529467,304300
2023-01-20,41.239295959472656,41.46420485902653,40.64103746301835,41.03238018370358,331400
2023-01-23,41.635135650634766,41.97699814924489,41.06836767748352,41.2392972108698,400300
2023-01-24,41.590145111083984,42.44479944760836,40.95140478566009,40.95140478566009,233600
2023-01-25,41.5181884765625,41.71610599476202,40.79847717891323,41.0593723527192,166800
2023-01-26,42.37283706665039,43.38942629585591,41.68911549356057,42.28287487581986,262300
2023-01-27,42.28287124633789,42.57075435048937,41.92301565022988,42.10294344828388,179400
2023-01-30,41.37424087524414,42.05796239018852,41.23929416863696,41.92301568358134,321300
2023-01-31,42.96659469604492,43.19150359578347,41.49569200176326,41.5541670802338,541100
2023-02-01,44.2620735168457,44.46898929915142,42.69670601649099,42.89462695253888,412300
2023-02-02,44.675907135009766,45.23368028824776,43.84824396774293,44.0821477314112,457800
2023-02-03,44.74787902832031,45.52156280954426,43.24368741567605,44.0461608831652,335300
2023-02-06,44.51396560668945,44.63541832505221,43.96069167764149,44.38801718160007,337600
2023-02-07,44.58594512939453,44.72088842106045,43.281472718930885,44.10014104298665,299900
2023-02-08,42.33685302734375,43.695301287963005,42.01298365876234,43.695301287963005,366000
2023-02-09,42.39982604980469,43.54685936070724,42.237891370080526,42.867636965470346,332700
2023-02-10,41.88703536987305,42.40432310179322,41.73409553113262,42.255885833869065,266400
2023-02-13,42.64273452758789,42.83165720526576,41.75209365421836,42.03098196305562,449900
2023-02-14,42.345848083496094,43.00258167000513,42.10294605585508,42.29186871118559,296100
2023-02-15,42.09394836425781,42.21089851526872,41.63513231022729,41.86004119856143,278700
2023-02-16,41.545169830322266,41.82405808532223,41.21230563888423,41.365242034575104,293900
2023-02-17,41.0413703918457,41.62613483734015,40.69051309728386,41.617136560545866,399000
2023-02-21,38.96321868896485,40.65453112943848,38.9542204112242,40.38464113845545,505600
2023-02-22,39.42203140258789,39.736902487338014,38.75630298573407,38.78329095533052,683700
2023-02-23,39.85385894775391,39.9798073907316,39.18813048291823,39.78188987969709,321900
2023-02-24,39.889835357666016,40.12373906094833,39.24209674575061,39.55697120735919,354700
2023-02-27,39.1341552734375,40.26769481272833,38.95422743638742,40.26769481272833,416100
2023-02-28,46.91600036621094,47.65370132224207,43.53336841148696,44.04616045575646,2086800
2023-03-01,46.37621688842773,48.4273884959965,46.0793389096529,47.84262395306519,1071700
2023-03-02,46.85303115844727,47.63121415457416,45.552155210526365,46.214287172506005,622500
2023-03-03,47.64469528198242,47.65369355881602,46.38610678172326,47.29383798588766,571300
2023-03-06,45.530555725097656,47.608711648788365,45.449588388341056,47.608711648788365,549500
2023-03-07,46.385215759277344,46.817040463272015,45.39561447643157,45.91740480532369,554300
2023-03-08,47.29383850097656,47.320826468097145,46.3582167466424,46.799039656688905,531600
2023-03-09,46.55841827392578,47.96570556190319,46.367754751212,47.62069290404427,432300
2023-03-10,45.92287063598633,46.47670224771235,45.41443114032327,46.358674433642925,418000
2023-03-13,45.23284530639648,45.95010723780658,44.12517515730549,44.58821907290875,369400
2023-03-14,46.03182601928711,47.10317844400466,45.35995958921668,46.649215669580656,413900
2023-03-15,45.605098724365234,45.65957550273417,44.34308279823684,44.615459763159485,440500
2023-03-16,46.195255279541016,46.93067279545164,44.497431921869456,44.978634842749926,517300
2023-03-17,44.82427978515625,45.93649057145198,44.52466617904376,45.813918692640776,960200
2023-03-20,44.96955108642578,45.73220868193123,44.5882240204036,45.123900229906965,433900
2023-03-21,45.35995101928711,46.25879866674879,45.00586067628903,46.06813516874374,391500
2023-03-22,44.061622619628906,45.46890989025957,44.01622703813198,45.13297496756844,365700
2023-03-23,43.589500427246094,44.5337437502329,43.33528240315765,44.42479366326083,503400
2023-03-24,43.18093490600586,43.344361761271294,42.49999083022011,43.099221478373146,327200
2023-03-27,42.87224197387695,43.71661294144471,42.577165502249805,43.71661294144471,611300
2023-03-28,43.48963928222656,44.35670646225969,42.74967767342071,43.38976690826787,439600
2023-03-29,42.82684326171875,44.18873148275479,42.58170642977781,43.970831306927096,506000
2023-03-30,43.10830307006836,43.72569269782478,42.917639543000895,43.33528444899466,311300
2023-03-31,43.93452453613281,44.06163358133088,43.06291668609322,43.40792942553204,485300
2023-04-03,44.32492065429688,44.58821986877405,43.43061352256423,44.28860280468745,423000
2023-04-04,44.016231536865234,44.79250748922371,43.63490445716403,44.47019432515402,269000
2023-04-05,42.63618469238281,43.589505865103554,42.182221899329,43.589505865103554,311300
2023-04-06,41.50127029418945,42.20037328619006,40.7113761451854,42.20037328619006,535500
2023-04-10,41.95523452758789,42.30024717094165,41.1653403499392,41.274290434986426,366500
2023-04-11,42.59078979492188,42.99481641020033,41.76457763673364,42.0732724795436,396600
2023-04-12,42.49091339111328,43.02658958327235,41.89168269000831,42.99935292614152,681800
2023-04-13,43.07198715209961,43.25357295608588,42.51815547196015,42.66342342245694,345100
2023-04-14,42.96303176879883,44.02530634016346,42.91763618925315,43.37159891163138,602000
2023-04-17,42.58171081542969,42.88586505155647,42.11866683304871,42.763293159501,350300
2023-04-18,43.33528900146485,43.40792471281308,42.60894920528923,42.88132619592241,389600
2023-04-19,43.30804443359375,43.50324854287209,42.81776386190015,43.03566749269532,352800
2023-04-20,42.83592987060547,43.308051595857,42.28209470322461,43.05383007397615,425700
2023-04-21,42.0460319519043,43.00843078360198,41.5148928920674,43.00843078360198,895600
2023-04-24,42.22761154174805,42.42735625088214,41.03823140798605,42.10050253173935,984600
2023-04-25,41.15626525878906,41.70101918242291,40.81125259330844,41.70101918242291,459800
2023-04-26,40.68414306640625,41.36508719416055,40.584270706848535,41.02007453299598,482400
2023-04-27,40.41176986694336,40.725005329999405,39.67181169605067,40.4208510631412,406800
2023-04-28,41.0109977722168,41.23797917267439,40.007740397809584,40.12123109803839,417200
2023-05-01,40.63874816894531,41.632927805262106,40.60243377732168,41.01099752491258,375400
2023-05-02,41.41956329345703,41.62838575773082,39.86701140899028,40.41176536244701,487600
2023-05-03,40.41176986694336,41.5103625549582,40.35729654360252,41.33785446181473,633800
2023-05-04,37.33390045166016,39.2723235861098,35.6814761035668,38.61407543481955,1250000
2023-05-05,37.23402404785156,37.279423094616185,36.09003941667965,36.87085591796157,822300
2023-05-08,36.82545852661133,37.43830752977325,36.48952360704397,37.23402221974539,508800
2023-05-09,36.4622917175293,36.6801953840184,35.69055634799206,36.34426042053681,520100
2023-05-10,36.64387893676758,37.37021874719945,35.83582568119578,37.016128306080255,458100
2023-05-11,36.453216552734375,37.00704829478618,36.19899501334996,36.398739766410245,433300
2023-05-12,36.48952102661133,36.77097915090854,36.29885752150382,36.453206642396026,211600
2023-05-15,36.80730819702149,37.04336735181335,36.40781867796529,36.80730819702149,324300
2023-05-16,35.690555572509766,36.52584543840277,35.68147437722851,36.3805774850535,384600
2023-05-17,36.98888397216797,37.1296113071467,35.427251106104485,35.72686470048836,526500
2023-05-18,37.18862533569336,37.30665661312105,36.625712530474736,37.07967525223894,347400
2023-05-19,36.34425735473633,37.02520149281485,35.64515429069374,37.02520149281485,532400
2023-05-22,36.78005599975586,37.01611854053186,36.0809564977805,36.38965126870723,332700
2023-05-23,36.52584457397461,37.2340253968597,36.25346760082351,36.52584457397461,347200
2023-05-24,35.95384979248047,36.91625210620869,35.881217550696654,36.78914308549122,379600
2023-05-25,36.57123565673828,36.58939458117434,35.8585143240612,36.0446407019353,601800
2023-05-26,37.29758071899414,37.70614441792943,36.5893964830205,36.5893964830205,328300
2023-05-30,36.77098846435547,37.7697052841756,36.58032491095623,37.58812292672573,471200
2023-05-31,35.55435943603516,36.435048204897626,35.227505729510504,36.435048204897626,320400
2023-06-01,35.07316207885742,35.55890206958024,34.88340598702143,35.44541138517341,418300
2023-06-02,36.59848403930664,36.59848403930664,35.897562558952544,36.053726573597,561600
2023-06-05,36.48952102661133,36.59393397281434,35.5725178852891,36.23530301980132,424100
2023-06-06,37.58811569213867,38.01483830616829,36.22168689551784,36.41689100932081,610400
2023-06-07,38.62314987182617,38.81381338705833,37.54271635858908,37.69706548767756,506300
2023-06-08,39.458797454833984,39.50471110882564,38.237473941329874,38.512959368267055,441700
2023-06-09,38.154823303222656,39.68009733184624,37.91607022983185,39.55061993262576,517700
2023-06-12,38.53132629394531,38.92619003147469,37.64059017929837,38.33848684156696,439800
2023-06-13,38.87109756469727,39.174130509065705,38.41195397996701,38.60479344483671,370400
2023-06-14,38.92618179321289,39.55061717608238,38.742523709488935,38.953729279726176,347100
2023-06-15,39.05474090576172,39.62408130838616,38.56804996760243,38.81598785203826,397200
2023-06-16,38.76089477539063,39.35778274731441,38.36603107143865,39.35778274731441,948600
2023-06-20,38.384403228759766,38.72416850280033,37.96199196881879,38.55888003398707,250200
2023-06-21,38.51295852661133,38.99965305665105,38.1419711661646,38.27420542928004,284500
2023-06-22,38.03544998168945,38.50377836412991,37.84261053150211,38.46704603943119,275500
2023-06-23,37.09880065917969,37.98035544439504,36.89677637394759,37.5120270564456,802400
2023-06-26,37.79669570922852,38.209925591852354,37.23194761914475,37.36509966482282,446300
2023-06-27,38.47622299194336,38.70579471981179,37.86096893970296,38.00789470541928,220200
2023-06-28,38.44867706298828,38.613969009047366,37.93443856679294,38.24665629790598,309800
2023-06-29,39.04556274414063,39.100661223923005,38.24665405372363,38.4670409668795,238100
2023-06-30,38.65988159179688,39.23840338701765,38.38439619030643,39.23840338701765,397100
2023-07-03,39.19248580932617,39.35777773425197,38.627737815331926,38.678243875891845,209500
2023-07-05,38.274208068847656,38.85272994476147,37.89771048359936,38.85272994476147,468800
2023-07-06,37.72323226928711,38.200738434606095,37.17225795832473,37.91607170177981,397600
2023-07-07,34.15109634399414,36.84167785528593,34.132730181444174,36.27234082818629,982000
2023-07-10,34.65615463256836,35.303545177982066,34.06844798103954,34.242924761566485,857400
2023-07-11,35.7030029296875,35.794830237208785,34.821444663741865,34.9683739605555,499300
2023-07-12,36.12540817260742,36.36416123445666,35.42751164313633,36.18968797783555,642100
2023-07-13,36.8416748046875,37.071246563071874,36.03358473732518,36.1621443615425,480600
2023-07-14,35.914207458496094,36.57537526230989,35.34487046242707,36.57537526230989,301900
2023-07-17,36.364166259765625,36.52945821119078,35.344870563293355,35.703001957052145,302100
2023-07-18,36.832496643066406,36.96931982546747,36.162147471296,36.162147471296,258200
2023-07-19,37.42938232421875,37.45693332047902,36.62129216232484,36.74066696849869,309100
2023-07-20,37.530391693115234,37.76914829377087,36.81412889712271,37.47529671064638,399800
2023-07-21,37.08960723876953,38.154819900014935,37.043693594480416,37.83342088700463,445900
2023-07-24,37.75996398925781,37.89770845333,36.731483433943815,36.80494808224557,443700
2023-07-25,38.02626800537109,38.34766708355127,37.677317932641735,37.92525586566097,327700
2023-07-26,38.7884407043457,39.091473563753866,38.127273006747416,38.127273006747416,355200
2023-07-27,38.20073318481445,39.13738623204132,38.05380742268003,38.88026702405271,336200
2023-07-28,38.7884407043457,38.834354349348565,38.1823714825428,38.4394906969481,297300
2023-07-31,38.89863586425781,39.394511659272105,38.68743028556359,39.14657376176496,338500
2023-08-01,38.12728118896485,39.06393446057521,37.98035539163306,38.76089803314804,520900
2023-08-02,37.31000518798828,37.824243712899126,37.002376352708,37.64977042808827,592000
2023-08-03,43.9124870300293,44.46345786610255,39.752647759610966,39.872022555534976,1064000
2023-08-04,43.49007415771485,44.86750469816787,43.47170799681703,44.14205710614573,678000
2023-08-07,43.64617919921875,44.229293395339326,43.46252460493171,43.627813039192674,360200
2023-08-08,43.3798713684082,43.3798713684082,42.44321838192716,43.15948098800656,398000
2023-08-09,42.80135726928711,43.1962209561939,42.31466628435,43.18703612459874,326100
2023-08-10,42.82890701293945,43.444161151692334,42.21365637717364,42.782993361507046,500500
2023-08-11,43.57271957397461,43.86657113861406,42.63147398215366,42.727893698395945,511200
2023-08-14,44.84914016723633,45.014432118336906,43.12275951295645,43.352331278042016,508300
2023-08-15,45.198089599609375,45.28991690316597,44.417543507429976,44.73894607585223,409500
2023-08-16,44.72976303100586,45.730696092910975,44.64711705330774,45.14299291949645,301900
2023-08-17,44.95933151245117,45.56540080356312,44.674664779087465,44.92259919105361,488900
2023-08-18,45.46438980102539,45.785792366760646,44.62874873489302,44.73894570182417,297000
2023-08-21,45.32664489746094,45.638862603921055,44.5644650393722,45.12462064534358,499700
2023-08-22,43.49007415771485,44.85831986622546,42.63606694239501,44.85831986622546,509500
2023-08-23,43.38906097412109,43.76555850594637,42.84727150120307,43.58190040440033,426700
2023-08-24,42.810543060302734,43.73342256454853,42.64525110422924,43.4625295550314,448100
2023-08-25,42.35139083862305,43.33395754118597,41.928979705425,43.16866561898039,470800
2023-08-28,42.63606643676758,43.43497515991959,42.54882804928428,42.70952757650064,361700
2023-08-29,41.96571350097656,42.94828023816445,41.81878773194809,42.82890195614549,579300
2023-08-30,41.35964584350586,42.06672722861,41.27699987633819,41.901435294274656,871000
2023-08-31,42.048370361328125,42.29630831762384,41.34128881996349,41.54331311834983,630800
2023-09-01,42.406494140625,42.71962964479404,42.03917793769453,42.12182390820454,360700
2023-09-05,39.89956665039063,42.04835814430793,39.789373202826965,42.04835814430793,498200
2023-09-06,40.101593017578125,40.12914401057726,39.5322560384102,39.63326817243728,429600
2023-09-07,39.82304763793945,40.11552507810505,39.14524845491668,39.9251823921612,417000
2023-09-08,40.72368621826172,40.73296958586685,39.90661173419976,40.17587543968537,363500
2023-09-11,40.48227691650391,41.17864638324596,40.1758761929349,40.93723985988608,715200
2023-09-12,40.50084686279297,41.21578660116539,40.03660055542788,40.03660055542788,452200
2023-09-13,40.00874328613281,40.77939024475087,39.6976991384351,40.77939024475087,369300
2023-09-14,41.1136474609375,41.14150464491207,40.36899819181732,40.380141065407145,372500
2023-09-15,41.51290130615234,41.54075849132146,40.94652028059309,41.13221950007583,929700
2023-09-18,39.72091293334961,41.45719667345238,39.71162956564432,41.45719667345238,303700
2023-09-19,40.398704528808594,40.49155589801166,39.36808089503636,39.57234682344796,309200
2023-09-20,40.63082885742188,41.55932132579175,40.37085209969197,40.50084047855693,358100
2023-09-21,39.88804244995117,40.49156407493561,39.776624326325134,40.27801119551975,231100
2023-09-22,39.804473876953125,40.30864464205765,39.67448548910863,40.175872306724166,204600
2023-09-25,39.67448806762695,39.96232204650227,39.39594099815434,39.44236491941342,207700
2023-09-26,38.82956314086914,39.92054131874709,38.78313921579488,39.43308479258976,257100
2023-09-27,39.64663314819336,39.88339974349368,38.99668764571451,39.1452463141167,369800
2023-09-28,40.73296356201172,41.243633710809895,39.21952338999937,39.61877189250445,593600
2023-09-29,40.77010726928711,41.78216427905653,40.76082390233566,41.215783263233554,594000
2023-10-02,40.57513046264648,41.03937679850761,40.278013091048834,40.6122710195758,371300
2023-10-03,39.795188903808594,40.654043753330285,39.28451873992416,40.43584745029076,351900
2023-10-04,40.41728210449219,40.55655741249967,39.29380689854828,39.96232270991506,294300
2023-10-05,39.73948669433594,40.61227209570952,39.64199538625201,40.35229173223384,295600
2023-10-06,40.101593017578125,40.435850911105135,38.69957078852661,38.95026420867186,342700
2023-10-09,40.6494026184082,40.7886779173767,39.65127596283321,39.73948034638981,249900
2023-10-10,41.16936111450195,41.58718348363819,40.75153874536571,40.75153874536571,358300
2023-10-11,41.22507095336914,41.36434271178793,40.67726020298532,41.132219572505264,364100
2023-10-12,40.25015258789063,41.22507264645147,39.63734761669367,41.22507264645147,310000
2023-10-13,39.96232223510742,40.5565569306317,39.86018748270453,40.240869305894655,233400
2023-10-16,41.16007614135742,41.39219927716408,40.213013322236094,40.39870899734705,266000
2023-10-17,42.71065521240234,43.230612290078525,40.6215470770131,41.10436360444431,498900
2023-10-18,42.608524322509766,43.52773354363242,42.07928383038156,42.40425481961181,343700
2023-10-19,43.28632354736328,45.18044928073047,43.072770676726506,44.1219682950012,553400
2023-10-20,43.73199844360352,44.65120764242467,43.64843397098341,43.64843397098341,525000
2023-10-23,43.37917709350586,43.90841761274769,43.31418289233008,43.40703073917596,289500
2023-10-24,44.1033935546875,44.224098570889936,43.31324482557216,43.82484651430461,466500
2023-10-25,44.12196350097656,44.50264527977835,43.5184419663777,43.99197511922733,319200
2023-10-26,43.824851989746094,44.21481718662052,43.46274043781464,44.03840486545136,316300
2023-10-27,43.32346725463867,44.82762436796005,43.12848464663595,44.56764755728975,328000
2023-10-30,43.59272384643555,44.12196429127573,43.1841848771429,43.6855716802287,420000
2023-10-31,43.12848281860352,43.56023202769149,42.71066043207996,43.29561177321294,527600
2023-11-01,42.20927047729492,42.98920436105212,41.55004161678722,42.98920436105212,574500
2023-11-02,44.23338317871094,44.660488888744936,37.046853042337474,38.096047041953454,1536300
2023-11-03,44.86476516723633,45.45899990451071,44.159112302202615,44.56764779859914,620100
2023-11-06,46.03466796875,47.65581465788071,45.71898032139892,45.86753900592187,633200
2023-11-07,46.31321334838867,46.33456757378737,45.26401568538017,45.78397283295923,339100
2023-11-08,46.06251907348633,46.72174797831032,45.9204598171132,46.42463062565956,257300
2023-11-09,45.143314361572266,46.66604183228667,45.07832015552362,46.66604183228667,363400
2023-11-10,45.394004821777344,45.72826274049603,44.51193610114045,45.15259829265738,409300
2023-11-13,44.49336624145508,45.32901104610679,43.94555897630588,45.15259871708849,435800
2023-11-14,47.195274353027344,47.60380976822379,45.97894793185576,46.30391888236228,549200
2023-11-15,48.5973014831543,49.82291139794282,47.459899496342814,47.66880890880433,689300
2023-11-16,48.07734680175781,48.43017498962017,47.78022944626896,47.78022944626896,372200
2023-11-17,48.5787353515625,49.03369831025714,48.25376433957946,48.60658899775579,323000
2023-11-20,49.070831298828125,49.275100799269936,48.058774247785294,48.52302053648534,291800
2023-11-21,49.56293869018555,49.74863792872452,48.34661204257775,48.73658079770142,517300
2023-11-22,49.51651382446289,49.90647903025292,49.21010955541218,49.45151608157958,355300
2023-11-24,49.44222640991211,49.739343731275525,49.16367936387364,49.53507424461898,158600
2023-11-27,50.04574966430664,50.15252432366128,49.04297601414255,49.098686842013215,444100
2023-11-28,49.52579879760742,50.19431464853669,49.3586698348751,49.93433429433174,341300
2023-11-29,50.63998794555664,50.63998794555664,49.84612718674654,49.962188763331376,425200
2023-11-30,51.03924179077149,51.1878004721833,50.38929623137544,50.760691163945786,443100
2023-12-01,50.33357620239258,51.22957158213638,49.53507210746015,51.12279693102199,1046400
2023-12-04,51.540626525878906,52.03273004922206,49.795062857387386,49.795062857387386,505700
2023-12-05,50.463565826416016,51.41991550742202,50.34750426421918,51.41991550742202,395600
2023-12-06,50.27787399291992,50.61212834231475,49.6279284866913,50.398575476624416,462600
2023-12-07,50.87765121459961,51.11193768704673,49.80930547222919,49.80930547222919,419700
2023-12-08,50.77456283569336,51.33684892011539,50.28724656089466,50.961992722143286,350900
2023-12-11,52.573875427246094,53.02370853559685,51.54301652668337,51.54301652668337,551700
2023-12-12,52.96747589111328,53.18301897514906,52.124043323210536,52.51764637987421,563000
2023-12-13,53.18302536010742,53.379825124602725,51.96473650737242,52.6957091040279,520800
2023-12-14,55.244747161865234,55.87263314936749,54.30760133579434,54.47628787048131,673500
2023-12-15,55.07605743408203,55.6055435081406,54.38725471986561,55.4134304838964,1767200
2023-12-18,55.61959838867188,55.63834173251357,54.476283013746375,54.99171245714766,277800
2023-12-19,56.76292419433594,57.03469735047437,55.84452168473186,55.91949149422621,576000
2023-12-20,56.15378189086914,56.92224483530363,55.89138217687024,56.21938539429685,589000
2023-12-21,57.98120880126953,58.31858185634843,56.50520347276306,56.77229345380675,456600
2023-12-22,58.66532897949219,58.89961544278877,56.54738092425932,57.55949658673812,569300
2023-12-26,59.58373641967773,59.93984927805766,58.53413046623682,59.190133293405445,329700
2023-12-27,59.4150505065918,59.79459344583304,58.99333414358605,59.55562024430848,417500
2023-12-28,59.24635696411133,59.461900063095854,58.75435400289122,59.16201370147152,393700
2023-12-29,58.49664306640625,59.63059227785102,58.48727318074224,59.28384573451057,440900
2024-01-02,57.81252670288086,58.73092921488576,57.18464069387936,58.10304320588426,412200
2024-01-03,54.4200553894043,57.27366616056889,54.41068550453263,57.212749396656974,557100
2024-01-04,53.92336654663086,55.69457141697036,53.55788028131347,55.300968348601984,532200
2024-01-05,53.604740142822266,54.70588573601348,53.43605361387333,54.03582635016842,452200
2024-01-08,55.244747161865234,55.72268996019324,53.92337169010237,53.92337169010237,428600
2024-01-09,55.37594604492188,55.46965919593228,54.5887434216808,54.5887434216808,332400
2024-01-10,55.54463195800781,55.61960176299559,54.90737252843792,55.310345508163806,205800
2024-01-11,54.466915130615234,55.52589092906061,53.96085909478908,55.28223458402784,377700
2024-01-12,53.91399765014648,55.01046011382157,53.276738209276495,55.01046011382157,225400
2024-01-16,53.41730880737305,53.43605215173534,52.61136287443132,53.192392249952896,298000
2024-01-17,53.75468444824219,53.86714094491153,52.845651864935405,53.11742500890327,263400
2024-01-18,54.35445785522461,54.37320120071772,53.18302557386201,54.007714900921016,243800
2024-01-19,54.916748046875,55.010464781382666,53.80154571819295,54.60749176031943,245600
2024-01-22,55.83515167236328,55.95697805938094,55.047949012357535,55.15103205331224,415400
2024-01-23,55.947601318359375,57.12372022147024,55.61022828042101,56.65046062242186,296700
2024-01-24,55.244747161865234,56.49864587479674,55.104173857983554,56.472405906064445,349100
2024-01-25,56.39743423461914,56.678577258161184,55.81640484264192,55.81640484264192,362300
2024-01-26,56.706687927246094,56.98314778327595,55.54462919576852,55.685198913727874,305100
2024-01-29,57.61572647094727,57.78441301006427,56.29435096448255,56.69732396627008,416600
2024-01-30,56.519264221191406,57.65789650587437,56.45366430149177,57.147150188295775,406600
2024-01-31,54.93549346923828,57.006588693505,54.916750121628624,56.35995571321995,371800
2024-02-01,56.20063400268555,56.46303367912627,54.58874210471544,55.19788829636995,399300
2024-02-02,54.6730842590332,55.27285697868457,54.06393807974062,55.27285697868457,624600
2024-02-05,54.63560104370117,54.963604228375424,53.4829121045418,53.87651521116538,380600
2024-02-06,56.05069351196289,56.153776550567706,54.89800456732544,54.89800456732544,372800
2024-02-07,55.6102294921875,56.06755565028256,55.17726646408491,55.88200262032957,324900
2024-02-08,57.93435287475586,58.60909899245864,56.02257459121632,56.02257459121632,554300
2024-02-09,58.22487258911133,58.50601562877635,57.301783356020216,57.63446970336539,388800
2024-02-12,58.843379974365234,59.97732542520296,58.32795054897783,58.32795054897783,532100
2024-02-13,57.42829513549805,57.75629831990985,56.125663007935714,56.88475241479176,432700
2024-02-14,57.99058151245117,58.42166771063014,57.02531893400835,58.234237840791806,465500
2024-02-15,58.86212539672852,58.93709519719604,57.70943656198793,58.29983580604927,375100
2024-02-16,59.068302154541016,59.71493508307825,57.72818329458392,58.37481622312115,424600
2024-02-20,58.76841354370117,58.98864338350008,58.44978382174422,58.599727010022335,265900
2024-02-21,58.590362548828125,59.087048735681535,58.35607607202135,58.52476262131646,343600
2024-02-22,59.55561828613281,59.97733463527262,58.775912249488144,58.90898893407026,466900
2024-02-23,59.4619026184082,60.43653154810721,59.22761616488802,59.97733210116709,651100
2024-02-26,58.89961242675781,59.56592529640935,58.69344278056486,59.25572883371297,474000
2024-02-27,59.4619026184082,59.91173218017565,59.17138612906925,59.48064596368113,697700
2024-02-28,54.13891220092773,54.94485814462922,50.68084555578381,51.96473427485871,1787200
2024-02-29,55.39469146728516,55.57274789085265,53.15491346983087,53.567256354637145,1137600
2024-03-01,55.3665771484375,56.27560616923854,54.82303085307424,55.83515006171164,797500
2024-03-04,54.80428695678711,55.610232931507554,53.84839779432292,55.22600328948125,703000
2024-03-05,56.85663604736328,57.435792201522894,54.242001886779256,54.242001886779256,844000
2024-03-06,57.1284065246582,57.68132268398992,56.20063419412392,57.16589321425671,547500
2024-03-07,57.9693603515625,58.33787276970896,56.95832205607677,57.610302515150615,604300
2024-03-08,57.99771499633789,58.65914288880612,57.57251109371602,58.11110150220638,540600
2024-03-11,57.241798400878906,58.30952822951255,57.00557441329751,57.80873452927744,568300
2024-03-12,57.02446746826172,57.51581378039032,56.89218261586015,57.11895922318562,561600
2024-03-13,57.4118766784668,57.74259242563461,56.769350744766975,56.769350744766975,656200
2024-03-14,56.12681579589844,57.62447487612769,55.88114085260084,57.23234222726262,646700
2024-03-15,55.75830841064453,56.48587872451552,55.34255549035768,55.72996268558852,5764500
2024-03-18,54.42600631713867,55.84807575829225,54.35986388773544,55.36145491147189,589200
2024-03-19,55.11577987670898,55.430426781642886,54.24647376964859,54.312616194648726,466000
2024-03-20,55.38035202026367,55.52208424959257,54.74726986155358,55.27641288939395,463100
2024-03-21,56.11736679077149,56.278000967725056,55.09688109553508,55.82445136934312,537300
2024-03-22,54.18033218383789,55.918940820395854,54.12363713103456,55.88114411852697,525100
2024-03-25,55.04964065551758,55.42760050611294,54.18033804543744,54.18033804543744,438700
2024-03-26,54.832305908203125,55.61657120653355,54.77561446316157,55.44648966242555,545000
2024-03-27,56.08902740478516,56.10792575741454,55.28114175346309,55.40870112809617,522400
2024-03-28,56.92997741699219,57.16620138967681,56.032325599892296,56.032325599892296,601900
2024-04-01,57.02446746826172,57.402427278973526,56.49532805865546,56.911080966844935,443600
2024-04-02,54.085845947265625,56.06067863363773,53.30630606497548,55.74886123892487,478800
2024-04-03,54.28427505493164,54.69058061680945,53.6700912229325,53.840172788578656,423400
2024-04-04,53.84962844848633,56.8543946256465,53.792933386844645,55.97564459940134,465700
2024-04-05,53.273231506347656,54.01024915013856,52.95196675824797,53.7834725496304,563800
2024-04-08,53.11259841918945,53.8543415669178,53.08425269522909,53.75512792856467,323500
2024-04-09,52.9614143371582,53.358272488467776,52.41337659091101,53.358272488467776,283800
2024-04-10,50.97713470458984,51.94092895850728,50.72201237815654,51.87478653363477,438500
2024-04-11,51.24170684814453,51.48738181323902,50.9487878065294,51.34564597918512,470700
2024-04-12,50.98657989501953,51.07162066685689,50.03223665950404,50.78815262889626,531900
2024-04-15,51.02437973022461,51.87478750085844,50.76453191017208,51.46848196649916,365000
2024-04-16,51.55351638793945,51.591309480703615,50.41964070171149,50.75980376802902,330100
2024-04-17,51.818092346191406,54.010250590083466,51.68108200538667,52.06376369917419,449000
2024-04-18,52.3377799987793,52.460617467232005,51.52989448815073,52.054311967689,483600
2024-04-19,53.33937454223633,53.44331366847401,52.12045796007191,52.12045796007191,492300
2024-04-22,54.2181282043457,54.6622268300025,53.448035732535466,53.528354624120446,394800
2024-04-23,56.91107940673828,56.95832348065918,54.18505633164353,54.20867656635808,558000
2024-04-24,58.45126724243164,59.01820340166011,56.66541437592056,57.043370613908806,659300
2024-04-25,58.39456558227539,58.67803362983904,57.29376099966989,58.318975785021244,626600
2024-04-26,58.77252960205078,60.036797977950805,58.67331595850428,58.88591610831935,700200
2024-04-29,60.303253173828125,60.41663966716311,58.46070553579935,59.00874686181977,638800
2024-04-30,58.64024353027344,59.95837380352397,58.53630439980686,59.67962762595525,457800
2024-05-01,58.7158317565918,59.660727674411405,57.69534603968239,58.640241957502006,775300
2024-05-02,63.65763473510742,65.84979277485418,61.418229020213424,61.418229020213424,2144200
2024-05-03,62.032413482666016,64.70174135330666,61.85288096577213,64.53638890631038,1008800
2024-05-06,62.15525436401367,62.83558060064608,61.748948817635096,62.45762077929652,977600
2024-05-07,63.997806549072266,64.36631539678993,62.64660503777949,62.64660503777949,508900
2024-05-08,63.5064582824707,63.96001152719306,63.01511554225706,63.61984839589736,375900
2024-05-09,64.98994445800781,65.0088464146701,63.19464065125391,63.50645805532372,258700
2024-05-10,64.43244934082031,65.14867623187953,64.18677440503232,64.96158870191769,265100
2024-05-13,64.85765838623047,66.12382272654486,64.68757682436687,65.19782150995768,276600
2024-05-14,65.41514587402344,65.79309846420809,65.04662984332136,65.45293536585505,240700
2024-05-15,64.21511840820312,65.80254365799729,63.93165399047952,65.69860454213709,398900
2024-05-16,65.19782257080078,65.54743667837128,64.11591984647026,64.16788941369042,454000
2024-05-17,66.3033447265625,66.42618580944952,65.018285703483,65.11278106231417,432000
2024-05-20,67.29549407958984,67.43722992097844,66.18996749293062,66.18996749293062,307900
2024-05-21,69.13803100585938,69.38370595742609,67.0498119400013,67.17264581129287,694900
2024-05-22,67.55060577392578,68.93015292083494,66.81358812643849,68.74117662470411,518800
2024-05-23,67.95691680908203,68.32070377806488,67.10650898956948,67.28604153173995,364600
2024-05-24,68.55219268798828,69.06243007246898,67.82461889011182,68.65613180197063,359500
2024-05-28,67.54116821289062,69.0388274847723,67.21044885079095,68.83567109922582,481100
2024-05-29,67.30494689941406,67.69235052022489,66.78997308798064,66.87028838486843,308000
2024-05-30,68.38211822509766,68.58526738134519,67.69706293695391,67.76793445416718,370300
2024-05-31,69.29866027832031,69.72386774909332,68.1298245378315,68.24038150800553,538600
2024-06-03,69.4404067993164,69.99789920226135,69.0718979266005,69.72387849016768,584200
2024-06-04,69.11914825439453,70.23412589393457,68.66559497348636,68.74118838846853,379900
2024-06-05,69.9411849975586,70.77269792783254,69.11913025292516,69.11913025292516,366300
2024-06-06,70.16798400878906,70.26247217376596,69.53489816457564,70.10184157240676,262400
2024-06-07,69.4026107788086,70.25301865077792,69.15221390664327,69.65773674489171,361600
2024-06-10,68.75565338134766,69.3550224053307,68.10872011092302,68.4987861270639,354300
2024-06-11,67.22396087646484,68.59869336892092,67.13833360697818,68.58441610867845,500600
2024-06-12,66.62459564208984,68.70810313398225,66.58653988214729,68.70810313398225,641100
2024-06-13,65.74933624267578,66.48665118209956,65.11191858238185,66.28210237565051,659100
2024-06-14,64.41741180419922,66.04425742078023,63.98929721082305,65.4448955383748,508000
2024-06-17,65.03580474853516,65.07386050787939,63.92270100669364,64.31275983778262,707600
2024-06-18,64.90261840820312,65.29267727047258,64.59817956750702,65.04532570255323,390200
2024-06-20,63.38042449951172,65.51149639429629,63.13306567204736,64.61720412004443,423300
2024-06-21,64.25568389892578,64.25568389892578,63.25674011343427,63.29479587518954,1082300
2024-06-24,64.63623809814453,65.17852003318424,63.80854156218086,64.41741926965018,477800
2024-06-25,64.38887023925781,65.41635394854235,63.8941598931544,64.6933090503354,377400
2024-06-26,63.52311706542969,64.4031392325237,63.13400909679196,63.96075465424188,431300
2024-06-27,62.58126449584961,62.723971782867125,59.774719304213065,61.44912921280989,510300
2024-06-28,62.93327713012695,63.40896326526261,62.28634369600668,62.70494981761227,690900
2024-07-01,61.715518951416016,63.07598152576448,61.47291438826533,63.07598152576448,372000
2024-07-02,61.67745971679688,61.9438427638904,61.35398940361641,61.9343270098103,348900
2024-07-03,61.82017517089844,62.30536981725158,61.23983748794778,61.63941211143671,159800
2024-07-05,61.66794967651367,61.905792741797725,61.23031930739833,61.648925424984455,277200
2024-07-08,62.44807052612305,62.9351740788752,62.07893764858407,62.31487899901041,426900
2024-07-09,60.887821197509766,62.371959516513016,60.57386662744557,62.26730799315828,478400
2024-07-10,60.10769271850586,61.38728942141084,59.83179392403917,61.192256388675055,458100
2024-07-11,62.0770378112793,62.73824121870352,60.91636253300504,61.334968635567975,506100
2024-07-12,62.11509704589844,62.79057049383999,61.95336550027746,62.79057049383999,338600
2024-07-15,62.838138580322266,63.61826351716456,62.10557789985682,62.59077976862278,373900
2024-07-16,64.99774169921875,65.2070447229402,63.466032034777065,63.466032034777065,511400
2024-07-17,66.13939666748047,66.67217007157554,64.3508194223464,64.3508194223464,522100
2024-07-18,65.38780975341797,67.19065674786223,64.7503849093071,65.96814007557144,315200
2024-07-19,65.12142944335938,65.9110701751151,64.98063110790025,65.24511248471536,397500
2024-07-22,66.43433380126953,66.49141382032097,65.00727525782284,65.50198569252385,395100
2024-07-23,65.53052520751953,67.44278567365774,65.0262990206501,66.38676177880492,561300
2024-07-24,63.06647491455078,65.39733430424872,63.009394895366455,65.37831005065232,539800
2024-07-25,63.79901885986328,64.26995072259228,62.79056662762091,63.56117580445562,518300
2024-07-26,65.83495330810547,65.98717634406854,63.86561314529486,64.90261261721017,357100
2024-07-29,66.38675689697266,66.44383691139589,65.14997728130415,66.05377804884631,486800
2024-07-30,66.23452758789062,66.99562090564848,65.01676521437061,66.63410212409298,453300
2024-07-31,66.73877716064453,68.35610738209373,64.7408965169733,66.70072139258276,695400
2024-08-01,68.53684997558594,69.7450894021429,65.78738506608205,66.65312994087304,876900
2024-08-02,65.75885009765625,66.396267739535,64.60769058879652,65.1309409518815,727300
2024-08-05,65.49246215820312,66.29161862198525,62.0960635185161,62.83813997002601,656600
2024-08-06,65.28315734863281,66.96708280375984,65.16899008145396,65.48294462240088,537800
2024-08-07,64.17005157470703,66.18696323878139,64.07967731333802,65.71127714183503,435300
2024-08-08,67.62353515625,67.63304365184621,64.988230197382,65.14996898163422,372300
2024-08-09,67.46180725097656,67.72819030983865,66.67692081855007,67.5093715066911,352700
2024-08-12,66.44383239746094,67.9279779971884,66.4248081467438,67.54742765729947,335700
2024-08-13,67.3000717163086,67.7852736018088,66.29161944225208,66.60557403042246,394100
2024-08-14,65.53052520751953,67.42376142024919,65.4544209354903,67.42376142024919,261100
2024-08-15,67.87089538574219,68.55588459286938,66.62460001401575,68.01360268029278,475500
2024-08-16,68.25143432617188,68.45122160173968,67.49509522758096,67.7852640165137,223900
2024-08-19,68.48927307128906,68.95545061016402,68.16581005253617,68.16581005253617,173900
2024-08-20,67.96603393554688,68.29901276192659,67.28104477362629,68.2133854874895,246400
2024-08-21,68.6510238647461,69.85926340779756,68.0897104725233,68.37512504597815,312500
2024-08-22,67.83284759521484,68.78421989103332,67.48083723273996,68.6510283502903,225800
2024-08-23,70.0400161743164,70.11612042545879,68.3655992565021,68.45121926093466,368400
2024-08-26,70.0495376586914,70.79636837500776,69.78791609103885,70.51571529724575,253400
2024-08-27,70.4395980834961,70.7050302867656,69.75460894277718,70.05904775438627,208300
2024-08-28,69.48822784423828,70.76306313545737,69.47871208968462,69.95439819985187,235300
2024-08-29,70.73452758789062,70.94383065089757,69.19330913919312,70.07808565019869,290600
2024-08-30,71.21021270751953,71.51465154251366,70.14468041423726,70.88674962088581,710100
2024-09-03,69.81170654296875,71.25779670629537,69.35505183968345,70.53475162463207,301600
2024-09-04,69.19331359863281,69.55958672410642,68.15631397191788,69.38358516359587,237300
2024-09-05,69.15525817871094,69.64045284930395,68.69859625877018,69.58337283120947,223200
2024-09-06,68.8032455444336,69.49775052821828,68.34658363944719,69.06011287584207,204900
2024-09-09,68.59392547607422,69.68800481911086,68.38462245725415,68.79371274174984,303200
2024-09-10,68.06703186035156,68.62267552125982,67.30061622525709,68.58435400859697,260400
2024-09-11,68.90049743652344,68.98672266281781,66.74496179721474,67.85626367961713,252000
2024-09-12,69.81063079833984,70.00223108087428,68.76638952400506,69.07295436150952,225100
2024-09-13,71.7362289428711,72.16063075252603,70.05012619832519,70.67283069458561,233700
2024-09-16,73.4415054321289,73.55646266705936,71.83682580979664,72.10985655183804,278800
2024-09-17,73.93966674804688,74.88810043344411,73.24989413718299,73.70974498078598,308000
2024-09-18,73.95882415771484,75.65451638466024,73.77680610787122,74.23664964430706,445900
2024-09-19,74.36119842529297,75.74073638146898,73.99714769747146,75.34795365454961,344500
2024-09-20,75.41500854492188,75.4437478508407,74.03546338817206,74.43782828919714,1150300
2024-09-23,74.40908813476562,75.66409384852905,74.20790568654725,75.41500768493833,369700
2024-09-24,75.6353530883789,76.11915580021332,73.93966814552402,74.43783320218493,310200
2024-09-25,75.65451049804688,75.88921969620722,74.83061630786784,75.83653584280849,376900
2024-09-26,77.8866958618164,78.3178000946683,76.58379364860367,76.59336854509813,381900
2024-09-27,78.68185424804688,79.99433884601154,77.97292442936778,78.21242843788878,566400
2024-09-30,78.34654235839844,78.72016799005566,77.39810862489026,78.34654235839844,313400
2024-10-01,78.02082061767578,78.50940348532089,77.11070108776671,78.21242088235053,351100
2024-10-02,76.78497314453125,77.93458926044043,76.67959081451346,77.60886737426253,243600
2024-10-03,74.9264144897461,76.16225574304363,74.15042403428876,75.40542238750109,541200
2024-10-04,76.6508560180664,76.98616012917891,75.19466772254715,75.84611884231494,272500
2024-10-07,76.21016693115234,76.45924579987668,75.1419739518523,76.45924579987668,362100
2024-10-08,77.08196258544922,77.32146657333928,75.97066788236178,76.34429351874374,230500
2024-10-09,76.4113540649414,77.77652240549817,76.36345034390504,77.42684863099393,210600
2024-10-10,75.52040100097656,76.15268774323113,74.73482819448948,75.8652873364179,336200
2024-10-11,78.4710922241211,78.52857084386397,75.40543671072133,75.40543671072133,306500
2024-10-14,78.53814697265625,79.13211215492143,77.89627076250974,78.13577473834734,213500
2024-10-15,78.38484954833984,79.841030294186,78.17408491072574,78.394431752526,265400
2024-10-16,79.54405212402344,79.9176777079644,79.02672270570196,79.23748735491596,260200
2024-10-17,79.63028717041016,80.16677375525188,79.19917561409244,79.81230522793486,191400
2024-10-18,80.21468353271484,80.674527123279,79.06505993814028,80.26257994764582,517000
2024-10-21,78.28905487060547,79.50573175985302,78.17409033962839,79.50573175985302,308000
2024-10-22,75.01264953613281,77.69508972941959,74.93600650827511,77.68550752366703,291800
2024-10-23,74.26538848876953,75.32878671013546,73.47024085591381,75.32878671013546,405200
2024-10-24,73.39360046386719,74.83062434872178,73.38401825809201,74.60070257368785,397100
2024-10-25,73.65225982666016,75.55871673190522,73.36485944185165,74.33245023917927,258800
2024-10-28,74.31329345703125,75.00306607807074,74.23665043045324,74.41867579130569,354400
2024-10-29,73.82470703125,74.7108747117915,73.72890689772484,73.73848910380185,427700
2024-10-30,73.34569549560547,74.43304559651305,73.10619151887313,73.42233852233933,366500
2024-10-31,82.03490447998047,85.99151509460772,79.46742140053148,80.97150617373708,1489100
2024-11-01,78.22199249267578,81.43134400028256,77.05321203286589,81.19184004734056,1159900
2024-11-04,80.71283721923828,80.96671084060198,77.17775631251051,77.99207565100802,779400
2024-11-05,81.17269134521484,81.32597009023401,78.7680693623527,79.87936401825608,809900
2024-11-06,82.83006286621094,84.8993809441462,82.03490782835163,84.13296521696675,547400
2024-11-07,85.27299499511719,85.3017343018855,82.12112189242573,83.35696324703103,471100
2024-11-08,86.2789077758789,86.93035886635512,84.39161532365749,84.39161532365749,454800
2024-11-11,86.69084930419922,88.59730604411574,86.40823639213403,88.04165511562508,413500
2024-11-12,86.69084930419922,87.6584473266977,85.9052766259844,86.69084930419922,259900
2024-11-13,86.50883483886719,88.07039805501591,86.11604482901059,86.78665300549632,354100
2024-11-14,86.95909118652344,87.4189419877696,85.86695375627939,86.50882989892641,469900
2024-11-15,86.35556030273438,87.73510566003357,85.69932169191893,87.40937642441263,275600
2024-11-18,86.85372161865234,88.1374593662806,86.22142764092668,86.94952174310384,286700
2024-11-19,87.09323120117188,87.10280609787785,85.58913918304881,85.79032895917746,223600
2024-11-20,83.88386535644531,86.51840893984202,83.28990020818217,86.19268705970815,333400
2024-11-21,84.16170501708984,84.92812074872639,83.46235742287244,84.372469708744,496500
2024-11-22,87.5434799194336,87.95542699989926,84.68380221264711,84.97599731982719,318600
2024-11-25,89.82357025146484,90.44915449925732,88.06081724535599,88.24284260003556,402600
2024-11-26,88.15662384033203,89.26792584233758,87.06448625026815,89.03800406260876,453300
2024-11-27,86.89203643798828,89.03224500138161,86.75791480098789,88.13745999194161,400300
2024-11-29,87.92669677734375,88.11830433983928,86.98784530289966,87.7255143185343,208800
2024-12-02,90.23551940917967,90.83427934302532,87.61055059666191,88.37696623561682,392500
2024-12-03,90.10140228271484,90.61872445948332,89.52658687016037,90.31215965035902,425900
2024-12-04,89.95769500732422,90.4989690238711,89.076322128257,90.05349513607825,360200
2024-12-05,88.40571594238281,89.82358284851242,87.26567455532869,89.22002808638631,252800
2024-12-06,86.12562561035156,89.53615966709404,85.60829617886576,89.01883023560825,580300
2024-12-09,84.67062377929688,86.61707160511274,84.54535242185952,86.45326313173133,490200
2024-12-10,85.21021270751953,86.61705237857421,83.35048483279306,85.79800284186753,765200
2024-12-11,86.0292739868164,86.83869303295941,85.4800282364927,86.14490737958107,765800
2024-12-12,85.98109436035156,86.93504590735327,85.73055903178388,86.28944270643315,395600
2024-12-13,85.62455749511719,87.09884814946705,85.32584712378207,86.43396908903321,274900
2024-12-16,86.67487335205078,87.58064984258681,85.46075586445237,85.59565780751886,413300
2024-12-17,84.38153076171875,86.89649990135553,83.88528276592876,86.59778951403457,679700
2024-12-18,82.57962036132812,85.5378399451758,82.06891908309196,84.66097728954128,454500
2024-12-19,83.12886047363281,84.08281934359621,82.00146255633526,83.42757820889601,423400
2024-12-20,84.16954803466797,84.17918598888211,82.14601139439394,82.31945781222342,1278200
2024-12-23,83.41795349121094,84.4586320499603,82.57962787139527,83.75520838943376,411500
2024-12-24,83.06141662597656,83.45167657075018,82.46399580743868,83.44685391795238,126300
2024-12-26,83.27340698242188,83.83229068470507,82.39172166371775,82.48326384704401,237200
2024-12-27,82.08819580078125,83.22523175946519,81.33659713093344,82.53144610988112,219300
2024-12-30,82.10746002197266,82.75306321951449,80.85479808889805,81.3847679004127,384100
2024-12-31,82.30017852783203,83.25413002574714,82.19418310010768,82.60852685804723,432900
2025-01-02,81.94364929199219,83.59620170187229,81.52449022566425,83.17704263554435,319300
2025-01-03,83.33122253417969,83.36975964446229,81.29804811716731,82.12673566872706,259600
2025-01-06,83.63956451416016,84.68987345215454,83.21558281726504,83.5431996909721,343700
2025-01-07,83.84192657470703,84.2369944568682,82.7434351050428,83.83228862101393,437400
2025-01-08,84.776611328125,85.08495968818555,81.924379808059,83.07105371809888,377600
2025-01-10,83.14814758300781,84.66098296306899,82.83016125017582,83.58175996297491,328500
2025-01-13,81.23059844970703,81.91474611806534,80.03574216685735,81.90510816453789,523700
2025-01-14,81.0571517944336,82.48808279726198,80.67171452217329,81.51967063986235,761300
2025-01-15,82.40617370605469,83.6781115967637,81.75093252892552,83.49503458441028,426400
2025-01-16,81.75092315673828,83.23003645050407,81.13904916600225,82.53143558882351,267700
2025-01-17,82.84943389892578,83.67811416000411,82.21346125828771,82.4254521385004,266500
2025-01-21,86.45325469970703,86.69415208469212,83.65884356355899,83.65884356355899,440000
2025-01-22,85.63420104980469,87.13739830918543,85.27767029014963,86.13526435239679,532400
2025-01-23,87.03141021728516,87.47466054008835,84.68024929914165,85.07532455410397,430000
2025-01-24,87.92753601074219,88.13952686286034,86.04853955170216,86.61705379001542,690600
2025-01-27,88.2551498413086,88.39005912112653,86.66523320855478,86.9157611600362,530500
2025-01-28,89.85472869873047,91.78190786653164,88.08654269446548,88.46715734539997,555700
2025-01-29,89.4981918334961,90.80867416681072,89.25729445386627,89.71018270382707,491800
2025-01-30,92.1480484008789,93.2754535460346,89.85470835695165,89.85470835695165,466100
2025-01-31,88.50569152832031,91.71444623430006,87.7540929164557,91.47354886631246,548800
2025-02-03,83.3601303100586,86.48215825432825,82.37726489600782,85.4896622383626,792400
2025-02-04,85.32585906982422,85.88473543127667,83.30231509852011,83.79374783597439,534100
2025-02-05,85.03677368164062,86.35689394797855,84.76696979692443,85.74019725388312,394500
2025-02-06,84.55497741699219,87.7974539797188,84.42007547704785,86.96395113257601,452100
2025-02-07,82.83979034423828,84.853688866894,82.21345570002896,84.07318372579263,508000
2025-02-10,81.2594985961914,83.78409820397566,80.35372217724985,83.16740155538683,522800
2025-02-11,79.42868041992188,81.25467923348121,79.39013595887417,80.80661365805952,488000
2025-02-12,77.5689468383789,79.29377274964835,75.72848755232584,78.43617877024674,764900
2025-02-13,80.47898864746094,80.58498407643025,77.9206598016013,78.53254116854157,641800
2025-02-14,80.68135833740234,81.08606419445667,79.35160001907379,80.65244447480843,423800
2025-02-18,82.61815643310547,82.78197222493803,80.42117368866296,80.42117368866296,746100
2025-02-19,86.01962280273438,86.65559533771801,79.01433107505412,79.60212119922855,1667700
2025-02-20,86.27015686035156,88.50568394978939,85.46074530199128,87.33010371841539,1340100
2025-02-21,84.72842407226562,87.79263894172706,84.65133514875109,86.92540693119942,806300
2025-02-24,83.03250122070312,85.21021543821342,83.02287061934895,84.90186710798574,916800
2025-02-25,71.864501953125,79.00469585620357,69.74460078143282,78.79270500387395,1966900
2025-02-26,65.99624633789062,71.10327390257406,65.63972290878654,70.35167522850021,1757200
2025-02-27,64.82067108154297,66.511775584772,63.8570814529381,66.07334053937147,1187900
2025-02-28,62.6718635559082,65.42773018411694,61.84317597670672,64.86884649551972,985100
2025-03-03,60.841041564941406,63.50440293329178,60.46620530133511,63.0573003964933,1321900
2025-03-04,60.24361801147461,61.40474148669056,59.25112196928144,59.90635946962672,793600
2025-03-05,59.37638473510742,60.29661448399328,58.4465207084489,59.954540648128535,625800
2025-03-06,58.94276809692383,60.137620697242696,58.41761358250535,58.43206683691287,667600
2025-03-07,58.268253326416016,58.85604345996514,56.996315587766254,58.54769146423613,686400
2025-03-10,57.70452880859375,59.61926679475156,56.7520205917372,58.30713899884484,725600
2025-03-11,58.39460754394531,59.055528432470126,56.698556487949936,58.02526645601946,1183600
2025-03-12,59.36655807495117,59.76505642174947,57.70452494825451,58.95833817635853,971400
2025-03-13,57.840599060058594,60.25103232979188,57.24285337253747,59.366560177154746,855200
2025-03-14,60.61064910888672,61.24241278445458,57.957232773056205,58.31685232423703,1056800
2025-03-17,61.53400039672852,61.59231487649834,60.01776089205708,60.29962656989672,813100
2025-03-18,60.22187042236328,61.96165745889688,60.056641115495374,61.6117557411934,803900
2025-03-19,61.71866989135742,61.9130601443634,59.99832226993588,60.40654217201701,800900
2025-03-20,61.15493774414063,62.18520347647992,60.38224122565038,60.71756431509328,1253400
2025-03-21,61.91305923461914,62.097727933034186,59.42487218961228,60.076078971460696,2416000
2025-03-24,63.09882736206055,63.78890916923767,62.05884387584001,62.57397484349542,594400
2025-03-25,62.27267837524414,63.17658988092453,61.98109485579238,62.81696662283793,541800
2025-03-26,62.60314178466797,62.92387882270671,61.72838384739753,62.73921384089553,435000
2025-03-27,63.5556526184082,63.90555434569804,61.79642984508055,62.68089830018364,651700
2025-03-28,62.00053405761719,63.31751881302518,61.79642596540761,62.91416711211155,563100
2025-03-31,62.33099365234375,62.33099365234375,60.81475784871292,61.35904981095912,702200
2025-04-01,62.89472961425781,63.05510186143788,61.62148060469536,62.52539218811004,692500
2025-04-02,64.90665435791016,65.04078359058201,62.14632324605063,62.14632324605063,456400
2025-04-03,56.26604461669922,61.97137585324548,55.7314741911011,61.03830706954486,1074200
2025-04-04,56.27576446533203,57.67536759851772,52.48516754821968,53.45711509540894,1287900
2025-04-07,54.5068244934082,57.29145235781029,51.843686374230565,54.545699580498216,1379900
2025-04-08,50.75510025024414,57.00958011546128,50.29828373326048,57.00472304743608,1235500
2025-04-09,57.81143951416016,59.20132479970386,48.59834864891239,50.41491810572169,1213700
2025-04-10,55.5856819152832,56.06193787071681,53.165534467323866,55.03167207983777,827000
2025-04-11,55.73147201538086,56.20286716486327,53.641783324176025,55.12886557956029,449700
2025-04-14,54.46794128417969,56.98528557276777,53.79729510554905,56.625662311765446,625800
2025-04-15,53.865333557128906,55.0219535599795,53.73898304019957,54.85672054199264,506400
2025-04-16,52.14498901367188,54.2541134770656,51.659015224943104,53.45711676016526,456800
2025-04-17,53.45711135864258,53.933367254855696,52.33937027443317,52.44628509038012,505700
2025-04-21,55.72175598144531,55.96474287400486,53.08777524825862,53.223847314862255,807000
2025-04-22,56.83949279785156,57.6267716553039,55.69259438176898,56.12025368059104,555000
2025-04-23,58.6959114074707,60.78560010368464,58.26825582419964,59.395714823446646,831100
2025-04-24,60.698123931884766,60.83419599272471,58.122461496778165,58.88058309067804,545500
2025-04-25,59.7456169128418,59.84281018448753,58.47722506713098,59.82337078862125,530100
2025-04-28,59.24020385742188,60.06635779105807,58.336292340170885,59.19160722150545,552500
2025-04-29,59.07497024536133,59.44820071062004,58.34600959097065,58.58899647576754,442200
2025-04-30,58.462650299072266,58.47236814380286,56.40211869371273,57.50042053256432,688100
2025-05-01,58.618160247802734,59.308242144034345,57.71424869618666,58.5112454201105,456700
2025-05-02,61.62147521972656,61.69922909455232,59.385992922437694,59.90112763736148,801900
2025-05-05,61.67007446289063,62.77809039904911,61.00914981433691,61.00914981433691,959200
2025-05-06,62.80725860595703,63.33696828534159,59.46375638126927,60.28019253989233,1087900
2025-05-07,65.54814910888672,65.820293252885,63.51191768203797,64.09022769572017,1102200
2025-05-08,67.23932647705078,68.11408068580276,65.38776772749202,66.69503826510321,926500
2025-05-09,66.6172866821289,67.58923424256491,66.14103445381924,67.15185339114586,557700
2025-05-12,70.62171173095703,72.56560680862229,69.81499349403686,70.77721948117721,1175000
2025-05-13,71.59365844726562,72.21570427174225,70.3009664557806,71.21459208933437,793100
2025-05-14,70.84525299072266,72.21570253107716,70.57505170319025,71.55477793158006,650300
2025-05-15,71.53533935546875,71.96299865731369,70.31068334633099,70.31068334633099,634500
2025-05-16,70.68975067138672,72.01159255645963,70.46619946549133,71.29235342442624,920600
2025-05-19,71.33123016357422,71.690853426922,69.25612006620776,69.3970566136888,760100
2025-05-20,71.02020263671875,72.16710096893415,70.1454484146272,71.53533361879187,879800
2025-05-21,69.22210693359375,70.49535587391198,68.97912004175461,68.97912004175461,528300
2025-05-22,69.02771759033203,69.46023399013545,68.57090843201615,68.68753740206618,468200
2025-05-23,67.6669921875,68.36678820582924,65.8202903297613,66.6367227254978,514100
2025-05-27,68.59033966064453,69.08603499723198,67.4774629566932,68.85276224156055,687900
2025-05-28,67.57951354980469,69.00827766826914,67.30736941588222,68.95967732348092,457100
2025-05-29,67.29764556884766,68.12379949447327,66.49093474662287,68.12379949447327,511400
2025-05-30,66.67560577392578,67.25877286744324,65.92720936339657,66.71448456887653,505400
2025-06-02,67.61839294433594,67.71558621940586,66.45205881275362,66.98662553332403,542800
2025-06-03,66.51036834716797,68.52229939447605,66.0632733828074,68.39594888782122,649300
2025-06-04,65.74253845214844,66.71934317085525,65.3051649758014,66.29654831602832,477500
2025-06-05,66.19934844970703,66.88943032271813,65.21767934455205,65.30515848034375,494500
2025-06-06,67.31709289550781,67.36568582631598,66.37430253644327,67.14214203078066,408200
2025-06-09,66.3548583984375,68.21128184609613,66.22850788185795,68.02660943193469,509600
2025-06-10,66.91312408447266,69.20494165649427,66.7074493939031,67.9512937051437,722900
2025-06-11,64.54296112060547,67.62809649704108,64.31769408903577,67.62809649704108,887800
2025-06-12,63.2109603881836,64.51357414502324,63.13260599552719,64.03365909421738,649200
2025-06-13,60.84079360961914,62.28052384806868,60.19438480103545,61.77123149340528,686100
2025-06-16,63.06404876708984,63.12281082636812,62.00629060250638,62.1336108883714,751400
2025-06-17,62.466609954833984,63.38725540776203,62.1140226525333,62.28052387246114,529200
2025-06-18,63.01507568359375,63.43622121229909,61.90247093278375,62.31970098346276,642200
2025-06-20,62.22175979614258,63.534169784814985,61.95731931210948,63.09343190861655,927200
2025-06-23,63.26972961425781,63.32849915155111,61.23256374426408,61.54597387810927,502800
2025-06-24,63.57334899902344,63.9455211858556,62.93673258362922,63.82798958735171,342400
2025-06-25,62.17279052734375,63.76433152460048,62.15320192810054,63.56355118446509,711900
2025-06-26,63.76921844482422,63.79859947219525,62.12381366147527,62.85836923489381,563500
2025-06-27,64.43522644042969,64.90533790059109,63.56355428043879,64.80739863574804,985900
2025-06-30,64.61151885986328,64.9543100163458,63.9846986102133,64.36666696633479,452700
2025-07-01,68.94049835205078,69.9199059234364,64.82208772102543,64.97389469902431,1232400
2025-07-02,70.1451644897461,70.60547971604007,68.23531547259266,68.92090517321923,775600
2025-07-03,70.53692626953125,71.34983630409894,70.05701867719638,70.83075151430808,368100
2025-07-07,69.4301986694336,70.71812195260064,68.9111138780954,70.06681505349012,587700
2025-07-08,69.46937561035156,69.80727239991786,67.9855738170889,69.60649206520652,670400
2025-07-09,67.823974609375,69.95908342304536,66.51157204478656,69.65546946574527,801600
2025-07-10,69.05802917480469,69.92479948569671,67.40282800662666,68.18635704384727,677600
2025-07-11,66.20794677734375,70.28717998987686,66.01696261006656,70.01784142774584,675100
2025-07-14,65.15017700195312,66.90331714575107,64.80934364498265,66.59970324268781,697000
2025-07-15,63.62230682373047,66.00716156466775,63.55668520969704,65.5713255498957,607600
2025-07-16,62.8681755065918,65.05715206500807,62.321663651104,63.93572619152287,603800
2025-07-17,63.56354522705078,64.08262998184367,62.6331073989907,62.6331073989907,593100
2025-07-18,62.70166778564453,63.955315720816,62.61352469323227,63.661490468201976,543100
2025-07-21,61.7320556640625,63.534169411966495,61.68308603459781,63.534169411966495,496600
2025-07-22,62.731056213378906,62.828995473370405,61.53617781353755,61.53617781353755,529300
2025-07-23,63.24034118652344,63.65169053803886,62.54496276687991,63.63210567608932,624100
2025-07-24,61.79082107543945,64.03170373548078,61.64390845181908,62.92693365818825,1015200
2025-07-25,61.12482452392578,62.89755351929471,60.56656252408592,62.89755351929471,516000
2025-07-28,60.7232666015625,62.25114368687144,60.56656154687517,61.31090962260421,718500
2025-07-29,59.57736206054688,60.77223671092758,59.36189120759515,60.723267081477616,584000
2025-07-30,56.208194732666016,59.76834301807883,55.914373235616274,59.15621334249893,799900
2025-07-31,54.51382446289063,55.82623073846879,53.1015174508406,55.19941049988997,1221000
2025-08-01,53.7009162902832,54.44526436401051,52.44727212001266,54.44526436401051,1393100
2025-08-04,55.6009635925293,55.97313948442694,54.03390936862208,54.34732320231798,799500
2025-08-05,55.95355224609375,56.82522433460485,55.53240671674564,55.77725859491812,1143900
2025-08-06,55.55199813842773,56.65872599398693,55.532409538841286,56.37470064034181,739800
2025-08-07,62.67228698730469,64.47439692002685,58.50980515093248,60.23356069103308,1859700
2025-08-08,66.20794677734375,66.20794677734375,63.02487234119947,63.15220010090852,1558200
2025-08-11,65.87494659423828,67.20203949272297,65.1599758742818,66.59970600856202,1184300
2025-08-12,68.89151763916016,69.626073239379,66.55563621051016,66.93270270524326,1041600
2025-08-13,69.25389862060547,69.62607075474563,68.37733225676409,69.04822395655809,843500
2025-08-14,68.52914428710938,69.17554935450636,67.51055958573008,67.88273174742613,740400
2025-08-15,69.43999481201172,69.7338125852727,68.61239426026349,68.93069871603447,665500
2025-08-18,70.10599517822266,70.89931291340758,69.2685984237489,69.51835213466764,686400
2025-08-19,71.36943054199219,72.01094128883116,70.34104963013853,70.51734328724811,716200
2025-08-20,70.47816467285156,71.88851390139452,70.44878364263799,71.13436592190946,727000
2025-08-21,70.50753784179688,70.85032894321297,69.29307473722886,69.88071769284012,582000
2025-08-22,75.8159408569336,75.99124817027555,70.79157542105558,70.79157542105558,708200
2025-08-25,74.7581787109375,75.53191155789217,74.44476859958884,75.26746733977166,684600
2025-08-26,75.04220581054688,75.89428555862634,74.3468273778611,74.65044131363321,471400
2025-08-27,76.35460662841797,76.42316485347158,74.89529156811335,74.90508773520276,594500
2025-08-28,75.14994049072266,76.62884043032216,75.05199376324829,76.61905173540367,527600
2025-08-29,75.65923309326172,75.90408498029493,74.62106348337262,75.09117492199589,909900
2025-09-02,77.69639587402344,77.85309718259721,74.50352545072325,74.86590890224687,593300
2025-09-03,77.93145751953125,78.9010688901569,77.28505242987632,77.45154991802978,502400
2025-09-04,78.7443618774414,78.79332776744232,76.74636974716898,77.55927973850116,357600
2025-09-05,78.58765411376953,80.39955645756154,77.83351364187168,79.61603495682542,516800
2025-09-08,78.17630767822266,78.2350697380886,75.84237639785269,78.20568870815563,524500
2025-09-09,77.41722106933594,78.40798493534747,76.48068567011919,78.09744610913069,412000
2025-09-10,76.14549255371094,77.41721391342426,76.00255054037221,77.03274088854403,400700
2025-09-11,82.89842987060547,82.9280110844823,77.45665231644205,77.87069905529779,984800
2025-09-12,79.78321838378906,82.07527001561621,79.41845859357727,81.6070022922767,688900
2025-09-15,80.84790802001953,80.98592359717259,79.54661292023003,80.00995415265169,624700
2025-09-16,78.93539428710938,80.69510414610224,77.27919986976275,80.40427862970793,792500
2025-09-17,79.67476654052734,82.30693038088401,79.38394854585583,79.83250292350596,548200
2025-09-18,80.84790802001953,81.01549728923612,79.06355087890947,80.11838851645636,460500
2025-09-19,79.28043365478516,80.97606217715388,79.03891015843882,80.71974431367646,2223000
2025-09-22,78.08757781982422,79.94093514243666,78.02843043843501,79.14241540854417,672100
2025-09-23,78.90582275390625,79.58604776288425,78.13687666790587,78.13687666790587,444500
2025-09-24,80.24655151367188,80.52750911062195,79.1670666215647,79.31986904532693,590100
2025-09-25,78.32418060302734,80.38456895397124,77.47636630836135,79.84235951391098,611100
2025-09-26,79.37902069091797,79.64027253548895,77.10175601575392,77.83126803995064,501400
2025-09-29,77.57495880126953,80.03953360094097,77.33835420517559,80.03953360094097,613400
2025-09-30,78.6396484375,78.75795073410121,77.27920587237,77.97914420436854,586100
2025-10-01,80.8971939086914,80.93662800467258,77.8509833266719,77.8509833266719,815800
2025-10-02,81.40982818603516,81.64642523642594,79.56632371847522,80.75917689585472,426100
2025-10-03,81.18309020996094,83.1251763031906,81.11408241828053,81.6661447517238,435100
2025-10-06,80.79862213134766,81.99147547319335,79.91137366844592,80.70004064019983,409500
2025-10-07,78.71851348876953,80.93663069270578,78.53121092824428,80.70003363024571,442400
2025-10-08,79.27058410644531,80.44371654688393,78.2354597259497,79.27058410644531,417700
2025-10-09,76.1060562133789,79.20649509178587,75.80045138756313,78.78751442563865,533400
2025-10-10,73.27674102783203,76.01734704949256,72.76903921194167,75.64273438106716,472100
2025-10-13,77.43694305419922,77.64396643438964,74.73576366401471,74.73576366401471,380000
2025-10-14,80.68031311035156,81.29153033862454,75.87932644756675,76.46096246180174,554900
2025-10-15,83.3420639038086,84.41661492656252,82.02104787514276,82.07034238058225,523700
2025-10-16,85.04753875732422,85.08697285429903,82.68647955075448,82.9575842666533,531500
2025-10-17,83.57865142822266,85.17569845368695,82.89842644160709,85.17569845368695,678600
2025-10-20,83.3420639038086,84.26874645281512,83.04631191374273,83.48993989884153,298600
2025-10-21,84.95881652832031,85.67847562610584,82.44494740957145,83.29276167982405,484300
2025-10-22,83.0956039428711,84.31803092422872,82.52382079046895,84.10114714081512,502600
2025-10-23,84.72222137451172,84.77150835520574,82.91815090858307,83.687097003232,397900
2025-10-24,83.70681762695312,85.76719843900672,83.11531368965612,85.0376864433014,377400
2025-10-27,84.80107879638672,85.76719534062339,84.18986911447806,84.55462133851137,322100
2025-10-28,82.11963653564453,84.49055632422863,81.6562952631182,83.83497851536535,402400
2025-10-29,79.9015121459961,83.08573834140623,79.36916312580786,81.83373774448405,500200
2025-10-30,80.0000991821289,80.79369256530548,79.20157183575003,80.03953328132043,413400
2025-10-31,79.77335357666016,80.21698154372932,77.15104995787794,78.9255392622989,614100
2025-11-03,72.4092025756836,77.85591423450417,69.58972848220671,77.20033645361787,1560200
2025-11-04,73.14857482910156,73.49362130762789,70.86144978516498,71.95572156476204,842600
2025-11-05,75.77088165283203,76.52011443272954,72.17260125400546,72.17260125400546,921400
2025-11-06,71.31493377685547,74.75055169669416,71.25578638765874,73.98653951528489,776500
2025-11-07,71.1572036743164,72.25147548334185,70.57556011250897,71.45295565778261,666900
2025-11-10,70.9107437133789,72.90211676566096,70.62485214504362,72.19232556849778,526100
2025-11-11,70.31924438476562,71.75855505050389,70.01363201949015,71.75855505050389,393400
2025-11-12,71.79798889160156,72.60636905774076,70.9797483211247,71.23606618491073,448400
2025-11-13,72.93170166015625,73.11900423271443,71.52196455690377,71.52196455690377,608100
2025-11-14,70.89102935791016,72.43878194850471,70.61499067722511,71.86699882044175,426600
2025-11-17,68.9883804321289,70.85652480278104,68.38702358514335,70.8220171457036,424400
2025-11-18,68.66304779052734,69.14610229160675,67.90395462468942,68.28842764899736,478000
2025-11-19,68.26871490478516,69.98405668235364,68.01239704611436,68.2982885959232,420000
2025-11-20,67.83495330810547,70.13193879023407,67.59835623703323,68.50531794388121,788400
2025-11-21,69.35313415527344,71.44802275906167,68.1602808410824,68.1602808410824,955500
2025-11-24,69.5995864868164,70.10236182047375,68.46095420396577,69.43199721602561,746600
2025-11-25,72.64580535888672,73.16336002241022,70.03335470517932,70.04321510981629,570900
2025-11-26,73.18800354003906,74.13439926221766,72.31554956693849,72.36977050774853,588300
2025-11-28,73.29644775390625,74.2527039106463,72.5176412708013,74.14426202557569,298800
2025-12-01,74.09497833251953,74.70126161046356,70.8318762737824,72.74438867209535,363500
2025-12-02,74.04568481445312,74.7061890461246,73.19491462877912,74.27242148083096,459000
2025-12-03,77.14118957519531,77.17076326875141,73.83767563035896,74.34143627303453,785800
2025-12-04,74.44986724853516,76.70840380458,74.28227797849995,76.49053474502028,598600
2025-12-05,75.1202392578125,75.30754935531422,73.93724632512476,74.62732428231168,470700
2025-12-08,73.63113403320312,75.44784042972306,72.92133232782143,75.44784042972306,482200
2025-12-09,66.66213989257812,72.74264022860098,65.80838740274588,71.95341792110554,1364900
2025-12-10,67.65487670898438,68.52848058794585,65.41129398755696,66.70185222994498,1202700
2025-12-11,67.68465423583984,69.22339609786884,66.78126199548304,68.04203934477607,733100
2025-12-12,66.05657196044922,68.04700243127299,65.83816910101416,67.05923619059874,717300
2025-12-15,65.5304183959961,67.33719521197435,65.30208608688275,66.5330749702835,832300
2025-12-16,65.28223419189453,67.00959040153516,64.83549904483894,65.97714543313947,1136000
2025-12-17,63.515167236328125,65.97714889931912,63.10814615065184,65.01419500445812,1049300
2025-12-18,63.37618637084961,64.78587168017303,62.8301830176469,64.40862762914868,1559600
2025-12-19,63.64422225952149,63.64422225952149,62.22461133474643,62.929452063276045,1587500
2025-12-22,62.85003662109375,64.07606082185379,62.62766122582266,63.75342506674888,365100
2025-12-23,61.80766296386719,62.9393837433642,61.263647782559616,62.75076171995679,389700
2025-12-24,61.98635482788086,62.5323619558838,61.67364475301026,61.897008551206056,216200
2025-12-26,62.443016052246094,62.71105109688932,61.64882523839999,62.03599496429207,487500
2025-12-29,61.71831512451172,62.16504650156428,60.73550988197848,62.045919396677725,561000
2025-12-30,61.15245819091797,61.84737326315209,60.95391427340749,61.66868070780667,426600
2025-12-31,60.64616394042969,61.15742171315565,60.30863398557434,61.1028210008274,616200
2026-01-02,61.053184509277344,61.77788039129104,60.378124605240565,60.98369338271318,533300
2026-01-05,60.54689407348633,62.05088661393621,60.20936410698074,60.57667490415423,978500
2026-01-06,61.48006057739258,61.78780969922512,59.296043469216926,60.29870764187567,718600
2026-01-07,58.52171325683594,61.93671937440556,58.38273100015904,61.19216832479437,994500
2026-01-08,61.27158737182617,61.549551878151206,58.0749804011588,58.15440099552731,1111200
2026-01-09,61.38079071044922,62.8351434671149,60.19943394774904,62.045921167614445,1338600
2026-01-12,58.710330963134766,61.10778623013129,58.32812976072112,60.95391355976744,784300
2026-01-13,59.05779266357422,59.856940663040376,58.41251355341648,58.83938980407789,626400
2026-01-14,58.45222091674805,59.46481077766556,57.67788526605677,58.98829478324829,563100
2026-01-15,59.14713668823242,59.643504050354615,57.57861400617471,58.62098470923483,474800
2026-01-16,58.98829650878906,59.10742740436943,57.88139939297801,58.64084086413593,470900
2026-01-20,57.43963241577149,58.84435297571786,57.03757605963161,57.71759692994399,490400
2026-01-21,59.66335678100586,59.85197880660815,57.90621961132812,58.30331123794592,615700
2026-01-22,59.55415725708008,60.82485648125561,59.37546470530759,59.88175774400803,660900
2026-01-23,57.40985107421875,59.77255699760681,56.49653315624242,59.30597425111317,1526900
2026-01-26,58.06505584716797,58.62098487060643,56.982974843283536,57.82679784642117,622400
2026-01-27,58.45222091674805,58.918803656350434,57.161666548239104,57.687814733889255,604600
2026-01-28,57.06239318847656,58.30331163060675,55.7817644473224,58.30331163060675,561700
2026-01-29,58.96844482421875,59.00815133554602,56.3674770896672,56.466752835441575,813100
2026-01-30,59.296043395996094,60.46747064928973,58.62098349453935,59.564082220425895,687000
2026-02-02,60.84471130371094,61.16238610805121,58.96844330714421,59.21662698472145,647300
2026-02-03,61.91686248779297,62.98405305301787,60.64616327728277,60.64616327728277,753700
2026-02-04,65.05390930175781,65.31202246677658,62.37352840967908,62.37352840967908,1231900
2026-02-05,65.12339782714844,65.4708534734786,63.669045059664704,65.06383616605328,1021100
2026-02-06,66.54300689697266,67.30741687080801,65.48078105228954,65.49071052017392,657100
2026-02-09,65.96721649169922,66.9996614683272,65.17303329165314,66.51322359557709,451000
2026-02-10,66.61249542236328,68.49869282658386,66.60256595486675,67.07908193316129,583600
2026-02-11,66.900390625,67.20813595740171,66.16576906992915,66.58271582491817,463500
2026-02-12,66.75148010253906,68.75680846785828,66.41395393500967,67.4364694794208,790700
2026-02-13,66.96988677978516,68.28526489646605,66.51322969374868,67.1783601729345,726100
2026-02-17,66.51322937011719,67.5456744363799,64.95959703653439,66.49337800732751,508600
2026-02-18,67.35704803466797,68.69723836794832,65.67933153811668,66.04663853062158,1103600
2026-02-19,67.15850830078125,68.06189299757803,66.24519413563401,67.1684377691317,744900
2026-02-20,69.20353698730469,70.95075222947918,66.67702892202973,67.48611014910387,1199400
2026-02-23,65.85801696777344,69.24820690830717,65.37157908101288,68.56818605622605,778300
2026-02-24,66.94010162353516,67.32230660659768,65.55027151836987,65.55027151836987,710300
2026-02-25,66.17569732666016,67.16843200549539,65.0439728247406,66.7117673881424,700700
2026-02-26,66.19554901123047,68.48876370687957,64.7461572819227,67.49602902319222,912300
2026-02-27,64.7362289428711,65.43114777794494,63.42581944051906,64.9149214920084,845600
2026-03-02,64.34906768798828,64.39870745622831,61.77788447423573,62.68127296625784,1275300
2026-03-03,77.61199951171875,79.72652170597478,70.3005105327548,71.35776784290046,2907200
2026-03-04,77.48294830322266,79.69674249819194,76.09311817365592,78.6245871776149,1405400
2026-03-05,78.21756744384766,79.12095207686497,76.97664907643156,78.18778661486401,1086500
2026-03-06,75.71587371826172,78.54517372780461,74.6437259774923,77.33403615826755,1298800
2026-03-09,72.41999816894531,74.36576497590065,69.11419715351926,73.50208300262858,981600
2026-03-10,68.05999755859375,71.7750015258789,68.03500366210938,71.37000274658203,1254100
2026-03-11,66.37000274658203,68.11499786376953,65.24500274658203,67.95999908447266,823000
2026-03-12,66.37000274658203,67.27999877929688,65.12999725341797,65.26000213623047,595800
2026-03-13,67.48999786376953,68.26000213623047,65.54000091552734,66.44999694824219,759900
2026-03-16,67.27999877929688,68.94000244140625,67.06999969482422,67.75,726700
2026-03-17,69.25,70.08999633789062,67.16500091552734,67.51000213623047,972200
2026-03-18,69.06999969482422,70.27999877929688,68.0199966430664,68.66999816894531,918200
2026-03-19,69.0,69.62000274658203,67.75,68.2699966430664,962900
2026-03-20,66.98999786376953,69.94999694824219,66.83999633789062,68.94999694824219,1896000
2026-03-23,69.86000061035156,70.70999908447266,67.33000183105469,67.62999725341797,1167500
2026-03-24,71.16999816894531,72.31999969482422,69.86000061035156,69.86000061035156,816300
2026-03-25,69.51000213623047,72.88999938964844,69.2750015258789,72.12000274658203,616000
2026-03-26,67.31999969482422,69.91999816894531,67.04000091552734,68.7699966430664,359400
2026-03-27,66.43000030517578,67.56500244140625,66.04000091552734,67.01000213623047,612300
2026-03-30,66.22000122070312,67.87000274658203,65.69100189208984,67.54000091552734,599800
2026-03-31,70.29000091552734,70.43000030517578,66.71499633789062,67.04000091552734,833900
2026-04-01,70.9000015258789,71.55000305175781,68.94000244140625,70.33999633789062,484800
2026-04-02,69.01000213623047,70.40499877929688,67.94000244140625,69.51000213623047,605000
2026-04-06,69.66000366210938,69.98500061035156,67.91000366210938,69.01000213623047,554400
2026-04-07,67.51000213623047,68.88500213623047,67.03500366210938,68.20999908447266,414000
2026-04-08,71.98999786376953,75.19000244140625,69.93499755859375,69.93499755859375,865700
2026-04-09,72.81999969482422,74.12000274658203,71.51000213623047,71.51000213623047,662700
2026-04-10,71.91999816894531,73.30999755859375,71.28299713134766,73.05999755859375,459900
2026-04-13,73.12000274658203,73.2699966430664,71.3499984741211,71.91999816894531,634900
2026-04-14,73.02999877929688,74.3550033569336,73.0,73.27999877929688,386200
2026-04-15,71.97000122070312,73.66500091552734,71.56999969482422,72.7300033569336,391600
2026-04-16,72.31999969482422,73.7699966430664,71.80000305175781,72.18000030517578,316200
2026-04-17,77.29000091552734,77.70999908447266,73.7750015258789,74.38999938964844,709400
2026-04-20,78.2300033569336,78.55999755859375,76.95999908447266,76.95999908447266,663000
2026-04-21,78.87000274658203,80.0,78.17500305175781,78.5999984741211,530000
2026-04-22,76.06999969482422,79.01000213623047,74.94000244140625,78.95999908447266,648700
2026-04-23,75.77999877929688,76.72000122070312,74.68000030517578,76.19999694824219,519900
2026-04-24,72.70999908447266,76.30000305175781,72.6500015258789,75.48999786376953,457600
2026-04-27,69.51000213623047,73.3499984741211,68.20999908447266,72.56999969482422,970000
2026-04-28,72.05000305175781,72.19999694824219,69.63999938964844,70.18000030517578,542700
2026-04-29,72.0,72.86000061035156,70.88999938964844,71.66999816894531,554400
2026-04-30,73.36000061035156,74.56999969482422,71.4000015258789,71.58999633789062,706000
2026-05-01,72.19999694824219,74.73999786376953,71.86000061035156,73.77999877929688,479300
2026-05-04,69.30999755859375,72.23500061035156,69.25499725341797,71.61000061035156,648100
2026-05-05,71.66000366210938,72.2699966430664,68.5530014038086,69.7300033569336,983900
2026-05-06,74.94000244140625,75.08499908447266,72.04000091552734,72.7699966430664,880400
2026-05-07,78.06999969482422,84.98999786376953,76.47000122070312,78.08000183105469,2115000
2026-05-08,73.6500015258789,78.875,72.51000213623047,78.0,1224500
2026-05-11,68.52999877929688,73.0,67.2699966430664,73.0,1243000
2026-05-12,67.70999908447266,69.51000213623047,67.0,68.91999816894531,948400
2026-05-13,65.2300033569336,66.4800033569336,64.25,66.20999908447266,1021200
2026-05-14,63.68000030517578,66.8949966430664,63.59000015258789,66.0,797700
2026-05-15,61.7599983215332,64.3550033569336,61.68999862670898,63.54999923706055,704600
2026-05-18,64.25,64.80999755859375,62.0,62.86000061035156,649100
2026-05-19,64.02999877929688,65.11000061035156,62.70000076293945,65.11000061035156,666700
2026-05-20,65.08999633789062,65.23999786376953,61.935001373291016,63.93999862670898,639500
2026-05-21,69.37999725341797,70.51000213623047,66.19999694824219,68.1500015258789,1224100
2026-05-22,69.91000366210938,70.80000305175781,68.9000015258789,69.79000091552734,552200
2026-05-26,71.38999938964844,71.81500244140625,69.62000274658203,70.1500015258789,733300
2026-05-27,73.16000366210938,74.55999755859375,72.37000274658203,72.86000061035156,816700
