Price,Close,High,Low,Open,Volume
Ticker,MDG.VN,MDG.VN,MDG.VN,MDG.VN,MDG.VN
Date,,,,,
2017-01-03,7095.23974609375,7095.23974609375,7095.23974609375,7095.23974609375,0
2017-01-04,6620.11181640625,7538.6919249028115,6620.111816406251,6968.5387541118425,1270
2017-01-05,7031.88818359375,7031.88818359375,7031.88818359375,7031.88818359375,10
2017-01-06,7031.88818359375,7031.88818359375,7031.88818359375,7031.88818359375,0
2017-01-09,7031.88818359375,7031.88818359375,7031.88818359375,7031.88818359375,0
2017-01-10,7475.33984375,7475.33984375,6556.759947695974,6556.759947695974,20
2017-01-11,7855.443359375,7855.443359375001,7855.443359375001,7855.443359375001,8000
2017-01-12,7316.96533203125,7316.96533203125,7316.96533203125,7316.96533203125,12010
2017-01-13,7316.96533203125,7316.96533203125,7316.96533203125,7316.96533203125,0
2017-01-16,7792.09228515625,7792.092285156251,7285.289534902186,7285.289534902186,48310
2017-01-17,7253.615234375,7253.615234375,7253.615234375,7253.615234375,10
2017-01-18,7728.74169921875,7728.74169921875,7728.74169921875,7728.74169921875,20
2017-01-19,8235.544921875,8235.544921875,8235.544921875,8235.544921875,100
2017-01-20,8235.544921875,8235.544921875,8235.544921875,8235.544921875,0
2017-01-23,7665.3916015625,7665.3916015625,7665.3916015625,7665.3916015625,110
2017-01-24,7665.3916015625,7665.3916015625,7665.3916015625,7665.3916015625,0
2017-01-25,8045.49462890625,8045.494628906249,7221.940060593011,7221.940060593011,260
2017-01-26,8045.49462890625,8045.494628906249,8045.494628906249,8045.494628906249,0
2017-02-03,8045.49462890625,8045.494628906249,8045.494628906249,8045.494628906249,0
2017-02-06,8045.49462890625,8045.494628906249,8045.494628906249,8045.494628906249,0
2017-02-07,8013.81884765625,8172.194714210721,8013.818847656249,8108.844367588932,9940
2017-02-08,7982.142578125,7982.142578125,7982.142578125,7982.142578125,30
2017-02-09,7982.142578125,7982.142578125,7982.142578125,7982.142578125,0
2017-02-10,7982.142578125,7982.142578125,7982.142578125,7982.142578125,0
2017-02-13,7982.142578125,7982.142578125,7982.142578125,7982.142578125,0
2017-02-14,7982.142578125,7982.142578125,7982.142578125,7982.142578125,0
2017-02-15,7982.142578125,7982.142578125,7982.142578125,7982.142578125,0
2017-02-16,7982.142578125,7982.142578125,7982.142578125,7982.142578125,0
2017-02-17,7982.142578125,7982.142578125,7443.664705791171,7475.339874751984,730
2017-02-20,7443.66650390625,7443.66650390625,7443.66650390625,7443.66650390625,20
2017-02-21,7443.66650390625,7443.66650390625,7443.66650390625,7443.66650390625,0
2017-02-22,6936.86328125,7792.093000856164,6936.86328125,7792.093000856164,120
2017-02-23,6461.73486328125,7221.93896484375,6461.73486328125,7221.93896484375,25600
2017-02-24,6841.8369140625,6841.8369140625,6841.8369140625,6841.8369140625,2000
2017-02-27,6841.8369140625,6841.8369140625,6841.8369140625,6841.8369140625,0
2017-02-28,6366.7099609375,6461.735482742537,6366.709960937499,6461.735482742537,40170
2017-03-01,6366.7099609375,6366.709960937499,5954.932699782338,5954.932699782338,1120
2017-03-02,6588.435546875,6588.435546875,5923.2569580078125,6018.282470703125,2110
2017-03-03,6588.435546875,6588.435546875,6588.435546875,6588.435546875,0
2017-03-06,6556.7607421875,6651.786260190218,6176.658670176631,6651.786260190218,20780
2017-03-07,6556.7607421875,6556.7607421875,6556.7607421875,6556.7607421875,0
2017-03-08,6556.7607421875,6556.7607421875,6556.7607421875,6556.7607421875,160
2017-03-09,6556.7607421875,6556.7607421875,6556.7607421875,6556.7607421875,0
2017-03-10,6588.435546875,6588.435546875,6106.97294921875,6106.97294921875,30
2017-03-13,6335.03466796875,6366.709841308593,6335.03466796875,6335.03466796875,6900
2017-03-14,6335.03466796875,6335.03466796875,6335.03466796875,6335.03466796875,0
2017-03-15,6461.73486328125,6461.73486328125,6461.73486328125,6461.73486328125,100
2017-03-16,6335.03466796875,6461.735361328125,6335.03466796875,6430.060187988281,50030
2017-03-17,6335.03466796875,6335.03466796875,6335.03466796875,6335.03466796875,0
2017-03-20,6335.03466796875,6335.03466796875,6335.03466796875,6335.03466796875,50
2017-03-21,6335.03466796875,6651.786401367187,6335.03466796875,6335.03466796875,104990
2017-03-22,6778.4873046875,6778.487304687499,6335.0348641939245,6335.0348641939245,188620
2017-03-23,7095.23974609375,7126.914923531669,6398.385842459543,6651.787261962891,50510
2017-03-24,7095.23974609375,7285.290810721262,7095.23974609375,7285.290810721262,1030
2017-03-27,6968.5390625,6968.539062499999,6968.539062499999,6968.539062499999,20
2017-03-28,7443.66650390625,7443.66650390625,6936.863678108378,6936.863678108378,3230
2017-03-29,7950.46875,7950.46875,7918.793575697211,7950.46875,20350
2017-03-30,8488.9462890625,8488.9462890625,8488.9462890625,8488.9462890625,4230
2017-03-31,9059.099609375,9059.099609375,9059.099609375,9059.099609375,50
2017-04-03,8425.595703125,8425.595703125,8425.595703125,8425.595703125,10
2017-04-04,7855.443359375,7855.443359375001,7855.443359375001,7855.443359375001,60
2017-04-05,8235.544921875,8235.544921875,7316.964911358173,7316.964911358173,3380
2017-04-07,7665.3916015625,7665.3916015625,7665.3916015625,7665.3916015625,1110
2017-04-10,7665.3916015625,8108.844008264462,7158.588851045971,7190.2640229532535,1720
2017-04-11,7665.3916015625,7918.792976820764,7158.588851045971,7158.588851045971,15250
2017-04-12,8140.51904296875,8172.194214342168,7348.639758633268,8045.493528848492,1010
2017-04-13,7602.04150390625,8172.194616699218,7602.04150390625,8172.194616699218,3530
2017-04-14,7602.04150390625,7728.74219563802,7095.238736979167,7095.238736979167,810
2017-04-17,8045.49462890625,8108.84498031496,7095.23935777559,8045.494628906249,3020
2017-04-18,8045.49462890625,8045.494628906249,8045.494628906249,8045.494628906249,0
2017-04-19,8045.49462890625,8045.494628906249,8045.494628906249,8045.494628906249,0
2017-04-20,7507.0166015625,7602.042128164558,7507.016601562501,7602.042128164558,7580
2017-04-21,7031.88818359375,7602.04127956081,7031.88818359375,7602.04127956081,2500
2017-04-24,7095.23974609375,7507.017052786691,7031.889391217913,7031.889391217913,7270
2017-04-25,7570.365234375,7570.365234375,7570.365234375,7570.365234375,10
2017-04-26,8077.16796875,8077.167968750001,7475.339767156863,7538.690104166667,142000
2017-04-27,8615.646484375,8615.646484375,8077.168579101562,8077.168579101562,6180
2017-04-28,8615.646484375,8615.646484375,8615.646484375,8615.646484375,0
2017-05-03,8488.9462890625,8837.373188986707,8488.9462890625,8837.373188986707,210
2017-05-04,7918.79248046875,8330.569689453125,7918.79248046875,8330.569689453125,190
2017-05-05,8425.595703125,8425.595703125,7380.315033188441,7380.315033188441,8210
2017-05-08,7855.443359375,7855.443359375001,7855.443359375001,7855.443359375001,20
2017-05-09,8235.544921875,8235.544921875,8235.544921875,8235.544921875,500
2017-05-10,8235.544921875,8235.544921875,8235.544921875,8235.544921875,0
2017-05-11,7665.3916015625,7697.066773469783,7665.3916015625,7697.066773469783,130
2017-05-12,7665.3916015625,7665.3916015625,7411.990226304235,7411.990226304235,3600
2017-05-15,8108.84375,8108.84375,8108.84375,8108.84375,1100
2017-05-16,7602.04150390625,8172.194616699218,7570.366330973307,8172.194616699218,110
2017-05-17,7538.68994140625,7538.689941406251,7095.237591911765,7126.9127597328,14360
2017-05-18,7411.990234375,7411.990234375,7031.888171073719,7031.888171073719,7180
2017-05-19,7285.2890625,7285.289062500001,6968.537364130435,7285.289062500001,690
2017-05-22,7285.2890625,7316.964232336957,7285.289062500001,7285.289062500001,3140
2017-05-23,7285.2890625,7285.289062500001,7285.289062500001,7285.289062500001,0
2017-05-24,6778.4873046875,6778.487304687499,6778.487304687499,6778.487304687499,20
2017-05-25,7221.93994140625,7221.939941406249,6778.4874888637605,6778.4874888637605,21240
2017-05-26,7602.04150390625,7602.04150390625,7602.04150390625,7602.04150390625,10
2017-05-29,7570.365234375,7570.365234375,7285.288719273012,7411.989392651673,1410
2017-05-30,7443.66650390625,7443.66650390625,7443.66650390625,7443.66650390625,5000
2017-05-31,7443.66650390625,7443.66650390625,7443.66650390625,7443.66650390625,70
2017-06-01,6968.5390625,6968.539062499999,6968.539062499999,6968.539062499999,20
2017-06-02,7443.66650390625,7443.66650390625,7095.239561170213,7095.239561170213,12550
2017-06-05,7918.79248046875,7950.467650390626,7918.79248046875,7950.467650390626,300
2017-06-06,8172.19384765625,8457.270377225654,7982.142827943314,8457.270377225654,1020
2017-06-07,8552.296875,8552.296875,8552.296875,8552.296875,10
2017-06-08,7982.142578125,7982.142578125,7982.142578125,7982.142578125,15640
2017-06-09,8235.544921875,8235.544921875,8235.544921875,8235.544921875,10
2017-06-12,7855.443359375,7855.443359375001,7728.742660030242,7728.742660030242,550
2017-06-13,7602.04150390625,7918.793233235677,7602.04150390625,7918.793233235677,1710
2017-06-14,8108.84375,8108.84375,7221.93896484375,8108.84375,1180
2017-06-15,7602.04150390625,7602.04150390625,7602.04150390625,7602.04150390625,1020
2017-06-16,7602.04150390625,7602.04150390625,7602.04150390625,7602.04150390625,0
2017-06-19,7932.5654296875,7932.5654296875,7932.5654296875,7932.5654296875,0
2017-06-20,7932.5654296875,7932.5654296875,7932.5654296875,7932.5654296875,0
2017-06-21,7932.5654296875,7932.5654296875,7932.5654296875,7932.5654296875,0
2017-06-22,8130.87890625,8130.87890625,8130.87890625,8130.87890625,430
2017-06-23,7932.5654296875,7932.5654296875,7932.5654296875,7932.5654296875,10
2017-06-26,7932.5654296875,7932.5654296875,7932.5654296875,7932.5654296875,2000
2017-06-27,7932.5654296875,7932.5654296875,7469.832446289062,7469.832446289062,11370
2017-06-28,7932.5654296875,7932.5654296875,7932.5654296875,7932.5654296875,0
2017-06-29,7932.5654296875,8395.298413085937,7800.356005859375,7932.5654296875,425010
2017-06-30,7932.5654296875,7932.5654296875,7932.5654296875,7932.5654296875,1000
2017-07-03,8461.40234375,8461.40234375,8461.40234375,8461.40234375,10
2017-07-04,8461.40234375,8461.40234375,7932.564697265624,8461.40234375,5970
2017-07-05,8593.6123046875,8593.6123046875,8395.298174579326,8395.298174579326,40220
2017-07-06,8593.6123046875,8593.6123046875,8329.193464543268,8329.193464543268,510
2017-07-07,8593.6123046875,8791.926434795672,8593.6123046875,8593.6123046875,18010
2017-07-10,8593.6123046875,8593.6123046875,8395.298174579326,8593.6123046875,5560
2017-07-11,8858.03125,8858.03125,8130.879430970149,8263.08885261194,1880
2017-07-12,8593.6123046875,8593.6123046875,8593.6123046875,8593.6123046875,70
2017-07-13,8593.6123046875,8593.6123046875,8593.6123046875,8593.6123046875,0
2017-07-14,8593.6123046875,8593.6123046875,8593.6123046875,8593.6123046875,1950
2017-07-17,8593.6123046875,8593.6123046875,8329.193464543268,8329.193464543268,20
2017-07-18,8593.6123046875,8593.6123046875,8593.6123046875,8593.6123046875,0
2017-07-19,8593.6123046875,8593.6123046875,8593.6123046875,8593.6123046875,0
2017-07-20,8593.6123046875,8593.6123046875,8593.6123046875,8593.6123046875,0
2017-07-21,8858.03125,8858.03125,8593.612406716416,8593.612406716416,9560
2017-07-24,8858.03125,8858.03125,8858.03125,8858.03125,0
2017-07-25,8858.03125,8858.03125,8593.612406716416,8593.612406716416,20
2017-07-26,8858.03125,8858.03125,8858.03125,8858.03125,0
2017-07-27,8858.03125,8858.03125,8858.03125,8858.03125,0
2017-07-28,8858.03125,8858.03125,8858.03125,8858.03125,0
2017-07-31,8858.03125,8858.03125,8858.03125,8858.03125,0
2017-08-01,8791.92578125,8791.92578125,8791.92578125,8791.92578125,50
2017-08-02,8791.92578125,8791.92578125,8791.92578125,8791.92578125,0
2017-08-03,8791.92578125,8791.92578125,8791.92578125,8791.92578125,0
2017-08-04,8263.087890625,8263.087890625,8263.087890625,8263.087890625,1000
2017-08-07,8758.8740234375,8758.8740234375,8758.8740234375,8758.8740234375,10
2017-08-08,8758.8740234375,8758.8740234375,8758.8740234375,8758.8740234375,0
2017-08-09,8263.087890625,8263.087890625,8263.087890625,8263.087890625,1000
2017-08-10,8263.087890625,8263.087890625,8263.087890625,8263.087890625,9700
2017-08-11,8263.087890625,8263.087890625,8263.087890625,8263.087890625,3850
2017-08-14,8593.6123046875,8593.6123046875,8593.6123046875,8593.6123046875,10
2017-08-15,9056.3447265625,9188.554138629106,7998.669430029653,9188.554138629106,420
2017-08-16,8593.6123046875,8593.6123046875,8593.6123046875,8593.6123046875,2000
2017-08-17,8593.6123046875,8593.6123046875,8263.088754507211,8527.507594651443,1230
2017-08-18,8593.6123046875,8593.6123046875,8593.6123046875,8593.6123046875,0
2017-08-21,8593.6123046875,8593.6123046875,8593.6123046875,8593.6123046875,0
2017-08-22,8593.6123046875,8593.6123046875,8593.6123046875,8593.6123046875,0
2017-08-23,8593.6123046875,8593.6123046875,8593.6123046875,8593.6123046875,0
2017-08-24,8527.5068359375,8527.5068359375,8196.983315164729,8263.088019319282,119000
2017-08-25,8527.5068359375,8527.5068359375,8527.5068359375,8527.5068359375,0
2017-08-28,8924.1357421875,8924.1357421875,8461.402777777777,8593.612196180555,10850
2017-08-29,8924.1357421875,8924.1357421875,8593.612196180555,8593.612196180555,3010
2017-08-30,8924.1357421875,8924.1357421875,8593.612196180555,8593.612196180555,3010
2017-08-31,8924.1357421875,8924.1357421875,8461.402777777777,8924.1357421875,4020
2017-09-01,8858.03125,8858.03125,8593.612406716416,8593.612406716416,110
2017-09-04,8858.03125,8858.03125,8858.03125,8858.03125,0
2017-09-05,8858.03125,8858.03125,8858.03125,8858.03125,0
2017-09-06,8858.03125,8858.03125,8858.03125,8858.03125,0
2017-09-07,8858.03125,8858.03125,8858.03125,8858.03125,0
2017-09-08,8858.03125,8858.03125,8858.03125,8858.03125,0
2017-09-11,9254.66015625,9254.66015625,9254.66015625,9254.66015625,10
2017-09-12,9254.66015625,9254.66015625,9254.66015625,9254.66015625,0
2017-09-13,9254.66015625,9254.66015625,9254.66015625,9254.66015625,0
2017-09-14,9452.9736328125,9452.9736328125,9452.9736328125,9452.9736328125,10
2017-09-15,8791.92578125,9254.658717105263,8791.92578125,9254.658717105263,2880
2017-09-18,9254.66015625,9254.66015625,8791.9271484375,8791.9271484375,630
2017-09-19,8924.1357421875,9254.659288194443,8659.716905381945,8659.716905381945,1140
2017-09-20,8924.1357421875,9122.449869791666,8924.1357421875,8924.1357421875,580
2017-09-21,9188.5546875,9188.5546875,9188.5546875,9188.5546875,10
2017-09-22,9188.5546875,9188.5546875,9188.5546875,9188.5546875,0
2017-09-25,9188.5546875,9188.5546875,9188.5546875,9188.5546875,0
2017-09-26,9188.5546875,9188.5546875,9188.5546875,9188.5546875,0
2017-09-27,9188.5546875,9188.5546875,9188.5546875,9188.5546875,0
2017-09-28,9188.5546875,9188.5546875,9188.5546875,9188.5546875,0
2017-09-29,9188.5546875,9188.5546875,9188.5546875,9188.5546875,2000
2017-10-02,9188.5546875,9188.5546875,9188.5546875,9188.5546875,0
2017-10-03,9188.5546875,9188.5546875,9188.5546875,9188.5546875,0
2017-10-04,9188.5546875,9188.5546875,9188.5546875,9188.5546875,0
2017-10-05,9122.4501953125,9122.4501953125,9122.4501953125,9122.4501953125,10
2017-10-06,9122.4501953125,9122.4501953125,8494.455435490263,8494.455435490263,6040
2017-10-09,9122.4501953125,9122.4501953125,9122.4501953125,9122.4501953125,0
2017-10-10,9122.4501953125,9122.4501953125,9122.4501953125,9122.4501953125,18000
2017-10-11,9056.3447265625,9056.3447265625,8924.135314495894,8924.135314495894,2010
2017-10-12,9056.3447265625,9056.3447265625,8428.350019246122,8428.350019246122,1010
2017-10-13,9056.3447265625,9056.3447265625,9056.3447265625,9056.3447265625,0
2017-10-16,9056.3447265625,9056.3447265625,9056.3447265625,9056.3447265625,100
2017-10-17,9056.3447265625,9056.3447265625,9056.3447265625,9056.3447265625,0
2017-10-18,9056.3447265625,9056.3447265625,9056.3447265625,9056.3447265625,0
2017-10-19,9056.3447265625,9056.3447265625,8593.61178432938,8990.240020529196,13960
2017-10-20,9056.3447265625,9056.3447265625,8593.61178432938,9056.3447265625,4280
2017-10-23,9056.3447265625,9056.3447265625,9056.3447265625,9056.3447265625,0
2017-10-24,8593.6123046875,9056.345274939904,8593.6123046875,9056.345274939904,7810
2017-10-25,8924.1357421875,8924.1357421875,8924.1357421875,8924.1357421875,100
2017-10-26,8791.92578125,8924.13519149436,8791.92578125,8924.13519149436,4900
2017-10-27,8957.1875,8990.239852398525,8858.03044280443,8858.03044280443,15410
2017-10-30,9056.3447265625,9188.554138629106,9056.3447265625,9122.449432595802,40430
2017-10-31,8990.240234375,8990.240234375,8858.030819163603,8858.030819163603,1000
2017-11-01,8858.03125,8990.24067164179,8858.03125,8990.24067164179,23740
2017-11-02,8990.240234375,8990.240234375,8990.240234375,8990.240234375,1800
2017-11-03,8990.240234375,8990.240234375,8990.240234375,8990.240234375,5180
2017-11-06,8725.8212890625,8990.240116003788,8725.8212890625,8990.240116003788,12710
2017-11-07,8858.03125,8990.24067164179,8659.717117537313,8659.717117537313,2620
2017-11-08,8990.240234375,8990.240234375,8924.135526769302,8924.135526769302,30200
2017-11-09,9254.66015625,9386.869587053572,8990.241294642858,8990.241294642858,32860
2017-11-10,9320.763671875,9816.548973570478,9056.344844304078,9585.182499445922,5310
2017-11-13,9783.4970703125,9849.601780247043,9585.182940508868,9585.182940508868,18310
2017-11-14,10047.916015625,10246.230147512337,9783.497173108552,9783.497173108552,57200
2017-11-15,10246.23046875,10246.23046875,9981.811617943547,9981.811617943547,12500
2017-11-16,10312.3349609375,10312.3349609375,9981.811404497195,10147.073182717348,29130
2017-11-17,9915.70703125,10047.916458333331,9783.497604166669,10047.916458333331,43370
2017-11-20,10080.96875,10114.021106557377,9915.706967213117,9915.706967213117,29080
2017-11-21,10080.96875,10080.96875,10080.96875,10080.96875,1000
2017-11-22,10047.916015625,10047.916015625,9783.497173108552,9783.497173108552,20910
2017-11-23,10014.86328125,10014.86328125,9915.706219059406,9981.810927186469,4120
2017-11-24,10014.86328125,10047.915635313531,9948.758573122936,10014.86328125,6100
2017-11-27,10246.23046875,10444.54460685484,9915.706905241936,10014.863974294354,36040
2017-11-28,10114.021484375,10180.126199959152,9981.8120532067,10180.126199959152,20060
2017-11-29,9915.70703125,9981.811744791668,9849.602317708332,9981.811744791668,12170
2017-11-30,9915.70703125,9915.70703125,9915.70703125,9915.70703125,785150
2017-12-01,10246.23046875,10246.23046875,10246.23046875,10246.23046875,10
2017-12-04,10114.021484375,10180.126199959152,9585.183759701798,10180.126199959152,6110
2017-12-05,9585.1826171875,9618.234971039872,9419.920847925649,9618.234971039872,10600
2017-12-06,9585.1826171875,9585.1826171875,9585.1826171875,9585.1826171875,0
2017-12-07,9585.1826171875,9585.1826171875,8924.135540140087,9254.659078663792,490
2017-12-08,9585.1826171875,9915.706155711208,9221.606724811423,9221.606724811423,114710
2017-12-11,9585.1826171875,9585.1826171875,9585.1826171875,9585.1826171875,0
2017-12-12,9585.1826171875,9585.1826171875,9585.1826171875,9585.1826171875,0
2017-12-13,9386.8681640625,9585.182280204664,9386.8681640625,9585.182280204664,600
2017-12-14,8924.1357421875,8957.188096788195,8758.873969184027,8957.188096788195,27550
2017-12-15,9320.763671875,9320.763671875,8593.611896054965,8593.611896054965,3700
2017-12-18,9320.763671875,9320.763671875,9320.763671875,9320.763671875,0
2017-12-19,8924.1357421875,9320.763997395834,8725.821614583334,9287.71164279514,9250
2017-12-20,9221.6083984375,9221.6083984375,9221.6083984375,9221.6083984375,10
2017-12-21,9221.6083984375,9221.6083984375,9221.6083984375,9221.6083984375,0
2017-12-22,9254.66015625,9783.497879464288,8891.084221540179,9783.497879464288,4390
2017-12-25,9254.66015625,9254.66015625,9254.66015625,9254.66015625,2100
2017-12-26,8891.08203125,8924.134380808551,8626.6632347816,8659.715584340149,4170
2017-12-27,8891.08203125,9452.971973745354,8659.715584340149,8659.715584340149,11470
2017-12-28,8891.08203125,8891.08203125,8659.715584340149,8692.7679338987,4240
2017-12-29,9221.6083984375,9221.6083984375,8593.61356126792,8593.61356126792,15270
2018-01-01,9221.6083984375,9221.6083984375,9221.6083984375,9221.6083984375,0
2018-01-02,9221.6083984375,9254.66075828853,8924.137159778225,9221.6083984375,33540
2018-01-03,8858.03125,8990.24067164179,8858.03125,8990.24067164179,9260
2018-01-04,8924.1357421875,8924.1357421875,8924.1357421875,8924.1357421875,2500
2018-01-05,8891.08203125,8891.08203125,8626.6632347816,8692.7679338987,5010
2018-01-08,9023.2939453125,9023.2939453125,8858.032151442307,8891.084510216346,15420
2018-01-09,9056.3447265625,9056.3447265625,8791.925902429288,8924.135314495894,30870
2018-01-10,8593.6123046875,8791.926434795672,8593.6123046875,8791.926434795672,16410
2018-01-11,8824.978515625,8824.978515625,8824.978515625,8824.978515625,10
2018-01-12,8593.6123046875,8858.03114483173,8395.298174579326,8824.978789813702,6030
2018-01-15,8858.03125,8858.03125,8395.298274253732,8395.298274253732,4660
2018-01-16,8858.03125,8858.03125,8824.978894589553,8824.978894589553,2140
2018-01-17,8626.6640625,9221.606411637931,8593.611709770115,8626.6640625,2610
2018-01-18,8626.6640625,8626.6640625,8626.6640625,8626.6640625,0
2018-01-19,9155.5009765625,9155.5009765625,8725.820425315884,8725.820425315884,2010
2018-01-22,9155.5009765625,9155.5009765625,9155.5009765625,9155.5009765625,0
2018-01-23,9155.5009765625,9155.5009765625,9155.5009765625,9155.5009765625,0
2018-01-24,9155.5009765625,9155.5009765625,9155.5009765625,9155.5009765625,0
2018-01-25,9122.4501953125,9122.4501953125,8659.717214390852,8659.717214390852,2700
2018-01-26,9122.4501953125,9122.4501953125,9122.4501953125,9122.4501953125,0
2018-01-29,9122.4501953125,9122.4501953125,9122.4501953125,9122.4501953125,0
2018-01-30,8990.240234375,8990.240234375,8527.507281135111,8527.507281135111,1190
2018-01-31,8593.6123046875,8593.6123046875,8593.6123046875,8593.6123046875,540
2018-02-01,8593.6123046875,8593.6123046875,8593.6123046875,8593.6123046875,2000
2018-02-02,8593.6123046875,8824.978789813702,8593.6123046875,8824.978789813702,100
2018-02-05,8791.92578125,8791.92578125,8593.611665883458,8659.71637100564,13510
2018-02-06,8593.6123046875,8593.6123046875,8196.984044471154,8196.984044471154,2600
2018-02-07,8891.08203125,8891.08203125,8891.08203125,8891.08203125,30
2018-02-08,8593.6123046875,8692.769369741587,8593.6123046875,8692.769369741587,9910
2018-02-09,8593.6123046875,8593.6123046875,8593.6123046875,8593.6123046875,0
2018-02-12,8692.76953125,8692.76953125,8692.76953125,8692.76953125,100
2018-02-13,9122.4501953125,9122.4501953125,8593.612502830616,8593.612502830616,110
2018-02-14,9122.4501953125,9122.4501953125,9122.4501953125,9122.4501953125,0
2018-02-15,9122.4501953125,9122.4501953125,9122.4501953125,9122.4501953125,0
2018-02-16,9122.4501953125,9122.4501953125,9122.4501953125,9122.4501953125,0
2018-02-19,9122.4501953125,9122.4501953125,9122.4501953125,9122.4501953125,0
2018-02-20,9122.4501953125,9122.4501953125,9122.4501953125,9122.4501953125,0
2018-02-21,9122.4501953125,9122.4501953125,8494.455435490263,8494.455435490263,640
2018-02-22,9122.4501953125,9122.4501953125,9122.4501953125,9122.4501953125,100
2018-02-23,9122.4501953125,9122.4501953125,9122.4501953125,9122.4501953125,1000
2018-02-26,9089.3974609375,9254.659232954546,9089.3974609375,9122.44981534091,20110
2018-02-27,8725.8212890625,9089.397176106771,8725.8212890625,9089.397176106771,30380
2018-02-28,8924.1357421875,8924.1357421875,8725.821614583334,8725.821614583334,46000
2018-03-01,8725.8212890625,8924.135409268467,8725.8212890625,8725.8212890625,5620
2018-03-02,9023.2939453125,9056.346304086535,8494.456204927885,8494.456204927885,4370
2018-03-05,9023.2939453125,9023.2939453125,9023.2939453125,9023.2939453125,0
2018-03-06,8725.8212890625,9023.292469371449,8725.8212890625,9023.292469371449,9790
2018-03-07,8593.6123046875,8725.821724759615,8593.6123046875,8725.821724759615,1600
2018-03-08,8593.6123046875,8593.6123046875,8593.6123046875,8593.6123046875,0
2018-03-09,8791.92578125,8791.92578125,8593.611665883458,8593.611665883458,720
2018-03-12,8758.8740234375,8791.926378242924,8329.19341096698,8791.926378242924,2610
2018-03-13,8593.6123046875,8593.6123046875,8593.6123046875,8593.6123046875,5250
2018-03-14,8593.6123046875,8593.6123046875,8395.298174579326,8593.6123046875,3670
2018-03-15,8560.560546875,8593.61290419884,8560.560546875,8593.61290419884,2210
2018-03-16,8560.560546875,8560.560546875,8560.560546875,8560.560546875,0
2018-03-19,8560.560546875,8593.61290419884,8560.560546875,8560.560546875,23020
2018-03-20,8659.7177734375,8659.7177734375,8560.56069969585,8659.7177734375,190
2018-03-21,8527.5068359375,8593.611540092053,8527.5068359375,8593.611540092053,7030
2018-03-22,8924.1357421875,9122.449869791666,8527.507486979166,9122.449869791666,710
2018-03-23,8858.03125,8858.03125,8858.03125,8858.03125,290
2018-03-26,8858.03125,8858.03125,8858.03125,8858.03125,910
2018-03-27,8593.6123046875,8593.6123046875,8593.6123046875,8593.6123046875,50
2018-03-28,8593.6123046875,8593.6123046875,8593.6123046875,8593.6123046875,1200
2018-03-29,9023.2939453125,9023.2939453125,9023.2939453125,9023.2939453125,30
2018-03-30,9238.1328125,9238.1328125,8414.578336967053,8593.61191860465,22510
2018-04-02,9238.1328125,9238.1328125,9238.1328125,9238.1328125,0
2018-04-03,9094.9052734375,9094.9052734375,8593.61128198819,9094.9052734375,68910
2018-04-04,8486.1923828125,8486.1923828125,8486.1923828125,8486.1923828125,2010
2018-04-05,8486.1923828125,8486.1923828125,8486.1923828125,8486.1923828125,1000
2018-04-06,8450.384765625,8951.678777145127,8450.384765625,8593.61162605932,1880
2018-04-09,8450.384765625,8450.384765625,8163.931044756356,8163.931044756356,140
2018-04-10,8163.9306640625,8163.9306640625,8163.9306640625,8163.9306640625,20
2018-04-11,8235.54296875,8235.54296875,7626.828923233696,8163.929551630435,1160
2018-04-12,8521.9990234375,8521.9990234375,7877.478088891807,8163.931837578782,3300
2018-04-13,8521.9990234375,8521.9990234375,8521.9990234375,8521.9990234375,0
2018-04-16,8521.9990234375,8521.9990234375,8307.15871192227,8307.15871192227,5200
2018-04-17,8521.9990234375,8521.9990234375,8521.9990234375,8521.9990234375,0
2018-04-18,8521.9990234375,8521.9990234375,8521.9990234375,8521.9990234375,0
2018-04-19,8593.6123046875,8593.6123046875,8593.6123046875,8593.6123046875,10
2018-04-20,8092.31787109375,8092.31787109375,8092.31787109375,8092.31787109375,30
2018-04-23,8092.31787109375,8629.418614750415,7877.477573631084,8593.611898506637,2690
2018-04-24,8092.31787109375,8092.31787109375,8092.31787109375,8092.31787109375,210
2018-04-25,8092.31787109375,8092.31787109375,8092.31787109375,8092.31787109375,0
2018-04-26,8163.9306640625,8163.9306640625,7877.476956551535,7877.476956551535,30
2018-04-27,8521.9990234375,8521.9990234375,8199.738556164653,8199.738556164653,1050
2018-04-30,8521.9990234375,8521.9990234375,8521.9990234375,8521.9990234375,0
2018-05-01,8521.9990234375,8521.9990234375,8521.9990234375,8521.9990234375,0
2018-05-02,8521.9990234375,8521.9990234375,8521.9990234375,8521.9990234375,0
2018-05-03,8450.384765625,8450.384765625,8235.544474973516,8235.544474973516,20
2018-05-04,8450.384765625,8808.451916710805,8235.544474973516,8450.384765625,1220
2018-05-07,8593.6123046875,8593.6123046875,8235.545125325521,8235.545125325521,4260
2018-05-08,8521.9990234375,8521.9990234375,8235.545274750526,8235.545274750526,990
2018-05-09,8521.9990234375,8521.9990234375,8521.9990234375,8521.9990234375,2000
2018-05-10,8307.1591796875,8307.1591796875,8307.1591796875,8307.1591796875,1020
2018-05-11,8665.224609375,8665.224609375,8307.157476756198,8307.157476756198,3030
2018-05-14,8307.1591796875,8307.1591796875,8307.1591796875,8307.1591796875,500
2018-05-15,8271.3525390625,8307.159260010823,8092.318934320888,8307.159260010823,8080
2018-05-16,8307.1591796875,8307.1591796875,8307.1591796875,8307.1591796875,100
2018-05-17,8450.384765625,8450.384765625,8307.157905190677,8307.157905190677,2010
2018-05-18,8593.6123046875,8665.225740559896,8593.6123046875,8593.6123046875,24610
2018-05-21,8593.6123046875,9094.906355794272,8593.6123046875,9094.906355794272,110
2018-05-22,8736.8388671875,8736.8388671875,8235.544833824282,8235.544833824282,240
2018-05-23,8736.8388671875,8736.8388671875,8736.8388671875,8736.8388671875,0
2018-05-24,8701.0322265625,8701.0322265625,8235.544905799898,8235.544905799898,1070
2018-05-25,8701.0322265625,8701.0322265625,8701.0322265625,8701.0322265625,0
2018-05-28,8701.0322265625,8701.0322265625,8701.0322265625,8701.0322265625,0
2018-05-29,8701.0322265625,8701.0322265625,8701.0322265625,8701.0322265625,0
2018-05-30,8701.0322265625,8736.838943544239,8378.771773726852,8736.838943544239,410
2018-05-31,8701.0322265625,8701.0322265625,8701.0322265625,8701.0322265625,0
2018-06-01,8665.224609375,8665.224609375,8593.611182851238,8593.611182851238,1000
2018-06-04,8665.224609375,8665.224609375,8665.224609375,8665.224609375,0
2018-06-05,8521.9990234375,8521.9990234375,8521.9990234375,8521.9990234375,100
2018-06-06,8951.6787109375,8951.6787109375,8378.7712734375,8378.7712734375,4740
2018-06-07,8665.224609375,8665.224609375,8414.57761654184,8414.57761654184,700
2018-06-08,8593.6123046875,8593.6123046875,8593.6123046875,8593.6123046875,20
2018-06-11,8967.24609375,8967.24609375,8518.8837890625,8967.24609375,1470
2018-06-12,8967.24609375,8967.24609375,8967.24609375,8967.24609375,0
2018-06-13,9116.701171875,9527.699995197234,8369.430584016394,9527.699995197234,40
2018-06-14,8518.884765625,8668.338884320176,8518.884765625,8593.611824972588,4810
2018-06-15,8780.4306640625,8780.4306640625,8518.88592087766,8518.88592087766,4000
2018-06-18,8892.521484375,8967.24855567227,8257.341378348214,8257.341378348214,631000
2018-06-19,8892.521484375,8892.521484375,8369.431985294117,8369.431985294117,190
2018-06-20,8967.24609375,8967.24609375,8630.974365234375,8892.51904296875,2020
2018-06-21,9340.8818359375,9340.8818359375,8967.2465625,8967.2465625,331590
2018-06-22,8743.0654296875,9340.881869324252,8743.0654296875,9340.881869324252,5070
2018-06-25,8630.9755859375,9340.882668763528,8630.9755859375,9340.882668763528,110
2018-06-26,8630.9755859375,8630.9755859375,8630.9755859375,8630.9755859375,0
2018-06-27,8630.9755859375,8630.9755859375,8630.9755859375,8630.9755859375,0
2018-06-28,9116.701171875,9116.701171875,8070.522348872951,8070.522348872951,80
2018-06-29,9340.8818359375,9415.608890625,9340.8818359375,9415.608890625,200
2018-07-02,9303.51953125,9303.51953125,8705.703015185743,8705.703015185743,110
2018-07-03,8780.4306640625,9228.793080950798,8743.06712932181,8743.06712932181,50
2018-07-04,8780.4306640625,8780.4306640625,8780.4306640625,8780.4306640625,0
2018-07-05,8593.6123046875,8593.6123046875,8593.6123046875,8593.6123046875,100
2018-07-06,8967.24609375,8967.24609375,8219.9755859375,8593.61083984375,5000
2018-07-09,8967.24609375,8967.24609375,8967.24609375,8967.24609375,50
2018-07-10,8967.24609375,8967.24609375,8967.24609375,8967.24609375,0
2018-07-11,8967.24609375,8967.24609375,8967.24609375,8967.24609375,0
2018-07-12,8967.24609375,8967.24609375,8967.24609375,8967.24609375,0
2018-07-13,8817.79296875,8817.79296875,8817.79296875,8817.79296875,30
2018-07-16,8593.6123046875,8593.6123046875,8593.6123046875,8593.6123046875,200
2018-07-17,8593.6123046875,8593.6123046875,8593.6123046875,8593.6123046875,930
2018-07-18,8967.24609375,9116.7001953125,8967.24609375,9116.7001953125,180
2018-07-19,8967.24609375,8967.24609375,8967.24609375,8967.24609375,0
2018-07-20,8593.6123046875,9191.428812839677,8593.6123046875,9191.428812839677,630
2018-07-23,8967.24609375,9041.97314453125,8593.61083984375,8593.61083984375,6850
2018-07-24,8967.24609375,8967.24609375,8967.24609375,8967.24609375,0
2018-07-25,8593.6123046875,8967.247622282608,8369.431114130435,8369.431114130435,1690
2018-07-26,8593.6123046875,8892.520558763586,8518.885241168478,8593.6123046875,12820
2018-07-27,8593.6123046875,8593.6123046875,8593.6123046875,8593.6123046875,470
2018-07-30,8518.884765625,8593.611824972588,8518.884765625,8593.611824972588,280
2018-07-31,8369.431640625,8369.431640625,8257.3410382952,8257.3410382952,1520
2018-08-01,8219.9765625,8219.9765625,8219.9765625,8219.9765625,500
2018-08-02,8668.3388671875,8780.429455987338,8668.3388671875,8780.429455987338,110
2018-08-03,9266.15625,9266.15625,8967.247983870968,8967.247983870968,50
2018-08-06,9266.15625,9266.15625,8668.339717741936,8668.339717741936,1990
2018-08-07,8668.3388671875,8705.702396787447,8668.3388671875,8705.702396787447,3030
2018-08-08,9041.9736328125,9041.9736328125,9041.9736328125,9041.9736328125,10
2018-08-09,9041.9736328125,9041.9736328125,9041.9736328125,9041.9736328125,0
2018-08-10,9266.15625,9266.15625,9266.15625,9266.15625,50
2018-08-13,8967.24609375,8967.24609375,8967.24609375,8967.24609375,130
2018-08-14,8406.7958984375,8406.7958984375,8406.7958984375,8406.7958984375,20
2018-08-15,8406.7958984375,8406.7958984375,8406.7958984375,8406.7958984375,0
2018-08-16,8406.7958984375,8406.7958984375,8406.7958984375,8406.7958984375,0
2018-08-17,8593.6123046875,8593.6123046875,7921.068733016305,7921.068733016305,110
2018-08-20,7995.79736328125,8033.160902362004,7995.79736328125,8033.160902362004,40
2018-08-21,8219.9765625,8219.9765625,7846.341264204546,7846.341264204546,20
2018-08-22,7771.61474609375,8369.431265024037,7659.52414879432,8369.431265024037,8420
2018-08-23,8107.88623046875,8219.976823516705,8107.88623046875,8219.976823516705,3060
2018-08-24,8145.24951171875,8219.976571459289,8107.885981848481,8219.976571459289,1910
2018-08-27,8182.61328125,8630.975652825344,8182.61328125,8630.975652825344,1020
2018-08-28,7659.52392578125,8182.613364615092,7622.160394435976,8182.613364615092,10250
2018-08-29,7921.06884765625,7921.06884765625,7472.706460053066,7659.524121554392,1110
2018-08-30,8145.24951171875,8145.24951171875,8145.24951171875,8145.24951171875,10
2018-08-31,7584.796875,8481.521628694582,7584.796875,7659.523937807881,44910
2018-09-03,7584.796875,7584.796875,7584.796875,7584.796875,0
2018-09-04,8070.5224609375,8070.5224609375,8070.5224609375,8070.5224609375,100
2018-09-05,8070.5224609375,8070.5224609375,8070.5224609375,8070.5224609375,0
2018-09-06,7510.07080078125,7510.07080078125,7510.07080078125,7510.07080078125,300
2018-09-07,7995.79736328125,7995.79736328125,7547.434894312208,7547.434894312208,110
2018-09-10,7510.07080078125,8219.97799090485,7510.07080078125,8219.97799090485,1190
2018-09-11,7510.07080078125,7510.07080078125,7510.07080078125,7510.07080078125,10
2018-09-12,7995.79736328125,7995.79736328125,7995.79736328125,7995.79736328125,10
2018-09-13,7995.79736328125,8219.97859776577,7995.79736328125,8219.97859776577,20
2018-09-14,8219.9765625,8219.9765625,8219.9765625,8219.9765625,90
2018-09-17,8556.2490234375,8556.2490234375,7883.705432075601,7883.705432075601,80
2018-09-18,7958.4326171875,8219.977351085681,7958.4326171875,8219.977351085681,13150
2018-09-19,7958.4326171875,7958.4326171875,7958.4326171875,7958.4326171875,0
2018-09-20,8369.431640625,8369.431640625,8369.431640625,8369.431640625,1000
2018-09-21,8332.0673828125,8369.43091367713,8332.0673828125,8369.43091367713,200
2018-09-24,7846.341796875,7846.341796875,7846.341796875,7846.341796875,5000
2018-09-25,7846.341796875,7846.341796875,7846.341796875,7846.341796875,1030
2018-09-26,8369.431640625,8369.431640625,8294.704572405133,8294.704572405133,150
2018-09-27,8817.79296875,8817.79296875,8593.61179157839,8593.61179157839,23810
2018-09-28,9303.51953125,9303.51953125,8630.97595067771,8630.97595067771,34280
2018-10-01,9303.51953125,9303.51953125,9303.51953125,9303.51953125,10
2018-10-02,9303.51953125,9303.51953125,9303.51953125,9303.51953125,300
2018-10-03,8668.3388671875,8668.3388671875,8668.3388671875,8668.3388671875,1100
2018-10-04,8668.3388671875,8668.3388671875,8593.611807987609,8593.611807987609,4000
2018-10-05,8593.6123046875,9266.155876358696,8593.6123046875,8593.6123046875,2180
2018-10-08,8967.24609375,8967.24609375,8967.24609375,8967.24609375,50
2018-10-09,8967.24609375,8967.24609375,8967.24609375,8967.24609375,0
2018-10-10,8967.24609375,8967.24609375,8967.24609375,8967.24609375,70
2018-10-11,8967.24609375,8967.24609375,8967.24609375,8967.24609375,0
2018-10-12,8593.6123046875,8593.6123046875,8593.6123046875,8593.6123046875,490
2018-10-15,8593.6123046875,8593.6123046875,8593.6123046875,8593.6123046875,50
2018-10-16,8593.6123046875,8593.6123046875,8593.6123046875,8593.6123046875,0
2018-10-17,8219.9765625,8593.611860795454,8219.9765625,8593.611860795454,2000
2018-10-18,8219.9765625,8219.9765625,8219.9765625,8219.9765625,0
2018-10-19,8070.5224609375,8593.611879701968,8070.5224609375,8593.611879701968,8670
2018-10-22,8070.5224609375,8070.5224609375,8070.5224609375,8070.5224609375,0
2018-10-23,7510.07080078125,7921.069700326493,7510.07080078125,7921.069700326493,15000
2018-10-24,7995.79736328125,7995.79736328125,7995.79736328125,7995.79736328125,100
2018-10-25,7995.79736328125,7995.79736328125,7995.79736328125,7995.79736328125,0
2018-10-26,7995.79736328125,7995.79736328125,7995.79736328125,7995.79736328125,0
2018-10-29,7472.7060546875,8219.97666015625,7472.7060546875,8219.97666015625,1100
2018-10-30,7921.06884765625,7921.06884765625,7472.706460053066,7472.706460053066,3030
2018-10-31,8219.9765625,8219.9765625,7510.069495738637,8219.9765625,440
2018-11-01,7696.88720703125,8593.611930180521,7696.887207031249,8593.611930180521,370
2018-11-02,8219.9765625,8219.9765625,8219.9765625,8219.9765625,10
2018-11-05,7734.2509765625,8743.066321331522,7734.2509765625,8219.976883303141,70
2018-11-06,7547.43310546875,8219.97664952042,7547.43310546875,8219.97664952042,170
2018-11-07,8070.5224609375,8070.5224609375,7472.705982349536,7547.433042173032,4570
2018-11-08,8070.5224609375,8070.5224609375,8070.5224609375,8070.5224609375,0
2018-11-09,8593.6123046875,8593.6123046875,8593.6123046875,8593.6123046875,10
2018-11-12,7995.79736328125,8070.524441442757,7995.79736328125,8070.524441442757,4020
2018-11-13,7584.796875,7584.796875,7584.796875,7584.796875,1860
2018-11-14,7846.341796875,7846.341796875,7584.7970703125,7584.7970703125,2160
2018-11-15,7846.341796875,7846.341796875,7846.341796875,7846.341796875,860
2018-11-16,7696.88720703125,8369.430749393203,7696.887207031249,8369.430749393203,1310
2018-11-19,7696.88720703125,8219.976628868324,7696.887207031249,8219.976628868324,20
2018-11-20,7696.88720703125,7696.887207031249,7696.887207031249,7696.887207031249,0
2018-11-21,7734.2509765625,8219.976883303141,7734.2509765625,8219.976883303141,750
2018-11-22,8219.9765625,8219.9765625,7547.433025568182,7771.614204545454,20010
2018-11-23,7659.52392578125,8219.976895960366,7659.52392578125,8219.976895960366,60
2018-11-26,7734.2509765625,8182.613352015399,7734.2509765625,8145.249820727658,40
2018-11-27,7734.2509765625,7734.2509765625,7734.2509765625,7734.2509765625,0
2018-11-28,7584.796875,8257.340440270937,7584.796875,8257.340440270937,20
2018-11-29,7584.796875,7584.796875,7584.796875,7584.796875,0
2018-11-30,7696.88720703125,8107.886038474666,7622.160146768811,7622.160146768811,3200
2018-12-03,8219.9765625,8219.9765625,8219.9765625,8219.9765625,2330
2018-12-04,7808.97900390625,8743.06740150269,7808.979003906249,8668.340329694976,5010
2018-12-05,8294.7041015625,8332.06763355152,8070.522909628378,8332.06763355152,130
2018-12-06,8294.7041015625,8817.793549408783,7883.705249683277,7883.705249683277,7020
2018-12-07,8705.7021484375,8705.7021484375,8705.7021484375,8705.7021484375,10
2018-12-10,8705.7021484375,8705.7021484375,8705.7021484375,8705.7021484375,1810
2018-12-11,8939.9365234375,8939.9365234375,8939.9365234375,8939.9365234375,40
2018-12-12,8939.9365234375,8939.9365234375,8939.9365234375,8939.9365234375,0
2018-12-13,8939.9365234375,8939.9365234375,8939.9365234375,8939.9365234375,0
2018-12-14,8315.3125,8315.3125,8315.3125,8315.3125,10
2018-12-17,8822.8193359375,8822.8193359375,8822.8193359375,8822.8193359375,60
2018-12-18,8588.5859375,8588.5859375,8588.5859375,8588.5859375,50
2018-12-19,8588.5859375,8588.5859375,8588.5859375,8588.5859375,0
2018-12-20,8588.5859375,8588.5859375,8588.5859375,8588.5859375,0
2018-12-21,8588.5859375,8588.5859375,8003.000532670455,8042.0395596590915,1190
2018-12-24,8588.5859375,8588.5859375,8003.000532670455,8081.078586647728,1940
2018-12-25,8588.5859375,8588.5859375,8042.0395596590915,8042.0395596590915,6390
2018-12-26,8861.859375,8861.859375,8588.586178414096,8588.586178414096,2250
2018-12-27,9057.0546875,9057.0546875,8549.547312769397,8588.586341594828,10310
2018-12-28,9057.0546875,9057.0546875,9057.0546875,9057.0546875,0
2018-12-31,9057.0546875,9057.0546875,9057.0546875,9057.0546875,0
2019-01-01,9057.0546875,9057.0546875,9057.0546875,9057.0546875,0
2019-01-02,9915.912109375,9915.912109375,9447.44382074311,9447.44382074311,1210
2019-01-03,9915.912109375,9915.912109375,9915.912109375,9915.912109375,0
2019-01-04,9915.912109375,9915.912109375,9915.912109375,9915.912109375,0
2019-01-07,9915.912109375,9915.912109375,9915.912109375,9915.912109375,200
2019-01-08,9915.912109375,9915.912109375,9915.912109375,9915.912109375,0
2019-01-09,9915.912109375,9915.912109375,9915.912109375,9915.912109375,0
2019-01-10,9915.912109375,9915.912109375,9915.912109375,9915.912109375,0
2019-01-11,9915.912109375,9915.912109375,9915.912109375,9915.912109375,0
2019-01-14,9252.2490234375,9915.912455498416,9252.2490234375,9915.912455498416,160
2019-01-15,9252.2490234375,9252.2490234375,9252.2490234375,9252.2490234375,0
2019-01-16,9837.8349609375,9837.8349609375,9798.795933314732,9837.8349609375,13230
2019-01-17,9369.3662109375,10150.146728515623,9369.3662109375,10150.146728515623,200
2019-01-18,9876.8740234375,9876.8740234375,9759.756940155632,9759.756940155632,3190
2019-01-21,10072.0693359375,10072.0693359375,9213.210710392445,9213.210710392445,310
2019-01-22,9915.912109375,9915.912109375,9915.912109375,9915.912109375,358200
2019-01-23,9915.912109375,9915.912109375,9915.912109375,9915.912109375,0
2019-01-24,10150.146484375,10150.146484375,10150.146484375,10150.146484375,10
2019-01-25,9915.912109375,9915.912109375,9915.912109375,9915.912109375,120
2019-01-28,9915.912109375,9915.912109375,9915.912109375,9915.912109375,0
2019-01-29,9915.912109375,9915.912109375,9915.912109375,9915.912109375,0
2019-01-30,9915.912109375,9915.912109375,9252.248700479822,9252.248700479822,70
2019-01-31,9915.912109375,9915.912109375,9915.912109375,9915.912109375,0
2019-02-01,9915.912109375,9915.912109375,9915.912109375,9915.912109375,0
2019-02-04,9915.912109375,9915.912109375,9915.912109375,9915.912109375,0
2019-02-05,9915.912109375,9915.912109375,9915.912109375,9915.912109375,0
2019-02-06,9915.912109375,9915.912109375,9915.912109375,9915.912109375,0
2019-02-07,9915.912109375,9915.912109375,9915.912109375,9915.912109375,0
2019-02-08,9915.912109375,9915.912109375,9915.912109375,9915.912109375,0
2019-02-11,9915.912109375,9915.912109375,9915.912109375,9915.912109375,0
2019-02-12,9252.2490234375,9291.288048852848,9252.2490234375,9291.288048852848,1900
2019-02-13,9876.8740234375,9876.8740234375,9252.24957926754,9252.24957926754,30
2019-02-14,9876.8740234375,9876.8740234375,9876.8740234375,9876.8740234375,0
2019-02-15,9213.2099609375,10150.146567134534,9213.2099609375,10150.146567134534,20
2019-02-18,9213.2099609375,9213.2099609375,9213.2099609375,9213.2099609375,0
2019-02-19,9213.2099609375,9213.2099609375,9213.2099609375,9213.2099609375,0
2019-02-20,9369.3662109375,9837.834521484376,9369.3662109375,9837.834521484376,4530
2019-02-21,9915.912109375,9915.912109375,9915.912109375,9915.912109375,10
2019-02-22,9369.3662109375,9369.3662109375,9369.3662109375,9369.3662109375,1240
2019-02-25,9993.990234375,9993.990234375,9369.365844726562,9369.365844726562,6010
2019-02-26,10540.5361328125,10540.5361328125,10540.5361328125,10540.5361328125,10
2019-02-27,10852.849609375,10852.849609375,10852.849609375,10852.849609375,10
2019-02-28,10813.810546875,10813.810546875,10111.10805646435,10111.10805646435,110
2019-03-01,10072.0693359375,10306.303506540698,10072.0693359375,10306.303506540698,400
2019-03-04,9369.3662109375,9369.3662109375,9369.3662109375,9369.3662109375,600
2019-03-05,9993.990234375,9993.990234375,9681.67803955078,9954.951210021973,3570
2019-03-06,10306.302734375,10657.653963955963,9759.756377249052,9993.99053030303,1790
2019-03-07,9603.6005859375,10306.303067835366,9603.6005859375,10306.303067835366,5060
2019-03-08,9603.6005859375,9603.6005859375,9603.6005859375,9603.6005859375,0
2019-03-11,10150.146484375,10306.302584134615,10150.146484375,10306.302584134615,330
2019-03-12,10774.771484375,10774.771484375,10774.771484375,10774.771484375,10
2019-03-13,10072.0693359375,10150.147392805233,10072.0693359375,10150.147392805233,1040
2019-03-14,10072.0693359375,10150.147392805233,10072.0693359375,10150.147392805233,540720
2019-03-15,9993.990234375,10072.068283081057,9369.365844726562,9369.365844726562,218820
2019-03-18,9993.990234375,9993.990234375,9993.990234375,9993.990234375,0
2019-03-19,9759.7568359375,9759.7568359375,9408.40558984375,9408.40558984375,280
2019-03-20,9759.7568359375,9759.7568359375,9447.4446171875,9447.4446171875,170
2019-03-21,9408.40625,9408.40625,9408.40625,9408.40625,340
2019-03-22,9993.990234375,10033.029258728027,9369.365844726562,9369.365844726562,5070
2019-03-25,9525.5224609375,9993.990778688523,9525.5224609375,9993.990778688523,620
2019-03-26,9720.7177734375,9720.7177734375,9720.7177734375,9720.7177734375,30
2019-03-27,9720.7177734375,9720.7177734375,9720.7177734375,9720.7177734375,0
2019-03-28,9720.7177734375,9720.7177734375,9720.7177734375,9720.7177734375,110
2019-03-29,9798.7958984375,9798.7958984375,9798.7958984375,9798.7958984375,10
2019-04-01,9798.7958984375,9798.7958984375,9798.7958984375,9798.7958984375,0
2019-04-02,10384.380859375,10384.380859375,9798.79547256814,9798.79547256814,30
2019-04-03,10384.380859375,10384.380859375,10384.380859375,10384.380859375,0
2019-04-04,10384.380859375,10384.380859375,10384.380859375,10384.380859375,0
2019-04-05,10540.5361328125,10540.5361328125,9681.677633101852,9681.677633101852,140
2019-04-08,10540.5361328125,10540.5361328125,10540.5361328125,10540.5361328125,200
2019-04-09,10150.146484375,10150.146484375,10150.146484375,10150.146484375,100
2019-04-10,10150.146484375,10150.146484375,10150.146484375,10150.146484375,490
2019-04-11,10150.146484375,10150.146484375,10150.146484375,10150.146484375,0
2019-04-12,10150.146484375,10150.146484375,10150.146484375,10150.146484375,0
2019-04-15,10150.146484375,10150.146484375,10150.146484375,10150.146484375,0
2019-04-16,9486.4833984375,9525.522424768518,9447.444372106482,9486.4833984375,5110
2019-04-17,9525.5224609375,9525.5224609375,9525.5224609375,9525.5224609375,40
2019-04-18,9525.5224609375,9525.5224609375,9525.5224609375,9525.5224609375,0
2019-04-19,8861.859375,10072.069245594714,8861.859375,8939.9374311674,30
2019-04-22,8978.9755859375,8978.9755859375,8276.273148777174,8276.273148777174,1160
2019-04-23,8354.3525390625,8354.3525390625,8354.3525390625,8354.3525390625,10
2019-04-24,7885.8828125,8900.897431930693,7846.843788675742,8588.585241336634,500
2019-04-25,7846.84423828125,7846.84423828125,7846.84423828125,7846.84423828125,10
2019-04-26,8393.3896484375,8393.3896484375,7924.921388989826,8393.3896484375,320
2019-04-29,8393.3896484375,8393.3896484375,8393.3896484375,8393.3896484375,0
2019-04-30,8393.3896484375,8393.3896484375,8393.3896484375,8393.3896484375,0
2019-05-01,8393.3896484375,8393.3896484375,8393.3896484375,8393.3896484375,0
2019-05-02,8978.9755859375,8978.9755859375,7807.804857336956,8002.99997877038,2120
2019-05-03,9603.6005859375,9603.6005859375,8978.976157583842,8978.976157583842,30
2019-05-06,10033.0302734375,10033.0302734375,10033.0302734375,10033.0302734375,10
2019-05-07,10033.0302734375,10033.0302734375,10033.0302734375,10033.0302734375,0
2019-05-08,9369.3662109375,9369.3662109375,9369.3662109375,9369.3662109375,140
2019-05-09,9369.3662109375,9681.678417968751,8744.741796875001,8744.741796875001,1350
2019-05-10,9369.3662109375,9369.3662109375,9369.3662109375,9369.3662109375,0
2019-05-13,9915.912109375,9915.912109375,9915.912109375,9915.912109375,10
2019-05-14,9369.3662109375,9369.3662109375,9252.249133300782,9252.249133300782,20
2019-05-15,9369.3662109375,9369.3662109375,8744.741796875001,8744.741796875001,1660
2019-05-16,9369.3662109375,9369.3662109375,9369.3662109375,9369.3662109375,0
2019-05-17,9876.8740234375,9876.8740234375,9876.8740234375,9876.8740234375,10
2019-05-20,9213.2099609375,9213.2099609375,9213.2099609375,9213.2099609375,1950
2019-05-21,9213.2099609375,9213.2099609375,9213.2099609375,9213.2099609375,330
2019-05-22,9213.2099609375,9213.2099609375,9213.2099609375,9213.2099609375,0
2019-05-23,8666.6630859375,9603.599635768582,8627.624063027872,9603.599635768582,40
2019-05-24,9252.2490234375,9252.2490234375,8900.897794699367,8900.897794699367,1330
2019-05-27,8627.625,8822.820135746606,8627.625,8822.820135746606,150
2019-05-28,9213.2099609375,9213.2099609375,9213.2099609375,9213.2099609375,10
2019-05-29,9213.2099609375,9213.2099609375,9213.2099609375,9213.2099609375,0
2019-05-30,8978.9755859375,9369.365828804348,8666.663391644022,8666.663391644022,30
2019-05-31,8354.3525390625,8354.3525390625,8354.3525390625,8354.3525390625,20
2019-06-03,8744.7412109375,8744.7412109375,7846.843675885882,7846.843675885882,690
2019-06-04,8627.625,9291.28846153846,8159.156674208144,8159.156674208144,300
2019-06-05,9213.2099609375,9213.2099609375,9213.2099609375,9213.2099609375,60
2019-06-06,8666.6630859375,8666.6630859375,8666.6630859375,8666.6630859375,940
2019-06-07,9233.642578125,9233.642578125,8180.683336759868,8180.683336759868,550
2019-06-10,9233.642578125,9233.642578125,9233.642578125,9233.642578125,0
2019-06-11,9233.642578125,9233.642578125,9233.642578125,9233.642578125,0
2019-06-12,8626.1650390625,9679.124151811911,8626.1650390625,9679.124151811911,1040
2019-06-13,9193.142578125,9193.142578125,9193.142578125,9193.142578125,10
2019-06-14,9719.623046875,9719.623046875,9719.623046875,9719.623046875,10
2019-06-17,9395.634765625,10367.59698275862,9395.634765625,10367.59698275862,1410
2019-06-18,9395.634765625,9395.634765625,9395.634765625,9395.634765625,0
2019-06-19,9719.623046875,9719.623046875,9719.623046875,9719.623046875,10
2019-06-20,9719.623046875,9719.623046875,9719.623046875,9719.623046875,0
2019-06-21,9193.142578125,9193.142578125,9071.647301762116,9112.14572721641,1380
2019-06-24,8747.66015625,9638.625542534724,8747.66015625,8747.66015625,1080
2019-06-25,8747.66015625,9355.136555989584,8747.66015625,9355.136555989584,2930
2019-06-26,9355.1376953125,9355.1376953125,9355.1376953125,9355.1376953125,9000
2019-06-27,9719.623046875,9719.623046875,9719.623046875,9719.623046875,960
2019-06-28,9557.62890625,9719.622616525425,9557.62890625,9719.622616525425,3010
2019-07-01,9557.62890625,9557.62890625,9557.62890625,9557.62890625,0
2019-07-02,9557.62890625,9557.62890625,9557.62890625,9557.62890625,540
2019-07-03,9557.62890625,9557.62890625,9557.62890625,9557.62890625,0
2019-07-04,9557.62890625,9557.62890625,9557.62890625,9557.62890625,0
2019-07-05,9557.62890625,9557.62890625,9557.62890625,9557.62890625,0
2019-07-08,9557.62890625,9557.62890625,9557.62890625,9557.62890625,0
2019-07-09,9557.62890625,9557.62890625,9557.62890625,9557.62890625,0
2019-07-10,9719.623046875,9719.623046875,9719.623046875,9719.623046875,100
2019-07-11,9719.623046875,9719.623046875,9719.623046875,9719.623046875,0
2019-07-12,9557.62890625,9557.62890625,9557.62890625,9557.62890625,500
2019-07-15,9638.6259765625,9638.6259765625,9557.629119616597,9557.629119616597,150
2019-07-16,9638.6259765625,9638.6259765625,9638.6259765625,9638.6259765625,500
2019-07-17,9719.623046875,9719.623046875,9638.626188151042,9638.626188151042,1010
2019-07-18,9314.6376953125,9314.6376953125,9314.6376953125,9314.6376953125,10000
2019-07-19,9719.623046875,9719.623046875,9719.623046875,9719.623046875,10
2019-07-22,9719.623046875,9719.623046875,9719.623046875,9719.623046875,0
2019-07-23,9719.623046875,9719.623046875,9719.623046875,9719.623046875,0
2019-07-24,9719.623046875,9719.623046875,9719.623046875,9719.623046875,0
2019-07-25,9719.623046875,9719.623046875,9719.623046875,9719.623046875,0
2019-07-26,9719.623046875,9719.623046875,9719.623046875,9719.623046875,0
2019-07-29,9719.623046875,9719.623046875,9719.623046875,9719.623046875,0
2019-07-30,9719.623046875,9719.623046875,9719.623046875,9719.623046875,0
2019-07-31,9314.6376953125,9395.634544836958,9314.6376953125,9395.634544836958,27200
2019-08-01,9314.6376953125,9314.6376953125,9314.6376953125,9314.6376953125,0
2019-08-02,9314.6376953125,9314.6376953125,9314.6376953125,9314.6376953125,0
2019-08-05,9314.6376953125,9314.6376953125,9314.6376953125,9314.6376953125,0
2019-08-06,9314.6376953125,9314.6376953125,9314.6376953125,9314.6376953125,0
2019-08-07,9314.6376953125,9314.6376953125,9314.6376953125,9314.6376953125,0
2019-08-08,9395.634765625,9395.634765625,9395.634765625,9395.634765625,50
2019-08-09,9395.634765625,9395.634765625,9395.634765625,9395.634765625,0
2019-08-12,9395.634765625,9395.634765625,9395.634765625,9395.634765625,0
2019-08-13,9395.634765625,9395.634765625,9395.634765625,9395.634765625,0
2019-08-14,9395.634765625,9395.634765625,9395.634765625,9395.634765625,0
2019-08-15,9395.634765625,9395.634765625,9395.634765625,9395.634765625,0
2019-08-16,9395.634765625,9395.634765625,9395.634765625,9395.634765625,0
2019-08-19,9719.623046875,9719.623046875,9719.623046875,9719.623046875,1000
2019-08-20,10124.607421875,10124.607421875,10124.607421875,10124.607421875,10
2019-08-21,10124.607421875,10124.607421875,10124.607421875,10124.607421875,0
2019-08-22,10124.607421875,10124.607421875,10124.607421875,10124.607421875,0
2019-08-23,9436.1337890625,9436.1337890625,9436.1337890625,9436.1337890625,110
2019-08-26,9436.1337890625,9436.1337890625,8788.15893659469,8788.15893659469,12250
2019-08-27,9436.1337890625,10043.610213251071,9436.1337890625,10043.610213251071,990
2019-08-28,9436.1337890625,9436.1337890625,9436.1337890625,9436.1337890625,0
2019-08-29,9436.1337890625,9436.1337890625,9436.1337890625,9436.1337890625,0
2019-08-30,9436.1337890625,9436.1337890625,9436.1337890625,9436.1337890625,0
2019-09-02,9436.1337890625,9436.1337890625,9436.1337890625,9436.1337890625,0
2019-09-03,9436.1337890625,9436.1337890625,9436.1337890625,9436.1337890625,0
2019-09-04,9436.1337890625,9436.1337890625,9436.1337890625,9436.1337890625,0
2019-09-05,9436.1337890625,9436.1337890625,8788.15893659469,8788.15893659469,4000
2019-09-06,10084.1083984375,10084.1083984375,8788.158724742721,8788.158724742721,670
2019-09-09,10084.1083984375,10084.1083984375,10084.1083984375,10084.1083984375,0
2019-09-10,10084.1083984375,10084.1083984375,10084.1083984375,10084.1083984375,10
2019-09-11,9395.634765625,9395.634765625,9395.634765625,9395.634765625,30
2019-09-12,9395.634765625,9395.634765625,9395.634765625,9395.634765625,0
2019-09-13,9395.634765625,9395.634765625,9395.634765625,9395.634765625,0
2019-09-16,9395.634765625,9395.634765625,8747.659954202585,8747.659954202585,180
2019-09-17,9395.634765625,9395.634765625,9395.634765625,9395.634765625,0
2019-09-18,9395.634765625,9395.634765625,9395.634765625,9395.634765625,0
2019-09-19,9719.623046875,9719.623046875,9719.623046875,9719.623046875,10
2019-09-20,9719.623046875,9719.623046875,9719.623046875,9719.623046875,0
2019-09-23,10124.607421875,10124.607421875,9071.64825,9071.64825,2900
2019-09-24,9557.62890625,9557.62890625,9557.62890625,9557.62890625,50
2019-09-25,8909.654296875,8909.654296875,8909.654296875,8909.654296875,10
2019-09-26,9517.130859375,9517.130859375,9517.130859375,9517.130859375,10
2019-09-27,9517.130859375,9517.130859375,9517.130859375,9517.130859375,0
2019-09-30,9314.6376953125,9314.6376953125,9314.6376953125,9314.6376953125,10
2019-10-01,9719.623046875,9719.623046875,9719.623046875,9719.623046875,10
2019-10-02,9719.623046875,9719.623046875,9719.623046875,9719.623046875,0
2019-10-03,9719.623046875,9719.623046875,9719.623046875,9719.623046875,0
2019-10-04,9719.623046875,9719.623046875,9719.623046875,9719.623046875,0
2019-10-07,9719.623046875,9719.623046875,9719.623046875,9719.623046875,0
2019-10-08,9719.623046875,9719.623046875,9719.623046875,9719.623046875,0
2019-10-09,9719.623046875,9719.623046875,9719.623046875,9719.623046875,0
2019-10-10,9719.623046875,9719.623046875,9719.623046875,9719.623046875,0
2019-10-11,10124.607421875,10124.607421875,10124.607421875,10124.607421875,10
2019-10-14,10124.607421875,10124.607421875,10124.607421875,10124.607421875,0
2019-10-15,10124.607421875,10124.607421875,10124.607421875,10124.607421875,0
2019-10-16,10124.607421875,10124.607421875,10124.607421875,10124.607421875,10
2019-10-17,10124.607421875,10124.607421875,10124.607421875,10124.607421875,0
2019-10-18,10124.607421875,10124.607421875,10124.607421875,10124.607421875,0
2019-10-21,10124.607421875,10124.607421875,10124.607421875,10124.607421875,0
2019-10-22,10124.607421875,10124.607421875,10124.607421875,10124.607421875,0
2019-10-23,10043.6103515625,10043.6103515625,9436.133919008316,9436.133919008316,110
2019-10-24,10043.6103515625,10043.6103515625,10043.6103515625,10043.6103515625,0
2019-10-25,10043.6103515625,10043.6103515625,10043.6103515625,10043.6103515625,0
2019-10-28,10043.6103515625,10043.6103515625,10043.6103515625,10043.6103515625,0
2019-10-29,10043.6103515625,10043.6103515625,10043.6103515625,10043.6103515625,0
2019-10-30,10043.6103515625,10043.6103515625,10043.6103515625,10043.6103515625,0
2019-10-31,10043.6103515625,10043.6103515625,10043.6103515625,10043.6103515625,0
2019-11-01,10043.6103515625,10043.6103515625,10043.6103515625,10043.6103515625,0
2019-11-04,10043.6103515625,10043.6103515625,10043.6103515625,10043.6103515625,0
2019-11-05,10043.6103515625,10043.6103515625,10043.6103515625,10043.6103515625,0
2019-11-06,10043.6103515625,10043.6103515625,10043.6103515625,10043.6103515625,0
2019-11-07,10043.6103515625,10043.6103515625,10043.6103515625,10043.6103515625,0
2019-11-08,10043.6103515625,10043.6103515625,10043.6103515625,10043.6103515625,0
2019-11-11,10043.6103515625,10043.6103515625,10043.6103515625,10043.6103515625,0
2019-11-12,10043.6103515625,10043.6103515625,10043.6103515625,10043.6103515625,0
2019-11-13,10043.6103515625,10043.6103515625,10043.6103515625,10043.6103515625,0
2019-11-14,10043.6103515625,10043.6103515625,10043.6103515625,10043.6103515625,0
2019-11-15,10043.6103515625,10043.6103515625,10043.6103515625,10043.6103515625,0
2019-11-18,10043.6103515625,10043.6103515625,10043.6103515625,10043.6103515625,0
2019-11-19,10043.6103515625,10043.6103515625,10043.6103515625,10043.6103515625,0
2019-11-20,10043.6103515625,10043.6103515625,10043.6103515625,10043.6103515625,0
2019-11-21,9395.634765625,9395.634765625,9395.634765625,9395.634765625,30
2019-11-22,9719.623046875,9719.623046875,8747.6607421875,8828.657600911458,1010
2019-11-25,9719.623046875,9719.623046875,9719.623046875,9719.623046875,0
2019-11-26,9719.623046875,9719.623046875,9719.623046875,9719.623046875,0
2019-11-27,9719.623046875,9719.623046875,9719.623046875,9719.623046875,0
2019-11-28,9719.623046875,9719.623046875,9719.623046875,9719.623046875,0
2019-11-29,9071.6484375,9071.6484375,9071.6484375,9071.6484375,20
2019-12-02,8585.6669921875,9598.127722398289,8464.171704562204,9598.127722398289,1360
2019-12-06,8909.654296875,8909.654296875,8909.654296875,8909.654296875,0
2019-12-09,8423.6728515625,8423.6728515625,8423.6728515625,8423.6728515625,10
2019-12-10,7856.6953125,8383.174895296392,7840.495940721649,7840.495940721649,4330
2019-12-11,7451.7109375,7856.695227581522,7451.7109375,7856.695227581522,550
2019-12-12,7451.7109375,7451.7109375,7451.7109375,7451.7109375,10050
2019-12-13,7970.09033203125,7970.090332031251,7451.710473037348,7451.710473037348,43970
2019-12-16,8423.6728515625,8423.6728515625,8423.6728515625,8423.6728515625,30
2019-12-17,8504.6689453125,8909.65318080357,8383.173674665179,8383.173674665179,10450
2019-12-18,9071.6484375,9071.6484375,8504.67041015625,8504.67041015625,460
2019-12-19,8990.6513671875,8990.6513671875,8990.6513671875,8990.6513671875,10
2019-12-20,9517.130859375,9517.130859375,9071.648138297873,9071.648138297873,20
2019-12-23,9517.130859375,9517.130859375,9517.130859375,9517.130859375,0
2019-12-24,9517.130859375,9517.130859375,9517.130859375,9517.130859375,0
2019-12-25,9314.6376953125,9314.6376953125,8869.15502292799,8869.15502292799,550
2019-12-26,8909.654296875,8909.654296875,8909.654296875,8909.654296875,8650
2019-12-27,9476.6328125,9476.6328125,9233.642227564103,9233.642227564103,12840
2019-12-30,9719.623046875,9719.623046875,9719.623046875,9719.623046875,45000
2019-12-31,10124.607421875,10124.607421875,10124.607421875,10124.607421875,10
2020-01-01,10124.607421875,10124.607421875,10124.607421875,10124.607421875,0
2020-01-02,10813.080078125,10813.080078125,10813.080078125,10813.080078125,10
2020-01-03,10934.5751953125,11542.051595052084,10934.5751953125,11542.051595052084,20
2020-01-06,10934.5751953125,10934.5751953125,10934.5751953125,10934.5751953125,0
2020-01-07,11663.5478515625,11663.5478515625,11663.5478515625,11663.5478515625,10
2020-01-08,11663.5478515625,11663.5478515625,11663.5478515625,11663.5478515625,0
2020-01-09,11663.5478515625,11663.5478515625,11663.5478515625,11663.5478515625,0
2020-01-10,11663.5478515625,11663.5478515625,11663.5478515625,11663.5478515625,0
2020-01-13,11663.5478515625,11663.5478515625,11663.5478515625,11663.5478515625,0
2020-01-14,11663.5478515625,11663.5478515625,11663.5478515625,11663.5478515625,0
2020-01-15,11663.5478515625,11663.5478515625,11663.5478515625,11663.5478515625,0
2020-01-16,10934.5751953125,12473.515407986111,10934.5751953125,12473.515407986111,20
2020-01-17,10934.5751953125,10934.5751953125,10934.5751953125,10934.5751953125,0
2020-01-20,10934.5751953125,10934.5751953125,10934.5751953125,10934.5751953125,0
2020-01-21,10934.5751953125,10934.5751953125,10934.5751953125,10934.5751953125,0
2020-01-22,11501.552734375,11501.552734375,11501.552734375,11501.552734375,10
2020-01-23,11501.552734375,11501.552734375,11501.552734375,11501.552734375,0
2020-01-24,11501.552734375,11501.552734375,11501.552734375,11501.552734375,0
2020-01-27,11501.552734375,11501.552734375,11501.552734375,11501.552734375,0
2020-01-28,11501.552734375,11501.552734375,11501.552734375,11501.552734375,0
2020-01-29,11501.552734375,11501.552734375,11501.552734375,11501.552734375,0
2020-01-30,11501.552734375,11501.552734375,11501.552734375,11501.552734375,0
2020-01-31,12190.02734375,12271.02420317691,12190.02734375,12271.02420317691,90
2020-02-03,12190.02734375,12190.02734375,12190.02734375,12190.02734375,0
2020-02-04,12190.02734375,12190.02734375,12190.02734375,12190.02734375,0
2020-02-05,12190.02734375,12190.02734375,12190.02734375,12190.02734375,0
2020-02-06,12190.02734375,12190.02734375,12190.02734375,12190.02734375,0
2020-02-07,12190.02734375,12190.02734375,12190.02734375,12190.02734375,0
2020-02-10,12190.02734375,12190.02734375,12190.02734375,12190.02734375,0
2020-02-11,11339.5595703125,11339.5595703125,11339.5595703125,11339.5595703125,20
2020-02-12,11339.5595703125,11339.5595703125,11339.5595703125,11339.5595703125,0
2020-02-13,11339.5595703125,11339.5595703125,11339.5595703125,11339.5595703125,0
2020-02-14,10570.0908203125,10570.0908203125,10570.0908203125,10570.0908203125,10
2020-02-17,9841.1181640625,9841.1181640625,9841.1181640625,9841.1181640625,10
2020-02-18,9152.6455078125,9152.6455078125,9152.6455078125,9152.6455078125,10
2020-02-19,9274.1396484375,9274.1396484375,8545.167973014466,8950.152237138374,1090
2020-02-20,9719.623046875,9719.623046875,9719.623046875,9719.623046875,10
2020-02-21,10124.607421875,10124.607421875,9314.638828125,10124.607421875,1150
2020-02-24,10124.607421875,10124.607421875,10124.607421875,10124.607421875,0
2020-02-25,10772.58203125,10772.58203125,10124.607172227445,10124.607172227445,60
2020-02-26,10772.58203125,11501.553747650376,10043.610314849624,10043.610314849624,2170
2020-02-27,10772.58203125,10772.58203125,10772.58203125,10772.58203125,0
2020-02-28,11015.572265625,11177.565975413603,10043.610006893385,11177.565975413603,30
2020-03-02,10246.1025390625,10246.1025390625,10246.1025390625,10246.1025390625,50
2020-03-03,9557.62890625,9557.62890625,9557.62890625,9557.62890625,50
2020-03-05,8302.177734375,9517.130573551827,8302.177734375,8423.673018292682,3130
2020-03-06,8828.6572265625,8828.6572265625,8828.6572265625,8828.6572265625,30
2020-03-09,9314.6376953125,9395.634544836958,8221.180226732338,9395.634544836958,360
2020-03-10,9679.125,9679.125,9679.125,9679.125,10
2020-03-11,10327.099609375,10327.099609375,10327.099609375,10327.099609375,10
2020-03-12,10327.099609375,10327.099609375,10327.099609375,10327.099609375,0
2020-03-13,10286.6005859375,11015.572281003935,9638.625745878444,11015.572281003935,280
2020-03-16,10894.076171875,10975.073020736523,9598.126590090613,10975.073020736523,210
2020-03-17,10165.10546875,11623.04888259462,10165.10546875,11623.04888259462,200
2020-03-18,9476.6328125,9476.6328125,9476.6328125,9476.6328125,70
2020-03-19,8828.6572265625,10084.108483550744,8828.6572265625,8828.6572265625,90
2020-03-20,9355.1376953125,9395.63612689394,8261.680042613636,9395.63612689394,220
2020-03-23,8707.162109375,8707.162109375,8707.162109375,8707.162109375,100
2020-03-24,8707.162109375,8707.162109375,8707.162109375,8707.162109375,10
2020-03-25,8707.162109375,8707.162109375,8140.184111555232,8707.162109375,5170
2020-03-26,8909.654296875,9274.140154474431,8099.685724431818,9233.641725852272,1050
2020-03-27,8909.654296875,8909.654296875,8909.654296875,8909.654296875,0
2020-03-30,9395.634765625,9395.634765625,8504.669399919181,8504.669399919181,20
2020-03-31,9719.623046875,9719.623046875,8747.6607421875,8747.6607421875,19940
2020-04-01,9071.6484375,9071.6484375,9071.6484375,9071.6484375,87760
2020-04-02,9071.6484375,9071.6484375,9071.6484375,9071.6484375,0
2020-04-03,8585.6669921875,9679.124580815153,8464.171704562204,9679.124580815153,1470
2020-04-06,8747.66015625,9152.644422743057,8747.66015625,9152.644422743057,30
2020-04-07,9152.6455078125,9355.137665064987,8140.184721550055,8140.184721550055,180
2020-04-08,9152.6455078125,9152.6455078125,9152.6455078125,9152.6455078125,0
2020-04-09,9112.1474609375,9112.1474609375,9112.1474609375,9112.1474609375,20
2020-04-10,8504.6689453125,9112.145298549109,8504.6689453125,8504.6689453125,600
2020-04-13,9071.6484375,9071.6484375,9071.6484375,9071.6484375,8000
2020-04-14,9071.6484375,9071.6484375,9071.6484375,9071.6484375,90
2020-04-15,9598.1279296875,9598.1279296875,9071.648338607594,9071.648338607594,3360
2020-04-16,9071.6484375,9557.629603794643,9071.6484375,9557.629603794643,3170
2020-04-17,9638.6259765625,9679.124405035453,8545.168407792804,9679.124405035453,100
2020-04-20,9638.6259765625,9719.622833508403,9638.6259765625,9719.622833508403,510
2020-04-21,9314.6376953125,9314.6376953125,9314.6376953125,9314.6376953125,5320
2020-04-22,9922.1142578125,9922.1142578125,8666.663066007653,8666.663066007653,80
2020-04-23,10570.0908203125,10570.0908203125,9233.642555675287,9233.642555675287,20
2020-04-24,10570.0908203125,10570.0908203125,10570.0908203125,10570.0908203125,10
2020-04-27,9881.6171875,10570.090516137296,9881.6171875,10570.090516137296,210
2020-04-28,9193.142578125,10570.089043571035,9193.142578125,10570.089043571035,20
2020-04-29,9719.623046875,9719.623046875,8585.667024739583,8585.667024739583,3970
2020-04-30,9719.623046875,9719.623046875,9719.623046875,9719.623046875,0
2020-05-01,9719.623046875,9719.623046875,9719.623046875,9719.623046875,0
2020-05-04,9719.623046875,9719.623046875,9719.623046875,9719.623046875,0
2020-05-05,10367.5966796875,10367.5966796875,10367.5966796875,10367.5966796875,10
2020-05-06,10367.5966796875,10367.5966796875,10367.5966796875,10367.5966796875,0
2020-05-07,9679.125,10124.607740585774,9679.125,10124.607740585774,180
2020-05-08,9031.1494140625,9112.146269794002,9031.1494140625,9031.1494140625,8580
2020-05-11,9031.1494140625,9031.1494140625,9031.1494140625,9031.1494140625,0
2020-05-12,8504.6689453125,9638.6248046875,8464.170521763393,8464.170521763393,80
2020-05-13,9071.6484375,9071.6484375,8018.689243861607,8018.689243861607,5350
2020-05-14,8990.6513671875,9071.648226351352,8950.152937605575,9071.648226351352,4070
2020-05-15,8990.6513671875,8990.6513671875,8990.6513671875,8990.6513671875,0
2020-05-18,8990.6513671875,8990.6513671875,8990.6513671875,8990.6513671875,0
2020-05-19,9071.6484375,9071.6484375,8990.651576450893,8990.651576450893,170
2020-05-20,9071.6484375,9071.6484375,9071.6484375,9071.6484375,0
2020-05-21,9071.6484375,9071.6484375,9071.6484375,9071.6484375,0
2020-05-22,9557.62890625,9557.62890625,9314.638340836864,9314.638340836864,20
2020-05-25,10084.1083984375,10084.1083984375,8909.654006651606,8909.654006651606,20
2020-05-26,9962.61328125,9962.61328125,9395.635289634149,9962.61328125,20
2020-05-27,9395.634765625,9395.634765625,9395.634765625,9395.634765625,10
2020-05-28,8909.654296875,9719.622869318182,8909.654296875,9719.622869318182,20
2020-05-29,8909.654296875,9436.133868963068,8504.670010653408,8504.670010653408,30
2020-06-01,8909.654296875,8909.654296875,8909.654296875,8909.654296875,1000
2020-06-02,8909.654296875,8909.654296875,8909.654296875,8909.654296875,500
2020-06-03,8909.654296875,8909.654296875,8302.177867542614,8302.177867542614,26560
2020-06-04,8909.654296875,8909.654296875,8828.65743963068,8909.654296875,3540
2020-06-05,9476.6328125,9476.6328125,8909.654780982906,8909.654780982906,1470
2020-06-08,9476.6328125,9476.6328125,9476.6328125,9476.6328125,0
2020-06-09,9476.6328125,9476.6328125,9476.6328125,9476.6328125,0
2020-06-10,8990.6513671875,9274.14037426098,8990.6513671875,9274.14037426098,500
2020-06-11,8990.6513671875,8990.6513671875,8990.6513671875,8990.6513671875,100
2020-06-12,9314.6376953125,9314.6376953125,8383.17392578125,8383.17392578125,40
2020-06-15,8909.654296875,8909.654296875,8909.654296875,8909.654296875,3100
2020-06-16,9314.6376953125,9436.132969599186,8909.653447690218,9436.132969599186,1180
2020-06-17,9314.6376953125,9314.6376953125,9314.6376953125,9314.6376953125,1600
2020-06-18,8990.6513671875,9314.638803842903,8909.654508023648,8909.654508023648,1910
2020-06-19,9395.634765625,9395.634765625,9395.634765625,9395.634765625,100
2020-06-22,9476.6328125,9476.6328125,9152.645365918805,9152.645365918805,200
2020-06-23,9476.6328125,9476.6328125,9476.6328125,9476.6328125,0
2020-06-24,9476.6328125,9476.6328125,9476.6328125,9476.6328125,0
2020-06-25,9476.6328125,9476.6328125,9476.6328125,9476.6328125,0
2020-06-26,9476.6328125,9638.626535790598,8909.654780982906,9638.626535790598,290
2020-06-29,9314.6376953125,9638.625093410326,9314.6376953125,9638.625093410326,30
2020-06-30,8909.654296875,9395.635440340908,8909.654296875,9395.635440340908,20
2020-07-01,9233.642578125,9233.642578125,9233.642578125,9233.642578125,10
2020-07-02,9233.642578125,9233.642578125,9233.642578125,9233.642578125,0
2020-07-03,9233.642578125,9233.642578125,9233.642578125,9233.642578125,0
2020-07-06,9557.62890625,9557.62890625,8626.165072166314,8666.66349973517,2010
2020-07-07,9071.6484375,9071.6484375,9071.6484375,9071.6484375,10
2020-07-08,9679.125,9679.125,9476.632845188284,9476.632845188284,840
2020-07-09,9031.1494140625,10327.099105766536,9031.1494140625,10327.099105766536,3900
2020-07-10,9031.1494140625,9031.1494140625,9031.1494140625,9031.1494140625,0
2020-07-13,9031.1494140625,9031.1494140625,9031.1494140625,9031.1494140625,690
2020-07-14,8504.6689453125,9557.627957589286,8504.6689453125,9557.627957589286,20
2020-07-15,8585.6669921875,8585.6669921875,8504.670133770636,8585.6669921875,50000
2020-07-16,9152.6455078125,9152.6455078125,8504.670604604535,8504.670604604535,30
2020-07-17,9152.6455078125,9152.6455078125,9152.6455078125,9152.6455078125,0
2020-07-20,9152.6455078125,9152.6455078125,9152.6455078125,9152.6455078125,0
2020-07-21,9152.6455078125,9152.6455078125,9152.6455078125,9152.6455078125,0
2020-07-22,9152.6455078125,9152.6455078125,8909.654919109513,8909.654919109513,20
2020-07-23,9152.6455078125,9152.6455078125,9152.6455078125,9152.6455078125,0
2020-07-24,9152.6455078125,9152.6455078125,9152.6455078125,9152.6455078125,0
2020-07-27,8707.162109375,8747.660537790698,8545.16839571221,8747.660537790698,210
2020-07-28,8707.162109375,8707.162109375,8707.162109375,8707.162109375,0
2020-07-29,8707.162109375,8707.162109375,8707.162109375,8707.162109375,0
2020-07-30,8707.162109375,8707.162109375,8707.162109375,8707.162109375,0
2020-07-31,8707.162109375,8707.162109375,8707.162109375,8707.162109375,3170
2020-08-03,8909.654296875,8909.654296875,8180.682581676136,8707.162153764204,220
2020-08-04,8909.654296875,8909.654296875,8909.654296875,8909.654296875,0
2020-08-05,8909.654296875,8909.654296875,8909.654296875,8909.654296875,0
2020-08-06,8909.654296875,8909.654296875,8909.654296875,8909.654296875,0
2020-08-07,8909.654296875,8909.654296875,8909.654296875,8909.654296875,0
2020-08-10,8909.654296875,8909.654296875,8909.654296875,8909.654296875,0
2020-08-11,9031.1494140625,9031.1494140625,8342.67614034473,8342.67614034473,250
2020-08-12,9031.1494140625,9031.1494140625,9031.1494140625,9031.1494140625,0
2020-08-13,9557.62890625,9638.625761387711,9436.133623543432,9638.625761387711,3680
2020-08-14,9557.62890625,9962.61318193856,8990.650920286016,8990.650920286016,70
2020-08-17,9557.62890625,9557.62890625,9557.62890625,9557.62890625,0
2020-08-18,9557.62890625,9557.62890625,9557.62890625,9557.62890625,0
2020-08-19,9557.62890625,9557.62890625,9557.62890625,9557.62890625,0
2020-08-20,9557.62890625,9557.62890625,9557.62890625,9557.62890625,10
2020-08-21,10069.64453125,10069.64453125,10069.64453125,10069.64453125,10
2020-08-24,10069.64453125,10069.64453125,10069.64453125,10069.64453125,20
2020-08-25,10069.64453125,10069.64453125,9386.956766419493,9386.956766419493,110
2020-08-26,9386.95703125,9386.95703125,9386.95703125,9386.95703125,480
2020-08-27,9514.9609375,9514.9609375,8746.93718469731,8789.605170964125,3050
2020-08-28,9984.3095703125,10069.64554954594,8874.941840277777,10069.64554954594,6530
2020-08-31,9984.3095703125,9984.3095703125,9386.95771567842,9386.95771567842,410
2020-09-01,9941.640625,9941.640625,9301.62084227468,9301.62084227468,2830
2020-09-02,9941.640625,9941.640625,9941.640625,9941.640625,0
2020-09-03,9386.95703125,9386.95703125,9386.95703125,9386.95703125,20
2020-09-04,9130.9501953125,9130.9501953125,9130.9501953125,9130.9501953125,20
2020-09-07,8960.2763671875,9130.948297991072,8960.2763671875,9130.948297991072,620
2020-09-08,9344.2890625,9344.2890625,8960.277183219177,8960.277183219177,3520
2020-09-09,9728.3017578125,9728.3017578125,9728.3017578125,9728.3017578125,100
2020-09-10,9728.3017578125,9728.3017578125,9728.3017578125,9728.3017578125,0
2020-09-11,9728.3017578125,9728.3017578125,9728.3017578125,9728.3017578125,0
2020-09-14,9728.3017578125,9728.3017578125,9728.3017578125,9728.3017578125,0
2020-09-15,9386.95703125,9386.95703125,9002.945152698865,9002.945152698865,70
2020-09-16,9386.95703125,9386.95703125,9130.949112215909,9130.949112215909,100
2020-09-17,9386.95703125,9386.95703125,9386.95703125,9386.95703125,0
2020-09-18,9386.95703125,9386.95703125,9386.95703125,9386.95703125,0
2020-09-21,9386.95703125,9386.95703125,8874.94119318182,8874.94119318182,1510
2020-09-22,9386.95703125,9386.95703125,9386.95703125,9386.95703125,2630
2020-09-23,9386.95703125,9386.95703125,9386.95703125,9386.95703125,0
2020-09-24,8960.2763671875,8960.2763671875,8960.2763671875,8960.2763671875,4800
2020-09-25,9301.62109375,9301.62109375,9301.62109375,9301.62109375,10
2020-09-28,9301.62109375,9301.62109375,9301.62109375,9301.62109375,124330
2020-09-29,9130.9501953125,9386.958144713784,8960.278229044976,8960.278229044976,230
2020-09-30,9301.62109375,9301.62109375,9130.94914707569,9130.94914707569,160
2020-10-01,9386.95703125,9386.95703125,8704.26924715909,8704.26924715909,110
2020-10-02,9386.95703125,9386.95703125,9386.95703125,9386.95703125,0
2020-10-05,9386.95703125,9386.95703125,9386.95703125,9386.95703125,0
2020-10-06,9386.95703125,9386.95703125,9386.95703125,9386.95703125,0
2020-10-07,9386.95703125,9386.95703125,9386.95703125,9386.95703125,0
2020-10-08,9386.95703125,9386.95703125,9386.95703125,9386.95703125,1890
2020-10-09,9386.95703125,9386.95703125,9386.95703125,9386.95703125,0
2020-10-12,9301.62109375,9301.62109375,8789.605253727064,8789.605253727064,100
2020-10-13,9301.62109375,9386.957067087156,9301.62109375,9386.957067087156,950
2020-10-14,9386.95703125,9386.95703125,9301.621058238636,9301.621058238636,1250
2020-10-15,9130.9501953125,9130.9501953125,9130.9501953125,9130.9501953125,1870
2020-10-16,9386.95703125,9386.95703125,8789.605220170455,8789.605220170455,110
2020-10-19,9728.3017578125,9728.3017578125,8960.277934827303,8960.277934827303,1910
2020-10-20,9728.3017578125,9728.3017578125,9728.3017578125,9728.3017578125,0
2020-10-21,9386.95703125,9386.95703125,9088.281125710228,9088.281125710228,550
2020-10-22,9386.95703125,9386.95703125,9386.95703125,9386.95703125,0
2020-10-23,9557.6298828125,9557.6298828125,8746.93806239537,8789.606052943638,6220
2020-10-26,9386.95703125,9386.95703125,8917.6091796875,8917.6091796875,2700
2020-10-27,8832.2724609375,8832.2724609375,8832.2724609375,8832.2724609375,10
2020-10-28,8832.2724609375,8832.2724609375,8286.12227977808,8286.12227977808,2600
2020-10-29,9130.9501953125,9130.9501953125,8217.85517578125,8217.85517578125,20
2020-10-30,9130.9501953125,9130.9501953125,9130.9501953125,9130.9501953125,20
2020-11-02,9130.9501953125,9130.9501953125,9130.9501953125,9130.9501953125,10
2020-11-03,9130.9501953125,9130.9501953125,9130.9501953125,9130.9501953125,40
2020-11-04,9130.9501953125,9130.9501953125,9130.9501953125,9130.9501953125,0
2020-11-05,8917.609375,8917.609375,8618.93346291866,8618.93346291866,1070
2020-11-06,9045.61328125,9045.61328125,9045.61328125,9045.61328125,10
2020-11-09,9258.953125,9258.953125,8448.261376728111,8618.93332373272,4040
2020-11-10,9258.953125,9258.953125,8618.93332373272,8618.93332373272,280
2020-11-11,9557.6298828125,9557.6298828125,9557.6298828125,9557.6298828125,10
2020-11-12,9600.2978515625,9600.2978515625,9600.2978515625,9600.2978515625,320
2020-11-13,9386.95703125,9386.95703125,8960.277166193182,8960.277166193182,20
2020-11-16,9386.95703125,9386.95703125,9386.95703125,9386.95703125,30
2020-11-17,9514.9609375,9514.9609375,9514.9609375,9514.9609375,30
2020-11-18,9472.2939453125,9472.2939453125,8917.610065632038,8960.27805637669,500
2020-11-19,9728.3017578125,9728.3017578125,8874.941954495614,8874.941954495614,20
2020-11-20,9728.3017578125,10069.645679139254,9728.3017578125,9728.3017578125,50
2020-11-23,9514.9609375,9514.9609375,9088.28107483184,9130.949061098654,290
2020-11-24,9472.2939453125,9472.2939453125,8874.942074887387,8874.942074887387,20
2020-11-25,8960.2763671875,9472.292159598215,8832.272419084822,8832.272419084822,50
2020-11-26,9258.953125,9258.953125,9258.953125,9258.953125,10
2020-11-27,9130.9501953125,9130.9501953125,9130.9501953125,9130.9501953125,10
2020-11-30,8874.94140625,8874.94140625,8874.94140625,8874.94140625,10
2020-12-01,9216.28515625,9216.28515625,8789.605287905093,8789.605287905093,20
2020-12-02,9216.28515625,9216.28515625,9216.28515625,9216.28515625,900
2020-12-03,9216.28515625,9216.28515625,9216.28515625,9216.28515625,0
2020-12-04,9173.6171875,9173.6171875,9173.6171875,9173.6171875,10
2020-12-07,9173.6171875,9173.6171875,9173.6171875,9173.6171875,400
2020-12-08,9557.6298828125,9557.6298828125,9557.6298828125,9557.6298828125,10
2020-12-09,9557.6298828125,9557.6298828125,9557.6298828125,9557.6298828125,0
2020-12-10,9557.6298828125,9557.6298828125,9557.6298828125,9557.6298828125,0
2020-12-11,9557.6298828125,9557.6298828125,9557.6298828125,9557.6298828125,0
2020-12-14,9301.62109375,9344.28908041858,8917.609213732798,8917.609213732798,580
2020-12-15,8874.94140625,9258.953294020434,8874.94140625,8874.94140625,2070
2020-12-16,9301.62109375,9301.62109375,9301.62109375,9301.62109375,10
2020-12-17,9557.6298828125,9557.6298828125,8661.602081298828,9301.62193952288,4500
2020-12-18,9642.9658203125,9728.30180102323,9642.9658203125,9728.30180102323,160
2020-12-21,9557.6298828125,9813.63782610212,9557.6298828125,9813.63782610212,150
2020-12-22,9301.62109375,9301.62109375,8960.277200401377,9088.28116040711,3410
2020-12-23,9301.62109375,9301.62109375,9301.62109375,9301.62109375,100
2020-12-24,8661.6005859375,8960.276468211207,8661.6005859375,8960.276468211207,3380
2020-12-25,9216.28515625,9216.28515625,9216.28515625,9216.28515625,30
2020-12-28,9216.28515625,9557.629050925923,9216.28515625,9216.28515625,3440
2020-12-29,9216.28515625,9216.28515625,9216.28515625,9216.28515625,1210
2020-12-30,8789.60546875,9386.957296723302,8576.265530188108,8576.265530188108,440
2020-12-31,8960.2763671875,9386.95619419643,8286.122240513394,8789.604436383928,710
2021-01-01,8960.2763671875,8960.2763671875,8960.2763671875,8960.2763671875,0
2021-01-04,8960.2763671875,8960.2763671875,8960.2763671875,8960.2763671875,80
2021-01-05,9429.625,9429.625,8618.933257918552,8618.933257918552,290
2021-01-06,9386.95703125,9429.625017755685,9216.285085227271,9429.625017755685,160
2021-01-07,9386.95703125,9386.95703125,9386.95703125,9386.95703125,180
2021-01-08,9472.2939453125,9472.2939453125,9472.2939453125,9472.2939453125,10
2021-01-11,9472.2939453125,9472.2939453125,9472.2939453125,9472.2939453125,0
2021-01-12,9472.2939453125,9472.2939453125,9472.2939453125,9472.2939453125,50
2021-01-13,9472.2939453125,9472.2939453125,8960.27805637669,8960.27805637669,270
2021-01-14,9386.95703125,9386.95703125,9386.95703125,9386.95703125,40
2021-01-15,8960.2763671875,9984.307952008929,8960.2763671875,9984.307952008929,30
2021-01-18,8960.2763671875,9045.612332589286,8874.940401785714,8960.2763671875,610
2021-01-19,8960.2763671875,8960.2763671875,8960.2763671875,8960.2763671875,590
2021-01-20,9386.95703125,9386.95703125,8960.277166193182,8960.277166193182,600
2021-01-21,9386.95703125,9386.95703125,9386.95703125,9386.95703125,0
2021-01-22,9728.3017578125,9728.3017578125,9216.285875822368,9386.957836485746,120
2021-01-25,9813.63671875,9898.972690217392,9088.280961277174,9130.94894701087,80
2021-01-26,9642.9658203125,9898.97376244469,9642.9658203125,9898.97376244469,190
2021-01-27,9642.9658203125,9642.9658203125,9642.9658203125,9642.9658203125,0
2021-01-28,9216.28515625,9216.28515625,9216.28515625,9216.28515625,10
2021-01-29,8618.93359375,9514.961343595298,8618.93359375,8618.93359375,70
2021-02-01,8960.2763671875,9130.948297991072,8960.2763671875,9130.948297991072,110
2021-02-02,8960.2763671875,8960.2763671875,8960.2763671875,8960.2763671875,0
2021-02-03,9386.95703125,9386.95703125,9386.95703125,9386.95703125,10
2021-02-04,9386.95703125,9386.95703125,9386.95703125,9386.95703125,0
2021-02-05,9386.95703125,9386.95703125,9386.95703125,9386.95703125,430
2021-02-08,9386.95703125,9386.95703125,9386.95703125,9386.95703125,0
2021-02-09,9386.95703125,9386.95703125,9386.95703125,9386.95703125,0
2021-02-10,9386.95703125,9386.95703125,9386.95703125,9386.95703125,0
2021-02-11,9386.95703125,9386.95703125,9386.95703125,9386.95703125,0
2021-02-12,9386.95703125,9386.95703125,9386.95703125,9386.95703125,0
2021-02-15,9386.95703125,9386.95703125,9386.95703125,9386.95703125,0
2021-02-16,9386.95703125,9386.95703125,9386.95703125,9386.95703125,0
2021-02-17,9429.625,9429.625,9386.95701357466,9386.95701357466,160
2021-02-18,9429.625,9429.625,9386.95701357466,9386.95701357466,410
2021-02-19,9813.63671875,9813.63671875,9429.62484714674,9429.62484714674,140
2021-02-22,10154.9814453125,10154.9814453125,10154.9814453125,10154.9814453125,10
2021-02-23,9472.2939453125,9472.2939453125,9472.2939453125,9472.2939453125,60
2021-02-24,9898.97265625,9984.308627424569,9472.292800377156,9984.308627424569,11000
2021-02-25,9898.97265625,9898.97265625,9898.97265625,9898.97265625,10000
2021-02-26,9898.97265625,9898.97265625,9898.97265625,9898.97265625,0
2021-03-01,9898.97265625,9898.97265625,9472.292800377156,9472.292800377156,80
2021-03-02,9386.95703125,9386.95703125,9386.95703125,9386.95703125,10
2021-03-03,9898.97265625,9898.97265625,9728.300713900862,9728.300713900862,150
2021-03-04,9898.97265625,9898.97265625,9898.97265625,9898.97265625,0
2021-03-05,9898.97265625,9898.97265625,9898.97265625,9898.97265625,0
2021-03-08,9898.97265625,9898.97265625,9898.97265625,9898.97265625,160
2021-03-09,9898.97265625,9898.97265625,9898.97265625,9898.97265625,1100
2021-03-10,9642.9658203125,9642.9658203125,9642.9658203125,9642.9658203125,50
2021-03-11,9728.3017578125,9728.3017578125,9728.3017578125,9728.3017578125,30
2021-03-12,9984.3095703125,9984.3095703125,9898.97359107906,9898.97359107906,170
2021-03-15,10240.3173828125,10240.3173828125,9984.309448242188,9984.309448242188,190
2021-03-16,10240.3173828125,10240.3173828125,10240.3173828125,10240.3173828125,80
2021-03-17,10666.9970703125,10666.9970703125,10496.3251171875,10496.3251171875,70
2021-03-18,10666.9970703125,10666.9970703125,10666.9970703125,10666.9970703125,0
2021-03-19,10666.9970703125,10666.9970703125,10666.9970703125,10666.9970703125,0
2021-03-22,10666.9970703125,10666.9970703125,10666.9970703125,10666.9970703125,0
2021-03-23,11349.6845703125,11349.6845703125,10752.332750822368,10752.332750822368,70
2021-03-24,11947.0361328125,11947.0361328125,11947.0361328125,11947.0361328125,100
2021-03-25,12373.7158203125,12757.727690598062,12288.379849137931,12288.379849137931,620
2021-03-26,11520.3564453125,12288.380208333334,11520.3564453125,12288.380208333334,90
2021-03-29,11520.3564453125,11520.3564453125,11520.3564453125,11520.3564453125,10
2021-03-30,11520.3564453125,11520.3564453125,11520.3564453125,11520.3564453125,40
2021-03-31,11520.3564453125,11520.3564453125,11520.3564453125,11520.3564453125,0
2021-04-01,11520.3564453125,11520.3564453125,11520.3564453125,11520.3564453125,30
2021-04-02,10752.333984375,10837.669968377975,10752.333984375,10752.333984375,380
2021-04-05,10240.3173828125,10752.333251953123,10240.3173828125,10752.333251953123,380
2021-04-06,10666.9970703125,10666.9970703125,10240.3171875,10240.3171875,510
2021-04-07,10666.9970703125,10666.9970703125,10069.645234375,10069.645234375,150
2021-04-08,10325.65234375,10325.65234375,10325.65234375,10325.65234375,20
2021-04-09,10410.9892578125,10709.665179143189,10410.9892578125,10709.665179143189,50
2021-04-12,10624.3291015625,10837.669043360944,10410.989159764056,10410.989159764056,680
2021-04-13,10624.3291015625,10624.3291015625,10624.3291015625,10624.3291015625,0
2021-04-14,10624.3291015625,10624.3291015625,10624.3291015625,10624.3291015625,0
2021-04-15,10624.3291015625,10624.3291015625,10624.3291015625,10624.3291015625,70
2021-04-16,10496.3251953125,10666.997149707826,10496.3251953125,10624.329161108994,820
2021-04-19,10496.3251953125,10496.3251953125,10496.3251953125,10496.3251953125,0
2021-04-20,10666.9970703125,10666.9970703125,10581.66109375,10666.9970703125,810
2021-04-21,10666.9970703125,10666.9970703125,10666.9970703125,10666.9970703125,0
2021-04-22,10923.00390625,10923.00390625,9941.640274047852,10666.996002197266,890
2021-04-23,10923.00390625,10923.00390625,10923.00390625,10923.00390625,0
2021-04-26,10923.00390625,10923.00390625,10923.00390625,10923.00390625,0
2021-04-27,10923.00390625,10923.00390625,10923.00390625,10923.00390625,0
2021-04-28,10923.00390625,10923.00390625,10752.331970214844,10752.331970214844,400
2021-04-29,10923.00390625,10923.00390625,10923.00390625,10923.00390625,0
2021-04-30,10923.00390625,10923.00390625,10923.00390625,10923.00390625,0
2021-05-03,10923.00390625,10923.00390625,10923.00390625,10923.00390625,0
2021-05-04,10923.00390625,10923.00390625,10923.00390625,10923.00390625,0
2021-05-05,10666.9970703125,10752.333046875,10666.9970703125,10752.333046875,90
2021-05-06,10666.9970703125,10666.9970703125,10666.9970703125,10666.9970703125,0
2021-05-07,10624.3291015625,10624.3291015625,10624.3291015625,10624.3291015625,10
2021-05-10,10240.3173828125,10240.3173828125,10240.3173828125,10240.3173828125,40
2021-05-11,10240.3173828125,10240.3173828125,9557.629557291666,9557.629557291666,110
2021-05-12,10240.3173828125,10240.3173828125,10240.3173828125,10240.3173828125,0
2021-05-13,10240.3173828125,10240.3173828125,10240.3173828125,10240.3173828125,0
2021-05-14,10240.3173828125,10240.3173828125,10240.3173828125,10240.3173828125,0
2021-05-17,10240.3173828125,10240.3173828125,10240.3173828125,10240.3173828125,0
2021-05-18,10240.3173828125,10240.3173828125,10240.3173828125,10240.3173828125,0
2021-05-19,10581.6611328125,10581.6611328125,10581.6611328125,10581.6611328125,10
2021-05-20,10581.6611328125,10581.6611328125,10581.6611328125,10581.6611328125,0
2021-05-21,11093.67578125,11093.67578125,10240.31610576923,10240.31610576923,3720
2021-05-24,10666.9970703125,11093.676953125,10666.9970703125,11093.676953125,190
2021-05-25,10666.9970703125,10666.9970703125,10666.9970703125,10666.9970703125,0
2021-05-26,10026.9775390625,10026.9775390625,10026.9775390625,10026.9775390625,80
2021-05-27,10240.3173828125,10240.3173828125,9344.289611816406,9344.289611816406,90
2021-05-28,10666.9970703125,10923.005,10666.9970703125,10923.005,30
2021-05-31,10666.9970703125,10666.9970703125,10666.9970703125,10666.9970703125,0
2021-06-01,10666.9970703125,10666.9970703125,10666.9970703125,10666.9970703125,0
2021-06-02,10666.9970703125,10666.9970703125,10666.9970703125,10666.9970703125,0
2021-06-03,10496.3251953125,10496.3251953125,10496.3251953125,10496.3251953125,50
2021-06-04,10666.9970703125,10666.9970703125,10581.66109375,10581.66109375,50
2021-06-07,9941.640625,9941.640625,9941.640625,9941.640625,500
2021-06-08,9941.640625,9941.640625,9941.640625,9941.640625,0
2021-06-09,9898.97265625,9898.97265625,9898.97265625,9898.97265625,10300
2021-06-10,9898.97265625,9898.97265625,9898.97265625,9898.97265625,0
2021-06-11,10240.3173828125,10240.3173828125,10240.3173828125,10240.3173828125,100
2021-06-14,10240.3173828125,10240.3173828125,10240.3173828125,10240.3173828125,0
2021-06-15,10154.9814453125,10154.9814453125,9557.629595588236,9557.629595588236,700
2021-06-16,10666.9970703125,10666.9970703125,9514.96138671875,9514.96138671875,300
2021-06-17,9984.3095703125,9984.3095703125,9984.3095703125,9984.3095703125,200
2021-06-18,9984.3095703125,9984.3095703125,9984.3095703125,9984.3095703125,0
2021-06-21,10581.6611328125,10581.6611328125,10581.6611328125,10581.6611328125,100
2021-06-22,10581.6611328125,10581.6611328125,10581.6611328125,10581.6611328125,0
2021-06-23,9898.97265625,9898.97265625,9898.97265625,9898.97265625,2800
2021-06-24,9898.97265625,9898.97265625,9898.97265625,9898.97265625,100
2021-06-25,9984.3095703125,9984.3095703125,9984.3095703125,9984.3095703125,2000
2021-06-28,10581.6611328125,10581.6611328125,10581.6611328125,10581.6611328125,100
2021-06-29,10240.3173828125,10240.3173828125,10240.3173828125,10240.3173828125,1000
2021-06-30,10240.3173828125,10240.3173828125,10240.3173828125,10240.3173828125,400
2021-07-01,10752.333984375,10752.333984375,10752.333984375,10752.333984375,2100
2021-07-02,10752.333984375,10752.333984375,10752.333984375,10752.333984375,0
2021-07-05,10752.333984375,10752.333984375,10752.333984375,10752.333984375,0
2021-07-06,10752.333984375,10752.333984375,10752.333984375,10752.333984375,0
2021-07-07,10752.333984375,10752.333984375,10752.333984375,10752.333984375,0
2021-07-08,10752.333984375,10752.333984375,10752.333984375,10752.333984375,0
2021-07-09,10752.333984375,10752.333984375,10752.333984375,10752.333984375,0
2021-07-12,10752.333984375,10752.333984375,10752.333984375,10752.333984375,0
2021-07-13,10581.6611328125,10581.6611328125,10581.6611328125,10581.6611328125,100
2021-07-14,10581.6611328125,10581.6611328125,10581.6611328125,10581.6611328125,0
2021-07-15,9856.3056640625,11307.01732024486,9856.3056640625,11307.01732024486,700
2021-07-16,9856.3056640625,9856.3056640625,9856.3056640625,9856.3056640625,0
2021-07-19,9856.3056640625,9856.3056640625,9856.3056640625,9856.3056640625,0
2021-07-20,9216.28515625,9216.28515625,9216.28515625,9216.28515625,100
2021-07-21,9856.3056640625,9856.3056640625,8618.933957318723,8618.933957318723,400
2021-07-22,9856.3056640625,9856.3056640625,9856.3056640625,9856.3056640625,0
2021-07-23,10453.65625,10453.65625,10453.65625,10453.65625,100
2021-07-26,11179.0126953125,11179.0126953125,10240.316972805344,10240.316972805344,300
2021-07-27,11051.0087890625,11051.0087890625,10410.988975024133,10410.988975024133,500
2021-07-28,10325.65234375,10368.320328641528,10325.65234375,10368.320328641528,800
2021-07-29,10325.65234375,10325.65234375,10325.65234375,10325.65234375,1000
2021-07-30,9728.3017578125,10709.66553162692,9728.3017578125,10709.66553162692,300
2021-08-02,10368.3212890625,10368.3212890625,9728.30145640432,9770.9694452482,500
2021-08-03,10368.3212890625,10368.3212890625,10368.3212890625,10368.3212890625,0
2021-08-04,10368.3212890625,10368.3212890625,10368.3212890625,10368.3212890625,0
2021-08-05,10637.626953125,10637.626953125,9739.936914886604,9739.936914886604,200
2021-08-06,9964.3603515625,9964.3603515625,9964.3603515625,9964.3603515625,100
2021-08-09,9964.3603515625,9964.3603515625,9964.3603515625,9964.3603515625,0
2021-08-10,9964.3603515625,9964.3603515625,9964.3603515625,9964.3603515625,0
2021-08-11,10188.783203125,10188.783203125,10188.783203125,10188.783203125,200
2021-08-12,10188.783203125,10188.783203125,10188.783203125,10188.783203125,0
2021-08-13,10188.783203125,10188.783203125,10188.783203125,10188.783203125,0
2021-08-16,10233.6669921875,10233.6669921875,10233.6669921875,10233.6669921875,200
2021-08-17,10233.6669921875,10233.6669921875,10233.6669921875,10233.6669921875,0
2021-08-18,11221.1259765625,11221.1259765625,10772.2809375,10906.93444921875,3000
2021-08-19,11221.1259765625,11221.1259765625,11221.1259765625,11221.1259765625,1200
2021-08-20,11221.1259765625,11221.1259765625,11221.1259765625,11221.1259765625,9800
2021-08-23,11221.1259765625,11221.1259765625,11221.1259765625,11221.1259765625,4000
2021-08-24,11221.1259765625,11221.1259765625,11221.1259765625,11221.1259765625,4600
2021-08-25,11310.8955078125,11310.8955078125,11310.8955078125,11310.8955078125,1000
2021-08-26,11355.7802734375,11355.7802734375,11221.126752408598,11310.895766427866,2500
2021-08-27,11310.8955078125,11310.8955078125,11221.126495845734,11221.126495845734,1400
2021-08-30,11310.8955078125,11310.8955078125,11310.8955078125,11310.8955078125,0
2021-08-31,11310.8955078125,11310.8955078125,11310.8955078125,11310.8955078125,0
2021-09-01,11221.1259765625,11310.894984375,11221.1259765625,11221.1259765625,2700
2021-09-02,11221.1259765625,11221.1259765625,11221.1259765625,11221.1259765625,0
2021-09-03,11221.1259765625,11221.1259765625,11221.1259765625,11221.1259765625,0
2021-09-06,11221.1259765625,11266.01048046875,11221.1259765625,11266.01048046875,6000
2021-09-07,11221.1259765625,11221.1259765625,11221.1259765625,11221.1259765625,400
2021-09-08,11221.1259765625,11221.1259765625,11221.1259765625,11221.1259765625,0
2021-09-09,11669.9716796875,11669.9716796875,11669.9716796875,11669.9716796875,100
2021-09-10,11669.9716796875,11669.9716796875,11669.9716796875,11669.9716796875,200
2021-09-13,11669.9716796875,11669.9716796875,11669.9716796875,11669.9716796875,0
2021-09-14,11669.9716796875,11669.9716796875,11669.9716796875,11669.9716796875,0
2021-09-15,11221.1259765625,11310.894984375,11221.1259765625,11310.894984375,48500
2021-09-16,11221.1259765625,11221.1259765625,11221.1259765625,11221.1259765625,0
2021-09-17,11490.4326171875,11669.970626831057,11490.4326171875,11669.970626831057,1400
2021-09-20,11669.9716796875,11669.9716796875,11669.9716796875,11669.9716796875,200
2021-09-21,11669.9716796875,11669.9716796875,11669.9716796875,11669.9716796875,0
2021-09-22,11669.9716796875,11669.9716796875,11669.9716796875,11669.9716796875,0
2021-09-23,11580.2021484375,11580.2021484375,11221.126112827034,11310.89512172965,1200
2021-09-24,11580.2021484375,11580.2021484375,11580.2021484375,11580.2021484375,0
2021-09-27,12343.2392578125,12343.2392578125,12343.2392578125,12343.2392578125,100
2021-09-28,11490.4326171875,11490.4326171875,11490.4326171875,11490.4326171875,1600
2021-09-29,11221.1259765625,11221.1259765625,11221.1259765625,11221.1259765625,1700
2021-09-30,11221.1259765625,11221.1259765625,11221.1259765625,11221.1259765625,500
2021-10-01,11221.1259765625,11221.1259765625,11221.1259765625,11221.1259765625,1600
2021-10-04,11221.1259765625,11221.1259765625,11221.1259765625,11221.1259765625,9530000
2021-10-05,11221.1259765625,11221.1259765625,10502.9739140625,10502.9739140625,1300
2021-10-06,11221.1259765625,11221.1259765625,11221.1259765625,11221.1259765625,0
2021-10-07,11221.1259765625,11221.1259765625,11221.1259765625,11221.1259765625,0
2021-10-08,11221.1259765625,11221.1259765625,11221.1259765625,11221.1259765625,0
2021-10-11,11221.1259765625,11221.1259765625,11221.1259765625,11221.1259765625,0
2021-10-12,12118.81640625,12118.81640625,11041.58828125,11041.58828125,3100
2021-10-13,12118.81640625,12118.81640625,12118.81640625,12118.81640625,100
2021-10-14,12118.81640625,12118.81640625,12118.81640625,12118.81640625,0
2021-10-15,12118.81640625,12388.1234375,12118.81640625,12388.1234375,200
2021-10-18,12118.81640625,12118.81640625,12118.81640625,12118.81640625,0
2021-10-19,12029.046875,12029.046875,12029.046875,12029.046875,100
2021-10-20,12118.81640625,12118.81640625,12118.81640625,12118.81640625,1000
2021-10-21,11669.9716796875,11669.9716796875,11669.9716796875,11669.9716796875,100
2021-10-22,12433.0078125,12477.892317238267,10862.050146660653,10862.050146660653,9200
2021-10-25,12433.0078125,12433.0078125,12433.0078125,12433.0078125,0
2021-10-26,12433.0078125,12433.0078125,12433.0078125,12433.0078125,0
2021-10-27,12433.0078125,12433.0078125,12433.0078125,12433.0078125,0
2021-10-28,12388.1240234375,12388.1240234375,11939.278950124548,11939.278950124548,4100
2021-10-29,12118.81640625,12657.43046875,12118.81640625,12657.43046875,4200
2021-11-01,12118.81640625,12118.81640625,12118.81640625,12118.81640625,0
2021-11-02,12612.544921875,12612.544921875,12477.891417370996,12477.891417370996,7100
2021-11-03,12612.544921875,12612.544921875,12612.544921875,12612.544921875,0
2021-11-04,12612.544921875,12612.544921875,12612.544921875,12612.544921875,0
2021-11-05,12612.544921875,12612.544921875,12612.544921875,12612.544921875,0
2021-11-08,12612.544921875,12612.544921875,12612.544921875,12612.544921875,0
2021-11-09,12612.544921875,12612.544921875,12567.660420373664,12567.660420373664,300
2021-11-10,12073.931640625,12612.5456915079,12073.931640625,12612.5456915079,700
2021-11-11,12073.931640625,12073.931640625,12073.931640625,12073.931640625,200
2021-11-12,12118.81640625,12567.661458333332,12073.931901041666,12073.931901041666,57500
2021-11-15,12118.81640625,12118.81640625,12118.81640625,12118.81640625,6700
2021-11-16,12118.81640625,12118.81640625,12118.81640625,12118.81640625,11700
2021-11-17,11759.740234375,11759.740234375,11759.740234375,11759.740234375,200
2021-11-18,11669.9716796875,11669.9716796875,11669.9716796875,11669.9716796875,100
2021-11-19,11669.9716796875,11669.9716796875,11669.9716796875,11669.9716796875,0
2021-11-22,11310.8955078125,11310.8955078125,11310.8955078125,11310.8955078125,100
2021-11-23,10772.28125,11310.8953125,10772.28125,11310.8953125,1500
2021-11-24,10772.28125,10772.28125,10772.28125,10772.28125,0
2021-11-25,11490.4326171875,11490.4326171875,11490.4326171875,11490.4326171875,600
2021-11-26,11490.4326171875,11490.4326171875,11490.4326171875,11490.4326171875,3100
2021-11-29,11490.4326171875,11490.4326171875,11490.4326171875,11490.4326171875,300
2021-11-30,11490.4326171875,11490.4326171875,11490.4326171875,11490.4326171875,0
2021-12-01,11490.4326171875,11669.970626831057,11490.4326171875,11490.4326171875,4500
2021-12-02,11804.625,11849.50950570342,11804.625,11849.50950570342,1300
2021-12-03,11849.509765625,11849.509765625,11804.625258937029,11804.625258937029,1900
2021-12-06,11041.587890625,11041.587890625,11041.587890625,11041.587890625,1100
2021-12-07,11041.587890625,11041.587890625,11041.587890625,11041.587890625,0
2021-12-08,10862.0498046875,11804.624374515754,10368.320268110794,11669.970864540288,13900
2021-12-09,10637.626953125,11535.316991363396,10637.626953125,11535.316991363396,1100
2021-12-10,11221.1259765625,11221.1259765625,11221.1259765625,11221.1259765625,1000
2021-12-13,11221.1259765625,11221.1259765625,11221.1259765625,11221.1259765625,0
2021-12-14,11939.279296875,11939.279296875,11939.279296875,11939.279296875,100
2021-12-15,11221.1259765625,11221.1259765625,11131.35696875,11176.241472656253,4000
2021-12-16,11490.4326171875,11490.4326171875,11445.548114776611,11490.4326171875,1200
2021-12-17,10772.28125,10772.28125,10772.28125,10772.28125,100
2021-12-20,10862.0498046875,10906.934308012656,10862.0498046875,10906.934308012656,200
2021-12-21,10906.9345703125,11580.202136381173,10906.9345703125,11176.24159673997,1200
2021-12-22,10906.9345703125,10906.9345703125,10906.9345703125,10906.9345703125,0
2021-12-23,10951.818359375,11669.970382940572,10951.818359375,10951.818359375,4200
2021-12-24,11714.85546875,11714.85546875,11714.85546875,11714.85546875,300
2021-12-27,12522.7763671875,12522.7763671875,12118.81583921371,12118.81583921371,2600
2021-12-28,12477.892578125,12477.892578125,12477.892578125,12477.892578125,200
2021-12-29,12522.7763671875,12522.7763671875,12522.7763671875,12522.7763671875,400
2021-12-30,12522.7763671875,12522.7763671875,12522.7763671875,12522.7763671875,2200
2021-12-31,12298.3544921875,12298.3544921875,12298.3544921875,12298.3544921875,2000
2022-01-03,12298.3544921875,12298.3544921875,12298.3544921875,12298.3544921875,0
2022-01-04,12433.0078125,13151.159888312275,11445.548708258124,11714.855736687728,5700
2022-01-05,12926.7373046875,12926.7373046875,12926.7373046875,12926.7373046875,100
2022-01-06,12926.7373046875,12926.7373046875,12926.7373046875,12926.7373046875,0
2022-01-07,12567.6611328125,12792.083653041294,12118.816092354911,12118.816092354911,2600
2022-01-10,12118.81640625,12298.354427083332,12118.81640625,12298.354427083332,5300
2022-01-11,11669.9716796875,11669.9716796875,11669.9716796875,11669.9716796875,100
2022-01-12,12433.0078125,12433.0078125,10951.819156137184,10951.819156137184,200
2022-01-13,11669.9716796875,12433.00828951322,11669.9716796875,12433.00828951322,3000
2022-01-14,12477.892578125,12477.892578125,10862.050373763488,12433.00807244829,29300
2022-01-17,11669.9716796875,13151.160392878606,11669.9716796875,12522.777302433891,10400
2022-01-18,12477.892578125,12477.892578125,10862.050373763488,11669.971475944243,1400
2022-01-19,12388.1240234375,12388.1240234375,11625.08739880548,11625.08739880548,9700
2022-01-20,11939.279296875,12433.008891858552,11939.279296875,12433.008891858552,400
2022-01-21,12657.4296875,12657.4296875,11176.241107047872,11939.277648492907,6100
2022-01-24,11849.509765625,13465.352006392046,11849.509765625,13465.352006392046,700
2022-01-25,11310.8955078125,11355.780013795884,11310.8955078125,11355.780013795884,300
2022-01-26,11355.7802734375,12073.93238559165,11355.7802734375,11894.394357553114,4300
2022-01-27,12118.81640625,12118.81640625,12073.931901041666,12073.931901041666,600
2022-01-28,12253.4697265625,12253.4697265625,12208.585222069598,12208.585222069598,200
2022-01-31,12253.4697265625,12253.4697265625,12253.4697265625,12253.4697265625,0
2022-02-01,12253.4697265625,12253.4697265625,12253.4697265625,12253.4697265625,0
2022-02-02,12253.4697265625,12253.4697265625,12253.4697265625,12253.4697265625,0
2022-02-03,12253.4697265625,12253.4697265625,12253.4697265625,12253.4697265625,0
2022-02-04,12253.4697265625,12253.4697265625,12253.4697265625,12253.4697265625,0
2022-02-07,11490.4326171875,13106.274703979492,11490.4326171875,13106.274703979492,6800
2022-02-08,12253.4697265625,12253.4697265625,11669.971168154763,12253.4697265625,3100
2022-02-09,12253.4697265625,12253.4697265625,12253.4697265625,12253.4697265625,0
2022-02-10,13106.275390625,13106.275390625,11669.97123822774,13061.390885862584,14700
2022-02-11,12567.6611328125,14003.965262276784,12343.238612583706,13196.044189453123,7300
2022-02-14,12253.4697265625,13420.466843377975,11939.27819511218,11939.27819511218,1600
2022-02-15,12253.4697265625,12253.4697265625,12253.4697265625,12253.4697265625,0
2022-02-16,13106.275390625,13106.275390625,12522.776828713611,12522.776828713611,266500
2022-02-17,14003.9658203125,14003.9658203125,14003.9658203125,14003.9658203125,14500
2022-02-18,14946.5400390625,14946.5400390625,14363.041478978976,14363.041478978976,17500
2022-02-21,15889.1142578125,15978.883264918786,15709.57624359993,15799.345250706216,100200
2022-02-22,16382.84375,16427.72825342466,15260.731164383562,16427.72825342466,10600
2022-02-23,17235.6484375,17280.532938639324,15350.499389648438,16158.42041015625,35300
2022-02-24,16068.65234375,17325.418448847766,16068.65234375,17235.64944134078,58900
2022-02-25,16068.65234375,16158.421351256984,14946.53974991271,15530.0382987081,21400
2022-02-28,15934.0,16158.422535211266,14946.540845070422,15036.309859154928,6900
2022-03-01,14856.771484375,15889.115122262085,14856.771484375,14856.771484375,15400
2022-03-02,14722.1171875,15530.038252667684,13914.196122332318,15530.038252667684,22200
2022-03-03,14542.5791015625,15709.576189959487,14093.734067563655,14811.886121961805,32200
2022-03-04,14542.5791015625,15170.96214916088,14003.965060763889,14003.965060763889,1200
2022-03-07,14811.88671875,15530.038802083332,14542.5796875,14542.5796875,9100
2022-03-08,14811.88671875,15844.230338541664,14632.348697916666,14722.117708333331,20400
2022-03-09,14811.88671875,15844.230338541664,14632.348697916666,15709.576822916666,10200
2022-03-10,15036.30859375,15844.229652518658,14856.7705806903,15799.345149253732,2300
2022-03-11,15350.5009765625,16068.65306903326,14901.655918768274,15574.923505459612,9500
2022-03-14,14946.5400390625,15440.269589902402,14811.886525197073,14811.886525197073,1400
2022-03-15,14901.65625,15978.884412650605,14767.002729668677,15260.732304216868,6200
2022-03-16,15260.7314453125,15260.7314453125,15260.7314453125,15260.7314453125,2100
2022-03-17,15170.962890625,16248.191024870564,14901.65585706361,15260.73190181213,2900
2022-03-18,15260.7314453125,15260.7314453125,15260.7314453125,15260.7314453125,2000
2022-03-21,15260.7314453125,15260.7314453125,15260.7314453125,15260.7314453125,300
2022-03-22,14811.88671875,15260.731770833332,14587.464192708332,14587.464192708332,5600
2022-03-23,15844.23046875,15844.23046875,14856.7713460517,15709.576952018411,23800
2022-03-24,15844.23046875,15844.23046875,15081.193873937676,15844.23046875,2100
2022-03-25,15260.7314453125,15844.230000574447,15170.962436810662,15709.57648782169,15200
2022-03-28,15126.078125,15844.230202151335,14722.117581602375,15844.230202151335,7500
2022-03-29,14677.232421875,15844.22949517393,14542.578913417432,14542.578913417432,93800
2022-03-30,15664.6923828125,15664.6923828125,14811.886780309813,15664.6923828125,39600
2022-03-31,15530.0390625,16158.422145953757,14991.424990968208,14991.424990968208,3100
2022-04-01,15260.7314453125,16607.26657284007,14991.424419806985,14991.424419806985,14500
2022-04-04,15305.6162109375,16293.075321320564,14946.540170798204,14991.424675815617,2200
2022-04-05,16158.421875,16158.421874999998,15260.731770833332,15350.50078125,1300
2022-04-06,15350.5009765625,16697.036149945176,15260.731965003652,15350.5009765625,14100
2022-04-07,15619.80859375,16382.845220456176,15530.03957884339,15934.000145923132,5000
2022-04-08,15260.7314453125,15530.038470818014,15260.7314453125,15530.038470818014,1200
2022-04-11,15260.7314453125,15260.7314453125,15260.7314453125,15260.7314453125,0
2022-04-12,15215.8466796875,15305.615686647308,15126.077672727692,15126.077672727692,1000
2022-04-13,15036.30859375,15260.731110074626,14587.463561100749,15260.731110074626,6900
2022-04-14,15260.7314453125,15485.153966567095,15260.7314453125,15485.153966567095,600
2022-04-15,14991.423828125,14991.423828125,14991.423828125,14991.423828125,6300
2022-04-18,14901.65625,15260.732304216868,14811.887236445784,15036.309770331323,12300
2022-04-19,14901.65625,15260.732304216868,14811.887236445784,14811.887236445784,700
2022-04-20,14093.7353515625,15934.000158613657,13914.19732160629,14811.88747138734,6400
2022-04-21,15036.30859375,15036.30859375,15036.30859375,15036.30859375,1400
2022-04-22,15126.078125,16068.652726261127,14767.002086424332,14991.424610534126,21400
2022-04-25,14856.771484375,14991.425002360273,14856.771484375,14991.425002360273,1500
2022-04-26,14228.388671875,15889.115425374606,14093.735151320978,14093.735151320978,1300
2022-04-27,14407.92578125,15215.846853095794,14407.92578125,14991.42433313863,2200
2022-04-28,15395.3857421875,15395.3857421875,13510.236467633928,13510.236467633928,1200
2022-04-29,14946.5400390625,16472.613196204016,14497.694992844406,16248.190673094969,7300
2022-05-02,14946.5400390625,14946.5400390625,14946.5400390625,14946.5400390625,0
2022-05-03,14946.5400390625,14946.5400390625,14946.5400390625,14946.5400390625,0
2022-05-04,15978.8837890625,15978.8837890625,14093.73457799333,14093.73457799333,700
2022-05-05,14946.5400390625,16921.458242422108,14946.5400390625,14991.424543684308,2000
2022-05-06,14767.001953125,15978.88357237842,13914.196369205927,14363.04141337386,2300
2022-05-09,15799.3447265625,15799.344726562502,14138.618150190874,15799.344726562502,1500
2022-05-10,14991.423828125,16337.958902507484,14811.885818207336,14811.885818207336,600
2022-05-11,14901.65625,15933.999905873494,14767.002729668677,14767.002729668677,1100
2022-05-12,15934.0,15934.0,14632.349295774648,14811.887323943662,6100
2022-05-13,14991.423828125,15889.113877713324,14946.539325645585,14946.539325645585,300
2022-05-16,14767.001953125,16023.768076795212,14318.156908957068,15933.999067961626,8700
2022-05-17,15798.34765625,15798.34765625,14907.639628152818,15751.468286350148,20000
2022-05-18,16829.6953125,16876.574686629527,15376.43471448468,15376.43471448468,11600
2022-05-19,17064.091796875,17064.091796875,15704.5899778932,15751.469350961535,2400
2022-05-20,17157.849609375,17157.849609375,15985.86534643955,16032.744716956968,6900
2022-05-23,16360.900390625,17532.884659294414,16173.382907637895,16173.382907637895,1700
2022-05-24,17157.849609375,17204.728979892418,15704.58912333504,16829.694015753073,1600
2022-05-25,16782.814453125,17345.36689289455,16314.020753317038,16314.020753317038,4100
2022-05-26,16407.78125,17392.248125000002,16267.143125,16735.936875,2300
2022-05-27,17204.728515625,17204.728515625,16220.261761324931,16267.141130577316,1800
2022-05-30,17579.763671875,17720.40178125,16407.779427083333,17673.522411458332,1100
2022-05-31,16970.33203125,17298.487623014502,16548.417698981353,16595.297069233424,2200
2022-06-01,16454.66015625,16923.4538928953,16220.263287927351,16267.14266159188,1400
2022-06-02,16454.66015625,16454.66015625,16454.66015625,16454.66015625,0
2022-06-03,17017.212890625,17064.09226497934,16267.142900955578,16829.695393207643,2300
2022-06-06,17064.091796875,17157.850543011675,15938.986843234889,16407.78057391827,2300
2022-06-07,17064.091796875,17345.368035285028,15938.986843234889,16267.142454713254,3000
2022-06-08,17064.091796875,17064.091796875,16267.142454713254,16267.142454713254,2600
2022-06-09,17204.728515625,17345.366623382153,16032.744284315397,16173.382392072548,3300
2022-06-10,17720.40234375,17720.40234375,16314.021205357143,16360.900576636905,14000
2022-06-13,16595.296875,18751.74788135593,16501.53813559322,16501.53813559322,4600
2022-06-14,17720.40234375,17720.40234375,15845.227492559525,16829.694289434523,12700
2022-06-15,17579.763671875,17579.763671875,16501.538166666665,16548.41753645833,7100
2022-06-16,16360.900390625,17345.367176307307,16360.900390625,16407.779761371778,4500
2022-06-17,16970.33203125,17017.21140150207,15282.674702175414,16360.900217973069,12300
2022-06-20,16970.33203125,17017.21140150207,15985.86525595649,15985.86525595649,9600
2022-06-21,16923.453125,17110.970611149583,15845.227579639888,16032.745065789471,4500
2022-06-22,16595.296875,16689.055614406778,15751.468220338982,16595.296875,8400
2022-06-23,17298.48828125,17298.48828125,15470.192771849594,15985.86586424458,4100
2022-06-24,16314.0224609375,16407.781210713,16314.0224609375,16407.781210713,600
2022-06-27,15938.986328125,16454.659415211398,15938.986328125,16173.383185891544,1700
2022-06-28,15704.5888671875,16267.14130422108,15704.5888671875,15845.226976445894,4300
2022-06-29,16220.2626953125,16407.780183119583,16126.50395140896,16126.50395140896,1500
2022-06-30,15517.072265625,15517.072265625,15517.072265625,15517.072265625,100
2022-07-01,15938.986328125,16548.418158318014,14438.846438419116,14767.00203929228,10300
2022-07-04,15938.986328125,16642.17690142463,15048.278268612132,16642.17690142463,1700
2022-07-05,15188.916015625,16595.29712818287,15188.916015625,16454.659016927082,500
2022-07-06,16173.3828125,16173.3828125,14579.484216485507,15142.036662137682,4800
2022-07-07,16782.814453125,16782.814453125,15095.15713381634,15938.985793470669,1300
2022-07-08,16782.814453125,16782.814453125,16782.814453125,16782.814453125,0
2022-07-11,16782.814453125,16782.814453125,16782.814453125,16782.814453125,0
2022-07-12,16782.814453125,16782.814453125,16782.814453125,16782.814453125,0
2022-07-13,17907.919921875,17907.919921875,16689.05626227094,16782.815005317407,2700
2022-07-14,17907.919921875,17907.919921875,17907.919921875,17907.919921875,0
2022-07-15,17673.5234375,17673.5234375,17673.5234375,17673.5234375,100
2022-07-18,17064.091796875,17673.52364676339,16923.453677669986,16923.453677669986,500
2022-07-19,17345.3671875,17345.3671875,17345.3671875,17345.3671875,200
2022-07-20,16173.3828125,16173.3828125,16173.3828125,16173.3828125,1900
2022-07-21,15938.986328125,16876.57375919118,15938.986328125,16173.383185891544,2500
2022-07-22,15938.986328125,15938.986328125,15938.986328125,15938.986328125,0
2022-07-25,15938.986328125,15938.986328125,15938.986328125,15938.986328125,0
2022-07-26,15938.986328125,15938.986328125,15938.986328125,15938.986328125,0
2022-07-27,15751.46875,15751.46875,15751.46875,15751.46875,100
2022-07-28,15376.43359375,16782.814715129574,15376.43359375,16689.055973704268,900
2022-07-29,15376.43359375,15376.43359375,15376.43359375,15376.43359375,0
2022-08-01,16407.78125,16407.78125,16407.78125,16407.78125,100
2022-08-02,17486.005859375,17486.005859375,17486.005859375,17486.005859375,100
2022-08-03,18611.109375,18611.109375,16267.14093986146,16267.14093986146,700
2022-08-04,17345.3671875,17345.3671875,17345.3671875,17345.3671875,2200
2022-08-05,16923.453125,16923.453125,16923.453125,16923.453125,200
2022-08-08,17626.64453125,17626.64453125,17579.765157496673,17579.765157496673,500
2022-08-09,17626.64453125,17626.64453125,17626.64453125,17626.64453125,0
2022-08-10,17626.64453125,17626.64453125,17626.64453125,17626.64453125,0
2022-08-11,16454.66015625,16876.57451923077,16454.66015625,16876.57451923077,600
2022-08-12,15657.7099609375,16829.694239450786,15657.7099609375,16829.694239450786,800
2022-08-15,15798.34765625,16689.055684347182,15142.036477652076,16595.296944547477,5600
2022-08-16,15798.34765625,15798.34765625,15798.34765625,15798.34765625,0
2022-08-17,15657.7099609375,16876.573610591317,15610.83058979697,15610.83058979697,1200
2022-08-18,15798.34765625,16642.17631444733,15751.468286350148,16079.62387564911,1100
2022-08-19,15657.7099609375,15657.7099609375,15657.7099609375,15657.7099609375,100
2022-08-22,15657.7099609375,15657.7099609375,15657.7099609375,15657.7099609375,200
2022-08-23,15657.7099609375,15657.7099609375,15657.7099609375,15657.7099609375,0
2022-08-24,15282.6748046875,16173.382845451497,15282.6748046875,15704.589139786234,7100
2022-08-25,15282.6748046875,15282.6748046875,15282.6748046875,15282.6748046875,0
2022-08-26,15282.6748046875,15282.6748046875,15282.6748046875,15282.6748046875,0
2022-08-29,15282.6748046875,15376.433545820551,15282.6748046875,15376.433545820551,1100
2022-08-30,15282.6748046875,15282.6748046875,15282.6748046875,15282.6748046875,0
2022-08-31,15282.6748046875,15282.6748046875,15282.6748046875,15282.6748046875,0
2022-09-01,15282.6748046875,15282.6748046875,15282.6748046875,15282.6748046875,0
2022-09-02,15282.6748046875,15282.6748046875,15282.6748046875,15282.6748046875,0
2022-09-05,14579.484375,14579.484375,14579.484375,14579.484375,100
2022-09-06,15001.3984375,15563.950878906251,15001.3984375,15563.950878906251,500
2022-09-07,15048.2783203125,15048.2783203125,15048.2783203125,15048.2783203125,100
2022-09-08,14860.7607421875,16079.624399275432,14860.7607421875,15938.986284996055,4400
2022-09-09,14860.7607421875,14860.7607421875,14860.7607421875,14860.7607421875,0
2022-09-12,14860.7607421875,14860.7607421875,14860.7607421875,14860.7607421875,0
2022-09-13,14860.7607421875,14860.7607421875,14860.7607421875,14860.7607421875,0
2022-09-14,14860.7607421875,14860.7607421875,14860.7607421875,14860.7607421875,0
2022-09-15,14860.7607421875,14860.7607421875,14860.7607421875,14860.7607421875,0
2022-09-16,14860.7607421875,14860.7607421875,14860.7607421875,14860.7607421875,0
2022-09-19,15188.916015625,15188.916015625,15188.916015625,15188.916015625,100
2022-09-20,16079.625,16173.383746355685,14298.20881924198,16126.504373177842,2300
2022-09-21,15001.3984375,15001.3984375,15001.3984375,15001.3984375,100
2022-09-22,15001.3984375,15001.3984375,15001.3984375,15001.3984375,0
2022-09-23,14110.69140625,14110.69140625,14110.69140625,14110.69140625,600
2022-09-26,14485.7255859375,14485.7255859375,14063.81124848301,14063.81124848301,200
2022-09-27,14767.001953125,14767.001953125,14720.12258184524,14720.12258184524,200
2022-09-28,13782.53515625,14767.001953125,13782.53515625,14767.001953125,300
2022-09-29,14720.123046875,14720.123046875,14438.84681031051,14438.84681031051,500
2022-09-30,15704.5888671875,15704.5888671875,14110.69029559235,15001.39832089552,700
2022-10-03,14626.3642578125,16782.815398387418,14626.3642578125,14626.3642578125,3000
2022-10-04,13688.77734375,13688.77734375,13688.77734375,13688.77734375,200
2022-10-05,13688.77734375,13688.77734375,13688.77734375,13688.77734375,0
2022-10-06,13688.77734375,13688.77734375,13688.77734375,13688.77734375,0
2022-10-07,14579.484375,14579.484375,14345.087520096464,14345.087520096464,700
2022-10-10,13782.53515625,15563.951264880952,13782.53515625,15563.951264880952,800
2022-10-11,13782.53515625,13782.53515625,13782.53515625,13782.53515625,100
2022-10-12,14720.123046875,14720.123046875,13782.535591660033,13782.535591660033,600
2022-10-13,15657.7099609375,15704.589332078032,13782.535115316245,14720.122538126872,1300
2022-10-14,15657.7099609375,15657.7099609375,15657.7099609375,15657.7099609375,200
2022-10-17,15657.7099609375,15657.7099609375,15657.7099609375,15657.7099609375,0
2022-10-18,14579.484375,15657.709907556273,14579.484375,15657.709907556273,200
2022-10-19,13923.1728515625,14579.48402975063,13923.1728515625,14532.60465988005,400
2022-10-20,12985.5859375,12985.5859375,12985.5859375,12985.5859375,200
2022-10-21,12141.7568359375,12141.7568359375,12141.7568359375,12141.7568359375,200
2022-10-24,12141.7568359375,12141.7568359375,12141.7568359375,12141.7568359375,0
2022-10-25,11297.927734375,11297.927734375,11297.927734375,11297.927734375,100
2022-10-26,12047.998046875,12047.998046875,11344.807499392024,11344.807499392024,200
2022-10-27,12844.9482421875,12844.9482421875,11251.049555200729,11251.049555200729,200
2022-10-28,12844.9482421875,12844.9482421875,12844.9482421875,12844.9482421875,0
2022-10-31,12844.9482421875,12844.9482421875,12844.9482421875,12844.9482421875,0
2022-11-01,12844.9482421875,12844.9482421875,12844.9482421875,12844.9482421875,0
2022-11-02,12844.9482421875,12844.9482421875,12844.9482421875,12844.9482421875,0
2022-11-03,12844.9482421875,12844.9482421875,12844.9482421875,12844.9482421875,0
2022-11-04,13079.3447265625,13079.3447265625,11954.239803847446,11954.239803847446,200
2022-11-07,13126.224609375,13126.224609375,13126.224609375,13126.224609375,100
2022-11-08,13126.224609375,13126.224609375,13126.224609375,13126.224609375,0
2022-11-09,13126.224609375,13126.224609375,13126.224609375,13126.224609375,0
2022-11-10,13126.224609375,13126.224609375,13126.224609375,13126.224609375,0
2022-11-11,13126.224609375,13126.224609375,13126.224609375,13126.224609375,0
2022-11-14,13126.224609375,13126.224609375,13126.224609375,13126.224609375,0
2022-11-15,13126.224609375,13126.224609375,13126.224609375,13126.224609375,0
2022-11-16,12235.515625,12235.515625,12235.515625,12235.515625,100
2022-11-17,13032.4658203125,13032.4658203125,11391.687749409848,11391.687749409848,1900
2022-11-18,13876.2939453125,13876.2939453125,12141.757202148438,13876.2939453125,800
2022-11-21,12938.70703125,14063.81199048913,12938.70703125,14063.81199048913,2100
2022-11-22,12891.8271484375,12938.706519886364,12891.8271484375,12938.706519886364,200
2022-11-23,12891.8271484375,12891.8271484375,12891.8271484375,12891.8271484375,0
2022-11-24,12891.8271484375,12891.8271484375,12891.8271484375,12891.8271484375,0
2022-11-25,12844.9482421875,12844.9482421875,12844.9482421875,12844.9482421875,100
2022-11-28,11954.2392578125,13688.775934436277,11954.2392578125,12798.067911305148,900
2022-11-29,11954.2392578125,11954.2392578125,11954.2392578125,11954.2392578125,0
2022-11-30,11954.2392578125,11954.2392578125,11954.2392578125,11954.2392578125,0
2022-12-01,12657.4296875,12657.4296875,11344.807349537035,11391.68671875,4000
2022-12-02,12657.4296875,12657.4296875,12657.4296875,12657.4296875,0
2022-12-05,11907.3603515625,11907.3603515625,11813.60160863681,11860.480980099655,1300
2022-12-06,12704.3095703125,12704.3095703125,12704.3095703125,12704.3095703125,600
2022-12-07,12188.63671875,12188.63671875,12141.757346754808,12141.757346754808,20100
2022-12-08,12188.63671875,12188.63671875,12188.63671875,12188.63671875,0
2022-12-09,13032.4658203125,13032.4658203125,13032.4658203125,13032.4658203125,100
2022-12-12,12141.7568359375,12141.7568359375,12141.7568359375,12141.7568359375,100
2022-12-13,12141.7568359375,12141.7568359375,12141.7568359375,12141.7568359375,0
2022-12-14,11344.8076171875,11391.686987506457,11344.8076171875,11391.686987506457,1000
2022-12-15,12094.8779296875,12094.8779296875,12094.8779296875,12094.8779296875,400
2022-12-16,12094.8779296875,12094.8779296875,12094.8779296875,12094.8779296875,0
2022-12-19,12094.8779296875,12094.8779296875,12094.8779296875,12094.8779296875,0
2022-12-20,12188.63671875,12188.63671875,12047.998602764425,12047.998602764425,2700
2022-12-21,11344.8076171875,11719.842579739152,11344.8076171875,11719.842579739152,1000
2022-12-22,11344.8076171875,11344.8076171875,11344.8076171875,11344.8076171875,0
2022-12-23,11344.8076171875,11344.8076171875,11344.8076171875,11344.8076171875,0
2022-12-26,11157.291015625,11157.291015625,11157.291015625,11157.291015625,100
2022-12-27,11157.291015625,11157.291015625,11157.291015625,11157.291015625,0
2022-12-28,11157.291015625,11157.291015625,11157.291015625,11157.291015625,0
2022-12-29,11157.291015625,11157.291015625,11157.291015625,11157.291015625,0
2022-12-30,11157.291015625,11157.291015625,11157.291015625,11157.291015625,0
2023-01-02,11157.291015625,11157.291015625,11157.291015625,11157.291015625,0
2023-01-03,11907.3603515625,11907.3603515625,11532.325379859743,11532.325379859743,300
2023-01-04,11907.3603515625,11907.3603515625,11907.3603515625,11907.3603515625,0
2023-01-05,11907.3603515625,11907.3603515625,11907.3603515625,11907.3603515625,200
2023-01-06,11907.3603515625,11907.3603515625,11907.3603515625,11907.3603515625,0
2023-01-09,11907.3603515625,11907.3603515625,11907.3603515625,11907.3603515625,0
2023-01-10,11907.3603515625,11907.3603515625,11907.3603515625,11907.3603515625,0
2023-01-11,11907.3603515625,11907.3603515625,11907.3603515625,11907.3603515625,0
2023-01-12,11907.3603515625,11907.3603515625,11907.3603515625,11907.3603515625,0
2023-01-13,11907.3603515625,11907.3603515625,11907.3603515625,11907.3603515625,0
2023-01-16,11907.3603515625,11907.3603515625,11907.3603515625,11907.3603515625,0
2023-01-17,11907.3603515625,11907.3603515625,11907.3603515625,11907.3603515625,0
2023-01-18,11907.3603515625,11907.3603515625,11907.3603515625,11907.3603515625,0
2023-01-19,11907.3603515625,11907.3603515625,11907.3603515625,11907.3603515625,0
2023-01-20,11907.3603515625,11907.3603515625,11907.3603515625,11907.3603515625,0
2023-01-23,11907.3603515625,11907.3603515625,11907.3603515625,11907.3603515625,0
2023-01-24,11907.3603515625,11907.3603515625,11907.3603515625,11907.3603515625,0
2023-01-25,11907.3603515625,11907.3603515625,11907.3603515625,11907.3603515625,0
2023-01-26,11907.3603515625,11907.3603515625,11907.3603515625,11907.3603515625,0
2023-01-27,11907.3603515625,11907.3603515625,11907.3603515625,11907.3603515625,0
2023-01-30,11907.3603515625,11907.3603515625,11907.3603515625,11907.3603515625,700
2023-01-31,11907.3603515625,11907.3603515625,11907.3603515625,11907.3603515625,0
2023-02-01,11907.3603515625,11907.3603515625,11907.3603515625,11907.3603515625,0
2023-02-02,11907.3603515625,11907.3603515625,11907.3603515625,11907.3603515625,0
2023-02-03,11907.3603515625,11907.3603515625,11907.3603515625,11907.3603515625,0
2023-02-06,11907.3603515625,11907.3603515625,11907.3603515625,11907.3603515625,0
2023-02-07,11907.3603515625,11907.3603515625,11907.3603515625,11907.3603515625,0
2023-02-08,11907.3603515625,11907.3603515625,11907.3603515625,11907.3603515625,0
2023-02-09,11907.3603515625,11907.3603515625,11907.3603515625,11907.3603515625,0
2023-02-10,11907.3603515625,11907.3603515625,11907.3603515625,11907.3603515625,0
2023-02-13,12704.3095703125,12704.3095703125,11110.410952634917,12376.15397255535,1700
2023-02-14,12704.3095703125,12704.3095703125,12704.3095703125,12704.3095703125,0
2023-02-15,11907.3603515625,13548.138352762056,11860.480980099655,13548.138352762056,700
2023-02-16,11907.3603515625,11907.3603515625,11907.3603515625,11907.3603515625,0
2023-02-17,11907.3603515625,11907.3603515625,11907.3603515625,11907.3603515625,0
2023-02-20,11907.3603515625,11907.3603515625,11907.3603515625,11907.3603515625,0
2023-02-21,11907.3603515625,11907.3603515625,11907.3603515625,11907.3603515625,0
2023-02-22,11907.3603515625,11907.3603515625,11907.3603515625,11907.3603515625,0
2023-02-23,11907.3603515625,11907.3603515625,11907.3603515625,11907.3603515625,0
2023-02-24,11907.3603515625,11907.3603515625,11907.3603515625,11907.3603515625,0
2023-02-27,11907.3603515625,11907.3603515625,11907.3603515625,11907.3603515625,0
2023-02-28,12704.3095703125,12704.3095703125,11907.360261473708,11907.360261473708,300
2023-03-01,12704.3095703125,12704.3095703125,12704.3095703125,12704.3095703125,0
2023-03-02,12704.3095703125,12704.3095703125,12704.3095703125,12704.3095703125,0
2023-03-03,12657.4296875,12657.4296875,12657.4296875,12657.4296875,100
2023-03-06,12657.4296875,12657.4296875,12657.4296875,12657.4296875,0
2023-03-07,12657.4296875,12657.4296875,12657.4296875,12657.4296875,0
2023-03-08,12657.4296875,12657.4296875,12657.4296875,12657.4296875,0
2023-03-09,12657.4296875,12657.4296875,12657.4296875,12657.4296875,0
2023-03-10,12657.4296875,12657.4296875,12657.4296875,12657.4296875,0
2023-03-13,12657.4296875,12657.4296875,12657.4296875,12657.4296875,0
2023-03-14,11813.6015625,11813.6015625,11813.6015625,11813.6015625,5500
2023-03-15,11204.169921875,12610.55108361663,11204.169921875,12610.55108361663,1400
2023-03-16,11954.2392578125,11954.2392578125,11907.35988817402,11907.35988817402,2900
2023-03-17,11954.2392578125,11954.2392578125,11954.2392578125,11954.2392578125,0
2023-03-20,12188.63671875,12188.63671875,12188.63671875,12188.63671875,200
2023-03-21,12469.9130859375,12469.9130859375,12469.9130859375,12469.9130859375,300
2023-03-22,11672.9638671875,13313.741920808234,11672.9638671875,12423.033834556978,700
2023-03-23,11672.9638671875,11672.9638671875,11672.9638671875,11672.9638671875,0
2023-03-24,12188.63671875,12188.63671875,12188.63671875,12188.63671875,100
2023-03-27,12188.63671875,12188.63671875,12188.63671875,12188.63671875,0
2023-03-28,12188.63671875,12188.63671875,12188.63671875,12188.63671875,0
2023-03-29,12188.63671875,12188.63671875,12188.63671875,12188.63671875,0
2023-03-30,11438.56640625,11438.56640625,11438.56640625,11438.56640625,100
2023-03-31,12235.515625,12235.515625,12235.515625,12235.515625,200
2023-04-03,13079.3447265625,13079.3447265625,13079.3447265625,13079.3447265625,100
2023-04-04,13079.3447265625,13079.3447265625,13079.3447265625,13079.3447265625,0
2023-04-05,13970.052734375,13970.052734375,13970.052734375,13970.052734375,100
2023-04-06,14907.640625,14907.640625,14907.640625,14907.640625,100
2023-04-07,14907.640625,14907.640625,14907.640625,14907.640625,0
2023-04-10,15892.107421875,15892.107421875,15001.399336283186,15001.399336283186,900
2023-04-11,15892.107421875,15892.107421875,15892.107421875,15892.107421875,0
2023-04-12,15892.107421875,15892.107421875,15892.107421875,15892.107421875,0
2023-04-13,15892.107421875,15892.107421875,15892.107421875,15892.107421875,0
2023-04-14,14813.8818359375,14813.8818359375,14813.8818359375,14813.8818359375,100
2023-04-17,13782.53515625,13782.53515625,13782.53515625,13782.53515625,100
2023-04-18,12844.9482421875,13829.415078267562,12844.9482421875,13782.535705120894,2100
2023-04-19,12844.9482421875,12844.9482421875,12844.9482421875,12844.9482421875,0
2023-04-20,12844.9482421875,12844.9482421875,12844.9482421875,12844.9482421875,0
2023-04-21,12282.3955078125,12282.3955078125,12282.3955078125,12282.3955078125,100
2023-04-24,11813.6015625,11813.6015625,11813.6015625,11813.6015625,100
2023-04-25,11813.6015625,11813.6015625,11813.6015625,11813.6015625,200
2023-04-26,11813.6015625,11813.6015625,11813.6015625,11813.6015625,0
2023-04-27,11813.6015625,11813.6015625,11813.6015625,11813.6015625,0
2023-04-28,11813.6015625,11813.6015625,11813.6015625,11813.6015625,0
2023-05-01,11813.6015625,11813.6015625,11813.6015625,11813.6015625,0
2023-05-02,11813.6015625,11813.6015625,11813.6015625,11813.6015625,0
2023-05-03,11813.6015625,11813.6015625,11813.6015625,11813.6015625,0
2023-05-04,11813.6015625,11813.6015625,11813.6015625,11813.6015625,0
2023-05-05,11813.6015625,11813.6015625,11813.6015625,11813.6015625,0
2023-05-08,11813.6015625,11813.6015625,11813.6015625,11813.6015625,0
2023-05-09,11813.6015625,11813.6015625,11813.6015625,11813.6015625,0
2023-05-10,11813.6015625,11813.6015625,11813.6015625,11813.6015625,0
2023-05-11,11813.6015625,11813.6015625,11813.6015625,11813.6015625,0
2023-05-12,11766.72265625,11766.72265625,11766.72265625,11766.72265625,100
2023-05-15,11766.72265625,11766.72265625,11766.72265625,11766.72265625,0
2023-05-16,12188.63671875,12188.63671875,12188.63671875,12188.63671875,100
2023-05-17,12729.26171875,12729.26171875,12729.26171875,12729.26171875,100
2023-05-18,12729.26171875,12729.26171875,12729.26171875,12729.26171875,0
2023-05-19,12729.26171875,12729.26171875,12729.26171875,12729.26171875,0
2023-05-22,12729.26171875,12729.26171875,12729.26171875,12729.26171875,100
2023-05-23,12729.26171875,12729.26171875,12729.26171875,12729.26171875,200
2023-05-24,12729.26171875,12729.26171875,12729.26171875,12729.26171875,0
2023-05-25,12729.26171875,12729.26171875,12729.26171875,12729.26171875,0
2023-05-26,12729.26171875,12729.26171875,12729.26171875,12729.26171875,0
2023-05-29,12729.26171875,12729.26171875,12729.26171875,12729.26171875,0
2023-05-30,11992.0458984375,11992.0458984375,11992.0458984375,11992.0458984375,100
2023-05-31,11992.0458984375,11992.0458984375,11992.0458984375,11992.0458984375,0
2023-06-01,11992.0458984375,11992.0458984375,11992.0458984375,11992.0458984375,0
2023-06-02,11992.0458984375,11992.0458984375,11992.0458984375,11992.0458984375,0
2023-06-05,11992.0458984375,11992.0458984375,11992.0458984375,11992.0458984375,0
2023-06-06,11992.0458984375,11992.0458984375,11992.0458984375,11992.0458984375,0
2023-06-07,11992.0458984375,11992.0458984375,11992.0458984375,11992.0458984375,0
2023-06-08,11992.0458984375,11992.0458984375,11992.0458984375,11992.0458984375,0
2023-06-09,12827.556640625,12827.556640625,12827.556640625,12827.556640625,300
2023-06-12,12827.556640625,12827.556640625,12827.556640625,12827.556640625,0
2023-06-13,12827.556640625,12827.556640625,12827.556640625,12827.556640625,0
2023-06-14,12827.556640625,12827.556640625,12827.556640625,12827.556640625,0
2023-06-15,12827.556640625,12827.556640625,12827.556640625,12827.556640625,0
2023-06-16,12827.556640625,12827.556640625,12827.556640625,12827.556640625,0
2023-06-19,12827.556640625,12827.556640625,12827.556640625,12827.556640625,0
2023-06-20,12827.556640625,12827.556640625,12827.556640625,12827.556640625,0
2023-06-21,13712.2158203125,13712.2158203125,11942.897649949597,11992.04537690412,300
2023-06-22,13712.2158203125,13712.2158203125,13712.2158203125,13712.2158203125,0
2023-06-23,13712.2158203125,13712.2158203125,13712.2158203125,13712.2158203125,0
2023-06-26,13712.2158203125,13712.2158203125,13712.2158203125,13712.2158203125,100
2023-06-27,13761.3642578125,13761.3642578125,13761.3642578125,13761.3642578125,300
2023-06-28,13761.3642578125,13761.3642578125,13761.3642578125,13761.3642578125,0
2023-06-29,14646.0234375,14695.17116715604,12827.55744022651,12827.55744022651,300
2023-06-30,15579.830078125,15579.830078125,15530.682349171924,15530.682349171924,200
2023-07-03,16661.080078125,16661.080078125,16611.932349280974,16611.932349280974,1300
2023-07-04,16661.080078125,16661.080078125,16661.080078125,16661.080078125,200
2023-07-05,16661.080078125,17201.705095409292,16661.080078125,16661.080078125,4000
2023-07-06,16661.080078125,16661.080078125,16661.080078125,16661.080078125,0
2023-07-07,16661.080078125,16661.080078125,16661.080078125,16661.080078125,0
2023-07-10,16661.080078125,16661.080078125,16661.080078125,16661.080078125,0
2023-07-11,16661.080078125,16661.080078125,16661.080078125,16661.080078125,0
2023-07-12,15530.681640625,15530.681640625,15530.681640625,15530.681640625,100
2023-07-13,14449.431640625,14547.727093962583,14449.431640625,14449.431640625,4700
2023-07-14,14449.431640625,14449.431640625,14449.431640625,14449.431640625,0
2023-07-17,13466.4775390625,14449.432103957572,13466.4775390625,14449.432103957572,1600
2023-07-18,13466.4775390625,13466.4775390625,13466.4775390625,13466.4775390625,0
2023-07-19,12630.9658203125,12630.9658203125,12630.9658203125,12630.9658203125,100
2023-07-20,12630.9658203125,12630.9658203125,12630.9658203125,12630.9658203125,0
2023-07-21,12630.9658203125,12630.9658203125,12630.9658203125,12630.9658203125,0
2023-07-24,12090.3408203125,12090.3408203125,11795.454458841465,12090.3408203125,6100
2023-07-25,12090.3408203125,12090.3408203125,12090.3408203125,12090.3408203125,0
2023-07-26,12925.8525390625,12925.8525390625,12925.8525390625,12925.8525390625,4500
2023-07-27,12925.8525390625,12925.8525390625,12925.8525390625,12925.8525390625,0
2023-07-28,12925.8525390625,12925.8525390625,12139.48888649596,12139.48888649596,1400
2023-07-31,12925.8525390625,12925.8525390625,12925.8525390625,12925.8525390625,0
2023-08-01,12729.26171875,12729.26171875,12434.375346887064,12434.375346887064,1700
2023-08-02,12729.26171875,12729.26171875,12729.26171875,12729.26171875,0
2023-08-03,13171.5908203125,13171.5908203125,13171.5908203125,13171.5908203125,2100
2023-08-04,13171.5908203125,13171.5908203125,13171.5908203125,13171.5908203125,0
2023-08-07,13368.181640625,13368.181640625,13269.886187385113,13269.886187385113,400
2023-08-08,13368.181640625,13368.181640625,13368.181640625,13368.181640625,3100
2023-08-09,13368.181640625,13368.181640625,13368.181640625,13368.181640625,0
2023-08-10,13368.181640625,13368.181640625,13368.181640625,13368.181640625,0
2023-08-11,12827.556640625,12876.704367217431,12827.556640625,12827.556640625,1000
2023-08-14,12827.556640625,12827.556640625,12827.556640625,12827.556640625,0
2023-08-15,12827.556640625,12827.556640625,12827.556640625,12827.556640625,0
2023-08-16,12827.556640625,12827.556640625,12827.556640625,12827.556640625,0
2023-08-17,12827.556640625,12827.556640625,12827.556640625,12827.556640625,0
2023-08-18,12827.556640625,12827.556640625,12827.556640625,12827.556640625,0
2023-08-21,12827.556640625,12827.556640625,12827.556640625,12827.556640625,0
2023-08-22,12827.556640625,12827.556640625,12827.556640625,12827.556640625,0
2023-08-23,13220.7392578125,13220.7392578125,13220.7392578125,13220.7392578125,100
2023-08-24,13220.7392578125,13220.7392578125,13220.7392578125,13220.7392578125,0
2023-08-25,13220.7392578125,13220.7392578125,13220.7392578125,13220.7392578125,0
2023-08-28,13220.7392578125,13220.7392578125,13220.7392578125,13220.7392578125,0
2023-08-29,13220.7392578125,13220.7392578125,13220.7392578125,13220.7392578125,0
2023-08-30,13220.7392578125,13220.7392578125,13220.7392578125,13220.7392578125,0
2023-08-31,14056.25,14105.397727272726,13761.363636363636,14105.397727272726,600
2023-09-01,14056.25,14056.25,14056.25,14056.25,0
2023-09-04,14056.25,14056.25,14056.25,14056.25,0
2023-09-05,14105.3984375,14105.3984375,14105.3984375,14105.3984375,100
2023-09-06,14105.3984375,14105.3984375,14105.3984375,14105.3984375,0
2023-09-07,14056.25,14056.25,14056.25,14056.25,200
2023-09-08,14056.25,14056.25,14056.25,14056.25,0
2023-09-11,14056.25,14056.25,14056.25,14056.25,0
2023-09-12,14056.25,14056.25,14056.25,14056.25,0
2023-09-13,14056.25,14056.25,14056.25,14056.25,0
2023-09-14,14056.25,14056.25,14056.25,14056.25,0
2023-09-15,14056.25,14056.25,14056.25,14056.25,0
2023-09-18,14056.25,14056.25,14056.25,14056.25,0
2023-09-19,14056.25,14056.25,14056.25,14056.25,0
2023-09-20,14056.25,14056.25,14056.25,14056.25,0
2023-09-21,14056.25,14056.25,14056.25,14056.25,0
2023-09-22,14056.25,14056.25,13073.295454545454,14056.25,1300
2023-09-25,14056.25,14056.25,14056.25,14056.25,0
2023-09-26,14056.25,14056.25,14056.25,14056.25,0
2023-09-27,14056.25,14056.25,14056.25,14056.25,0
2023-09-28,13957.955078125,14007.102807273326,13073.295953455105,14007.102807273326,2400
2023-09-29,13957.955078125,13957.955078125,13957.955078125,13957.955078125,0
2023-10-02,13761.3642578125,13761.3642578125,13761.3642578125,13761.3642578125,100
2023-10-03,13761.3642578125,13761.3642578125,13761.3642578125,13761.3642578125,0
2023-10-04,13761.3642578125,13761.3642578125,13761.3642578125,13761.3642578125,0
2023-10-05,13761.3642578125,13761.3642578125,13761.3642578125,13761.3642578125,0
2023-10-06,13761.3642578125,13761.3642578125,13761.3642578125,13761.3642578125,0
2023-10-09,13761.3642578125,13761.3642578125,13761.3642578125,13761.3642578125,0
2023-10-10,13761.3642578125,13761.3642578125,13761.3642578125,13761.3642578125,0
2023-10-11,13269.88671875,13761.36400462963,13269.88671875,13761.36400462963,400
2023-10-12,12778.4091796875,12827.55690730168,12778.4091796875,12778.4091796875,3600
2023-10-13,13663.068359375,13663.068359375,13663.068359375,13663.068359375,200
2023-10-16,14596.875,14596.875,13663.068181818182,14596.875,2500
2023-10-17,15579.830078125,15579.830078125,15039.205059641166,15235.79597545347,6600
2023-10-18,16218.75,16611.931818181816,14744.318181818182,15579.829545454544,1600
2023-10-19,16906.818359375,17349.147909474927,15235.795614553052,17300.000181686046,3400
2023-10-20,17103.41015625,17103.41015625,15825.569167564656,16808.52377424569,2500
2023-10-23,17103.41015625,17103.41015625,17103.41015625,17103.41015625,0
2023-10-24,17103.41015625,17103.41015625,17103.41015625,17103.41015625,0
2023-10-25,17103.41015625,17103.41015625,17103.41015625,17103.41015625,0
2023-10-26,17103.41015625,17103.41015625,17103.41015625,17103.41015625,0
2023-10-27,17103.41015625,17103.41015625,17103.41015625,17103.41015625,0
2023-10-30,17103.41015625,17103.41015625,17103.41015625,17103.41015625,0
2023-10-31,16218.75,16218.75,16218.75,16218.75,100
2023-11-01,16218.75,16218.75,16218.75,16218.75,0
2023-11-02,15727.2734375,15727.2734375,15727.2734375,15727.2734375,100
2023-11-03,14646.0234375,14646.0234375,14646.0234375,14646.0234375,600
2023-11-06,13663.068359375,14646.022917603415,13663.068359375,14646.022917603415,2000
2023-11-07,14547.7275390625,14547.7275390625,12729.261596679688,12729.261596679688,4400
2023-11-08,14449.431640625,14449.431640625,13564.772560586734,13564.772560586734,2500
2023-11-09,13466.4775390625,14301.988919223311,13466.4775390625,13515.625267307254,10900
2023-11-10,12581.818359375,12778.409271240234,12581.818359375,12778.409271240234,400
2023-11-13,13171.5908203125,13171.5908203125,12680.113550897857,12680.113550897857,400
2023-11-14,12680.1142578125,13073.29609526405,12286.932420360949,12385.227879723836,2400
2023-11-15,12680.1142578125,12680.1142578125,11942.898312590843,11942.898312590843,300
2023-11-16,12090.3408203125,12090.3408203125,11992.04536648882,11992.04536648882,200
2023-11-17,12139.4892578125,12778.409745065788,12090.341528023784,12778.409745065788,2600
2023-11-20,12876.705078125,12975.00053673664,11893.750492008588,12139.48913853769,3300
2023-11-21,13663.068359375,13663.068359375,13663.068359375,13663.068359375,100
2023-11-22,13663.068359375,13663.068359375,12729.261529058003,12729.261529058003,500
2023-11-23,12729.26171875,13663.068562982626,12729.26171875,12729.26171875,1700
2023-11-24,12532.6708984375,12729.26181449142,12532.6708984375,12729.26181449142,300
2023-11-27,12532.6708984375,12532.6708984375,12532.6708984375,12532.6708984375,0
2023-11-28,11795.455078125,11893.750537109374,11697.159619140624,11893.750537109374,4300
2023-11-29,12581.818359375,12581.818359375,12581.818359375,12581.818359375,100
2023-11-30,13319.0341796875,13319.0341796875,13319.0341796875,13319.0341796875,100
2023-12-01,12434.375,12434.375,12434.375,12434.375,1900
2023-12-04,12336.080078125,12336.080078125,12336.080078125,12336.080078125,100
2023-12-05,12090.3408203125,12974.99990472561,11598.863551194105,11844.6021857533,1000
2023-12-06,12532.6708984375,12680.11408547794,11844.602692248774,12680.11408547794,700
2023-12-07,12680.1142578125,12680.1142578125,12139.489231316618,12139.489231316618,200
2023-12-08,12729.26171875,12729.26171875,11893.75033180502,11893.75033180502,400
2023-12-11,12680.1142578125,12680.1142578125,12041.19377195373,12680.1142578125,2400
2023-12-12,12680.1142578125,12680.1142578125,12680.1142578125,12680.1142578125,0
2023-12-13,12630.9658203125,12630.9658203125,12041.193097185069,12041.193097185069,200
2023-12-14,12630.9658203125,12630.9658203125,12630.9658203125,12630.9658203125,0
2023-12-15,12286.931640625,12336.0793671875,12286.931640625,12336.0793671875,300
2023-12-18,12286.931640625,12286.931640625,12286.931640625,12286.931640625,0
2023-12-19,12827.556640625,12827.556640625,12827.556640625,12827.556640625,100
2023-12-20,12729.26171875,12729.26171875,12090.341246380309,12090.341246380309,400
2023-12-21,12729.26171875,12729.26171875,12729.26171875,12729.26171875,0
2023-12-22,13073.2958984375,13515.62545891095,12188.6367774906,12729.26179584704,700
2023-12-25,12876.705078125,13024.14826604246,12876.705078125,13024.14826604246,700
2023-12-26,12876.705078125,12876.705078125,12876.705078125,12876.705078125,0
2023-12-27,12237.7841796875,12237.7841796875,12237.7841796875,12237.7841796875,100
2023-12-28,12925.8525390625,12925.8525390625,12925.8525390625,12925.8525390625,100
2023-12-29,13810.51171875,13810.51171875,12778.409419483984,12778.409419483984,4900
2024-01-01,13810.51171875,13810.51171875,13810.51171875,13810.51171875,0
2024-01-02,13761.3642578125,13761.3642578125,12876.705126953124,12876.705126953124,15400
2024-01-03,14646.0234375,14695.17116715604,13761.364303691274,13761.364303691274,700
2024-01-04,14744.318359375,14744.318359375,14695.170631510417,14744.318359375,800
2024-01-05,14744.318359375,14744.318359375,14744.318359375,14744.318359375,0
2024-01-08,14744.318359375,14744.318359375,14744.318359375,14744.318359375,0
2024-01-09,14646.0234375,14646.0234375,14646.0234375,14646.0234375,1600
2024-01-10,14646.0234375,14646.0234375,14646.0234375,14646.0234375,0
2024-01-11,14646.0234375,14646.0234375,14646.0234375,14646.0234375,0
2024-01-12,14646.0234375,14646.0234375,14646.0234375,14646.0234375,0
2024-01-15,13663.068359375,13663.068359375,13663.068359375,13663.068359375,200
2024-01-16,14547.7275390625,14547.7275390625,12729.261596679688,12729.261596679688,3000
2024-01-17,14547.7275390625,14547.7275390625,14547.7275390625,14547.7275390625,0
2024-01-18,14252.8408203125,14252.8408203125,13564.772642780174,13564.772642780174,300
2024-01-19,14252.8408203125,14252.8408203125,14252.8408203125,14252.8408203125,0
2024-01-22,14252.8408203125,14252.8408203125,14252.8408203125,14252.8408203125,0
2024-01-23,14252.8408203125,14252.8408203125,14252.8408203125,14252.8408203125,0
2024-01-24,14252.8408203125,14252.8408203125,14252.8408203125,14252.8408203125,0
2024-01-25,14252.8408203125,14252.8408203125,14252.8408203125,14252.8408203125,0
2024-01-26,13269.88671875,13269.88671875,13269.88671875,13269.88671875,600
2024-01-29,14056.25,14154.545454545454,12385.227272727272,12434.375,1500
2024-01-30,14056.25,14056.25,14056.25,14056.25,0
2024-01-31,13957.955078125,13957.955078125,13073.295953455105,13073.295953455105,200
2024-02-01,13024.1474609375,13908.806533755896,13024.1474609375,13024.1474609375,700
2024-02-02,13024.1474609375,13024.1474609375,13024.1474609375,13024.1474609375,0
2024-02-05,12188.63671875,13073.295835433468,11500.56851688508,13073.295835433468,2500
2024-02-06,12876.705078125,12975.00053673664,11598.864116173663,11598.864116173663,6300
2024-02-07,13564.7734375,13564.7734375,13564.7734375,13564.7734375,100
2024-02-08,13564.7734375,13564.7734375,13564.7734375,13564.7734375,0
2024-02-09,13564.7734375,13564.7734375,13564.7734375,13564.7734375,0
2024-02-15,13368.181640625,13368.181640625,12630.965741325828,12630.965741325828,3100
2024-02-16,12434.375,13073.295454545454,12434.375,13073.295454545454,300
2024-02-19,13220.7392578125,13220.7392578125,13220.7392578125,13220.7392578125,200
2024-02-20,13122.443359375,13122.443359375,12336.079712371256,12336.079712371256,800
2024-02-21,12237.7841796875,12237.7841796875,12237.7841796875,12237.7841796875,200
2024-02-22,12925.8525390625,12925.8525390625,12237.784343066776,12237.784343066776,400
2024-02-23,12876.705078125,12876.705078125,12876.705078125,12876.705078125,300
2024-02-26,12876.705078125,12876.705078125,12876.705078125,12876.705078125,0
2024-02-27,12876.705078125,12876.705078125,12876.705078125,12876.705078125,0
2024-02-28,12090.3408203125,12827.55672399009,11992.04536648882,11992.04536648882,900
2024-02-29,12090.3408203125,12090.3408203125,12090.3408203125,12090.3408203125,1200
2024-03-01,12680.1142578125,12680.1142578125,12581.818798449613,12581.818798449613,500
2024-03-04,12827.556640625,12827.556640625,12827.556640625,12827.556640625,200
2024-03-05,12827.556640625,12827.556640625,12827.556640625,12827.556640625,0
2024-03-06,12827.556640625,12827.556640625,12827.556640625,12827.556640625,0
2024-03-07,12778.4091796875,12778.4091796875,12729.261452073317,12729.261452073317,200
2024-03-08,12778.4091796875,12778.4091796875,12778.4091796875,12778.4091796875,0
2024-03-11,12778.4091796875,12778.4091796875,12778.4091796875,12778.4091796875,0
2024-03-12,12778.4091796875,12778.4091796875,12778.4091796875,12778.4091796875,0
2024-03-13,12729.26171875,12729.26171875,12729.26171875,12729.26171875,100
2024-03-14,12729.26171875,12729.26171875,12729.26171875,12729.26171875,0
2024-03-15,12630.9658203125,12630.9658203125,12630.9658203125,12630.9658203125,100
2024-03-18,11992.0458984375,12041.193627529456,11992.0458984375,12041.193627529456,500
2024-03-19,12286.931640625,12286.931640625,11992.04528125,11992.04528125,200
2024-03-20,12286.931640625,12286.931640625,12286.931640625,12286.931640625,100
2024-03-21,12286.931640625,12532.6702734375,12286.931640625,12532.6702734375,1200
2024-03-22,12286.931640625,12286.931640625,12286.931640625,12286.931640625,200
2024-03-25,12286.931640625,12286.931640625,12286.931640625,12286.931640625,0
2024-03-26,12090.3408203125,12188.63627413618,12090.3408203125,12188.63627413618,500
2024-03-27,12090.3408203125,12090.3408203125,12090.3408203125,12090.3408203125,0
2024-03-28,12827.556640625,12827.556640625,12827.556640625,12827.556640625,100
2024-03-29,12827.556640625,12827.556640625,12827.556640625,12827.556640625,0
2024-04-01,12827.556640625,12827.556640625,12827.556640625,12827.556640625,0
2024-04-02,12827.556640625,12827.556640625,12827.556640625,12827.556640625,0
2024-04-03,12827.556640625,12827.556640625,12827.556640625,12827.556640625,0
2024-04-04,12827.556640625,12827.556640625,12827.556640625,12827.556640625,0
2024-04-05,12729.26171875,12729.26171875,12729.26171875,12729.26171875,100
2024-04-08,12286.931640625,12286.931640625,11844.6021015625,11844.6021015625,1400
2024-04-09,12778.4091796875,12778.4091796875,12778.4091796875,12778.4091796875,100
2024-04-10,12778.4091796875,12778.4091796875,12778.4091796875,12778.4091796875,0
2024-04-11,11942.8974609375,11942.8974609375,11893.749734760802,11893.749734760802,1200
2024-04-12,12532.6708984375,12630.96635646446,11107.386757046568,11254.829944087009,3200
2024-04-15,12532.6708984375,12532.6708984375,12532.6708984375,12532.6708984375,0
2024-04-16,11697.1591796875,11697.1591796875,11697.1591796875,11697.1591796875,1000
2024-04-17,12188.63671875,12188.63671875,10910.795772429436,10910.795772429436,3200
2024-04-19,12041.193359375,12188.636543367347,12041.193359375,12188.636543367347,800
2024-04-22,11205.681640625,11303.97709361294,11205.681640625,11303.97709361294,1000
2024-04-23,11205.681640625,11844.6020850466,11205.681640625,11844.6020850466,2300
2024-04-24,10763.3525390625,11893.750294306506,10763.3525390625,11893.750294306506,400
2024-04-25,11402.2724609375,11500.56791318696,11107.386104189116,11107.386104189116,19600
2024-04-26,11402.2724609375,11402.2724609375,11402.2724609375,11402.2724609375,0
2024-04-29,11402.2724609375,11402.2724609375,11402.2724609375,11402.2724609375,0
2024-04-30,11402.2724609375,11402.2724609375,11402.2724609375,11402.2724609375,0
2024-05-02,11402.2724609375,11402.2724609375,11402.2724609375,11402.2724609375,0
2024-05-03,11402.2724609375,11402.2724609375,11402.2724609375,11402.2724609375,0
2024-05-06,11746.306640625,11746.306640625,10812.499836558578,10812.499836558578,2100
2024-05-07,11795.455078125,11795.455078125,11058.239135742188,11795.455078125,5600
2024-05-08,11795.455078125,11795.455078125,11795.455078125,11795.455078125,0
2024-05-09,11058.2392578125,11058.2392578125,11058.2392578125,11058.2392578125,100
2024-05-10,10861.6474609375,11795.45425622172,10861.6474609375,10861.6474609375,7600
2024-05-13,10370.1708984375,10419.31862781398,10370.1708984375,10419.31862781398,500
2024-05-14,11058.2392578125,11058.2392578125,9878.693736979169,9878.693736979169,700
2024-05-15,11058.2392578125,11058.2392578125,11058.2392578125,11058.2392578125,100
2024-05-16,11058.2392578125,11058.2392578125,11058.2392578125,11058.2392578125,0
2024-05-17,11795.455078125,11795.455078125,10370.170922851565,10959.943676757812,900
2024-05-20,11795.455078125,11795.455078125,11795.455078125,11795.455078125,0
2024-05-21,11795.455078125,11795.455078125,11795.455078125,11795.455078125,0
2024-05-22,11795.455078125,11795.455078125,11795.455078125,11795.455078125,0
2024-05-23,11795.455078125,11795.455078125,11795.455078125,11795.455078125,0
2024-05-24,11795.455078125,11795.455078125,11795.455078125,11795.455078125,0
2024-05-27,11795.455078125,11795.455078125,11795.455078125,11795.455078125,100
2024-05-28,11795.455078125,11795.455078125,11795.455078125,11795.455078125,0
2024-05-29,11795.455078125,11795.455078125,11795.455078125,11795.455078125,0
2024-05-30,11107.38671875,11107.38671875,11107.38671875,11107.38671875,100
2024-05-31,11746.306640625,11844.602093684623,10370.170297790271,10419.318024320084,1500
2024-06-03,11746.306640625,11746.306640625,11746.306640625,11746.306640625,0
2024-06-04,11697.1591796875,11697.1591796875,10959.943265001311,10959.943265001311,1600
2024-06-05,10959.943359375,11402.272911995517,10910.795631306057,11402.272911995517,1600
2024-06-06,11205.681640625,11303.97709361294,11205.681640625,11303.97709361294,300
2024-06-07,11205.681640625,11205.681640625,11205.681640625,11205.681640625,100
2024-06-10,11205.681640625,11205.681640625,11205.681640625,11205.681640625,100
2024-06-11,11500.568359375,11500.568359375,11205.681991185898,11205.681991185898,800
2024-06-12,11500.568359375,11500.568359375,11500.568359375,11500.568359375,0
2024-06-13,11500.568359375,11500.568359375,11500.568359375,11500.568359375,0
2024-06-14,11500.568359375,11500.568359375,11500.568359375,11500.568359375,100
2024-06-17,11500.568359375,11500.568359375,11500.568359375,11500.568359375,0
2024-06-18,11500.568359375,11500.568359375,11500.568359375,11500.568359375,0
2024-06-19,11500.568359375,11500.568359375,11500.568359375,11500.568359375,0
2024-06-20,10714.205078125,10714.205078125,10714.205078125,10714.205078125,100
2024-06-21,11451.4208984375,11451.4208984375,11451.4208984375,11451.4208984375,300
2024-06-24,11451.4208984375,11451.4208984375,11451.4208984375,11451.4208984375,0
2024-06-25,11451.4208984375,11451.4208984375,11451.4208984375,11451.4208984375,0
2024-06-26,11795.455078125,11795.455078125,11795.455078125,11795.455078125,400
2024-06-27,12581.818359375,12581.818359375,12483.522903442385,12483.522903442385,3300
2024-06-28,11795.455078125,13417.330151367189,11795.455078125,13417.330151367189,2000
2024-07-01,11303.9775390625,11795.454823369566,11303.9775390625,11795.454823369566,2000
2024-07-02,10665.056640625,10665.056640625,10665.056640625,10665.056640625,1000
2024-07-03,10026.13671875,10124.43217677696,9927.841260723038,9927.841260723038,2300
2024-07-04,10468.4658203125,10468.4658203125,10026.136278609156,10026.136278609156,900
2024-07-05,11107.38671875,11107.38671875,11107.38671875,11107.38671875,100
2024-07-08,10812.5,11009.090909090908,10812.5,11009.090909090908,1300
2024-07-09,11500.568359375,11500.568359375,11451.420631343484,11451.420631343484,500
2024-07-10,11500.568359375,11500.568359375,11500.568359375,11500.568359375,0
2024-07-11,11500.568359375,11500.568359375,11500.568359375,11500.568359375,700
2024-07-12,11500.568359375,11500.568359375,11500.568359375,11500.568359375,0
2024-07-15,11500.568359375,11500.568359375,11500.568359375,11500.568359375,100
2024-07-16,11500.568359375,11500.568359375,11500.568359375,11500.568359375,0
2024-07-17,11500.568359375,11500.568359375,11500.568359375,11500.568359375,0
2024-07-18,11500.568359375,11500.568359375,11500.568359375,11500.568359375,0
2024-07-19,11500.568359375,11500.568359375,11500.568359375,11500.568359375,0
2024-07-22,11500.568359375,11500.568359375,11500.568359375,11500.568359375,0
2024-07-23,11500.568359375,11500.568359375,11500.568359375,11500.568359375,0
2024-07-24,11500.568359375,11500.568359375,11500.568359375,11500.568359375,0
2024-07-25,11500.568359375,11500.568359375,11500.568359375,11500.568359375,0
2024-07-26,11500.568359375,11500.568359375,11500.568359375,11500.568359375,0
2024-07-29,11500.568359375,11500.568359375,11500.568359375,11500.568359375,0
2024-07-30,11500.568359375,11500.568359375,11500.568359375,11500.568359375,0
2024-07-31,11500.568359375,11500.568359375,11500.568359375,11500.568359375,0
2024-08-01,11500.568359375,11500.568359375,11500.568359375,11500.568359375,0
2024-08-02,11500.568359375,11500.568359375,11500.568359375,11500.568359375,0
2024-08-05,11500.568359375,11500.568359375,11500.568359375,11500.568359375,0
2024-08-06,11500.568359375,11500.568359375,11500.568359375,11500.568359375,0
2024-08-07,11500.568359375,11500.568359375,11500.568359375,11500.568359375,0
2024-08-08,11500.568359375,11500.568359375,11500.568359375,11500.568359375,0
2024-08-09,11500.568359375,11500.568359375,11500.568359375,11500.568359375,0
2024-08-12,11500.568359375,11500.568359375,11500.568359375,11500.568359375,0
2024-08-13,11500.568359375,11500.568359375,11500.568359375,11500.568359375,0
2024-08-14,11500.568359375,11500.568359375,11500.568359375,11500.568359375,0
2024-08-15,11500.568359375,11500.568359375,11500.568359375,11500.568359375,0
2024-08-16,11500.568359375,11500.568359375,11500.568359375,11500.568359375,0
2024-08-19,11500.568359375,11500.568359375,11500.568359375,11500.568359375,0
2024-08-20,11500.568359375,11500.568359375,11500.568359375,11500.568359375,0
2024-08-21,12090.3408203125,12090.3408203125,12090.3408203125,12090.3408203125,1600
2024-08-22,12680.1142578125,12680.1142578125,12188.63696099806,12188.63696099806,6500
2024-08-23,13073.2958984375,13073.2958984375,12975.000440554511,12975.000440554511,300
2024-08-26,13613.9208984375,13613.9208984375,13073.295880810016,13073.295880810016,1000
2024-08-27,12680.1142578125,12680.1142578125,12680.1142578125,12680.1142578125,100
2024-08-28,11795.455078125,11795.455078125,11795.455078125,11795.455078125,2100
2024-08-29,11156.5341796875,11795.45463931718,11009.090996696035,11107.386452023678,2900
2024-08-30,11303.9775390625,11795.454823369566,11303.9775390625,11795.454823369566,1100
2024-09-04,12090.3408203125,12090.3408203125,11992.04536648882,11992.04536648882,805600
2024-09-05,12090.3408203125,12090.3408203125,12090.3408203125,12090.3408203125,500
2024-09-06,11795.455078125,12286.932373046877,11795.455078125,12286.932373046877,1000
2024-09-09,12090.3408203125,12090.3408203125,12090.3408203125,12090.3408203125,11100
2024-09-10,12090.3408203125,12090.3408203125,12090.3408203125,12090.3408203125,0
2024-09-11,12090.3408203125,12090.3408203125,12090.3408203125,12090.3408203125,0
2024-09-12,11254.830078125,11254.830078125,11254.830078125,11254.830078125,100
2024-09-13,11254.830078125,11254.830078125,11254.830078125,11254.830078125,0
2024-09-16,11254.830078125,11254.830078125,11254.830078125,11254.830078125,0
2024-09-17,11254.830078125,11254.830078125,11254.830078125,11254.830078125,0
2024-09-18,11254.830078125,11254.830078125,11254.830078125,11254.830078125,0
2024-09-19,11254.830078125,11254.830078125,11254.830078125,11254.830078125,0
2024-09-20,11254.830078125,11254.830078125,11254.830078125,11254.830078125,0
2024-09-23,11303.9775390625,11303.9775390625,11303.9775390625,11303.9775390625,100
2024-09-24,11303.9775390625,11303.9775390625,11303.9775390625,11303.9775390625,0
2024-09-25,10812.5,10812.5,10812.5,10812.5,100
2024-09-26,10812.5,10812.5,10812.5,10812.5,0
2024-09-27,10812.5,10812.5,10812.5,10812.5,0
2024-09-30,10812.5,10812.5,10812.5,10812.5,0
2024-10-01,10812.5,10812.5,10812.5,10812.5,0
2024-10-02,10812.5,10812.5,10812.5,10812.5,0
2024-10-03,10173.580078125,11500.568783967392,10173.580078125,11500.568783967392,1300
2024-10-04,10714.205078125,10714.205078125,10714.205078125,10714.205078125,100
2024-10-07,10714.205078125,10714.205078125,10714.205078125,10714.205078125,0
2024-10-08,10714.205078125,10714.205078125,10714.205078125,10714.205078125,0
2024-10-09,11009.0908203125,11009.0908203125,11009.0908203125,11009.0908203125,100
2024-10-10,11009.0908203125,11009.0908203125,11009.0908203125,11009.0908203125,0
2024-10-11,11009.0908203125,11009.0908203125,11009.0908203125,11009.0908203125,0
2024-10-14,11009.0908203125,11009.0908203125,11009.0908203125,11009.0908203125,0
2024-10-15,11009.0908203125,11009.0908203125,11009.0908203125,11009.0908203125,100
2024-10-16,11009.0908203125,11009.0908203125,11009.0908203125,11009.0908203125,0
2024-10-17,11009.0908203125,11009.0908203125,11009.0908203125,11009.0908203125,0
2024-10-18,11009.0908203125,11009.0908203125,11009.0908203125,11009.0908203125,0
2024-10-21,11009.0908203125,11009.0908203125,11009.0908203125,11009.0908203125,0
2024-10-22,11009.0908203125,11009.0908203125,11009.0908203125,11009.0908203125,0
2024-10-23,11009.0908203125,11009.0908203125,11009.0908203125,11009.0908203125,0
2024-10-24,11009.0908203125,11009.0908203125,11009.0908203125,11009.0908203125,300
2024-10-25,11009.0908203125,11009.0908203125,11009.0908203125,11009.0908203125,0
2024-10-28,11009.0908203125,11009.0908203125,11009.0908203125,11009.0908203125,0
2024-10-29,11009.0908203125,11009.0908203125,11009.0908203125,11009.0908203125,0
2024-10-30,11009.0908203125,11009.0908203125,11009.0908203125,11009.0908203125,0
2024-10-31,11009.0908203125,11009.0908203125,11009.0908203125,11009.0908203125,0
2024-11-01,11009.0908203125,11009.0908203125,11009.0908203125,11009.0908203125,0
2024-11-04,11009.0908203125,11009.0908203125,11009.0908203125,11009.0908203125,0
2024-11-05,11009.0908203125,11009.0908203125,11009.0908203125,11009.0908203125,0
2024-11-06,11009.0908203125,11009.0908203125,11009.0908203125,11009.0908203125,0
2024-11-07,11009.0908203125,11009.0908203125,11009.0908203125,11009.0908203125,0
2024-11-08,11009.0908203125,11009.0908203125,11009.0908203125,11009.0908203125,0
2024-11-11,11009.0908203125,11009.0908203125,11009.0908203125,11009.0908203125,0
2024-11-12,11009.0908203125,11009.0908203125,11009.0908203125,11009.0908203125,0
2024-11-13,11009.0908203125,11009.0908203125,11009.0908203125,11009.0908203125,0
2024-11-14,11746.306640625,11746.306640625,11746.306640625,11746.306640625,100
2024-11-15,11746.306640625,11746.306640625,11746.306640625,11746.306640625,0
2024-11-18,12532.6708984375,12532.6708984375,11746.307234221813,11746.307234221813,9200
2024-11-19,13319.0341796875,13319.0341796875,13319.0341796875,13319.0341796875,300
2024-11-20,13368.181640625,13368.181640625,13368.181640625,13368.181640625,100
2024-11-21,12778.4091796875,12925.852362530048,12581.81826923077,12925.852362530048,500
2024-11-22,12778.4091796875,12778.4091796875,12778.4091796875,12778.4091796875,0
2024-11-25,12778.4091796875,12778.4091796875,12778.4091796875,12778.4091796875,0
2024-11-26,12581.818359375,12778.409271240234,12581.818359375,12778.409271240234,300
2024-11-27,12581.818359375,12581.818359375,12581.818359375,12581.818359375,0
2024-11-28,11746.306640625,12581.8179916318,11746.306640625,12581.8179916318,300
2024-11-29,10959.943359375,10959.943359375,10959.943359375,10959.943359375,1000
2024-12-02,10321.0224609375,10959.942898995536,10222.727008928572,10959.942898995536,4400
2024-12-03,11009.0908203125,11009.0908203125,10321.022644042969,10321.022644042969,1400
2024-12-04,11697.1591796875,11697.1591796875,10321.022805606615,10370.170533252363,2100
2024-12-05,10910.7958984375,10910.7958984375,10910.7958984375,10910.7958984375,1800
2024-12-06,10271.875,10861.647727272726,10271.875,10861.647727272726,1000
2024-12-09,10910.7958984375,10910.7958984375,10861.64816916526,10861.64816916526,90000
2024-12-10,10812.5,10812.5,10812.5,10812.5,500
2024-12-11,10910.7958984375,10910.7958984375,10910.7958984375,10910.7958984375,54000
2024-12-12,10910.7958984375,10910.7958984375,10910.7958984375,10910.7958984375,0
2024-12-13,11598.8642578125,11598.8642578125,10959.943769034691,11009.09149894068,6200
2024-12-16,11303.9775390625,11795.454823369566,11303.9775390625,11402.272995923911,303000
2024-12-17,11303.9775390625,11795.454823369566,11303.9775390625,11795.454823369566,201500
2024-12-18,11303.9775390625,11303.9775390625,11303.9775390625,11303.9775390625,500
2024-12-19,11303.9775390625,11303.9775390625,11303.9775390625,11303.9775390625,0
2024-12-20,11303.9775390625,11303.9775390625,11303.9775390625,11303.9775390625,0
2024-12-23,11402.2724609375,11893.749722184806,11303.977008688038,11893.749722184806,6600
2024-12-24,11402.2724609375,11402.2724609375,11402.2724609375,11402.2724609375,0
2024-12-25,11402.2724609375,11402.2724609375,11402.2724609375,11402.2724609375,0
2024-12-26,11402.2724609375,11402.2724609375,11402.2724609375,11402.2724609375,0
2024-12-27,11402.2724609375,11402.2724609375,11402.2724609375,11402.2724609375,0
2024-12-30,11402.2724609375,11402.2724609375,11402.2724609375,11402.2724609375,0
2024-12-31,12188.63671875,12188.63671875,11795.454889112903,12139.488990045362,7300
2025-01-02,12188.63671875,12188.63671875,12188.63671875,12188.63671875,0
2025-01-03,12188.63671875,12188.63671875,12188.63671875,12188.63671875,0
2025-01-06,12188.63671875,12188.63671875,12188.63671875,12188.63671875,0
2025-01-07,12188.63671875,12188.63671875,12188.63671875,12188.63671875,100
2025-01-08,12188.63671875,12188.63671875,12188.63671875,12188.63671875,100
2025-01-09,12188.63671875,12188.63671875,12188.63671875,12188.63671875,0
2025-01-10,12188.63671875,12188.63671875,12188.63671875,12188.63671875,0
2025-01-13,12188.63671875,12188.63671875,12188.63671875,12188.63671875,0
2025-01-14,12188.63671875,12188.63671875,12188.63671875,12188.63671875,0
2025-01-15,12188.63671875,12188.63671875,12188.63671875,12188.63671875,0
2025-01-16,12188.63671875,12188.63671875,12188.63671875,12188.63671875,0
2025-01-17,12188.63671875,12188.63671875,12188.63671875,12188.63671875,0
2025-01-20,12188.63671875,12188.63671875,12188.63671875,12188.63671875,0
2025-01-21,11353.125,12188.636363636364,11353.125,12188.636363636364,235600
2025-01-22,11353.125,11353.125,11353.125,11353.125,0
2025-01-23,11353.125,11353.125,11353.125,11353.125,0
2025-01-24,11353.125,11353.125,11353.125,11353.125,0
2025-01-27,11353.125,11353.125,11353.125,11353.125,0
2025-01-28,11353.125,11353.125,11353.125,11353.125,0
2025-01-29,11353.125,11353.125,11353.125,11353.125,0
2025-01-30,11353.125,11353.125,11353.125,11353.125,0
2025-01-31,11353.125,11353.125,11353.125,11353.125,0
2025-02-03,11353.125,11353.125,11353.125,11353.125,0
2025-02-04,11353.125,11353.125,11353.125,11353.125,0
2025-02-05,11353.125,11353.125,11353.125,11353.125,0
2025-02-06,11353.125,11353.125,11353.125,11353.125,0
2025-02-07,12139.4892578125,12139.4892578125,12139.4892578125,12139.4892578125,2000
2025-02-10,12925.8525390625,12925.8525390625,12139.48888649596,12139.48888649596,700
2025-02-11,13761.3642578125,13761.3642578125,12876.705126953124,12876.705126953124,1000
2025-02-12,13761.3642578125,13761.3642578125,12827.557397460936,12827.557397460936,117700
2025-02-13,13761.3642578125,13761.3642578125,13761.3642578125,13761.3642578125,0
2025-02-14,13761.3642578125,13761.3642578125,13761.3642578125,13761.3642578125,0
2025-02-17,14252.8408203125,14252.8408203125,14252.8408203125,14252.8408203125,100
2025-02-18,14252.8408203125,14252.8408203125,14252.8408203125,14252.8408203125,0
2025-02-19,14252.8408203125,14252.8408203125,14252.8408203125,14252.8408203125,0
2025-02-20,14252.8408203125,14252.8408203125,14252.8408203125,14252.8408203125,0
2025-02-21,13761.3642578125,13761.3642578125,13466.477880859376,13466.477880859376,224100
2025-02-24,13761.3642578125,13761.3642578125,13761.3642578125,13761.3642578125,0
2025-02-25,13761.3642578125,13761.3642578125,13761.3642578125,13761.3642578125,0
2025-02-26,13761.3642578125,13761.3642578125,13761.3642578125,13761.3642578125,0
2025-02-27,13761.3642578125,13761.3642578125,13761.3642578125,13761.3642578125,0
2025-02-28,13761.3642578125,13761.3642578125,13761.3642578125,13761.3642578125,0
2025-03-03,13761.3642578125,13761.3642578125,13761.3642578125,13761.3642578125,0
2025-03-04,13761.3642578125,13761.3642578125,13761.3642578125,13761.3642578125,0
2025-03-05,13761.3642578125,13761.3642578125,13761.3642578125,13761.3642578125,0
2025-03-06,13761.3642578125,13761.3642578125,13761.3642578125,13761.3642578125,0
2025-03-07,13761.3642578125,13761.3642578125,13761.3642578125,13761.3642578125,0
2025-03-10,13761.3642578125,13761.3642578125,13761.3642578125,13761.3642578125,0
2025-03-11,13761.3642578125,13761.3642578125,13761.3642578125,13761.3642578125,0
2025-03-12,13761.3642578125,13761.3642578125,13761.3642578125,13761.3642578125,0
2025-03-13,13761.3642578125,13761.3642578125,13761.3642578125,13761.3642578125,0
2025-03-14,13761.3642578125,13761.3642578125,13761.3642578125,13761.3642578125,0
2025-03-17,13761.3642578125,13761.3642578125,13761.3642578125,13761.3642578125,0
2025-03-18,13761.3642578125,13761.3642578125,13761.3642578125,13761.3642578125,0
2025-03-19,13761.3642578125,13761.3642578125,13761.3642578125,13761.3642578125,0
2025-03-20,13761.3642578125,13761.3642578125,13761.3642578125,13761.3642578125,200
2025-03-21,13761.3642578125,13761.3642578125,13761.3642578125,13761.3642578125,0
2025-03-24,13761.3642578125,13761.3642578125,13761.3642578125,13761.3642578125,0
2025-03-25,13761.3642578125,13761.3642578125,13761.3642578125,13761.3642578125,0
2025-03-26,13761.3642578125,13761.3642578125,13761.3642578125,13761.3642578125,0
2025-03-27,13761.3642578125,13761.3642578125,13761.3642578125,13761.3642578125,0
2025-03-28,13761.3642578125,13761.3642578125,13761.3642578125,13761.3642578125,0
2025-03-31,13761.3642578125,13761.3642578125,13761.3642578125,13761.3642578125,0
2025-04-01,13761.3642578125,13761.3642578125,13761.3642578125,13761.3642578125,0
2025-04-02,13761.3642578125,13761.3642578125,13761.3642578125,13761.3642578125,0
2025-04-03,13761.3642578125,13761.3642578125,13761.3642578125,13761.3642578125,0
2025-04-04,13761.3642578125,13761.3642578125,13761.3642578125,13761.3642578125,0
2025-04-07,13761.3642578125,13761.3642578125,13761.3642578125,13761.3642578125,0
2025-04-08,13761.3642578125,13761.3642578125,13761.3642578125,13761.3642578125,0
2025-04-09,13761.3642578125,13761.3642578125,13761.3642578125,13761.3642578125,0
2025-04-10,13761.3642578125,13761.3642578125,13761.3642578125,13761.3642578125,0
2025-04-11,13761.3642578125,13761.3642578125,13761.3642578125,13761.3642578125,0
2025-04-14,14646.0234375,14646.0234375,12827.55744022651,12827.55744022651,2900
2025-04-15,14646.0234375,14646.0234375,14646.0234375,14646.0234375,0
2025-04-16,14646.0234375,14646.0234375,14646.0234375,14646.0234375,0
2025-04-17,15481.5341796875,15481.5341796875,13663.068260168651,13663.068260168651,600
2025-04-18,14400.2841796875,14400.2841796875,14400.2841796875,14400.2841796875,500
2025-04-21,14400.2841796875,14400.2841796875,14400.2841796875,14400.2841796875,0
2025-04-22,13417.330078125,13417.330078125,13417.330078125,13417.330078125,100
2025-04-23,12581.818359375,14301.9888381958,12483.522903442385,12483.522903442385,1300
2025-04-24,12581.818359375,12581.818359375,12581.818359375,12581.818359375,0
2025-04-25,13368.181640625,13368.181640625,13368.181640625,13368.181640625,100
2025-04-28,13368.181640625,13368.181640625,13368.181640625,13368.181640625,0
2025-04-29,14252.8408203125,14252.8408203125,14252.8408203125,14252.8408203125,100
2025-04-30,14252.8408203125,14252.8408203125,14252.8408203125,14252.8408203125,0
2025-05-01,14252.8408203125,14252.8408203125,14252.8408203125,14252.8408203125,0
2025-05-02,14252.8408203125,14252.8408203125,14252.8408203125,14252.8408203125,0
2025-05-05,14252.8408203125,14252.8408203125,14252.8408203125,14252.8408203125,0
2025-05-06,14252.8408203125,14252.8408203125,14252.8408203125,14252.8408203125,0
2025-05-07,14252.8408203125,14252.8408203125,14252.8408203125,14252.8408203125,0
2025-05-08,14252.8408203125,14744.31808997845,14252.8408203125,14744.31808997845,1100
2025-05-09,14252.8408203125,14252.8408203125,14252.8408203125,14252.8408203125,0
2025-05-12,14252.8408203125,14252.8408203125,14252.8408203125,14252.8408203125,0
2025-05-13,14252.8408203125,14252.8408203125,14252.8408203125,14252.8408203125,0
2025-05-14,14252.8408203125,14252.8408203125,14252.8408203125,14252.8408203125,0
2025-05-15,14252.8408203125,14252.8408203125,14252.8408203125,14252.8408203125,0
2025-05-16,14252.8408203125,14252.8408203125,14252.8408203125,14252.8408203125,0
2025-05-19,13957.955078125,13957.955078125,13957.955078125,13957.955078125,1900
2025-05-20,13957.955078125,13957.955078125,13957.955078125,13957.955078125,1900
2025-05-21,13761.3642578125,13908.807446289062,13761.3642578125,13908.807446289062,2200
2025-05-22,12876.705078125,12876.705078125,12827.55734881918,12827.55734881918,1700
2025-05-23,12680.1142578125,12778.409717175387,12680.1142578125,12778.409717175387,300
2025-05-26,12680.1142578125,12680.1142578125,12680.1142578125,12680.1142578125,0
2025-05-27,12680.1142578125,12680.1142578125,12680.1142578125,12680.1142578125,0
2025-05-28,12680.1142578125,12680.1142578125,12680.1142578125,12680.1142578125,0
2025-05-29,12680.1142578125,12680.1142578125,12680.1142578125,12680.1142578125,0
2025-05-30,12680.1142578125,12680.1142578125,12680.1142578125,12680.1142578125,0
2025-06-02,12680.1142578125,12680.1142578125,12680.1142578125,12680.1142578125,1000
2025-06-03,12680.1142578125,12680.1142578125,12680.1142578125,12680.1142578125,1000
2025-06-04,12680.1142578125,12680.1142578125,12680.1142578125,12680.1142578125,0
2025-06-05,12680.1142578125,12680.1142578125,12680.1142578125,12680.1142578125,0
2025-06-06,12680.1142578125,12680.1142578125,12680.1142578125,12680.1142578125,0
2025-06-09,12680.1142578125,12680.1142578125,12680.1142578125,12680.1142578125,0
2025-06-10,12680.1142578125,12680.1142578125,12680.1142578125,12680.1142578125,0
2025-06-11,12680.1142578125,12680.1142578125,12680.1142578125,12680.1142578125,0
2025-06-12,12778.4091796875,12778.4091796875,12778.4091796875,12778.4091796875,600
2025-06-13,12778.4091796875,12778.4091796875,12778.4091796875,12778.4091796875,0
2025-06-16,12778.4091796875,12778.4091796875,12778.4091796875,12778.4091796875,0
2025-06-17,12778.4091796875,12778.4091796875,12778.4091796875,12778.4091796875,0
2025-06-18,12778.4091796875,12778.4091796875,12778.4091796875,12778.4091796875,0
2025-06-19,12778.4091796875,12778.4091796875,12778.4091796875,12778.4091796875,0
2025-06-20,12778.4091796875,12778.4091796875,12778.4091796875,12778.4091796875,0
2025-06-23,11992.0458984375,12778.409563908812,11992.0458984375,12778.409563908812,500
2025-06-24,11992.0458984375,12778.409563908812,11992.0458984375,12778.409563908812,500
2025-06-25,11992.0458984375,11992.0458984375,11992.0458984375,11992.0458984375,0
2025-06-26,11992.0458984375,11992.0458984375,11992.0458984375,11992.0458984375,0
2025-06-27,11992.0458984375,11992.0458984375,11992.0458984375,11992.0458984375,0
2025-06-30,11992.0458984375,11992.0458984375,11992.0458984375,11992.0458984375,0
2025-07-01,11992.0458984375,11992.0458984375,11992.0458984375,11992.0458984375,0
2025-07-02,11992.0458984375,11992.0458984375,11992.0458984375,11992.0458984375,0
2025-07-03,12827.556640625,12827.556640625,12827.556640625,12827.556640625,200
2025-07-04,12876.705078125,12876.705078125,12876.705078125,12876.705078125,600
2025-07-07,12876.705078125,12876.705078125,12876.705078125,12876.705078125,0
2025-07-08,12876.705078125,12876.705078125,12876.705078125,12876.705078125,0
2025-07-09,12876.705078125,12876.705078125,12876.705078125,12876.705078125,0
2025-07-10,12876.705078125,12876.705078125,12876.705078125,12876.705078125,0
2025-07-11,12876.705078125,12876.705078125,12876.705078125,12876.705078125,0
2025-07-14,13613.9208984375,13663.068627312728,13613.9208984375,13663.068627312728,1600
2025-07-15,13613.9208984375,13663.068627312728,13613.9208984375,13663.068627312728,1600
2025-07-16,13613.9208984375,13613.9208984375,13613.9208984375,13613.9208984375,0
2025-07-17,14351.13671875,14351.13671875,14351.13671875,14351.13671875,1000
2025-07-18,14351.13671875,14351.13671875,14351.13671875,14351.13671875,200
2025-07-21,14351.13671875,14351.13671875,14351.13671875,14351.13671875,0
2025-07-22,14351.13671875,14351.13671875,14351.13671875,14351.13671875,0
2025-07-23,14351.13671875,14351.13671875,14351.13671875,14351.13671875,0
2025-07-24,14252.8408203125,14252.8408203125,14203.693093345906,14203.693093345906,2600
2025-07-25,14252.8408203125,14252.8408203125,14252.8408203125,14252.8408203125,15700
2025-07-28,14252.8408203125,14252.8408203125,14252.8408203125,14252.8408203125,0
2025-07-29,14252.8408203125,14252.8408203125,14252.8408203125,14252.8408203125,0
2025-07-30,14252.8408203125,14252.8408203125,14252.8408203125,14252.8408203125,0
2025-07-31,14252.8408203125,14252.8408203125,14252.8408203125,14252.8408203125,0
2025-08-01,14252.8408203125,14252.8408203125,14252.8408203125,14252.8408203125,0
2025-08-04,15235.7958984375,15235.7958984375,15235.7958984375,15235.7958984375,200
2025-08-05,15235.7958984375,15235.7958984375,15235.7958984375,15235.7958984375,200
2025-08-06,15235.7958984375,15235.7958984375,15235.7958984375,15235.7958984375,0
2025-08-07,14203.693359375,14203.693359375,14203.693359375,14203.693359375,2400
2025-08-08,14203.693359375,14203.693359375,14203.693359375,14203.693359375,0
2025-08-11,13957.955078125,14056.250536421654,13957.955078125,13957.955078125,2500
2025-08-12,13957.955078125,14056.250536421654,13957.955078125,13957.955078125,2500
2025-08-13,14252.8408203125,14252.8408203125,14252.8408203125,14252.8408203125,100
2025-08-14,14252.8408203125,14744.31808997845,14252.8408203125,14252.8408203125,3100
2025-08-15,14252.8408203125,14252.8408203125,14252.8408203125,14252.8408203125,1500
2025-08-18,14252.8408203125,14252.8408203125,14252.8408203125,14252.8408203125,400
2025-08-19,14252.8408203125,14252.8408203125,14252.8408203125,14252.8408203125,400
2025-08-20,13761.3642578125,13761.3642578125,13761.3642578125,13761.3642578125,2000
2025-08-21,13761.3642578125,13761.3642578125,13761.3642578125,13761.3642578125,300
2025-08-22,13761.3642578125,13761.3642578125,13761.3642578125,13761.3642578125,0
2025-08-25,14252.8408203125,14252.8408203125,14252.8408203125,14252.8408203125,600
2025-08-26,14252.8408203125,14252.8408203125,14252.8408203125,14252.8408203125,600
2025-08-27,14252.8408203125,14252.8408203125,14252.8408203125,14252.8408203125,100
2025-08-28,14252.8408203125,14252.8408203125,14252.8408203125,14252.8408203125,0
2025-08-29,14351.13671875,14351.13671875,14351.13671875,14351.13671875,300
2025-09-01,14351.13671875,14351.13671875,14351.13671875,14351.13671875,0
2025-09-02,14351.13671875,14351.13671875,14351.13671875,14351.13671875,0
2025-09-03,15235.7958984375,15235.7958984375,15235.7958984375,15235.7958984375,300
2025-09-04,15235.7958984375,15235.7958984375,15235.7958984375,15235.7958984375,300
2025-09-05,15235.7958984375,15235.7958984375,15235.7958984375,15235.7958984375,0
2025-09-08,15334.0908203125,15334.0908203125,15334.0908203125,15334.0908203125,300
2025-09-09,15334.0908203125,15334.0908203125,15334.0908203125,15334.0908203125,300
2025-09-10,15334.0908203125,15334.0908203125,15334.0908203125,15334.0908203125,0
2025-09-11,15334.0908203125,15334.0908203125,15334.0908203125,15334.0908203125,300
2025-09-12,15727.2734375,15727.2734375,15334.0916015625,15334.0916015625,1300
2025-09-15,15727.2734375,15727.2734375,15727.2734375,15727.2734375,0
2025-09-16,15727.2734375,15727.2734375,15727.2734375,15727.2734375,200
2025-09-17,15727.2734375,15727.2734375,15727.2734375,15727.2734375,0
2025-09-18,15727.2734375,15727.2734375,15727.2734375,15727.2734375,0
2025-09-19,15727.2734375,15727.2734375,15727.2734375,15727.2734375,0
2025-09-22,15727.2734375,15727.2734375,15727.2734375,15727.2734375,0
2025-09-23,15727.2734375,15727.2734375,15727.2734375,15727.2734375,0
2025-09-24,15727.2734375,15727.2734375,15727.2734375,15727.2734375,0
2025-09-25,15727.2734375,15727.2734375,15727.2734375,15727.2734375,0
2025-09-26,15923.8642578125,15923.8642578125,15923.8642578125,15923.8642578125,100
2025-09-29,15923.8642578125,15923.8642578125,15923.8642578125,15923.8642578125,0
2025-09-30,15923.8642578125,15923.8642578125,15923.8642578125,15923.8642578125,0
2025-10-01,16710.228515625,16710.228515625,16710.228515625,16710.228515625,800
2025-10-02,16710.228515625,16710.228515625,16710.228515625,16710.228515625,0
2025-10-03,16710.228515625,16710.228515625,16710.228515625,16710.228515625,0
2025-10-06,16710.228515625,16710.228515625,16710.228515625,16710.228515625,0
2025-10-07,16710.228515625,16710.228515625,16710.228515625,16710.228515625,0
2025-10-08,16710.228515625,16710.228515625,16710.228515625,16710.228515625,0
2025-10-09,17300.0,17300.0,17300.0,17300.0,300
2025-10-10,17300.0,17300.0,17300.0,17300.0,0
2025-10-13,18676.13671875,18676.13671875,18381.25034950658,18381.25034950658,1300
2025-10-14,18676.13671875,18676.13671875,18381.25034950658,18381.25034950658,1300
2025-10-15,18676.13671875,18676.13671875,18676.13671875,18676.13671875,0
2025-10-16,18676.13671875,18676.13671875,18676.13671875,18676.13671875,100
2025-10-17,18676.13671875,18676.13671875,18676.13671875,18676.13671875,0
2025-10-20,18676.13671875,18676.13671875,18676.13671875,18676.13671875,0
2025-10-21,18676.13671875,18676.13671875,18676.13671875,18676.13671875,0
2025-10-22,18676.13671875,18676.13671875,18676.13671875,18676.13671875,100
2025-10-23,18676.13671875,18676.13671875,18676.13671875,18676.13671875,100
2025-10-24,18676.13671875,18676.13671875,18676.13671875,18676.13671875,1400
2025-10-27,18676.13671875,18676.13671875,18676.13671875,18676.13671875,0
2025-10-28,18676.13671875,18676.13671875,18676.13671875,18676.13671875,0
2025-10-29,18676.13671875,18676.13671875,18676.13671875,18676.13671875,0
2025-10-30,18676.13671875,18676.13671875,18676.13671875,18676.13671875,0
2025-10-31,18676.13671875,18676.13671875,18676.13671875,18676.13671875,0
2025-11-03,18676.13671875,18676.13671875,18676.13671875,18676.13671875,0
2025-11-04,19659.091796875,19659.091796875,19659.091796875,19659.091796875,10000
2025-11-05,19659.091796875,19659.091796875,19659.091796875,19659.091796875,10000
2025-11-06,19659.091796875,19659.091796875,19659.091796875,19659.091796875,400
2025-11-07,19659.091796875,19659.091796875,19659.091796875,19659.091796875,0
2025-11-10,20642.044921875,20642.044921875,20642.044921875,20642.044921875,100
2025-11-11,20642.044921875,20642.044921875,20642.044921875,20642.044921875,100
2025-11-12,20642.044921875,20642.044921875,20642.044921875,20642.044921875,0
2025-11-13,20642.044921875,20642.044921875,20642.044921875,20642.044921875,0
2025-11-14,20642.044921875,20642.044921875,20642.044921875,20642.044921875,0
2025-11-17,20642.044921875,20642.044921875,20642.044921875,20642.044921875,400
2025-11-18,20642.044921875,20642.044921875,20642.044921875,20642.044921875,400
2025-11-19,20642.044921875,20642.044921875,20642.044921875,20642.044921875,7500
2025-11-20,20642.044921875,20642.044921875,20642.044921875,20642.044921875,400
2025-11-21,20642.044921875,20642.044921875,20642.044921875,20642.044921875,400
2025-11-24,21133.5234375,21133.5234375,21133.5234375,21133.5234375,300
2025-11-25,21133.5234375,21133.5234375,21133.5234375,21133.5234375,300
2025-11-26,21133.5234375,21133.5234375,21133.5234375,21133.5234375,100
2025-11-27,21133.5234375,21133.5234375,21133.5234375,21133.5234375,100
2025-11-28,21133.5234375,21133.5234375,21133.5234375,21133.5234375,0
2025-12-01,21133.5234375,21133.5234375,21133.5234375,21133.5234375,0
2025-12-02,21133.5234375,21133.5234375,21133.5234375,21133.5234375,0
2025-12-03,21625.0,21625.0,21133.522727272728,21625.0,10100
2025-12-04,21625.0,21625.0,21133.522727272728,21625.0,10100
2025-12-05,21625.0,21625.0,21625.0,21625.0,300
2025-12-08,21625.0,21625.0,21625.0,21625.0,0
2025-12-09,22116.478515625,22116.478515625,22116.478515625,22116.478515625,3500
2025-12-10,22116.478515625,22116.478515625,22116.478515625,22116.478515625,3500
2025-12-11,22116.478515625,22116.478515625,22116.478515625,22116.478515625,0
2025-12-12,23640.056640625,23640.056640625,23640.056640625,23640.056640625,100
2025-12-15,24573.86328125,24573.86328125,24573.86328125,24573.86328125,200
2025-12-16,22902.841796875,22902.841796875,22902.841796875,22902.841796875,100
2025-12-17,22902.841796875,22902.841796875,22902.841796875,22902.841796875,100
2025-12-18,22902.841796875,22902.841796875,22902.841796875,22902.841796875,0
2025-12-19,24475.568359375,24475.568359375,24475.568359375,24475.568359375,11800
2025-12-22,26146.591796875,26146.591796875,26146.591796875,26146.591796875,100
2025-12-23,24623.01171875,24623.01171875,24328.125350860777,24328.125350860777,8200
2025-12-24,24623.01171875,24623.01171875,24623.01171875,24623.01171875,37100
2025-12-25,24623.01171875,24623.01171875,24623.01171875,24623.01171875,37100
2025-12-26,24623.01171875,24623.01171875,24623.01171875,24623.01171875,8200
2025-12-29,26343.181640625,26343.181640625,25163.63619402985,25163.63619402985,2000
2025-12-30,26343.181640625,26343.181640625,25163.63619402985,25163.63619402985,2000
2025-12-31,26343.181640625,26343.181640625,26343.181640625,26343.181640625,0
2026-01-01,26343.181640625,26343.181640625,26343.181640625,26343.181640625,0
2026-01-02,26343.181640625,26343.181640625,26343.181640625,26343.181640625,0
2026-01-05,26539.7734375,26539.7734375,26539.7734375,26539.7734375,5000
2026-01-06,28259.943359375,28309.09108695652,26539.77289402174,28309.09108695652,2700
2026-01-07,30225.853515625,30225.853515625,30176.705786331306,30176.705786331306,20100
2026-01-08,30471.591796875,30471.591796875,30471.591796875,30471.591796875,100
2026-01-09,30471.591796875,30471.591796875,30471.591796875,30471.591796875,100
2026-01-12,30471.591796875,30471.591796875,30471.591796875,30471.591796875,4400
2026-01-13,30471.591796875,30471.591796875,30471.591796875,30471.591796875,4400
2026-01-14,30471.591796875,32437.50094506048,30471.591796875,31946.02365801411,1100
2026-01-15,30471.591796875,32437.50094506048,30471.591796875,31946.02365801411,1100
2026-01-16,30471.591796875,30471.591796875,30471.591796875,30471.591796875,500
2026-01-19,32437.5,32437.5,30471.590909090908,30471.590909090908,2300
2026-01-20,33420.45703125,33420.45703125,32437.502412683825,32437.502412683825,300
2026-01-21,33420.45703125,33715.34341681985,33420.45703125,33715.34341681985,22900
2026-01-22,33420.45703125,33715.34341681985,33420.45703125,33715.34341681985,22900
2026-01-23,33420.45703125,33420.45703125,33420.45703125,33420.45703125,0
2026-01-26,35730.3984375,35730.3984375,35730.3984375,35730.3984375,147500
2026-01-27,38187.78515625,38187.78515625,38187.78515625,38187.78515625,95900
2026-01-28,40841.76171875,40841.76171875,40841.76171875,40841.76171875,158800
2026-01-29,42267.046875,43250.00145348837,40841.76273619186,43250.00145348837,18200
2026-01-30,42267.046875,45215.91061046512,39514.77405523256,45215.91061046512,21500
2026-02-02,40792.61328125,41775.56781814759,39318.18147590361,39318.18147590361,71600
2026-02-03,40596.0234375,40596.0234375,38826.7052247276,39318.18250605327,28500
2026-02-04,40546.875,40546.875,38433.52272727273,38875.85227272727,10700
2026-02-05,40546.875,40546.875,38433.52272727273,38875.85227272727,10700
2026-02-06,39121.58984375,39318.18074748744,37745.45351758794,38040.3398731941,22400
2026-02-09,38826.70703125,38826.70703125,36565.91143196203,36565.91143196203,500
2026-02-10,38728.41015625,38728.41015625,38728.41015625,38728.41015625,500
2026-02-11,39219.88671875,39318.182174185466,38138.6367089599,38138.6367089599,2900
2026-02-12,39219.88671875,39318.182174185466,38138.6367089599,38138.6367089599,2900
2026-02-13,39219.88671875,39219.88671875,39219.88671875,39219.88671875,0
2026-02-16,39219.88671875,39219.88671875,39219.88671875,39219.88671875,0
2026-02-17,39219.88671875,39219.88671875,39219.88671875,39219.88671875,0
2026-02-18,39219.88671875,39219.88671875,39219.88671875,39219.88671875,0
2026-02-19,39219.88671875,39219.88671875,39219.88671875,39219.88671875,0
2026-02-20,39219.88671875,39219.88671875,39219.88671875,39219.88671875,0
2026-02-23,39219.88671875,39219.88671875,39170.73899103227,39170.73899103227,22100
2026-02-24,41284.08984375,41284.08984375,39170.73762555804,39219.8853515625,18000
2026-02-25,44134.66015625,44134.66015625,41775.569190214366,44134.66015625,12200
2026-02-26,44134.66015625,44134.66015625,41775.569190214366,44134.66015625,12200
2026-02-27,42070.45703125,43151.70709513727,42070.45703125,43151.70709513727,4800
2026-03-02,44970.171875,44970.171875,41873.86495901639,43250.00136612022,1700
2026-03-03,44970.171875,44970.171875,41873.86495901639,43250.00136612022,1700
2026-03-04,43200.8515625,44626.135629977245,38924.99936006826,44626.135629977245,2800
2026-03-05,43643.18359375,43643.18359375,43643.18359375,43643.18359375,100
2026-03-06,43643.18359375,43643.18359375,43643.18359375,43643.18359375,100
2026-03-09,41284.08984375,41284.08984375,41284.08984375,41284.08984375,600
2026-03-10,41284.08984375,41284.08984375,41284.08984375,41284.08984375,600
2026-03-11,41284.08984375,44134.65795200893,41284.08984375,44134.65795200893,300
2026-03-12,38433.5234375,38925.00071930946,38433.5234375,38433.5234375,15300
2026-03-13,37892.8984375,38236.93253485733,37106.53478639754,37106.53478639754,7600
2026-03-16,38236.93359375,38236.93359375,36615.0585184367,37745.45629820052,10800
2026-03-17,39809.66015625,40792.61472800926,37942.04646990741,37942.04646990741,12100
2026-03-18,39809.66015625,39809.66015625,39711.36469907408,39809.66015625,3600
2026-03-19,37892.8984375,37892.8984375,37892.8984375,37892.8984375,100
2026-03-20,39760.51171875,40399.43217900185,39760.51171875,40399.43217900185,15000
2026-03-23,39514.7734375,39760.51207828047,37892.89840834888,39760.51207828047,3900
2026-03-24,39514.7734375,39809.65980643657,39465.62570934391,39465.62570934391,5800
2026-03-25,39514.7734375,39711.36435012438,39318.18252487562,39514.7734375,7100
2026-03-26,39514.7734375,39514.7734375,38236.932505441546,39514.7734375,9500
2026-03-27,41234.9453125,42168.75217893325,40301.13844606675,40301.13844606675,300
2026-03-30,40890.91015625,40890.91015625,40890.91015625,40890.91015625,100
2026-03-31,41677.2734375,41677.2734375,41677.2734375,41677.2734375,100
2026-04-01,39809.66015625,40301.13744212963,39809.66015625,40301.13744212963,1800
2026-04-02,42463.63671875,42463.63671875,38826.70487015336,38826.70487015336,200
2026-04-03,40301.13671875,42119.60264386433,40301.13671875,42119.60264386433,700
2026-04-06,40301.13671875,40301.13671875,40301.13671875,40301.13671875,0
2026-04-07,37499.71484375,39809.6579599443,37499.71484375,39809.6579599443,18900
2026-04-08,40006.25,40006.25,40006.25,40006.25,100
2026-04-09,40006.25,40006.25,40006.25,40006.25,0
2026-04-10,37253.9765625,37352.272015171504,37253.9765625,37352.272015171504,10400
2026-04-13,39219.88671875,39219.88671875,37352.27306547619,37352.27306547619,700
2026-04-14,38236.93359375,38236.93359375,36516.7630593268,36516.7630593268,21900
2026-04-15,38335.2265625,38335.2265625,38236.93110977564,38236.93110977564,3100
2026-04-16,38138.63671875,38138.63671875,36516.76170364852,36664.204886839565,6800
2026-04-17,37794.6015625,37942.04474154746,35484.65842408973,37942.04474154746,11400
2026-04-20,36369.3203125,37647.1612964527,36369.3203125,37647.1612964527,6000
2026-04-21,38826.70703125,38875.8547616693,36860.797814477846,38875.8547616693,54700
2026-04-22,37892.8984375,37892.8984375,36123.58022251946,36123.58022251946,7700
2026-04-23,35288.0703125,35632.10442418176,35288.0703125,35484.661233461,10200
2026-04-24,35189.7734375,35189.7734375,32830.68248079609,32879.830209060754,32100
2026-04-27,35189.7734375,35189.7734375,35189.7734375,35189.7734375,0
2026-04-28,32732.38671875,34894.88674221096,32732.38671875,32928.97762997372,25700
2026-04-29,34108.5234375,34108.5234375,33125.56887157781,33125.56887157781,4200
2026-04-30,34108.5234375,34108.5234375,34108.5234375,34108.5234375,0
2026-05-01,34108.5234375,34108.5234375,34108.5234375,34108.5234375,0
2026-05-04,34600.0,34993.181818181816,34108.52272727273,34108.52272727273,2300
2026-05-05,35000.0,35150.0,35000.0,35150.0,400
2026-05-06,35850.0,36000.0,34500.0,35500.0,3300
2026-05-07,36000.0,36300.0,36000.0,36300.0,200
2026-05-08,36300.0,36300.0,35000.0,35000.0,2100
2026-05-11,36300.0,36300.0,36300.0,36300.0,0
2026-05-12,37000.0,37000.0,36300.0,36300.0,1000
2026-05-13,37500.0,37700.0,35000.0,37000.0,4000
2026-05-14,37400.0,37400.0,35000.0,35500.0,1700
2026-05-15,37400.0,37400.0,37400.0,37400.0,0
2026-05-18,37000.0,37000.0,36000.0,36000.0,8100
2026-05-19,35500.0,35500.0,35500.0,35500.0,2200
2026-05-20,35700.0,35700.0,35500.0,35500.0,2100
2026-05-21,35500.0,35650.0,35500.0,35650.0,2800
2026-05-22,34000.0,36300.0,34000.0,36300.0,1100
2026-05-25,35400.0,35500.0,35400.0,35500.0,200
2026-05-26,35000.0,35000.0,35000.0,35000.0,1000
2026-05-27,35950.0,35950.0,35950.0,35950.0,100
