Price,Close,High,Low,Open,Volume
Ticker,MHC.VN,MHC.VN,MHC.VN,MHC.VN,MHC.VN
Date,,,,,
2017-01-03,4730.04638671875,4760.03076171875,4722.55029296875,4760.03076171875,20796
2017-01-04,4715.05419921875,4737.54248046875,4707.55810546875,4737.54248046875,48517
2017-01-05,4715.05419921875,4722.55029296875,4625.1005859375,4722.55029296875,92047
2017-01-06,4692.56591796875,4722.55029296875,4692.56591796875,4707.55810546875,28774
2017-01-09,4647.5888671875,4722.55029296875,4647.5888671875,4692.56591796875,44261
2017-01-10,4647.5888671875,4707.55810546875,4632.5966796875,4647.5888671875,216617
2017-01-11,4647.5888671875,4677.57373046875,4632.5966796875,4647.5888671875,44583
2017-01-12,4632.5966796875,4670.07763671875,4610.1083984375,4640.0927734375,208934
2017-01-13,4640.0927734375,4655.0849609375,4625.1005859375,4655.0849609375,71862
2017-01-16,4572.6279296875,4640.0927734375,4572.6279296875,4640.0927734375,131893
2017-01-17,4512.6591796875,4632.5966796875,4512.6591796875,4632.5966796875,101745
2017-01-18,4497.6669921875,4542.6435546875,4475.1787109375,4497.6669921875,141978
2017-01-19,4497.6669921875,4535.1474609375,4452.68994140625,4535.1474609375,23731
2017-01-20,4572.6279296875,4572.6279296875,4422.70556640625,4497.6669921875,96049
2017-01-23,4407.71337890625,4467.6826171875,4347.74462890625,4467.6826171875,1256293
2017-01-24,4452.68994140625,4460.18603515625,4407.71337890625,4460.18603515625,164550
2017-01-25,4542.6435546875,4542.6435546875,4460.18603515625,4490.1708984375,288962
2017-02-03,4542.6435546875,4557.6357421875,4497.6669921875,4535.1474609375,135282
2017-02-06,4520.1552734375,4542.6435546875,4490.1708984375,4542.6435546875,82360
2017-02-07,4415.20947265625,4520.1552734375,4385.22509765625,4452.68994140625,239576
2017-02-08,4400.21728515625,4475.1787109375,4377.72900390625,4377.72900390625,68914
2017-02-09,4467.6826171875,4467.6826171875,4385.22509765625,4467.6826171875,58976
2017-02-10,4452.68994140625,4460.18603515625,4385.22509765625,4437.69775390625,114138
2017-02-13,4430.20166015625,4490.1708984375,4385.22509765625,4452.68994140625,226957
2017-02-14,4355.24072265625,4422.70556640625,4355.24072265625,4400.21728515625,235841
2017-02-15,4317.76025390625,4377.72900390625,4272.78369140625,4355.24072265625,199195
2017-02-16,4385.22509765625,4437.69775390625,4347.74462890625,4437.69775390625,253731
2017-02-17,4377.72900390625,4392.72119140625,4362.73681640625,4385.22509765625,167178
2017-02-20,4310.26416015625,4385.22509765625,4280.27978515625,4385.22509765625,181159
2017-02-21,4407.71337890625,4460.18603515625,4310.26416015625,4310.26416015625,197381
2017-02-22,4497.6669921875,4625.1005859375,4437.69775390625,4437.69775390625,521216
2017-02-23,4610.1083984375,4632.5966796875,4460.18603515625,4497.6669921875,516000
2017-02-24,4587.6201171875,4700.06201171875,4572.6279296875,4625.1005859375,221114
2017-02-27,4572.6279296875,4610.1083984375,4505.1630859375,4505.1630859375,284505
2017-02-28,4347.74462890625,4572.6279296875,4347.74462890625,4505.1630859375,464240
2017-03-01,4347.74462890625,4482.6748046875,4347.74462890625,4385.22509765625,325341
2017-03-02,4430.20166015625,4445.19384765625,4347.74462890625,4347.74462890625,115339
2017-03-03,4377.72900390625,4422.70556640625,4347.74462890625,4422.70556640625,142339
2017-03-06,4370.23291015625,4385.22509765625,4347.74462890625,4370.23291015625,130066
2017-03-07,4370.23291015625,4377.72900390625,4355.24072265625,4370.23291015625,91739
2017-03-08,4370.23291015625,4422.70556640625,4362.73681640625,4370.23291015625,113445
2017-03-09,4370.23291015625,4415.20947265625,4362.73681640625,4362.73681640625,177276
2017-03-10,4407.71337890625,4407.71337890625,4370.23291015625,4377.72900390625,273674
2017-03-13,4385.22509765625,4422.70556640625,4377.72900390625,4407.71337890625,119527
2017-03-14,4595.1162109375,4617.6044921875,4377.72900390625,4377.72900390625,534009
2017-03-15,4497.6669921875,4647.5888671875,4407.71337890625,4647.5888671875,173475
2017-03-16,4422.70556640625,4497.6669921875,4415.20947265625,4445.19384765625,176677
2017-03-17,4422.70556640625,4565.1318359375,4407.71337890625,4565.1318359375,95848
2017-03-20,4647.5888671875,4730.04638671875,4400.21728515625,4407.71337890625,747266
2017-03-21,4805.00732421875,4812.50341796875,4685.06982421875,4722.55029296875,941167
2017-03-22,4947.43359375,5104.85205078125,4812.50341796875,4812.50341796875,616772
2017-03-23,4805.00732421875,4924.9453125,4647.5888671875,4819.99951171875,483556
2017-03-24,4812.50341796875,4932.44140625,4722.55029296875,4737.54248046875,350461
2017-03-27,4752.53466796875,4872.47216796875,4722.55029296875,4864.97607421875,167031
2017-03-28,4722.55029296875,4760.03076171875,4647.5888671875,4760.03076171875,284573
2017-03-29,4842.48779296875,4939.9375,4610.1083984375,4722.55029296875,562249
2017-03-30,4872.47216796875,4947.43359375,4872.47216796875,4932.44140625,307092
2017-03-31,4797.51123046875,4872.47216796875,4782.51904296875,4872.47216796875,86923
2017-04-03,4782.51904296875,4864.97607421875,4760.03076171875,4805.00732421875,148502
2017-04-04,4782.51904296875,4827.49560546875,4707.55810546875,4782.51904296875,325207
2017-04-05,4722.55029296875,4812.50341796875,4722.55029296875,4812.50341796875,211389
2017-04-07,4707.55810546875,4797.51123046875,4685.06982421875,4692.56591796875,335066
2017-04-10,4715.05419921875,4775.02294921875,4707.55810546875,4767.52685546875,78320
2017-04-11,4715.05419921875,4775.02294921875,4685.06982421875,4715.05419921875,215697
2017-04-12,4595.1162109375,4790.01513671875,4595.1162109375,4790.01513671875,257772
2017-04-13,4662.5810546875,4797.51123046875,4587.6201171875,4655.0849609375,212348
2017-04-14,4632.5966796875,4655.0849609375,4587.6201171875,4655.0849609375,93555
2017-04-17,4497.6669921875,4655.0849609375,4497.6669921875,4632.5966796875,278489
2017-04-18,4572.6279296875,4572.6279296875,4460.18603515625,4497.6669921875,309493
2017-04-19,4535.1474609375,4565.1318359375,4497.6669921875,4535.1474609375,94220
2017-04-20,4505.1630859375,4565.1318359375,4497.6669921875,4505.1630859375,71116
2017-04-21,4512.6591796875,4565.1318359375,4460.18603515625,4550.1396484375,79066
2017-04-24,4415.20947265625,4497.6669921875,4265.28759765625,4497.6669921875,186348
2017-04-25,4347.74462890625,4415.20947265625,4317.76025390625,4415.20947265625,223315
2017-04-26,4392.72119140625,4407.71337890625,4332.75244140625,4332.75244140625,208093
2017-04-27,4415.20947265625,4422.70556640625,4370.23291015625,4407.71337890625,61124
2017-04-28,4347.74462890625,4422.70556640625,4325.25634765625,4415.20947265625,181106
2017-05-03,4317.76025390625,4385.22509765625,4310.26416015625,4332.75244140625,221647
2017-05-04,4467.6826171875,4497.6669921875,4317.76025390625,4317.76025390625,171541
2017-05-05,4407.71337890625,4437.69775390625,4355.24072265625,4437.69775390625,113670
2017-05-08,4385.22509765625,4400.21728515625,4355.24072265625,4362.73681640625,220273
2017-05-09,4482.6748046875,4490.1708984375,4370.23291015625,4385.22509765625,429380
2017-05-10,4422.70556640625,4572.6279296875,4400.21728515625,4490.1708984375,288149
2017-05-11,4422.70556640625,4460.18603515625,4385.22509765625,4460.18603515625,62698
2017-05-12,4422.70556640625,4452.68994140625,4407.71337890625,4452.68994140625,104706
2017-05-15,4430.20166015625,4460.18603515625,4392.72119140625,4415.20947265625,297672
2017-05-16,4407.71337890625,4490.1708984375,4407.71337890625,4490.1708984375,255718
2017-05-17,4430.20166015625,4475.1787109375,4407.71337890625,4422.70556640625,164737
2017-05-18,4415.20947265625,4445.19384765625,4407.71337890625,4430.20166015625,155466
2017-05-19,4407.71337890625,4422.70556640625,4392.72119140625,4415.20947265625,172328
2017-05-22,4385.22509765625,4482.6748046875,4385.22509765625,4445.19384765625,216112
2017-05-23,4415.20947265625,4422.70556640625,4377.72900390625,4385.22509765625,127504
2017-05-24,4400.21728515625,4437.69775390625,4347.74462890625,4422.70556640625,64418
2017-05-25,4377.72900390625,4422.70556640625,4370.23291015625,4422.70556640625,151317
2017-05-26,4677.57373046875,4677.57373046875,4377.72900390625,4400.21728515625,1415386
2017-05-29,4819.99951171875,4939.9375,4782.51904296875,4939.9375,1045313
2017-05-30,4647.5888671875,4819.99951171875,4610.1083984375,4819.99951171875,211547
2017-05-31,4512.6591796875,4640.0927734375,4497.6669921875,4535.1474609375,370484
2017-06-01,4445.19384765625,4565.1318359375,4422.70556640625,4512.6591796875,484930
2017-06-02,4610.1083984375,4610.1083984375,4445.19384765625,4445.19384765625,325033
2017-06-05,4505.1630859375,4647.5888671875,4505.1630859375,4610.1083984375,93086
2017-06-06,4505.1630859375,4557.6357421875,4497.6669921875,4505.1630859375,195526
2017-06-07,4497.6669921875,4550.1396484375,4467.6826171875,4505.1630859375,409171
2017-06-08,4490.1708984375,4520.1552734375,4452.68994140625,4497.6669921875,391374
2017-06-09,4602.6123046875,4685.06982421875,4460.18603515625,4490.1708984375,648908
2017-06-12,4497.6669921875,4595.1162109375,4482.6748046875,4572.6279296875,224568
2017-06-13,4482.6748046875,4497.6669921875,4422.70556640625,4497.6669921875,222941
2017-06-14,4482.6748046875,4497.6669921875,4452.68994140625,4475.1787109375,230344
2017-06-15,4452.68994140625,4490.1708984375,4452.68994140625,4490.1708984375,132654
2017-06-16,4467.6826171875,4520.1552734375,4445.19384765625,4445.19384765625,93261
2017-06-19,4475.1787109375,4497.6669921875,4452.68994140625,4490.1708984375,140524
2017-06-20,4482.6748046875,4497.6669921875,4445.19384765625,4497.6669921875,240430
2017-06-21,4452.68994140625,4505.1630859375,4452.68994140625,4505.1630859375,124983
2017-06-22,4460.18603515625,4497.6669921875,4452.68994140625,4452.68994140625,75024
2017-06-23,4482.6748046875,4497.6669921875,4437.69775390625,4445.19384765625,105733
2017-06-26,4482.6748046875,4497.6669921875,4460.18603515625,4497.6669921875,130933
2017-06-27,4467.6826171875,4497.6669921875,4460.18603515625,4497.6669921875,122435
2017-06-28,4520.1552734375,4542.6435546875,4452.68994140625,4460.18603515625,112310
2017-06-29,4512.6591796875,4550.1396484375,4482.6748046875,4505.1630859375,47876
2017-06-30,4505.1630859375,4512.6591796875,4467.6826171875,4512.6591796875,101585
2017-07-03,4467.6826171875,4520.1552734375,4467.6826171875,4520.1552734375,88992
2017-07-04,4490.1708984375,4520.1552734375,4467.6826171875,4467.6826171875,168939
2017-07-05,4595.1162109375,4722.55029296875,4467.6826171875,4490.1708984375,482782
2017-07-06,4572.6279296875,4640.0927734375,4550.1396484375,4640.0927734375,214710
2017-07-07,4557.6357421875,4632.5966796875,4557.6357421875,4632.5966796875,186523
2017-07-10,4520.1552734375,4557.6357421875,4497.6669921875,4527.6513671875,171341
2017-07-11,4497.6669921875,4625.1005859375,4475.1787109375,4497.6669921875,95061
2017-07-12,4497.6669921875,4557.6357421875,4467.6826171875,4557.6357421875,60149
2017-07-13,4497.6669921875,4497.6669921875,4475.1787109375,4497.6669921875,188309
2017-07-14,4535.1474609375,4542.6435546875,4497.6669921875,4497.6669921875,90018
2017-07-17,4482.6748046875,4565.1318359375,4482.6748046875,4550.1396484375,260988
2017-07-18,4460.18603515625,4482.6748046875,4452.68994140625,4482.6748046875,198274
2017-07-19,4482.6748046875,4482.6748046875,4452.68994140625,4482.6748046875,14272
2017-07-20,4467.6826171875,4482.6748046875,4422.70556640625,4482.6748046875,213669
2017-07-21,4355.24072265625,4467.6826171875,4355.24072265625,4437.69775390625,81868
2017-07-24,4370.23291015625,4370.23291015625,4340.24853515625,4347.74462890625,309025
2017-07-25,4347.74462890625,4377.72900390625,4310.26416015625,4377.72900390625,269951
2017-07-26,4325.25634765625,4362.73681640625,4325.25634765625,4347.74462890625,246366
2017-07-27,4392.72119140625,4415.20947265625,4317.76025390625,4340.24853515625,118260
2017-07-28,4355.24072265625,4422.70556640625,4340.24853515625,4422.70556640625,68647
2017-07-31,4347.74462890625,4385.22509765625,4310.26416015625,4355.24072265625,89872
2017-08-01,4340.24853515625,4377.72900390625,4325.25634765625,4325.25634765625,79146
2017-08-02,4377.72900390625,4377.72900390625,4325.25634765625,4370.23291015625,121848
2017-08-03,4355.24072265625,4392.72119140625,4340.24853515625,4377.72900390625,130586
2017-08-04,4482.6748046875,4497.6669921875,4325.25634765625,4362.73681640625,208612
2017-08-07,4475.1787109375,4512.6591796875,4392.72119140625,4505.1630859375,256971
2017-08-08,4490.1708984375,4490.1708984375,4430.20166015625,4482.6748046875,244526
2017-08-09,4490.1708984375,4505.1630859375,4430.20166015625,4490.1708984375,232079
2017-08-10,4452.68994140625,4490.1708984375,4445.19384765625,4445.19384765625,85750
2017-08-11,4452.68994140625,4452.68994140625,4430.20166015625,4430.20166015625,105200
2017-08-14,4257.79150390625,4490.1708984375,4145.349609375,4445.19384765625,1625347
2017-08-15,4302.76806640625,4340.24853515625,4257.79150390625,4257.79150390625,171702
2017-08-16,4287.77587890625,4302.76806640625,4272.78369140625,4302.76806640625,140257
2017-08-17,4227.806640625,4272.78369140625,4220.310546875,4257.79150390625,220633
2017-08-18,4220.310546875,4220.310546875,4190.326171875,4212.814453125,150117
2017-08-21,4257.79150390625,4265.28759765625,4212.814453125,4265.28759765625,33256
2017-08-22,4257.79150390625,4287.77587890625,4220.310546875,4287.77587890625,66367
2017-08-23,4257.79150390625,4265.28759765625,4227.806640625,4265.28759765625,86283
2017-08-24,4272.78369140625,4272.78369140625,4205.318359375,4205.318359375,153973
2017-08-25,4272.78369140625,4280.27978515625,4212.814453125,4272.78369140625,69475
2017-08-28,4257.79150390625,4295.27197265625,4257.79150390625,4272.78369140625,67540
2017-08-29,4257.79150390625,4415.20947265625,4257.79150390625,4257.79150390625,111963
2017-08-30,4235.302734375,4280.27978515625,4235.302734375,4250.294921875,135628
2017-08-31,4265.28759765625,4272.78369140625,4242.798828125,4272.78369140625,30415
2017-09-01,4265.28759765625,4272.78369140625,4235.302734375,4235.302734375,16313
2017-09-05,4272.78369140625,4272.78369140625,4220.310546875,4265.28759765625,125343
2017-09-06,4265.28759765625,4272.78369140625,4220.310546875,4242.798828125,12165
2017-09-07,4280.27978515625,4280.27978515625,4265.28759765625,4265.28759765625,27480
2017-09-08,4280.27978515625,4280.27978515625,4250.294921875,4272.78369140625,8775
2017-09-11,4250.294921875,4272.78369140625,4250.294921875,4272.78369140625,102292
2017-09-12,4250.294921875,4272.78369140625,4212.814453125,4235.302734375,65166
2017-09-13,4310.26416015625,4310.26416015625,4212.814453125,4212.814453125,127158
2017-09-14,4280.27978515625,4295.27197265625,4220.310546875,4227.806640625,142178
2017-09-15,4242.798828125,4287.77587890625,4235.302734375,4287.77587890625,82575
2017-09-18,4257.79150390625,4347.74462890625,4235.302734375,4242.798828125,83175
2017-09-19,4257.79150390625,4347.74462890625,4242.798828125,4347.74462890625,72730
2017-09-20,4280.27978515625,4310.26416015625,4250.294921875,4250.294921875,250915
2017-09-21,4317.76025390625,4340.24853515625,4280.27978515625,4287.77587890625,307359
2017-09-22,4355.24072265625,4415.20947265625,4310.26416015625,4340.24853515625,218245
2017-09-25,4347.74462890625,4362.73681640625,4280.27978515625,4280.27978515625,138550
2017-09-26,4355.24072265625,4415.20947265625,4310.26416015625,4310.26416015625,285573
2017-09-27,4430.20166015625,4460.18603515625,4347.74462890625,4377.72900390625,250489
2017-09-28,4385.22509765625,4452.68994140625,4385.22509765625,4452.68994140625,97797
2017-09-29,4407.71337890625,4422.70556640625,4347.74462890625,4385.22509765625,43662
2017-10-02,4370.23291015625,4415.20947265625,4197.822265625,4407.71337890625,79773
2017-10-03,4310.26416015625,4415.20947265625,4272.78369140625,4370.23291015625,47490
2017-10-04,4310.26416015625,4340.24853515625,4220.310546875,4272.78369140625,60030
2017-10-05,4340.24853515625,4340.24853515625,4310.26416015625,4310.26416015625,67874
2017-10-06,4340.24853515625,4340.24853515625,4287.77587890625,4340.24853515625,13606
2017-10-09,4362.73681640625,4362.73681640625,4325.25634765625,4347.74462890625,40126
2017-10-10,4355.24072265625,4362.73681640625,4302.76806640625,4362.73681640625,53933
2017-10-11,4317.76025390625,4370.23291015625,4317.76025390625,4370.23291015625,67074
2017-10-12,4310.26416015625,4362.73681640625,4040.404052734375,4362.73681640625,58135
2017-10-13,4317.76025390625,4340.24853515625,4272.78369140625,4310.26416015625,60910
2017-10-16,4347.74462890625,4385.22509765625,4235.302734375,4317.76025390625,110135
2017-10-17,4392.72119140625,4392.72119140625,4302.76806640625,4347.74462890625,308852
2017-10-18,4422.70556640625,4467.6826171875,4392.72119140625,4415.20947265625,322673
2017-10-19,4437.69775390625,4460.18603515625,4407.71337890625,4422.70556640625,124637
2017-10-20,4437.69775390625,4482.6748046875,4130.357421875,4430.20166015625,78025
2017-10-23,4385.22509765625,4437.69775390625,4377.72900390625,4437.69775390625,382998
2017-10-24,4377.72900390625,4392.72119140625,4370.23291015625,4392.72119140625,123769
2017-10-25,4377.72900390625,4415.20947265625,4355.24072265625,4355.24072265625,17248
2017-10-26,4377.72900390625,4407.71337890625,4347.74462890625,4407.71337890625,189790
2017-10-27,4362.73681640625,4377.72900390625,4355.24072265625,4377.72900390625,223715
2017-10-30,4362.73681640625,4370.23291015625,4325.25634765625,4362.73681640625,202237
2017-10-31,4340.24853515625,4362.73681640625,4317.76025390625,4317.76025390625,164337
2017-11-01,4340.24853515625,4340.24853515625,4310.26416015625,4340.24853515625,122635
2017-11-02,4332.75244140625,4340.24853515625,4310.26416015625,4317.76025390625,168446
2017-11-03,4310.26416015625,4340.24853515625,4272.78369140625,4280.27978515625,161896
2017-11-06,4272.78369140625,4325.25634765625,4272.78369140625,4272.78369140625,88804
2017-11-07,4370.23291015625,4370.23291015625,4272.78369140625,4272.78369140625,99504
2017-11-08,4385.22509765625,4385.22509765625,4362.73681640625,4370.23291015625,107014
2017-11-09,4385.22509765625,4392.72119140625,4355.24072265625,4362.73681640625,33429
2017-11-10,4347.74462890625,4385.22509765625,4347.74462890625,4377.72900390625,81641
2017-11-13,4347.74462890625,4385.22509765625,4317.76025390625,4317.76025390625,52946
2017-11-14,4362.73681640625,4362.73681640625,4347.74462890625,4347.74462890625,44289
2017-11-15,4377.72900390625,4385.22509765625,4347.74462890625,4355.24072265625,76011
2017-11-16,4370.23291015625,4377.72900390625,4355.24072265625,4355.24072265625,285466
2017-11-17,4370.23291015625,4385.22509765625,4370.23291015625,4370.23291015625,121889
2017-11-20,4370.23291015625,4370.23291015625,4197.822265625,4347.74462890625,160321
2017-11-21,4415.20947265625,4415.20947265625,4347.74462890625,4347.74462890625,181732
2017-11-22,4700.06201171875,4700.06201171875,4407.71337890625,4415.20947265625,540198
2017-11-23,4722.55029296875,4722.55029296875,4572.6279296875,4700.06201171875,550723
2017-11-24,4932.44140625,5022.39453125,4610.1083984375,4662.5810546875,634234
2017-11-27,4857.47998046875,4932.44140625,4797.51123046875,4932.44140625,135868
2017-11-28,5007.40234375,5007.40234375,4685.06982421875,4834.99169921875,671253
2017-11-29,5247.27783203125,5247.27783203125,4939.9375,5007.40234375,751989
2017-11-30,5284.75830078125,5472.1611328125,5172.31689453125,5247.27783203125,891955
2017-12-01,5322.2392578125,5464.6650390625,5292.2548828125,5322.2392578125,847304
2017-12-04,5322.2392578125,5397.2001953125,5322.2392578125,5322.2392578125,175889
2017-12-05,5239.78173828125,5434.6806640625,5127.34033203125,5254.77392578125,346606
2017-12-06,5044.8828125,5239.78173828125,4954.9296875,5239.78173828125,195192
2017-12-07,4954.9296875,5172.31689453125,4947.43359375,4947.43359375,174289
2017-12-08,5247.27783203125,5247.27783203125,4894.9609375,4947.43359375,360011
2017-12-11,5172.31689453125,5179.81298828125,5022.39453125,5029.890625,27053
2017-12-12,5127.34033203125,5172.31689453125,4954.9296875,5172.31689453125,52799
2017-12-13,4872.47216796875,5164.82080078125,4872.47216796875,5164.82080078125,173182
2017-12-14,5209.79736328125,5209.79736328125,4857.47998046875,4872.47216796875,841861
2017-12-15,5397.2001953125,5524.63427734375,5247.27783203125,5247.27783203125,537811
2017-12-18,5367.2158203125,5434.6806640625,5277.26220703125,5382.2080078125,728217
2017-12-19,5374.7119140625,5494.6494140625,5284.75830078125,5284.75830078125,577978
2017-12-20,5314.7431640625,5374.7119140625,5104.85205078125,5374.7119140625,107654
2017-12-21,5134.83642578125,5314.7431640625,5134.83642578125,5209.79736328125,59336
2017-12-22,5239.78173828125,5247.27783203125,5134.83642578125,5247.27783203125,11270
2017-12-25,5172.31689453125,5299.7509765625,5097.35595703125,5299.7509765625,31668
2017-12-26,5179.81298828125,5232.28564453125,5022.39453125,5232.28564453125,21637
2017-12-27,5089.85986328125,5179.81298828125,5044.8828125,5044.8828125,47890
2017-12-28,5119.84423828125,5127.34033203125,5067.37109375,5067.37109375,30187
2017-12-29,5097.35595703125,5097.35595703125,4947.43359375,5097.35595703125,123356
2018-01-02,5142.33251953125,5239.78173828125,4992.41015625,5097.35595703125,7149
2018-01-03,5074.8671875,5097.35595703125,5037.38671875,5089.85986328125,69848
2018-01-04,5194.80517578125,5209.79736328125,4984.9140625,5172.31689453125,186388
2018-01-05,5194.80517578125,5352.2236328125,5097.35595703125,5352.2236328125,20476
2018-01-08,5059.875,5247.27783203125,5059.875,5247.27783203125,55507
2018-01-09,5059.875,5194.80517578125,5022.39453125,5194.80517578125,54120
2018-01-10,5239.78173828125,5389.7041015625,5059.875,5097.35595703125,228824
2018-01-11,5239.78173828125,5247.27783203125,5172.31689453125,5239.78173828125,95889
2018-01-12,5239.78173828125,5322.2392578125,5187.30908203125,5247.27783203125,163657
2018-01-15,5389.7041015625,5434.6806640625,5232.28564453125,5247.27783203125,242405
2018-01-16,5577.10693359375,5727.029296875,5427.1845703125,5434.6806640625,905735
2018-01-17,5479.6572265625,5704.54052734375,5472.1611328125,5704.54052734375,1081986
2018-01-18,5539.62646484375,5607.09130859375,5397.2001953125,5412.1923828125,132374
2018-01-19,5517.13818359375,5644.57177734375,5472.1611328125,5479.6572265625,122689
2018-01-22,5419.6884765625,5614.58740234375,5419.6884765625,5517.13818359375,102772
2018-01-25,5172.31689453125,5584.60302734375,5097.35595703125,5547.12255859375,662929
2018-01-26,5022.39453125,5209.79736328125,4992.41015625,5209.79736328125,353769
2018-01-29,4752.53466796875,5022.39453125,4745.03857421875,5022.39453125,1009869
2018-01-30,4752.53466796875,4834.99169921875,4662.5810546875,4722.55029296875,538946
2018-01-31,4782.51904296875,4827.49560546875,4700.06201171875,4827.49560546875,174102
2018-02-01,4745.03857421875,4834.99169921875,4722.55029296875,4834.99169921875,78466
2018-02-02,4722.55029296875,4797.51123046875,4617.6044921875,4797.51123046875,30682
2018-02-05,4497.6669921875,4647.5888671875,4497.6669921875,4595.1162109375,577070
2018-02-06,4182.830078125,4392.72119140625,4182.830078125,4197.822265625,149996
2018-02-07,4415.20947265625,4415.20947265625,4182.830078125,4182.830078125,61696
2018-02-08,4347.74462890625,4475.1787109375,4272.78369140625,4475.1787109375,26559
2018-02-09,4212.814453125,4272.78369140625,4197.822265625,4272.78369140625,47944
2018-02-12,4325.25634765625,4340.24853515625,4130.357421875,4145.349609375,31949
2018-02-13,4572.6279296875,4572.6279296875,4325.25634765625,4460.18603515625,34669
2018-02-21,4685.06982421875,4797.51123046875,4460.18603515625,4797.51123046875,54267
2018-02-22,4587.6201171875,4752.53466796875,4572.6279296875,4752.53466796875,1302808
2018-02-23,4685.06982421875,4692.56591796875,4602.6123046875,4677.57373046875,65326
2018-02-26,4677.57373046875,4715.05419921875,4587.6201171875,4685.06982421875,81827
2018-02-27,4677.57373046875,4707.55810546875,4625.1005859375,4685.06982421875,87978
2018-02-28,4662.5810546875,4670.07763671875,4617.6044921875,4662.5810546875,71009
2018-03-01,4610.1083984375,4647.5888671875,4467.6826171875,4647.5888671875,192778
2018-03-02,4610.1083984375,4610.1083984375,4497.6669921875,4572.6279296875,51493
2018-03-05,4535.1474609375,4722.55029296875,4475.1787109375,4587.6201171875,69448
2018-03-06,4595.1162109375,4610.1083984375,4497.6669921875,4610.1083984375,74090
2018-03-07,4640.0927734375,4692.56591796875,4497.6669921875,4505.1630859375,83388
2018-03-08,4677.57373046875,4700.06201171875,4595.1162109375,4685.06982421875,58855
2018-03-09,4662.5810546875,4677.57373046875,4572.6279296875,4572.6279296875,26293
2018-03-12,4542.6435546875,4715.05419921875,4542.6435546875,4685.06982421875,84096
2018-03-13,4602.6123046875,4610.1083984375,4497.6669921875,4610.1083984375,75744
2018-03-14,4572.6279296875,4610.1083984375,4497.6669921875,4610.1083984375,142446
2018-03-15,4610.1083984375,4632.5966796875,4572.6279296875,4632.5966796875,7429
2018-03-16,4625.1005859375,4640.0927734375,4550.1396484375,4640.0927734375,1053
2018-03-19,4655.0849609375,4715.05419921875,4625.1005859375,4625.1005859375,125023
2018-03-20,4805.00732421875,4932.44140625,4700.06201171875,4715.05419921875,172701
2018-03-21,4760.03076171875,4917.44921875,4647.5888671875,4722.55029296875,73650
2018-03-22,4647.5888671875,4864.97607421875,4647.5888671875,4677.57373046875,186561
2018-03-23,4632.5966796875,4640.0927734375,4497.6669921875,4640.0927734375,93700
2018-03-26,4572.6279296875,4625.1005859375,4527.6513671875,4527.6513671875,8523
2018-03-27,4647.5888671875,4647.5888671875,4535.1474609375,4647.5888671875,27279
2018-03-28,4625.1005859375,4782.51904296875,4497.6669921875,4572.6279296875,529593
2018-03-29,4497.6669921875,4685.06982421875,4497.6669921875,4512.6591796875,157948
2018-03-30,4505.1630859375,4610.1083984375,4497.6669921875,4512.6591796875,59869
2018-04-02,4505.1630859375,4632.5966796875,4497.6669921875,4505.1630859375,16621
2018-04-03,4640.0927734375,4640.0927734375,4505.1630859375,4505.1630859375,36084
2018-04-04,4670.07763671875,4670.07763671875,4580.1240234375,4580.1240234375,145767
2018-04-05,4625.1005859375,4685.06982421875,4625.1005859375,4670.07763671875,34763
2018-04-06,4947.43359375,4947.43359375,4647.5888671875,4647.5888671875,504153
2018-04-09,5007.40234375,5172.31689453125,5007.40234375,5172.31689453125,479487
2018-04-10,4977.41796875,5172.31689453125,4685.06982421875,5172.31689453125,110616
2018-04-11,4797.51123046875,5044.8828125,4655.0849609375,5044.8828125,37604
2018-04-12,4722.55029296875,4834.99169921875,4572.6279296875,4797.51123046875,21890
2018-04-13,4722.55029296875,4782.51904296875,4572.6279296875,4572.6279296875,99331
2018-04-16,4685.06982421875,4685.06982421875,4632.5966796875,4647.5888671875,136950
2018-04-17,4797.51123046875,4797.51123046875,4647.5888671875,4715.05419921875,38312
2018-04-18,4707.55810546875,4790.01513671875,4662.5810546875,4670.07763671875,22529
2018-04-19,4722.55029296875,5014.8984375,4580.1240234375,5014.8984375,51559
2018-04-20,4707.55810546875,4767.52685546875,4595.1162109375,4722.55029296875,16580
2018-04-23,4685.06982421875,5022.39453125,4647.5888671875,5022.39453125,70595
2018-04-24,4700.06201171875,4707.55810546875,4512.6591796875,4685.06982421875,51839
2018-04-26,4550.1396484375,4722.55029296875,4452.68994140625,4452.68994140625,48931
2018-04-27,4497.6669921875,4707.55810546875,4497.6669921875,4497.6669921875,165991
2018-05-02,4677.57373046875,4782.51904296875,4572.6279296875,4700.06201171875,481849
2018-05-03,4640.0927734375,4677.57373046875,4497.6669921875,4677.57373046875,1163536
2018-05-04,4700.06201171875,4715.05419921875,4460.18603515625,4460.18603515625,21623
2018-05-07,4670.07763671875,4692.56591796875,4535.1474609375,4692.56591796875,5802
2018-05-08,4512.6591796875,4692.56591796875,4512.6591796875,4692.56591796875,27213
2018-05-09,4542.6435546875,4715.05419921875,4505.1630859375,4715.05419921875,113857
2018-05-10,4610.1083984375,4610.1083984375,4347.74462890625,4422.70556640625,21303
2018-05-11,4572.6279296875,4602.6123046875,4505.1630859375,4505.1630859375,16500
2018-05-14,4632.5966796875,4632.5966796875,4550.1396484375,4550.1396484375,18782
2018-05-15,4632.5966796875,4647.5888671875,4565.1318359375,4632.5966796875,16301
2018-05-16,4602.6123046875,4610.1083984375,4572.6279296875,4572.6279296875,28293
2018-05-17,4610.1083984375,4610.1083984375,4557.6357421875,4602.6123046875,21223
2018-05-18,4587.6201171875,4610.1083984375,4535.1474609375,4610.1083984375,28574
2018-05-21,4595.1162109375,4602.6123046875,4557.6357421875,4602.6123046875,13566
2018-05-22,4550.1396484375,4550.1396484375,4422.70556640625,4550.1396484375,22103
2018-05-23,4490.1708984375,4527.6513671875,4347.74462890625,4347.74462890625,50771
2018-05-24,4445.19384765625,4535.1474609375,4422.70556640625,4422.70556640625,34323
2018-05-25,4572.6279296875,4730.04638671875,4467.6826171875,4535.1474609375,34936
2018-05-28,4460.18603515625,4565.1318359375,4347.74462890625,4565.1318359375,72744
2018-05-29,4497.6669921875,4520.1552734375,4422.70556640625,4497.6669921875,120741
2018-05-30,4467.6826171875,4572.6279296875,4460.18603515625,4460.18603515625,83229
2018-05-31,4542.6435546875,4557.6357421875,4467.6826171875,4467.6826171875,220313
2018-06-01,4535.1474609375,4542.6435546875,4512.6591796875,4542.6435546875,161977
2018-06-04,4557.6357421875,4565.1318359375,4535.1474609375,4535.1474609375,89565
2018-06-05,4610.1083984375,4610.1083984375,4542.6435546875,4542.6435546875,97783
2018-06-06,4647.5888671875,4647.5888671875,4580.1240234375,4580.1240234375,99730
2018-06-07,4730.04638671875,4775.02294921875,4685.06982421875,4707.55810546875,102333
2018-06-08,4640.0927734375,4760.03076171875,4587.6201171875,4730.04638671875,107948
2018-06-11,4662.5810546875,4692.56591796875,4647.5888671875,4692.56591796875,52238
2018-06-12,4617.6044921875,4700.06201171875,4580.1240234375,4580.1240234375,85416
2018-06-13,4617.6044921875,4670.07763671875,4617.6044921875,4647.5888671875,19822
2018-06-14,4655.0849609375,4662.5810546875,4572.6279296875,4625.1005859375,95861
2018-06-15,4655.0849609375,4655.0849609375,4542.6435546875,4542.6435546875,28520
2018-06-18,4610.1083984375,4655.0849609375,4572.6279296875,4655.0849609375,100384
2018-06-19,4527.6513671875,4647.5888671875,4460.18603515625,4647.5888671875,147315
2018-06-20,4572.6279296875,4587.6201171875,4490.1708984375,4572.6279296875,30642
2018-06-21,4602.6123046875,4640.0927734375,4497.6669921875,4505.1630859375,33829
2018-06-22,4497.6669921875,4602.6123046875,4497.6669921875,4602.6123046875,29080
2018-06-25,4565.1318359375,4707.55810546875,4497.6669921875,4497.6669921875,73236
2018-06-26,4497.6669921875,4580.1240234375,4490.1708984375,4565.1318359375,121901
2018-06-27,4520.1552734375,4535.1474609375,4467.6826171875,4535.1474609375,49957
2018-06-28,4535.1474609375,4557.6357421875,4467.6826171875,4535.1474609375,183040
2018-06-29,4233.76611328125,4329.00439453125,3991.342041015625,4242.42431640625,72360
2018-07-02,4155.84423828125,4277.05615234375,4069.26416015625,4277.05615234375,15396
2018-07-03,4025.97412109375,4242.42431640625,3878.787841796875,4242.42431640625,53372
2018-07-04,4069.26416015625,4069.26416015625,3783.5498046875,4069.26416015625,20766
2018-07-05,4051.947998046875,4077.922119140625,3922.077880859375,4060.60595703125,44409
2018-07-06,4000.0,4060.60595703125,3809.52392578125,4051.947998046875,12416
2018-07-09,3982.68408203125,4051.947998046875,3870.1298828125,4000.0,30307
2018-07-10,3974.02587890625,4025.97412109375,3939.39404296875,4017.31591796875,39454
2018-07-11,3930.73583984375,3982.68408203125,3852.81396484375,3982.68408203125,30584
2018-07-12,3922.077880859375,3982.68408203125,3792.207763671875,3982.68408203125,27870
2018-07-13,3896.10400390625,3922.077880859375,3783.5498046875,3896.10400390625,44028
2018-07-16,3878.787841796875,3982.68408203125,3818.181884765625,3982.68408203125,11723
2018-07-17,3896.10400390625,3896.10400390625,3809.52392578125,3852.81396484375,16539
2018-07-18,3930.73583984375,3930.73583984375,3809.52392578125,3930.73583984375,8304
2018-07-19,3887.44580078125,3982.68408203125,3757.57568359375,3982.68408203125,50727
2018-07-20,3844.15576171875,3852.81396484375,3731.601806640625,3852.81396484375,35169
2018-07-23,3809.52392578125,3965.367919921875,3809.52392578125,3965.367919921875,32074
2018-07-24,3878.787841796875,3965.367919921875,3766.23388671875,3766.23388671875,19946
2018-07-25,3887.44580078125,3887.44580078125,3809.52392578125,3887.44580078125,36047
2018-07-26,3896.10400390625,3982.68408203125,3852.81396484375,3974.02587890625,937605
2018-07-27,3922.077880859375,3939.39404296875,3896.10400390625,3896.10400390625,9136
2018-07-30,4147.18603515625,4155.84423828125,3965.367919921875,3965.367919921875,158812
2018-07-31,4121.2119140625,4155.84423828125,4121.2119140625,4147.18603515625,88126
2018-08-01,4103.89599609375,4129.8701171875,4060.60595703125,4129.8701171875,1582
2018-08-02,4025.97412109375,4069.26416015625,3939.39404296875,4069.26416015625,15523
2018-08-03,4017.31591796875,4025.97412109375,3896.10400390625,4025.97412109375,62196
2018-08-06,3913.419921875,4008.657958984375,3835.497802734375,3844.15576171875,28516
2018-08-07,3956.7099609375,3982.68408203125,3870.1298828125,3982.68408203125,38403
2018-08-08,3982.68408203125,3982.68408203125,3861.471923828125,3982.68408203125,35504
2018-08-09,3930.73583984375,4017.31591796875,3878.787841796875,4017.31591796875,21725
2018-08-10,3809.52392578125,3930.73583984375,3809.52392578125,3930.73583984375,18872
2018-08-13,3930.73583984375,4060.60595703125,3809.52392578125,3939.39404296875,23019
2018-08-14,3913.419921875,3930.73583984375,3835.497802734375,3922.077880859375,14934
2018-08-15,3861.471923828125,3904.761962890625,3861.471923828125,3904.761962890625,1201
2018-08-16,3948.052001953125,4017.31591796875,3896.10400390625,4008.657958984375,1605
2018-08-17,3939.39404296875,3948.052001953125,3852.81396484375,3939.39404296875,74312
2018-08-20,3852.81396484375,3930.73583984375,3809.52392578125,3861.471923828125,42781
2018-08-21,3939.39404296875,3982.68408203125,3818.181884765625,3896.10400390625,20050
2018-08-22,3982.68408203125,3991.342041015625,3818.181884765625,3852.81396484375,359193
2018-08-23,4086.580078125,4129.8701171875,4008.657958984375,4008.657958984375,183922
2018-08-24,4372.29443359375,4372.29443359375,3922.077880859375,3922.077880859375,1560624
2018-08-27,4675.32470703125,4675.32470703125,4675.32470703125,4675.32470703125,199260
2018-08-28,4995.6708984375,4995.6708984375,4995.6708984375,4995.6708984375,134673
2018-08-29,5168.8310546875,5333.33349609375,5004.3291015625,5333.33349609375,813108
2018-08-30,4935.06494140625,5194.80517578125,4935.06494140625,5151.51513671875,197597
2018-08-31,4935.06494140625,4943.72314453125,4857.14306640625,4935.06494140625,141452
2018-09-04,4770.56298828125,4935.06494140625,4675.32470703125,4727.27294921875,138738
2018-09-05,4692.640625,5021.64501953125,4632.03466796875,4632.03466796875,349918
2018-09-06,5012.98681640625,5012.98681640625,4770.56298828125,4813.85302734375,703868
2018-09-07,5064.93505859375,5177.4892578125,5021.64501953125,5177.4892578125,157472
2018-09-10,5021.64501953125,5116.88330078125,4978.35498046875,5064.93505859375,94224
2018-09-11,5021.64501953125,5030.30322265625,4961.0390625,5021.64501953125,146199
2018-09-12,4978.35498046875,5082.2509765625,4961.0390625,4987.01318359375,221274
2018-09-13,4969.69677734375,4995.6708984375,4961.0390625,4978.35498046875,110314
2018-09-14,4978.35498046875,4987.01318359375,4891.77490234375,4891.77490234375,44502
2018-09-17,5021.64501953125,5056.27685546875,4987.01318359375,4987.01318359375,66955
2018-09-18,5021.64501953125,5021.64501953125,4978.35498046875,5021.64501953125,48071
2018-09-19,5090.9091796875,5168.8310546875,4978.35498046875,5021.64501953125,181681
2018-09-20,5090.9091796875,5142.85693359375,4995.6708984375,5090.9091796875,90309
2018-09-21,5108.22509765625,5177.4892578125,5073.59326171875,5177.4892578125,125329
2018-09-24,5281.38525390625,5281.38525390625,5108.22509765625,5177.4892578125,171286
2018-09-25,5151.51513671875,5290.04345703125,4995.6708984375,5290.04345703125,90448
2018-09-26,5194.80517578125,5246.75341796875,5047.619140625,5064.93505859375,29660
2018-09-27,5108.22509765625,5194.80517578125,5047.619140625,5108.22509765625,72141
2018-09-28,5194.80517578125,5194.80517578125,5064.93505859375,5194.80517578125,58639
2018-10-01,5056.27685546875,5333.33349609375,5056.27685546875,5073.59326171875,121968
2018-10-02,5090.9091796875,5212.12109375,5056.27685546875,5056.27685546875,67602
2018-10-03,5125.541015625,5194.80517578125,5056.27685546875,5064.93505859375,18156
2018-10-04,5142.85693359375,5168.8310546875,5073.59326171875,5108.22509765625,28112
2018-10-05,5142.85693359375,5168.8310546875,5056.27685546875,5056.27685546875,27604
2018-10-08,5125.541015625,5142.85693359375,5030.30322265625,5108.22509765625,73654
2018-10-09,5125.541015625,5151.51513671875,5030.30322265625,5151.51513671875,48036
2018-10-10,5108.22509765625,5125.541015625,5038.9609375,5125.541015625,17325
2018-10-11,4943.72314453125,4952.380859375,4770.56298828125,4952.380859375,90702
2018-10-12,4943.72314453125,4943.72314453125,4779.220703125,4943.72314453125,33102
2018-10-15,4865.80078125,5030.30322265625,4848.48486328125,4848.48486328125,28285
2018-10-16,5012.98681640625,5099.56689453125,4891.77490234375,4978.35498046875,453314
2018-10-17,5038.9609375,5108.22509765625,4935.06494140625,4935.06494140625,45853
2018-10-18,5099.56689453125,5246.75341796875,4943.72314453125,5246.75341796875,31716
2018-10-19,5012.98681640625,5108.22509765625,4917.7490234375,4952.380859375,78482
2018-10-22,4961.0390625,4961.0390625,4770.56298828125,4831.1689453125,60787
2018-10-23,4614.71875,5064.93505859375,4614.71875,5064.93505859375,210972
2018-10-24,4709.95654296875,4744.5888671875,4597.40283203125,4606.060546875,11850
2018-10-25,4614.71875,4735.9306640625,4380.9521484375,4380.9521484375,20108
2018-10-26,4813.85302734375,4883.11669921875,4329.00439453125,4329.00439453125,59112
2018-10-29,4805.19482421875,4909.0908203125,4761.90478515625,4909.0908203125,29729
2018-10-30,4822.5107421875,4822.5107421875,4701.298828125,4761.90478515625,35828
2018-10-31,4831.1689453125,4848.48486328125,4709.95654296875,4709.95654296875,41325
2018-11-01,4718.61474609375,4831.1689453125,4658.0087890625,4831.1689453125,66608
2018-11-02,4753.24658203125,4753.24658203125,4597.40283203125,4675.32470703125,19080
2018-11-05,4805.19482421875,4822.5107421875,4753.24658203125,4813.85302734375,16193
2018-11-06,4787.87890625,4831.1689453125,4735.9306640625,4831.1689453125,17105
2018-11-07,4761.90478515625,4761.90478515625,4675.32470703125,4718.61474609375,134361
2018-11-08,4813.85302734375,4831.1689453125,4735.9306640625,4822.5107421875,473
2018-11-09,4761.90478515625,4891.77490234375,4675.32470703125,4831.1689453125,49480
2018-11-12,4718.61474609375,4761.90478515625,4632.03466796875,4761.90478515625,17706
2018-11-13,4632.03466796875,4683.98291015625,4467.5322265625,4683.98291015625,49410
2018-11-14,4632.03466796875,4632.03466796875,4502.16455078125,4510.82275390625,50242
2018-11-15,4329.00439453125,4632.03466796875,4329.00439453125,4632.03466796875,46315
2018-11-16,4588.74462890625,4614.71875,4424.2421875,4614.71875,3026
2018-11-19,4632.03466796875,4632.03466796875,4588.74462890625,4632.03466796875,2067
2018-11-20,4476.1904296875,4502.16455078125,4354.978515625,4502.16455078125,73180
2018-11-21,4432.900390625,4588.74462890625,4329.00439453125,4588.74462890625,91452
2018-11-22,4424.2421875,4536.79638671875,4329.00439453125,4432.900390625,632212
2018-11-23,4346.3203125,4432.900390625,4303.0302734375,4415.58447265625,67798
2018-11-26,4242.42431640625,4458.87451171875,4242.42431640625,4458.87451171875,26899
2018-11-27,4337.662109375,4363.63623046875,4242.42431640625,4363.63623046875,22014
2018-11-28,4320.34619140625,4363.63623046875,4294.3720703125,4363.63623046875,85516
2018-11-29,4415.58447265625,4554.11279296875,4320.34619140625,4354.978515625,345760
2018-11-30,4389.6103515625,4562.7705078125,4363.63623046875,4562.7705078125,69126
2018-12-03,4502.16455078125,4528.138671875,4398.2685546875,4484.8486328125,153014
2018-12-04,4502.16455078125,4562.7705078125,4476.1904296875,4562.7705078125,47713
2018-12-05,4484.8486328125,4528.138671875,4476.1904296875,4502.16455078125,43208
2018-12-06,4493.50634765625,4588.74462890625,4346.3203125,4588.74462890625,24948
2018-12-07,4458.87451171875,4502.16455078125,4441.55859375,4441.55859375,67983
2018-12-10,4450.21630859375,4528.138671875,4450.21630859375,4493.50634765625,61988
2018-12-11,4502.16455078125,4528.138671875,4432.900390625,4502.16455078125,104712
2018-12-12,4580.08642578125,4632.03466796875,4484.8486328125,4519.48046875,17082
2018-12-13,4545.45458984375,4753.24658203125,4415.58447265625,4744.5888671875,63802
2018-12-14,4510.82275390625,4744.5888671875,4476.1904296875,4744.5888671875,26819
2018-12-17,4536.79638671875,4536.79638671875,4493.50634765625,4502.16455078125,12970
2018-12-18,4493.50634765625,4588.74462890625,4311.6884765625,4311.6884765625,12624
2018-12-19,4484.8486328125,4493.50634765625,4432.900390625,4484.8486328125,9621
2018-12-20,4484.8486328125,4484.8486328125,4441.55859375,4450.21630859375,10036
2018-12-21,4476.1904296875,4493.50634765625,4432.900390625,4493.50634765625,16735
2018-12-24,4432.900390625,4458.87451171875,4432.900390625,4450.21630859375,35793
2018-12-25,4415.58447265625,4415.58447265625,4242.42431640625,4242.42431640625,24890
2018-12-26,4406.92626953125,4484.8486328125,4329.00439453125,4484.8486328125,7415
2018-12-27,4406.92626953125,4588.74462890625,4337.662109375,4588.74462890625,27535
2018-12-28,4354.978515625,4441.55859375,4329.00439453125,4380.9521484375,49503
2019-01-02,4069.26416015625,4415.58447265625,4069.26416015625,4398.2685546875,33298
2019-01-03,4268.3984375,4285.71435546875,3904.761962890625,3904.761962890625,12647
2019-01-04,4285.71435546875,4303.0302734375,4285.71435546875,4303.0302734375,727
2019-01-07,4329.00439453125,4329.00439453125,4155.84423828125,4155.84423828125,6098
2019-01-08,4242.42431640625,4415.58447265625,4242.42431640625,4329.00439453125,7149
2019-01-09,4329.00439453125,4406.92626953125,4155.84423828125,4242.42431640625,1212
2019-01-10,4285.71435546875,4398.2685546875,4277.05615234375,4398.2685546875,15742
2019-01-11,4320.34619140625,4389.6103515625,4069.26416015625,4069.26416015625,65835
2019-01-14,4285.71435546875,4354.978515625,4285.71435546875,4320.34619140625,26172
2019-01-15,4285.71435546875,4329.00439453125,4069.26416015625,4329.00439453125,17694
2019-01-16,4242.42431640625,4406.92626953125,4190.47607421875,4406.92626953125,6468
2019-01-17,4173.16015625,4380.9521484375,4173.16015625,4173.16015625,305871
2019-01-18,4320.34619140625,4320.34619140625,4216.4501953125,4311.6884765625,693
2019-01-21,4242.42431640625,4415.58447265625,4199.13427734375,4415.58447265625,11480
2019-01-22,4233.76611328125,4372.29443359375,4051.947998046875,4363.63623046875,9840
2019-01-23,4233.76611328125,4329.00439453125,4233.76611328125,4329.00439453125,20385
2019-01-24,4233.76611328125,4320.34619140625,4181.818359375,4242.42431640625,18064
2019-01-25,4242.42431640625,4329.00439453125,4225.1083984375,4277.05615234375,2021
2019-01-28,4199.13427734375,4320.34619140625,4173.16015625,4199.13427734375,1420
2019-01-29,4285.71435546875,4372.29443359375,4199.13427734375,4363.63623046875,13178
2019-01-30,4277.05615234375,4406.92626953125,4242.42431640625,4406.92626953125,15407
2019-01-31,4155.84423828125,4294.3720703125,3982.68408203125,4294.3720703125,73839
2019-02-01,4277.05615234375,4320.34619140625,4069.26416015625,4320.34619140625,2240
2019-02-11,4320.34619140625,4329.00439453125,3982.68408203125,4329.00439453125,381
2019-02-12,4268.3984375,4329.00439453125,4077.922119140625,4077.922119140625,102910
2019-02-13,4259.740234375,4294.3720703125,4199.13427734375,4285.71435546875,72591
2019-02-14,4251.08203125,4285.71435546875,4251.08203125,4285.71435546875,9251
2019-02-15,4242.42431640625,4251.08203125,4069.26416015625,4242.42431640625,12728
2019-02-18,4173.16015625,4199.13427734375,4155.84423828125,4199.13427734375,49064
2019-02-19,4216.4501953125,4233.76611328125,4155.84423828125,4233.76611328125,28158
2019-02-20,4173.16015625,4242.42431640625,4095.238037109375,4242.42431640625,22718
2019-02-21,4181.818359375,4372.29443359375,4147.18603515625,4242.42431640625,19785
2019-02-22,4199.13427734375,4242.42431640625,4129.8701171875,4242.42431640625,13363
2019-02-25,4233.76611328125,4242.42431640625,4155.84423828125,4242.42431640625,22360
2019-02-26,4216.4501953125,4493.50634765625,4155.84423828125,4225.1083984375,18757
2019-02-27,4181.818359375,4216.4501953125,4112.55419921875,4173.16015625,31878
2019-02-28,4155.84423828125,4320.34619140625,4147.18603515625,4164.501953125,29718
2019-03-01,4242.42431640625,4303.0302734375,4121.2119140625,4303.0302734375,38218
2019-03-04,4303.0302734375,4303.0302734375,4216.4501953125,4216.4501953125,18214
2019-03-05,4285.71435546875,4303.0302734375,4233.76611328125,4303.0302734375,62346
2019-03-06,4216.4501953125,4285.71435546875,4207.7919921875,4242.42431640625,78540
2019-03-07,4277.05615234375,4484.8486328125,4199.13427734375,4484.8486328125,33379
2019-03-08,4216.4501953125,4259.740234375,4216.4501953125,4251.08203125,8269
2019-03-11,4155.84423828125,4259.740234375,4103.89599609375,4103.89599609375,22256
2019-03-12,4155.84423828125,4398.2685546875,4121.2119140625,4259.740234375,44259
2019-03-13,4173.16015625,4173.16015625,4147.18603515625,4155.84423828125,39916
2019-03-14,4320.34619140625,4398.2685546875,4173.16015625,4190.47607421875,949746
2019-03-15,4285.71435546875,4320.34619140625,4164.501953125,4285.71435546875,39477
2019-03-18,4329.00439453125,4398.2685546875,4277.05615234375,4320.34619140625,9956
2019-03-19,4398.2685546875,4415.58447265625,4268.3984375,4415.58447265625,69161
2019-03-20,4398.2685546875,4424.2421875,4320.34619140625,4424.2421875,34003
2019-03-21,4329.00439453125,4484.8486328125,4329.00439453125,4415.58447265625,12312
2019-03-22,4303.0302734375,4441.55859375,4259.740234375,4259.740234375,1178
2019-03-25,4233.76611328125,4363.63623046875,4199.13427734375,4363.63623046875,27246
2019-03-26,4199.13427734375,4320.34619140625,4155.84423828125,4320.34619140625,141545
2019-03-27,4199.13427734375,4233.76611328125,4181.818359375,4181.818359375,589
2019-03-28,4199.13427734375,4225.1083984375,4199.13427734375,4225.1083984375,1282
2019-03-29,4311.6884765625,4476.1904296875,4199.13427734375,4199.13427734375,7184
2019-04-01,4294.3720703125,4311.6884765625,4207.7919921875,4207.7919921875,7784
2019-04-02,4294.3720703125,4303.0302734375,4207.7919921875,4303.0302734375,1593
2019-04-03,4294.3720703125,4311.6884765625,4225.1083984375,4303.0302734375,12589
2019-04-04,4233.76611328125,4311.6884765625,4207.7919921875,4207.7919921875,9471
2019-04-05,4285.71435546875,4294.3720703125,4233.76611328125,4285.71435546875,4192
2019-04-08,4372.29443359375,4415.58447265625,3991.342041015625,4251.08203125,959922
2019-04-09,4372.29443359375,4415.58447265625,4251.08203125,4251.08203125,8662
2019-04-11,4320.34619140625,4320.34619140625,4181.818359375,4251.08203125,28193
2019-04-12,4311.6884765625,4311.6884765625,4199.13427734375,4233.76611328125,2691
2019-04-16,4285.71435546875,4285.71435546875,4199.13427734375,4285.71435546875,14079
2019-04-17,4207.7919921875,4294.3720703125,4199.13427734375,4216.4501953125,47470
2019-04-18,4216.4501953125,4268.3984375,4155.84423828125,4268.3984375,16990
2019-04-19,4233.76611328125,4415.58447265625,4112.55419921875,4112.55419921875,3176
2019-04-22,4138.5283203125,4242.42431640625,3956.7099609375,4242.42431640625,67151
2019-04-23,4147.18603515625,4268.3984375,4077.922119140625,4077.922119140625,5416
2019-04-24,4207.7919921875,4207.7919921875,4164.501953125,4173.16015625,23689
2019-04-25,4216.4501953125,4242.42431640625,4181.818359375,4181.818359375,3026
2019-04-26,4225.1083984375,4225.1083984375,4155.84423828125,4199.13427734375,28747
2019-05-02,4000.0,4147.18603515625,3982.68408203125,4129.8701171875,90355
2019-05-03,3982.68408203125,4225.1083984375,3956.7099609375,4225.1083984375,117960
2019-05-06,4051.947998046875,4051.947998046875,3948.052001953125,3982.68408203125,10741
2019-05-07,4069.26416015625,4069.26416015625,3991.342041015625,3991.342041015625,2252
2019-05-08,3956.7099609375,4017.31591796875,3956.7099609375,3982.68408203125,8304
2019-05-09,3982.68408203125,3982.68408203125,3740.259765625,3974.02587890625,169912
2019-05-10,3809.52392578125,3982.68408203125,3783.5498046875,3982.68408203125,4920
2019-05-13,3982.68408203125,4025.97412109375,3896.10400390625,3913.419921875,11215
2019-05-14,3809.52392578125,3809.52392578125,3809.52392578125,3809.52392578125,589
2019-05-15,3844.15576171875,3887.44580078125,3809.52392578125,3878.787841796875,5763
2019-05-16,3584.41552734375,3982.68408203125,3584.41552734375,3852.81396484375,1422139
2019-05-17,3800.86572265625,3818.181884765625,3679.653564453125,3809.52392578125,175744
2019-05-20,3792.207763671875,3974.02587890625,3567.099609375,3974.02587890625,19092
2019-05-21,3722.943603515625,3809.52392578125,3688.311767578125,3731.601806640625,32374
2019-05-22,3757.57568359375,3792.207763671875,3636.363525390625,3722.943603515625,10198
2019-05-23,3757.57568359375,3800.86572265625,3584.41552734375,3757.57568359375,16158
2019-05-24,3766.23388671875,3982.68408203125,3670.99560546875,3974.02587890625,12728
2019-05-27,3731.601806640625,3982.68408203125,3731.601806640625,3774.891845703125,16770
2019-05-28,3896.10400390625,3948.052001953125,3722.943603515625,3809.52392578125,10048
2019-05-29,3982.68408203125,3982.68408203125,3731.601806640625,3809.52392578125,13155
2019-05-30,3965.367919921875,3974.02587890625,3948.052001953125,3956.7099609375,125490
2019-05-31,3982.68408203125,3982.68408203125,3896.10400390625,3896.10400390625,17671
2019-06-03,3896.10400390625,3948.052001953125,3896.10400390625,3948.052001953125,19149
2019-06-04,3939.39404296875,3939.39404296875,3896.10400390625,3896.10400390625,2541
2019-06-05,3982.68408203125,4112.55419921875,3861.471923828125,4112.55419921875,2852
2019-06-06,3948.052001953125,4112.55419921875,3818.181884765625,4051.947998046875,56398
2019-06-07,3896.10400390625,4095.238037109375,3896.10400390625,4095.238037109375,5659
2019-06-10,4051.947998046875,4069.26416015625,3809.52392578125,3896.10400390625,7230
2019-06-11,4069.26416015625,4112.55419921875,3948.052001953125,4112.55419921875,115534
2019-06-12,4069.26416015625,4069.26416015625,4060.60595703125,4060.60595703125,854
2019-06-13,4155.84423828125,4155.84423828125,3991.342041015625,4060.60595703125,5255
2019-06-14,4155.84423828125,4155.84423828125,4103.89599609375,4103.89599609375,1374
2019-06-17,4069.26416015625,4242.42431640625,3982.68408203125,4155.84423828125,14148
2019-06-18,4225.1083984375,4225.1083984375,4069.26416015625,4225.1083984375,1074
2019-06-19,4112.55419921875,4112.55419921875,3982.68408203125,4060.60595703125,3626
2019-06-20,4138.5283203125,4138.5283203125,4138.5283203125,4138.5283203125,11
2019-06-21,4069.26416015625,4069.26416015625,4069.26416015625,4069.26416015625,964540
2019-06-24,4025.97412109375,4025.97412109375,3887.44580078125,3887.44580078125,6722
2019-06-25,4129.8701171875,4155.84423828125,3757.57568359375,4155.84423828125,22718
2019-06-27,3982.68408203125,3991.342041015625,3844.15576171875,3844.15576171875,20120
2019-06-28,4017.31591796875,4086.580078125,3835.497802734375,4086.580078125,11942
2019-07-01,4000.0,4017.31591796875,3904.761962890625,3982.68408203125,20605
2019-07-02,4025.97412109375,4199.13427734375,3861.471923828125,4000.0,23273
2019-07-03,4025.97412109375,4199.13427734375,3870.1298828125,4199.13427734375,36024
2019-07-04,3904.761962890625,4069.26416015625,3904.761962890625,4034.632080078125,30480
2019-07-05,4051.947998046875,4069.26416015625,3887.44580078125,4069.26416015625,26784
2019-07-08,3974.02587890625,3982.68408203125,3852.81396484375,3982.68408203125,8489
2019-07-09,4147.18603515625,4147.18603515625,3896.10400390625,3896.10400390625,8154
2019-07-10,4069.26416015625,4069.26416015625,3870.1298828125,3878.787841796875,8419
2019-07-11,4069.26416015625,4069.26416015625,4069.26416015625,4069.26416015625,46
2019-07-12,3982.68408203125,4008.657958984375,3896.10400390625,3904.761962890625,42735
2019-07-15,3956.7099609375,3982.68408203125,3774.891845703125,3774.891845703125,32293
2019-07-16,4069.26416015625,4069.26416015625,3965.367919921875,3965.367919921875,46
2019-07-17,4043.2900390625,4043.2900390625,4008.657958984375,4008.657958984375,1628
2019-07-18,4043.2900390625,4043.2900390625,3809.52392578125,3809.52392578125,12335
2019-07-19,4069.26416015625,4069.26416015625,4069.26416015625,4069.26416015625,11
2019-07-22,3835.497802734375,3835.497802734375,3835.497802734375,3835.497802734375,1155
2019-07-23,3965.367919921875,4069.26416015625,3645.021728515625,3896.10400390625,17452
2019-07-24,3896.10400390625,3896.10400390625,3731.601806640625,3731.601806640625,1189
2019-07-25,3982.68408203125,3982.68408203125,3809.52392578125,3982.68408203125,3199
2019-07-26,3939.39404296875,3939.39404296875,3731.601806640625,3731.601806640625,3384
2019-07-29,3844.15576171875,3982.68408203125,3826.83984375,3939.39404296875,23827
2019-07-30,3852.81396484375,3887.44580078125,3835.497802734375,3852.81396484375,59170
2019-07-31,3852.81396484375,4034.632080078125,3852.81396484375,4034.632080078125,5162
2019-08-01,3800.86572265625,4060.60595703125,3722.943603515625,4060.60595703125,27789
2019-08-02,3800.86572265625,4043.2900390625,3636.363525390625,4043.2900390625,4377
2019-08-05,3766.23388671875,3991.342041015625,3722.943603515625,3800.86572265625,30930
2019-08-06,3696.9697265625,3896.10400390625,3549.783447265625,3549.783447265625,47874
2019-08-07,3780.952392578125,3942.857177734375,3609.52392578125,3704.761962890625,43155
2019-08-08,3914.28564453125,3923.8095703125,3619.047607421875,3628.571533203125,26050
2019-08-09,3990.47607421875,4095.238037109375,3914.28564453125,3914.28564453125,36949
2019-08-12,4000.0,4085.71435546875,3819.047607421875,3971.428466796875,66937
2019-08-13,4000.0,4000.0,3752.380859375,3752.380859375,23194
2019-08-14,3990.47607421875,4076.1904296875,3809.52392578125,4076.1904296875,4609
2019-08-15,3952.380859375,3952.380859375,3809.52392578125,3809.52392578125,33946
2019-08-16,3952.380859375,3952.380859375,3857.142822265625,3857.142822265625,1270
2019-08-19,3952.380859375,4000.0,3819.047607421875,4000.0,441
2019-08-20,3866.666748046875,3980.952392578125,3790.47607421875,3790.47607421875,127585
2019-08-21,3990.47607421875,4000.0,3952.380859375,4000.0,69373
2019-08-22,3904.761962890625,4066.666748046875,3904.761962890625,4066.666748046875,1606
2019-08-23,4085.71435546875,4085.71435546875,3714.28564453125,4085.71435546875,12411
2019-08-26,4009.52392578125,4019.047607421875,3800.0,3800.0,2037
2019-08-27,4000.0,4000.0,3733.333251953125,3733.333251953125,1690
2019-08-28,3980.952392578125,3980.952392578125,3733.333251953125,3809.52392578125,15634
2019-08-29,4000.0,4000.0,3733.333251953125,3733.333251953125,2730
2019-08-30,3971.428466796875,3990.47607421875,3809.52392578125,3952.380859375,6814
2019-09-03,3971.428466796875,3971.428466796875,3742.857177734375,3742.857177734375,5218
2019-09-04,4000.0,4000.0,3980.952392578125,3980.952392578125,787
2019-09-05,3961.90478515625,3961.90478515625,3942.857177734375,3942.857177734375,10615
2019-09-06,3961.90478515625,3961.90478515625,3961.90478515625,3961.90478515625,1218
2019-09-09,3914.28564453125,3961.90478515625,3904.761962890625,3923.8095703125,1302
2019-09-10,3952.380859375,3952.380859375,3952.380859375,3952.380859375,231
2019-09-11,3809.52392578125,4000.0,3809.52392578125,4000.0,325
2019-09-12,3980.952392578125,3980.952392578125,3980.952392578125,3980.952392578125,1060
2019-09-13,3895.238037109375,3942.857177734375,3742.857177734375,3742.857177734375,4210
2019-09-17,3885.71435546875,3904.761962890625,3876.1904296875,3885.71435546875,10048
2019-09-18,3885.71435546875,3885.71435546875,3876.1904296875,3876.1904296875,4735
2019-09-19,3866.666748046875,3866.666748046875,3638.09521484375,3657.142822265625,1302
2019-09-20,3857.142822265625,3866.666748046875,3771.428466796875,3790.47607421875,7801
2019-09-23,3790.47607421875,3790.47607421875,3600.0,3695.238037109375,94279
2019-09-24,3657.142822265625,3666.666748046875,3561.90478515625,3561.90478515625,21283
2019-09-25,3666.666748046875,3666.666748046875,3619.047607421875,3619.047607421875,9124
2019-09-26,3619.047607421875,3619.047607421875,3438.09521484375,3438.09521484375,28696
2019-09-27,3619.047607421875,3714.28564453125,3609.52392578125,3619.047607421875,21714
2019-09-30,3428.571533203125,3704.761962890625,3428.571533203125,3695.238037109375,82509
2019-10-01,3600.0,3609.52392578125,3428.571533203125,3428.571533203125,8946
2019-10-02,3666.666748046875,3666.666748046875,3619.047607421875,3619.047607421875,1270
2019-10-03,3619.047607421875,3619.047607421875,3609.52392578125,3609.52392578125,546
2019-10-04,3790.47607421875,3809.52392578125,3790.47607421875,3809.52392578125,315
2019-10-07,3657.142822265625,3761.90478515625,3619.047607421875,3761.90478515625,28486
2019-10-08,3619.047607421875,3771.428466796875,3580.952392578125,3771.428466796875,8956
2019-10-09,3647.619140625,3714.28564453125,3428.571533203125,3523.8095703125,9450
2019-10-10,3409.52392578125,3695.238037109375,3409.52392578125,3695.238037109375,6930
2019-10-11,3638.09521484375,3647.619140625,3447.619140625,3609.52392578125,2614
2019-10-14,3638.09521484375,3638.09521484375,3457.142822265625,3457.142822265625,976
2019-10-15,3714.28564453125,3714.28564453125,3695.238037109375,3695.238037109375,42
2019-10-16,3638.09521484375,3638.09521484375,3619.047607421875,3619.047607421875,6520
2019-10-17,3609.52392578125,3666.666748046875,3523.8095703125,3619.047607421875,9408
2019-10-18,3504.761962890625,3666.666748046875,3504.761962890625,3647.619140625,11550
2019-10-21,3666.666748046875,3666.666748046875,3619.047607421875,3619.047607421875,1606
2019-10-22,3904.761962890625,3904.761962890625,3647.619140625,3647.619140625,21210
2019-10-23,3638.09521484375,3809.52392578125,3638.09521484375,3666.666748046875,6678
2019-10-24,3752.380859375,3857.142822265625,3561.90478515625,3857.142822265625,237531
2019-10-25,3780.952392578125,3980.952392578125,3619.047607421875,3980.952392578125,8673
2019-10-28,3771.428466796875,3771.428466796875,3619.047607421875,3638.09521484375,13314
2019-10-29,3790.47607421875,4000.0,3676.1904296875,4000.0,27489
2019-10-30,3666.666748046875,3714.28564453125,3666.666748046875,3714.28564453125,502744
2019-10-31,3695.238037109375,3714.28564453125,3647.619140625,3647.619140625,178
2019-11-01,3533.333251953125,3666.666748046875,3533.333251953125,3647.619140625,2352
2019-11-04,3428.571533203125,3619.047607421875,3428.571533203125,3619.047607421875,3685
2019-11-05,3609.52392578125,3619.047607421875,3333.333251953125,3523.8095703125,13944
2019-11-06,3609.52392578125,3609.52392578125,3600.0,3600.0,1060
2019-11-11,3561.90478515625,3561.90478515625,3371.428466796875,3371.428466796875,304
2019-11-12,3400.0,3400.0,3400.0,3400.0,777
2019-11-13,3561.90478515625,3561.90478515625,3400.0,3400.0,5260
2019-11-14,3323.8095703125,3333.333251953125,3314.28564453125,3314.28564453125,65950
2019-11-15,3504.761962890625,3504.761962890625,3247.619140625,3285.71435546875,201610
2019-11-18,3380.952392578125,3380.952392578125,3276.1904296875,3295.238037109375,556
2019-11-19,3238.09521484375,3514.28564453125,3238.09521484375,3514.28564453125,8001
2019-11-20,3333.333251953125,3380.952392578125,3180.952392578125,3180.952392578125,11424
2019-11-21,3333.333251953125,3333.333251953125,3171.428466796875,3171.428466796875,12852
2019-11-22,3476.1904296875,3476.1904296875,3476.1904296875,3476.1904296875,10
2019-11-25,3238.09521484375,3323.8095703125,3238.09521484375,3247.619140625,17472
2019-11-26,3333.333251953125,3371.428466796875,3228.571533203125,3238.09521484375,18322
2019-11-27,3285.71435546875,3285.71435546875,3171.428466796875,3171.428466796875,2782
2019-11-28,3304.761962890625,3304.761962890625,3171.428466796875,3238.09521484375,13555
2019-11-29,3142.857177734375,3361.90478515625,3142.857177734375,3361.90478515625,210
2019-12-02,3285.71435546875,3285.71435546875,3142.857177734375,3142.857177734375,210
2019-12-03,3276.1904296875,3276.1904296875,3057.142822265625,3142.857177734375,4725
2019-12-04,3409.52392578125,3419.047607421875,3409.52392578125,3419.047607421875,1575
2019-12-05,3238.09521484375,3609.52392578125,3171.428466796875,3609.52392578125,7066
2019-12-06,3333.333251953125,3419.047607421875,3095.238037109375,3095.238037109375,63
2019-12-09,3323.8095703125,3428.571533203125,3114.28564453125,3114.28564453125,2163
2019-12-10,3295.238037109375,3514.28564453125,3295.238037109375,3514.28564453125,42
2019-12-11,3266.666748046875,3476.1904296875,3066.666748046875,3409.52392578125,9733
2019-12-12,3238.09521484375,3238.09521484375,3123.8095703125,3123.8095703125,15760
2019-12-13,3066.666748046875,3209.52392578125,3019.047607421875,3123.8095703125,6867
2019-12-16,3142.857177734375,3266.666748046875,2923.8095703125,2923.8095703125,367
2019-12-17,3190.47607421875,3219.047607421875,2952.380859375,3209.52392578125,5008
2019-12-18,3076.1904296875,3076.1904296875,2971.428466796875,3000.0,9576
2019-12-20,3057.142822265625,3066.666748046875,2914.28564453125,2914.28564453125,23068
2019-12-23,3047.619140625,3047.619140625,2857.142822265625,2857.142822265625,7423
2019-12-24,3047.619140625,3047.619140625,2857.142822265625,2866.666748046875,1050
2019-12-25,3038.09521484375,3085.71435546875,2895.238037109375,3047.619140625,6226
2019-12-26,2952.380859375,3228.571533203125,2885.71435546875,3133.333251953125,13030
2019-12-27,3076.1904296875,3076.1904296875,2819.047607421875,2847.619140625,29116
2019-12-30,3038.09521484375,3038.09521484375,2866.666748046875,2876.1904296875,3265
2019-12-31,2857.142822265625,2857.142822265625,2857.142822265625,2857.142822265625,8725
2020-01-02,2695.238037109375,2761.90478515625,2676.1904296875,2761.90478515625,4431
2020-01-03,2838.09521484375,2838.09521484375,2676.1904296875,2676.1904296875,315
2020-01-06,2714.28564453125,2761.90478515625,2666.666748046875,2676.1904296875,11665
2020-01-07,2761.90478515625,2761.90478515625,2666.666748046875,2666.666748046875,3370
2020-01-08,2685.71435546875,2752.380859375,2685.71435546875,2733.333251953125,29925
2020-01-09,2752.380859375,2838.09521484375,2685.71435546875,2838.09521484375,31
2020-01-10,2761.90478515625,2761.90478515625,2676.1904296875,2695.238037109375,1606
2020-01-13,2942.857177734375,2942.857177734375,2942.857177734375,2942.857177734375,10
2020-01-14,3095.238037109375,3095.238037109375,2857.142822265625,2942.857177734375,2572
2020-01-15,3266.666748046875,3266.666748046875,3266.666748046875,3266.666748046875,955
2020-01-16,3342.857177734375,3342.857177734375,3342.857177734375,3342.857177734375,10
2020-01-20,3333.333251953125,3390.47607421875,3114.28564453125,3390.47607421875,1197
2020-01-21,3104.761962890625,3104.761962890625,3104.761962890625,3104.761962890625,10132
2020-01-22,3104.761962890625,3295.238037109375,2895.238037109375,3190.47607421875,2803
2020-01-30,3142.857177734375,3285.71435546875,2904.761962890625,3285.71435546875,57267
2020-01-31,2923.8095703125,3323.8095703125,2923.8095703125,3323.8095703125,64837
2020-02-03,2904.761962890625,2914.28564453125,2723.8095703125,2723.8095703125,63084
2020-02-04,2885.71435546875,3000.0,2723.8095703125,2723.8095703125,2068
2020-02-05,2895.238037109375,2990.47607421875,2895.238037109375,2990.47607421875,115
2020-02-06,3038.09521484375,3038.09521484375,3038.09521484375,3038.09521484375,10
2020-02-07,2838.09521484375,2857.142822265625,2828.571533203125,2828.571533203125,7791
2020-02-10,2857.142822265625,3000.0,2857.142822265625,2952.380859375,126
2020-02-11,2847.619140625,2952.380859375,2828.571533203125,2952.380859375,3171
2020-02-12,2857.142822265625,2952.380859375,2847.619140625,2866.666748046875,8536
2020-02-13,2857.142822265625,2990.47607421875,2857.142822265625,2990.47607421875,2173
2020-02-14,2809.52392578125,2809.52392578125,2666.666748046875,2695.238037109375,32602
2020-02-17,2666.666748046875,2752.380859375,2619.047607421875,2685.71435546875,34209
2020-02-18,2819.047607421875,2847.619140625,2628.571533203125,2628.571533203125,10458
2020-02-19,2704.761962890625,2819.047607421875,2695.238037109375,2819.047607421875,11728
2020-02-20,2800.0,2847.619140625,2714.28564453125,2847.619140625,3234
2020-02-21,2714.28564453125,2980.952392578125,2714.28564453125,2761.90478515625,5271
2020-02-24,2857.142822265625,2857.142822265625,2619.047607421875,2714.28564453125,1071
2020-02-25,2771.428466796875,2838.09521484375,2685.71435546875,2838.09521484375,4735
2020-02-26,2761.90478515625,2761.90478515625,2647.619140625,2647.619140625,147
2020-02-27,2752.380859375,2752.380859375,2723.8095703125,2723.8095703125,1354
2020-02-28,2685.71435546875,2742.857177734375,2685.71435546875,2742.857177734375,178
2020-03-02,2695.238037109375,2866.666748046875,2695.238037109375,2733.333251953125,3454
2020-03-03,2828.571533203125,2828.571533203125,2619.047607421875,2619.047607421875,535
2020-03-04,2714.28564453125,2761.90478515625,2685.71435546875,2714.28564453125,9040
2020-03-05,2723.8095703125,2723.8095703125,2666.666748046875,2695.238037109375,3276
2020-03-06,2904.761962890625,2904.761962890625,2619.047607421875,2619.047607421875,5922
2020-03-09,2704.761962890625,2714.28564453125,2704.761962890625,2704.761962890625,4441
2020-03-10,2695.238037109375,2704.761962890625,2523.8095703125,2533.333251953125,5796
2020-03-11,2609.52392578125,2685.71435546875,2514.28564453125,2685.71435546875,25084
2020-03-12,2428.571533203125,2742.857177734375,2428.571533203125,2428.571533203125,33421
2020-03-13,2285.71435546875,2523.8095703125,2266.666748046875,2523.8095703125,16128
2020-03-16,2380.952392578125,2380.952392578125,2133.333251953125,2133.333251953125,54684
2020-03-17,2495.238037109375,2495.238037109375,2228.571533203125,2228.571533203125,2110
2020-03-18,2571.428466796875,2619.047607421875,2323.8095703125,2323.8095703125,2289
2020-03-19,2561.90478515625,2561.90478515625,2400.0,2400.0,2908
2020-03-20,2523.8095703125,2523.8095703125,2400.0,2400.0,231
2020-03-23,2352.380859375,2371.428466796875,2352.380859375,2371.428466796875,6520
2020-03-24,2514.28564453125,2514.28564453125,2333.333251953125,2352.380859375,67252
2020-03-25,2390.47607421875,2657.142822265625,2390.47607421875,2657.142822265625,115
2020-03-26,2323.8095703125,2552.380859375,2314.28564453125,2552.380859375,346
2020-03-27,2238.09521484375,2466.666748046875,2180.952392578125,2180.952392578125,1144
2020-03-30,2142.857177734375,2380.952392578125,2085.71435546875,2380.952392578125,142464
2020-03-31,2276.1904296875,2285.71435546875,2019.047607421875,2285.71435546875,1533
2020-04-01,2380.952392578125,2380.952392578125,2285.71435546875,2285.71435546875,39784
2020-04-03,2419.047607421875,2419.047607421875,2219.047607421875,2228.571533203125,1774
2020-04-06,2514.28564453125,2523.8095703125,2514.28564453125,2514.28564453125,94
2020-04-07,2514.28564453125,2514.28564453125,2380.952392578125,2380.952392578125,8883
2020-04-08,2638.09521484375,2647.619140625,2380.952392578125,2380.952392578125,62496
2020-04-09,2695.238037109375,2704.761962890625,2476.1904296875,2476.1904296875,15204
2020-04-10,2590.47607421875,2809.52392578125,2533.333251953125,2800.0,1375
2020-04-13,2704.761962890625,2714.28564453125,2485.71435546875,2485.71435546875,5544
2020-04-14,2723.8095703125,2828.571533203125,2609.52392578125,2828.571533203125,451
2020-04-15,2790.47607421875,2809.52392578125,2723.8095703125,2723.8095703125,189
2020-04-16,2847.619140625,2904.761962890625,2666.666748046875,2904.761962890625,39816
2020-04-17,2714.28564453125,2828.571533203125,2714.28564453125,2828.571533203125,16527
2020-04-20,2752.380859375,2847.619140625,2695.238037109375,2838.09521484375,14038
2020-04-21,2657.142822265625,2847.619140625,2561.90478515625,2561.90478515625,15372
2020-04-22,2742.857177734375,2752.380859375,2657.142822265625,2657.142822265625,15918
2020-04-23,2704.761962890625,2847.619140625,2704.761962890625,2847.619140625,48856
2020-04-24,2780.952392578125,2790.47607421875,2666.666748046875,2704.761962890625,21735
2020-04-27,2809.52392578125,2809.52392578125,2752.380859375,2752.380859375,69037
2020-04-28,2647.619140625,2828.571533203125,2647.619140625,2828.571533203125,13902
2020-04-29,2657.142822265625,2771.428466796875,2647.619140625,2771.428466796875,8284
2020-05-04,2590.47607421875,2657.142822265625,2571.428466796875,2647.619140625,54001
2020-05-05,2523.8095703125,2638.09521484375,2523.8095703125,2590.47607421875,16327
2020-05-06,2523.8095703125,2676.1904296875,2523.8095703125,2676.1904296875,4221
2020-05-07,2647.619140625,2666.666748046875,2533.333251953125,2533.333251953125,4231
2020-05-08,2628.571533203125,2790.47607421875,2628.571533203125,2666.666748046875,11182
2020-05-11,2638.09521484375,2742.857177734375,2638.09521484375,2742.857177734375,34356
2020-05-12,2704.761962890625,2714.28564453125,2666.666748046875,2666.666748046875,18018
2020-05-13,2619.047607421875,2723.8095703125,2571.428466796875,2571.428466796875,48982
2020-05-14,2666.666748046875,2733.333251953125,2619.047607421875,2723.8095703125,179497
2020-05-15,2666.666748046875,2695.238037109375,2628.571533203125,2695.238037109375,54327
2020-05-18,2666.666748046875,2723.8095703125,2666.666748046875,2666.666748046875,149593
2020-05-19,2714.28564453125,2761.90478515625,2647.619140625,2714.28564453125,62863
2020-05-20,2647.619140625,2752.380859375,2647.619140625,2752.380859375,60742
2020-05-21,2714.28564453125,2723.8095703125,2685.71435546875,2723.8095703125,17188
2020-05-22,2752.380859375,2761.90478515625,2714.28564453125,2723.8095703125,22732
2020-05-25,2942.857177734375,2942.857177734375,2790.47607421875,2790.47607421875,107887
2020-05-26,3123.8095703125,3142.857177734375,2961.90478515625,3133.333251953125,198198
2020-05-27,2952.380859375,3266.666748046875,2952.380859375,3266.666748046875,108150
2020-05-28,2952.380859375,2952.380859375,2819.047607421875,2952.380859375,72513
2020-05-29,2866.666748046875,2952.380859375,2761.90478515625,2952.380859375,158392
2020-06-01,2923.8095703125,3028.571533203125,2800.0,2800.0,25210
2020-06-02,3000.0,3019.047607421875,2847.619140625,2847.619140625,41989
2020-06-03,2904.761962890625,2980.952392578125,2838.09521484375,2838.09521484375,10468
2020-06-04,2895.238037109375,2990.47607421875,2819.047607421875,2990.47607421875,102406
2020-06-05,2952.380859375,3028.571533203125,2895.238037109375,2895.238037109375,31920
2020-06-08,3152.380859375,3152.380859375,2990.47607421875,3000.0,564501
2020-06-09,3371.428466796875,3371.428466796875,3171.428466796875,3171.428466796875,292351
2020-06-10,3600.0,3600.0,3600.0,3600.0,325951
2020-06-11,3847.619140625,3847.619140625,3847.619140625,3847.619140625,150202
2020-06-12,4114.28564453125,4114.28564453125,4095.238037109375,4114.28564453125,1070989
2020-06-15,4400.0,4400.0,4400.0,4400.0,212341
2020-06-16,4704.76171875,4704.76171875,4457.14306640625,4704.76171875,2169247
2020-06-17,4380.9521484375,5009.52392578125,4380.9521484375,5009.52392578125,1141077
2020-06-18,4095.238037109375,4657.14306640625,4076.1904296875,4380.9521484375,642117
2020-06-19,4380.9521484375,4380.9521484375,4095.238037109375,4095.238037109375,10368306
2020-06-22,4685.71435546875,4685.71435546875,4666.66650390625,4676.1904296875,442606
2020-06-23,5009.52392578125,5009.52392578125,4952.380859375,4990.47607421875,2372464
2020-06-24,4923.8095703125,5009.52392578125,4761.90478515625,5009.52392578125,464436
2020-06-25,5266.66650390625,5266.66650390625,4714.28564453125,4904.76171875,2105250
2020-06-26,5380.9521484375,5409.52392578125,5266.66650390625,5285.71435546875,1747630
2020-06-29,5380.9521484375,5438.09521484375,5304.76171875,5380.9521484375,1983689
2020-06-30,5142.85693359375,5419.0478515625,5009.52392578125,5380.9521484375,1902673
2020-07-01,5495.23828125,5495.23828125,5000.0,5142.85693359375,1722021
2020-07-02,5647.619140625,5647.619140625,5514.28564453125,5533.33349609375,1206744
2020-07-03,5523.8095703125,5647.619140625,5495.23828125,5647.619140625,539448
2020-07-06,5409.52392578125,5533.33349609375,5333.33349609375,5523.8095703125,508830
2020-07-07,5780.9521484375,5780.9521484375,5276.1904296875,5409.52392578125,2091327
2020-07-08,6180.9521484375,6180.9521484375,5780.9521484375,5780.9521484375,1382062
2020-07-09,6609.52392578125,6609.52392578125,6190.47607421875,6190.47607421875,1760188
2020-07-10,7066.66650390625,7066.66650390625,6628.5712890625,6628.5712890625,1585342
2020-07-13,6857.14306640625,7133.33349609375,6580.9521484375,7133.33349609375,1350793
2020-07-14,6780.9521484375,6866.66650390625,6657.14306640625,6866.66650390625,936106
2020-07-15,6580.9521484375,6771.4287109375,6552.380859375,6771.4287109375,901446
2020-07-16,6866.66650390625,6866.66650390625,6580.9521484375,6580.9521484375,1730599
2020-07-17,6952.380859375,6990.47607421875,6752.380859375,6866.66650390625,1247683
2020-07-20,6876.1904296875,6961.90478515625,6876.1904296875,6952.380859375,819220
2020-07-21,6809.52392578125,6923.8095703125,6685.71435546875,6876.1904296875,1104505
2020-07-22,6333.33349609375,6809.52392578125,6333.33349609375,6790.47607421875,1689849
2020-07-23,6152.380859375,6390.47607421875,5933.33349609375,6390.47607421875,1558935
2020-07-24,5809.52392578125,6142.85693359375,5723.8095703125,6142.85693359375,1051197
2020-07-27,5704.76171875,5809.52392578125,5428.5712890625,5619.0478515625,837364
2020-07-28,6095.23828125,6095.23828125,5685.71435546875,5704.76171875,1202418
2020-07-29,5895.23828125,6104.76171875,5714.28564453125,6104.76171875,1143513
2020-07-30,6190.47607421875,6285.71435546875,5904.76171875,5904.76171875,772842
2020-07-31,5904.76171875,6047.619140625,5819.0478515625,5904.76171875,388657
2020-08-03,6000.0,6076.1904296875,5904.76171875,5904.76171875,936274
2020-08-04,6419.0478515625,6419.0478515625,6000.0,6000.0,1877127
2020-08-05,6276.1904296875,6457.14306640625,6266.66650390625,6419.0478515625,582781
2020-08-06,6180.9521484375,6266.66650390625,6047.619140625,6266.66650390625,348159
2020-08-07,5980.9521484375,6171.4287109375,5942.85693359375,6171.4287109375,333396
2020-08-10,5800.0,6028.5712890625,5800.0,5980.9521484375,517303
2020-08-11,5723.8095703125,5838.09521484375,5723.8095703125,5800.0,226201
2020-08-12,5838.09521484375,5838.09521484375,5723.8095703125,5733.33349609375,294577
2020-08-13,5895.23828125,5933.33349609375,5857.14306640625,5857.14306640625,346857
2020-08-14,5895.23828125,5914.28564453125,5847.619140625,5895.23828125,240450
2020-08-17,5800.0,5904.76171875,5771.4287109375,5904.76171875,265461
2020-08-18,5819.0478515625,5847.619140625,5800.0,5809.52392578125,134158
2020-08-19,5819.0478515625,5828.5712890625,5800.0,5828.5712890625,1733335
2020-08-20,5761.90478515625,5819.0478515625,5761.90478515625,5819.0478515625,141771
2020-08-21,5780.9521484375,5790.47607421875,5742.85693359375,5790.47607421875,1709767
2020-08-24,5828.5712890625,5828.5712890625,5790.47607421875,5800.0,171181
2020-08-25,5838.09521484375,5838.09521484375,5809.52392578125,5828.5712890625,119332
2020-08-26,6238.09521484375,6238.09521484375,5866.66650390625,5866.66650390625,1149687
2020-08-27,6666.66650390625,6666.66650390625,6571.4287109375,6571.4287109375,1206334
2020-08-28,6809.52392578125,7133.33349609375,6714.28564453125,7095.23828125,1467427
2020-08-31,6409.52392578125,6780.9521484375,6380.9521484375,6771.4287109375,741699
2020-09-01,6485.71435546875,6580.9521484375,6342.85693359375,6380.9521484375,289264
2020-09-03,6523.8095703125,6533.33349609375,6466.66650390625,6485.71435546875,1363950
2020-09-04,6971.4287109375,6971.4287109375,6485.71435546875,6523.8095703125,1098877
2020-09-07,7457.14306640625,7457.14306640625,7066.66650390625,7066.66650390625,1226505
2020-09-08,7380.9521484375,7542.85693359375,7257.14306640625,7495.23828125,644815
2020-09-09,7895.23828125,7895.23828125,7285.71435546875,7342.85693359375,1359729
2020-09-10,7571.4287109375,7952.380859375,7523.8095703125,7895.23828125,888300
2020-09-11,7171.4287109375,7571.4287109375,7066.66650390625,7571.4287109375,778417
2020-09-14,7419.0478515625,7419.0478515625,7133.33349609375,7180.9521484375,841732
2020-09-15,7276.1904296875,7438.09521484375,7228.5712890625,7419.0478515625,434952
2020-09-16,7333.33349609375,7409.52392578125,7200.0,7276.1904296875,1707982
2020-09-17,6952.380859375,7342.85693359375,6828.5712890625,7342.85693359375,2367278
2020-09-18,6504.76171875,6942.85693359375,6466.66650390625,6942.85693359375,1282963
2020-09-21,6676.1904296875,6676.1904296875,6142.85693359375,6476.1904296875,1070307
2020-09-22,6866.66650390625,6923.8095703125,6647.619140625,6676.1904296875,638253
2020-09-23,6742.85693359375,6885.71435546875,6733.33349609375,6819.0478515625,585144
2020-09-24,6514.28564453125,6695.23828125,6419.0478515625,6695.23828125,652921
2020-09-25,6371.4287109375,6523.8095703125,6333.33349609375,6514.28564453125,500797
2020-09-28,6361.90478515625,6428.5712890625,6342.85693359375,6371.4287109375,326466
2020-09-29,6219.0478515625,6380.9521484375,6180.9521484375,6361.90478515625,490623
2020-09-30,6333.33349609375,6333.33349609375,6104.76171875,6219.0478515625,248787
2020-10-01,6419.0478515625,6676.1904296875,6352.380859375,6676.1904296875,343402
2020-10-02,6285.71435546875,6419.0478515625,6238.09521484375,6400.0,547995
2020-10-05,6333.33349609375,6333.33349609375,6247.619140625,6295.23828125,281053
2020-10-06,6323.8095703125,6342.85693359375,6190.47607421875,6333.33349609375,326424
2020-10-07,6476.1904296875,6523.8095703125,6314.28564453125,6333.33349609375,529609
2020-10-08,6447.619140625,6571.4287109375,6419.0478515625,6571.4287109375,425071
2020-10-09,6304.76171875,6476.1904296875,6257.14306640625,6476.1904296875,139986
2020-10-12,6038.09521484375,6304.76171875,6038.09521484375,6304.76171875,315850
2020-10-13,5933.33349609375,6190.47607421875,5876.1904296875,6190.47607421875,245458
2020-10-14,5619.0478515625,5952.380859375,5523.8095703125,5933.33349609375,568123
2020-10-15,5476.1904296875,5647.619140625,5447.619140625,5619.0478515625,174289
2020-10-16,5857.14306640625,5857.14306640625,5476.1904296875,5571.4287109375,408618
2020-10-19,5885.71435546875,6066.66650390625,5857.14306640625,6047.619140625,225918
2020-10-20,5676.1904296875,5895.23828125,5676.1904296875,5885.71435546875,99078
2020-10-21,5571.4287109375,5714.28564453125,5457.14306640625,5676.1904296875,133108
2020-10-22,5561.90478515625,5590.47607421875,5333.33349609375,5590.47607421875,88200
2020-10-23,5552.380859375,5571.4287109375,5428.5712890625,5571.4287109375,59734
2020-10-26,5428.5712890625,5580.9521484375,5419.0478515625,5580.9521484375,104937
2020-10-27,5352.380859375,5476.1904296875,5200.0,5476.1904296875,113778
2020-10-28,5047.619140625,5333.33349609375,4990.47607421875,5333.33349609375,282828
2020-10-29,5171.4287109375,5200.0,5000.0,5047.619140625,298672
2020-10-30,5142.85693359375,5180.9521484375,5000.0,5171.4287109375,31374
2020-11-02,5380.9521484375,5380.9521484375,5190.47607421875,5314.28564453125,295984
2020-11-03,5238.09521484375,5409.52392578125,5238.09521484375,5390.47607421875,48237
2020-11-04,5409.52392578125,5409.52392578125,5209.52392578125,5257.14306640625,109861
2020-11-05,5419.0478515625,5571.4287109375,5371.4287109375,5409.52392578125,244912
2020-11-06,5400.0,5438.09521484375,5238.09521484375,5438.09521484375,55461
2020-11-09,5390.47607421875,5428.5712890625,5323.8095703125,5428.5712890625,74833
2020-11-10,5238.09521484375,5409.52392578125,5228.5712890625,5409.52392578125,76440
2020-11-11,5123.8095703125,5238.09521484375,5123.8095703125,5238.09521484375,56626
2020-11-12,5104.76171875,5238.09521484375,5047.619140625,5142.85693359375,185335
2020-11-13,5171.4287109375,5190.47607421875,5114.28564453125,5114.28564453125,42714
2020-11-16,5123.8095703125,5171.4287109375,5114.28564453125,5171.4287109375,29872
2020-11-17,5057.14306640625,5123.8095703125,5047.619140625,5123.8095703125,93114
2020-11-18,5085.71435546875,5104.76171875,4952.380859375,5095.23828125,4816226
2020-11-19,5438.09521484375,5438.09521484375,5009.52392578125,5009.52392578125,179172
2020-11-20,5809.52392578125,5809.52392578125,5714.28564453125,5809.52392578125,544477
2020-11-23,5571.4287109375,5780.9521484375,5533.33349609375,5533.33349609375,232932
2020-11-24,5552.380859375,5571.4287109375,5447.619140625,5523.8095703125,122577
2020-11-25,5342.85693359375,5542.85693359375,5323.8095703125,5523.8095703125,116350
2020-11-26,5257.14306640625,5333.33349609375,5190.47607421875,5190.47607421875,115720
2020-11-27,5476.1904296875,5523.8095703125,5285.71435546875,5285.71435546875,74602
2020-11-30,5390.47607421875,5714.28564453125,5238.09521484375,5476.1904296875,58695
2020-12-01,5390.47607421875,5390.47607421875,5142.85693359375,5361.90478515625,63315
2020-12-02,5285.71435546875,5533.33349609375,5171.4287109375,5333.33349609375,63105
2020-12-03,5380.9521484375,5476.1904296875,5257.14306640625,5266.66650390625,63672
2020-12-04,5428.5712890625,5590.47607421875,5333.33349609375,5590.47607421875,93555
2020-12-07,5428.5712890625,5438.09521484375,5333.33349609375,5428.5712890625,50190
2020-12-08,5523.8095703125,5619.0478515625,5238.09521484375,5428.5712890625,108727
2020-12-09,5447.619140625,5523.8095703125,5352.380859375,5523.8095703125,74770
2020-12-10,5371.4287109375,5523.8095703125,5342.85693359375,5523.8095703125,25546
2020-12-11,5438.09521484375,5438.09521484375,5333.33349609375,5371.4287109375,77983
2020-12-14,5390.47607421875,5447.619140625,5390.47607421875,5447.619140625,1900051
2020-12-15,5428.5712890625,5447.619140625,5342.85693359375,5390.47607421875,62391
2020-12-16,5600.0,5714.28564453125,5428.5712890625,5438.09521484375,139072
2020-12-17,5428.5712890625,5695.23828125,5333.33349609375,5695.23828125,90636
2020-12-18,5514.28564453125,5514.28564453125,5314.28564453125,5352.380859375,142926
2020-12-21,5495.23828125,5523.8095703125,5380.9521484375,5514.28564453125,86499
2020-12-22,5780.9521484375,5866.66650390625,5361.90478515625,5447.619140625,411936
2020-12-23,6180.9521484375,6180.9521484375,6057.14306640625,6180.9521484375,546136
2020-12-24,6295.23828125,6609.52392578125,5809.52392578125,6609.52392578125,699678
2020-12-25,6666.66650390625,6714.28564453125,5952.380859375,5971.4287109375,1442154
2020-12-28,7133.33349609375,7133.33349609375,6752.380859375,6752.380859375,2523843
2020-12-29,7628.5712890625,7628.5712890625,7133.33349609375,7171.4287109375,1962954
2020-12-30,7666.66650390625,8161.90478515625,7342.85693359375,7666.66650390625,3357543
2020-12-31,7666.66650390625,7761.90478515625,7428.5712890625,7695.23828125,1965453
2021-01-04,8200.0,8200.0,7619.0478515625,7676.1904296875,3743355
2021-01-05,8247.619140625,8266.6669921875,8000.0,8200.0,1640310
2021-01-06,8171.4287109375,8285.7138671875,8000.0,8257.142578125,2133285
2021-01-07,8285.7138671875,8476.1904296875,8142.85693359375,8190.47607421875,3222450
2021-01-08,8190.47607421875,8304.76171875,7980.9521484375,8295.23828125,1642410
2021-01-11,8190.47607421875,8190.47607421875,8000.0,8190.47607421875,1506960
2021-01-12,8133.33349609375,8200.0,8000.0,8200.0,1267665
2021-01-13,8085.71435546875,8152.380859375,7961.90478515625,8152.380859375,1353135
2021-01-14,8085.71435546875,8095.23828125,7895.23828125,8085.71435546875,1648605
2021-01-15,8095.23828125,8104.76171875,8000.0,8085.71435546875,995400
2021-01-18,8209.5234375,8238.095703125,8095.23828125,8095.23828125,1084545
2021-01-19,7647.619140625,8219.0478515625,7647.619140625,8219.0478515625,1230915
2021-01-20,7619.0478515625,7733.33349609375,7114.28564453125,7714.28564453125,347235
2021-01-21,8152.380859375,8152.380859375,7238.09521484375,7647.619140625,1431675
2021-01-22,8361.904296875,8600.0,8266.6669921875,8285.7138671875,1619415
2021-01-25,8942.857421875,8942.857421875,8371.4287109375,8380.9521484375,2037630
2021-01-26,8790.4765625,9095.23828125,8476.1904296875,9047.619140625,1472835
2021-01-27,8180.9521484375,8790.4765625,8180.9521484375,8761.904296875,1433040
2021-01-28,7609.52392578125,7714.28564453125,7609.52392578125,7609.52392578125,365190
2021-01-29,7142.85693359375,7504.76171875,7085.71435546875,7085.71435546875,688590
2021-02-01,6647.619140625,7142.85693359375,6647.619140625,7142.85693359375,307860
2021-02-02,6190.47607421875,6647.619140625,6190.47607421875,6190.47607421875,731955
2021-02-03,6219.0478515625,6247.619140625,5771.4287109375,5809.52392578125,332325
2021-02-04,6428.5712890625,6571.4287109375,5923.8095703125,6219.0478515625,645645
2021-02-05,6685.71435546875,6761.90478515625,6276.1904296875,6380.9521484375,1426894
2021-02-08,6666.66650390625,6685.71435546875,6219.0478515625,6685.71435546875,117390
2021-02-09,6476.1904296875,6647.619140625,6200.0,6247.619140625,113400
2021-02-17,6476.1904296875,6695.23828125,6285.71435546875,6666.66650390625,147315
2021-02-18,6571.4287109375,6685.71435546875,6476.1904296875,6476.1904296875,166320
2021-02-19,6657.14306640625,6704.76171875,6333.33349609375,6333.33349609375,146685
2021-02-22,6523.8095703125,6657.14306640625,6476.1904296875,6476.1904296875,105420
2021-02-23,6771.4287109375,6809.52392578125,6342.85693359375,6476.1904296875,127890
2021-02-24,7228.5712890625,7238.09521484375,6666.66650390625,6838.09521484375,352485
2021-02-25,7095.23828125,7238.09521484375,6761.90478515625,7047.619140625,105000
2021-02-26,7580.9521484375,7590.47607421875,6761.90478515625,7000.0,261660
2021-03-01,7771.4287109375,7952.380859375,7238.09521484375,7580.9521484375,184275
2021-03-02,7619.0478515625,8085.71435546875,7523.8095703125,8085.71435546875,148365
2021-03-03,8095.23828125,8095.23828125,7428.5712890625,7619.0478515625,1145340
2021-03-04,8000.0,8285.7138671875,7571.4287109375,8190.47607421875,1167810
2021-03-05,7952.380859375,8085.71435546875,7723.8095703125,7904.76171875,171150
2021-03-08,8333.3330078125,8380.9521484375,7933.33349609375,8000.0,1567965
2021-03-09,8266.6669921875,8333.3330078125,8047.619140625,8333.3330078125,987945
2021-03-10,8095.23828125,8285.7138671875,8095.23828125,8266.6669921875,468615
2021-03-11,7809.52392578125,8133.33349609375,7619.0478515625,8133.33349609375,984165
2021-03-12,7676.1904296875,7809.52392578125,7619.0478515625,7761.90478515625,785925
2021-03-15,7780.9521484375,7895.23828125,7676.1904296875,7676.1904296875,455490
2021-03-16,7714.28564453125,7857.14306640625,7533.33349609375,7857.14306640625,895230
2021-03-17,7638.09521484375,7723.8095703125,7523.8095703125,7714.28564453125,1056930
2021-03-18,7828.5712890625,7828.5712890625,7619.0478515625,7657.14306640625,756945
2021-03-19,7809.52392578125,7866.66650390625,7666.66650390625,7866.66650390625,481635
2021-03-22,7800.0,7828.5712890625,7628.5712890625,7809.52392578125,282240
2021-03-23,7619.0478515625,7809.52392578125,7600.0,7761.90478515625,224700
2021-03-24,7428.5712890625,7619.0478515625,7380.9521484375,7571.4287109375,265125
2021-03-25,7428.5712890625,7523.8095703125,7238.09521484375,7428.5712890625,318675
2021-03-26,7238.09521484375,7428.5712890625,6914.28564453125,7333.33349609375,220710
2021-03-29,7571.4287109375,7619.0478515625,7238.09521484375,7238.09521484375,166005
2021-03-30,7638.09521484375,7733.33349609375,7428.5712890625,7723.8095703125,467145
2021-03-31,7619.0478515625,7638.09521484375,7428.5712890625,7638.09521484375,153090
2021-04-01,7647.619140625,7676.1904296875,7447.619140625,7619.0478515625,325185
2021-04-02,8161.90478515625,8180.9521484375,7647.619140625,7666.66650390625,2614395
2021-04-05,8161.90478515625,8276.1904296875,7904.76171875,8190.47607421875,589470
2021-04-06,8552.380859375,8714.2861328125,8104.76171875,8104.76171875,1080555
2021-04-07,8476.1904296875,8476.1904296875,8219.0478515625,8219.0478515625,412125
2021-04-08,8380.9521484375,8571.4287109375,8323.8095703125,8476.1904296875,204750
2021-04-09,8561.904296875,8590.4765625,8285.7138671875,8380.9521484375,548625
2021-04-12,9152.380859375,9152.380859375,8476.1904296875,8561.904296875,2209515
2021-04-13,8857.142578125,9257.142578125,8552.380859375,9257.142578125,921060
2021-04-14,9476.1904296875,9476.1904296875,8380.9521484375,8819.0478515625,2982000
2021-04-15,10095.23828125,10095.23828125,9314.2861328125,9504.76171875,3828615
2021-04-16,10761.904296875,10761.904296875,9523.8095703125,10095.23828125,2327220
2021-04-19,11476.1904296875,11476.1904296875,11000.0,11000.0,1930320
2021-04-20,10714.2861328125,11904.76171875,10714.2861328125,11666.6669921875,3616935
2021-04-22,10000.0,10476.1904296875,10000.0,10476.1904296875,1318065
2021-04-23,9809.5234375,10047.619140625,9523.8095703125,9619.0478515625,522480
2021-04-26,9904.76171875,10095.23828125,9514.2861328125,9904.76171875,691635
2021-04-27,10190.4765625,10190.4765625,9809.5234375,10000.0,469665
2021-04-28,10857.142578125,10857.142578125,10142.857421875,10190.4765625,1529850
2021-04-29,11571.4287109375,11571.4287109375,10952.380859375,11047.619140625,3393705
2021-05-04,11095.23828125,11571.4287109375,11047.619140625,11523.8095703125,597555
2021-05-05,11095.23828125,11238.095703125,10476.1904296875,10809.5234375,1522710
2021-05-06,10571.4287109375,11047.619140625,10571.4287109375,10952.380859375,1239105
2021-05-07,10428.5712890625,10666.6669921875,10428.5712890625,10476.1904296875,443415
2021-05-10,11142.857421875,11142.857421875,10142.857421875,10333.3330078125,1569540
2021-05-11,11333.3330078125,11904.76171875,11238.095703125,11333.3330078125,3980235
2021-05-12,11428.5712890625,11714.2861328125,10904.76171875,11238.095703125,1846320
2021-05-13,11333.3330078125,11571.4287109375,10904.76171875,11238.095703125,1567755
2021-05-14,10952.380859375,11190.4765625,10571.4287109375,11047.619140625,1455930
2021-05-17,10904.76171875,11190.4765625,10666.6669921875,10761.904296875,1270920
2021-05-18,10238.095703125,10857.142578125,10238.095703125,10714.2861328125,1089375
2021-05-19,10476.1904296875,10571.4287109375,10000.0,10047.619140625,410235
2021-05-20,11190.4765625,11190.4765625,10190.4765625,10380.9521484375,2276610
2021-05-21,11428.5712890625,11857.142578125,11190.4765625,11285.7138671875,2124990
2021-05-24,11428.5712890625,11476.1904296875,11142.857421875,11476.1904296875,443835
2021-05-25,11285.7138671875,11523.8095703125,11095.23828125,11523.8095703125,324240
2021-05-26,11619.0478515625,11904.76171875,11000.0,11190.4765625,1455615
2021-05-27,12380.9521484375,12380.9521484375,11333.3330078125,11619.0478515625,2098635
2021-05-28,13238.095703125,13238.095703125,12476.1904296875,12476.1904296875,3157560
2021-05-31,13380.9521484375,13571.4287109375,12904.76171875,13285.7138671875,1209180
2021-06-01,13714.2861328125,14000.0,13190.4765625,13285.7138671875,1359750
2021-06-02,13904.76171875,13904.76171875,13142.857421875,13619.0478515625,1105020
2021-06-03,14857.142578125,14857.142578125,13476.1904296875,13952.380859375,2141160
2021-06-04,15523.8095703125,15619.0478515625,14476.1904296875,14904.76171875,2179590
2021-06-07,14857.142578125,15428.5712890625,14476.1904296875,15428.5712890625,1470840
2021-06-08,14571.4287109375,15380.9521484375,14238.095703125,14857.142578125,2501625
2021-06-09,14285.7138671875,15047.619140625,13904.76171875,14523.8095703125,2084355
2021-06-10,14000.0,14523.8095703125,14000.0,14380.9521484375,1262520
2021-06-11,13952.380859375,14000.0,13476.1904296875,14000.0,1181775
2021-06-14,13571.4287109375,14095.23828125,13333.3330078125,14000.0,1835599
2021-06-15,13238.095703125,13619.0478515625,12904.76171875,13523.8095703125,668640
2021-06-16,13428.5712890625,13523.8095703125,12380.9521484375,13238.095703125,1865850
2021-06-17,13380.9521484375,13380.9521484375,12761.904296875,13333.3330078125,1258110
2021-06-18,13809.5234375,13952.380859375,13238.095703125,13333.3330078125,1256850
2021-06-21,13666.6669921875,13857.142578125,13476.1904296875,13857.142578125,916860
2021-06-22,13000.0,13761.904296875,12952.380859375,13666.6669921875,1244040
2021-06-23,12761.904296875,12857.142578125,12428.5712890625,12666.6669921875,825195
2021-06-24,12380.9521484375,12666.6669921875,12333.3330078125,12666.6669921875,463470
2021-06-25,12857.142578125,12857.142578125,12238.095703125,12380.9521484375,433230
2021-06-28,12523.8095703125,12904.76171875,12428.5712890625,12904.76171875,349755
2021-06-29,12047.619140625,12571.4287109375,12047.619140625,12523.8095703125,761670
2021-06-30,11476.1904296875,12000.0,11380.9521484375,12000.0,965265
2021-07-01,11190.4765625,11523.8095703125,10857.142578125,11523.8095703125,1018080
2021-07-02,11238.095703125,11428.5712890625,10952.380859375,11238.095703125,486675
2021-07-05,10761.904296875,11285.7138671875,10714.2861328125,11285.7138671875,368655
2021-07-06,10285.7138671875,10761.904296875,10285.7138671875,10761.904296875,532770
2021-07-07,10380.9521484375,10380.9521484375,9666.6669921875,10000.0,318780
2021-07-08,10000.0,10428.5712890625,9857.142578125,10428.5712890625,208530
2021-07-09,10666.6669921875,10666.6669921875,10285.7138671875,10476.1904296875,2523570
2021-07-12,10904.76171875,11380.9521484375,10333.3330078125,11047.619140625,2768640
2021-07-13,10857.142578125,11047.619140625,10238.095703125,11000.0,697935
2021-07-14,10142.857421875,10571.4287109375,10142.857421875,10571.4287109375,1954890
2021-07-15,9447.619140625,9714.2861328125,9438.095703125,9619.0478515625,2894640
2021-07-16,8876.1904296875,9485.7138671875,8838.095703125,9476.1904296875,1507800
2021-07-19,8257.142578125,8380.9521484375,8257.142578125,8295.23828125,893550
2021-07-20,8266.6669921875,8571.4287109375,7714.28564453125,7761.90478515625,966210
2021-07-21,8114.28564453125,8742.857421875,8095.23828125,8266.6669921875,384825
2021-07-22,8476.1904296875,8657.142578125,8095.23828125,8123.8095703125,1781010
2021-07-23,8771.4287109375,8952.380859375,8295.23828125,8371.4287109375,1161930
2021-07-26,8609.5234375,8771.4287109375,8419.0478515625,8771.4287109375,975450
2021-07-27,8647.619140625,8885.7138671875,8419.0478515625,8571.4287109375,929040
2021-07-28,8447.619140625,8647.619140625,8428.5712890625,8647.619140625,258720
2021-07-29,8209.5234375,8523.8095703125,8171.4287109375,8371.4287109375,845880
2021-07-30,8238.095703125,8304.76171875,8000.0,8209.5234375,592725
2021-08-02,8314.2861328125,8761.904296875,8200.0,8361.904296875,832650
2021-08-03,8190.47607421875,8352.380859375,8095.23828125,8323.8095703125,1032570
2021-08-04,8504.76171875,8561.904296875,8200.0,8333.3330078125,1652910
2021-08-05,9095.23828125,9095.23828125,8485.7138671875,8723.8095703125,888405
2021-08-06,9714.2861328125,9714.2861328125,9571.4287109375,9714.2861328125,2260965
2021-08-09,10380.9521484375,10380.9521484375,9809.5234375,9809.5234375,4963665
2021-08-10,11095.23828125,11095.23828125,11047.619140625,11095.23828125,1126545
2021-08-11,11857.142578125,11857.142578125,11714.2861328125,11857.142578125,1490055
2021-08-12,11047.619140625,12571.4287109375,11047.619140625,12571.4287109375,7528185
2021-08-13,11095.23828125,11095.23828125,10285.7138671875,10619.0478515625,2864925
2021-08-16,11857.142578125,11857.142578125,11238.095703125,11619.0478515625,1273335
2021-08-17,11333.3330078125,12571.4287109375,11095.23828125,11857.142578125,4634385
2021-08-18,11190.4765625,11428.5712890625,11000.0,11095.23828125,1665090
2021-08-19,10571.4287109375,11142.857421875,10571.4287109375,11142.857421875,2779864
2021-08-20,10095.23828125,11285.7138671875,10095.23828125,10476.1904296875,7471485
2021-08-23,10761.904296875,10761.904296875,10000.0,10190.4765625,5292525
2021-08-24,10809.5234375,11238.095703125,10476.1904296875,11238.095703125,2004660
2021-08-25,10523.8095703125,10666.6669921875,10238.095703125,10619.0478515625,1252545
2021-08-26,10952.380859375,11095.23828125,10380.9521484375,10523.8095703125,2895270
2021-08-27,11000.0,11428.5712890625,11000.0,11095.23828125,2459625
2021-08-30,10666.6669921875,11142.857421875,10523.8095703125,11095.23828125,4289145
2021-08-31,10714.2861328125,11047.619140625,10428.5712890625,10571.4287109375,2134020
2021-09-01,11095.23828125,11142.857421875,10714.2861328125,10761.904296875,2916165
2021-09-06,11857.142578125,11857.142578125,11380.9521484375,11380.9521484375,1746885
2021-09-07,11428.5712890625,12571.4287109375,11428.5712890625,12571.4287109375,4681110
2021-09-08,11428.5712890625,11714.2861328125,11142.857421875,11142.857421875,2888865
2021-09-09,11714.2861328125,11904.76171875,11428.5712890625,11523.8095703125,2052645
2021-09-10,12047.619140625,12285.7138671875,11476.1904296875,11809.5234375,3518130
2021-09-13,11809.5234375,12380.9521484375,11714.2861328125,12380.9521484375,2604420
2021-09-14,11619.0478515625,12047.619140625,11476.1904296875,11809.5234375,1967070
2021-09-15,11428.5712890625,11619.0478515625,11285.7138671875,11476.1904296875,2024505
2021-09-16,11285.7138671875,11904.76171875,11190.4765625,11476.1904296875,2307060
2021-09-17,11428.5712890625,11714.2861328125,11190.4765625,11285.7138671875,2705640
2021-09-20,11476.1904296875,11761.904296875,11333.3330078125,11476.1904296875,2163945
2021-09-21,11190.4765625,11333.3330078125,10857.142578125,11095.23828125,2559585
2021-09-22,11952.380859375,11952.380859375,11047.619140625,11190.4765625,2930445
2021-09-23,11666.6669921875,12476.1904296875,11666.6669921875,12285.7138671875,4029480
2021-09-24,11523.8095703125,11857.142578125,11428.5712890625,11523.8095703125,1346730
2021-09-27,10761.904296875,11428.5712890625,10761.904296875,11428.5712890625,3212475
2021-09-28,10666.6669921875,10714.2861328125,10190.4765625,10380.9521484375,1891890
2021-09-29,10714.2861328125,10904.76171875,10380.9521484375,10714.2861328125,868770
2021-09-30,10714.2861328125,11047.619140625,10714.2861328125,10714.2861328125,898170
2021-10-01,10571.4287109375,10857.142578125,10476.1904296875,10666.6669921875,846300
2021-10-04,10380.9521484375,10571.4287109375,10380.9521484375,10476.1904296875,951825
2021-10-05,10666.6669921875,10714.2861328125,10476.1904296875,10571.4287109375,863625
2021-10-06,10761.904296875,10904.76171875,10619.0478515625,10714.2861328125,649215
2021-10-07,10809.5234375,11000.0,10619.0478515625,10714.2861328125,1381905
2021-10-08,11000.0,11142.857421875,10809.5234375,10809.5234375,1145025
2021-10-11,10857.142578125,11142.857421875,10857.142578125,11142.857421875,716520
2021-10-12,10857.142578125,10904.76171875,10619.0478515625,10857.142578125,893760
2021-10-13,10857.142578125,11000.0,10666.6669921875,10857.142578125,1055880
2021-10-14,10904.76171875,11000.0,10809.5234375,10857.142578125,793170
2021-10-15,11333.3330078125,11380.9521484375,11047.619140625,11047.619140625,2287320
2021-10-18,11095.23828125,11523.8095703125,11000.0,11428.5712890625,1470525
2021-10-19,11142.857421875,11333.3330078125,10952.380859375,11095.23828125,742245
2021-10-20,11523.8095703125,11714.2861328125,11047.619140625,11190.4765625,2975910
2021-10-21,12095.23828125,12095.23828125,11809.5234375,11857.142578125,4022025
2021-10-22,12857.142578125,12904.76171875,11904.76171875,12285.7138671875,5824770
2021-10-25,12190.4765625,13285.7138671875,12095.23828125,12904.76171875,7896735
2021-10-26,12380.9521484375,12666.6669921875,11571.4287109375,11714.2861328125,3160605
2021-10-27,12761.904296875,13190.4765625,12095.23828125,12190.4765625,4100250
2021-10-28,12428.5712890625,12761.904296875,12380.9521484375,12571.4287109375,2393055
2021-10-29,12666.6669921875,12809.5234375,12095.23828125,12476.1904296875,3874395
2021-11-01,12857.142578125,13095.23828125,12476.1904296875,12714.2861328125,3571050
2021-11-02,13714.2861328125,13714.2861328125,12904.76171875,12952.380859375,4286310
2021-11-03,12761.904296875,14619.0478515625,12761.904296875,13952.380859375,4748100
2021-11-04,13142.857421875,13333.3330078125,12285.7138671875,12523.8095703125,3029775
2021-11-05,13142.857421875,13571.4287109375,13047.619140625,13238.095703125,1709085
2021-11-08,13714.2861328125,13809.5234375,13142.857421875,13333.3330078125,3627855
2021-11-09,13285.7138671875,14047.619140625,13142.857421875,14047.619140625,2773785
2021-11-10,13904.76171875,14190.4765625,13047.619140625,13238.095703125,3944745
2021-11-11,13714.2861328125,14285.7138671875,13476.1904296875,14285.7138671875,3003315
2021-11-12,13904.76171875,14190.4765625,13380.9521484375,13714.2861328125,2221380
2021-11-15,14857.142578125,14857.142578125,14285.7138671875,14285.7138671875,4840920
2021-11-16,15142.857421875,15714.2861328125,14761.904296875,15047.619140625,3698415
2021-11-17,15523.8095703125,15714.2861328125,14761.904296875,15095.23828125,2965935
2021-11-18,16571.427734375,16571.427734375,15714.2861328125,15761.904296875,3145065
2021-11-19,16476.19140625,17571.427734375,15428.5712890625,17571.427734375,3972045
2021-11-22,15333.3330078125,16809.5234375,15333.3330078125,16666.666015625,3833340
2021-11-23,14571.4287109375,15285.7138671875,14285.7138671875,14761.904296875,3425625
2021-11-24,14809.5234375,15476.1904296875,14714.2861328125,14714.2861328125,1557360
2021-11-25,15142.857421875,15380.9521484375,14285.7138671875,14809.5234375,1678530
2021-11-26,14571.4287109375,15523.8095703125,14476.1904296875,15190.4765625,2009700
2021-11-29,14333.3330078125,14571.4287109375,13809.5234375,13809.5234375,2058210
2021-11-30,14857.142578125,15190.4765625,14476.1904296875,14476.1904296875,1823325
2021-12-01,15000.0,15190.4765625,14571.4287109375,14666.6669921875,1399230
2021-12-02,14952.380859375,15333.3330078125,14904.76171875,15238.095703125,1385160
2021-12-03,14095.23828125,14952.380859375,14095.23828125,14904.76171875,1794345
2021-12-06,13142.857421875,14095.23828125,13142.857421875,13857.142578125,2497425
2021-12-07,13190.4765625,13428.5712890625,12571.4287109375,13047.619140625,1139355
2021-12-08,13142.857421875,13428.5712890625,13047.619140625,13333.3330078125,1035300
2021-12-09,13571.4287109375,13666.6669921875,13142.857421875,13142.857421875,803040
2021-12-10,13333.3330078125,13619.0478515625,13190.4765625,13571.4287109375,713055
2021-12-13,13761.904296875,13809.5234375,13238.095703125,13380.9521484375,877590
2021-12-14,13619.0478515625,13857.142578125,13476.1904296875,13809.5234375,1068165
2021-12-15,13809.5234375,14095.23828125,13523.8095703125,13714.2861328125,987525
2021-12-16,13904.76171875,14047.619140625,13714.2861328125,13857.142578125,801990
2021-12-17,13857.142578125,14095.23828125,13857.142578125,14047.619140625,886095
2021-12-20,13428.5712890625,13809.5234375,13333.3330078125,13809.5234375,1061445
2021-12-21,13380.9521484375,13761.904296875,13333.3330078125,13428.5712890625,1074255
2021-12-22,13285.7138671875,13523.8095703125,13142.857421875,13523.8095703125,1445955
2021-12-23,12809.5234375,13333.3330078125,12571.4287109375,13285.7138671875,1648395
2021-12-24,13666.6669921875,13666.6669921875,12666.6669921875,12809.5234375,1402590
2021-12-27,13571.4287109375,13809.5234375,13333.3330078125,13809.5234375,984900
2021-12-28,13523.8095703125,13809.5234375,13380.9521484375,13523.8095703125,1045170
2021-12-29,13428.5712890625,13523.8095703125,13238.095703125,13523.8095703125,939855
2021-12-30,13714.2861328125,13952.380859375,13142.857421875,13333.3330078125,1278060
2021-12-31,14380.9521484375,14380.9521484375,13523.8095703125,14095.23828125,1806735
2022-01-04,14523.8095703125,14761.904296875,14380.9521484375,14714.2861328125,1643040
2022-01-05,14380.9521484375,14857.142578125,14380.9521484375,14571.4287109375,1946175
2022-01-06,14571.4287109375,14857.142578125,14190.4765625,14285.7138671875,1726200
2022-01-07,15571.4287109375,15571.4287109375,14380.9521484375,14666.6669921875,3910725
2022-01-10,15047.619140625,15952.380859375,15047.619140625,15952.380859375,2720970
2022-01-11,14476.1904296875,15238.095703125,14476.1904296875,14857.142578125,1492995
2022-01-12,13476.1904296875,14761.904296875,13476.1904296875,14285.7138671875,2672775
2022-01-13,12761.904296875,13761.904296875,12619.0478515625,13476.1904296875,1381590
2022-01-14,12952.380859375,13238.095703125,12428.5712890625,12476.1904296875,898695
2022-01-17,12047.619140625,13047.619140625,12047.619140625,12857.142578125,1014090
2022-01-18,11238.095703125,12047.619140625,11238.095703125,12000.0,1218420
2022-01-19,11047.619140625,11619.0478515625,10809.5234375,10952.380859375,800625
2022-01-20,11809.5234375,11809.5234375,11047.619140625,11047.619140625,525525
2022-01-21,11714.2861328125,12000.0,11571.4287109375,12000.0,414435
2022-01-24,10904.76171875,11714.2861328125,10904.76171875,11714.2861328125,978285
2022-01-25,10952.380859375,10952.380859375,10476.1904296875,10476.1904296875,750855
2022-01-26,10571.4287109375,11238.095703125,10476.1904296875,11142.857421875,504420
2022-01-27,10619.0478515625,10761.904296875,10523.8095703125,10761.904296875,259350
2022-01-28,10666.6669921875,10666.6669921875,10476.1904296875,10619.0478515625,435645
2022-02-07,11333.3330078125,11380.9521484375,10476.1904296875,10571.4287109375,1056615
2022-02-08,11333.3330078125,11523.8095703125,11238.095703125,11523.8095703125,381570
2022-02-09,11333.3330078125,11428.5712890625,11238.095703125,11285.7138671875,592305
2022-02-10,11285.7138671875,11285.7138671875,11000.0,11285.7138671875,1365945
2022-02-11,11095.23828125,11380.9521484375,11047.619140625,11285.7138671875,744135
2022-02-14,11190.4765625,11428.5712890625,10904.76171875,11000.0,740670
2022-02-15,11095.23828125,11238.095703125,10904.76171875,11190.4765625,430395
2022-02-16,11523.8095703125,11523.8095703125,11095.23828125,11142.857421875,750960
2022-02-17,11666.6669921875,11857.142578125,11619.0478515625,11619.0478515625,911505
2022-02-18,11761.904296875,11857.142578125,11428.5712890625,11428.5712890625,680400
2022-02-21,11904.76171875,11904.76171875,11619.0478515625,11761.904296875,712425
2022-02-22,11523.8095703125,11857.142578125,11285.7138671875,11714.2861328125,881790
2022-02-23,11714.2861328125,11857.142578125,11476.1904296875,11523.8095703125,595140
2022-02-24,11619.0478515625,12190.4765625,10952.380859375,11714.2861328125,1446795
2022-02-25,11619.0478515625,11857.142578125,11571.4287109375,11809.5234375,631785
2022-02-28,11619.0478515625,11714.2861328125,11523.8095703125,11714.2861328125,514605
2022-03-01,12095.23828125,12285.7138671875,11619.0478515625,11619.0478515625,1389360
2022-03-02,11809.5234375,12190.4765625,11714.2861328125,12095.23828125,673155
2022-03-03,12619.0478515625,12619.0478515625,11714.2861328125,11809.5234375,1720215
2022-03-04,12428.5712890625,12952.380859375,12428.5712890625,12952.380859375,1248240
2022-03-07,12476.1904296875,12523.8095703125,12047.619140625,12380.9521484375,980070
2022-03-08,11904.76171875,12380.9521484375,11904.76171875,12333.3330078125,1212330
2022-03-09,12142.857421875,12476.1904296875,11523.8095703125,11809.5234375,1184925
2022-03-10,12095.23828125,12380.9521484375,12047.619140625,12142.857421875,480690
2022-03-11,11809.5234375,12095.23828125,11809.5234375,12095.23828125,701400
2022-03-14,11428.5712890625,11714.2861328125,11285.7138671875,11666.6669921875,908355
2022-03-15,11428.5712890625,11571.4287109375,11285.7138671875,11285.7138671875,395745
2022-03-16,11428.5712890625,11619.0478515625,11333.3330078125,11333.3330078125,542010
2022-03-17,11619.0478515625,11714.2861328125,11476.1904296875,11523.8095703125,460845
2022-03-18,11666.6669921875,11761.904296875,11523.8095703125,11714.2861328125,494865
2022-03-21,11857.142578125,11904.76171875,11619.0478515625,11666.6669921875,644070
2022-03-22,11809.5234375,11857.142578125,11761.904296875,11761.904296875,636405
2022-03-23,12000.0,12285.7138671875,11809.5234375,11809.5234375,1273440
2022-03-24,12047.619140625,12095.23828125,11904.76171875,12000.0,613515
2022-03-25,11904.76171875,12142.857421875,11857.142578125,12142.857421875,812280
2022-03-28,11809.5234375,11857.142578125,11428.5712890625,11714.2861328125,1142190
2022-03-29,12047.619140625,12190.4765625,11714.2861328125,11714.2861328125,757995
2022-03-30,11619.0478515625,12000.0,11619.0478515625,12000.0,933345
2022-03-31,11476.1904296875,11809.5234375,11476.1904296875,11809.5234375,491400
2022-04-01,11571.4287109375,11619.0478515625,11238.095703125,11428.5712890625,566685
2022-04-04,11809.5234375,11904.76171875,11523.8095703125,11571.4287109375,480270
2022-04-05,12238.095703125,12333.3330078125,11809.5234375,11809.5234375,1197315
2022-04-06,11619.0478515625,12095.23828125,11428.5712890625,11904.76171875,3351600
2022-04-07,11333.3330078125,11714.2861328125,11142.857421875,11476.1904296875,742665
2022-04-08,10571.4287109375,11523.8095703125,10571.4287109375,11238.095703125,917700
2022-04-12,10333.3330078125,10857.142578125,9857.142578125,10571.4287109375,985215
2022-04-13,10666.6669921875,10666.6669921875,9952.380859375,10238.095703125,817530
2022-04-14,10619.0478515625,10904.76171875,10380.9521484375,10904.76171875,353115
2022-04-15,10380.9521484375,10428.5712890625,10142.857421875,10428.5712890625,496335
2022-04-18,9714.2861328125,10190.4765625,9666.6669921875,10190.4765625,711270
2022-04-19,9047.619140625,9571.4287109375,9038.095703125,9047.619140625,946155
2022-04-20,8666.6669921875,8761.904296875,8419.0478515625,8761.904296875,858480
2022-04-21,8095.23828125,8571.4287109375,8066.66650390625,8095.23828125,1106070
2022-04-22,8219.0478515625,8380.9521484375,7628.5712890625,7628.5712890625,409605
2022-04-25,8000.0,8571.4287109375,8000.0,8295.23828125,788445
2022-04-26,8047.619140625,8047.619140625,7457.14306640625,7619.0478515625,198450
2022-04-27,8285.7138671875,8380.9521484375,8028.5712890625,8095.23828125,147000
2022-04-28,8476.1904296875,8571.4287109375,8380.9521484375,8476.1904296875,414435
2022-04-29,8942.857421875,8980.9521484375,8761.904296875,8761.904296875,232995
2022-05-04,8628.5712890625,8895.23828125,8571.4287109375,8571.4287109375,457800
2022-05-05,8771.4287109375,8847.619140625,8619.0478515625,8628.5712890625,282660
2022-05-06,8428.5712890625,8657.142578125,8295.23828125,8295.23828125,548100
2022-05-09,7866.66650390625,8561.904296875,7847.619140625,8561.904296875,145320
2022-05-10,7619.0478515625,7800.0,7323.8095703125,7323.8095703125,149310
2022-05-11,7819.0478515625,7885.71435546875,7714.28564453125,7809.52392578125,89250
2022-05-12,7342.85693359375,7809.52392578125,7333.33349609375,7809.52392578125,253260
2022-05-13,6838.09521484375,7419.0478515625,6838.09521484375,6952.380859375,223440
2022-05-16,6571.4287109375,6942.85693359375,6504.76171875,6857.14306640625,287280
2022-05-17,7028.5712890625,7028.5712890625,6380.9521484375,6571.4287109375,425880
2022-05-18,7038.09521484375,7228.5712890625,6952.380859375,6952.380859375,169260
2022-05-19,6971.4287109375,7038.09521484375,6847.619140625,7038.09521484375,88725
2022-05-20,6914.28564453125,7047.619140625,6904.76171875,6961.90478515625,1225035
2022-05-23,7133.33349609375,7133.33349609375,6904.76171875,6923.8095703125,2337930
2022-05-24,7142.85693359375,7142.85693359375,6857.14306640625,7133.33349609375,115920
2022-05-25,7590.47607421875,7609.52392578125,7095.23828125,7095.23828125,315105
2022-05-26,7761.90478515625,7895.23828125,7514.28564453125,7514.28564453125,165690
2022-05-27,7752.380859375,7761.90478515625,7619.0478515625,7742.85693359375,128940
2022-05-30,8104.76171875,8104.76171875,7542.85693359375,7638.09521484375,386400
2022-05-31,8285.7138671875,8571.4287109375,7809.52392578125,7809.52392578125,400050
2022-06-01,8000.0,8371.4287109375,8000.0,8371.4287109375,79905
2022-06-02,7723.8095703125,8095.23828125,7714.28564453125,8000.0,120120
2022-06-03,7400.0,7704.76171875,7400.0,7619.0478515625,220710
2022-06-06,7238.09521484375,7428.5712890625,7238.09521484375,7428.5712890625,56070
2022-06-07,6952.380859375,7238.09521484375,6857.14306640625,7142.85693359375,158025
2022-06-08,7228.5712890625,7228.5712890625,6952.380859375,7047.619140625,109410
2022-06-09,7285.71435546875,7323.8095703125,7047.619140625,7228.5712890625,27405
2022-06-10,7066.66650390625,7428.5712890625,7047.619140625,7285.71435546875,903000
2022-06-13,6695.23828125,7123.8095703125,6666.66650390625,6857.14306640625,314895
2022-06-14,6685.71435546875,6761.90478515625,6666.66650390625,6714.28564453125,116550
2022-06-15,6419.0478515625,6704.76171875,6219.0478515625,6571.4287109375,165060
2022-06-16,6028.5712890625,6571.4287109375,6028.5712890625,6409.52392578125,108570
2022-06-17,5609.52392578125,5990.47607421875,5609.52392578125,5990.47607421875,257985
2022-06-20,5219.0478515625,5571.4287109375,5219.0478515625,5571.4287109375,143745
2022-06-21,4885.71435546875,5238.09521484375,4857.14306640625,5219.0478515625,273210
2022-06-22,5095.23828125,5095.23828125,4885.71435546875,4885.71435546875,539385
2022-06-23,5209.52392578125,5238.09521484375,5066.66650390625,5066.66650390625,49875
2022-06-24,5238.09521484375,5514.28564453125,5238.09521484375,5514.28564453125,105420
2022-06-27,5495.23828125,5495.23828125,5295.23828125,5333.33349609375,43785
2022-06-28,5666.66650390625,5704.76171875,5428.5712890625,5495.23828125,54285
2022-06-29,5857.14306640625,5857.14306640625,5285.71435546875,5285.71435546875,117915
2022-06-30,5647.619140625,5857.14306640625,5619.0478515625,5857.14306640625,33705
2022-07-01,5619.0478515625,5714.28564453125,5285.71435546875,5285.71435546875,33915
2022-07-04,5695.23828125,5809.52392578125,5619.0478515625,5619.0478515625,36855
2022-07-05,5704.76171875,5714.28564453125,5523.8095703125,5523.8095703125,203700
2022-07-06,5533.33349609375,5704.76171875,5476.1904296875,5704.76171875,31605
2022-07-07,5542.85693359375,5704.76171875,5352.380859375,5533.33349609375,42945
2022-07-08,5600.0,5714.28564453125,5533.33349609375,5704.76171875,77385
2022-07-11,5580.9521484375,5704.76171875,5333.33349609375,5704.76171875,53445
2022-07-12,5676.1904296875,5685.71435546875,5390.47607421875,5523.8095703125,42525
2022-07-13,6066.66650390625,6066.66650390625,5828.5712890625,5828.5712890625,164745
2022-07-14,6485.71435546875,6485.71435546875,6190.47607421875,6190.47607421875,239085
2022-07-15,6809.52392578125,6933.33349609375,6485.71435546875,6485.71435546875,285285
2022-07-18,6752.380859375,7000.0,6619.0478515625,7000.0,137445
2022-07-19,6552.380859375,6723.8095703125,6476.1904296875,6676.1904296875,137340
2022-07-20,6733.33349609375,6761.90478515625,6580.9521484375,6752.380859375,133980
2022-07-21,6761.90478515625,6809.52392578125,6666.66650390625,6733.33349609375,1278375
2022-07-22,6342.85693359375,6457.14306640625,6190.47607421875,6457.14306640625,1762425
2022-07-25,6352.380859375,6361.90478515625,6209.52392578125,6209.52392578125,84420
2022-07-26,6457.14306640625,6495.23828125,6209.52392578125,6209.52392578125,85260
2022-07-27,6466.66650390625,6485.71435546875,6380.9521484375,6380.9521484375,58695
2022-07-28,6571.4287109375,6628.5712890625,6476.1904296875,6485.71435546875,134715
2022-07-29,6552.380859375,6609.52392578125,6380.9521484375,6571.4287109375,81480
2022-08-01,6285.71435546875,6476.1904296875,6171.4287109375,6200.0,409290
2022-08-02,6380.9521484375,6428.5712890625,6247.619140625,6285.71435546875,231420
2022-08-03,6371.4287109375,6380.9521484375,6200.0,6361.90478515625,59955
2022-08-04,6342.85693359375,6380.9521484375,6276.1904296875,6342.85693359375,83160
2022-08-05,6342.85693359375,6342.85693359375,6228.5712890625,6342.85693359375,112140
2022-08-08,6780.9521484375,6780.9521484375,6314.28564453125,6314.28564453125,261765
2022-08-09,6819.0478515625,7142.85693359375,6790.47607421875,7142.85693359375,204540
2022-08-10,6866.66650390625,6876.1904296875,6666.66650390625,6847.619140625,206115
2022-08-11,6495.23828125,6866.66650390625,6485.71435546875,6866.66650390625,219555
2022-08-12,6761.90478515625,6809.52392578125,6400.0,6504.76171875,221025
2022-08-15,6761.90478515625,6828.5712890625,6704.76171875,6714.28564453125,211995
2022-08-16,6695.23828125,6800.0,6666.66650390625,6800.0,110670
2022-08-17,6666.66650390625,6790.47607421875,6571.4287109375,6790.47607421875,115710
2022-08-18,6571.4287109375,6666.66650390625,6533.33349609375,6666.66650390625,97755
2022-08-19,6571.4287109375,6666.66650390625,6485.71435546875,6571.4287109375,63945
2022-08-22,6685.71435546875,6876.1904296875,6485.71435546875,6485.71435546875,256410
2022-08-23,6742.85693359375,6847.619140625,6571.4287109375,6580.9521484375,134400
2022-08-24,7190.47607421875,7209.52392578125,6742.85693359375,6761.90478515625,784665
2022-08-25,7152.380859375,7514.28564453125,7095.23828125,7228.5712890625,141015
2022-08-26,6952.380859375,7142.85693359375,6952.380859375,7142.85693359375,134820
2022-08-29,6561.90478515625,6828.5712890625,6466.66650390625,6828.5712890625,479535
2022-08-30,6561.90478515625,6666.66650390625,6495.23828125,6495.23828125,109935
2022-08-31,6666.66650390625,6666.66650390625,6371.4287109375,6561.90478515625,92400
2022-09-05,6619.0478515625,6714.28564453125,6495.23828125,6666.66650390625,122640
2022-09-06,6619.0478515625,6666.66650390625,6447.619140625,6447.619140625,99015
2022-09-07,6161.90478515625,6485.71435546875,6161.90478515625,6476.1904296875,227955
2022-09-08,5809.52392578125,6190.47607421875,5809.52392578125,6190.47607421875,125475
2022-09-09,6114.28564453125,6114.28564453125,5809.52392578125,5809.52392578125,128835
2022-09-12,6085.71435546875,6142.85693359375,5695.23828125,5695.23828125,91350
2022-09-13,6066.66650390625,6076.1904296875,5819.0478515625,5819.0478515625,43365
2022-09-14,5923.8095703125,6066.66650390625,5809.52392578125,6066.66650390625,72030
2022-09-15,5914.28564453125,6190.47607421875,5914.28564453125,5914.28564453125,81060
2022-09-16,5885.71435546875,5933.33349609375,5828.5712890625,5904.76171875,31710
2022-09-19,5685.71435546875,5714.28564453125,5542.85693359375,5571.4287109375,97230
2022-09-20,5619.0478515625,5714.28564453125,5523.8095703125,5714.28564453125,29715
2022-09-21,5619.0478515625,5666.66650390625,5428.5712890625,5619.0478515625,25410
2022-09-22,5619.0478515625,5619.0478515625,5457.14306640625,5514.28564453125,43785
2022-09-23,5857.14306640625,5904.76171875,5523.8095703125,5666.66650390625,181755
2022-09-26,5666.66650390625,5809.52392578125,5619.0478515625,5809.52392578125,248745
2022-09-27,5714.28564453125,5809.52392578125,5619.0478515625,5666.66650390625,91245
2022-09-28,5714.28564453125,5809.52392578125,5619.0478515625,5619.0478515625,156975
2022-09-29,5666.66650390625,5714.28564453125,5628.5712890625,5714.28564453125,198450
2022-09-30,5523.8095703125,5704.76171875,5276.1904296875,5704.76171875,74865
2022-10-03,5142.85693359375,5342.85693359375,5142.85693359375,5238.09521484375,134610
2022-10-04,4809.52392578125,5152.380859375,4790.47607421875,5142.85693359375,75600
2022-10-05,4952.380859375,5047.619140625,4866.66650390625,4866.66650390625,31290
2022-10-06,4619.0478515625,5000.0,4619.0478515625,5000.0,50295
2022-10-07,4304.76171875,4609.52392578125,4304.76171875,4609.52392578125,123900
2022-10-10,4142.85693359375,4304.76171875,4009.52392578125,4114.28564453125,49980
2022-10-11,4038.09521484375,4123.8095703125,3857.142822265625,4123.8095703125,91665
2022-10-12,4190.47607421875,4200.0,3809.52392578125,4028.571533203125,83370
2022-10-13,4257.14306640625,4295.23828125,4123.8095703125,4190.47607421875,26565
2022-10-14,4333.33349609375,4485.71435546875,4285.71435546875,4457.14306640625,75915
2022-10-17,4342.85693359375,4371.4287109375,4190.47607421875,4342.85693359375,16590
2022-10-18,4295.23828125,4380.9521484375,4285.71435546875,4371.4287109375,34965
2022-10-19,4352.380859375,4361.90478515625,4047.619140625,4047.619140625,9240
2022-10-20,4238.09521484375,4238.09521484375,4142.85693359375,4190.47607421875,21210
2022-10-21,3942.857177734375,4257.14306640625,3942.857177734375,4257.14306640625,75915
2022-10-24,3676.1904296875,3809.52392578125,3676.1904296875,3809.52392578125,160230
2022-10-25,3666.666748046875,3714.28564453125,3419.047607421875,3676.1904296875,80535
2022-10-26,3761.90478515625,3809.52392578125,3666.666748046875,3666.666748046875,91665
2022-10-27,4000.0,4000.0,3761.90478515625,3771.428466796875,43260
2022-10-28,4047.619140625,4190.47607421875,4000.0,4190.47607421875,192675
2022-10-31,4000.0,4047.619140625,3790.47607421875,3790.47607421875,29085
2022-11-01,4047.619140625,4190.47607421875,3857.142822265625,3857.142822265625,40110
2022-11-02,4000.0,4028.571533203125,3809.52392578125,4028.571533203125,47775
2022-11-03,4152.380859375,4152.380859375,3809.52392578125,3809.52392578125,67410
2022-11-04,4000.0,4019.047607421875,3866.666748046875,4019.047607421875,44205
2022-11-07,3904.761962890625,4190.47607421875,3723.8095703125,4190.47607421875,117180
2022-11-08,4047.619140625,4047.619140625,3723.8095703125,3904.761962890625,14700
2022-11-09,4047.619140625,4047.619140625,3780.952392578125,3780.952392578125,11025
2022-11-10,3809.52392578125,3866.666748046875,3771.428466796875,3866.666748046875,23310
2022-11-11,3800.0,3809.52392578125,3542.857177734375,3666.666748046875,37485
2022-11-14,3961.90478515625,3980.952392578125,3542.857177734375,3571.428466796875,71925
2022-11-15,3685.71435546875,3800.0,3685.71435546875,3685.71435546875,59535
2022-11-16,3809.52392578125,3809.52392578125,3428.571533203125,3428.571533203125,61110
2022-11-17,3723.8095703125,3904.761962890625,3723.8095703125,3809.52392578125,79590
2022-11-18,3780.952392578125,3800.0,3619.047607421875,3733.333251953125,31605
2022-11-21,3685.71435546875,3895.238037109375,3676.1904296875,3676.1904296875,20055
2022-11-22,3761.90478515625,3885.71435546875,3714.28564453125,3780.952392578125,61215
2022-11-23,3714.28564453125,3809.52392578125,3685.71435546875,3809.52392578125,8820
2022-11-24,3685.71435546875,3809.52392578125,3619.047607421875,3695.238037109375,2520
2022-11-25,3809.52392578125,3809.52392578125,3714.28564453125,3714.28564453125,48510
2022-11-28,3980.952392578125,4000.0,3809.52392578125,3809.52392578125,118755
2022-11-29,4000.0,4047.619140625,3857.142822265625,3980.952392578125,65100
2022-11-30,4161.90478515625,4228.5712890625,3923.8095703125,3990.47607421875,94815
2022-12-01,4447.619140625,4447.619140625,4190.47607421875,4190.47607421875,233940
2022-12-02,4447.619140625,4571.4287109375,4285.71435546875,4457.14306640625,48930
2022-12-05,4504.76171875,4666.66650390625,4285.71435546875,4476.1904296875,125475
2022-12-06,4380.9521484375,4571.4287109375,4190.47607421875,4571.4287109375,140595
2022-12-07,4076.1904296875,4371.4287109375,4076.1904296875,4095.238037109375,152250
2022-12-08,4190.47607421875,4285.71435546875,4076.1904296875,4285.71435546875,76335
2022-12-09,4057.142822265625,4285.71435546875,4000.0,4257.14306640625,29400
2022-12-12,3980.952392578125,4190.47607421875,3980.952392578125,4000.0,50715
2022-12-13,3980.952392578125,3990.47607421875,3809.52392578125,3980.952392578125,21420
2022-12-14,3914.28564453125,4066.666748046875,3904.761962890625,4066.666748046875,95655
2022-12-15,3961.90478515625,3971.428466796875,3904.761962890625,3904.761962890625,19845
2022-12-16,3961.90478515625,3990.47607421875,3904.761962890625,3904.761962890625,38745
2022-12-19,3904.761962890625,4000.0,3904.761962890625,3961.90478515625,73710
2022-12-20,3895.238037109375,3971.428466796875,3647.619140625,3971.428466796875,30030
2022-12-21,3857.142822265625,3904.761962890625,3647.619140625,3895.238037109375,16275
2022-12-22,3800.0,3904.761962890625,3628.571533203125,3857.142822265625,19110
2022-12-23,3647.619140625,3800.0,3638.09521484375,3800.0,18480
2022-12-26,3647.619140625,3761.90478515625,3476.1904296875,3657.142822265625,25935
2022-12-27,3685.71435546875,3685.71435546875,3438.09521484375,3438.09521484375,11970
2022-12-28,3761.90478515625,3761.90478515625,3657.142822265625,3714.28564453125,10500
2022-12-29,3647.619140625,3761.90478515625,3580.952392578125,3761.90478515625,11445
2022-12-30,3714.28564453125,3790.47607421875,3619.047607421875,3771.428466796875,11760
2023-01-03,3780.952392578125,3780.952392578125,3666.666748046875,3714.28564453125,36120
2023-01-04,3733.333251953125,3809.52392578125,3733.333251953125,3761.90478515625,26985
2023-01-05,3780.952392578125,3847.619140625,3619.047607421875,3619.047607421875,23205
2023-01-06,3761.90478515625,3780.952392578125,3666.666748046875,3771.428466796875,7455
2023-01-09,3752.380859375,3857.142822265625,3676.1904296875,3857.142822265625,10185
2023-01-10,3790.47607421875,3790.47607421875,3619.047607421875,3657.142822265625,32760
2023-01-11,3714.28564453125,3714.28564453125,3600.0,3704.761962890625,38745
2023-01-12,3695.238037109375,3714.28564453125,3666.666748046875,3714.28564453125,12180
2023-01-13,3619.047607421875,3714.28564453125,3600.0,3600.0,14910
2023-01-16,3619.047607421875,3619.047607421875,3523.8095703125,3619.047607421875,14280
2023-01-17,3714.28564453125,3742.857177734375,3457.142822265625,3457.142822265625,12495
2023-01-18,3714.28564453125,3752.380859375,3457.142822265625,3495.238037109375,8715
2023-01-19,3761.90478515625,3790.47607421875,3552.380859375,3790.47607421875,38640
2023-01-27,3838.09521484375,3857.142822265625,3761.90478515625,3761.90478515625,62685
2023-01-30,3857.142822265625,3990.47607421875,3847.619140625,3885.71435546875,40425
2023-01-31,3838.09521484375,3857.142822265625,3714.28564453125,3857.142822265625,51870
2023-02-01,3742.857177734375,4000.0,3742.857177734375,3904.761962890625,179550
2023-02-02,3780.952392578125,3866.666748046875,3771.428466796875,3771.428466796875,67095
2023-02-03,3809.52392578125,3819.047607421875,3742.857177734375,3809.52392578125,30870
2023-02-06,3809.52392578125,3885.71435546875,3619.047607421875,3619.047607421875,38010
2023-02-07,3752.380859375,3847.619140625,3723.8095703125,3847.619140625,33075
2023-02-08,3752.380859375,3771.428466796875,3723.8095703125,3733.333251953125,15330
2023-02-09,3771.428466796875,3790.47607421875,3704.761962890625,3752.380859375,2940
2023-02-10,3771.428466796875,3790.47607421875,3685.71435546875,3771.428466796875,19845
2023-02-13,3523.8095703125,3771.428466796875,3523.8095703125,3714.28564453125,68250
2023-02-14,3523.8095703125,3619.047607421875,3380.952392578125,3571.428466796875,26880
2023-02-15,3514.28564453125,3571.428466796875,3428.571533203125,3438.09521484375,19845
2023-02-16,3571.428466796875,3571.428466796875,3476.1904296875,3514.28564453125,23835
2023-02-17,3600.0,3609.52392578125,3523.8095703125,3571.428466796875,38325
2023-02-20,3714.28564453125,3714.28564453125,3580.952392578125,3600.0,53970
2023-02-21,3742.857177734375,3752.380859375,3704.761962890625,3714.28564453125,52815
2023-02-22,3571.428466796875,3714.28564453125,3523.8095703125,3619.047607421875,50925
2023-02-23,3609.52392578125,3619.047607421875,3552.380859375,3552.380859375,44940
2023-02-24,3619.047607421875,3619.047607421875,3552.380859375,3552.380859375,32865
2023-02-27,3561.90478515625,3600.0,3447.619140625,3533.333251953125,65310
2023-02-28,3552.380859375,3561.90478515625,3476.1904296875,3561.90478515625,15015
2023-03-01,3495.238037109375,3571.428466796875,3495.238037109375,3523.8095703125,34545
2023-03-02,3523.8095703125,3676.1904296875,3485.71435546875,3676.1904296875,34545
2023-03-03,3533.333251953125,3552.380859375,3504.761962890625,3542.857177734375,86415
2023-03-06,3771.428466796875,3771.428466796875,3552.380859375,3704.761962890625,118125
2023-03-07,3676.1904296875,3761.90478515625,3628.571533203125,3704.761962890625,60060
2023-03-08,3714.28564453125,3733.333251953125,3619.047607421875,3619.047607421875,74235
2023-03-09,3809.52392578125,3838.09521484375,3676.1904296875,3714.28564453125,329805
2023-03-10,3790.47607421875,3895.238037109375,3761.90478515625,3895.238037109375,14805
2023-03-13,3666.666748046875,3790.47607421875,3628.571533203125,3790.47607421875,52290
2023-03-14,3523.8095703125,3666.666748046875,3523.8095703125,3666.666748046875,19005
2023-03-15,3619.047607421875,3704.761962890625,3514.28564453125,3533.333251953125,22575
2023-03-16,3590.47607421875,3628.571533203125,3571.428466796875,3619.047607421875,12180
2023-03-17,3609.52392578125,3609.52392578125,3533.333251953125,3533.333251953125,13755
2023-03-20,3523.8095703125,3666.666748046875,3371.428466796875,3609.52392578125,35805
2023-03-21,3571.428466796875,3609.52392578125,3390.47607421875,3390.47607421875,5985
2023-03-22,3571.428466796875,3619.047607421875,3476.1904296875,3476.1904296875,8925
2023-03-23,3571.428466796875,3571.428466796875,3523.8095703125,3523.8095703125,5880
2023-03-24,3571.428466796875,3657.142822265625,3523.8095703125,3657.142822265625,1470
2023-03-27,3590.47607421875,3590.47607421875,3438.09521484375,3476.1904296875,17430
2023-03-28,3514.28564453125,3666.666748046875,3485.71435546875,3619.047607421875,31290
2023-03-29,3523.8095703125,3523.8095703125,3457.142822265625,3457.142822265625,15540
2023-03-30,3552.380859375,3552.380859375,3428.571533203125,3523.8095703125,39900
2023-03-31,3552.380859375,3552.380859375,3476.1904296875,3523.8095703125,17010
2023-04-03,3571.428466796875,3571.428466796875,3476.1904296875,3476.1904296875,32865
2023-04-04,3619.047607421875,3647.619140625,3523.8095703125,3647.619140625,32445
2023-04-05,3647.619140625,3666.666748046875,3571.428466796875,3619.047607421875,44205
2023-04-06,3676.1904296875,3733.333251953125,3657.142822265625,3666.666748046875,154875
2023-04-07,3695.238037109375,3695.238037109375,3571.428466796875,3580.952392578125,120435
2023-04-10,3619.047607421875,3714.28564453125,3600.0,3714.28564453125,126420
2023-04-11,3647.619140625,3685.71435546875,3561.90478515625,3561.90478515625,19950
2023-04-12,3647.619140625,3657.142822265625,3533.333251953125,3647.619140625,5565
2023-04-13,3619.047607421875,3638.09521484375,3571.428466796875,3600.0,10920
2023-04-14,3580.952392578125,3619.047607421875,3542.857177734375,3590.47607421875,26880
2023-04-17,3571.428466796875,3600.0,3428.571533203125,3533.333251953125,45885
2023-04-18,3485.71435546875,3571.428466796875,3447.619140625,3571.428466796875,24570
2023-04-19,3514.28564453125,3523.8095703125,3476.1904296875,3485.71435546875,29715
2023-04-20,3542.857177734375,3552.380859375,3495.238037109375,3514.28564453125,1365
2023-04-21,3619.047607421875,3619.047607421875,3495.238037109375,3542.857177734375,26985
2023-04-24,3561.90478515625,3600.0,3476.1904296875,3600.0,53865
2023-04-25,3476.1904296875,3561.90478515625,3476.1904296875,3561.90478515625,35700
2023-04-26,3628.571533203125,3695.238037109375,3476.1904296875,3476.1904296875,162225
2023-04-27,3666.666748046875,3704.761962890625,3580.952392578125,3600.0,115605
2023-04-28,3714.28564453125,3809.52392578125,3619.047607421875,3619.047607421875,45150
2023-05-04,3704.761962890625,3714.28564453125,3619.047607421875,3619.047607421875,34335
2023-05-05,3961.90478515625,3961.90478515625,3704.761962890625,3704.761962890625,562275
2023-05-08,4180.9521484375,4190.47607421875,4038.09521484375,4190.47607421875,346500
2023-05-09,3933.333251953125,4190.47607421875,3904.761962890625,4190.47607421875,195930
2023-05-10,4200.0,4200.0,3942.857177734375,3980.952392578125,336000
2023-05-11,4114.28564453125,4295.23828125,4095.238037109375,4285.71435546875,137760
2023-05-12,4000.0,4152.380859375,3971.428466796875,4000.0,151200
2023-05-15,4190.47607421875,4276.1904296875,3980.952392578125,4000.0,201705
2023-05-16,4161.90478515625,4228.5712890625,4047.619140625,4095.238037109375,83895
2023-05-17,4161.90478515625,4219.0478515625,4095.238037109375,4180.9521484375,124320
2023-05-18,4142.85693359375,4190.47607421875,4038.09521484375,4038.09521484375,70560
2023-05-19,4028.571533203125,4133.33349609375,4009.52392578125,4133.33349609375,101325
2023-05-22,4057.142822265625,4066.666748046875,4009.52392578125,4028.571533203125,26880
2023-05-23,4228.5712890625,4333.33349609375,4057.142822265625,4057.142822265625,311010
2023-05-24,4228.5712890625,4285.71435546875,4190.47607421875,4228.5712890625,52605
2023-05-25,4095.238037109375,4219.0478515625,4019.047607421875,4019.047607421875,30555
2023-05-26,4142.85693359375,4171.4287109375,4000.0,4095.238037109375,65100
2023-05-29,4428.5712890625,4428.5712890625,4219.0478515625,4219.0478515625,378525
2023-05-30,4733.33349609375,4733.33349609375,4628.5712890625,4657.14306640625,574035
2023-05-31,5057.14306640625,5057.14306640625,4904.76171875,5057.14306640625,413910
2023-06-01,5333.33349609375,5400.0,5085.71435546875,5400.0,312795
2023-06-02,5361.90478515625,5428.5712890625,5142.85693359375,5142.85693359375,549150
2023-06-05,5314.28564453125,5704.76171875,5238.09521484375,5704.76171875,210105
2023-06-06,5409.52392578125,5428.5712890625,5047.619140625,5047.619140625,150465
2023-06-07,5485.71435546875,5485.71435546875,5285.71435546875,5409.52392578125,281085
2023-06-08,5619.0478515625,5714.28564453125,5390.47607421875,5390.47607421875,301560
2023-06-09,5504.76171875,5704.76171875,5438.09521484375,5619.0478515625,97755
2023-06-12,5809.52392578125,5885.71435546875,5447.619140625,5447.619140625,314895
2023-06-13,5733.33349609375,5885.71435546875,5733.33349609375,5885.71435546875,96390
2023-06-14,5704.76171875,5876.1904296875,5476.1904296875,5714.28564453125,169155
2023-06-15,5400.0,5714.28564453125,5380.9521484375,5704.76171875,48930
2023-06-16,5333.33349609375,5619.0478515625,5047.619140625,5400.0,102480
2023-06-19,4961.90478515625,5238.09521484375,4961.90478515625,5133.33349609375,273000
2023-06-20,5019.0478515625,5209.52392578125,4904.76171875,5209.52392578125,105735
2023-06-21,5133.33349609375,5238.09521484375,5057.14306640625,5057.14306640625,174405
2023-06-22,5133.33349609375,5333.33349609375,5095.23828125,5333.33349609375,131985
2023-06-23,4895.23828125,5190.47607421875,4866.66650390625,5133.33349609375,229005
2023-06-26,4761.90478515625,5047.619140625,4561.90478515625,4857.14306640625,262185
2023-06-27,4761.90478515625,5047.619140625,4761.90478515625,5047.619140625,76965
2023-06-28,4857.14306640625,4914.28564453125,4761.90478515625,4761.90478515625,94710
2023-06-29,4800.0,4952.380859375,4771.4287109375,4800.0,299040
2023-06-30,4800.0,4914.28564453125,4761.90478515625,4914.28564453125,38955
2023-07-03,4800.0,4847.619140625,4771.4287109375,4771.4287109375,25095
2023-07-04,4838.09521484375,4847.619140625,4790.47607421875,4790.47607421875,55230
2023-07-05,4761.90478515625,4866.66650390625,4628.5712890625,4838.09521484375,134610
2023-07-06,4761.90478515625,4857.14306640625,4676.1904296875,4761.90478515625,78330
2023-07-07,4752.380859375,4752.380859375,4666.66650390625,4685.71435546875,24150
2023-07-10,4761.90478515625,4761.90478515625,4723.8095703125,4752.380859375,143430
2023-07-11,4809.52392578125,5000.0,4761.90478515625,4761.90478515625,144690
2023-07-12,4742.85693359375,4857.14306640625,4733.33349609375,4780.9521484375,189105
2023-07-13,4771.4287109375,4857.14306640625,4733.33349609375,4838.09521484375,136815
2023-07-14,4771.4287109375,4800.0,4733.33349609375,4761.90478515625,238875
2023-07-17,4933.33349609375,4971.4287109375,4790.47607421875,4857.14306640625,179025
2023-07-18,4885.71435546875,4952.380859375,4876.1904296875,4933.33349609375,70350
2023-07-19,5219.0478515625,5219.0478515625,4885.71435546875,4895.23828125,556920
2023-07-20,5580.9521484375,5580.9521484375,5580.9521484375,5580.9521484375,370545
2023-07-21,5476.1904296875,5971.4287109375,5428.5712890625,5971.4287109375,629055
2023-07-24,5476.1904296875,5619.0478515625,5257.14306640625,5619.0478515625,284655
2023-07-25,5485.71435546875,5609.52392578125,5380.9521484375,5609.52392578125,157815
2023-07-26,5476.1904296875,5580.9521484375,5419.0478515625,5428.5712890625,205065
2023-07-27,5285.71435546875,5523.8095703125,5257.14306640625,5523.8095703125,286230
2023-07-28,5647.619140625,5647.619140625,5647.619140625,5647.619140625,82215
2023-07-31,6038.09521484375,6038.09521484375,6038.09521484375,6038.09521484375,158025
2023-08-01,6457.14306640625,6457.14306640625,6457.14306640625,6457.14306640625,248115
2023-08-02,6904.76171875,6904.76171875,6028.5712890625,6857.14306640625,2666790
2023-08-03,7380.9521484375,7380.9521484375,7380.9521484375,7380.9521484375,476700
2023-08-04,7895.23828125,7895.23828125,7895.23828125,7895.23828125,273735
2023-08-07,8447.619140625,8447.619140625,8447.619140625,8447.619140625,191625
2023-08-08,9038.095703125,9038.095703125,9038.095703125,9038.095703125,238245
2023-08-09,9380.9521484375,9666.6669921875,9038.095703125,9666.6669921875,5821305
2023-08-10,9323.8095703125,9619.0478515625,8857.142578125,9380.9521484375,1630860
2023-08-11,9238.095703125,9514.2861328125,8676.1904296875,9342.857421875,2404710
2023-08-14,9514.2861328125,9714.2861328125,8904.76171875,9342.857421875,1582665
2023-08-15,9504.76171875,9666.6669921875,9238.095703125,9666.6669921875,908775
2023-08-16,10142.857421875,10142.857421875,9333.3330078125,9514.2861328125,1469790
2023-08-17,10809.5234375,10809.5234375,10476.1904296875,10809.5234375,3114930
2023-08-18,10761.904296875,11523.8095703125,10571.4287109375,10571.4287109375,3422160
2023-08-21,10047.619140625,11142.857421875,10047.619140625,11047.619140625,2300340
2023-08-22,9809.5234375,10190.4765625,9352.380859375,10095.23828125,1083390
2023-08-23,10476.1904296875,10476.1904296875,10095.23828125,10095.23828125,1842645
2023-08-24,10952.380859375,10952.380859375,10285.7138671875,10857.142578125,1023015
2023-08-25,10904.76171875,11523.8095703125,10809.5234375,10952.380859375,1325205
2023-08-28,11142.857421875,11285.7138671875,10666.6669921875,11047.619140625,929355
2023-08-29,11000.0,11238.095703125,10666.6669921875,11190.4765625,1277010
2023-08-30,11047.619140625,11142.857421875,10285.7138671875,10285.7138671875,954660
2023-08-31,11238.095703125,11238.095703125,10809.5234375,11142.857421875,1293075
2023-09-05,12000.0,12000.0,11523.8095703125,11619.0478515625,1461390
2023-09-06,12333.3330078125,12666.6669921875,11952.380859375,12333.3330078125,2033850
2023-09-07,12285.7138671875,12333.3330078125,11809.5234375,12333.3330078125,1373400
2023-09-08,12047.619140625,12238.095703125,11904.76171875,12238.095703125,1881495
2023-09-11,11238.095703125,12428.5712890625,11238.095703125,12047.619140625,1501395
2023-09-12,11857.142578125,11857.142578125,10952.380859375,11238.095703125,1176105
2023-09-13,11428.5712890625,11904.76171875,11333.3330078125,11809.5234375,815430
2023-09-14,10857.142578125,11666.6669921875,10857.142578125,11428.5712890625,876855
2023-09-15,10761.904296875,11142.857421875,10666.6669921875,10857.142578125,744870
2023-09-18,10142.857421875,10666.6669921875,10047.619140625,10666.6669921875,1445745
2023-09-19,9857.142578125,10428.5712890625,9666.6669921875,10285.7138671875,918330
2023-09-20,10523.8095703125,10523.8095703125,9809.5234375,9904.76171875,996345
2023-09-21,10428.5712890625,10952.380859375,10380.9521484375,10523.8095703125,556920
2023-09-22,9714.2861328125,10142.857421875,9714.2861328125,9857.142578125,1553895
2023-09-25,9038.095703125,9809.5234375,9038.095703125,9428.5712890625,655935
2023-09-26,8409.5234375,9095.23828125,8409.5234375,8476.1904296875,826665
2023-09-27,8571.4287109375,8761.904296875,7828.5712890625,8571.4287109375,1280895
2023-09-28,8390.4765625,9104.76171875,8380.9521484375,8742.857421875,555975
2023-09-29,8266.6669921875,8761.904296875,8266.6669921875,8428.5712890625,601335
2023-10-02,8571.4287109375,8657.142578125,8276.1904296875,8276.1904296875,449820
2023-10-03,7971.4287109375,8476.1904296875,7971.4287109375,8476.1904296875,497595
2023-10-04,8180.9521484375,8257.142578125,7438.09521484375,7933.33349609375,523845
2023-10-05,7828.5712890625,8371.4287109375,7809.52392578125,8371.4287109375,221130
2023-10-06,8000.0,8095.23828125,7285.71435546875,7828.5712890625,429975
2023-10-09,8133.33349609375,8180.9521484375,7761.90478515625,7761.90478515625,254205
2023-10-10,8695.23828125,8695.23828125,8200.0,8323.8095703125,581070
2023-10-11,9095.23828125,9285.7138671875,8761.904296875,9285.7138671875,616770
2023-10-12,8914.2861328125,9257.142578125,8914.2861328125,9095.23828125,387660
2023-10-13,8923.8095703125,9161.904296875,8761.904296875,8904.76171875,324030
2023-10-16,8676.1904296875,8952.380859375,8666.6669921875,8923.8095703125,340515
2023-10-17,8571.4287109375,8866.6669921875,8571.4287109375,8866.6669921875,267855
2023-10-18,8095.23828125,8571.4287109375,7971.4287109375,8457.142578125,772800
2023-10-19,7904.76171875,8180.9521484375,7628.5712890625,8180.9521484375,472290
2023-10-20,8085.71435546875,8085.71435546875,7523.8095703125,7904.76171875,472815
2023-10-23,7828.5712890625,8028.5712890625,7819.0478515625,8000.0,446145
2023-10-24,7857.14306640625,8057.14306640625,7619.0478515625,7809.52392578125,179025
2023-10-25,8095.23828125,8190.47607421875,7857.14306640625,7895.23828125,250320
2023-10-26,7533.33349609375,7723.8095703125,7533.33349609375,7714.28564453125,1365210
2023-10-27,7619.0478515625,7714.28564453125,7428.5712890625,7533.33349609375,379470
2023-10-30,7685.71435546875,7961.90478515625,7619.0478515625,7761.90478515625,303030
2023-10-31,7152.380859375,7733.33349609375,7152.380859375,7638.09521484375,340620
2023-11-01,7523.8095703125,7523.8095703125,6666.66650390625,7333.33349609375,303030
2023-11-02,8038.09521484375,8047.619140625,7209.52392578125,7580.9521484375,547260
2023-11-03,7780.9521484375,8095.23828125,7761.90478515625,8095.23828125,233730
2023-11-06,7619.0478515625,7800.0,7571.4287109375,7761.90478515625,220395
2023-11-07,7847.619140625,7952.380859375,7514.28564453125,7523.8095703125,341880
2023-11-08,8285.7138671875,8333.3330078125,7752.380859375,7971.4287109375,457275
2023-11-09,8742.857421875,8809.5234375,8333.3330078125,8561.904296875,743820
2023-11-10,8733.3330078125,8942.857421875,8476.1904296875,8571.4287109375,1850100
2023-11-13,8476.1904296875,8828.5712890625,8333.3330078125,8666.6669921875,434595
2023-11-14,9066.6669921875,9066.6669921875,8533.3330078125,8533.3330078125,1719585
2023-11-15,9666.6669921875,9666.6669921875,9504.76171875,9523.8095703125,967050
2023-11-16,9466.6669921875,9904.76171875,9304.76171875,9714.2861328125,1222830
2023-11-17,8952.380859375,9666.6669921875,8952.380859375,9666.6669921875,1530270
2023-11-20,8876.1904296875,9076.1904296875,8600.0,8847.619140625,836430
2023-11-21,9142.857421875,9228.5712890625,8952.380859375,9219.0478515625,359520
2023-11-22,9171.4287109375,9180.9521484375,8571.4287109375,9142.857421875,767865
2023-11-23,8952.380859375,9390.4765625,8952.380859375,9390.4765625,982695
2023-11-24,8838.095703125,8885.7138671875,8523.8095703125,8866.6669921875,715785
2023-11-27,8628.5712890625,8838.095703125,8628.5712890625,8838.095703125,374745
2023-11-28,8523.8095703125,8714.2861328125,8190.47607421875,8580.9521484375,509880
2023-11-29,8714.2861328125,8714.2861328125,8580.9521484375,8714.2861328125,254940
2023-11-30,8657.142578125,8857.142578125,8657.142578125,8733.3330078125,246645
2023-12-01,8714.2861328125,8761.904296875,8523.8095703125,8723.8095703125,301980
2023-12-04,9066.6669921875,9247.619140625,8676.1904296875,8676.1904296875,786030
2023-12-05,9085.7138671875,9209.5234375,9009.5234375,9047.619140625,546525
2023-12-06,9142.857421875,9238.095703125,8961.904296875,9085.7138671875,472185
2023-12-07,9428.5712890625,9761.904296875,9152.380859375,9276.1904296875,1641255
2023-12-08,9238.095703125,9523.8095703125,9142.857421875,9285.7138671875,368550
2023-12-11,9095.23828125,9238.095703125,9019.0478515625,9238.095703125,445935
2023-12-12,9019.0478515625,9200.0,9000.0,9200.0,358155
2023-12-13,9038.095703125,9314.2861328125,9000.0,9038.095703125,721275
2023-12-14,9000.0,9142.857421875,8857.142578125,9057.142578125,276360
2023-12-15,8942.857421875,9009.5234375,8695.23828125,8876.1904296875,176610
2023-12-18,8733.3330078125,8952.380859375,8714.2861328125,8952.380859375,271740
2023-12-19,8714.2861328125,8790.4765625,8523.8095703125,8685.7138671875,364455
2023-12-20,8752.380859375,8809.5234375,8723.8095703125,8723.8095703125,122325
2023-12-21,8676.1904296875,8761.904296875,8657.142578125,8666.6669921875,270375
2023-12-22,8666.6669921875,8800.0,8619.0478515625,8676.1904296875,155190
2023-12-25,8676.1904296875,8809.5234375,8676.1904296875,8685.7138671875,221550
2023-12-26,8685.7138671875,8809.5234375,8685.7138671875,8809.5234375,190575
2023-12-27,9038.095703125,9142.857421875,8771.4287109375,8771.4287109375,610155
2023-12-28,9019.0478515625,9142.857421875,9000.0,9095.23828125,393330
2023-12-29,8952.380859375,9123.8095703125,8952.380859375,9028.5712890625,368445
2024-01-02,8666.6669921875,9076.1904296875,8666.6669921875,9076.1904296875,841890
2024-01-03,8695.23828125,8733.3330078125,8590.4765625,8647.619140625,503580
2024-01-04,8733.3330078125,8847.619140625,8714.2861328125,8714.2861328125,328545
2024-01-05,8657.142578125,8819.0478515625,8628.5712890625,8819.0478515625,322980
2024-01-08,8742.857421875,8780.9521484375,8657.142578125,8695.23828125,399000
2024-01-09,8676.1904296875,8742.857421875,8647.619140625,8742.857421875,257670
2024-01-10,8638.095703125,8723.8095703125,8638.095703125,8676.1904296875,400680
2024-01-11,8914.2861328125,9123.8095703125,8638.095703125,8638.095703125,710220
2024-01-12,8733.3330078125,8904.76171875,8714.2861328125,8904.76171875,294945
2024-01-15,8714.2861328125,8828.5712890625,8714.2861328125,8771.4287109375,295470
2024-01-16,8723.8095703125,8828.5712890625,8695.23828125,8828.5712890625,127890
2024-01-17,8714.2861328125,8857.142578125,8714.2861328125,8857.142578125,248115
2024-01-18,8714.2861328125,8800.0,8685.7138671875,8714.2861328125,283500
2024-01-19,8733.3330078125,8819.0478515625,8714.2861328125,8761.904296875,282240
2024-01-22,8742.857421875,8790.4765625,8666.6669921875,8780.9521484375,259245
2024-01-23,8695.23828125,8742.857421875,8695.23828125,8742.857421875,92085
2024-01-24,8704.76171875,8752.380859375,8676.1904296875,8695.23828125,271845
2024-01-25,8638.095703125,8723.8095703125,8638.095703125,8704.76171875,97230
2024-01-26,8666.6669921875,8752.380859375,8628.5712890625,8752.380859375,103425
2024-01-29,8619.0478515625,8771.4287109375,8619.0478515625,8666.6669921875,168525
2024-01-30,8666.6669921875,8695.23828125,8552.380859375,8628.5712890625,212205
2024-01-31,8066.66650390625,8561.904296875,8066.66650390625,8561.904296875,1044960
2024-02-01,7504.76171875,7904.76171875,7504.76171875,7666.66650390625,1288875
2024-02-02,7409.52392578125,7485.71435546875,7171.4287109375,7171.4287109375,251790
2024-02-05,7571.4287109375,7714.28564453125,7333.33349609375,7390.47607421875,263130
2024-02-06,7514.28564453125,7580.9521484375,7485.71435546875,7580.9521484375,339675
2024-02-07,7523.8095703125,7609.52392578125,7428.5712890625,7428.5712890625,105420
2024-02-15,7638.09521484375,7638.09521484375,7552.380859375,7552.380859375,114030
2024-02-16,7628.5712890625,7714.28564453125,7619.0478515625,7695.23828125,249375
2024-02-19,7790.47607421875,7819.0478515625,7523.8095703125,7695.23828125,428505
2024-02-20,7914.28564453125,8019.0478515625,7742.85693359375,7809.52392578125,257670
2024-02-21,7904.76171875,7980.9521484375,7885.71435546875,7904.76171875,213150
2024-02-22,8047.619140625,8114.28564453125,7904.76171875,7971.4287109375,278040
2024-02-23,8152.380859375,8428.5712890625,8000.0,8123.8095703125,1111635
2024-02-26,8428.5712890625,8428.5712890625,8066.66650390625,8066.66650390625,549045
2024-02-27,8752.380859375,8838.095703125,8504.76171875,8504.76171875,440265
2024-02-28,8647.619140625,8809.5234375,8638.095703125,8809.5234375,311220
2024-02-29,8752.380859375,8809.5234375,8647.619140625,8647.619140625,450030
2024-03-01,8761.904296875,8819.0478515625,8619.0478515625,8714.2861328125,354585
2024-03-04,8923.8095703125,8942.857421875,8742.857421875,8761.904296875,477960
2024-03-05,8980.9521484375,9000.0,8685.7138671875,8685.7138671875,387555
2024-03-06,9095.23828125,9209.5234375,8952.380859375,8952.380859375,571410
2024-03-07,9419.0478515625,9495.23828125,9095.23828125,9142.857421875,637980
2024-03-08,9095.23828125,9514.2861328125,9095.23828125,9447.619140625,575715
2024-03-11,8733.3330078125,9095.23828125,8733.3330078125,9057.142578125,333165
2024-03-12,9333.3330078125,9333.3330078125,8676.1904296875,8676.1904296875,473655
2024-03-13,9371.4287109375,9438.095703125,9142.857421875,9142.857421875,241185
2024-03-14,9047.619140625,9466.6669921875,9047.619140625,9447.619140625,205590
2024-03-15,9228.5712890625,9390.4765625,9152.380859375,9152.380859375,504840
2024-03-18,9095.23828125,9333.3330078125,8761.904296875,9228.5712890625,359625
2024-03-19,9047.619140625,9304.76171875,8990.4765625,9066.6669921875,43470
2024-03-20,8961.904296875,9085.7138671875,8857.142578125,9047.619140625,62370
2024-03-21,9028.5712890625,9209.5234375,8971.4287109375,8980.9521484375,117810
2024-03-22,9076.1904296875,9228.5712890625,9019.0478515625,9028.5712890625,152250
2024-03-25,9085.7138671875,9228.5712890625,8952.380859375,9114.2861328125,64785
2024-03-26,9076.1904296875,9142.857421875,9028.5712890625,9142.857421875,111510
2024-03-27,9028.5712890625,9095.23828125,9028.5712890625,9028.5712890625,91980
2024-03-28,8895.23828125,9057.142578125,8866.6669921875,9047.619140625,105210
2024-03-29,9047.619140625,9114.2861328125,8809.5234375,8809.5234375,129990
2024-04-01,9000.0,9095.23828125,9000.0,9000.0,127155
2024-04-02,9028.5712890625,9066.6669921875,8904.76171875,8980.9521484375,162645
2024-04-03,9095.23828125,9200.0,8904.76171875,8933.3330078125,402255
2024-04-04,9333.3330078125,9333.3330078125,9000.0,9104.76171875,408975
2024-04-05,9952.380859375,9952.380859375,9238.095703125,9428.5712890625,1544025
2024-04-08,9476.1904296875,10428.5712890625,9438.095703125,10000.0,407190
2024-04-09,8952.380859375,9476.1904296875,8904.76171875,9380.9521484375,411600
2024-04-10,9000.0,9085.7138671875,8933.3330078125,9085.7138671875,363090
2024-04-11,9142.857421875,9142.857421875,8723.8095703125,8904.76171875,235515
2024-04-12,9000.0,9238.095703125,8961.904296875,9190.4765625,203700
2024-04-15,8371.4287109375,9200.0,8371.4287109375,8914.2861328125,451290
2024-04-16,8542.857421875,8571.4287109375,8000.0,8361.904296875,279090
2024-04-17,8485.7138671875,8571.4287109375,8380.9521484375,8542.857421875,113820
2024-04-19,7990.47607421875,8476.1904296875,7952.380859375,8209.5234375,208635
2024-04-22,8342.857421875,8476.1904296875,8019.0478515625,8476.1904296875,97440
2024-04-23,8342.857421875,8542.857421875,8247.619140625,8247.619140625,94185
2024-04-24,8704.76171875,8761.904296875,8342.857421875,8342.857421875,33705
2024-04-25,8666.6669921875,8761.904296875,8400.0,8761.904296875,10080
2024-04-26,8400.0,8657.142578125,8380.9521484375,8657.142578125,28875
2024-05-02,8476.1904296875,8495.23828125,8161.90478515625,8285.7138671875,34440
2024-05-03,8552.380859375,8571.4287109375,8238.095703125,8476.1904296875,57540
2024-05-06,8571.4287109375,8714.2861328125,8380.9521484375,8380.9521484375,95865
2024-05-07,8704.76171875,8723.8095703125,8400.0,8571.4287109375,42840
2024-05-08,8552.380859375,8761.904296875,8523.8095703125,8704.76171875,50295
2024-05-09,8590.4765625,8714.2861328125,8438.095703125,8571.4287109375,85890
2024-05-10,8580.9521484375,8742.857421875,8580.9521484375,8590.4765625,76125
2024-05-13,8571.4287109375,8600.0,8476.1904296875,8580.9521484375,55860
2024-05-14,8752.380859375,8780.9521484375,8504.76171875,8571.4287109375,93450
2024-05-15,8590.4765625,8761.904296875,8571.4287109375,8761.904296875,59220
2024-05-16,8600.0,8733.3330078125,8600.0,8723.8095703125,105525
2024-05-17,8666.6669921875,8714.2861328125,8000.0,8619.0478515625,91560
2024-05-20,8742.857421875,8771.4287109375,8571.4287109375,8752.380859375,175140
2024-05-21,8580.9521484375,8723.8095703125,8571.4287109375,8723.8095703125,195300
2024-05-22,8571.4287109375,8742.857421875,8523.8095703125,8742.857421875,98595
2024-05-23,8647.619140625,8657.142578125,8371.4287109375,8571.4287109375,68565
2024-05-24,8542.857421875,8580.9521484375,8380.9521484375,8571.4287109375,74550
2024-05-27,8714.2861328125,8714.2861328125,8428.5712890625,8428.5712890625,45780
2024-05-28,8628.5712890625,8714.2861328125,8609.5234375,8619.0478515625,75810
2024-05-29,8847.619140625,9028.5712890625,8523.8095703125,8580.9521484375,355845
2024-05-30,8761.904296875,8942.857421875,8619.0478515625,8866.6669921875,126525
2024-05-31,8761.904296875,8952.380859375,8666.6669921875,8876.1904296875,135975
2024-06-03,8723.8095703125,8800.0,8704.76171875,8771.4287109375,183750
2024-06-04,8723.8095703125,8771.4287109375,8666.6669921875,8723.8095703125,136185
2024-06-05,8600.0,8752.380859375,8590.4765625,8752.380859375,212310
2024-06-06,8542.857421875,8647.619140625,8533.3330078125,8609.5234375,121590
2024-06-07,8504.76171875,8685.7138671875,8504.76171875,8533.3330078125,85155
2024-06-10,8771.4287109375,8933.3330078125,8523.8095703125,8590.4765625,375480
2024-06-11,8609.5234375,8771.4287109375,8609.5234375,8771.4287109375,85785
2024-06-12,8628.5712890625,8761.904296875,8600.0,8761.904296875,117810
2024-06-13,8533.3330078125,8638.095703125,8438.095703125,8638.095703125,188685
2024-06-14,8514.2861328125,8619.0478515625,8428.5712890625,8533.3330078125,122010
2024-06-17,8495.23828125,8552.380859375,8095.23828125,8428.5712890625,1790460
2024-06-18,8523.8095703125,8666.6669921875,8380.9521484375,8495.23828125,1502025
2024-06-19,8600.0,8723.8095703125,8400.0,8723.8095703125,2016525
2024-06-20,8580.9521484375,8704.76171875,8523.8095703125,8704.76171875,1924933
2024-06-21,8523.8095703125,8590.4765625,8523.8095703125,8580.9521484375,49665
2024-06-24,8333.3330078125,8523.8095703125,8295.23828125,8390.4765625,220815
2024-06-25,8333.3330078125,8523.8095703125,8285.7138671875,8333.3330078125,72030
2024-06-26,8380.9521484375,8561.904296875,8323.8095703125,8561.904296875,47775
2024-06-27,8238.095703125,8561.904296875,8238.095703125,8380.9521484375,29190
2024-06-28,8238.095703125,8285.7138671875,8190.47607421875,8285.7138671875,59010
2024-07-01,8571.4287109375,8571.4287109375,8161.90478515625,8180.9521484375,39060
2024-07-02,8514.2861328125,8552.380859375,8304.76171875,8552.380859375,28665
2024-07-03,8380.9521484375,8552.380859375,8333.3330078125,8552.380859375,51660
2024-07-04,8323.8095703125,8466.6669921875,8285.7138671875,8466.6669921875,73815
2024-07-05,8285.7138671875,8476.1904296875,8238.095703125,8333.3330078125,62265
2024-07-08,8247.619140625,8371.4287109375,8238.095703125,8371.4287109375,25725
2024-07-09,8285.7138671875,8352.380859375,8238.095703125,8333.3330078125,43575
2024-07-10,8285.7138671875,8314.2861328125,8200.0,8285.7138671875,41475
2024-07-11,8123.8095703125,8333.3330078125,8095.23828125,8285.7138671875,57540
2024-07-12,8104.76171875,8152.380859375,8095.23828125,8104.76171875,38955
2024-07-15,8095.23828125,8114.28564453125,8095.23828125,8114.28564453125,48300
2024-07-16,8085.71435546875,8152.380859375,8085.71435546875,8095.23828125,36225
2024-07-17,8057.14306640625,8095.23828125,7523.8095703125,8095.23828125,139965
2024-07-18,8095.23828125,8200.0,7809.52392578125,8200.0,18690
2024-07-19,8028.5712890625,8180.9521484375,7752.380859375,8180.9521484375,14280
2024-07-22,7809.52392578125,8000.0,7619.0478515625,8000.0,61950
2024-07-23,8000.0,8142.85693359375,7552.380859375,7552.380859375,158235
2024-07-24,8000.0,8038.09521484375,7819.0478515625,8000.0,45045
2024-07-25,7857.14306640625,8000.0,7857.14306640625,7990.47607421875,137655
2024-07-26,7990.47607421875,7990.47607421875,7857.14306640625,7990.47607421875,7455
2024-07-29,7904.76171875,7904.76171875,7714.28564453125,7723.8095703125,7560
2024-07-30,7866.66650390625,7904.76171875,7714.28564453125,7904.76171875,142275
2024-07-31,7866.66650390625,7895.23828125,7723.8095703125,7866.66650390625,22260
2024-08-01,7628.5712890625,7885.71435546875,7628.5712890625,7771.4287109375,142275
2024-08-02,7847.619140625,7857.14306640625,7523.8095703125,7619.0478515625,6825
2024-08-05,7342.85693359375,7619.0478515625,7342.85693359375,7619.0478515625,56070
2024-08-06,7561.90478515625,7809.52392578125,6923.8095703125,6923.8095703125,4515
2024-08-07,7466.66650390625,7847.619140625,7466.66650390625,7847.619140625,1260
2024-08-08,7600.0,7780.9521484375,7428.5712890625,7780.9521484375,7980
2024-08-09,7761.90478515625,7828.5712890625,7447.619140625,7828.5712890625,2730
2024-08-12,7638.09521484375,7761.90478515625,7619.0478515625,7714.28564453125,59115
2024-08-13,7695.23828125,7761.90478515625,7619.0478515625,7752.380859375,74340
2024-08-14,7628.5712890625,7761.90478515625,7628.5712890625,7761.90478515625,5775
2024-08-15,7600.0,7619.0478515625,7504.76171875,7619.0478515625,7245
2024-08-16,7704.76171875,7714.28564453125,7523.8095703125,7619.0478515625,49035
2024-08-19,7714.28564453125,7809.52392578125,7619.0478515625,7809.52392578125,8610
2024-08-20,7666.66650390625,7780.9521484375,7619.0478515625,7780.9521484375,30975
2024-08-21,7695.23828125,7695.23828125,7638.09521484375,7666.66650390625,11340
2024-08-22,7619.0478515625,7628.5712890625,7619.0478515625,7619.0478515625,12810
2024-08-23,7580.9521484375,7704.76171875,7580.9521484375,7676.1904296875,7980
2024-08-26,7533.33349609375,7600.0,7533.33349609375,7590.47607421875,40425
2024-08-27,7495.23828125,7533.33349609375,7495.23828125,7523.8095703125,17745
2024-08-28,7495.23828125,7514.28564453125,7476.1904296875,7504.76171875,9030
2024-08-29,7409.52392578125,7619.0478515625,7409.52392578125,7619.0478515625,69300
2024-08-30,7390.47607421875,7428.5712890625,7380.9521484375,7409.52392578125,17955
2024-09-04,7333.33349609375,7390.47607421875,7314.28564453125,7390.47607421875,23415
2024-09-05,7419.0478515625,7428.5712890625,7276.1904296875,7285.71435546875,30450
2024-09-06,7352.380859375,7419.0478515625,6904.76171875,7419.0478515625,49140
2024-09-09,7333.33349609375,7352.380859375,7333.33349609375,7352.380859375,2310
2024-09-10,7285.71435546875,7504.76171875,7000.0,7504.76171875,16275
2024-09-11,7219.0478515625,7285.71435546875,6847.619140625,7285.71435546875,25935
2024-09-12,6904.76171875,7219.0478515625,6904.76171875,7219.0478515625,44730
2024-09-13,6952.380859375,7123.8095703125,6428.5712890625,6819.0478515625,46725
2024-09-16,7047.619140625,7047.619140625,6942.85693359375,6952.380859375,14280
2024-09-17,7000.0,7047.619140625,6857.14306640625,7047.619140625,9450
2024-09-18,6942.85693359375,7000.0,6942.85693359375,6990.47607421875,27720
2024-09-19,7028.5712890625,7323.8095703125,6923.8095703125,7323.8095703125,17220
2024-09-20,6857.14306640625,6952.380859375,6819.0478515625,6819.0478515625,89250
2024-09-23,6761.90478515625,6809.52392578125,6504.76171875,6504.76171875,30240
2024-09-24,6828.5712890625,6857.14306640625,6714.28564453125,6761.90478515625,39585
2024-09-25,6828.5712890625,7085.71435546875,6780.9521484375,7085.71435546875,39690
2024-09-26,6828.5712890625,6923.8095703125,6809.52392578125,6819.0478515625,53235
2024-09-27,7000.0,7142.85693359375,6838.09521484375,7142.85693359375,71085
2024-09-30,6857.14306640625,7000.0,6666.66650390625,7000.0,76965
2024-10-01,6857.14306640625,6933.33349609375,6761.90478515625,6866.66650390625,39480
2024-10-02,6828.5712890625,6857.14306640625,6723.8095703125,6857.14306640625,9555
2024-10-03,6809.52392578125,6866.66650390625,6809.52392578125,6828.5712890625,44205
2024-10-04,6733.33349609375,6847.619140625,6714.28564453125,6714.28564453125,7980
2024-10-07,6809.52392578125,6809.52392578125,6733.33349609375,6752.380859375,7455
2024-10-08,6723.8095703125,6809.52392578125,6695.23828125,6714.28564453125,17850
2024-10-09,6676.1904296875,6723.8095703125,6676.1904296875,6723.8095703125,35175
2024-10-10,6704.76171875,6761.90478515625,6685.71435546875,6685.71435546875,17430
2024-10-11,6847.619140625,6895.23828125,6704.76171875,6704.76171875,5250
2024-10-14,6752.380859375,6761.90478515625,6571.4287109375,6761.90478515625,55335
2024-10-15,6571.4287109375,6885.71435546875,6571.4287109375,6885.71435546875,86835
2024-10-16,6361.90478515625,6628.5712890625,6361.90478515625,6628.5712890625,24045
2024-10-17,6533.33349609375,6561.90478515625,6333.33349609375,6361.90478515625,78855
2024-10-18,6476.1904296875,6571.4287109375,6380.9521484375,6476.1904296875,37590
2024-10-21,6900.0,6900.0,6510.0,6700.0,150200
2024-10-22,7090.0,7380.0,6900.0,6900.0,70900
2024-10-23,7050.0,7260.0,7000.0,7100.0,39500
2024-10-24,6810.0,7090.0,6810.0,7050.0,34200
2024-10-25,6900.0,7100.0,6700.0,6810.0,4600
2024-10-28,6860.0,7050.0,6700.0,7050.0,9800
2024-10-29,6830.0,7040.0,6600.0,7040.0,50900
2024-10-31,6500.0,6600.0,6400.0,6510.0,28100
2024-11-01,6420.0,6500.0,6420.0,6500.0,10900
2024-11-04,6300.0,6500.0,6300.0,6420.0,10100
2024-11-06,6450.0,6700.0,6250.0,6300.0,3100
2024-11-07,6470.0,6600.0,6310.0,6450.0,4100
2024-11-08,6440.0,6440.0,6310.0,6400.0,4500
2024-11-11,6440.0,6560.0,6430.0,6560.0,18100
2024-11-12,6460.0,6520.0,6400.0,6520.0,10700
2024-11-13,6440.0,6450.0,6400.0,6450.0,1900
2024-11-14,6300.0,6520.0,6300.0,6520.0,9800
2024-11-15,6280.0,6430.0,6000.0,6430.0,41600
2024-11-18,6690.0,6690.0,5850.0,5920.0,91700
2024-11-19,6260.0,6400.0,6230.0,6240.0,72600
2024-11-20,6300.0,6430.0,6200.0,6260.0,21300
2024-11-21,6550.0,6590.0,6300.0,6560.0,30100
2024-11-22,6550.0,6580.0,6510.0,6560.0,10200
2024-11-25,6540.0,6580.0,6200.0,6550.0,26800
2024-11-26,6560.0,6570.0,6220.0,6220.0,47100
2024-11-27,6550.0,6570.0,6550.0,6560.0,16300
2024-11-28,6510.0,6570.0,6350.0,6570.0,1700
2024-11-29,6370.0,6560.0,6280.0,6280.0,18800
2024-12-02,6500.0,6580.0,6250.0,6580.0,72000
2024-12-03,6650.0,6650.0,6600.0,6600.0,31500
2024-12-04,6440.0,6650.0,6440.0,6650.0,35600
2024-12-05,6620.0,6620.0,6360.0,6540.0,21300
2024-12-06,6700.0,6710.0,6600.0,6670.0,95800
2024-12-09,7140.0,7160.0,6900.0,7000.0,139600
2024-12-10,7020.0,7190.0,7000.0,7190.0,12300
2024-12-11,6900.0,7100.0,6530.0,6900.0,94300
2024-12-12,6890.0,7000.0,6420.0,7000.0,65100
2024-12-13,6900.0,6900.0,6900.0,6900.0,1900
2024-12-16,6520.0,6900.0,6450.0,6900.0,57400
2024-12-17,6510.0,6790.0,6510.0,6790.0,17200
2024-12-18,6440.0,6590.0,6410.0,6500.0,57400
2024-12-19,6500.0,6700.0,6370.0,6440.0,54500
2024-12-20,6800.0,6820.0,6650.0,6650.0,56200
2024-12-23,6840.0,6950.0,6700.0,6800.0,15400
2024-12-24,6950.0,6960.0,6570.0,6570.0,43000
2024-12-25,6900.0,7000.0,6650.0,6700.0,20000
2024-12-26,6890.0,7000.0,6710.0,6900.0,9100
2024-12-27,6850.0,6850.0,6710.0,6800.0,5600
2024-12-30,6820.0,6840.0,6610.0,6610.0,5000
2024-12-31,6630.0,6820.0,6630.0,6820.0,34300
2025-01-02,6780.0,6870.0,6650.0,6650.0,9900
2025-01-03,6750.0,6760.0,6400.0,6760.0,3400
2025-01-06,6700.0,6700.0,6450.0,6450.0,600
2025-01-07,6680.0,6680.0,6400.0,6450.0,10200
2025-01-08,6800.0,6880.0,6680.0,6680.0,153700
2025-01-09,6800.0,6860.0,6560.0,6800.0,90900
2025-01-10,6800.0,6900.0,6610.0,6610.0,49800
2025-01-13,6970.0,6990.0,6600.0,6600.0,97900
2025-01-14,6700.0,7100.0,6650.0,6980.0,46500
2025-01-15,6720.0,6900.0,6660.0,6700.0,10300
2025-01-16,6840.0,6950.0,6660.0,6950.0,21000
2025-01-17,6800.0,6840.0,6700.0,6840.0,17000
2025-01-20,6890.0,6900.0,6660.0,6790.0,57100
2025-01-21,6900.0,7090.0,6780.0,7090.0,900
2025-01-22,6910.0,6910.0,6750.0,6900.0,23300
2025-01-23,6750.0,6750.0,6650.0,6750.0,5300
2025-01-24,6990.0,7100.0,6750.0,6900.0,143300
2025-02-03,7000.0,7000.0,6700.0,6700.0,23500
2025-02-04,7050.0,7150.0,6860.0,7150.0,20500
2025-02-05,7040.0,7090.0,7040.0,7090.0,2500
2025-02-06,6880.0,7040.0,6880.0,7040.0,16900
2025-02-07,7040.0,7040.0,6700.0,6700.0,32800
2025-02-10,6990.0,7000.0,6800.0,6800.0,18200
2025-02-11,6940.0,6990.0,6810.0,6990.0,25500
2025-02-12,6970.0,7000.0,6840.0,6940.0,20500
2025-02-13,6950.0,7000.0,6880.0,6970.0,39400
2025-02-14,6800.0,6950.0,6800.0,6950.0,75300
2025-02-17,7110.0,7190.0,6740.0,6800.0,169200
2025-02-18,7100.0,7200.0,7100.0,7110.0,100000
2025-02-19,7290.0,7390.0,7110.0,7110.0,144700
2025-02-20,7650.0,7650.0,7000.0,7450.0,167400
2025-02-21,7360.0,7650.0,7300.0,7650.0,44400
2025-02-24,7360.0,7400.0,7250.0,7360.0,70000
2025-02-25,7870.0,7870.0,7300.0,7300.0,252400
2025-02-26,8420.0,8420.0,8300.0,8420.0,276300
2025-02-27,8420.0,9000.0,8100.0,9000.0,366700
2025-02-28,8400.0,8450.0,8100.0,8450.0,159700
2025-03-03,8590.0,8800.0,8300.0,8400.0,181900
2025-03-04,8460.0,8590.0,8010.0,8590.0,201300
2025-03-05,8190.0,8600.0,8190.0,8600.0,78600
2025-03-06,8400.0,8500.0,8100.0,8300.0,137400
2025-03-07,8100.0,8420.0,8100.0,8400.0,80700
2025-03-10,8130.0,8280.0,7910.0,8280.0,78100
2025-03-11,7900.0,8170.0,7800.0,8130.0,119200
2025-03-12,7860.0,8100.0,7840.0,8080.0,90300
2025-03-13,7850.0,8070.0,7800.0,7870.0,67000
2025-03-14,7850.0,7940.0,7600.0,7690.0,73900
2025-03-17,7800.0,8000.0,7770.0,7850.0,34500
2025-03-18,7770.0,7990.0,7750.0,7810.0,25300
2025-03-19,7750.0,7790.0,7750.0,7770.0,10100
2025-03-20,7850.0,7990.0,7600.0,7990.0,25000
2025-03-21,7750.0,7850.0,7600.0,7850.0,7700
2025-03-24,7510.0,7700.0,7510.0,7610.0,41300
2025-03-25,7700.0,7900.0,7530.0,7530.0,72000
2025-03-26,7450.0,7800.0,7450.0,7800.0,44400
2025-03-27,7460.0,7670.0,7460.0,7600.0,1707000
2025-03-28,7490.0,7640.0,7260.0,7640.0,2031600
2025-03-31,7400.0,7400.0,7340.0,7400.0,18500
2025-04-01,7570.0,7570.0,7450.0,7500.0,27600
2025-04-02,8000.0,8000.0,7570.0,7580.0,113000
2025-04-03,8010.0,8450.0,7450.0,7450.0,878600
2025-04-04,8150.0,8550.0,7660.0,8100.0,1282400
2025-04-08,8100.0,8150.0,7590.0,7590.0,690200
2025-04-09,7650.0,8410.0,7600.0,8410.0,83200
2025-04-10,8180.0,8180.0,8100.0,8100.0,173700
2025-04-11,8370.0,8600.0,8170.0,8600.0,182800
2025-04-14,8490.0,8500.0,8010.0,8370.0,246700
2025-04-15,8330.0,8500.0,8230.0,8350.0,93700
2025-04-16,8600.0,8800.0,8200.0,8320.0,349300
2025-04-17,8690.0,8900.0,8600.0,8900.0,86000
2025-04-18,8500.0,8850.0,8430.0,8650.0,108500
2025-04-21,8360.0,8600.0,8330.0,8500.0,71200
2025-04-22,8150.0,8300.0,7780.0,8100.0,130600
2025-04-23,8260.0,8370.0,8200.0,8370.0,214800
2025-04-24,8450.0,8470.0,8210.0,8260.0,176700
2025-04-25,8490.0,8610.0,8400.0,8460.0,92600
2025-04-28,8460.0,8580.0,8410.0,8410.0,50000
2025-04-29,8460.0,8460.0,8110.0,8460.0,23000
2025-05-05,8430.0,8610.0,8200.0,8390.0,97934
2025-05-06,8500.0,8570.0,8430.0,8560.0,87377
2025-05-07,8350.0,8590.0,8320.0,8590.0,13838
2025-05-08,8350.0,8440.0,8200.0,8400.0,29080
2025-05-09,8180.0,8350.0,8000.0,8350.0,82661
2025-05-12,8200.0,8370.0,8100.0,8180.0,15909
2025-05-13,8200.0,8420.0,8160.0,8200.0,50307
2025-05-14,8040.0,8340.0,8040.0,8110.0,27652
2025-05-15,8110.0,8190.0,8000.0,8010.0,30553
2025-05-16,8290.0,8300.0,7880.0,7890.0,165600
2025-05-19,8060.0,8330.0,8040.0,8040.0,15309
2025-05-20,8250.0,8300.0,8060.0,8220.0,170941
2025-05-21,8190.0,8380.0,8080.0,8080.0,48909
2025-05-22,8590.0,8700.0,8250.0,8370.0,297529
2025-05-23,8590.0,8640.0,8500.0,8500.0,83306
2025-05-26,8530.0,8680.0,8200.0,8500.0,55628
2025-05-27,8580.0,8650.0,8410.0,8450.0,239187
2025-05-28,9180.0,9180.0,8610.0,8610.0,727660
2025-05-29,9390.0,9800.0,9180.0,9800.0,258945
2025-05-30,8790.0,9480.0,8740.0,9110.0,1474391
2025-06-02,8640.0,8880.0,8500.0,8840.0,179883
2025-06-03,8700.0,8900.0,8670.0,8680.0,145257
2025-06-04,8880.0,8980.0,8640.0,8640.0,244095
2025-06-05,8630.0,8930.0,8630.0,8930.0,116958
2025-06-06,8220.0,8720.0,8220.0,8630.0,120742
2025-06-09,8100.0,8590.0,8000.0,8590.0,162767
2025-06-10,8300.0,8300.0,7900.0,7910.0,71503
2025-06-11,8110.0,8450.0,8110.0,8450.0,24078
2025-06-12,8190.0,8240.0,7900.0,8110.0,162112
2025-06-13,7950.0,8450.0,7950.0,7950.0,24508
2025-06-16,8170.0,8320.0,8000.0,8000.0,33466
2025-06-17,8100.0,8220.0,8100.0,8170.0,85337
2025-06-18,8160.0,8230.0,8060.0,8100.0,41270
2025-06-19,8100.0,8170.0,8010.0,8100.0,18081
2025-06-20,8150.0,8190.0,8030.0,8030.0,53800
2025-06-23,7950.0,8140.0,7950.0,8100.0,49751
2025-06-24,7970.0,8100.0,7900.0,7980.0,28150
2025-06-25,7890.0,8140.0,7880.0,7920.0,80907
2025-06-26,7890.0,7990.0,7850.0,7910.0,30476
2025-06-27,7980.0,7990.0,7880.0,7990.0,27230
2025-06-30,7920.0,8010.0,7920.0,7960.0,38353
2025-07-01,7900.0,7940.0,7800.0,7920.0,25658
2025-07-02,8000.0,8020.0,7880.0,7900.0,66186
2025-07-03,7990.0,8190.0,7900.0,8000.0,157254
2025-07-04,8000.0,8070.0,7990.0,7990.0,16774
2025-07-07,8000.0,8050.0,7940.0,7990.0,55524
2025-07-08,8000.0,8020.0,7930.0,8000.0,72010
2025-07-09,7980.0,8030.0,7950.0,8000.0,130567
2025-07-10,7980.0,8000.0,7940.0,7940.0,55370
2025-07-11,8030.0,8030.0,7850.0,7980.0,91644
2025-07-14,8050.0,8080.0,7880.0,8070.0,96575
2025-07-15,8240.0,8400.0,8050.0,8050.0,154321
2025-07-16,8300.0,8360.0,8200.0,8240.0,56014
2025-07-17,8420.0,8600.0,8390.0,8500.0,142284
2025-07-18,8390.0,8480.0,8250.0,8480.0,196544
2025-07-21,8580.0,8750.0,8400.0,8500.0,333263
2025-07-22,9030.0,9090.0,8420.0,8500.0,463021
2025-07-23,9600.0,9660.0,9210.0,9210.0,683072
2025-07-24,9600.0,9980.0,9310.0,9980.0,314836
2025-07-25,9860.0,9990.0,9640.0,9650.0,651555
2025-07-28,10300.0,10400.0,9930.0,9930.0,866819
2025-07-29,10700.0,11000.0,9620.0,10600.0,2309263
2025-07-30,11400.0,11400.0,11400.0,11400.0,464652
2025-07-31,12150.0,12150.0,12150.0,12150.0,435608
2025-08-01,12200.0,13000.0,12000.0,13000.0,2744023
2025-08-04,12500.0,12500.0,11500.0,12000.0,602990
2025-08-05,11650.0,12900.0,11650.0,12900.0,1218940
2025-08-06,11950.0,12150.0,11600.0,11900.0,538077
2025-08-07,11900.0,12450.0,11700.0,12450.0,470669
2025-08-08,11700.0,12000.0,11550.0,11900.0,348282
2025-08-11,11900.0,12200.0,11800.0,11800.0,332256
2025-08-12,12450.0,12700.0,11800.0,12100.0,967294
2025-08-13,12400.0,12700.0,12100.0,12500.0,462512
2025-08-14,12400.0,12850.0,12100.0,12500.0,743648
2025-08-15,13250.0,13250.0,12200.0,12750.0,1017050
2025-08-18,14150.0,14150.0,14150.0,14150.0,190260
2025-08-19,15100.0,15100.0,15100.0,15100.0,173903
2025-08-20,15800.0,16150.0,15100.0,16150.0,4058380
2025-08-21,15400.0,16000.0,15200.0,16000.0,381760
2025-08-22,14350.0,15800.0,14350.0,15450.0,1769235
2025-08-25,13650.0,14950.0,13350.0,14600.0,769912
2025-08-26,13900.0,14400.0,13400.0,13400.0,570579
2025-08-27,14200.0,14600.0,13500.0,14100.0,678528
2025-08-28,14000.0,14400.0,13800.0,14400.0,170574
2025-08-29,13700.0,14400.0,13600.0,14000.0,599776
2025-09-03,14000.0,14150.0,13650.0,13750.0,357981
2025-09-04,14000.0,14400.0,13800.0,14400.0,298386
2025-09-05,13950.0,14950.0,13500.0,14200.0,1485045
2025-09-08,14050.0,14800.0,13950.0,14800.0,868953
2025-09-09,13850.0,14100.0,13500.0,14050.0,468221
2025-09-10,14250.0,14500.0,13650.0,13900.0,440116
2025-09-11,14100.0,14200.0,13700.0,13900.0,2379438
2025-09-12,14500.0,14800.0,14100.0,14100.0,394268
2025-09-15,14500.0,14800.0,14250.0,14650.0,3276600
2025-09-16,14300.0,14750.0,14200.0,14600.0,384296
2025-09-17,13800.0,14300.0,13800.0,14100.0,2331679
2025-09-18,13700.0,13950.0,13550.0,13900.0,288564
2025-09-19,13950.0,14200.0,13700.0,14200.0,90062
2025-09-22,13800.0,14200.0,13000.0,14150.0,256323
2025-09-23,13700.0,13800.0,13500.0,13700.0,37097
2025-09-24,13600.0,13850.0,13100.0,13600.0,161821
2025-09-25,14200.0,14300.0,13600.0,13600.0,368174
2025-09-26,14000.0,14350.0,13950.0,14350.0,167228
2025-09-29,13700.0,13900.0,13600.0,13800.0,207951
2025-09-30,13200.0,13700.0,13050.0,13550.0,294269
2025-10-01,13750.0,13800.0,13250.0,13250.0,156368
2025-10-02,13150.0,13850.0,13150.0,13850.0,183244
2025-10-03,12900.0,13400.0,12900.0,13150.0,177587
2025-10-06,13450.0,13550.0,13000.0,13200.0,151729
2025-10-07,13450.0,13800.0,13250.0,13500.0,239037
2025-10-08,13450.0,13900.0,13400.0,13800.0,212285
2025-10-09,13800.0,14150.0,13600.0,13600.0,281232
2025-10-10,14750.0,14750.0,13650.0,13800.0,949860
2025-10-13,14750.0,15000.0,14200.0,14750.0,398934
2025-10-14,14150.0,15300.0,14150.0,14300.0,654822
2025-10-15,14400.0,15000.0,13800.0,14250.0,365763
2025-10-16,14400.0,14850.0,14300.0,14500.0,305817
2025-10-17,14050.0,14500.0,13900.0,14300.0,362227
2025-10-20,13100.0,14100.0,13100.0,13800.0,445491
2025-10-21,12900.0,13350.0,12300.0,13100.0,329399
2025-10-22,12850.0,13000.0,12400.0,13000.0,149170
2025-10-23,13500.0,13700.0,12550.0,12850.0,145126
2025-10-24,13300.0,13500.0,12950.0,13400.0,51731
2025-10-27,13200.0,13600.0,13200.0,13400.0,133047
2025-10-28,13800.0,13900.0,13000.0,13000.0,219484
2025-10-29,14000.0,14200.0,13800.0,13800.0,126804
2025-10-30,13850.0,14000.0,13700.0,14000.0,148750
2025-10-31,13600.0,14800.0,13600.0,14800.0,811389
2025-11-03,12650.0,13550.0,12650.0,13400.0,868283
2025-11-04,12900.0,13000.0,11800.0,12650.0,546432
2025-11-05,12600.0,13200.0,12350.0,12500.0,263522
2025-11-06,12200.0,12700.0,12200.0,12700.0,118029
2025-11-07,11700.0,12450.0,11700.0,12100.0,134552
2025-11-10,11700.0,11850.0,11100.0,11200.0,195890
2025-11-11,11850.0,12050.0,11400.0,11700.0,98051
2025-11-12,12550.0,12550.0,11900.0,11900.0,104922
2025-11-13,12600.0,12900.0,12550.0,12550.0,71533
2025-11-14,12500.0,12750.0,12350.0,12750.0,60610
2025-11-17,12350.0,12600.0,11900.0,11900.0,110446
2025-11-18,12350.0,12750.0,12100.0,12100.0,109707
2025-11-19,12600.0,12700.0,12350.0,12650.0,240611
2025-11-20,12400.0,12800.0,12350.0,12650.0,11932
2025-11-21,12350.0,12500.0,12150.0,12200.0,164839
2025-11-24,12900.0,13000.0,12350.0,12500.0,260565
2025-11-25,12400.0,13200.0,12400.0,13200.0,100192
2025-11-26,13000.0,13150.0,12400.0,12400.0,306307
2025-11-27,13000.0,13100.0,12600.0,13000.0,94244
2025-11-28,13000.0,13150.0,12600.0,12600.0,168151
2025-12-01,13400.0,13400.0,12650.0,13100.0,253515
2025-12-02,13150.0,13400.0,13100.0,13350.0,163832
2025-12-03,13450.0,13550.0,12450.0,13350.0,114706
2025-12-04,13600.0,13700.0,13150.0,13400.0,180071
2025-12-05,13550.0,13750.0,13300.0,13750.0,15307
2025-12-08,13600.0,13650.0,13500.0,13500.0,147900
2025-12-09,13200.0,13650.0,13100.0,13600.0,159800
2025-12-10,13500.0,13500.0,13200.0,13400.0,85667
2025-12-11,13450.0,13500.0,13250.0,13500.0,39331
2025-12-12,13050.0,13400.0,12700.0,13200.0,28306
2025-12-15,12500.0,12950.0,12200.0,12200.0,22409
2025-12-16,12300.0,12450.0,11650.0,11800.0,138330
2025-12-17,11950.0,12500.0,11750.0,11750.0,23743
2025-12-18,12100.0,12350.0,11900.0,11950.0,19593
2025-12-19,12250.0,12450.0,12000.0,12400.0,5013
2025-12-22,12250.0,12300.0,12000.0,12300.0,16710
2025-12-23,12000.0,12650.0,12000.0,12600.0,20588
2025-12-24,12000.0,12400.0,11600.0,12000.0,18051
2025-12-25,12000.0,12100.0,11950.0,12000.0,27400
2025-12-26,12300.0,12750.0,11600.0,11900.0,21700
2025-12-29,12000.0,12250.0,11450.0,11550.0,14819
2025-12-30,11600.0,12200.0,11600.0,12000.0,31434
2025-12-31,12200.0,12200.0,10800.0,11700.0,117054
2026-01-05,11900.0,12000.0,11400.0,12000.0,41520
2026-01-06,11700.0,12200.0,11300.0,11450.0,33949
2026-01-07,11850.0,12050.0,11350.0,11700.0,34475
2026-01-08,11700.0,11850.0,11500.0,11850.0,52803
2026-01-09,11150.0,11800.0,11150.0,11800.0,83256
2026-01-12,10900.0,11450.0,10400.0,11150.0,63727
2026-01-13,11500.0,11650.0,10750.0,10800.0,78923
2026-01-14,11100.0,12100.0,11100.0,12050.0,61995
2026-01-15,11500.0,11500.0,10700.0,11100.0,89175
2026-01-16,11200.0,11500.0,11050.0,11500.0,14155
2026-01-19,10950.0,11400.0,10900.0,11200.0,14214
2026-01-20,11150.0,11400.0,11100.0,11200.0,29098
2026-01-21,11050.0,11100.0,10900.0,11100.0,14829
2026-01-22,11350.0,11600.0,10900.0,10900.0,13345
2026-01-23,11200.0,11450.0,10850.0,11450.0,9960
2026-01-26,10450.0,11200.0,10450.0,11200.0,100516
2026-01-27,10700.0,11150.0,10350.0,10450.0,37902
2026-01-28,10400.0,10550.0,9960.0,10550.0,149371
2026-01-29,9860.0,10350.0,9860.0,9910.0,36246
2026-01-30,9860.0,10050.0,9600.0,9630.0,107959
2026-02-02,10500.0,10550.0,10000.0,10000.0,97933
2026-02-03,10200.0,10600.0,10200.0,10200.0,41026
2026-02-04,10200.0,10450.0,10000.0,10200.0,78470
2026-02-05,9900.0,10200.0,9900.0,10200.0,53948
2026-02-06,9880.0,10000.0,9880.0,9890.0,61700
2026-02-09,9850.0,10150.0,9800.0,9850.0,17771
2026-02-10,9800.0,10000.0,9750.0,9750.0,17702
2026-02-11,9900.0,10100.0,9800.0,9800.0,12243
2026-02-12,9850.0,10000.0,9820.0,9900.0,7662
2026-02-13,9870.0,10000.0,9700.0,9800.0,23018
2026-02-23,10000.0,10000.0,9800.0,10000.0,24849
2026-02-24,9800.0,10200.0,9800.0,10000.0,45173
2026-02-25,9810.0,10100.0,9810.0,9900.0,18304
2026-02-26,9810.0,9900.0,9700.0,9850.0,64308
2026-02-27,10450.0,10450.0,9810.0,9810.0,153828
2026-03-02,10600.0,11100.0,10450.0,10600.0,208914
2026-03-03,10650.0,11000.0,10500.0,10600.0,93778
2026-03-04,10350.0,10750.0,10350.0,10650.0,233032
2026-03-05,10350.0,10850.0,10200.0,10850.0,15679
2026-03-06,10350.0,10700.0,10050.0,10350.0,11450
2026-03-09,9650.0,9900.0,9630.0,9630.0,489813
2026-03-10,9650.0,10000.0,9650.0,10000.0,28050
2026-03-11,10100.0,10100.0,9590.0,9650.0,67861
2026-03-12,10000.0,10150.0,9990.0,10000.0,18300
2026-03-13,10000.0,10100.0,9990.0,10000.0,23100
2026-03-16,10000.0,10200.0,9650.0,9770.0,7381
2026-03-17,9890.0,10050.0,9890.0,9900.0,16539
2026-03-18,10000.0,10150.0,9820.0,9910.0,7701
2026-03-19,9610.0,10100.0,9610.0,9800.0,6215
2026-03-20,9600.0,9960.0,9500.0,9820.0,18600
2026-03-23,9010.0,9600.0,8930.0,9410.0,26699
2026-03-24,9350.0,9500.0,8900.0,8900.0,14815
2026-03-25,9200.0,9440.0,9010.0,9010.0,28199
2026-03-26,9300.0,9330.0,9100.0,9100.0,9639
2026-03-27,9460.0,9590.0,8910.0,8920.0,12040
2026-03-30,9200.0,9400.0,8900.0,9280.0,8730
2026-03-31,9350.0,9350.0,9130.0,9200.0,5025
2026-04-01,9390.0,9500.0,9370.0,9490.0,9155
2026-04-02,9400.0,9400.0,9300.0,9370.0,6900
2026-04-03,9050.0,9430.0,9050.0,9390.0,6071
2026-04-06,9240.0,9300.0,9200.0,9300.0,6910
2026-04-07,9250.0,9460.0,9250.0,9460.0,10200
2026-04-08,9580.0,9590.0,9370.0,9470.0,96322
2026-04-09,9550.0,9550.0,9400.0,9440.0,21307
2026-04-10,9670.0,9680.0,9050.0,9050.0,36905
2026-04-13,9740.0,9760.0,9680.0,9700.0,12510
2026-04-14,9760.0,9800.0,9500.0,9800.0,11620
2026-04-15,9760.0,9860.0,9400.0,9400.0,10974
2026-04-16,9700.0,9700.0,9700.0,9700.0,1102
2026-04-17,9630.0,9770.0,9310.0,9700.0,26933
2026-04-20,9640.0,9770.0,9600.0,9620.0,24012
2026-04-21,9600.0,9690.0,9410.0,9690.0,6500
2026-04-22,10250.0,10250.0,9300.0,9540.0,46815
2026-04-23,10150.0,10250.0,9700.0,10250.0,6122
2026-04-24,10050.0,10100.0,9530.0,9530.0,24607
2026-04-29,9900.0,10100.0,9400.0,9600.0,11601
2026-05-04,9220.0,9850.0,9210.0,9700.0,70449
2026-05-05,9400.0,9500.0,9000.0,9220.0,5000
2026-05-06,9480.0,9500.0,9000.0,9400.0,63230
2026-05-07,9480.0,9600.0,9480.0,9590.0,20019
2026-05-08,9530.0,9700.0,9480.0,9500.0,17012
2026-05-11,9740.0,9750.0,9110.0,9110.0,28530
2026-05-12,9740.0,9770.0,9680.0,9680.0,15201
2026-05-13,9750.0,9820.0,9410.0,9410.0,59003
2026-05-14,9860.0,9900.0,9760.0,9850.0,17491
2026-05-15,9850.0,9900.0,9850.0,9900.0,14440
2026-05-18,9850.0,9900.0,9850.0,9850.0,20775
2026-05-19,9880.0,10000.0,9820.0,9830.0,33400
2026-05-20,9390.0,9880.0,9390.0,9880.0,72400
2026-05-21,9780.0,9790.0,9110.0,9110.0,6401
2026-05-22,9440.0,9760.0,9110.0,9110.0,4842
2026-05-25,9470.0,9730.0,9450.0,9720.0,16010
2026-05-26,9580.0,9580.0,9470.0,9470.0,8300
2026-05-27,9550.0,9930.0,9550.0,9930.0,10000
