Price,Close,High,Low,Open,Volume
Ticker,ORS.VN,ORS.VN,ORS.VN,ORS.VN,ORS.VN
Date,,,,,
2017-01-03,3125.0,3125.0,3035.71435546875,3125.0,35728
2017-01-04,3125.0,3125.0,3035.71435546875,3125.0,35840
2017-01-05,3125.0,3125.0,3125.0,3125.0,1008
2017-01-06,3125.0,3125.0,3125.0,3125.0,15120
2017-01-09,3125.0,3125.0,3035.71435546875,3125.0,8624
2017-01-10,3125.0,3125.0,2946.428466796875,3125.0,11200
2017-01-11,3125.0,3125.0,3035.71435546875,3125.0,22400
2017-01-12,3125.0,3125.0,3035.71435546875,3125.0,27328
2017-01-13,3125.0,3125.0,3035.71435546875,3125.0,52416
2017-01-16,3125.0,3125.0,3125.0,3125.0,5004160
2017-01-17,3125.0,3125.0,3125.0,3125.0,379680
2017-01-18,3214.28564453125,3214.28564453125,3214.28564453125,3214.28564453125,112
2017-02-13,3035.71435546875,3035.71435546875,2946.428466796875,2946.428466796875,6832
2017-02-14,3035.71435546875,3035.71435546875,3035.71435546875,3035.71435546875,3472
2017-02-16,2857.142822265625,3125.0,2857.142822265625,3125.0,224
2017-02-17,2857.142822265625,2857.142822265625,2857.142822265625,2857.142822265625,3024
2017-02-20,3125.0,3125.0,3035.71435546875,3035.71435546875,224
2017-02-23,2857.142822265625,2857.142822265625,2857.142822265625,2857.142822265625,19040
2017-02-24,2767.857177734375,2767.857177734375,2589.28564453125,2589.28564453125,34608
2017-02-27,2589.28564453125,2589.28564453125,2589.28564453125,2589.28564453125,448
2017-02-28,2767.857177734375,2767.857177734375,2767.857177734375,2767.857177734375,112
2017-03-01,2767.857177734375,2767.857177734375,2678.571533203125,2678.571533203125,2576
2017-03-02,2767.857177734375,2767.857177734375,2500.0,2589.28564453125,336
2017-03-03,2767.857177734375,2767.857177734375,2678.571533203125,2678.571533203125,448
2017-03-08,2857.142822265625,2857.142822265625,2857.142822265625,2857.142822265625,112
2017-03-13,2857.142822265625,2857.142822265625,2589.28564453125,2589.28564453125,1344
2017-03-14,2678.571533203125,2678.571533203125,2589.28564453125,2589.28564453125,2464
2017-03-15,2767.857177734375,2767.857177734375,2767.857177734375,2767.857177734375,112
2017-03-16,2678.571533203125,2678.571533203125,2500.0,2500.0,2352
2017-03-17,2767.857177734375,2767.857177734375,2589.28564453125,2678.571533203125,4704
2017-03-22,2767.857177734375,2767.857177734375,2767.857177734375,2767.857177734375,112
2017-03-23,2589.28564453125,2589.28564453125,2589.28564453125,2589.28564453125,112
2017-03-24,2767.857177734375,2767.857177734375,2678.571533203125,2767.857177734375,672
2017-03-29,2678.571533203125,2678.571533203125,2678.571533203125,2678.571533203125,112
2017-04-03,2678.571533203125,2678.571533203125,2589.28564453125,2589.28564453125,672
2017-04-04,2767.857177734375,2767.857177734375,2767.857177734375,2767.857177734375,112
2017-04-05,2857.142822265625,2857.142822265625,2857.142822265625,2857.142822265625,672
2017-04-07,2767.857177734375,2767.857177734375,2678.571533203125,2678.571533203125,1120
2017-04-10,2678.571533203125,2678.571533203125,2678.571533203125,2678.571533203125,224
2017-04-11,2857.142822265625,2857.142822265625,2857.142822265625,2857.142822265625,112
2017-04-13,2767.857177734375,2767.857177734375,2767.857177734375,2767.857177734375,112
2017-04-17,2589.28564453125,2767.857177734375,2589.28564453125,2589.28564453125,1232
2017-04-18,2767.857177734375,2767.857177734375,2767.857177734375,2767.857177734375,112
2017-04-19,2678.571533203125,2678.571533203125,2678.571533203125,2678.571533203125,2240
2017-04-20,2589.28564453125,2589.28564453125,2500.0,2589.28564453125,1904
2017-04-21,2500.0,2589.28564453125,2500.0,2589.28564453125,2800
2017-04-24,2589.28564453125,2589.28564453125,2589.28564453125,2589.28564453125,112
2017-04-25,2589.28564453125,2589.28564453125,2589.28564453125,2589.28564453125,2128
2017-04-26,2767.857177734375,2767.857177734375,2767.857177734375,2767.857177734375,112
2017-04-28,2678.571533203125,2678.571533203125,2589.28564453125,2589.28564453125,2688
2017-05-04,2678.571533203125,2678.571533203125,2410.71435546875,2410.71435546875,5712
2017-05-09,2678.571533203125,2678.571533203125,2678.571533203125,2678.571533203125,112
2017-05-18,2678.571533203125,2678.571533203125,2589.28564453125,2589.28564453125,896
2017-05-19,2500.0,2500.0,2500.0,2500.0,2240
2017-05-22,2589.28564453125,2589.28564453125,2321.428466796875,2321.428466796875,224
2017-05-23,2500.0,2589.28564453125,2500.0,2589.28564453125,224
2017-05-24,2410.71435546875,2678.571533203125,2410.71435546875,2678.571533203125,336
2017-05-25,2589.28564453125,2589.28564453125,2589.28564453125,2589.28564453125,13776
2017-05-26,2678.571533203125,2678.571533203125,2678.571533203125,2678.571533203125,112
2017-05-29,2500.0,2678.571533203125,2500.0,2678.571533203125,224
2017-05-30,2589.28564453125,2589.28564453125,2410.71435546875,2410.71435546875,896
2017-05-31,2410.71435546875,2589.28564453125,2410.71435546875,2500.0,1792
2017-06-01,2589.28564453125,2589.28564453125,2589.28564453125,2589.28564453125,336
2017-06-02,2589.28564453125,2589.28564453125,2589.28564453125,2589.28564453125,224
2017-06-05,2589.28564453125,2678.571533203125,2500.0,2500.0,5824
2017-06-07,2589.28564453125,2589.28564453125,2589.28564453125,2589.28564453125,224
2017-06-08,2767.857177734375,2767.857177734375,2500.0,2500.0,224
2017-06-14,2500.0,2678.571533203125,2500.0,2500.0,1038
2017-06-15,2678.571533203125,2678.571533203125,2678.571533203125,2678.571533203125,112
2017-06-16,2767.857177734375,2767.857177734375,2500.0,2500.0,2352
2017-06-21,2678.571533203125,2678.571533203125,2500.0,2500.0,14672
2017-06-22,2589.28564453125,2589.28564453125,2410.71435546875,2410.71435546875,12432
2017-06-26,2410.71435546875,2678.571533203125,2410.71435546875,2678.571533203125,2464
2017-06-27,2500.0,2589.28564453125,2410.71435546875,2589.28564453125,784
2017-06-28,2678.571533203125,2678.571533203125,2589.28564453125,2589.28564453125,2240
2017-06-29,2678.571533203125,2678.571533203125,2410.71435546875,2410.71435546875,896
2017-06-30,2589.28564453125,2589.28564453125,2589.28564453125,2589.28564453125,1120
2017-07-03,2589.28564453125,2678.571533203125,2500.0,2678.571533203125,1792
2017-07-04,2589.28564453125,2589.28564453125,2410.71435546875,2410.71435546875,12096
2017-07-05,2589.28564453125,2589.28564453125,2410.71435546875,2589.28564453125,53902
2017-07-06,2589.28564453125,2678.571533203125,2589.28564453125,2589.28564453125,13776
2017-07-07,2678.571533203125,2767.857177734375,2589.28564453125,2767.857177734375,7616
2017-07-10,2589.28564453125,2946.428466796875,2500.0,2946.428466796875,39536
2017-07-11,2589.28564453125,2678.571533203125,2589.28564453125,2589.28564453125,3920
2017-07-12,2589.28564453125,2589.28564453125,2589.28564453125,2589.28564453125,672
2017-07-13,2589.28564453125,2678.571533203125,2410.71435546875,2589.28564453125,27216
2017-07-14,2678.571533203125,2678.571533203125,2589.28564453125,2589.28564453125,23296
2017-07-17,2589.28564453125,2678.571533203125,2500.0,2678.571533203125,31584
2017-07-18,2589.28564453125,2589.28564453125,2500.0,2500.0,3584
2017-07-19,2678.571533203125,2678.571533203125,2589.28564453125,2589.28564453125,6216
2017-07-20,2589.28564453125,2589.28564453125,2589.28564453125,2589.28564453125,4480
2017-07-21,2678.571533203125,2678.571533203125,2678.571533203125,2678.571533203125,2912
2017-07-24,2589.28564453125,2589.28564453125,2410.71435546875,2500.0,103040
2017-07-25,2589.28564453125,2589.28564453125,2500.0,2589.28564453125,24528
2017-07-26,2589.28564453125,2678.571533203125,2589.28564453125,2589.28564453125,3808
2017-07-27,2589.28564453125,2589.28564453125,2500.0,2589.28564453125,40208
2017-07-28,2678.571533203125,2678.571533203125,2410.71435546875,2410.71435546875,14224
2017-07-31,2410.71435546875,2500.0,2410.71435546875,2410.71435546875,2688
2017-08-01,2589.28564453125,2589.28564453125,2410.71435546875,2410.71435546875,13216
2017-08-02,2589.28564453125,2589.28564453125,2589.28564453125,2589.28564453125,672
2017-08-03,2678.571533203125,2678.571533203125,2589.28564453125,2589.28564453125,8288
2017-08-04,2589.28564453125,2589.28564453125,2589.28564453125,2589.28564453125,672
2017-08-07,2589.28564453125,2589.28564453125,2410.71435546875,2410.71435546875,11536
2017-08-08,2678.571533203125,2678.571533203125,2500.0,2589.28564453125,7840
2017-08-09,2589.28564453125,2678.571533203125,2500.0,2678.571533203125,26017
2017-08-10,2589.28564453125,2589.28564453125,2500.0,2500.0,12544
2017-08-11,2589.28564453125,2589.28564453125,2410.71435546875,2589.28564453125,1904
2017-08-14,2500.0,2589.28564453125,2500.0,2500.0,6608
2017-08-15,2589.28564453125,2589.28564453125,2410.71435546875,2589.28564453125,896
2017-08-16,2500.0,2589.28564453125,2410.71435546875,2500.0,20216
2017-08-17,2410.71435546875,2500.0,2410.71435546875,2500.0,7392
2017-08-18,2500.0,2500.0,2410.71435546875,2410.71435546875,9520
2017-08-21,2500.0,2500.0,2410.71435546875,2410.71435546875,1008
2017-08-22,2410.71435546875,2500.0,2410.71435546875,2410.71435546875,1568
2017-08-23,2410.71435546875,2410.71435546875,2410.71435546875,2410.71435546875,224
2017-08-24,2500.0,2500.0,2321.428466796875,2410.71435546875,23072
2017-08-25,2500.0,2500.0,2410.71435546875,2410.71435546875,3584
2017-08-28,2410.71435546875,2410.71435546875,2410.71435546875,2410.71435546875,13708
2017-08-29,2410.71435546875,2410.71435546875,2321.428466796875,2410.71435546875,37856
2017-08-30,2410.71435546875,2410.71435546875,2321.428466796875,2321.428466796875,12432
2017-08-31,2321.428466796875,2410.71435546875,2321.428466796875,2410.71435546875,13899
2017-09-01,2321.428466796875,2321.428466796875,2321.428466796875,2321.428466796875,6160
2017-09-05,2321.428466796875,2321.428466796875,2321.428466796875,2321.428466796875,224
2017-09-06,2321.428466796875,2410.71435546875,2232.142822265625,2321.428466796875,1008
2017-09-07,2232.142822265625,2321.428466796875,2232.142822265625,2321.428466796875,25536
2017-09-08,2232.142822265625,2232.142822265625,2232.142822265625,2232.142822265625,7840
2017-09-11,2321.428466796875,2321.428466796875,2232.142822265625,2232.142822265625,2352
2017-09-12,2232.142822265625,2232.142822265625,2232.142822265625,2232.142822265625,12768
2017-09-13,2232.142822265625,2232.142822265625,2142.857177734375,2142.857177734375,21952
2017-09-15,2232.142822265625,2232.142822265625,2142.857177734375,2142.857177734375,23296
2017-09-18,2232.142822265625,2232.142822265625,2142.857177734375,2142.857177734375,7952
2017-09-19,2142.857177734375,2232.142822265625,2142.857177734375,2142.857177734375,41888
2017-09-20,2142.857177734375,2142.857177734375,2053.571533203125,2142.857177734375,10752
2017-09-21,2142.857177734375,2142.857177734375,2053.571533203125,2053.571533203125,2576
2017-09-22,2142.857177734375,2142.857177734375,2142.857177734375,2142.857177734375,6720
2017-09-26,2142.857177734375,2232.142822265625,2142.857177734375,2142.857177734375,9968
2017-09-27,2142.857177734375,2142.857177734375,2142.857177734375,2142.857177734375,560
2017-09-28,2142.857177734375,2142.857177734375,2053.571533203125,2142.857177734375,2912
2017-09-29,2142.857177734375,2142.857177734375,2053.571533203125,2142.857177734375,6496
2017-10-02,2053.571533203125,2142.857177734375,2053.571533203125,2142.857177734375,2688
2017-10-03,1964.2857666015625,2053.571533203125,1964.2857666015625,2053.571533203125,12096
2017-10-04,2053.571533203125,2053.571533203125,2053.571533203125,2053.571533203125,403
2017-10-05,2053.571533203125,2053.571533203125,2053.571533203125,2053.571533203125,586
2017-10-06,1964.2857666015625,2053.571533203125,1964.2857666015625,2053.571533203125,1232
2017-10-09,2053.571533203125,2053.571533203125,1964.2857666015625,2053.571533203125,6048
2017-10-10,2053.571533203125,2053.571533203125,1964.2857666015625,1964.2857666015625,9425
2017-10-11,2053.571533203125,2053.571533203125,1964.2857666015625,1964.2857666015625,10752
2017-10-12,2053.571533203125,2053.571533203125,2053.571533203125,2053.571533203125,1120
2017-10-13,2053.571533203125,2053.571533203125,1964.2857666015625,1964.2857666015625,224
2017-10-18,2053.571533203125,2053.571533203125,1964.2857666015625,1964.2857666015625,235
2017-10-19,2142.857177734375,2142.857177734375,1964.2857666015625,2053.571533203125,12992
2017-10-20,2053.571533203125,2142.857177734375,2053.571533203125,2053.571533203125,4032
2017-10-23,1964.2857666015625,2053.571533203125,1875.0,1964.2857666015625,134624
2017-10-24,1964.2857666015625,1964.2857666015625,1964.2857666015625,1964.2857666015625,7504
2017-10-25,1964.2857666015625,1964.2857666015625,1964.2857666015625,1964.2857666015625,336
2017-10-26,1964.2857666015625,1964.2857666015625,1964.2857666015625,1964.2857666015625,8176
2017-10-27,1964.2857666015625,1964.2857666015625,1964.2857666015625,1964.2857666015625,784
2017-10-30,1785.7142333984375,1785.7142333984375,1785.7142333984375,1785.7142333984375,9072
2017-10-31,1785.7142333984375,1785.7142333984375,1785.7142333984375,1785.7142333984375,22624
2017-11-01,1875.0,1875.0,1785.7142333984375,1875.0,2576
2017-11-02,1875.0,1875.0,1875.0,1875.0,1232
2017-11-03,1875.0,1875.0,1785.7142333984375,1785.7142333984375,2800
2017-11-07,1875.0,1875.0,1696.4285888671875,1785.7142333984375,4184
2017-11-10,1785.7142333984375,1785.7142333984375,1785.7142333984375,1785.7142333984375,10080
2017-11-13,1696.4285888671875,1785.7142333984375,1696.4285888671875,1785.7142333984375,13328
2017-11-14,1785.7142333984375,1785.7142333984375,1696.4285888671875,1696.4285888671875,2688
2017-11-15,1785.7142333984375,1785.7142333984375,1785.7142333984375,1785.7142333984375,1120
2017-11-16,1875.0,1875.0,1785.7142333984375,1785.7142333984375,8736
2017-11-17,1964.2857666015625,1964.2857666015625,1875.0,1875.0,3361
2017-11-20,1875.0,1875.0,1785.7142333984375,1785.7142333984375,5040
2017-11-21,1875.0,1875.0,1875.0,1875.0,1456
2017-11-22,1875.0,1875.0,1785.7142333984375,1785.7142333984375,1344
2017-11-23,1875.0,1964.2857666015625,1875.0,1875.0,10976
2017-11-24,1964.2857666015625,1964.2857666015625,1875.0,1875.0,10304
2017-11-27,1875.0,1875.0,1875.0,1875.0,112
2017-11-28,1964.2857666015625,1964.2857666015625,1964.2857666015625,1964.2857666015625,123
2017-11-30,2142.857177734375,2142.857177734375,1964.2857666015625,1964.2857666015625,28672
2017-12-04,2053.571533203125,2053.571533203125,1964.2857666015625,1964.2857666015625,1232
2017-12-05,2053.571533203125,2053.571533203125,1964.2857666015625,2053.571533203125,7627
2017-12-06,2053.571533203125,2053.571533203125,1964.2857666015625,1964.2857666015625,1232
2017-12-07,2142.857177734375,2142.857177734375,2142.857177734375,2142.857177734375,113
2017-12-11,2053.571533203125,2142.857177734375,2053.571533203125,2053.571533203125,448
2017-12-12,2053.571533203125,2053.571533203125,1964.2857666015625,1964.2857666015625,1120
2017-12-13,2053.571533203125,2053.571533203125,2053.571533203125,2053.571533203125,1568
2017-12-14,2053.571533203125,2053.571533203125,1964.2857666015625,1964.2857666015625,448
2017-12-15,2142.857177734375,2142.857177734375,2142.857177734375,2142.857177734375,112
2017-12-18,2142.857177734375,2142.857177734375,2053.571533203125,2053.571533203125,26320
2017-12-19,2142.857177734375,2142.857177734375,2142.857177734375,2142.857177734375,11200
2017-12-21,2053.571533203125,2053.571533203125,2053.571533203125,2053.571533203125,4480
2017-12-22,2053.571533203125,2142.857177734375,1964.2857666015625,2142.857177734375,4704
2017-12-25,2142.857177734375,2142.857177734375,2053.571533203125,2053.571533203125,12992
2017-12-26,2142.857177734375,2142.857177734375,2053.571533203125,2053.571533203125,4604
2017-12-27,2142.857177734375,2142.857177734375,1964.2857666015625,1964.2857666015625,19936
2017-12-28,2053.571533203125,2053.571533203125,2053.571533203125,2053.571533203125,560
2018-01-03,2053.571533203125,2053.571533203125,1875.0,1875.0,10192
2018-01-04,2053.571533203125,2053.571533203125,1964.2857666015625,1964.2857666015625,1344
2018-01-09,2142.857177734375,2142.857177734375,2053.571533203125,2053.571533203125,10192
2018-01-10,2232.142822265625,2232.142822265625,2053.571533203125,2053.571533203125,7056
2018-01-11,2232.142822265625,2232.142822265625,2142.857177734375,2142.857177734375,7392
2018-01-12,2142.857177734375,2142.857177734375,2053.571533203125,2053.571533203125,42784
2018-01-15,2053.571533203125,2053.571533203125,2053.571533203125,2053.571533203125,11200
2018-01-16,2053.571533203125,2053.571533203125,1964.2857666015625,1964.2857666015625,81088
2018-01-17,2232.142822265625,2232.142822265625,2053.571533203125,2053.571533203125,88827
2018-01-18,2232.142822265625,2232.142822265625,2142.857177734375,2232.142822265625,813
2018-01-19,2232.142822265625,2232.142822265625,2053.571533203125,2053.571533203125,11984
2018-01-22,2142.857177734375,2232.142822265625,2053.571533203125,2232.142822265625,42683
2018-01-25,2232.142822265625,2410.71435546875,2232.142822265625,2410.71435546875,5712
2018-01-26,2232.142822265625,2232.142822265625,2053.571533203125,2053.571533203125,448
2018-01-30,2053.571533203125,2142.857177734375,2053.571533203125,2053.571533203125,18368
2018-01-31,2142.857177734375,2142.857177734375,2053.571533203125,2142.857177734375,896
2018-02-01,2142.857177734375,2142.857177734375,2142.857177734375,2142.857177734375,1120
2018-02-02,2142.857177734375,2142.857177734375,2053.571533203125,2053.571533203125,31136
2018-02-05,2053.571533203125,2053.571533203125,2053.571533203125,2053.571533203125,448
2018-02-06,1964.2857666015625,1964.2857666015625,1875.0,1875.0,15120
2018-02-07,2053.571533203125,2053.571533203125,2053.571533203125,2053.571533203125,112
2018-02-08,2142.857177734375,2142.857177734375,2053.571533203125,2053.571533203125,12208
2018-02-09,2142.857177734375,2142.857177734375,1964.2857666015625,1964.2857666015625,30800
2018-02-12,2232.142822265625,2232.142822265625,2232.142822265625,2232.142822265625,112
2018-02-21,2232.142822265625,2321.428466796875,2232.142822265625,2232.142822265625,17584
2018-02-22,2053.571533203125,2232.142822265625,2053.571533203125,2142.857177734375,27776
2018-02-23,1875.0,2232.142822265625,1875.0,2232.142822265625,3248
2018-02-26,2053.571533203125,2053.571533203125,1875.0,1875.0,22736
2018-02-27,2142.857177734375,2232.142822265625,2053.571533203125,2232.142822265625,50512
2018-02-28,2142.857177734375,2142.857177734375,2053.571533203125,2142.857177734375,8736
2018-03-01,2321.428466796875,2321.428466796875,2142.857177734375,2142.857177734375,136528
2018-03-02,2410.71435546875,2410.71435546875,2142.857177734375,2232.142822265625,8288
2018-03-05,2321.428466796875,2321.428466796875,2321.428466796875,2321.428466796875,784
2018-03-07,2232.142822265625,2410.71435546875,2142.857177734375,2410.71435546875,19376
2018-03-08,2410.71435546875,2410.71435546875,2321.428466796875,2321.428466796875,31360
2018-03-09,2410.71435546875,2410.71435546875,2410.71435546875,2410.71435546875,1120
2018-03-12,2410.71435546875,2410.71435546875,2321.428466796875,2321.428466796875,1232
2018-03-13,2321.428466796875,2321.428466796875,2321.428466796875,2321.428466796875,5835
2018-03-14,2321.428466796875,2321.428466796875,2232.142822265625,2232.142822265625,9632
2018-03-15,2410.71435546875,2410.71435546875,2321.428466796875,2410.71435546875,19152
2018-03-16,2410.71435546875,2410.71435546875,2321.428466796875,2321.428466796875,15344
2018-03-19,2410.71435546875,2410.71435546875,2321.428466796875,2321.428466796875,9072
2018-03-20,2410.71435546875,2410.71435546875,2321.428466796875,2321.428466796875,7952
2018-03-21,2410.71435546875,2410.71435546875,2321.428466796875,2410.71435546875,11872
2018-03-23,2410.71435546875,2410.71435546875,2232.142822265625,2232.142822265625,336
2018-03-26,2500.0,2500.0,2500.0,2500.0,16800
2018-03-27,2589.28564453125,2678.571533203125,2500.0,2589.28564453125,27552
2018-03-28,2767.857177734375,2767.857177734375,2678.571533203125,2678.571533203125,79101
2018-03-29,2500.0,2857.142822265625,2500.0,2857.142822265625,59360
2018-03-30,2500.0,2589.28564453125,2500.0,2589.28564453125,224
2018-04-02,2589.28564453125,2589.28564453125,2589.28564453125,2589.28564453125,12208
2018-04-03,2589.28564453125,2589.28564453125,2500.0,2500.0,28023
2018-04-04,2589.28564453125,2589.28564453125,2500.0,2500.0,34832
2018-04-05,2589.28564453125,2589.28564453125,2410.71435546875,2410.71435546875,29904
2018-04-06,2589.28564453125,2589.28564453125,2410.71435546875,2410.71435546875,17920
2018-04-09,2589.28564453125,2589.28564453125,2589.28564453125,2589.28564453125,2352
2018-04-13,2410.71435546875,2500.0,2410.71435546875,2410.71435546875,20832
2018-04-18,2589.28564453125,2589.28564453125,2589.28564453125,2589.28564453125,347
2018-04-19,2410.71435546875,2410.71435546875,2410.71435546875,2410.71435546875,1232
2018-04-20,2410.71435546875,2410.71435546875,2232.142822265625,2232.142822265625,56672
2018-04-23,2321.428466796875,2321.428466796875,2232.142822265625,2232.142822265625,28224
2018-04-24,2321.428466796875,2321.428466796875,2142.857177734375,2142.857177734375,2800
2018-04-26,2232.142822265625,2232.142822265625,2232.142822265625,2232.142822265625,112
2018-04-27,2232.142822265625,2232.142822265625,2053.571533203125,2053.571533203125,9184
2018-05-02,2321.428466796875,2410.71435546875,2142.857177734375,2410.71435546875,448
2018-05-03,2232.142822265625,2321.428466796875,2142.857177734375,2321.428466796875,16800
2018-05-04,2053.571533203125,2053.571533203125,2053.571533203125,2053.571533203125,34720
2018-05-08,2232.142822265625,2232.142822265625,2232.142822265625,2232.142822265625,112
2018-05-09,2321.428466796875,2321.428466796875,2321.428466796875,2321.428466796875,112
2018-05-11,2232.142822265625,2232.142822265625,2142.857177734375,2142.857177734375,16912
2018-05-15,2053.571533203125,2053.571533203125,2053.571533203125,2053.571533203125,1120
2018-05-17,2053.571533203125,2232.142822265625,1875.0,2232.142822265625,10864
2018-05-18,2142.857177734375,2232.142822265625,1964.2857666015625,2232.142822265625,7056
2018-05-21,1964.2857666015625,2142.857177734375,1964.2857666015625,2053.571533203125,11088
2018-05-22,1964.2857666015625,2053.571533203125,1964.2857666015625,2053.571533203125,1456
2018-05-23,2053.571533203125,2053.571533203125,1875.0,1875.0,15008
2018-05-24,2232.142822265625,2232.142822265625,2232.142822265625,2232.142822265625,112
2018-05-25,2053.571533203125,2232.142822265625,2053.571533203125,2053.571533203125,3472
2018-05-28,1875.0,2142.857177734375,1875.0,2142.857177734375,2688
2018-05-29,1785.7142333984375,2053.571533203125,1785.7142333984375,2053.571533203125,6272
2018-05-30,1964.2857666015625,1964.2857666015625,1964.2857666015625,1964.2857666015625,112
2018-05-31,2142.857177734375,2142.857177734375,2142.857177734375,2142.857177734375,112
2018-06-01,2142.857177734375,2142.857177734375,2142.857177734375,2142.857177734375,784
2018-06-04,2142.857177734375,2142.857177734375,2142.857177734375,2142.857177734375,9744
2018-06-05,2232.142822265625,2232.142822265625,2232.142822265625,2232.142822265625,8064
2018-06-06,2142.857177734375,2142.857177734375,2142.857177734375,2142.857177734375,25872
2018-06-08,2142.857177734375,2232.142822265625,2142.857177734375,2232.142822265625,29680
2018-06-11,2142.857177734375,2142.857177734375,2053.571533203125,2053.571533203125,3360
2018-06-12,2142.857177734375,2232.142822265625,2142.857177734375,2232.142822265625,1008
2018-06-13,2142.857177734375,2142.857177734375,2142.857177734375,2142.857177734375,7392
2018-06-14,2232.142822265625,2232.142822265625,2142.857177734375,2142.857177734375,4704
2018-06-15,2142.857177734375,2142.857177734375,2053.571533203125,2142.857177734375,28112
2018-06-19,2053.571533203125,2232.142822265625,1964.2857666015625,2232.142822265625,13776
2018-06-20,2142.857177734375,2142.857177734375,1964.2857666015625,2142.857177734375,5824
2018-06-21,2053.571533203125,2232.142822265625,2053.571533203125,2142.857177734375,24416
2018-06-22,2053.571533203125,2053.571533203125,2053.571533203125,2053.571533203125,1344
2018-06-25,2232.142822265625,2232.142822265625,2053.571533203125,2053.571533203125,32592
2018-06-26,2053.571533203125,2321.428466796875,2053.571533203125,2142.857177734375,8960
2018-06-27,2232.142822265625,2232.142822265625,2142.857177734375,2232.142822265625,44016
2018-06-28,2232.142822265625,2410.71435546875,2232.142822265625,2232.142822265625,39984
2018-06-29,2142.857177734375,2410.71435546875,2142.857177734375,2410.71435546875,5936
2018-07-02,2321.428466796875,2321.428466796875,2321.428466796875,2321.428466796875,14560
2018-07-03,2410.71435546875,2500.0,2321.428466796875,2500.0,53536
2018-07-04,2500.0,2589.28564453125,2410.71435546875,2589.28564453125,30128
2018-07-05,2678.571533203125,2678.571533203125,2500.0,2678.571533203125,55328
2018-07-09,2678.571533203125,2767.857177734375,2678.571533203125,2678.571533203125,36848
2018-07-10,2678.571533203125,2678.571533203125,2678.571533203125,2678.571533203125,3472
2018-07-11,2589.28564453125,2589.28564453125,2589.28564453125,2589.28564453125,12880
2018-07-12,2500.0,2767.857177734375,2500.0,2589.28564453125,29232
2018-07-13,2678.571533203125,2678.571533203125,2500.0,2589.28564453125,25760
2018-07-16,2589.28564453125,2857.142822265625,2589.28564453125,2767.857177734375,29904
2018-07-17,2589.28564453125,2678.571533203125,2589.28564453125,2678.571533203125,44912
2018-07-18,2410.71435546875,2410.71435546875,2410.71435546875,2410.71435546875,112
2018-07-19,2589.28564453125,2589.28564453125,2589.28564453125,2589.28564453125,18816
2018-07-24,2500.0,2589.28564453125,2500.0,2589.28564453125,3472
2018-07-25,2589.28564453125,2678.571533203125,2589.28564453125,2678.571533203125,70112
2018-07-27,2589.28564453125,2589.28564453125,2589.28564453125,2589.28564453125,3360
2018-07-30,2589.28564453125,2589.28564453125,2589.28564453125,2589.28564453125,560
2018-07-31,2767.857177734375,2767.857177734375,2410.71435546875,2589.28564453125,44912
2018-08-01,2500.0,2589.28564453125,2500.0,2589.28564453125,2800
2018-08-02,2321.428466796875,2589.28564453125,2321.428466796875,2321.428466796875,2128
2018-08-03,2142.857177734375,2321.428466796875,2142.857177734375,2321.428466796875,3024
2018-08-06,2142.857177734375,2321.428466796875,2142.857177734375,2232.142822265625,3472
2018-08-07,2321.428466796875,2321.428466796875,2321.428466796875,2321.428466796875,1120
2018-08-08,2321.428466796875,2321.428466796875,2321.428466796875,2321.428466796875,112
2018-08-09,2321.428466796875,2321.428466796875,2321.428466796875,2321.428466796875,6944
2018-08-10,2321.428466796875,2321.428466796875,2321.428466796875,2321.428466796875,112
2018-08-15,2410.71435546875,2410.71435546875,2410.71435546875,2410.71435546875,112
2018-08-17,2410.71435546875,2410.71435546875,2410.71435546875,2410.71435546875,2240
2018-08-20,2321.428466796875,2500.0,2321.428466796875,2500.0,1344
2018-08-21,2232.142822265625,2232.142822265625,2142.857177734375,2232.142822265625,1344
2018-08-23,2142.857177734375,2142.857177734375,2142.857177734375,2142.857177734375,3472
2018-08-24,2142.857177734375,2142.857177734375,2142.857177734375,2142.857177734375,5600
2018-08-27,2142.857177734375,2142.857177734375,2142.857177734375,2142.857177734375,2240
2018-08-28,2232.142822265625,2232.142822265625,2232.142822265625,2232.142822265625,7616
2018-08-29,2232.142822265625,2232.142822265625,2232.142822265625,2232.142822265625,5040
2018-09-04,2142.857177734375,2142.857177734375,2142.857177734375,2142.857177734375,112
2018-09-12,2321.428466796875,2321.428466796875,2142.857177734375,2142.857177734375,22960
2018-09-13,2500.0,2500.0,2500.0,2500.0,11200
2018-09-14,2321.428466796875,2500.0,2321.428466796875,2500.0,1344
2018-09-17,2500.0,2500.0,2500.0,2500.0,2949520
2018-09-18,2500.0,2678.571533203125,2410.71435546875,2678.571533203125,130368
2018-09-19,2678.571533203125,2678.571533203125,2500.0,2500.0,118272
2018-09-21,2500.0,2678.571533203125,2500.0,2589.28564453125,1456
2018-09-24,2678.571533203125,2678.571533203125,2678.571533203125,2678.571533203125,296128
2018-09-25,2589.28564453125,2946.428466796875,2589.28564453125,2946.428466796875,1792
2018-09-26,2589.28564453125,2589.28564453125,2589.28564453125,2589.28564453125,112
2018-09-27,2589.28564453125,2678.571533203125,2589.28564453125,2678.571533203125,448
2018-09-28,2767.857177734375,2767.857177734375,2589.28564453125,2589.28564453125,15680
2018-10-01,3035.71435546875,3035.71435546875,2767.857177734375,2767.857177734375,19488
2018-10-02,3214.28564453125,3214.28564453125,3125.0,3125.0,82432
2018-10-03,3125.0,3125.0,3125.0,3125.0,13776
2018-10-04,3125.0,3125.0,3125.0,3125.0,1120
2018-10-05,3125.0,3125.0,3125.0,3125.0,1232
2018-10-08,2857.142822265625,2857.142822265625,2857.142822265625,2857.142822265625,22624
2018-10-09,2857.142822265625,3125.0,2857.142822265625,2857.142822265625,78512
2018-10-10,3035.71435546875,3035.71435546875,3035.71435546875,3035.71435546875,112
2018-10-11,2857.142822265625,2857.142822265625,2767.857177734375,2767.857177734375,224
2018-10-12,2678.571533203125,2946.428466796875,2678.571533203125,2946.428466796875,5936
2018-10-15,2678.571533203125,2946.428466796875,2678.571533203125,2946.428466796875,112112
2018-10-17,2767.857177734375,2767.857177734375,2767.857177734375,2767.857177734375,896
2018-10-18,2589.28564453125,2589.28564453125,2589.28564453125,2589.28564453125,112
2018-10-22,2767.857177734375,2767.857177734375,2589.28564453125,2589.28564453125,10640
2018-10-23,2767.857177734375,2767.857177734375,2767.857177734375,2767.857177734375,112
2018-10-30,2500.0,2500.0,2500.0,2500.0,9520
2018-10-31,2678.571533203125,2678.571533203125,2500.0,2500.0,21168
2018-11-01,2678.571533203125,2946.428466796875,2678.571533203125,2946.428466796875,15680
2018-11-02,2500.0,2946.428466796875,2500.0,2946.428466796875,13216
2018-11-05,2678.571533203125,2678.571533203125,2678.571533203125,2678.571533203125,22960
2018-11-06,2946.428466796875,2946.428466796875,2767.857177734375,2857.142822265625,11088
2018-11-07,2946.428466796875,2946.428466796875,2946.428466796875,2946.428466796875,5600
2018-11-08,3035.71435546875,3035.71435546875,3035.71435546875,3035.71435546875,3472
2018-11-13,2946.428466796875,2946.428466796875,2946.428466796875,2946.428466796875,112
2018-11-28,3214.28564453125,3214.28564453125,3035.71435546875,3035.71435546875,11760
2018-11-29,3035.71435546875,3035.71435546875,3035.71435546875,3035.71435546875,5600
2018-12-03,3125.0,3214.28564453125,3125.0,3214.28564453125,9408
2018-12-05,3035.71435546875,3035.71435546875,2946.428466796875,2946.428466796875,6048
2018-12-06,2767.857177734375,2767.857177734375,2767.857177734375,2767.857177734375,9072
2018-12-07,3035.71435546875,3035.71435546875,3035.71435546875,3035.71435546875,17584
2018-12-10,2857.142822265625,2857.142822265625,2857.142822265625,2857.142822265625,4480
2018-12-11,2946.428466796875,3125.0,2946.428466796875,3125.0,4485
2018-12-12,2946.428466796875,2946.428466796875,2857.142822265625,2857.142822265625,38305
2018-12-17,3035.71435546875,3035.71435546875,3035.71435546875,3035.71435546875,11202
2018-12-18,2767.857177734375,2767.857177734375,2767.857177734375,2767.857177734375,6944
2019-01-10,2857.142822265625,2857.142822265625,2857.142822265625,2857.142822265625,7952
2019-01-14,2678.571533203125,2678.571533203125,2589.28564453125,2589.28564453125,4368
2019-01-15,2589.28564453125,2589.28564453125,2589.28564453125,2589.28564453125,4592
2019-01-16,2767.857177734375,2767.857177734375,2767.857177734375,2767.857177734375,560
2019-01-25,2678.571533203125,2767.857177734375,2678.571533203125,2767.857177734375,39200
2019-01-28,2589.28564453125,2678.571533203125,2589.28564453125,2678.571533203125,35840
2019-01-29,2589.28564453125,2589.28564453125,2589.28564453125,2589.28564453125,112
2019-01-30,2500.0,2589.28564453125,2500.0,2589.28564453125,28112
2019-01-31,2500.0,2500.0,2500.0,2500.0,11200
2019-02-01,2500.0,2500.0,2500.0,2500.0,9296
2019-02-12,2500.0,2500.0,2500.0,2500.0,112
2019-02-14,2678.571533203125,2678.571533203125,2589.28564453125,2589.28564453125,4592
2019-02-18,2767.857177734375,2857.142822265625,2410.71435546875,2678.571533203125,124544
2019-02-19,2767.857177734375,2767.857177734375,2678.571533203125,2678.571533203125,42560
2019-02-21,2678.571533203125,2678.571533203125,2678.571533203125,2678.571533203125,11312
2019-02-25,2678.571533203125,2678.571533203125,2410.71435546875,2500.0,1792
2019-02-26,2678.571533203125,2678.571533203125,2589.28564453125,2678.571533203125,50512
2019-02-27,2857.142822265625,2857.142822265625,2410.71435546875,2589.28564453125,23296
2019-02-28,2767.857177734375,2767.857177734375,2678.571533203125,2678.571533203125,4256
2019-03-04,2767.857177734375,2857.142822265625,2767.857177734375,2857.142822265625,25088
2019-03-06,2857.142822265625,2857.142822265625,2857.142822265625,2857.142822265625,2240
2019-03-08,2857.142822265625,2857.142822265625,2857.142822265625,2857.142822265625,1120
2019-03-11,2857.142822265625,2857.142822265625,2857.142822265625,2857.142822265625,12432
2019-03-12,2946.428466796875,2946.428466796875,2857.142822265625,2857.142822265625,7840
2019-03-13,2857.142822265625,2946.428466796875,2857.142822265625,2946.428466796875,11200
2019-03-14,2678.571533203125,2946.428466796875,2589.28564453125,2857.142822265625,155120
2019-03-15,2857.142822265625,2946.428466796875,2678.571533203125,2678.571533203125,20384
2019-03-18,3035.71435546875,3035.71435546875,2678.571533203125,2678.571533203125,9531
2019-03-19,2946.428466796875,3035.71435546875,2857.142822265625,2857.142822265625,25188
2019-03-20,3035.71435546875,3035.71435546875,2857.142822265625,2857.142822265625,7840
2019-03-21,2946.428466796875,3035.71435546875,2767.857177734375,2946.428466796875,15904
2019-03-22,3035.71435546875,3035.71435546875,2946.428466796875,2946.428466796875,10640
2019-03-25,3125.0,3125.0,2946.428466796875,3125.0,24976
2019-03-26,3303.571533203125,3303.571533203125,3125.0,3125.0,63616
2019-03-27,3571.428466796875,3571.428466796875,3392.857177734375,3392.857177734375,56560
2019-03-28,3928.571533203125,3928.571533203125,3928.571533203125,3928.571533203125,44240
2019-03-29,4285.71435546875,4285.71435546875,4017.857177734375,4017.857177734375,72352
2019-04-01,4464.28564453125,4553.5712890625,3928.571533203125,4464.28564453125,12219
2019-04-02,4017.857177734375,4107.14306640625,4017.857177734375,4017.857177734375,50512
2019-04-03,3660.71435546875,3660.71435546875,3660.71435546875,3660.71435546875,17136
2019-04-04,3392.857177734375,4017.857177734375,3303.571533203125,3928.571533203125,37744
2019-04-05,3660.71435546875,3660.71435546875,3571.428466796875,3571.428466796875,25872
2019-04-08,3928.571533203125,3928.571533203125,3660.71435546875,3660.71435546875,1120
2019-04-09,4107.14306640625,4107.14306640625,3660.71435546875,4107.14306640625,37184
2021-11-04,27410.71484375,28571.427734375,26160.71484375,26785.71484375,17077536
2021-11-05,26964.28515625,28125.0,26875.0,27946.427734375,5959968
2021-11-08,27633.927734375,28035.71484375,26964.28515625,27053.572265625,8139040
2021-11-09,27678.572265625,27678.572265625,26964.28515625,27633.927734375,6564768
2021-11-10,28214.28515625,28571.427734375,27812.5,27812.5,4771424
2021-11-11,27678.572265625,28392.857421875,26964.28515625,28214.28515625,7481600
2021-11-12,27991.072265625,28125.0,27276.78515625,27678.572265625,4766720
2021-11-15,29285.71484375,29776.78515625,28571.427734375,28571.427734375,10042480
2021-11-16,29017.857421875,29285.71484375,28125.0,29285.71484375,5227600
2021-11-17,29375.0,30000.0,28660.71484375,28705.357421875,7131712
2021-11-18,30446.427734375,31160.71484375,29285.71484375,29375.0,8334704
2021-11-19,28660.71484375,30803.572265625,28348.21484375,30803.572265625,10491600
2021-11-22,27500.0,29285.71484375,27321.427734375,28571.427734375,8244992
2021-11-23,28571.427734375,28571.427734375,27321.427734375,27410.71484375,4308080
2021-11-24,28750.0,29464.28515625,28482.142578125,29017.857421875,5400752
2021-11-25,29375.0,29732.142578125,28750.0,29017.857421875,6588064
2021-11-26,28928.572265625,29910.71484375,28616.072265625,29464.28515625,5392688
2021-11-29,28348.21484375,28571.427734375,27678.572265625,27678.572265625,4624816
2021-11-30,27589.28515625,28660.71484375,27500.0,28392.857421875,7863072
2021-12-01,27187.5,27812.5,26875.0,27410.71484375,5267920
2021-12-02,27053.572265625,27633.927734375,26875.0,27142.857421875,2849168
2021-12-03,25223.21484375,27053.572265625,25223.21484375,26964.28515625,7396704
2021-12-06,23482.142578125,25178.572265625,23482.142578125,24553.572265625,6213088
2021-12-07,24151.78515625,24196.427734375,22589.28515625,23660.71484375,3966032
2021-12-08,24017.857421875,24776.78515625,23928.572265625,24776.78515625,2128560
2021-12-09,24553.572265625,24553.572265625,23482.142578125,23705.357421875,2482928
2021-12-10,24107.142578125,24732.142578125,23928.572265625,24553.572265625,2546432
2021-12-13,24241.072265625,24375.0,23928.572265625,24107.142578125,2376304
2021-12-14,24285.71484375,24687.5,23973.21484375,24241.072265625,2480016
2021-12-15,24017.857421875,24330.357421875,24017.857421875,24330.357421875,1853488
2021-12-16,23750.0,24107.142578125,23750.0,23750.0,2164176
2021-12-17,24062.5,24375.0,23571.427734375,23839.28515625,4198320
2021-12-20,24687.5,24732.142578125,24107.142578125,24330.357421875,2805264
2021-12-21,24107.142578125,24687.5,24017.857421875,24642.857421875,2038512
2021-12-22,23169.642578125,24062.5,23125.0,24017.857421875,4241552
2021-12-23,21607.142578125,22991.072265625,21607.142578125,22946.427734375,5882800
2021-12-24,22187.5,22321.427734375,21339.28515625,21339.28515625,2714096
2021-12-27,22276.78515625,22723.21484375,22053.572265625,22232.142578125,1156064
2021-12-28,21741.072265625,22276.78515625,21607.142578125,22276.78515625,2414832
2021-12-29,22053.572265625,22321.427734375,21383.927734375,21696.427734375,2236976
2021-12-30,23571.427734375,23571.427734375,22232.142578125,22321.427734375,2502528
2021-12-31,23303.572265625,24241.072265625,23214.28515625,24196.427734375,2014544
2022-01-04,23616.072265625,23794.642578125,23035.71484375,23392.857421875,1868048
2022-01-05,23303.572265625,23839.28515625,23214.28515625,23750.0,2228128
2022-01-06,22633.927734375,23214.28515625,22589.28515625,23125.0,2482480
2022-01-07,22678.572265625,23169.642578125,22633.927734375,22678.572265625,1788752
2022-01-10,21785.71484375,22678.572265625,21785.71484375,22678.572265625,2655072
2022-01-11,21160.71484375,22053.572265625,21026.78515625,21696.427734375,1932896
2022-01-12,21696.427734375,21964.28515625,20535.71484375,21160.71484375,1763328
2022-01-13,21428.572265625,22232.142578125,21339.28515625,21875.0,1294048
2022-01-14,21250.0,21473.21484375,20625.0,20982.142578125,1446816
2022-01-17,19821.427734375,21294.642578125,19776.78515625,21250.0,3495520
2022-01-18,20000.0,20669.642578125,18750.0,19196.427734375,2238096
2022-01-19,20223.21484375,20535.71484375,20000.0,20089.28515625,548688
2022-01-20,21607.142578125,21607.142578125,20133.927734375,20178.572265625,1408624
2022-01-21,21428.572265625,22187.5,21160.71484375,22187.5,781424
2022-01-24,20089.28515625,21294.642578125,20089.28515625,20625.0,956704
2022-01-25,20223.21484375,20535.71484375,19553.572265625,19642.857421875,715568
2022-01-26,20089.28515625,20491.072265625,20000.0,20491.072265625,570528
2022-01-27,20267.857421875,20580.357421875,20000.0,20133.927734375,724864
2022-01-28,20803.572265625,20937.5,20267.857421875,20267.857421875,765520
2022-02-07,21339.28515625,21473.21484375,21071.427734375,21339.28515625,444192
2022-02-08,21428.572265625,21562.5,20892.857421875,21294.642578125,589792
2022-02-09,22455.357421875,22589.28515625,21250.0,21250.0,1532272
2022-02-10,22232.142578125,22633.927734375,22232.142578125,22500.0,1030736
2022-02-11,22633.927734375,22812.5,21964.28515625,22232.142578125,1040368
2022-02-14,22142.857421875,22500.0,22053.572265625,22321.427734375,1131312
2022-02-15,22455.357421875,22455.357421875,22142.857421875,22410.71484375,943040
2022-02-16,22500.0,22767.857421875,22455.357421875,22544.642578125,812784
2022-02-17,22678.572265625,22723.21484375,22500.0,22500.0,838992
2022-02-18,23303.572265625,23392.857421875,22500.0,22678.572265625,1957648
2022-02-21,23794.642578125,23839.28515625,23303.572265625,23482.142578125,1819664
2022-02-22,23169.642578125,23750.0,22678.572265625,23482.142578125,1784384
2022-02-23,23392.857421875,23660.71484375,23169.642578125,23660.71484375,888272
2022-02-24,22589.28515625,23526.78515625,21830.357421875,23214.28515625,2838752
2022-02-25,23616.072265625,23660.71484375,22678.572265625,23214.28515625,2516528
2022-02-28,23571.427734375,23794.642578125,23348.21484375,23616.072265625,1558592
2022-03-01,23750.0,23839.28515625,23392.857421875,23526.78515625,1916208
2022-03-02,23482.142578125,23928.572265625,23437.5,23928.572265625,1611456
2022-03-03,23571.427734375,23616.072265625,23214.28515625,23482.142578125,970480
2022-03-04,23794.642578125,24553.572265625,23750.0,23839.28515625,1987552
2022-03-07,23482.142578125,23928.572265625,23258.927734375,23258.927734375,1326080
2022-03-08,23214.28515625,23883.927734375,22946.427734375,23214.28515625,1817984
2022-03-09,23125.0,23482.142578125,22678.572265625,23482.142578125,1418368
2022-03-10,23214.28515625,23616.072265625,23214.28515625,23616.072265625,592816
2022-03-11,22857.142578125,23437.5,22723.21484375,23214.28515625,1132208
2022-03-14,24062.5,24241.072265625,23035.71484375,23214.28515625,5146400
2022-03-15,24598.21484375,25000.0,24285.71484375,24285.71484375,4152960
2022-03-16,24285.71484375,24732.142578125,24151.78515625,24732.142578125,1721552
2022-03-17,24241.072265625,24553.572265625,24017.857421875,24196.427734375,1577856
2022-03-18,24642.857421875,24642.857421875,24196.427734375,24330.357421875,3406032
2022-03-21,25357.142578125,25446.427734375,24821.427734375,24821.427734375,2737168
2022-03-22,25044.642578125,25625.0,25000.0,25625.0,9843008
2022-03-23,24866.072265625,25223.21484375,24866.072265625,25089.28515625,1361920
2022-03-24,25178.572265625,25446.427734375,24598.21484375,24866.072265625,12082336
2022-03-25,25491.072265625,25625.0,25223.21484375,25446.427734375,6205360
2022-03-28,24910.71484375,25357.142578125,24464.28515625,25357.142578125,5804512
2022-03-29,25223.21484375,25580.357421875,24866.072265625,24910.71484375,20774432
2022-03-30,24732.142578125,25401.78515625,24553.572265625,25044.642578125,2341136
2022-03-31,24553.572265625,25000.0,24419.642578125,24955.357421875,996576
2022-04-01,24642.857421875,24687.5,23973.21484375,24553.572265625,993104
2022-04-04,25178.572265625,25892.857421875,24642.857421875,25000.0,10111808
2022-04-05,24821.427734375,25446.427734375,24732.142578125,25000.0,9343600
2022-04-06,24464.28515625,24910.71484375,24375.0,24375.0,5688032
2022-04-07,23928.572265625,24330.357421875,23928.572265625,24330.357421875,2915808
2022-04-08,23303.572265625,23883.927734375,22812.5,23660.71484375,1698144
2022-04-12,22857.142578125,24107.142578125,22857.142578125,24107.142578125,2486624
2022-04-13,23392.857421875,23660.71484375,22767.857421875,22901.78515625,745584
2022-04-14,23258.927734375,23660.71484375,23214.28515625,23660.71484375,3036544
2022-04-15,22544.642578125,23660.71484375,22544.642578125,23660.71484375,1511328
2022-04-18,20982.142578125,22544.642578125,20982.142578125,22232.142578125,3832752
2022-04-19,19553.572265625,21428.572265625,19553.572265625,20982.142578125,7364672
2022-04-20,18214.28515625,19508.927734375,18214.28515625,18750.0,5557104
2022-04-21,18392.857421875,18750.0,16964.28515625,17053.572265625,7022064
2022-04-22,18660.71484375,19464.28515625,18035.71484375,18392.857421875,2662128
2022-04-25,17366.072265625,18750.0,17366.072265625,18660.71484375,1104432
2022-04-26,16696.427734375,16741.072265625,16160.7138671875,16428.572265625,2613072
2022-04-27,17857.142578125,17857.142578125,15535.7138671875,16517.857421875,4742304
2022-04-28,17455.357421875,18214.28515625,17410.71484375,18125.0,1422736
2022-04-29,17500.0,17633.927734375,17008.927734375,17053.572265625,840224
2022-05-04,16339.2861328125,17410.71484375,16339.2861328125,17410.71484375,1046416
2022-05-05,16517.857421875,16785.71484375,15982.142578125,16696.427734375,1088416
2022-05-06,15714.2861328125,16339.2861328125,15625.0,15625.0,885360
2022-05-09,14642.857421875,15714.2861328125,14642.857421875,15714.2861328125,788480
2022-05-10,14910.7138671875,14910.7138671875,13660.7138671875,13660.7138671875,1300432
2022-05-11,15267.857421875,15401.7861328125,14642.857421875,14910.7138671875,1487024
2022-05-12,14241.0712890625,15267.857421875,14241.0712890625,15000.0,862624
2022-05-13,13258.9287109375,14285.7138671875,13258.9287109375,14241.0712890625,1120336
2022-05-16,13973.2138671875,14151.7861328125,13348.2138671875,13482.142578125,2880080
2022-05-17,14910.7138671875,14910.7138671875,13660.7138671875,13660.7138671875,2953888
2022-05-18,14687.5,15491.0712890625,14687.5,15178.5712890625,1206464
2022-05-19,14553.5712890625,14732.142578125,13883.9287109375,13883.9287109375,420896
2022-05-20,14375.0,14910.7138671875,14375.0,14732.142578125,661472
2022-05-23,14017.857421875,14642.857421875,13392.857421875,14642.857421875,627760
2022-05-24,13973.2138671875,14107.142578125,13482.142578125,13660.7138671875,360864
2022-05-25,14910.7138671875,14910.7138671875,14107.142578125,14107.142578125,3556112
2022-05-26,15937.5,15937.5,15267.857421875,15267.857421875,4900336
2022-05-27,16339.2861328125,16741.072265625,15669.642578125,15982.142578125,2664032
2022-05-30,16428.572265625,16785.71484375,15803.5712890625,16339.2861328125,2405312
2022-05-31,15982.142578125,16741.072265625,15625.0,16428.572265625,3103968
2022-06-01,16026.7861328125,16116.0712890625,15625.0,15714.2861328125,1559712
2022-06-02,15625.0,16339.2861328125,15580.357421875,15982.142578125,1652560
2022-06-03,15446.4287109375,15848.2138671875,15357.142578125,15535.7138671875,849520
2022-06-06,15401.7861328125,16160.7138671875,15357.142578125,15535.7138671875,3741920
2022-06-07,14776.7861328125,15491.0712890625,14330.357421875,15178.5712890625,1421952
2022-06-08,15223.2138671875,15580.357421875,14821.4287109375,14821.4287109375,2655856
2022-06-09,15401.7861328125,15491.0712890625,15089.2861328125,15223.2138671875,2453808
2022-06-10,14732.142578125,15669.642578125,14732.142578125,15178.5712890625,1317456
2022-06-13,13705.357421875,14508.9287109375,13705.357421875,14285.7138671875,1685040
2022-06-14,13214.2861328125,13750.0,12812.5,12991.0712890625,2102912
2022-06-15,12589.2861328125,13214.2861328125,12321.4287109375,12901.7861328125,3070480
2022-06-16,13437.5,13437.5,12500.0,12767.857421875,4518192
2022-06-17,12678.5712890625,13482.142578125,12589.2861328125,12857.142578125,2675792
2022-06-20,12589.2861328125,13392.857421875,12142.857421875,12946.4287109375,1914976
2022-06-21,12678.5712890625,13035.7138671875,12232.142578125,12276.7861328125,1503040
2022-06-22,13125.0,13526.7861328125,12767.857421875,12767.857421875,4369344
2022-06-23,12857.142578125,13482.142578125,12589.2861328125,12946.4287109375,827792
2022-06-24,12946.4287109375,13392.857421875,12901.7861328125,13035.7138671875,4604880
2022-06-27,13839.2861328125,13839.2861328125,13035.7138671875,13258.9287109375,13997760
2022-06-28,14285.7138671875,14508.9287109375,13839.2861328125,13928.5712890625,4710496
2022-06-29,14107.142578125,14508.9287109375,13392.857421875,13839.2861328125,3028928
2022-06-30,13169.642578125,14196.4287109375,13125.0,14107.142578125,2572304
2022-07-01,13571.4287109375,13839.2861328125,12321.4287109375,12946.4287109375,1443904
2022-07-04,13571.4287109375,14062.5,13482.142578125,13794.642578125,1292816
2022-07-05,13080.357421875,13616.0712890625,13080.357421875,13571.4287109375,1212400
2022-07-06,12767.857421875,12946.4287109375,12232.142578125,12678.5712890625,2600192
2022-07-07,12767.857421875,12767.857421875,12142.857421875,12678.5712890625,915488
2022-07-08,13125.0,13392.857421875,12678.5712890625,12812.5,1247680
2022-07-11,12767.857421875,13035.7138671875,12410.7138671875,12946.4287109375,1080352
2022-07-12,12991.0712890625,13080.357421875,12633.9287109375,12767.857421875,1146432
2022-07-13,13169.642578125,13392.857421875,13035.7138671875,13392.857421875,1754704
2022-07-14,13705.357421875,13750.0,12857.142578125,12991.0712890625,2540496
2022-07-15,13392.857421875,13794.642578125,13348.2138671875,13750.0,1300096
2022-07-18,13214.2861328125,13526.7861328125,13214.2861328125,13526.7861328125,1344336
2022-07-19,13035.7138671875,13258.9287109375,12901.7861328125,13214.2861328125,1490048
2022-07-20,13750.0,13928.5712890625,13035.7138671875,13392.857421875,4203920
2022-07-21,13303.5712890625,13705.357421875,13303.5712890625,13526.7861328125,2449216
2022-07-22,13214.2861328125,13571.4287109375,13214.2861328125,13303.5712890625,1185632
2022-07-25,12767.857421875,13125.0,12723.2138671875,12946.4287109375,1315888
2022-07-26,12767.857421875,12901.7861328125,12500.0,12767.857421875,1265264
2022-07-27,12678.5712890625,12767.857421875,12142.857421875,12544.642578125,1144304
2022-07-28,12767.857421875,13169.642578125,12767.857421875,12901.7861328125,1326192
2022-07-29,12767.857421875,13080.357421875,12678.5712890625,13080.357421875,818832
2022-08-01,13080.357421875,13392.857421875,12723.2138671875,12767.857421875,3034640
2022-08-02,13973.2138671875,13973.2138671875,13125.0,13214.2861328125,8459584
2022-08-03,14107.142578125,14553.5712890625,13750.0,13750.0,4366768
2022-08-04,14017.857421875,14419.642578125,13928.5712890625,14285.7138671875,4196192
2022-08-05,14508.9287109375,14642.857421875,13928.5712890625,13928.5712890625,4264624
2022-08-08,14598.2138671875,14776.7861328125,14464.2861328125,14732.142578125,4282544
2022-08-09,14687.5,14866.0712890625,14375.0,14598.2138671875,3099376
2022-08-10,14419.642578125,14687.5,14375.0,14553.5712890625,4987136
2022-08-11,13705.357421875,14732.142578125,13437.5,14687.5,5967024
2022-08-12,14062.5,14151.7861328125,13660.7138671875,13705.357421875,1261232
2022-08-15,14062.5,14375.0,13973.2138671875,14107.142578125,3344768
2022-08-16,14151.7861328125,14330.357421875,13839.2861328125,13839.2861328125,3761968
2022-08-17,13928.5712890625,14419.642578125,13794.642578125,14419.642578125,4085739
2022-08-18,13928.5712890625,14196.4287109375,13660.7138671875,13660.7138671875,3501904
2022-08-19,13839.2861328125,14151.7861328125,13794.642578125,13973.2138671875,1266048
2022-08-22,13928.5712890625,14107.142578125,13750.0,13794.642578125,1149008
2022-08-23,14107.142578125,14196.4287109375,13705.357421875,13750.0,1275120
2022-08-24,14598.2138671875,14821.4287109375,14196.4287109375,14241.0712890625,3836784
2022-08-25,14598.2138671875,14910.7138671875,14598.2138671875,14642.857421875,3619952
2022-08-26,14151.7861328125,14642.857421875,14107.142578125,14508.9287109375,1430800
2022-08-29,13616.0712890625,13928.5712890625,13214.2861328125,13571.4287109375,4593680
2022-08-30,13303.5712890625,13794.642578125,13303.5712890625,13750.0,2671984
2022-08-31,13392.857421875,13437.5,12946.4287109375,12946.4287109375,859040
2022-09-05,13169.642578125,13616.0712890625,13125.0,13616.0712890625,2190272
2022-09-06,13125.0,13348.2138671875,13125.0,13214.2861328125,2070656
2022-09-07,12767.857421875,13125.0,12767.857421875,13035.7138671875,2185456
2022-09-08,12678.5712890625,13080.357421875,12455.357421875,13080.357421875,2500848
2022-09-09,12678.5712890625,12767.857421875,12500.0,12678.5712890625,1779344
2022-09-12,12767.857421875,13035.7138671875,12723.2138671875,12767.857421875,1705312
2022-09-13,12767.857421875,12991.0712890625,12678.5712890625,12812.5,1648976
2022-09-14,12767.857421875,12857.142578125,12366.0712890625,12366.0712890625,1832096
2022-09-15,12767.857421875,12857.142578125,12633.9287109375,12857.142578125,1031296
2022-09-16,12455.357421875,12767.857421875,12321.4287109375,12678.5712890625,1774640
2022-09-19,11607.142578125,12410.7138671875,11607.142578125,12410.7138671875,2498944
2022-09-20,11517.857421875,11741.0712890625,10982.142578125,11607.142578125,2079392
2022-09-21,11428.5712890625,11473.2138671875,10982.142578125,11473.2138671875,1939952
2022-09-22,11607.142578125,11696.4287109375,11205.357421875,11428.5712890625,572432
2022-09-23,11651.7861328125,11785.7138671875,11383.9287109375,11785.7138671875,527184
2022-09-26,10937.5,11428.5712890625,10848.2138671875,11339.2861328125,1023680
2022-09-27,11428.5712890625,11428.5712890625,10892.857421875,10937.5,767984
2022-09-28,10669.642578125,11428.5712890625,10669.642578125,11428.5712890625,2206512
2022-09-29,10892.857421875,10982.142578125,10535.7138671875,10982.142578125,612080
2022-09-30,10625.0,10758.9287109375,10133.9287109375,10714.2861328125,1052128
2022-10-03,9910.7138671875,10535.7138671875,9910.7138671875,10535.7138671875,723072
2022-10-04,9241.0712890625,10000.0,9241.0712890625,9910.7138671875,1026816
2022-10-05,9866.0712890625,9866.0712890625,9196.4287109375,9285.7138671875,1877792
2022-10-06,9642.857421875,10000.0,9196.4287109375,10000.0,585872
2022-10-07,8973.2138671875,9285.7138671875,8973.2138671875,9017.857421875,525728
2022-10-10,8750.0,8973.2138671875,8348.2138671875,8348.2138671875,768096
2022-10-11,8142.85693359375,8401.7861328125,8142.85693359375,8348.2138671875,558208
2022-10-12,8482.142578125,8482.142578125,7580.35693359375,7580.35693359375,9731568
2022-10-13,8571.4287109375,8571.4287109375,8133.9287109375,8500.0,4473728
2022-10-14,8348.2138671875,8794.642578125,8125.0,8660.7138671875,3169488
2022-10-17,8303.5712890625,8303.5712890625,7857.14306640625,7857.14306640625,1332240
2022-10-18,8571.4287109375,8750.0,8348.2138671875,8473.2138671875,2247392
2022-10-19,8598.2138671875,8794.642578125,8446.4287109375,8625.0,2239664
2022-10-20,8455.357421875,8571.4287109375,8303.5712890625,8526.7861328125,362880
2022-10-21,7866.0712890625,8589.2861328125,7866.0712890625,8482.142578125,5898256
2022-10-24,7678.5712890625,7866.0712890625,7321.4287109375,7866.0712890625,1274000
2022-10-25,7767.85693359375,8035.71435546875,7232.14306640625,7321.4287109375,716688
2022-10-26,7741.0712890625,7928.5712890625,7500.0,7785.71435546875,405328
2022-10-27,8169.64306640625,8169.64306640625,7741.0712890625,7937.5,651504
2022-10-28,8133.9287109375,8321.4287109375,8062.5,8214.2861328125,661920
2022-10-31,7866.0712890625,8196.4287109375,7678.5712890625,8044.64306640625,237440
2022-11-01,7803.5712890625,8000.0,7732.14306640625,8000.0,433104
2022-11-02,7696.4287109375,7901.78564453125,7687.5,7839.28564453125,180320
2022-11-03,7607.14306640625,7776.78564453125,7544.64306640625,7776.78564453125,280448
2022-11-04,7589.28564453125,7589.28564453125,7080.35693359375,7589.28564453125,990304
2022-11-07,7312.5,7491.0712890625,7062.5,7187.5,761824
2022-11-08,7410.71435546875,7491.0712890625,6812.5,7142.85693359375,536816
2022-11-09,7410.71435546875,7437.5,7214.28564453125,7214.28564453125,228480
2022-11-10,7321.4287109375,7410.71435546875,6964.28564453125,7142.85693359375,3811696
2022-11-11,7312.5,7410.71435546875,7008.9287109375,7258.9287109375,10022745
2022-11-14,7187.5,7321.4287109375,6937.5,7321.4287109375,6626368
2022-11-15,7044.64306640625,7053.5712890625,6687.5,6785.71435546875,3113824
2022-11-16,7232.14306640625,7321.4287109375,6562.5,6562.5,1659504
2022-11-17,7455.35693359375,7589.28564453125,7142.85693359375,7285.71435546875,1165001
2022-11-18,7500.0,7580.35693359375,7062.5,7455.35693359375,1123808
2022-11-21,7401.78564453125,7580.35693359375,7312.5,7580.35693359375,2134832
2022-11-22,7571.4287109375,7776.78564453125,7214.28564453125,7321.4287109375,2059904
2022-11-23,7419.64306640625,7589.28564453125,7267.85693359375,7589.28564453125,17247776
2022-11-24,7303.5712890625,7419.64306640625,7160.71435546875,7419.64306640625,2384928
2022-11-25,7669.64306640625,7669.64306640625,7312.5,7348.21435546875,1517264
2022-11-28,8205.357421875,8205.357421875,7776.78564453125,8125.0,4097968
2022-11-29,8651.7861328125,8758.9287109375,8196.4287109375,8437.5,9896656
2022-11-30,8928.5712890625,9017.857421875,8482.142578125,8491.0712890625,16907072
2022-12-01,8705.357421875,9196.4287109375,8482.142578125,8928.5712890625,3399200
2022-12-02,8928.5712890625,8928.5712890625,8125.0,8125.0,3466400
2022-12-05,9553.5712890625,9553.5712890625,9017.857421875,9062.5,5688592
2022-12-06,9464.2861328125,10178.5712890625,9241.0712890625,9598.2138671875,8411424
2022-12-07,9375.0,9553.5712890625,9017.857421875,9375.0,3117632
2022-12-08,9732.142578125,10000.0,9375.0,9419.642578125,6786304
2022-12-09,9285.7138671875,9732.142578125,9241.0712890625,9687.5,1517936
2022-12-12,8928.5712890625,9553.5712890625,8750.0,9464.2861328125,3345104
2022-12-13,9196.4287109375,9375.0,8750.0,8928.5712890625,3174528
2022-12-14,9375.0,9687.5,9285.7138671875,9419.642578125,2773456
2022-12-15,9151.7861328125,9508.9287109375,9107.142578125,9375.0,1387120
2022-12-16,9285.7138671875,9464.2861328125,8892.857421875,8928.5712890625,2431184
2022-12-19,9241.0712890625,9687.5,9241.0712890625,9375.0,2374064
2022-12-20,8598.2138671875,9241.0712890625,8598.2138671875,9107.142578125,2522912
2022-12-21,8035.71435546875,8660.7138671875,8000.0,8616.0712890625,1669360
2022-12-22,8071.4287109375,8214.2861328125,7928.5712890625,8035.71435546875,650384
2022-12-23,8044.64306640625,8089.28564453125,7589.28564453125,8089.28564453125,728896
2022-12-26,7482.14306640625,8044.64306640625,7482.14306640625,7991.0712890625,1093456
2022-12-27,7776.78564453125,7776.78564453125,7330.35693359375,7482.14306640625,831600
2022-12-28,7767.85693359375,7812.5,7633.9287109375,7812.5,578368
2022-12-29,7705.35693359375,7812.5,7633.9287109375,7633.9287109375,547792
2022-12-30,7741.0712890625,7812.5,7669.64306640625,7812.5,565936
2023-01-03,8196.4287109375,8258.9287109375,7723.21435546875,7723.21435546875,1761200
2023-01-04,8160.71435546875,8339.2861328125,8035.71435546875,8339.2861328125,1279376
2023-01-05,8035.71435546875,8187.5,8017.85693359375,8125.0,1005200
2023-01-06,7946.4287109375,8125.0,7750.0,8116.0712890625,618240
2023-01-09,7946.4287109375,8035.71435546875,7910.71435546875,8035.71435546875,572880
2023-01-10,7937.5,8017.85693359375,7633.9287109375,7866.0712890625,486304
2023-01-11,8062.5,8125.0,7928.5712890625,7946.4287109375,1022448
2023-01-12,8026.78564453125,8080.35693359375,7982.14306640625,8080.35693359375,460992
2023-01-13,8035.71435546875,8214.2861328125,7946.4287109375,8107.14306640625,1186528
2023-01-16,7991.0712890625,8125.0,7767.85693359375,8035.71435546875,513408
2023-01-17,8151.78564453125,8169.64306640625,7812.5,8107.14306640625,1391600
2023-01-18,8375.0,8392.857421875,8053.5712890625,8214.2861328125,1671040
2023-01-19,8392.857421875,8437.5,8223.2138671875,8366.0712890625,1484784
2023-01-27,8366.0712890625,8553.5712890625,8366.0712890625,8392.857421875,1650768
2023-01-30,8678.5712890625,8839.2861328125,8214.2861328125,8366.0712890625,5223344
2023-01-31,8812.5,8812.5,8500.0,8678.5712890625,1953392
2023-02-01,8223.2138671875,8910.7138671875,8196.4287109375,8821.4287109375,3519376
2023-02-02,8214.2861328125,8303.5712890625,8035.71435546875,8223.2138671875,1979264
2023-02-03,8169.64306640625,8214.2861328125,7866.0712890625,8214.2861328125,2408000
2023-02-06,8214.2861328125,8214.2861328125,8035.71435546875,8035.71435546875,3630592
2023-02-07,8035.71435546875,8348.2138671875,8035.71435546875,8214.2861328125,1978704
2023-02-08,8035.71435546875,8125.0,7812.5,8035.71435546875,2223648
2023-02-09,8035.71435546875,8098.21435546875,7901.78564453125,8062.5,2366672
2023-02-10,7937.5,8062.5,7866.0712890625,7964.28564453125,1689968
2023-02-13,7589.28564453125,7901.78564453125,7571.4287109375,7883.9287109375,6666912
2023-02-14,7723.21435546875,7723.21435546875,7508.9287109375,7589.28564453125,6729632
2023-02-15,7803.5712890625,7848.21435546875,7678.5712890625,7723.21435546875,1213296
2023-02-16,7883.9287109375,7883.9287109375,7758.9287109375,7803.5712890625,996800
2023-02-17,7883.9287109375,7964.28564453125,7776.78564453125,7857.14306640625,6378400
2023-02-20,8258.9287109375,8258.9287109375,7785.71435546875,7857.14306640625,2815008
2023-02-21,8258.9287109375,8303.5712890625,8125.0,8276.7861328125,2729440
2023-02-22,7946.4287109375,8205.357421875,7910.71435546875,8133.9287109375,2436896
2023-02-23,7946.4287109375,8035.71435546875,7678.5712890625,7946.4287109375,14868000
2023-02-24,7883.9287109375,7946.4287109375,7732.14306640625,7946.4287109375,943712
2023-02-27,7678.5712890625,7767.85693359375,7589.28564453125,7633.9287109375,652624
2023-02-28,7892.85693359375,7910.71435546875,7616.0712890625,7687.5,9752176
2023-03-01,7973.21435546875,7991.0712890625,7750.0,7946.4287109375,1313760
2023-03-02,8107.14306640625,8125.0,7857.14306640625,7901.78564453125,1610784
2023-03-03,7991.0712890625,8125.0,7901.78564453125,8080.35693359375,1242304
2023-03-06,7964.28564453125,8125.0,7928.5712890625,8000.0,1249248
2023-03-07,8392.857421875,8517.857421875,7973.21435546875,7973.21435546875,5350688
2023-03-08,8553.5712890625,8562.5,8223.2138671875,8348.2138671875,2911664
2023-03-09,8455.357421875,8571.4287109375,8383.9287109375,8517.857421875,1887872
2023-03-10,8258.9287109375,8410.7138671875,8133.9287109375,8348.2138671875,1958432
2023-03-13,8303.5712890625,8348.2138671875,8053.5712890625,8080.35693359375,2237200
2023-03-14,8169.64306640625,8303.5712890625,8080.35693359375,8303.5712890625,1337952
2023-03-15,8705.357421875,8732.142578125,8223.2138671875,8223.2138671875,5037760
2023-03-16,8607.142578125,8705.357421875,8482.142578125,8616.0712890625,1907808
2023-03-17,8544.642578125,8758.9287109375,8446.4287109375,8660.7138671875,1578528
2023-03-20,8187.5,8571.4287109375,8089.28564453125,8482.142578125,2495696
2023-03-21,8267.857421875,8267.857421875,8053.5712890625,8214.2861328125,1335936
2023-03-22,8348.2138671875,8357.142578125,8267.857421875,8267.857421875,1385776
2023-03-23,8464.2861328125,8482.142578125,8160.71435546875,8160.71435546875,2375856
2023-03-24,8455.357421875,8571.4287109375,8455.357421875,8464.2861328125,2360288
2023-03-27,8616.0712890625,8651.7861328125,8383.9287109375,8437.5,2551472
2023-03-28,8625.0,8741.0712890625,8535.7138671875,8580.357421875,2805152
2023-03-29,8571.4287109375,8714.2861328125,8562.5,8598.2138671875,1191568
2023-03-30,8928.5712890625,9017.857421875,8607.142578125,8616.0712890625,5573904
2023-03-31,9062.5,9062.5,8794.642578125,8875.0,2813104
2023-04-03,9375.0,9375.0,9062.5,9151.7861328125,3939488
2023-04-04,10000.0,10000.0,9241.0712890625,9419.642578125,8212960
2023-04-05,10669.642578125,10669.642578125,10000.0,10000.0,7671776
2023-04-06,10357.142578125,11205.357421875,10357.142578125,10714.2861328125,4876704
2023-04-07,10803.5712890625,10937.5,10312.5,10535.7138671875,5021296
2023-04-10,10937.5,11428.5712890625,10714.2861328125,10892.857421875,4776688
2023-04-11,10937.5,10982.142578125,10446.4287109375,10937.5,2614080
2023-04-12,10892.857421875,11160.7138671875,10625.0,11026.7861328125,5419568
2023-04-13,10491.0712890625,10937.5,10491.0712890625,10803.5712890625,2426032
2023-04-14,10357.142578125,10669.642578125,10357.142578125,10625.0,1837584
2023-04-17,10446.4287109375,10446.4287109375,10178.5712890625,10267.857421875,1780352
2023-04-18,10848.2138671875,11071.4287109375,10357.142578125,10446.4287109375,2564128
2023-04-19,10892.857421875,11250.0,10758.9287109375,10848.2138671875,2294544
2023-04-20,10803.5712890625,11026.7861328125,10758.9287109375,10892.857421875,1285200
2023-04-21,11517.857421875,11517.857421875,10714.2861328125,10803.5712890625,5791184
2023-04-24,11830.357421875,12321.4287109375,11562.5,11785.7138671875,2943024
2023-04-25,11026.7861328125,11830.357421875,11026.7861328125,11830.357421875,5056128
2023-04-26,11026.7861328125,11116.0712890625,10580.357421875,10714.2861328125,2830352
2023-04-27,10892.857421875,11116.0712890625,10758.9287109375,11116.0712890625,1388016
2023-04-28,11116.0712890625,11160.7138671875,10892.857421875,10892.857421875,1109472
2023-05-04,11785.7138671875,11875.0,10937.5,10937.5,4797520
2023-05-05,11517.857421875,11875.0,11339.2861328125,11562.5,1486576
2023-05-08,11875.0,12098.2138671875,11428.5712890625,11517.857421875,3485888
2023-05-09,12053.5712890625,12053.5712890625,11651.7861328125,11875.0,2027760
2023-05-10,11964.2861328125,12678.5712890625,11919.642578125,12053.5712890625,4555152
2023-05-11,11741.0712890625,12232.142578125,11607.142578125,12008.9287109375,2626400
2023-05-12,12053.5712890625,12053.5712890625,11651.7861328125,11785.7138671875,1435056
2023-05-15,11651.7861328125,12232.142578125,11651.7861328125,11964.2861328125,1755264
2023-05-16,12053.5712890625,12053.5712890625,11562.5,11607.142578125,2246272
2023-05-17,11785.7138671875,12500.0,11785.7138671875,11875.0,4799312
2023-05-18,12008.9287109375,12187.5,11785.7138671875,11875.0,1720320
2023-05-19,12008.9287109375,12187.5,11785.7138671875,12008.9287109375,7372064
2023-05-22,12053.5712890625,12187.5,11964.2861328125,12098.2138671875,1453424
2023-05-23,12142.857421875,12276.7861328125,12008.9287109375,12232.142578125,9484048
2023-05-24,12544.642578125,12633.9287109375,12142.857421875,12232.142578125,4595360
2023-05-25,12142.857421875,12544.642578125,12098.2138671875,12500.0,2924880
2023-05-26,12232.142578125,12366.0712890625,11919.642578125,12232.142578125,1875104
2023-05-29,12633.9287109375,12633.9287109375,12142.857421875,12276.7861328125,3187072
2023-05-30,12633.9287109375,12678.5712890625,12410.7138671875,12633.9287109375,2442720
2023-05-31,12366.0712890625,12812.5,12366.0712890625,12633.9287109375,1806448
2023-06-01,13035.7138671875,13214.2861328125,12321.4287109375,12366.0712890625,6595232
2023-06-02,12991.0712890625,13303.5712890625,12767.857421875,13125.0,3331776
2023-06-05,12678.5712890625,13125.0,12589.2861328125,12991.0712890625,2916480
2023-06-06,13258.9287109375,13348.2138671875,12589.2861328125,12678.5712890625,3822000
2023-06-07,13392.857421875,13392.857421875,12946.4287109375,13258.9287109375,2756320
2023-06-08,12857.142578125,13392.857421875,12857.142578125,13214.2861328125,1863456
2023-06-09,12901.7861328125,13035.7138671875,12678.5712890625,12901.7861328125,2081296
2023-06-12,12901.7861328125,13169.642578125,12544.642578125,12946.4287109375,2113776
2023-06-13,12946.4287109375,13035.7138671875,12723.2138671875,12857.142578125,1262464
2023-06-14,12901.7861328125,13169.642578125,12767.857421875,13169.642578125,3624768
2023-06-15,12946.4287109375,12946.4287109375,12589.2861328125,12901.7861328125,1125152
2023-06-16,13125.0,13794.642578125,13035.7138671875,13080.357421875,7488320
2023-06-19,13035.7138671875,13258.9287109375,12991.0712890625,13080.357421875,3151344
2023-06-20,13169.642578125,13169.642578125,12901.7861328125,13035.7138671875,2286816
2023-06-21,13660.7138671875,13839.2861328125,13080.357421875,13169.642578125,6512128
2023-06-22,13705.357421875,13839.2861328125,13437.5,13660.7138671875,2137520
2023-06-23,13928.5712890625,14017.857421875,13482.142578125,13750.0,5028352
2023-06-26,13660.7138671875,13928.5712890625,13125.0,13750.0,2232048
2023-06-27,13660.7138671875,13973.2138671875,13616.0712890625,13705.357421875,3295376
2023-06-28,13794.642578125,13928.5712890625,13660.7138671875,13839.2861328125,2141888
2023-06-29,13392.857421875,13839.2861328125,13392.857421875,13794.642578125,1973776
2023-06-30,13526.7861328125,13616.0712890625,13214.2861328125,13392.857421875,2401056
2023-07-03,13705.357421875,13750.0,13526.7861328125,13750.0,1273664
2023-07-04,13883.9287109375,13973.2138671875,13616.0712890625,13705.357421875,2015664
2023-07-05,14285.7138671875,14553.5712890625,13883.9287109375,14151.7861328125,4397232
2023-07-06,13839.2861328125,14330.357421875,13660.7138671875,14241.0712890625,2839984
2023-07-07,13839.2861328125,13883.9287109375,13526.7861328125,13705.357421875,2394224
2023-07-10,14107.142578125,14375.0,13794.642578125,13839.2861328125,4716992
2023-07-11,13928.5712890625,14241.0712890625,13794.642578125,14107.142578125,2958704
2023-07-12,13750.0,14285.7138671875,13705.357421875,13928.5712890625,3506832
2023-07-13,13839.2861328125,13883.9287109375,13705.357421875,13839.2861328125,1441440
2023-07-14,13839.2861328125,14062.5,13660.7138671875,13839.2861328125,1996176
2023-07-17,14196.4287109375,14375.0,14017.857421875,14017.857421875,4403168
2023-07-18,14151.7861328125,14285.7138671875,14062.5,14241.0712890625,1993152
2023-07-19,13973.2138671875,14285.7138671875,13973.2138671875,14151.7861328125,1807232
2023-07-20,13526.7861328125,13883.9287109375,13303.5712890625,13839.2861328125,3900288
2023-07-21,13660.7138671875,13660.7138671875,13392.857421875,13571.4287109375,2127888
2023-07-24,13928.5712890625,13928.5712890625,13660.7138671875,13794.642578125,1831648
2023-07-25,13839.2861328125,14107.142578125,13750.0,13973.2138671875,1395072
2023-07-26,14017.857421875,14196.4287109375,13750.0,13750.0,3421936
2023-07-27,14017.857421875,14062.5,13794.642578125,14017.857421875,1506960
2023-07-28,14821.4287109375,14821.4287109375,14017.857421875,14017.857421875,10139248
2023-07-31,14910.7138671875,15089.2861328125,14553.5712890625,15089.2861328125,3434592
2023-08-01,14464.2861328125,15044.642578125,14464.2861328125,14910.7138671875,2948736
2023-08-02,14642.857421875,14642.857421875,14330.357421875,14375.0,1801744
2023-08-03,14464.2861328125,14776.7861328125,14419.642578125,14732.142578125,2061248
2023-08-04,15178.5712890625,15178.5712890625,14419.642578125,14553.5712890625,5309696
2023-08-07,15223.2138671875,15446.4287109375,14955.357421875,15446.4287109375,3148880
2023-08-08,15089.2861328125,15312.5,14955.357421875,15267.857421875,2344832
2023-08-09,15000.0,15089.2861328125,14866.0712890625,15089.2861328125,1495088
2023-08-10,14642.857421875,15044.642578125,14642.857421875,15000.0,2220960
2023-08-11,14687.5,14776.7861328125,14285.7138671875,14553.5712890625,1774640
2023-08-14,15000.0,15267.857421875,14687.5,14821.4287109375,5176304
2023-08-15,14866.0712890625,14955.357421875,14732.142578125,14910.7138671875,2146928
2023-08-16,15089.2861328125,15089.2861328125,14598.2138671875,14866.0712890625,1512560
2023-08-17,14955.357421875,15580.357421875,14955.357421875,15178.5712890625,4173008
2023-08-18,13928.5712890625,14910.7138671875,13928.5712890625,14821.4287109375,4314576
2023-08-21,14151.7861328125,14330.357421875,13750.0,13839.2861328125,2652384
2023-08-22,14375.0,14419.642578125,13526.7861328125,14151.7861328125,2132144
2023-08-23,14419.642578125,14642.857421875,14241.0712890625,14375.0,3038560
2023-08-24,14642.857421875,14732.142578125,14330.357421875,14419.642578125,3027584
2023-08-25,14866.0712890625,14955.357421875,14553.5712890625,14642.857421875,3349808
2023-08-28,15892.857421875,15892.857421875,14732.142578125,14776.7861328125,9578128
2023-08-29,16160.7138671875,16294.642578125,15892.857421875,16071.4287109375,4234384
2023-08-30,17142.857421875,17142.857421875,15937.5,16116.0712890625,4732336
2023-08-31,16964.28515625,17276.78515625,16785.71484375,17142.857421875,3722656
2023-09-05,17276.78515625,17276.78515625,16875.0,17142.857421875,3493616
2023-09-06,17991.072265625,18303.572265625,16964.28515625,17098.21484375,4181072
2023-09-07,17767.857421875,18258.927734375,17544.642578125,18125.0,3262784
2023-09-08,17366.072265625,17857.142578125,17321.427734375,17723.21484375,4254656
2023-09-11,16964.28515625,17678.572265625,16964.28515625,17410.71484375,5157712
2023-09-12,18035.71484375,18035.71484375,16964.28515625,17053.572265625,4981648
2023-09-13,17589.28515625,18035.71484375,17366.072265625,18035.71484375,5736192
2023-09-14,17142.857421875,17589.28515625,17098.21484375,17589.28515625,4195744
2023-09-15,17321.427734375,17410.71484375,17008.927734375,17410.71484375,1954400
2023-09-18,17053.572265625,17500.0,16964.28515625,17187.5,3372544
2023-09-19,17767.857421875,17767.857421875,16919.642578125,17142.857421875,3878896
2023-09-20,18973.21484375,18973.21484375,17857.142578125,17901.78515625,8918448
2023-09-21,18437.5,19241.072265625,18214.28515625,19107.142578125,4399248
2023-09-22,17187.5,17946.427734375,17187.5,17678.572265625,8922144
2023-09-25,16026.7861328125,17187.5,16026.7861328125,16696.427734375,10577168
2023-09-26,16071.4287109375,17098.21484375,15669.642578125,15669.642578125,8148672
2023-09-27,17053.572265625,17053.572265625,16026.7861328125,16517.857421875,5807872
2023-09-28,16741.072265625,17142.857421875,16562.5,17098.21484375,3096464
2023-09-29,16517.857421875,17008.927734375,16473.21484375,16785.71484375,3239600
2023-10-02,16428.572265625,16741.072265625,16294.642578125,16607.142578125,1540224
2023-10-03,15312.5,16250.0,15312.5,16250.0,3805984
2023-10-04,15803.5712890625,16071.4287109375,14508.9287109375,14508.9287109375,2342592
2023-10-05,14821.4287109375,15937.5,14821.4287109375,15892.857421875,1866816
2023-10-06,15580.357421875,15625.0,14732.142578125,14866.0712890625,3815504
2023-10-09,15803.5712890625,16071.4287109375,15401.7861328125,15580.357421875,3051440
2023-10-10,15892.857421875,16160.7138671875,15848.2138671875,15848.2138671875,3194688
2023-10-11,16473.21484375,16517.857421875,15625.0,15892.857421875,4796848
2023-10-12,16517.857421875,16696.427734375,16250.0,16473.21484375,2531088
2023-10-13,16071.4287109375,16339.2861328125,15669.642578125,16339.2861328125,2462208
2023-10-16,15446.4287109375,16071.4287109375,15357.142578125,15892.857421875,1515584
2023-10-17,15000.0,15848.2138671875,15000.0,15446.4287109375,2336656
2023-10-18,14285.7138671875,15357.142578125,13973.2138671875,15357.142578125,3541216
2023-10-19,13392.857421875,14241.0712890625,13392.857421875,14241.0712890625,1875216
2023-10-20,14330.357421875,14330.357421875,12946.4287109375,13392.857421875,2850288
2023-10-23,13883.9287109375,14330.357421875,13883.9287109375,14285.7138671875,1377152
2023-10-24,14642.857421875,14821.4287109375,13705.357421875,13883.9287109375,4866400
2023-10-25,14196.4287109375,14821.4287109375,14107.142578125,14553.5712890625,2068528
2023-10-26,13303.5712890625,14642.857421875,13214.2861328125,14642.857421875,2461088
2023-10-27,13482.142578125,13571.4287109375,12767.857421875,13392.857421875,843360
2023-10-30,12812.5,13526.7861328125,12812.5,13482.142578125,1421392
2023-10-31,12053.5712890625,12946.4287109375,11919.642578125,12678.5712890625,1682352
2023-11-01,12857.142578125,12857.142578125,11785.7138671875,11785.7138671875,3375680
2023-11-02,13750.0,13750.0,12857.142578125,12991.0712890625,6011712
2023-11-03,13794.642578125,13794.642578125,13348.2138671875,13571.4287109375,1538992
2023-11-06,13883.9287109375,14062.5,13705.357421875,13794.642578125,1563072
2023-11-07,13526.7861328125,14017.857421875,13482.142578125,13839.2861328125,1034880
2023-11-08,14464.2861328125,14464.2861328125,13526.7861328125,13526.7861328125,6021008
2023-11-09,14553.5712890625,15223.2138671875,14508.9287109375,14732.142578125,6137824
2023-11-10,14375.0,14955.357421875,14330.357421875,14508.9287109375,3382624
2023-11-13,14196.4287109375,14553.5712890625,13973.2138671875,14285.7138671875,2560544
2023-11-14,14642.857421875,14732.142578125,14330.357421875,14553.5712890625,4395104
2023-11-15,14598.2138671875,15178.5712890625,14508.9287109375,15044.642578125,4353888
2023-11-16,14732.142578125,14732.142578125,14330.357421875,14553.5712890625,2362080
2023-11-17,14508.9287109375,15044.642578125,14285.7138671875,14821.4287109375,5286512
2023-11-20,14732.142578125,14910.7138671875,14017.857421875,14062.5,2921632
2023-11-21,15000.0,15044.642578125,14687.5,14821.4287109375,2448656
2023-11-22,15491.0712890625,15491.0712890625,14910.7138671875,15000.0,7479808
2023-11-23,14553.5712890625,15580.357421875,14553.5712890625,15491.0712890625,4141648
2023-11-24,14910.7138671875,14910.7138671875,14062.5,14732.142578125,3420032
2023-11-27,14419.642578125,14866.0712890625,14375.0,14866.0712890625,1285984
2023-11-28,14642.857421875,14642.857421875,13973.2138671875,14330.357421875,2211216
2023-11-29,14776.7861328125,14866.0712890625,14598.2138671875,14687.5,1754592
2023-11-30,14642.857421875,15000.0,14642.857421875,14821.4287109375,2696624
2023-12-01,14821.4287109375,14910.7138671875,14508.9287109375,14687.5,1605968
2023-12-04,15446.4287109375,15848.2138671875,15044.642578125,15089.2861328125,4372816
2023-12-05,15401.7861328125,15491.0712890625,15267.857421875,15446.4287109375,2403520
2023-12-06,15491.0712890625,15535.7138671875,15267.857421875,15491.0712890625,2438688
2023-12-07,14866.0712890625,15669.642578125,14732.142578125,15625.0,4703328
2023-12-08,14642.857421875,14955.357421875,14553.5712890625,14910.7138671875,1788752
2023-12-11,14732.142578125,14866.0712890625,14508.9287109375,14821.4287109375,1204000
2023-12-12,14776.7861328125,14910.7138671875,14687.5,14910.7138671875,734160
2023-12-13,14508.9287109375,14910.7138671875,14508.9287109375,14866.0712890625,1137808
2023-12-14,14553.5712890625,14866.0712890625,14508.9287109375,14866.0712890625,1182048
2023-12-15,14598.2138671875,14866.0712890625,14419.642578125,14598.2138671875,1154832
2023-12-18,14419.642578125,14642.857421875,14419.642578125,14642.857421875,972832
2023-12-19,14642.857421875,14732.142578125,14375.0,14732.142578125,999712
2023-12-20,14687.5,14776.7861328125,14553.5712890625,14687.5,1088640
2023-12-21,14642.857421875,14732.142578125,14553.5712890625,14553.5712890625,875392
2023-12-22,14732.142578125,15223.2138671875,14642.857421875,14642.857421875,2480240
2023-12-25,14821.4287109375,14955.357421875,14687.5,14732.142578125,945728
2023-12-26,14866.0712890625,15000.0,14776.7861328125,14866.0712890625,1250032
2023-12-27,14910.7138671875,15089.2861328125,14866.0712890625,15089.2861328125,1227408
2023-12-28,14910.7138671875,14955.357421875,14776.7861328125,14955.357421875,1172304
2023-12-29,15178.5712890625,15267.857421875,14955.357421875,15000.0,2946160
2024-01-02,15267.857421875,15491.0712890625,15089.2861328125,15401.7861328125,3207008
2024-01-03,15446.4287109375,15446.4287109375,15223.2138671875,15267.857421875,1797712
2024-01-04,15401.7861328125,15714.2861328125,15401.7861328125,15535.7138671875,3953712
2024-01-05,15401.7861328125,15535.7138671875,15312.5,15446.4287109375,1744624
2024-01-08,16205.357421875,16473.21484375,15580.357421875,15580.357421875,7324128
2024-01-09,15892.857421875,16294.642578125,15848.2138671875,16294.642578125,3433360
2024-01-10,15714.2861328125,15937.5,15491.0712890625,15892.857421875,3529680
2024-01-11,15848.2138671875,16205.357421875,15758.9287109375,15892.857421875,2605120
2024-01-12,15580.357421875,15848.2138671875,15312.5,15625.0,3473456
2024-01-15,15312.5,15758.9287109375,15312.5,15714.2861328125,1693888
2024-01-16,15267.857421875,15357.142578125,15000.0,15223.2138671875,3634512
2024-01-17,15535.7138671875,15892.857421875,15357.142578125,15491.0712890625,5933872
2024-01-18,13571.4287109375,13883.9287109375,13482.142578125,13660.7138671875,3204320
2024-01-19,13660.7138671875,13705.357421875,13526.7861328125,13616.0712890625,1756048
2024-01-22,13705.357421875,13839.2861328125,13526.7861328125,13750.0,1686720
2024-01-23,13660.7138671875,13750.0,13571.4287109375,13571.4287109375,950208
2024-01-24,13705.357421875,13928.5712890625,13616.0712890625,13660.7138671875,2775472
2024-01-25,13660.7138671875,13839.2861328125,13660.7138671875,13705.357421875,1289232
2024-01-26,13660.7138671875,13705.357421875,13616.0712890625,13705.357421875,858592
2024-01-29,13705.357421875,13750.0,13616.0712890625,13660.7138671875,903280
2024-01-30,13750.0,13750.0,13616.0712890625,13705.357421875,940128
2024-01-31,13750.0,14107.142578125,13750.0,13750.0,3144400
2024-02-01,13928.5712890625,14017.857421875,13794.642578125,13839.2861328125,1767808
2024-02-02,13973.2138671875,14151.7861328125,13928.5712890625,14017.857421875,1986096
2024-02-05,14151.7861328125,14151.7861328125,13839.2861328125,13973.2138671875,2576448
2024-02-06,14553.5712890625,14732.142578125,14196.4287109375,14196.4287109375,4190368
2024-02-07,14642.857421875,14687.5,14419.642578125,14508.9287109375,2611392
2024-02-15,14642.857421875,14776.7861328125,14508.9287109375,14642.857421875,2571072
2024-02-16,14464.2861328125,14687.5,14375.0,14642.857421875,3856048
2024-02-19,14330.357421875,14464.2861328125,14107.142578125,14464.2861328125,2738624
2024-02-20,14464.2861328125,14642.857421875,14375.0,14375.0,2599184
2024-02-21,14375.0,14553.5712890625,14285.7138671875,14464.2861328125,1820112
2024-02-22,14553.5712890625,14732.142578125,14330.357421875,14330.357421875,4576320
2024-02-23,14241.0712890625,14642.857421875,14151.7861328125,14553.5712890625,3991904
2024-02-26,14866.0712890625,14910.7138671875,14151.7861328125,14241.0712890625,5254816
2024-02-27,14866.0712890625,14955.357421875,14732.142578125,14910.7138671875,3241616
2024-02-28,15178.5712890625,15312.5,14866.0712890625,14955.357421875,10143056
2024-02-29,15044.642578125,15446.4287109375,15000.0,15178.5712890625,5492368
2024-03-01,15178.5712890625,15625.0,15133.9287109375,15178.5712890625,6516272
2024-03-04,15178.5712890625,15401.7861328125,15000.0,15357.142578125,18041072
2024-03-05,15178.5712890625,15223.2138671875,14821.4287109375,15178.5712890625,4505200
2024-03-06,14910.7138671875,15357.142578125,14866.0712890625,15223.2138671875,2992528
2024-03-07,15446.4287109375,15625.0,14910.7138671875,14910.7138671875,9275728
2024-03-08,15178.5712890625,15625.0,15178.5712890625,15491.0712890625,6375824
2024-03-11,14866.0712890625,15178.5712890625,14732.142578125,15178.5712890625,4968208
2024-03-12,14955.357421875,14955.357421875,14776.7861328125,14866.0712890625,4231360
2024-03-13,15982.142578125,15982.142578125,14955.357421875,15089.2861328125,12931520
2024-03-14,16339.2861328125,16607.142578125,15848.2138671875,16250.0,14723296
2024-03-15,16071.4287109375,16339.2861328125,15669.642578125,16250.0,6926976
2024-03-18,15267.857421875,16250.0,14955.357421875,15982.142578125,8600704
2024-03-19,15000.0,15401.7861328125,14955.357421875,15312.5,2771552
2024-03-20,15357.142578125,15446.4287109375,14955.357421875,15000.0,2931040
2024-03-21,15535.7138671875,15848.2138671875,15401.7861328125,15669.642578125,3740800
2024-03-22,15580.357421875,15848.2138671875,15357.142578125,15714.2861328125,4666480
2024-03-25,15491.0712890625,15892.857421875,15446.4287109375,15580.357421875,5297600
2024-03-26,15669.642578125,15669.642578125,15178.5712890625,15357.142578125,2618336
2024-03-27,15714.2861328125,15937.5,15491.0712890625,15803.5712890625,2661120
2024-03-28,15937.5,16026.7861328125,15535.7138671875,15892.857421875,5590144
2024-03-29,15580.357421875,16071.4287109375,15580.357421875,16071.4287109375,3659600
2024-04-01,15625.0,15714.2861328125,15357.142578125,15535.7138671875,2911552
2024-04-02,15669.642578125,15669.642578125,15312.5,15446.4287109375,3417456
2024-04-03,15357.142578125,15892.857421875,15267.857421875,15714.2861328125,5172496
2024-04-04,15089.2861328125,15446.4287109375,15044.642578125,15357.142578125,3019408
2024-04-05,14285.7138671875,15000.0,14285.7138671875,14955.357421875,5160960
2024-04-08,14285.7138671875,14598.2138671875,14285.7138671875,14330.357421875,2870560
2024-04-09,14687.5,14732.142578125,14285.7138671875,14464.2861328125,2191728
2024-04-10,14375.0,14776.7861328125,14375.0,14776.7861328125,1611344
2024-04-11,14419.642578125,14464.2861328125,14107.142578125,14285.7138671875,2395456
2024-04-12,14553.5712890625,14687.5,14285.7138671875,14553.5712890625,2302384
2024-04-15,13571.4287109375,14642.857421875,13571.4287109375,14508.9287109375,5107536
2024-04-16,13348.2138671875,13705.357421875,12901.7861328125,13482.142578125,4226992
2024-04-17,12678.5712890625,13482.142578125,12678.5712890625,13482.142578125,3123904
2024-04-19,12276.7861328125,12723.2138671875,11919.642578125,12410.7138671875,4743984
2024-04-22,13125.0,13125.0,12410.7138671875,12633.9287109375,5787824
2024-04-23,12678.5712890625,13125.0,12589.2861328125,12946.4287109375,1617280
2024-04-24,13080.357421875,13214.2861328125,12767.857421875,12946.4287109375,3372880
2024-04-25,12901.7861328125,13080.357421875,12767.857421875,13035.7138671875,1279488
2024-04-26,12767.857421875,13035.7138671875,12678.5712890625,12678.5712890625,1193360
2024-05-02,12678.5712890625,12857.142578125,12500.0,12857.142578125,1503936
2024-05-03,12678.5712890625,12901.7861328125,12678.5712890625,12812.5,1209600
2024-05-06,13303.5712890625,13392.857421875,12723.2138671875,12812.5,3066448
2024-05-07,13258.9287109375,13348.2138671875,13080.357421875,13348.2138671875,1326752
2024-05-08,13125.0,13303.5712890625,13035.7138671875,13125.0,2066176
2024-05-09,13035.7138671875,13303.5712890625,12991.0712890625,13169.642578125,1248128
2024-05-10,13214.2861328125,13214.2861328125,12946.4287109375,13080.357421875,1383536
2024-05-13,13258.9287109375,13482.142578125,13125.0,13214.2861328125,7852936
2024-05-14,13258.9287109375,13392.857421875,13169.642578125,13214.2861328125,2430288
2024-05-15,13526.7861328125,13883.9287109375,13258.9287109375,13258.9287109375,11630192
2024-05-16,13571.4287109375,13794.642578125,13526.7861328125,13571.4287109375,2375072
2024-05-17,13616.0712890625,13883.9287109375,13526.7861328125,13571.4287109375,5476128
2024-05-20,13616.0712890625,13883.9287109375,13616.0712890625,13883.9287109375,3041584
2024-05-21,13526.7861328125,13571.4287109375,13303.5712890625,13482.142578125,6612592
2024-05-22,13660.7138671875,13973.2138671875,13526.7861328125,13526.7861328125,6592992
2024-05-23,14062.5,14107.142578125,13526.7861328125,13616.0712890625,10709160
2024-05-24,13482.142578125,14062.5,13214.2861328125,13839.2861328125,4310992
2024-05-27,13482.142578125,13571.4287109375,13392.857421875,13437.5,4812192
2024-05-28,14196.4287109375,14285.7138671875,13482.142578125,13616.0712890625,10204544
2024-05-29,14508.9287109375,14821.4287109375,13928.5712890625,14196.4287109375,12548256
2024-05-30,14910.7138671875,15044.642578125,14285.7138671875,14285.7138671875,15670144
2024-05-31,14508.9287109375,15178.5712890625,14464.2861328125,14910.7138671875,8607984
2024-06-03,14553.5712890625,14776.7861328125,14508.9287109375,14776.7861328125,9585072
2024-06-04,14375.0,14776.7861328125,14375.0,14598.2138671875,6295632
2024-06-05,14419.642578125,14776.7861328125,14419.642578125,14419.642578125,7428456
2024-06-06,14553.5712890625,14687.5,14285.7138671875,14553.5712890625,4446736
2024-06-07,14598.2138671875,14687.5,14508.9287109375,14642.857421875,4632096
2024-06-10,14866.0712890625,15044.642578125,14642.857421875,14732.142578125,8471008
2024-06-11,14732.142578125,14866.0712890625,14508.9287109375,14821.4287109375,5373088
2024-06-12,14866.0712890625,15178.5712890625,14732.142578125,14732.142578125,9516864
2024-06-13,14642.857421875,15000.0,14553.5712890625,14955.357421875,7264432
2024-06-14,14350.0,15000.0,14350.0,14900.0,5891400
2024-06-17,14000.0,14350.0,13950.0,14300.0,6341100
2024-06-18,14100.0,14250.0,14050.0,14100.0,1451200
2024-06-19,14050.0,14250.0,13900.0,14100.0,6282500
2024-06-20,13800.0,14100.0,13550.0,14000.0,3752000
2024-06-21,13900.0,13950.0,13650.0,13850.0,4861500
2024-06-24,13100.0,13900.0,12950.0,13700.0,5628400
2024-06-25,13150.0,13250.0,13000.0,13200.0,1673900
2024-06-26,13100.0,13300.0,12950.0,13200.0,1733600
2024-06-27,13000.0,13100.0,12950.0,13050.0,1584700
2024-06-28,12600.0,13100.0,12600.0,13050.0,2040300
2024-07-01,12850.0,12950.0,12600.0,12650.0,1702500
2024-07-02,13150.0,13200.0,12950.0,13000.0,1082500
2024-07-03,13150.0,13300.0,13100.0,13200.0,631600
2024-07-04,13200.0,13400.0,13150.0,13150.0,1244900
2024-07-05,13050.0,13250.0,13000.0,13200.0,1301300
2024-07-08,13300.0,13550.0,13100.0,13100.0,4220900
2024-07-09,13500.0,13550.0,13200.0,13400.0,2284200
2024-07-10,13250.0,13600.0,13200.0,13450.0,1695300
2024-07-11,13400.0,13500.0,13300.0,13350.0,1963100
2024-07-12,13150.0,13500.0,13100.0,13400.0,1609400
2024-07-15,13200.0,13400.0,13150.0,13150.0,1147600
2024-07-16,13150.0,13350.0,13150.0,13150.0,1544400
2024-07-17,12800.0,13300.0,12250.0,13300.0,2424500
2024-07-18,13000.0,13000.0,12600.0,12900.0,1082900
2024-07-19,12900.0,13100.0,12700.0,12900.0,1766900
2024-07-22,13050.0,13250.0,12850.0,12950.0,2718300
2024-07-23,12800.0,13300.0,12700.0,13200.0,1503100
2024-07-24,12950.0,13000.0,12300.0,12700.0,2090800
2024-07-25,12700.0,12900.0,12550.0,12900.0,617000
2024-07-26,12850.0,12900.0,12750.0,12750.0,832200
2024-07-29,13000.0,13100.0,12900.0,13000.0,1554200
2024-07-30,12700.0,13050.0,12700.0,13000.0,1261500
2024-07-31,13000.0,13100.0,12700.0,12850.0,3338200
2024-08-01,12600.0,13000.0,12300.0,13000.0,1723100
2024-08-02,12800.0,12950.0,12100.0,12500.0,1634300
2024-08-05,12100.0,12600.0,12100.0,12300.0,2406300
2024-08-06,12500.0,12550.0,11900.0,12250.0,3325700
2024-08-07,12300.0,12550.0,12250.0,12500.0,1123800
2024-08-08,12200.0,12400.0,12050.0,12300.0,1203700
2024-08-09,12650.0,12700.0,12250.0,12350.0,2687400
2024-08-12,12650.0,12750.0,12350.0,12700.0,3484302
2024-08-13,12550.0,12700.0,12350.0,12550.0,1485500
2024-08-14,12400.0,12700.0,12350.0,12650.0,980500
2024-08-15,12350.0,12450.0,12100.0,12400.0,1760800
2024-08-16,12950.0,13150.0,12250.0,12300.0,5397600
2024-08-19,12800.0,13000.0,12700.0,12950.0,2683400
2024-08-20,12950.0,13100.0,12700.0,12800.0,3801000
2024-08-21,12900.0,13000.0,12750.0,12900.0,2055900
2024-08-22,12800.0,12950.0,12750.0,12950.0,1356100
2024-08-23,13050.0,13150.0,12700.0,12800.0,4335300
2024-08-26,13250.0,13300.0,13100.0,13300.0,3550500
2024-08-28,12900.0,13050.0,12750.0,13050.0,1607400
2024-08-29,12800.0,13050.0,12750.0,12800.0,1644000
2024-08-30,12900.0,12900.0,12750.0,12900.0,2281300
2024-09-04,12700.0,12850.0,12450.0,12600.0,3982400
2024-09-05,12600.0,12900.0,12400.0,12800.0,3568900
2024-09-06,12600.0,12700.0,12500.0,12500.0,2254600
2024-09-09,12400.0,12650.0,12400.0,12550.0,1720500
2024-09-10,12200.0,12550.0,12200.0,12500.0,2443700
2024-09-11,12200.0,12300.0,12000.0,12100.0,1042100
2024-09-12,12200.0,12350.0,12150.0,12250.0,1420900
2024-09-13,12200.0,12350.0,12100.0,12100.0,1087700
2024-09-16,12150.0,12350.0,12100.0,12200.0,999500
2024-09-17,12300.0,12350.0,12100.0,12150.0,1054000
2024-09-18,12600.0,12700.0,12250.0,12300.0,2873300
2024-09-19,12650.0,12750.0,12550.0,12600.0,988100
2024-09-20,12650.0,12900.0,12650.0,12750.0,1676900
2024-09-23,12450.0,12750.0,12450.0,12650.0,1514800
2024-09-24,12500.0,12550.0,12400.0,12450.0,1515200
2024-09-25,12700.0,12900.0,12550.0,12600.0,1989400
2024-09-26,13000.0,13050.0,12700.0,12750.0,3550600
2024-09-27,12900.0,13200.0,12900.0,13100.0,2141600
2024-09-30,13200.0,13300.0,12900.0,13000.0,2595700
2024-10-01,14100.0,14100.0,13200.0,13300.0,18831800
2024-10-02,14600.0,14650.0,14100.0,14150.0,12671200
2024-10-03,14450.0,14950.0,14200.0,14600.0,12282700
2024-10-04,14350.0,14450.0,14100.0,14350.0,4720800
2024-10-07,14900.0,15050.0,14150.0,14400.0,14002200
2024-10-08,14350.0,15000.0,14350.0,14950.0,11187700
2024-10-09,14100.0,14650.0,13950.0,14450.0,14511300
2024-10-10,14050.0,14300.0,13850.0,14100.0,9856600
2024-10-11,14300.0,14400.0,13800.0,14100.0,12764400
2024-10-14,14000.0,14400.0,13950.0,14350.0,7355500
2024-10-15,13850.0,14250.0,13850.0,13950.0,5019700
2024-10-16,14250.0,14300.0,13700.0,13900.0,6721000
2024-10-17,14350.0,14450.0,13950.0,14200.0,5433700
2024-10-18,14150.0,14450.0,14150.0,14400.0,3078900
2024-10-21,14100.0,14600.0,14100.0,14150.0,7687900
2024-10-22,14500.0,14850.0,14000.0,14050.0,13494800
2024-10-23,14500.0,14700.0,14250.0,14500.0,6379200
2024-10-24,14100.0,14650.0,14100.0,14400.0,5138200
2024-10-25,14150.0,14200.0,13900.0,14100.0,5448000
2024-10-28,14500.0,14650.0,14150.0,14200.0,6625900
2024-10-29,14450.0,14950.0,14450.0,14700.0,7020500
2024-10-31,14250.0,14500.0,14050.0,14300.0,3514200
2024-11-01,14150.0,14300.0,14050.0,14150.0,3393800
2024-11-04,13900.0,14200.0,13500.0,14050.0,11030400
2024-11-06,14200.0,14300.0,13850.0,14000.0,3859200
2024-11-07,14000.0,14300.0,13950.0,14250.0,2355500
2024-11-08,14000.0,14150.0,13950.0,14100.0,3462900
2024-11-11,13700.0,14000.0,13500.0,14000.0,4247700
2024-11-12,13600.0,14000.0,13600.0,13800.0,2129500
2024-11-13,13200.0,13600.0,12900.0,13400.0,5504100
2024-11-14,12800.0,13250.0,12550.0,13200.0,6285500
2024-11-15,12800.0,12900.0,12450.0,12550.0,7733600
2024-11-18,13650.0,13650.0,12750.0,12800.0,12380700
2024-11-19,13300.0,13650.0,13150.0,13600.0,5816100
2024-11-20,13300.0,13750.0,13000.0,13300.0,6720000
2024-11-21,13500.0,13650.0,13250.0,13300.0,3540600
2024-11-22,13200.0,13650.0,13150.0,13350.0,3458100
2024-11-25,13600.0,13600.0,13200.0,13300.0,2656300
2024-11-26,13850.0,14150.0,13600.0,13750.0,7287400
2024-11-27,13650.0,13850.0,13600.0,13700.0,1612100
2024-11-28,13900.0,14200.0,13650.0,13650.0,9616800
2024-11-29,13900.0,14000.0,13700.0,13850.0,3932400
2024-12-02,13750.0,14100.0,13700.0,14000.0,3069800
2024-12-03,13550.0,13850.0,13550.0,13850.0,3571600
2024-12-04,13500.0,13650.0,13400.0,13500.0,3328900
2024-12-05,14400.0,14400.0,13350.0,13400.0,13158200
2024-12-06,14500.0,14750.0,14350.0,14450.0,8942500
2024-12-09,15200.0,15350.0,14450.0,14500.0,15148400
2024-12-10,15500.0,15500.0,14750.0,15150.0,7895800
2024-12-11,15000.0,15750.0,14700.0,15450.0,17242600
2024-12-12,14850.0,15200.0,14650.0,15000.0,8160200
2024-12-13,14750.0,14900.0,14600.0,14700.0,4770000
2024-12-16,14800.0,14950.0,14650.0,14850.0,4264800
2024-12-17,14750.0,15000.0,14700.0,14700.0,3889600
2024-12-18,15000.0,15000.0,14700.0,14800.0,3582600
2024-12-19,14600.0,14850.0,14400.0,14700.0,9603600
2024-12-20,14500.0,14650.0,14450.0,14600.0,3625800
2024-12-23,14450.0,14750.0,14450.0,14700.0,2790100
2024-12-24,14350.0,14550.0,14050.0,14500.0,5953800
2024-12-25,14400.0,14950.0,14300.0,14350.0,7161300
2024-12-26,14300.0,14550.0,14300.0,14500.0,2526900
2024-12-27,14400.0,14500.0,14200.0,14400.0,3505500
2024-12-30,14350.0,14700.0,14300.0,14300.0,3105400
2024-12-31,14050.0,14400.0,14050.0,14350.0,3115300
2025-01-02,14150.0,14250.0,14050.0,14100.0,2202000
2025-01-03,13600.0,14150.0,13600.0,14100.0,6174200
2025-01-06,13300.0,13750.0,13100.0,13600.0,3758100
2025-01-07,13400.0,13450.0,13200.0,13300.0,4836900
2025-01-08,13900.0,14100.0,13350.0,13450.0,4720800
2025-01-09,13700.0,13950.0,13600.0,13900.0,4200400
2025-01-10,13400.0,13950.0,13400.0,13700.0,4771200
2025-01-13,14000.0,14100.0,13300.0,13400.0,9605600
2025-01-14,14050.0,14100.0,13800.0,14000.0,3162100
2025-01-15,14300.0,14500.0,14100.0,14100.0,5551500
2025-01-16,14250.0,14750.0,14150.0,14400.0,6598300
2025-01-17,14150.0,14300.0,14100.0,14200.0,2665800
2025-01-20,14300.0,14350.0,14150.0,14150.0,4445500
2025-01-21,14150.0,14550.0,14150.0,14300.0,3892500
2025-01-22,14000.0,14200.0,13950.0,14150.0,5635900
2025-01-23,14250.0,14500.0,14050.0,14100.0,3093900
2025-01-24,14000.0,14450.0,14000.0,14250.0,6415500
2025-02-03,13800.0,14050.0,13600.0,13950.0,2651200
2025-02-04,14400.0,14400.0,13800.0,14000.0,6753600
2025-02-05,14250.0,14450.0,14150.0,14400.0,2498000
2025-02-06,14450.0,14700.0,14300.0,14300.0,9999100
2025-02-07,14350.0,14600.0,14350.0,14450.0,5186600
2025-02-10,14750.0,14900.0,14200.0,14300.0,8672600
2025-02-11,14700.0,14800.0,14600.0,14750.0,4898400
2025-02-12,14800.0,15050.0,14700.0,14750.0,8322200
2025-02-13,14600.0,14750.0,14600.0,14700.0,7869300
2025-02-14,14650.0,15100.0,14600.0,14700.0,11361400
2025-02-17,15050.0,15150.0,14550.0,14700.0,15537100
2025-02-18,15050.0,15550.0,14950.0,14950.0,12724900
2025-02-19,15150.0,15200.0,14950.0,15100.0,8338400
2025-02-20,15000.0,15500.0,14900.0,15200.0,9788000
2025-02-21,14850.0,15000.0,14750.0,15000.0,6771200
2025-02-24,15300.0,15350.0,14650.0,14850.0,9944700
2025-02-25,15750.0,16100.0,15350.0,15450.0,19920100
2025-02-26,15850.0,16200.0,15500.0,15750.0,14144800
2025-02-27,15900.0,15950.0,15550.0,15850.0,11106900
2025-02-28,15650.0,16100.0,15600.0,15900.0,8343100
2025-03-03,14600.0,15100.0,14600.0,15000.0,36610100
2025-03-04,14400.0,14600.0,14000.0,14300.0,17855200
2025-03-05,14000.0,14600.0,14000.0,14300.0,10942800
2025-03-06,14400.0,14450.0,14050.0,14050.0,12868800
2025-03-07,14150.0,14550.0,14150.0,14450.0,7593400
2025-03-10,14050.0,14350.0,14000.0,14100.0,8118900
2025-03-11,13850.0,13900.0,13600.0,13850.0,13290800
2025-03-12,14100.0,14150.0,13800.0,13850.0,6273700
2025-03-13,13800.0,14200.0,13800.0,14200.0,7163600
2025-03-14,13750.0,13950.0,13700.0,13700.0,3575800
2025-03-17,13800.0,13900.0,13700.0,13750.0,3895400
2025-03-18,13650.0,13900.0,13650.0,13800.0,4671600
2025-03-19,13200.0,13650.0,13150.0,13650.0,13525200
2025-03-20,12300.0,13250.0,12300.0,13200.0,24667100
2025-03-21,11450.0,11700.0,11450.0,11450.0,19040400
2025-03-24,10650.0,10650.0,10650.0,10650.0,4663000
2025-03-25,10800.0,11150.0,9910.0,9910.0,33901000
2025-03-26,10150.0,10850.0,10050.0,10800.0,10073200
2025-03-27,10000.0,10250.0,9970.0,10150.0,10389600
2025-03-28,9750.0,10200.0,9500.0,10050.0,8956800
2025-03-31,9950.0,10150.0,9660.0,9690.0,7223800
2025-04-01,9770.0,10000.0,9700.0,10000.0,8674100
2025-04-02,9650.0,9850.0,9560.0,9800.0,5293500
2025-04-03,8980.0,9200.0,8980.0,9100.0,6480000
2025-04-04,8360.0,8360.0,8360.0,8360.0,4389100
2025-04-08,7780.0,7780.0,7780.0,7780.0,2442500
2025-04-09,7240.0,7500.0,7240.0,7240.0,16976500
2025-04-10,7740.0,7740.0,7740.0,7740.0,2929300
2025-04-11,8000.0,8250.0,7220.0,7800.0,19038200
2025-04-14,8010.0,8220.0,7700.0,8010.0,6953300
2025-04-15,8090.0,8490.0,7800.0,7800.0,9015600
2025-04-16,7680.0,8110.0,7610.0,8090.0,9149700
2025-04-17,7710.0,7800.0,7550.0,7600.0,3233100
2025-04-18,7860.0,8000.0,7760.0,7800.0,6038800
2025-04-21,7730.0,7870.0,7670.0,7750.0,4595900
2025-04-22,7450.0,7900.0,7190.0,7690.0,8750400
2025-04-23,7500.0,7620.0,7430.0,7600.0,2947700
2025-04-24,7800.0,7900.0,7540.0,7540.0,5395200
2025-04-25,8340.0,8340.0,7810.0,7810.0,10984400
2025-04-28,8720.0,8840.0,8350.0,8500.0,7794600
2025-04-29,8540.0,8730.0,8460.0,8720.0,4534100
2025-05-05,8550.0,8960.0,8550.0,8650.0,2972794
2025-05-06,8510.0,8720.0,8490.0,8570.0,3887630
2025-05-07,8390.0,8580.0,8380.0,8500.0,4375790
2025-05-08,8450.0,8550.0,8400.0,8400.0,3470227
2025-05-09,8420.0,8580.0,8420.0,8510.0,3625777
2025-05-12,8470.0,8540.0,8400.0,8500.0,2986075
2025-05-13,8540.0,8750.0,8520.0,8660.0,5396086
2025-05-14,8850.0,9030.0,8510.0,8530.0,13032540
2025-05-15,8910.0,8990.0,8800.0,8990.0,4458395
2025-05-16,9000.0,9250.0,8920.0,9000.0,6215166
2025-05-19,8750.0,8940.0,8750.0,8930.0,5529859
2025-05-20,8780.0,8840.0,8680.0,8810.0,3601167
2025-05-21,8580.0,8870.0,8510.0,8870.0,5862357
2025-05-22,8470.0,8690.0,8440.0,8550.0,4861784
2025-05-23,8320.0,8530.0,8300.0,8460.0,3546784
2025-05-26,8570.0,8620.0,8150.0,8350.0,3652711
2025-05-27,8740.0,8790.0,8560.0,8670.0,4286960
2025-05-28,8860.0,9000.0,8770.0,8780.0,6401886
2025-05-29,8730.0,8970.0,8700.0,8970.0,2966452
2025-05-30,8630.0,8960.0,8570.0,8670.0,4635797
2025-06-02,8620.0,8620.0,8250.0,8470.0,4725733
2025-06-03,8970.0,9060.0,8770.0,8780.0,10239430
2025-06-04,8830.0,9050.0,8800.0,9050.0,4211980
2025-06-05,8830.0,8920.0,8750.0,8840.0,3267750
2025-06-06,8600.0,8880.0,8600.0,8880.0,4897853
2025-06-09,8630.0,8680.0,8540.0,8680.0,3088297
2025-06-10,8880.0,8990.0,8600.0,8600.0,9108232
2025-06-11,9220.0,9390.0,8940.0,8960.0,9047441
2025-06-12,9260.0,9360.0,9220.0,9230.0,5495673
2025-06-13,9050.0,9170.0,8980.0,9150.0,9884448
2025-06-16,9350.0,9420.0,9000.0,9000.0,6720950
2025-06-17,9500.0,9500.0,9350.0,9500.0,5561125
2025-06-18,9420.0,9680.0,9370.0,9460.0,4438417
2025-06-19,9400.0,9530.0,9300.0,9450.0,2920246
2025-06-20,9370.0,9550.0,9360.0,9480.0,3288359
2025-06-23,9160.0,9300.0,9110.0,9110.0,5569234
2025-06-24,9320.0,9530.0,9230.0,9310.0,4087828
2025-06-25,9150.0,9450.0,9150.0,9320.0,2721363
2025-06-26,9140.0,9200.0,9060.0,9200.0,2905546
2025-06-27,9120.0,9270.0,9100.0,9150.0,1937478
2025-06-30,9290.0,9390.0,9200.0,9290.0,3607466
2025-07-01,9200.0,9320.0,9200.0,9300.0,2612595
2025-07-02,9550.0,9750.0,9210.0,9210.0,15340310
2025-07-03,9400.0,9640.0,9370.0,9550.0,6415244
2025-07-04,9410.0,9520.0,9400.0,9400.0,3793149
2025-07-07,9450.0,9560.0,9400.0,9500.0,6222211
2025-07-08,9570.0,9570.0,9220.0,9230.0,10409830
2025-07-09,10200.0,10200.0,9650.0,9650.0,25448550
2025-07-10,10300.0,10750.0,10150.0,10550.0,9239734
2025-07-11,10350.0,10650.0,10200.0,10300.0,11046390
2025-07-14,10300.0,10600.0,10000.0,10350.0,9135594
2025-07-15,10500.0,10900.0,10250.0,10400.0,13205540
2025-07-16,10700.0,10800.0,10400.0,10500.0,7145227
2025-07-17,10650.0,10850.0,10500.0,10850.0,8090478
2025-07-18,10750.0,11200.0,10550.0,10650.0,12828980
2025-07-21,10750.0,11000.0,10500.0,10700.0,10124580
2025-07-22,10850.0,11100.0,10550.0,10600.0,10508840
2025-07-23,10900.0,11250.0,10850.0,11050.0,7686346
2025-07-24,10800.0,11000.0,10650.0,10950.0,9201704
2025-07-25,11000.0,11200.0,10750.0,10750.0,9879157
2025-07-28,11750.0,11750.0,11100.0,11200.0,19487540
2025-07-29,10950.0,12300.0,10950.0,12250.0,16116890
2025-07-30,11100.0,11250.0,10650.0,11000.0,9087074
2025-07-31,10900.0,11250.0,10550.0,11200.0,9182008
2025-08-01,10850.0,11200.0,10600.0,10900.0,4218410
2025-08-04,11500.0,11500.0,10700.0,10750.0,8971212
2025-08-05,11400.0,12150.0,11000.0,11900.0,19819320
2025-08-06,11600.0,11800.0,11400.0,11550.0,6337267
2025-08-07,12400.0,12400.0,11600.0,11750.0,17123360
2025-08-08,12900.0,13100.0,12400.0,12700.0,13016430
2025-08-11,12700.0,13100.0,12550.0,13100.0,8526888
2025-08-12,12450.0,12750.0,12000.0,12700.0,11787650
2025-08-13,12550.0,12600.0,12100.0,12600.0,9001687
2025-08-14,12750.0,12950.0,12550.0,12650.0,8950623
2025-08-15,13600.0,13600.0,12650.0,12800.0,24047210
2025-08-18,13750.0,14100.0,13650.0,13700.0,8658989
2025-08-19,13600.0,13800.0,13200.0,13750.0,9600508
2025-08-20,13050.0,13600.0,12700.0,13600.0,14232970
2025-08-21,13300.0,13600.0,13100.0,13100.0,5635085
2025-08-22,12800.0,13200.0,12600.0,13150.0,9659109
2025-08-25,13100.0,13650.0,12900.0,13100.0,8363228
2025-08-26,14000.0,14000.0,13100.0,13100.0,11279690
2025-08-27,14450.0,14750.0,14100.0,14550.0,9503047
2025-08-28,15450.0,15450.0,15450.0,15450.0,4813318
2025-08-29,16500.0,16500.0,16050.0,16500.0,20499190
2025-09-03,16600.0,17000.0,16000.0,17000.0,10509540
2025-09-04,16400.0,16900.0,16200.0,16900.0,7445401
2025-09-05,16150.0,16950.0,16150.0,16350.0,8188342
2025-09-08,15050.0,16050.0,15050.0,15650.0,16297590
2025-09-09,15200.0,15200.0,14400.0,14900.0,8365226
2025-09-10,15450.0,15650.0,15050.0,15650.0,4089707
2025-09-11,15500.0,15550.0,14600.0,15300.0,5885718
2025-09-12,15150.0,15550.0,14950.0,15550.0,4583896
2025-09-15,15400.0,15550.0,15150.0,15200.0,3632988
2025-09-16,15100.0,15850.0,15000.0,15600.0,4051192
2025-09-17,15000.0,15450.0,14900.0,15100.0,3296536
2025-09-18,14900.0,15100.0,14600.0,15100.0,3495975
2025-09-19,14650.0,15050.0,14550.0,14900.0,3019465
2025-09-22,14000.0,14700.0,13850.0,14650.0,4642653
2025-09-23,14100.0,14300.0,14000.0,14000.0,1490214
2025-09-24,14500.0,14500.0,14000.0,14100.0,2006459
2025-09-25,14300.0,14700.0,14300.0,14700.0,1670370
2025-09-26,14050.0,14400.0,14000.0,14400.0,1855065
2025-09-29,14000.0,14250.0,13950.0,14000.0,2175220
2025-09-30,14200.0,14250.0,13650.0,14150.0,3427542
2025-10-01,14200.0,14550.0,14100.0,14200.0,1498568
2025-10-02,13650.0,14200.0,13650.0,14200.0,2721743
2025-10-03,13400.0,13800.0,13400.0,13650.0,2126519
2025-10-06,14300.0,14300.0,13600.0,13700.0,3469477
2025-10-07,14350.0,14700.0,14250.0,14700.0,1923443
2025-10-08,14500.0,15100.0,14200.0,15100.0,2912735
2025-10-09,14500.0,14600.0,14150.0,14500.0,1677074
2025-10-10,14500.0,14650.0,14350.0,14500.0,1780292
2025-10-13,14150.0,14400.0,13950.0,14050.0,2859238
2025-10-14,14550.0,15000.0,14250.0,14400.0,5514276
2025-10-15,15550.0,15550.0,14400.0,14550.0,15292080
2025-10-16,16050.0,16250.0,15200.0,15650.0,7811847
2025-10-17,15500.0,16200.0,15400.0,16200.0,6348058
2025-10-20,14450.0,15500.0,14450.0,15150.0,3213890
2025-10-21,14450.0,14950.0,13600.0,14400.0,6647543
2025-10-22,14550.0,14800.0,13900.0,14550.0,3060032
2025-10-23,14750.0,15300.0,14550.0,15000.0,9948589
2025-10-24,14500.0,15000.0,14300.0,15000.0,2045805
2025-10-27,15050.0,15500.0,14500.0,14600.0,15026420
2025-10-28,15800.0,15900.0,14500.0,15000.0,8999830
2025-10-29,15800.0,16300.0,15550.0,16000.0,7419602
2025-10-30,15250.0,15800.0,15050.0,15750.0,5283596
2025-10-31,14600.0,15400.0,14600.0,15100.0,3221077
2025-11-03,13800.0,14800.0,13800.0,14650.0,5263881
2025-11-04,14750.0,14750.0,13500.0,13700.0,4703846
2025-11-05,14300.0,14700.0,14200.0,14700.0,980588
2025-11-06,14150.0,14400.0,14100.0,14400.0,1223483
2025-11-07,14000.0,14400.0,13800.0,14200.0,2227833
2025-11-10,13850.0,14350.0,13700.0,13700.0,1428377
2025-11-11,13950.0,14200.0,13850.0,14000.0,1272521
2025-11-12,14350.0,14450.0,13950.0,14100.0,2312817
2025-11-13,14200.0,14400.0,14100.0,14400.0,791787
2025-11-14,14100.0,14300.0,14000.0,14100.0,1399170
2025-11-17,14200.0,14350.0,14150.0,14150.0,796101
2025-11-18,14450.0,14800.0,14300.0,14450.0,1625241
2025-11-19,14100.0,14550.0,13950.0,14450.0,2001100
2025-11-20,14000.0,14200.0,13950.0,14050.0,794417
2025-11-21,13900.0,14000.0,13800.0,14000.0,1536090
2025-11-24,13850.0,14100.0,13850.0,14050.0,580712
2025-11-25,13600.0,13950.0,13550.0,13900.0,1679694
2025-11-26,13900.0,14100.0,13500.0,13500.0,1464887
2025-11-27,13800.0,14000.0,13750.0,13900.0,795588
2025-11-28,13650.0,13950.0,13600.0,13850.0,806530
2025-12-01,13550.0,13850.0,13550.0,13800.0,869884
2025-12-02,13650.0,13750.0,13450.0,13550.0,920462
2025-12-03,13850.0,13850.0,13600.0,13750.0,886445
2025-12-04,13900.0,14050.0,13850.0,13850.0,898308
2025-12-05,13700.0,14000.0,13700.0,14000.0,593141
2025-12-08,13600.0,13900.0,13550.0,13750.0,809951
2025-12-09,13650.0,13750.0,13200.0,13500.0,2233566
2025-12-10,13650.0,13800.0,13550.0,13650.0,516915
2025-12-11,13600.0,13800.0,13550.0,13800.0,514595
2025-12-12,13250.0,13700.0,13000.0,13600.0,1137225
2025-12-15,13200.0,13500.0,12900.0,13250.0,1321005
2025-12-16,13750.0,13800.0,12900.0,13100.0,1977483
2025-12-17,13500.0,13800.0,13400.0,13800.0,551082
2025-12-18,13400.0,13550.0,13350.0,13550.0,460101
2025-12-19,13400.0,13550.0,13300.0,13400.0,673250
2025-12-22,13450.0,13700.0,13350.0,13500.0,1056189
2025-12-23,13500.0,13650.0,13400.0,13550.0,604626
2025-12-24,13400.0,13600.0,13250.0,13250.0,752234
2025-12-25,13350.0,13700.0,13350.0,13500.0,1120395
2025-12-26,13400.0,13500.0,13150.0,13300.0,1265412
2025-12-29,13350.0,13550.0,13350.0,13550.0,708324
2025-12-30,13300.0,13450.0,13300.0,13350.0,406252
2025-12-31,13150.0,13400.0,13100.0,13300.0,803582
2026-01-05,13000.0,13350.0,12900.0,13350.0,1161546
2026-01-06,12950.0,13150.0,12650.0,13000.0,1128056
2026-01-07,13000.0,13250.0,12950.0,13250.0,749165
2026-01-08,13250.0,13350.0,13000.0,13000.0,1509655
2026-01-09,13000.0,13300.0,12950.0,13300.0,1222192
2026-01-12,13900.0,13900.0,12900.0,13000.0,3408915
2026-01-13,13650.0,14150.0,13650.0,14150.0,1614152
2026-01-14,13550.0,13900.0,13400.0,13650.0,1321276
2026-01-15,13500.0,13800.0,13400.0,13500.0,1002756
2026-01-16,13400.0,13650.0,13350.0,13600.0,923409
2026-01-19,13450.0,13550.0,13350.0,13400.0,587055
2026-01-20,13250.0,13550.0,13250.0,13550.0,1027653
2026-01-21,13050.0,13200.0,12800.0,13150.0,1574951
2026-01-22,13250.0,13450.0,13000.0,13100.0,780172
2026-01-23,13450.0,13650.0,13200.0,13200.0,2176908
2026-01-26,12950.0,13550.0,12900.0,13350.0,1105716
2026-01-27,13650.0,13850.0,12900.0,12950.0,2582361
2026-01-28,13850.0,13850.0,13300.0,13650.0,1802516
2026-01-29,14200.0,14450.0,13550.0,13850.0,5736960
2026-01-30,14250.0,14500.0,13900.0,14300.0,4549198
2026-02-02,14250.0,14250.0,13550.0,14200.0,3320053
2026-02-03,14350.0,14500.0,13800.0,14450.0,5210033
2026-02-04,14250.0,14450.0,13800.0,13800.0,3761844
2026-02-05,13900.0,14300.0,13750.0,14250.0,2805871
2026-02-06,13150.0,13800.0,13150.0,13800.0,1854763
2026-02-09,13250.0,13400.0,13100.0,13400.0,808960
2026-02-10,13150.0,13400.0,13100.0,13250.0,769367
2026-02-11,13400.0,13550.0,13200.0,13200.0,714745
2026-02-12,13400.0,13600.0,13400.0,13400.0,407272
2026-02-13,13300.0,13450.0,13250.0,13400.0,861946
2026-02-23,13700.0,13800.0,13500.0,13700.0,1483909
2026-02-24,13950.0,14200.0,13700.0,13800.0,2191863
2026-02-25,13950.0,14100.0,13700.0,14100.0,1297373
2026-02-26,13900.0,14100.0,13750.0,14100.0,1071827
2026-02-27,14000.0,14100.0,13800.0,13900.0,1701281
2026-03-02,13450.0,13800.0,13300.0,13300.0,1717733
2026-03-03,13600.0,13900.0,13450.0,13450.0,1946097
2026-03-04,13800.0,13800.0,12950.0,13500.0,2391251
2026-03-05,14750.0,14750.0,13900.0,14100.0,15220040
2026-03-06,14600.0,15100.0,14400.0,14750.0,9479437
2026-03-09,13600.0,13950.0,13600.0,13600.0,2011484
2026-03-10,13100.0,13750.0,12650.0,13300.0,8327613
2026-03-11,14000.0,14000.0,13000.0,13100.0,7381382
2026-03-12,13400.0,14350.0,13350.0,13750.0,4214841
2026-03-13,13100.0,13450.0,13100.0,13100.0,2679537
2026-03-16,13100.0,13600.0,12950.0,13250.0,2134398
2026-03-17,13150.0,13500.0,13100.0,13250.0,1451039
2026-03-18,12900.0,13350.0,12850.0,13200.0,2275815
2026-03-19,13000.0,13450.0,12550.0,12750.0,2147384
2026-03-20,12750.0,13100.0,12700.0,12750.0,1001785
2026-03-23,12200.0,12700.0,11900.0,12700.0,8517005
2026-03-24,12900.0,13050.0,12600.0,12650.0,4740000
2026-03-25,13200.0,13350.0,12850.0,13300.0,13697550
2026-03-26,12850.0,13100.0,12750.0,13100.0,1902440
2026-03-27,13150.0,13200.0,12800.0,12800.0,11219900
2026-03-30,13000.0,13050.0,12650.0,12650.0,724020
2026-03-31,13150.0,13350.0,12900.0,13100.0,3125864
2026-04-01,13900.0,14050.0,13300.0,13500.0,9628511
2026-04-02,13700.0,14000.0,13550.0,13600.0,2742772
2026-04-03,13200.0,13800.0,13200.0,13700.0,2381638
2026-04-06,13050.0,13400.0,13050.0,13200.0,1248044
2026-04-07,13450.0,13450.0,12950.0,13050.0,1405854
2026-04-08,13800.0,14200.0,13650.0,13900.0,7587472
2026-04-09,13650.0,13900.0,13450.0,13600.0,2283429
2026-04-10,13600.0,13900.0,13550.0,13750.0,2109755
2026-04-13,13850.0,14000.0,13300.0,13600.0,10298800
2026-04-14,13800.0,14200.0,13750.0,13900.0,1601061
2026-04-15,13600.0,14000.0,13550.0,13900.0,13274030
2026-04-16,13600.0,13750.0,13500.0,13600.0,2082768
2026-04-17,13450.0,13700.0,13450.0,13650.0,9837313
2026-04-20,13550.0,13700.0,13450.0,13450.0,937039
2026-04-21,13400.0,13800.0,13350.0,13750.0,11502260
2026-04-22,13400.0,13600.0,13200.0,13350.0,1473239
2026-04-23,13150.0,13500.0,13000.0,13400.0,16890770
2026-04-24,13150.0,13250.0,13050.0,13100.0,654212
2026-04-28,13150.0,13300.0,13050.0,13250.0,5439080
2026-04-29,13150.0,13250.0,13050.0,13150.0,5223062
2026-05-04,13150.0,13500.0,13150.0,13200.0,10646180
2026-05-05,13150.0,13200.0,13050.0,13200.0,737184
2026-05-06,13700.0,13950.0,13100.0,13100.0,15242650
2026-05-07,13400.0,13850.0,13400.0,13800.0,2384037
2026-05-08,13500.0,13650.0,13250.0,13400.0,2923198
2026-05-11,13600.0,13900.0,13400.0,13500.0,4492472
2026-05-12,13450.0,13600.0,13450.0,13600.0,1237993
2026-05-13,13400.0,13750.0,13400.0,13450.0,1792804
2026-05-14,13650.0,13850.0,13400.0,13400.0,3990314
2026-05-15,13500.0,13800.0,13500.0,13700.0,1381702
2026-05-18,13550.0,13600.0,13350.0,13400.0,3932769
2026-05-19,13400.0,13850.0,13400.0,13650.0,4821805
2026-05-20,13300.0,13500.0,12650.0,13500.0,8651738
2026-05-21,13100.0,13350.0,13050.0,13300.0,2626657
2026-05-22,13200.0,13500.0,12950.0,13100.0,5263889
2026-05-25,13100.0,13400.0,12950.0,13400.0,2403092
2026-05-26,13200.0,13300.0,13000.0,13100.0,1911600
2026-05-27,13150.0,13300.0,13150.0,13250.0,1033600
