Price,Close,High,Low,Open,Volume
Ticker,TN1.VN,TN1.VN,TN1.VN,TN1.VN,TN1.VN
Date,,,,,
2019-05-30,9833.755859375,9833.755859375,9833.755859375,9833.755859375,96
2019-05-31,10516.6552734375,10516.6552734375,10516.6552734375,10516.6552734375,96
2019-06-03,11240.5283203125,11240.5283203125,11240.5283203125,11240.5283203125,96
2019-06-05,12019.0341796875,12019.0341796875,12019.0341796875,12019.0341796875,96
2019-06-06,12852.171875,12852.171875,12852.171875,12852.171875,96
2019-06-07,13111.673828125,13111.673828125,13111.673828125,13111.673828125,9985
2019-06-10,14013.1025390625,14013.1025390625,14013.1025390625,14013.1025390625,127
2019-06-11,14477.4736328125,14969.160920584074,14477.4736328125,14969.160920584074,1562
2019-06-12,15488.166015625,15488.166015625,15488.166015625,15488.166015625,1261
2019-06-13,16553.48828125,16553.48828125,16553.48828125,16553.48828125,1428
2019-06-14,15843.2734375,17700.76034961957,15843.2734375,17700.76034961957,3327
2019-06-17,14750.6337890625,15296.953098541831,14750.6337890625,15296.953098541831,1460
2019-06-18,14887.212890625,14887.212890625,13739.941402654338,13739.941402654338,1961
2019-06-19,14887.212890625,14887.212890625,13849.205438468687,13849.205438468687,3425
2019-06-20,13849.2060546875,13849.2060546875,13849.2060546875,13849.2060546875,4456
2019-06-21,14805.2646484375,14805.2646484375,12893.145768307792,12893.145768307792,3724
2019-06-24,15023.7939453125,15023.7939453125,14750.6338454879,14750.6338454879,4390
2019-06-25,15023.7939453125,15023.7939453125,14996.476603209976,15023.7939453125,6755
2019-06-26,15296.953125,15296.953125,15160.373519413944,15160.373519413944,1094
2019-06-27,15160.373046875,15296.952648203958,14614.052865399137,15296.952648203958,1894
2019-06-28,15160.373046875,15160.373046875,15133.057481841211,15133.057481841211,2259
2019-07-01,15023.7939453125,16198.38104243822,14122.366059931335,14204.313645838696,5421
2019-07-02,14750.6337890625,14750.6337890625,13985.78551247938,14750.6337890625,4690
2019-07-03,14614.052734375,14614.052734375,14614.052734375,14614.052734375,5088
2019-07-04,13657.994140625,14477.473540400091,13657.994140625,14477.473540400091,4358
2019-07-05,14477.4736328125,14614.053237620152,12701.93432991285,14614.053237620152,2693
2019-07-08,15242.322265625,15242.322265625,13685.3101161024,14204.31386991658,5325
2019-07-09,15242.322265625,15242.322265625,14532.105994877134,14532.105994877134,3659
2019-07-10,14422.8408203125,15296.95219679932,14422.8408203125,15023.79300220218,3061
2019-07-11,14969.1611328125,14969.1611328125,14750.63393963805,14969.1611328125,4523
2019-07-12,15051.109375,15051.109375,15051.109375,15051.109375,2259
2019-07-15,15051.109375,15051.109375,14231.629082944804,14231.629082944804,6421
2019-07-16,15160.373046875,15160.373046875,15051.109010579828,15051.109010579828,5588
2019-07-17,15296.953125,15296.953125,15160.373519413944,15160.373519413944,3359
2019-07-18,15160.373046875,15160.373046875,14231.628738366036,14231.628738366036,4159
2019-07-19,15296.953125,15296.953125,15160.373519413944,15160.373519413944,2227
2019-07-22,15433.533203125,15433.533203125,15296.953593357191,15296.953593357191,6657
2019-07-23,15433.533203125,15433.533203125,14395.52568226548,14395.52568226548,4991
2019-07-24,15296.953125,15433.532730586056,14368.209675622722,14368.209675622722,3757
2019-07-25,15570.1123046875,15570.1123046875,15570.1123046875,15570.1123046875,2493
2019-07-26,15570.1123046875,15570.1123046875,15570.1123046875,15570.1123046875,3359
2019-07-29,15597.4296875,15597.4296875,15597.4296875,15597.4296875,4259
2019-07-30,15843.2734375,15843.2734375,14586.7378599791,14586.7378599791,3993
2019-07-31,15433.533203125,15433.533203125,14750.6342662059,14750.6342662059,4491
2019-08-01,15433.533203125,15433.533203125,15433.533203125,15433.533203125,3624
2019-08-02,15160.373046875,15160.373046875,14750.63335480811,15023.79344554604,5755
2019-08-05,15296.953125,15706.69371791825,15269.637559114806,15269.637559114806,11349
2019-08-06,15296.953125,15296.953125,15296.953125,15296.953125,7751
2019-08-07,15296.953125,15843.273323504309,14231.629181956623,15843.273323504309,6523
2019-08-08,15570.1123046875,15570.1123046875,15023.793883447996,15296.953094067749,7387
2019-08-09,15706.6943359375,15706.6943359375,14887.214005936534,15652.06142585736,14147
2019-08-12,15570.1123046875,16389.59348886691,14641.36974526829,16389.59348886691,4057
2019-08-13,15296.953125,15296.953125,14586.737755024444,14586.737755024444,7918
2019-08-14,15296.953125,15570.112336172111,15296.953125,15570.112336172111,3826
2019-08-15,15296.953125,16116.43253467642,14286.261201807056,14286.261201807056,6785
2019-08-16,15433.533203125,15433.533203125,14258.946072497673,15296.953593357191,4390
2019-08-19,15023.7939453125,15433.532762929335,14477.473745663296,14477.473745663296,6688
2019-08-20,15160.373046875,15706.69322835086,15160.373046875,15706.69322835086,3291
2019-08-21,14750.6337890625,15160.373493192008,14750.6337890625,15160.373493192008,7654
2019-08-22,15433.533203125,15570.112812892809,14504.789725311752,14504.789725311752,7220
2019-08-23,15433.533203125,16116.43302812417,15433.533203125,15570.112812892809,4991
2019-08-26,15433.533203125,15433.533203125,14477.474158590216,14477.474158590216,8685
2019-08-27,15406.216796875,15433.532362108032,15296.952759782836,15296.952759782836,9417
2019-08-28,15351.583984375,15351.583984375002,15351.583984375002,15351.583984375002,7687
2019-08-29,15023.7939453125,15105.740643139816,15023.7939453125,15023.7939453125,6688
2019-08-30,14887.212890625,14969.160473445756,14095.04907501097,14095.04907501097,4288
2019-09-03,14750.6337890625,14750.6337890625,14067.733986153306,14067.733986153306,6988
2019-09-04,14750.6337890625,14750.6337890625,14750.6337890625,14750.6337890625,7387
2019-09-05,14723.3173828125,14750.633836818928,14477.473737154864,14614.053342946874,7520
2019-09-06,14614.052734375,14614.052734375,13931.152957692802,14586.737169586111,8519
2019-09-09,15296.953125,15296.953125,15296.953125,15296.953125,7321
2019-09-10,15296.953125,15296.953125,15296.953125,15296.953125,5857
2019-09-11,15242.322265625,15433.533006398571,15160.373790344833,15160.373790344833,7586
2019-09-12,15843.2734375,15843.2734375,15160.37362849603,15160.37362849603,6821
2019-09-13,16662.75390625,16662.75390625,15843.274438881666,15843.274438881666,6855
2019-09-16,16389.59375,16389.59375,16389.59375,16389.59375,4824
2019-09-17,16143.748046875,16143.748046875,16143.748046875,16143.748046875,8585
2019-09-18,16116.4326171875,16116.4326171875,16089.11705116246,16116.4326171875,7252
2019-09-19,16116.4326171875,16116.4326171875,15023.793990745002,16116.4326171875,6785
2019-09-20,16389.59375,17209.073171075983,16389.59375,17209.073171075983,7654
2019-09-23,16662.75390625,16662.75390625,16662.75390625,16662.75390625,7687
2019-09-24,16635.435546875,16635.435546875,15925.218469920015,16389.59192553516,6355
2019-09-26,15296.953125,16362.276179963335,15187.68908529914,15187.68908529914,5157
2019-09-27,16362.27734375,16362.27734375,16362.27734375,16362.27734375,3659
2019-09-30,17181.75390625,17181.75390625,16935.91028504972,16935.91028504972,8619
2019-10-01,17209.07421875,17209.07421875,17209.07421875,17209.07421875,5588
2019-10-02,18356.345703125,18410.976838593728,18356.345703125,18410.976838593728,3457
2019-10-03,18247.080078125,18247.080078125,18247.080078125,18247.080078125,4288
2019-10-04,18247.080078125,18247.080078125,18247.080078125,18247.080078125,5325
2019-10-07,17755.390625,17755.390625,17755.390625,17755.390625,4991
2019-10-09,17618.810546875,17618.810546875,17209.07175806021,17618.810546875,5325
2019-10-10,17181.75390625,17181.75390625,17181.75390625,17181.75390625,4658
2019-10-14,17154.439453125,17154.439453125,17154.439453125,17154.439453125,3492
2019-10-16,18028.55078125,18028.55078125,18028.55078125,18028.55078125,6721
2019-10-17,18028.55078125,18028.55078125,18028.55078125,18028.55078125,5555
2019-10-21,17755.390625,17755.390625,17755.390625,17755.390625,5588
2019-10-22,17482.23046875,17482.23046875,16526.171545040208,16526.171545040208,5491
2019-10-24,17209.07421875,17209.07421875,17209.07421875,17209.07421875,3659
2019-10-25,17209.07421875,17209.07421875,17209.07421875,17209.07421875,1663
2019-10-29,16908.595703125,16908.595703125,16389.592867395353,16389.592867395353,3327
2019-10-30,17209.07421875,17209.07421875,16389.59474778479,16389.59474778479,4623
2019-10-31,16935.912109375,16935.912109375,16935.912109375,16935.912109375,4991
2019-11-04,17618.810546875,17618.810546875,17618.810546875,17618.810546875,7953
2019-11-05,17891.97265625,17891.97265625,17891.97265625,17891.97265625,5325
2019-11-06,18028.55078125,18028.55078125,18028.55078125,18028.55078125,5289
2019-11-07,17891.97265625,17891.97265625,17891.97265625,17891.97265625,5190
2019-11-08,17209.07421875,17209.07421875,17209.07421875,17209.07421875,5421
2019-11-11,17372.96875,17372.96875,17209.073572426478,17209.073572426478,5421
2019-11-12,17482.23046875,17482.23046875,17482.23046875,17482.23046875,2993
2019-11-13,17209.07421875,17209.07421875,17209.07421875,17209.07421875,4991
2019-11-18,16662.75390625,16662.75390625,16662.75390625,16662.75390625,8321
2019-11-19,16935.912109375,16935.912109375,16662.752895541245,16662.752895541245,3993
2019-11-20,17072.4921875,17072.4921875,16935.912576813465,16935.912576813465,8487
2019-11-21,16662.75390625,17072.492751854064,16662.75390625,17072.492751854064,11649
2019-11-22,16662.75390625,16662.75390625,16662.75390625,16662.75390625,3327
2019-11-25,16253.0126953125,16389.59408172297,16253.0126953125,16389.59408172297,6988
2019-11-26,16253.0126953125,16253.0126953125,16116.433085062168,16116.433085062168,6322
2019-11-27,16116.4326171875,16116.4326171875,16116.4326171875,16116.4326171875,364
2019-11-28,16253.0126953125,16253.0126953125,16116.433085062168,16116.433085062168,8487
2019-11-29,16662.75390625,16662.75390625,16253.013284485727,16253.013284485727,7719
2019-12-02,16662.75390625,16662.75390625,16116.433669284375,16116.433669284375,4991
2019-12-03,16526.173828125,16526.173828125,16471.540917878687,16471.540917878687,3327
2019-12-04,16444.224609375,16444.224609375,16444.224609375,16444.224609375,2825
2019-12-05,16608.119140625,16608.119140625,16444.22397590989,16444.22397590989,3659
2019-12-06,16799.33203125,16799.33203125,16662.752428164073,16662.752428164073,9152
2019-12-09,16853.96484375,16853.96484375,16799.331937125702,16799.331937125702,4991
2019-12-10,16799.33203125,16853.964938180397,16799.33203125,16853.964938180397,5088
2019-12-11,16526.173828125,16799.3330508761,16526.173828125,16799.3330508761,3659
2019-12-12,16935.912109375,16935.912109375,16526.17328862437,16526.17328862437,7687
2019-12-13,16935.912109375,16935.912109375,16908.596543223644,16908.596543223644,3659
2019-12-16,16935.912109375,16935.912109375,16908.596543223644,16908.596543223644,3194
2019-12-17,17072.4921875,17072.4921875,16935.912576813465,16935.912576813465,3724
2019-12-18,17154.439453125,17154.439453125,17072.490982035288,17072.490982035288,6721
2019-12-19,17345.65234375,17345.65234375,17017.86022830451,17017.86022830451,5656
2019-12-20,17482.23046875,17482.23046875,17263.702410274633,17263.702410274633,6721
2019-12-23,17482.23046875,17482.23046875,17209.07128373575,17427.599342211113,4225
2019-12-24,16935.912109375,17017.860583989164,16935.912109375,17017.860583989164,3993
2019-12-25,16935.912109375,16935.912109375,16799.332502458125,16799.332502458125,4390
2019-12-26,17017.859375,17017.859375,16935.91090620765,16935.91090620765,4191
2019-12-27,16935.912109375,17017.860583989164,16935.912109375,17017.860583989164,2125
2019-12-30,17209.07421875,17209.07421875,16935.91321098812,16935.91321098812,5454
2019-12-31,17482.23046875,17482.23046875,17072.489915068712,17072.489915068712,6255
2020-01-02,17536.86328125,17536.86328125,17482.23214945898,17482.23214945898,4690
2020-01-03,17700.759765625,17700.759765625,17345.65208979808,17427.600561499687,6554
2020-01-06,17427.6015625,17564.181172407465,17427.6015625,17564.181172407465,4191
2020-01-07,17345.65234375,17427.60081665139,17345.65234375,17427.60081665139,2227
2020-01-08,17263.703125,17263.703125,17263.703125,17263.703125,1060
2020-01-09,17372.96875,17372.96875,17209.073572426478,17263.704706230936,5255
2020-01-10,17427.6015625,17427.6015625,17263.704609682933,17372.968652840933,5190
2020-01-13,17427.6015625,17810.02482547293,17427.6015625,17427.6015625,4326
2020-01-14,17536.86328125,17536.86328125,17345.652543821347,17345.652543821347,2959
2020-01-15,17618.810546875,17618.810546875,17427.59982255875,17427.59982255875,4690
2020-01-16,17564.1796875,17564.1796875,17482.231218019537,17482.231218019537,5857
2020-01-17,17564.1796875,17564.1796875,17482.231218019537,17482.231218019537,5656
2020-01-20,17646.126953125,17891.972369539722,17564.180257146803,17564.180257146803,4658
2020-01-21,17755.390625,17755.390625,17482.231425043698,17646.126589785476,6785
2020-01-22,17755.390625,17755.390625,17755.390625,17755.390625,2894
2020-01-30,17618.810546875,17755.390143146597,17618.810546875,17755.390143146597,3558
2020-01-31,17700.759765625,17700.759765625,17482.231691860736,17482.231691860736,12113
2020-02-03,17700.759765625,17700.759765625,17536.862822221785,17700.759765625,10783
2020-02-04,17591.49609375,17591.49609375,17536.863186095336,17536.863186095336,6988
2020-02-05,17591.49609375,17591.49609375,17072.491463751005,17564.180528002704,13113
2020-02-06,17673.4453125,17673.4453125,17291.020271269423,17291.020271269423,20070
2020-02-07,17700.759765625,17700.759765625,17482.231691860736,17536.862822221785,5990
2020-02-10,17673.4453125,17673.4453125,17618.812402541284,17618.812402541284,3659
2020-02-11,17755.390625,17755.390625,17591.49546025822,17673.443930709112,3492
2020-02-12,17755.390625,17755.390625,17700.759495472743,17755.390625,2061
2020-02-13,17536.86328125,18001.23678227408,17536.86328125,18001.23678227408,4191
2020-02-14,17345.65234375,17536.863078973158,17345.65234375,17536.863078973158,7687
2020-02-17,17345.65234375,17345.65234375,17181.755397947225,17209.07273968773,10151
2020-02-18,17345.65234375,17509.547513392714,17209.07273968773,17209.07273968773,14045
2020-02-19,17482.23046875,17482.23046875,17263.702410274633,17263.702410274633,12181
2020-02-20,17482.23046875,17509.546032019443,17209.07128373575,17209.07128373575,16644
2020-02-21,17509.548828125,17509.548828125,17345.653646175953,17345.653646175953,11349
2020-02-24,17454.916015625,17482.23158063173,17454.916015625,17482.23158063173,3227
2020-02-25,17454.916015625,17454.916015625,17236.3879432511,17236.3879432511,4424
2020-02-26,17291.01953125,17372.968004600778,17291.01953125,17372.968004600778,2426
2020-02-27,17291.01953125,17291.01953125,17263.703965519762,17263.703965519762,1195
2020-02-28,17181.75390625,17291.01793524567,17181.75390625,17209.07124561885,4159
2020-03-02,16990.544921875,17072.491619866232,16935.912013720757,17072.491619866232,3924
2020-03-03,16990.544921875,16990.544921875,16935.912013720757,16990.544921875,2860
2020-03-04,16471.5390625,16881.279626633015,16471.5390625,16881.279626633015,17574
2020-03-05,16635.435546875,16635.435546875,16362.274586150805,16389.59192553516,15345
2020-03-06,16608.119140625,16662.752046303376,16608.119140625,16635.43648154419,11682
2020-03-09,16471.5390625,16608.11865849102,16471.5390625,16608.11865849102,1961
2020-03-10,16471.5390625,16471.5390625,16253.010998450389,16471.5390625,10984
2020-03-11,16471.5390625,16526.17196659238,16471.5390625,16526.17196659238,4023
2020-03-12,16498.85546875,16498.85546875,16471.539903389297,16471.539903389297,1894
2020-03-13,16498.85546875,16662.7524132343,16198.380697462197,16198.380697462197,6088
2020-03-16,16389.59375,16662.752964971958,16389.59375,16498.856015060697,3457
2020-03-17,16389.59375,16389.59375,16389.59375,16389.59375,2193
2020-03-18,16389.59375,16389.59375,16362.27640757472,16362.27640757472,2560
2020-03-19,16389.59375,16416.909316265173,16116.432758867935,16389.59375,5357
2020-03-20,16553.48828125,16553.48828125,16389.593113860214,16389.593113860214,5491
2020-03-23,16553.48828125,16580.80384645496,16553.48828125,16553.48828125,1996
2020-03-24,16662.75390625,16662.75390625,16471.54137927198,16471.54137927198,5357
2020-03-25,16744.701171875,16744.701171875,16662.752698231216,16662.752698231216,3790
2020-03-26,16744.701171875,16744.701171875,16690.06826405912,16690.06826405912,2426
2020-03-27,16799.33203125,16799.33203125,16662.752428164073,16662.752428164073,3457
2020-03-30,16799.33203125,16799.33203125,16799.33203125,16799.33203125,2162
2020-03-31,16799.33203125,16799.33203125,16744.70090047965,16744.70090047965,2993
2020-04-01,16799.33203125,16799.33203125,16635.436862778897,16662.752428164073,4491
2020-04-03,16799.33203125,16799.33203125,16662.752428164073,16662.752428164073,3258
2020-04-06,16963.228515625,16963.228515625,16744.702199431606,16744.702199431606,4758
2020-04-07,17072.4921875,17072.4921875,16935.912576813465,16935.912576813465,2360
2020-04-08,16963.228515625,17045.17699429764,16963.228515625,17045.17699429764,10414
2020-04-09,17209.07421875,17209.07421875,16826.649163115413,16963.228778916244,15543
2020-04-10,17209.07421875,17209.07421875,17072.492826788955,17072.492826788955,7751
2020-04-13,17291.01953125,17291.01953125,17209.07283405929,17209.07283405929,2659
2020-04-14,17181.75390625,17263.70237203673,17181.75390625,17209.07124561885,4023
2020-04-15,17209.07421875,17291.02092253437,17181.756874661663,17181.756874661663,4758
2020-04-16,17236.388671875,17236.388671875,17154.440197230622,17154.440197230622,3724
2020-04-17,17236.388671875,17236.388671875,17181.755763392048,17236.388671875,4123
2020-04-20,17236.388671875,17345.652712680803,17209.073105713574,17209.073105713574,3526
2020-04-21,17236.388671875,17236.388671875,17072.49172258624,17209.073105713574,3425
2020-04-22,17236.388671875,17263.704238036426,17099.809064907768,17099.809064907768,3826
2020-04-23,17236.388671875,17345.652712680803,17099.809064907768,17099.809064907768,3624
2020-04-24,17154.439453125,17400.283090234112,17154.439453125,17236.387924214712,4891
2020-04-27,17291.01953125,17291.01953125,17072.49145308797,17072.49145308797,4326
2020-04-28,17782.708984375,17782.708984375,17291.01990966962,17291.01990966962,9018
2020-04-29,17782.708984375,17810.024550703045,17482.232426286162,17482.232426286162,3790
2020-05-04,17673.4453125,17782.709356257285,17673.4453125,17782.709356257285,4159
2020-05-05,17673.4453125,17673.4453125,17564.181268742712,17564.181268742712,3826
2020-05-06,17673.4453125,17673.4453125,17618.812402541284,17618.812402541284,5325
2020-05-07,17673.4453125,17673.4453125,17482.23279188471,17673.4453125,14544
2020-05-08,17755.390625,17755.390625,17482.231425043698,17700.759495472743,11948
2020-05-11,17755.390625,17755.390625,17482.231425043698,17482.231425043698,4191
2020-05-12,17755.390625,17755.390625,17673.443930709112,17755.390625,4092
2020-05-13,17782.708984375,17782.708984375,17755.391641886843,17782.708984375,4023
2020-05-14,17755.390625,17755.390625,17755.390625,17755.390625,4491
2020-05-15,17755.390625,17755.390625,17728.075060236373,17728.075060236373,4259
2020-05-18,17755.390625,17755.390625,17755.390625,17755.390625,4424
2020-05-19,17782.708984375,17782.708984375,17755.391641886843,17755.391641886843,5555
2020-05-20,17782.708984375,17782.708984375,17755.391641886843,17755.391641886843,10984
2020-05-21,17782.708984375,17782.708984375,17782.708984375,17782.708984375,5289
2020-05-22,17673.4453125,17782.709356257285,17673.4453125,17782.709356257285,5555
2020-05-25,17618.810546875,17700.759015101943,17618.810546875,17673.443451079616,4557
2020-05-26,17618.810546875,17700.759015101943,17536.86207864806,17564.179418830347,4658
2020-05-27,17618.810546875,17618.810546875,17618.810546875,17618.810546875,5157
2020-05-28,17536.86328125,17618.811755096613,17509.54771535449,17618.811755096613,17806
2020-05-29,17536.86328125,17536.86328125,17509.54771535449,17536.86328125,13246
2020-06-01,17700.759765625,17700.759765625,17536.862822221785,17536.862822221785,10116
2020-06-02,17728.07421875,17728.07421875,17700.75865528294,17700.75865528294,7854
2020-06-03,18028.55078125,18028.55078125,17728.074254034527,17728.074254034527,10083
2020-06-04,18028.55078125,18028.55078125,18001.235217728576,18028.55078125,3693
2020-06-05,18028.55078125,18028.55078125,17946.602314525793,17973.91787804722,4921
2020-06-08,18028.55078125,18028.55078125,17973.91787804722,17973.91787804722,3993
2020-06-09,18028.55078125,18028.55078125,17946.602314525793,18028.55078125,4390
2020-06-10,18110.498046875,18848.0307184918,18110.498046875,18848.0307184918,14611
2020-06-11,18656.8203125,18656.8203125,17973.920469061948,17973.920469061948,5421
2020-06-12,17618.810546875,18219.761836166,17618.810546875,18219.761836166,4991
2020-06-15,17482.23046875,17564.17893471824,17482.23046875,17564.17893471824,3558
2020-06-16,17482.23046875,17482.23046875,17482.23046875,17482.23046875,3724
2020-06-17,17482.23046875,17482.23046875,17482.23046875,17482.23046875,1961
2020-06-18,17482.23046875,17482.23046875,17482.23046875,17482.23046875,2061
2020-06-19,17263.703125,17482.23119252253,17263.703125,17482.23119252253,2326
2020-06-22,17209.07421875,17482.233450351665,17209.07421875,17482.233450351665,6355
2020-06-23,17181.75390625,17181.75390625,17072.489877254327,17181.75390625,3624
2020-06-24,17181.75390625,17181.75390625,16935.91028504972,16935.91028504972,2560
2020-06-25,17181.75390625,17181.75390625,17154.43834304106,17154.43834304106,2693
2020-06-26,17181.75390625,17181.75390625,17154.43834304106,17181.75390625,3092
2020-06-29,16608.119140625,17181.754881367902,16608.119140625,17181.754881367902,6821
2020-06-30,16444.224609375,16526.17308296938,16444.224609375,16526.17308296938,3659
2020-07-01,16444.224609375,16444.224609375,16198.380964751928,16444.224609375,3327
2020-07-02,16389.59375,16553.488923751152,16389.59375,16444.22488253035,3856
2020-07-03,16253.0126953125,16389.59408172297,16253.0126953125,16389.59408172297,3790
2020-07-06,16389.59375,16389.59375,16253.012366353914,16253.012366353914,3291
2020-07-07,16198.3798828125,16389.592383041032,16198.3798828125,16389.592383041032,3757
2020-07-08,16198.3798828125,16225.695446799446,16116.431414691708,16116.431414691708,4057
2020-07-09,16116.4326171875,16198.381091422718,16116.4326171875,16198.381091422718,3957
2020-07-10,16034.4833984375,16034.4833984375,15897.903798493877,16007.167833680776,3558
2020-07-13,16116.4326171875,16116.4326171875,16034.484142952284,16034.484142952284,3391
2020-07-14,16061.80078125,16116.431910905949,16061.80078125,16061.80078125,2125
2020-07-15,17181.75390625,17181.75390625,16061.799829244255,16116.43095566214,14012
2020-07-16,16416.908203125,18028.55136973514,16416.908203125,18028.55136973514,5622
2020-07-17,17181.75390625,17181.75390625,16362.27457686242,16526.17150843588,3457
2020-07-20,16389.59375,16662.752964971958,16389.59375,16416.909316265173,3957
2020-07-21,15979.853515625,16389.59412358263,15843.27390502584,16389.59412358263,3826
2020-07-22,15570.1123046875,15897.90442312725,15570.1123046875,15897.90442312725,6587
2020-07-23,15023.7939453125,15542.79680285918,15023.7939453125,15542.79680285918,9252
2020-07-24,15133.0576171875,15160.373182465592,15023.793579915098,15023.793579915098,5391
2020-07-27,14258.9453125,15133.057610280246,14176.997728623111,15023.793573057716,6221
2020-07-28,15023.7939453125,15023.7939453125,14122.366059931335,14204.313645838696,3126
2020-07-29,14286.2607421875,14450.156796465906,14095.0491229027,14422.84123145951,4824
2020-07-30,14286.2607421875,14340.8927602803,14286.2607421875,14286.2607421875,3826
2020-07-31,14286.2607421875,14286.2607421875,14204.313159088304,14286.2607421875,3659
2020-08-03,14340.892578125,14477.47306566219,14286.260560726125,14286.260560726125,4159
2020-08-04,14422.8408203125,14422.8408203125,14340.892351469369,14340.892351469369,4288
2020-08-05,14340.892578125,14368.209030864438,14340.892578125,14368.209030864438,1663
2020-08-06,14204.3134765625,14340.893080807127,14204.3134765625,14340.893080807127,2593
2020-08-07,14340.892578125,14368.209030864438,14340.892578125,14340.892578125,4390
2020-08-10,14368.2099609375,14368.2099609375,14313.577940002222,14340.893506429831,3890
2020-08-11,15351.583984375,15351.583984375002,14668.6850804819,14668.6850804819,2393
2020-08-12,16143.748046875,16143.748046875,15925.2199682,15925.2199682,1227
2020-08-13,17263.703125,17263.703125,16526.172229231448,16526.172229231448,4955
2020-08-14,17482.23046875,17482.23046875,16089.115428089475,16908.59475929214,4955
2020-08-17,16662.75390625,17755.392604021043,16307.646196262394,17755.392604021043,4955
2020-08-18,16526.173828125,16526.173828125,16526.173828125,16526.173828125,1829
2020-08-19,17209.07421875,17209.07421875,16389.59474778479,16526.174363585626,2326
2020-08-20,16826.6484375,17482.232696465497,16608.120351178168,17345.653086554386,4358
2020-08-21,17776.15234375,17992.493963453555,16838.66666322118,16838.66666322118,2671
2020-08-24,18389.123046875,18389.123046875,18389.123046875,18389.123046875,326
2020-08-25,17704.037109375,18353.06553602029,17704.037109375,18028.55221077768,1787
2020-08-26,18208.837890625,18208.837890625,16766.553279210722,16946.83885563751,3832
2020-08-27,18929.98046875,19110.26604777124,18929.98046875,19110.26604777124,2142
2020-08-28,17884.322265625,18966.0356926291,17884.322265625,18966.0356926291,2343
2020-08-31,18749.693359375,18966.03497084658,18749.693359375,18749.693359375,2090
2020-09-01,18713.63671875,18713.63671875,18713.63671875,18713.63671875,1763
2020-09-03,19110.265625,19831.406148971266,18677.57882399315,18677.57882399315,3402
2020-09-04,17884.322265625,18064.60783679235,17884.322265625,18064.60783679235,2065
2020-09-07,18028.55078125,18966.034633259995,18028.55078125,18605.4635110654,3655
2020-09-08,18569.408203125,18749.69377139301,18569.408203125,18749.69377139301,3780
2020-09-09,18208.837890625,18569.40904347857,18208.837890625,18569.40904347857,4662
2020-09-10,17848.267578125,18389.124332870622,17848.267578125,18389.124332870622,3655
2020-09-11,17884.322265625,18028.551788254896,17884.322265625,18028.551788254896,3957
2020-09-14,18028.55078125,18028.55078125,17884.321266676205,17884.321266676205,4084
2020-09-15,18389.123046875,18389.123046875,18028.551902260195,18028.551902260195,4208
2020-09-16,18461.236328125,18461.236328125,18028.551323704567,18028.551323704567,3731
2020-09-17,18028.55078125,18028.55078125,17848.2652201527,18028.55078125,4184
2020-09-18,17848.267578125,17848.267578125,17667.981993209793,17667.981993209793,4437
2020-09-21,18028.55078125,18389.1219034446,18028.55078125,18028.55078125,3528
2020-09-22,18208.837890625,18208.837890625,18028.552314198216,18028.552314198216,4891
2020-09-23,18389.123046875,18749.694191489805,17920.380203643745,18569.408619182403,6201
2020-09-24,18569.408203125,18749.69377139301,18028.55149832097,18749.69377139301,6253
2020-09-25,18389.123046875,18389.123046875,18028.551902260195,18389.123046875,5143
2020-09-28,18749.693359375,18966.03497084658,18713.63553604976,18713.63553604976,6101
2020-09-29,19290.55078125,19290.55078125,19218.43513187439,19218.43513187439,5699
2020-09-30,19290.55078125,19579.006274112337,19290.55078125,19470.834576208945,7211
2020-10-01,19651.12109375,19651.12109375,19110.26613050487,19290.551710306616,7639
2020-10-02,19651.12109375,19723.236746598788,19470.83551394825,19651.12109375,8195
2020-10-05,19651.12109375,19651.12109375,19651.12109375,19651.12109375,4385
2020-10-06,20588.607421875,20588.607421875,19651.121668998778,19651.121668998778,8775
2020-10-07,20913.119140625,20913.119140625,20552.547998465256,20588.60582314524,5218
2020-10-08,20913.119140625,22355.40370926397,20552.547998465256,20913.119140625,20603
2020-10-09,22175.119140625,22283.2908433949,20913.1200860164,20913.1200860164,7942
2020-10-12,22355.404296875,22355.404296875,21994.83314523765,22175.11872105633,4159
2020-10-13,21994.83203125,21994.83203125,21814.54646456238,21814.54646456238,5394
2020-10-14,21634.26171875,21814.54729227825,21634.26171875,21634.26171875,5799
2020-10-15,21634.26171875,21634.26171875,21093.40499816525,21634.26171875,6806
2020-10-16,21634.26171875,21814.54729227825,21634.26171875,21814.54729227825,4461
2020-10-19,21634.26171875,21634.26171875,21093.40499816525,21093.40499816525,7060
2020-10-20,21093.404296875,21634.26099947795,21093.404296875,21634.26099947795,4184
2020-10-21,21093.404296875,21129.46212084586,21093.404296875,21129.46212084586,5420
2020-10-22,21021.29296875,21093.406849257783,21021.29296875,21093.406849257783,5143
2020-10-23,21021.29296875,21021.29296875,21021.29296875,21021.29296875,4008
2020-10-26,21634.26171875,21634.26171875,21021.29112398596,21021.29112398596,9280
2020-10-27,21093.404296875,21273.68986440932,21093.404296875,21093.404296875,4538
2020-10-28,20913.119140625,21093.404711704872,20913.119140625,21093.404711704872,4538
2020-10-29,20913.119140625,20913.119140625,20913.119140625,20913.119140625,3075
2020-10-30,19470.8359375,20913.1206072882,19470.8359375,20913.1206072882,11298
2020-11-02,20552.548828125,20552.548828125,19651.120936337044,19651.120936337044,4891
2020-11-03,21634.26171875,21634.26171875,19831.405983467484,20913.119424636992,8169
2020-11-04,21273.69140625,21453.97698685077,21273.69140625,21453.97698685077,5447
2020-11-05,21201.576171875,21201.576171875,20768.891161366533,20768.891161366533,5823
2020-11-06,21201.576171875,21201.576171875,20877.06285803365,20913.11890614936,3881
2020-11-09,21273.69140625,21273.69140625,21093.40582564923,21201.57752924172,8043
2020-11-10,21237.634765625,21237.634765625,21237.634765625,21237.634765625,1133
2020-11-11,21994.83203125,21994.83203125,21237.633716857978,21237.633716857978,10087
2020-11-12,21634.26171875,21958.775040636832,21634.26171875,21958.775040636832,3704
2020-11-13,21958.775390625,21958.775390625,21129.46316010516,21634.262063565937,5470
2020-11-16,21598.205078125,21958.77443914478,21598.205078125,21958.77443914478,5999
2020-11-17,21958.775390625,21958.775390625,21598.20601398164,21598.20601398164,5748
2020-11-18,21634.26171875,21958.775040636832,21634.26171875,21958.775040636832,6253
2020-11-19,21958.775390625,21958.775390625,21634.262063565937,21634.262063565937,8598
2020-11-20,22355.404296875,22355.404296875,21958.775319609893,21958.775319609893,11347
2020-11-23,22175.119140625,22175.119140625,22175.119140625,22175.119140625,5748
2020-11-24,23437.1171875,23437.1171875,22175.118187154,22175.118187154,11170
2020-11-25,23437.1171875,23437.1171875,22571.74715486961,22715.974901588,4689
2020-11-26,24158.259765625,24158.259765625,23076.54632367283,23581.34521945316,12279
2020-11-27,23256.83203125,24158.25990473412,23256.83203125,23437.117605946823,3906
2020-11-30,22643.861328125,23437.11749790212,22643.861328125,23437.11749790212,8775
2020-12-01,21634.26171875,22355.404012863008,21634.26171875,22355.404012863008,8800
2020-12-02,22715.974609375,22715.974609375,21634.261194421902,21814.54676358075,10011
2020-12-03,23437.1171875,23437.1171875,22715.974901588,22715.974901588,10389
2020-12-04,23797.6875,23797.6875,23076.545239253337,23617.401934813337,8043
2020-12-07,25456.314453125,25456.314453125,23437.117123758944,23437.117123758944,12658
2020-12-08,25420.255859375,25600.541424908155,24699.11537340235,25239.970293841845,7690
2020-12-09,25600.54296875,25600.54296875,25203.91576635442,25239.97181593943,11775
2020-12-10,25600.54296875,25780.828545155284,25600.54296875,25600.54296875,5294
2020-12-11,25780.828125,25780.828125,25239.9714045986,25600.542551532864,4184
2020-12-14,25780.828125,25780.828125,24518.830886890108,25780.828125,10918
2020-12-15,27403.3984375,27403.3984375,25600.54269287498,25600.54269287498,9632
2020-12-16,28340.8828125,28340.8828125,27042.82772129545,27259.171124576253,17222
2020-12-17,29927.396484375,29927.396484375,27403.40006789237,27583.685653081146,10338
2020-12-18,29747.111328125,29747.111328125,28845.683443006048,28845.683443006048,6429
2020-12-21,29566.826171875,29566.826171875,28124.54153515912,28845.683853517057,9002
2020-12-22,27763.96875,29206.25330224935,27763.96875,29206.25330224935,6304
2020-12-23,29674.994140625,29674.994140625,27763.96854400171,27763.96854400171,12912
2020-12-24,29927.396484375,29927.396484375,29602.88314149928,29747.1126753464,6378
2020-12-25,30287.966796875,30287.966796875,29278.3689693419,29566.82625270569,7387
2020-12-28,30648.537109375,30648.537109375,30287.96595918282,30287.96595918282,4914
2020-12-29,31009.109375,31009.109375,29927.395885513,29927.395885513,4336
2020-12-30,32451.39453125,32451.39453125,31009.1098562184,31009.1098562184,10491
2020-12-31,33893.67578125,33893.67578125,31730.24898732172,32451.39125196448,9128
2021-01-04,32811.96484375,33533.10716244694,32811.96484375,33533.10716244694,2016
2021-01-05,32451.39453125,32451.39453125,31549.968385515407,31549.968385515407,2772
2021-01-06,32451.39453125,33533.1080375237,32090.823362492098,32090.823362492098,2772
2021-01-07,32920.13671875,32920.13671875,31730.251531452483,31730.251531452483,5294
2021-01-08,32451.39453125,33172.5368687658,32451.39453125,33172.5368687658,3780
2021-01-11,32811.96484375,32811.96484375,32451.393684401533,32451.393684401533,2772
2021-01-12,30540.365234375,32811.96382282276,30540.365234375,32811.96382282276,14877
2021-01-13,28485.111328125,30648.536403275742,28485.111328125,30540.3647054782,7060
2021-01-14,27763.96875,29025.967733218185,27763.96875,28485.11102612468,4286
2021-01-15,28304.826171875,28304.826171875,27763.96945112324,27763.96945112324,4789
2021-01-18,28124.541015625,29530.76779998224,28124.541015625,29530.76779998224,4286
2021-01-19,26249.5703125,28124.539874272858,26249.5703125,28124.539874272858,7312
2021-01-20,26682.255859375,26682.255859375,26538.028111784017,26538.028111784017,3528
2021-01-21,25961.11328125,26321.684422389582,25961.11328125,26321.684422389582,5042
2021-01-22,25961.11328125,26321.684422389582,25961.11328125,25961.11328125,4538
2021-01-25,25961.11328125,25961.11328125,25600.54214011041,25961.11328125,6052
2021-01-26,24879.40234375,26321.68517329372,24879.40234375,25961.11402186777,7060
2021-01-27,24518.83203125,25203.91653193583,24518.83203125,24879.403195013096,3528
2021-01-28,22824.146484375,24518.83049247286,22824.146484375,24518.83049247286,4286
2021-01-29,22824.146484375,22824.146484375,21237.634173849347,21237.634173849347,10087
2021-02-01,22715.974609375,23437.1168860104,22715.974609375,23076.545747692697,5547
2021-02-02,23437.1171875,23437.1171875,22715.974901588,22715.974901588,4789
2021-02-03,23797.6875,23797.6875,23437.11636962667,23437.11636962667,4789
2021-02-04,24158.259765625,24158.259765625,23437.11747099022,23797.68861830761,6052
2021-02-05,24158.259765625,24158.259765625,22499.63177750098,22715.97517635544,5547
2021-02-08,22715.974609375,24158.259162645794,22715.974609375,24158.259162645794,5799
2021-02-09,22715.974609375,22896.26017853385,22715.974609375,22715.974609375,4789
2021-02-17,23617.404296875,23617.404296875,22715.97638078662,22715.97638078662,7060
2021-02-18,23617.404296875,23797.68988009268,23617.404296875,23617.404296875,5294
2021-02-19,23797.6875,23797.6875,23617.401934813337,23617.401934813337,2772
2021-02-22,23797.6875,23797.6875,22715.974108880007,23256.830804440004,6052
2021-02-23,23977.974609375,23977.974609375,23797.68903257789,23797.68903257789,2772
2021-02-24,23797.6875,24879.40089112,23797.6875,24158.258630373333,13869
2021-02-25,24158.259765625,24158.259765625,23617.40304464892,23617.40304464892,1763
2021-02-26,22896.26171875,23437.11846260962,22896.26171875,23437.11846260962,5294
2021-03-01,23437.1171875,23437.1171875,22355.403758632,22355.403758632,4034
2021-03-02,22355.404296875,22715.975448512345,22355.404296875,22715.975448512345,4034
2021-03-03,22463.576171875,22463.576171875,22175.118893095205,22355.40447031257,3276
2021-03-04,22463.576171875,22932.31725171208,22463.576171875,22463.576171875,4538
2021-03-05,22355.404296875,22715.975448512345,22175.11872105633,22463.57599759822,11096
2021-03-08,23473.173828125,23473.173828125,22463.576023312788,22463.576023312788,13869
2021-03-09,23076.544921875,23473.17209413476,23076.544921875,23473.17209413476,4286
2021-03-10,23617.404296875,23617.404296875,22896.26196400429,23076.547547221973,10590
2021-03-11,23689.517578125,23797.68928056249,22355.40465115625,23076.54696585937,7564
2021-03-12,22715.974609375,23689.516327600784,22391.46129535308,23689.516327600784,13365
2021-03-15,22463.576171875,22679.917798839782,22463.576171875,22679.917798839782,8070
2021-03-16,22355.404296875,22463.57599759822,22355.404296875,22463.57599759822,3026
2021-03-17,23076.544921875,23076.544921875,21634.260420217823,22355.402671046413,8321
2021-03-18,23256.83203125,23401.05978054344,23076.546456553177,23076.546456553177,5799
2021-03-19,22715.974609375,23797.688024328098,22715.974609375,23797.688024328098,7564
2021-03-22,22896.26171875,22896.26171875,22643.86226018087,22715.97613746346,7816
2021-03-23,22715.974609375,23220.77349255577,22715.974609375,22896.26017853385,10338
2021-03-24,22355.404296875,22715.975448512345,22355.404296875,22715.975448512345,4538
2021-03-25,21814.548828125,22355.405586788613,21814.548828125,22355.405586788613,9078
2021-03-26,21814.548828125,21814.548828125,20913.12089701898,21814.548828125,12609
2021-03-29,21273.69140625,21814.5481480523,21273.69140625,21814.5481480523,9078
2021-03-30,21093.404296875,21273.68986440932,21093.404296875,21273.68986440932,7060
2021-03-31,20913.119140625,21273.69028278474,20913.119140625,21093.404711704872,10842
2021-04-01,20913.119140625,21309.74810746473,20913.119140625,20913.119140625,4789
2021-04-02,21742.43359375,21742.43359375,20913.11959358824,20913.11959358824,6806
2021-04-05,21273.69140625,21742.434271044018,21273.69140625,21742.434271044018,8825
2021-04-06,21562.1484375,21562.1484375,20913.1199997189,21273.69115669061,5294
2021-04-07,21742.43359375,21742.43359375,20913.11959358824,21093.405168572965,7312
2021-04-08,21309.748046875,21742.43306100444,21273.690222297537,21742.43306100444,7312
2021-04-09,21706.376953125,21814.54865925237,20913.12073512456,21309.749732204866,10590
2021-04-12,22211.177734375,22211.177734375,21021.29251511341,21634.26315044206,10842
2021-04-13,22175.119140625,22571.748125394603,22175.119140625,22211.176966935003,13869
2021-04-14,22175.119140625,22175.119140625,22066.9474378551,22175.119140625,6052
2021-04-15,21850.603515625,22355.40237403432,21850.603515625,22175.11681372243,9078
2021-04-16,20913.119140625,21670.31924962447,20913.119140625,21670.31924962447,8573
2021-04-19,20913.119140625,20913.119140625,20552.547998465256,20913.119140625,7816
2021-04-20,21273.69140625,21634.262567451533,20913.120245048467,20913.120245048467,14877
2021-04-22,20660.720703125,21273.691319434107,20660.720703125,21273.691319434107,4286
2021-04-23,21814.548828125,21814.548828125,20660.72143154133,20660.72143154133,9078
2021-04-26,21273.69140625,22283.29101284632,21273.69140625,21814.5481480523,17400
2021-04-27,21742.43359375,21742.43359375,20732.83401860351,21273.69074355769,10338
2021-04-28,21490.033203125,21490.033203125,20552.54754378546,20732.83311087691,13365
2021-04-29,20913.119140625,21634.261424944485,20877.06309210504,21634.261424944485,13869
2021-05-04,20552.548828125,20552.548828125,20191.97767140982,20552.548828125,11599
2021-05-05,20768.890625,20768.890625,20300.14780232133,20552.547237252933,25975
2021-05-06,20913.119140625,20913.119140625,20768.89139422512,20768.89139422512,13365
2021-05-07,19831.40625,21237.634808115992,19831.40625,20913.119705707653,14374
2021-05-10,19651.12109375,19831.406673551748,19651.12109375,19831.406673551748,6304
2021-05-11,19470.8359375,19651.12152122353,19110.266546213104,19651.12152122353,8321
2021-05-12,19579.005859375,19831.405298363043,19579.005859375,19831.405298363043,6304
2021-05-13,19470.8359375,19579.007642966146,19470.8359375,19470.8359375,10842
2021-05-14,19110.265625,19218.43554909165,19110.265625,19218.43554909165,15131
2021-05-17,18821.80859375,18821.80859375,18821.80859375,18821.80859375,9583
2021-05-18,19470.8359375,19470.8359375,18497.294140625,18497.294140625,7564
2021-05-19,19290.55078125,19290.55078125,19290.55078125,19290.55078125,7312
2021-05-20,18966.037109375,19110.26664277871,18966.037109375,19110.26664277871,15383
2021-05-21,18749.693359375,18966.03497084658,18749.693359375,18966.03497084658,12105
2021-05-24,18929.98046875,18929.98046875,18749.69488972876,18749.69488972876,5294
2021-05-25,18929.98046875,18929.98046875,18929.98046875,18929.98046875,16141
2021-05-26,18929.98046875,18929.98046875,17667.981415601313,18929.98046875,18157
2021-05-27,17667.98046875,18208.83717682847,17667.98046875,18136.72330431668,20930
2021-05-28,18389.123046875,18389.123046875,18028.551902260195,18028.551902260195,8321
2021-05-31,18172.779296875,18713.636003298187,18172.779296875,18389.12268990828,11096
2021-06-01,18749.693359375,18749.693359375,18569.407795068702,18569.407795068702,5294
2021-06-02,18749.693359375,19290.55005229389,18749.693359375,18749.693359375,13869
2021-06-03,19110.265625,19110.265625,18280.95162461696,18280.95162461696,15131
2021-06-04,19110.265625,19254.49337456224,18821.80834971545,19110.265625,8825
2021-06-07,18785.75,18929.97952169736,18785.75,18929.97952169736,15131
2021-06-08,19074.208984375,19110.26681208542,18389.124467158403,19110.26681208542,16896
2021-06-09,19074.208984375,19074.208984375,18028.55329469489,19074.208984375,14625
2021-06-10,19687.177734375,19687.177734375,19182.37885179924,19182.37885179924,31018
2021-06-11,21057.349609375,21057.349609375,19975.6361342901,19975.6361342901,52459
2021-06-14,21742.43359375,22499.63194298982,21742.43359375,21994.83304349661,47918
2021-06-15,21490.033203125,21562.147074729583,20552.54754378546,20913.118677968363,12357
2021-06-16,20660.720703125,21453.97689929915,20588.606826411007,21309.749145871163,20176
2021-06-17,20191.978515625,20660.72139418463,19470.836172044084,19470.836172044084,18157
2021-06-18,20588.607421875,20732.835179474343,18785.7515710824,19470.83608391952,20680
2021-06-21,20444.37890625,20444.37890625,19831.40651877984,20264.09332785527,12357
2021-06-22,20372.26171875,20408.319542175737,19831.40502432372,19831.40502432372,10590
2021-06-23,20011.69140625,20372.262550590363,20011.69140625,20372.262550590363,19167
2021-06-24,19975.634765625,20011.69081329466,19975.634765625,20011.69081329466,14625
2021-06-25,19975.634765625,19975.634765625,19542.949760469222,19615.06363196852,12860
2021-06-28,20552.548828125,20913.11998484018,19975.636043076767,19975.636043076767,20176
2021-06-29,20552.548828125,21093.40556319777,20552.548828125,20732.83440648259,22948
2021-06-30,21093.404296875,21093.404296875,20624.66146605378,20732.833161806368,31273
2021-07-01,21237.634765625,21273.69081504707,21093.4052394565,21093.4052394565,9330
2021-07-02,20372.26171875,21237.633495528025,20372.26171875,21237.633495528025,21940
2021-07-05,20336.20703125,20372.26308092664,19470.835196609514,20336.20703125,24966
2021-07-06,20300.1484375,20336.20626197273,18929.97952609674,20336.20626197273,41108
2021-07-07,20300.1484375,20300.1484375,19146.32114445304,19146.32114445304,18409
2021-07-08,20011.69140625,20732.833694930723,20011.69140625,20300.148676954297,12860
2021-07-09,20228.03515625,20913.11963198579,20119.86345582854,20119.86345582854,43379
2021-07-12,19651.12109375,20228.03565957964,19651.12109375,19903.522326400536,29506
2021-07-13,20732.833984375,20877.063509820706,19651.120536252463,19651.120536252463,25975
2021-07-14,21994.83203125,22066.945902693053,20732.833064436643,20732.833064436643,54979
2021-07-15,21670.3203125,21994.83364589633,20913.120166361736,21994.83364589633,58763
2021-07-16,21994.83203125,21994.83203125,21453.97533118713,21670.318721676274,87767
2021-07-19,21598.205078125,21994.83226332676,20913.11885178741,21994.83226332676,18661
2021-07-20,21598.205078125,21598.205078125,21273.689988967195,21273.689988967195,42873
2021-07-21,22499.6328125,23076.547385210324,21634.262729594648,22355.405057402484,63555
2021-07-22,22715.974609375,23076.545747692697,21922.718460308064,22499.631215920377,53466
2021-07-23,22455.462890625,22560.02898822794,22220.19094717849,22560.02898822794,20002
2021-07-26,22455.462890625,22716.876358472244,21697.362235323897,22716.876358472244,25047
2021-07-27,21749.646484375,21984.91844080494,21697.3634326883,21984.91844080494,22610
2021-07-28,21069.96875,21749.644817517405,21069.96875,21749.644817517405,36179
2021-07-29,20207.302734375,21069.969499456714,19867.464688528293,21069.969499456714,34787
2021-07-30,20233.443359375,20494.85681928753,20181.16031216049,20207.301835767743,27133
2021-08-02,20651.70703125,20651.70703125,19972.03093455572,19998.17245951782,34438
2021-08-03,20886.978515625,20913.12004000621,20442.57437730445,20442.57437730445,35830
2021-08-04,21043.826171875,21043.826171875,20547.13901996064,20886.97703669363,31655
2021-08-05,20913.119140625,20913.119140625,20494.856544673297,20913.119140625,40526
2021-08-06,20128.87890625,20913.121126094564,20128.87890625,20913.121126094564,38613
2021-08-09,20128.87890625,20128.87890625,19867.46542502188,20128.87890625,37046
2021-08-10,19867.46484375,20128.878317329825,19606.05137017017,20128.878317329825,30438
2021-08-11,19815.1796875,19867.46273189044,19658.332330488625,19867.46273189044,35308
2021-08-12,19789.0390625,19815.180585880425,19606.050174997057,19815.180585880425,25742
2021-08-13,19606.05078125,19789.03967441128,19344.63553936233,19789.03967441128,21915
2021-08-16,19789.0390625,19867.46363264128,19606.050174997057,19606.050174997057,14782
2021-08-17,19867.46484375,19867.46484375,19789.04026882801,19789.04026882801,19653
2021-08-18,19893.60546875,20155.018930503647,19867.46394495863,19867.46394495863,43136
2021-08-19,19893.60546875,19893.60546875,19684.475054579096,19893.60546875,33568
2021-08-20,19893.60546875,19893.60546875,19893.60546875,19893.60546875,10261
2021-08-23,19867.46484375,19893.606368724,19606.05137017017,19893.606368724,21393
2021-08-24,19606.05078125,19867.46424697757,19606.05078125,19867.46424697757,16523
2021-08-25,19606.05078125,19841.32272278881,19606.05078125,19606.05078125,26611
2021-08-26,19449.201171875,19606.050313263688,19449.201171875,19606.050313263688,17219
2021-08-27,19449.201171875,19449.201171875,19344.635077615872,19449.201171875,17219
2021-08-30,19396.91796875,19449.201015459086,19396.91796875,19449.201015459086,18089
2021-08-31,19370.77734375,19396.918868316905,19344.63581918309,19396.918868316905,19827
2021-09-01,19161.646484375,19370.77689995887,19109.363436439013,19370.77689995887,41048
2021-09-06,19030.939453125,19161.647077007496,18926.37513017913,19161.647077007496,30438
2021-09-07,19606.05078125,19606.05078125,18926.37470466226,19030.93902525724,32004
2021-09-08,19658.333984375,19867.464403371283,19423.060264824064,19423.060264824064,37917
2021-09-09,19527.625,19658.33261285354,19527.625,19658.33261285354,16523
2021-09-10,19187.787109375,19527.625128877065,19135.50406388853,19527.625128877065,16698
2021-09-13,19318.494140625,19318.494140625,19187.78829499247,19187.78829499247,14957
2021-09-14,19213.9296875,19318.49400805645,19083.22206660432,19318.49400805645,20002
2021-09-15,19292.353515625,19292.353515625,19213.92894611368,19213.92894611368,20523
2021-09-16,19266.2109375,19292.352459239017,19083.220285326875,19292.352459239017,21915
2021-09-17,19187.787109375,19396.91751516089,19187.787109375,19266.211677604704,25393
2021-09-20,19187.787109375,19240.07015486147,19135.50406388853,19161.645586631766,23655
2021-09-21,19187.787109375,19187.787109375,18978.65492742912,19187.787109375,12870
2021-09-22,19344.634765625,19344.634765625,19187.787402925995,19187.787402925995,14610
2021-09-23,19292.353515625,19396.917832146748,19292.353515625,19344.634785805865,57224
2021-09-24,19135.505859375,19292.355010551582,19135.505859375,19292.355010551582,11827
2021-09-27,19240.072265625,19344.636591909348,19135.506163180464,19135.506163180464,19481
2021-09-28,19240.072265625,19240.072265625,18351.263947166823,19240.072265625,34960
2021-09-29,19240.072265625,19344.636591909348,19240.072265625,19240.072265625,16174
2021-09-30,19083.220703125,19240.06983699308,18717.24116692611,19240.06983699308,13740
2021-10-01,18821.80859375,19004.79748677364,18821.80859375,19004.79748677364,11478
2021-10-04,18821.80859375,19083.222059280943,18821.80859375,18821.80859375,18262
2021-10-05,18821.80859375,18821.80859375,18351.262934866227,18821.80859375,30089
2021-10-06,19030.939453125,19083.222502678,18821.80903107313,18821.80903107313,14087
2021-10-07,18978.65625,19030.939299129936,18874.09192790025,19030.939299129936,17219
2021-10-08,18874.091796875,18978.65611824886,18874.091796875,18978.65611824886,17044
2021-10-11,19344.634765625,19344.634765625,18874.09090136797,18874.09090136797,21045
2021-10-12,19344.634765625,19344.634765625,18821.80785508163,19344.634765625,20002
2021-10-13,19344.634765625,19344.634765625,19318.49324248183,19344.634765625,22436
2021-10-14,19187.787109375,19344.63446967442,19135.50406388853,19344.63446967442,16349
2021-10-15,19344.634765625,19344.634765625,19187.787402925995,19187.787402925995,19827
2021-10-18,19083.220703125,19344.634150078506,19083.220703125,19344.634150078506,27306
2021-10-19,19083.220703125,19083.220703125,19083.220703125,19083.220703125,22089
2021-10-20,19083.220703125,19240.06983699308,19083.220703125,19083.220703125,17914
2021-10-21,19606.05078125,19606.05078125,19083.222073634766,19083.222073634766,29046
2021-10-22,19867.46484375,19919.747893698,19606.05137017017,19606.05137017017,45919
2021-10-25,20076.59375,20338.008979982296,19867.46334217417,20076.59375,37570
2021-10-26,20076.59375,20076.59375,20076.59375,20076.59375,26611
2021-10-27,20913.119140625,20913.119140625,20390.29222780539,20390.29222780539,45223
2021-10-28,20913.119140625,21200.674120291787,20913.119140625,21200.674120291787,38438
2021-10-29,20651.70703125,20913.12050471084,20390.29355778916,20913.12050471084,22959
2021-11-01,20390.29296875,20703.98948307291,20390.29296875,20651.70643465908,21219
2021-11-02,20625.564453125,20625.564453125,20390.292516639485,20390.292516639485,21219
2021-11-03,20390.29296875,20808.55557990057,20390.29296875,20625.56491045216,42266
2021-11-04,20599.421875,20599.421875,20390.291472847293,20390.291472847293,19827
2021-11-05,20599.421875,20599.421875,20390.291472847293,20599.421875,24698
2021-11-08,20913.119140625,20913.119140625,20599.422637701227,20599.422637701227,53223
2021-11-09,22377.0390625,22377.0390625,20913.1207519559,20913.1207519559,69575
2021-11-10,23004.431640625,23527.25854254104,22429.319917125384,22429.319917125384,34091
2021-11-11,22795.30078125,23527.259907320225,22481.604266671344,23004.43297507583,55136
2021-11-12,22063.341796875,22795.30092764601,21958.77569929054,22795.30092764601,54963
2021-11-15,22429.3203125,22429.3203125,22063.34076424345,22089.482287416064,24176
2021-11-16,22873.724609375,22873.724609375,21958.774843489588,22403.178964743645,84357
2021-11-17,23631.82421875,23657.96574100313,22638.451701611026,22638.451701611026,33742
2021-11-18,23553.400390625,23631.824959843776,22847.58281997604,23631.824959843776,42440
2021-11-19,22481.603515625,23553.40064469642,22481.603515625,23553.40064469642,41917
2021-11-22,22220.189453125,22952.148534809498,22220.189453125,22481.60290339518,40700
2021-11-23,22220.189453125,22220.189453125,20913.118649454125,22220.189453125,35655
2021-11-24,23762.533203125,23762.533203125,22220.190405706584,22220.190405706584,77575
2021-11-25,25409.44140625,25409.44140625,25095.74488382817,25095.74488382817,65747
2021-11-26,25618.572265625,26402.81441874904,24102.37100640654,25618.572265625,29742
2021-11-29,24677.482421875,25618.57377140217,24572.916321669727,25618.57377140217,40004
2021-11-30,24050.087890625,24677.48090086668,24050.087890625,24677.48090086668,31134
2021-12-01,24050.087890625,24311.50134886569,23762.53290894423,24050.087890625,20697
2021-12-02,24572.916015625,24572.916015625,23788.675602333253,24050.089073430503,31134
2021-12-03,24572.916015625,24991.17863507668,24050.089073430503,24572.916015625,33917
2021-12-06,22899.8671875,24808.189601138343,22899.8671875,24572.915879906148,28697
2021-12-07,23501.1171875,23501.1171875,21958.774441139754,22899.865713158888,36874
2021-12-08,23265.84765625,23474.97808483752,22220.191960992062,23474.97808483752,22785
2021-12-09,23213.5625,23265.84554644577,23004.432090376948,23213.5625,22959
2021-12-10,23004.431640625,23213.56204615941,22952.1485952014,23213.56204615941,23828
2021-12-13,22899.8671875,23004.43328582542,22115.62500237958,23004.43328582542,32872
2021-12-14,22481.603515625,22899.86611314361,22220.19005823588,22899.86611314361,28872
2021-12-15,22220.189453125,22481.60290339518,21749.643821710688,22481.60290339518,30438
2021-12-16,21749.646484375,22220.192173395088,21749.646484375,22220.192173395088,22089
2021-12-17,22220.189453125,22220.189453125,21409.80580351145,21749.643821710688,16698
2021-12-20,22115.623046875,22194.04761368462,21435.94702017822,22194.04761368462,19481
2021-12-21,21592.794921875,22115.623604290184,21592.794921875,22115.623604290184,25219
2021-12-22,22220.189453125,22220.189453125,21540.51341672654,21592.79468585259,16698
2021-12-23,21697.361328125,22220.19001811935,20677.84724760405,20677.84724760405,24002
2021-12-24,22743.015625,22743.015625,21435.9466393664,21697.360081261133,28872
2021-12-27,22481.603515625,23344.27023401713,22481.603515625,22743.01697301412,18610
2021-12-28,21958.775390625,22429.3210469807,20913.119757959063,22429.3210469807,20523
2021-12-29,21435.947265625,21958.77416468904,21435.947265625,21958.77416468904,20523
2021-12-30,21435.947265625,21435.947265625,21252.9566076406,21252.9566076406,23828
2021-12-31,21958.775390625,22324.75495086608,21435.94846237207,21435.94846237207,31308
2022-01-04,21775.78515625,21958.77403701044,21775.78515625,21958.77403701044,24002
2022-01-05,21435.947265625,21854.209850572217,21435.947265625,21775.785282864617,18436
2022-01-06,21069.96875,21435.948307598606,21069.96875,21435.948307598606,19306
2022-01-07,21697.361328125,21697.361328125,20965.40222782893,21069.968321059805,13218
2022-01-10,21697.361328125,21854.21046797132,21592.795234894125,21697.361328125,18262
2022-01-11,21592.794921875,21697.36101359004,21435.94756046245,21697.36101359004,16523
2022-01-12,21592.794921875,21592.794921875,21435.94756046245,21592.794921875,16523
2022-01-13,21775.78515625,21775.78515625,21592.7944993296,21592.7944993296,12523
2022-01-14,21592.794921875,21775.78558237632,21435.94756046245,21775.78558237632,17914
2022-01-17,21174.53515625,21697.362088404265,21174.53515625,21592.79599150937,20697
2022-01-18,20651.70703125,21174.535754331828,20651.70703125,21174.535754331828,14087
2022-01-19,19867.46484375,20651.70704064962,19867.46484375,20651.70704064962,14782
2022-01-20,20076.59375,20128.87679599646,19867.46334217417,19867.46334217417,16174
2022-01-21,20128.87890625,20128.87890625,20102.737380511167,20102.737380511167,22610
2022-01-24,19684.4765625,20128.87894867644,19684.4765625,20128.87894867644,17044
2022-01-25,19501.484375,19684.47504141724,19501.484375,19684.47504141724,16174
2022-01-26,20076.59375,20076.59375,19501.483796358963,19501.483796358963,17740
2022-01-27,19972.029296875,20076.593611989112,19972.029296875,20076.593611989112,15479
2022-01-28,19972.029296875,20024.31234251205,19867.46320560089,19972.029296875,12523
2022-02-07,20128.87890625,20181.16195772766,19919.74847649954,19972.031527977204,19653
2022-02-08,20547.140625,20547.140625,20128.87800800375,20128.87800800375,17740
2022-02-09,20547.140625,20651.70672328909,20547.140625,20547.140625,15306
2022-02-10,20494.857421875,20547.14047062673,20390.293100531628,20547.14047062673,16870
2022-02-11,20651.70703125,20651.70703125,20494.85788147741,20494.85788147741,14782
2022-02-14,20390.29296875,20834.6953279474,20390.29296875,20651.70643465908,22264
2022-02-15,20390.29296875,20390.29296875,20390.29296875,20390.29296875,13391
2022-02-16,20547.140625,20703.98977243364,20390.29325372648,20703.98977243364,10261
2022-02-17,20547.140625,20547.140625,20547.140625,20547.140625,11132
2022-02-18,20390.29296875,20547.14033783141,20181.160775094668,20547.14033783141,15131
2022-02-21,20024.3125,20390.29204617776,19867.463361855243,20390.29204617776,13566
2022-02-22,19606.05078125,20024.313392110173,19606.05078125,20024.313392110173,14261
2022-02-23,19815.1796875,19815.1796875,19606.049286098183,19606.049286098183,14087
2022-02-24,19606.05078125,19972.03034373264,19606.05078125,19815.181198600043,29742
2022-02-25,19762.8984375,19762.8984375,19475.343443403704,19606.051066247528,17740
2022-02-28,19815.1796875,19815.1796875,19684.47385268385,19762.89664310956,10261
2022-03-01,20965.40234375,21200.67427866029,19815.18064033069,19815.18064033069,30264
2022-03-02,20913.119140625,20965.402187138963,20181.160041749525,20965.402187138963,15653
2022-03-03,20338.009765625,20651.70627756162,20338.009765625,20547.140181529387,20872
2022-03-04,19998.171875,20311.868389216143,19998.171875,20311.868389216143,20872
2022-03-07,19998.171875,20102.736195631987,19945.88882660396,20102.736195631987,29046
2022-03-08,19867.46484375,20338.0105171218,19867.46484375,19998.172468619985,14087
2022-03-09,20390.29296875,20547.14033783141,19867.46426077176,19867.46426077176,13218
2022-03-10,20913.119140625,21226.81564354877,20128.87699523556,20390.29222780539,17044
2022-03-11,20913.119140625,21043.826756909915,20390.29222780539,20913.119140625,10261
2022-03-14,19815.1796875,20913.118291219424,19606.049286098183,20913.118291219424,10261
2022-03-15,20285.7265625,20782.413738695253,19841.322433921097,19841.322433921097,14436
2022-03-16,20181.16015625,20547.13970776417,20181.16015625,20285.726249871204,8870
2022-03-17,20181.16015625,20181.16015625,20024.312791978235,20181.16015625,9391
2022-03-18,19867.46484375,20181.16136727782,19867.46484375,20181.16136727782,19306
2022-03-21,19762.8984375,19867.46453577506,19736.75691293124,19841.323011206296,14436
2022-03-22,19867.46484375,19972.030943645987,19762.898743854013,19762.898743854013,15479
2022-03-23,19867.46484375,19867.46484375,19815.181793802007,19867.46484375,6433
2022-03-24,19867.46484375,19867.46484375,19789.04026882801,19867.46484375,9740
2022-03-25,19867.46484375,19867.46484375,19867.46484375,19867.46484375,10261
2022-03-28,19867.46484375,19867.46484375,19344.63612043021,19867.46484375,21393
2022-03-29,19815.1796875,19867.46273189044,19396.917108536418,19867.46273189044,12348
2022-03-30,19710.61328125,19815.17936834669,19684.473535635752,19815.17936834669,8521
2022-03-31,19762.8984375,19762.8984375,19658.334115385056,19684.47563995382,5738
2022-04-01,19762.8984375,19762.8984375,19527.626492541232,19736.75691293124,9391
2022-04-04,19867.46484375,19867.46484375,19762.898743854013,19762.898743854013,10087
2022-04-05,19867.46484375,19867.46484375,19606.05137017017,19867.46484375,13915
2022-04-06,19710.61328125,19867.46241189504,19710.61328125,19867.46241189504,12870
2022-04-07,19867.46484375,19867.46484375,19658.334420118168,19710.61569390602,16523
2022-04-08,19501.484375,19841.32240790053,19449.201327452218,19841.32240790053,13566
2022-04-12,19501.484375,19606.050470095564,19501.484375,19501.484375,9044
2022-04-13,19501.484375,19501.484375,19449.201327452218,19501.484375,14087
2022-04-14,19501.484375,19710.61478903107,19501.484375,19501.484375,8521
2022-04-15,19606.05078125,19606.05078125,19501.48468449493,19501.48468449493,7130
2022-04-18,19083.220703125,19606.04937319197,19083.220703125,19606.04937319197,12174
2022-04-19,18821.80859375,19083.222059280943,18821.80859375,19083.222059280943,11653
2022-04-20,18821.80859375,18821.80859375,18560.395128219054,18821.80859375,11827
2022-04-21,18664.958984375,18821.80812548741,18664.958984375,18821.80812548741,8349
2022-04-22,19083.220703125,19083.220703125,18664.95812230341,18664.95812230341,9391
2022-04-25,18508.111328125,19083.221284165487,18508.111328125,19083.221284165487,12696
2022-04-26,18769.525390625,18769.525390625,18508.11192724985,18560.39497515689,12523
2022-04-27,18769.525390625,18769.525390625,18769.525390625,18769.525390625,10608
2022-04-28,18298.978515625,18874.09022809959,18298.978515625,18769.524139256948,13044
2022-04-29,18612.677734375,18612.677734375,18037.567713756547,18298.98119802309,11304
2022-05-04,18560.39453125,18612.675801746565,18560.39453125,18612.675801746565,10087
2022-05-05,18560.39453125,18821.807988372948,18560.39453125,18560.39453125,13044
2022-05-06,18560.39453125,18560.39453125,18560.39453125,18560.39453125,8521
2022-05-09,18298.978515625,18560.39373773161,18298.978515625,18560.39373773161,10783
2022-05-10,17828.43359375,18298.979235903407,17776.152323430753,18298.979235903407,6433
2022-05-11,18298.978515625,18298.978515625,17828.432891993056,17828.432891993056,8521
2022-05-12,18298.978515625,18298.978515625,18298.978515625,18298.978515625,10783
2022-05-13,18037.56640625,18298.97987156722,18037.56640625,18298.97987156722,7652
2022-05-16,18037.56640625,18560.395113044528,18037.56640625,18037.56640625,9044
2022-05-17,18560.39453125,18560.39453125,17828.43365421769,18037.565840844072,13566
2022-05-18,18560.39453125,18821.807988372948,18560.39453125,18560.39453125,13044
2022-05-19,18560.39453125,18560.39453125,18455.82843793681,18534.253007921703,10087
2022-05-20,18298.978515625,18560.39373773161,18142.131158520988,18560.39373773161,10608
2022-05-23,18142.1328125,18298.980183903448,18142.1328125,18298.980183903448,16174
2022-05-24,18037.56640625,18142.132502840923,18037.56640625,18142.132502840923,9913
2022-05-25,18298.978515625,18298.978515625,18037.565069678345,18037.565069678345,25568
2022-05-26,18142.1328125,18298.980183903448,18142.1328125,18298.980183903448,14261
2022-05-27,18429.6875,18429.6875,18142.132510415,18142.132510415,7652
2022-05-30,18429.6875,18508.11207247593,18037.56641378042,18429.6875,13740
2022-05-31,18298.978515625,18429.686126678305,18298.978515625,18429.686126678305,9565
2022-06-01,19344.634765625,19579.90847391353,18298.97916837825,18298.97916837825,21740
2022-06-02,18821.80859375,19344.63552481189,18821.80859375,19344.63552481189,8870
2022-06-03,18821.80859375,18821.80859375,18586.53487622807,18821.80859375,12348
2022-06-06,18821.80859375,19135.505107619152,18560.395128219054,18821.80859375,15653
2022-06-07,19187.787109375,19187.787109375,18298.97888842499,18821.8075671297,12174
2022-06-08,19815.1796875,20390.29139963491,19815.1796875,20181.15922207314,12348
2022-06-09,20128.87890625,20285.728060682988,19344.63668640544,19815.18237354421,28697
2022-06-10,20128.87890625,20285.728060682988,19867.46542502188,19867.46542502188,11999
2022-06-13,19815.1796875,20128.876177682698,18743.3826059758,20128.876177682698,18262
2022-06-14,19815.1796875,20024.31186506177,19344.634064145976,19762.89664310956,15827
2022-06-15,19344.634765625,19815.180406042044,19344.634765625,19815.180406042044,26785
2022-06-16,19998.171875,19998.171875,19083.222080389507,19083.222080389507,12245
2022-06-17,18756.455078125,20063.5242024832,18756.455078125,19998.17216719338,19202
2022-06-20,18756.455078125,18952.514736314683,18756.455078125,18756.455078125,10575
2022-06-21,18658.423828125,18756.453649754523,18658.423828125,18756.453649754523,6261
2022-06-22,18952.513671875,18952.513671875,18658.424201107573,18658.424201107573,8349
2022-06-23,18298.978515625,18952.51301857162,18298.978515625,18952.51301857162,11966
2022-06-24,18233.625,18298.97880656573,18233.625,18298.97880656573,4591
2022-06-27,18233.625,18233.625,18135.5951782314,18233.625,5287
2022-06-28,18037.56640625,18233.62606119789,18037.56640625,18233.62606119789,6261
2022-06-29,17514.73828125,18037.56700541155,17514.73828125,18037.56700541155,6679
2022-06-30,16991.91015625,17187.969804129796,16893.878556150077,17187.969804129796,7931
2022-07-01,16991.91015625,16991.91015625,16991.91015625,16991.91015625,1530
2022-07-04,16991.91015625,16991.91015625,16991.91015625,16991.91015625,1391
2022-07-05,15815.546875,16991.910085887605,15815.546875,16991.910085887605,15723
2022-07-06,15684.8388671875,15815.546479403383,15684.8388671875,15815.546479403383,1391
2022-07-07,15848.2236328125,15848.2236328125,15684.839993886191,15684.839993886191,973
2022-07-08,15848.2236328125,15848.2236328125,15684.839993886191,15684.839993886191,1669
2022-07-11,15848.2236328125,15848.2236328125,15848.2236328125,15848.2236328125,416
2022-07-12,15848.2236328125,15848.2236328125,15848.2236328125,15848.2236328125,834
2022-07-13,16011.6064453125,16011.606445312502,15848.222814819108,15848.222814819108,2783
2022-07-14,15717.517578125,16011.607058581174,15717.517578125,16011.607058581174,1251
2022-07-15,15815.546875,15815.546875,15717.517051466037,15717.517051466037,1251
2022-07-18,15815.546875,15815.546875,15815.546875,15815.546875,973
2022-07-19,15815.546875,15815.546875,15815.546875,15815.546875,5009
2022-07-20,16109.6396484375,16109.6396484375,15815.548373805204,15815.548373805204,1948
2022-07-21,16403.728515625,16403.728515625,16109.63902847069,16109.63902847069,2365
2022-07-22,16534.435546875,16534.435546875,16403.727928709646,16403.727928709646,5704
2022-07-25,16338.373046875,16534.434461249944,16338.373046875,16534.434461249944,2504
2022-07-26,16273.0224609375,16338.374495363036,16273.0224609375,16338.374495363036,4174
2022-07-27,16273.0224609375,16273.0224609375,16273.0224609375,16273.0224609375,416
2022-07-28,16534.435546875,16534.435546875,16273.022086704344,16273.022086704344,5148
2022-07-29,16403.728515625,16534.436138466994,16338.374704204003,16534.436138466994,3478
2022-08-01,16338.373046875,16403.726851666648,16338.373046875,16403.726851666648,4591
2022-08-02,16338.373046875,16403.726851666648,16338.373046875,16338.373046875,9322
2022-08-03,16338.373046875,16338.373046875,16338.373046875,16338.373046875,5148
2022-08-04,16338.373046875,16501.756670774153,16338.373046875,16338.373046875,5704
2022-08-05,17057.265625,17057.265625,16338.375443021128,16338.375443021128,6817
2022-08-08,16665.142578125,17057.263642651233,16665.142578125,17057.263642651233,4452
2022-08-09,16991.91015625,16991.91015625,16665.142892343654,16665.142892343654,2921
2022-08-10,16991.91015625,16991.91015625,16991.91015625,16991.91015625,4869
2022-08-11,17645.443359375,17776.150965588997,16991.908880624786,16991.908880624786,6817
2022-08-12,17318.677734375,17645.445004209992,16991.910464540008,17645.445004209992,5704
2022-08-15,17645.443359375,17645.443359375,17318.676119999895,17318.676119999895,7514
2022-08-16,17318.677734375,17645.445004209992,17318.677734375,17645.445004209992,6261
2022-08-17,17710.798828125,17776.152637378313,17449.38359111175,17449.38359111175,5148
2022-08-18,17318.677734375,17710.798813409005,17318.677734375,17710.798813409005,3199
2022-08-19,17645.443359375,17645.443359375,17122.614710678896,17122.614710678896,6261
2022-08-22,16991.91015625,17645.444684062684,16991.91015625,17645.444684062684,6261
2022-08-23,16991.91015625,17187.969804129796,16991.91015625,17187.969804129796,5426
2022-08-24,16076.9609375,16991.910728161012,16076.9609375,16991.910728161012,10992
2022-08-25,16665.142578125,16665.142578125,16076.960093255651,16076.960093255651,10018
2022-08-26,16795.849609375,16795.849609375,16567.11215746272,16665.14376268235,5704
2022-08-29,16403.728515625,16534.436138466994,16403.728515625,16534.436138466994,3617
2022-08-30,16665.142578125,16665.142578125,16403.72735100085,16403.72735100085,5148
2022-08-31,16665.142578125,16665.142578125,16665.142578125,16665.142578125,5844
2022-09-05,16926.556640625,16926.556640625,16665.14318021629,16665.14318021629,7652
2022-09-06,16991.91015625,16991.91015625,16926.556348236725,16926.556348236725,5566
2022-09-07,16926.556640625,16991.91044976719,16861.20283148281,16991.91044976719,4034
2022-09-08,16665.142578125,16926.55602908916,16665.142578125,16926.55602908916,7235
2022-09-09,16665.142578125,16795.848415527085,16665.142578125,16665.142578125,7374
2022-09-12,16665.142578125,16665.142578125,16665.142578125,16665.142578125,5566
2022-09-13,16599.7890625,16665.142870427324,16599.7890625,16665.142870427324,5287
2022-09-14,16599.7890625,16599.7890625,16599.7890625,16599.7890625,4313
2022-09-15,16534.435546875,16599.789355957677,16534.435546875,16599.789355957677,11827
2022-09-16,16534.435546875,16534.435546875,16534.435546875,16534.435546875,3617
2022-09-19,16534.435546875,16763.172990584342,16534.435546875,16534.435546875,3896
2022-09-20,16469.08203125,16534.435841497198,16469.08203125,16534.435841497198,5009
2022-09-21,16632.466796875,16632.466796875,16403.729333575873,16469.083148255653,5148
2022-09-22,16534.435546875,16632.46537241899,16469.081737792323,16632.46537241899,5982
2022-09-23,16469.08203125,16534.435841497198,16469.08203125,16534.435841497198,4034
2022-09-26,16338.373046875,16469.080656458296,16338.373046875,16469.080656458296,4591
2022-09-27,16207.6689453125,16338.37479270236,15423.426756332854,16338.37479270236,2086
2022-09-28,16142.314453125,16207.668262145273,16142.314453125,16207.668262145273,2504
2022-09-29,16142.314453125,16142.314453125,16142.314453125,16142.314453125,3756
2022-09-30,16109.6396484375,16142.31566732545,16011.608039453278,16142.31566732545,4174
2022-10-03,15782.8701171875,15782.8701171875,15782.8701171875,15782.8701171875,1251
2022-10-04,15782.8701171875,15782.8701171875,15684.84028723034,15782.8701171875,4034
2022-10-05,16011.6064453125,16011.606445312502,15782.86900738975,15782.86900738975,2226
2022-10-06,15880.9013671875,16011.60721214602,15880.9013671875,16011.60721214602,1251
2022-10-07,15063.98046875,15880.900386030053,15031.30445356919,15880.900386030053,5704
2022-10-10,15031.3046875,15063.980703189343,15031.3046875,15063.980703189343,3756
2022-10-11,14377.76953125,15031.304953983192,14377.76953125,15031.304953983192,3199
2022-10-12,14704.5380859375,14704.5380859375,14377.769921657968,14377.769921657968,3199
2022-10-13,15031.3046875,15031.3046875,14541.15290711978,14704.537425966524,6400
2022-10-14,15031.3046875,15031.3046875,15031.3046875,15031.3046875,3199
2022-10-17,15031.3046875,15031.3046875,15031.3046875,15031.3046875,3617
2022-10-18,15031.3046875,15031.3046875,15031.3046875,15031.3046875,5009
2022-10-19,15031.3046875,15031.3046875,15031.3046875,15031.3046875,3896
2022-10-20,15031.3046875,15358.071949033478,15031.3046875,15358.071949033478,9183
2022-10-21,14377.76953125,15031.304953983192,14377.76953125,15031.304953983192,4034
2022-10-24,14051.001953125,14377.76921322372,13724.23469302628,14377.76921322372,5426
2022-10-25,14149.033203125,14149.033203125,14051.002488512106,14051.002488512106,4731
2022-10-26,14051.001953125,14149.032664002616,14051.001953125,14149.032664002616,3478
2022-10-27,14704.5380859375,14704.5380859375,14051.00264545848,14051.00264545848,6400
2022-10-28,15260.04296875,15260.04296875,14704.53823822574,14704.53823822574,4313
2022-10-31,15031.3046875,15488.779564110871,15031.3046875,15260.042125805436,7096
2022-11-01,15031.3046875,15031.3046875,15031.3046875,15031.3046875,3199
2022-11-02,15031.3046875,15031.3046875,14965.950879961303,15031.3046875,6817
2022-11-03,15031.3046875,15031.3046875,15031.3046875,15031.3046875,3339
2022-11-04,14704.5380859375,15031.305362136987,14704.5380859375,15031.305362136987,3061
2022-11-07,13952.97265625,14835.244647003596,13952.97265625,14704.537915653442,7652
2022-11-08,13724.2353515625,13952.972799839215,13724.2353515625,13952.972799839215,4034
2022-11-09,13724.2353515625,13724.2353515625,13724.2353515625,13724.2353515625,1948
2022-11-10,13462.8212890625,13724.235648182965,13462.8212890625,13724.235648182965,1251
2022-11-11,13462.8212890625,13462.8212890625,13462.8212890625,13462.8212890625,695
2022-11-14,12972.669921875,13462.820829400542,12972.669921875,13462.820829400542,2783
2022-11-15,12090.3974609375,12972.669415260614,12090.3974609375,12972.669415260614,7931
2022-11-16,12090.3974609375,12743.931978782772,12090.3974609375,12090.3974609375,4731
2022-11-17,12417.1650390625,12482.517959679026,12090.397771739808,12090.397771739808,2921
2022-11-18,12351.810546875,12417.164351955176,12351.810546875,12417.164351955176,3061
2022-11-21,12351.810546875,12351.810546875,12351.810546875,12351.810546875,5566
2022-11-22,12482.5185546875,12482.5185546875,12351.811819143984,12351.811819143984,2783
2022-11-23,12155.7509765625,12482.518251525138,12155.7509765625,12482.518251525138,1391
2022-11-24,12155.7509765625,12155.7509765625,12155.7509765625,12155.7509765625,278
2022-11-25,12155.7509765625,12155.7509765625,12155.7509765625,12155.7509765625,3339
2022-11-28,12417.1650390625,12417.1650390625,12155.750692356334,12155.750692356334,5287
2022-11-29,12417.1650390625,12417.1650390625,12417.1650390625,12417.1650390625,4174
2022-11-30,12417.1650390625,12417.1650390625,12417.1650390625,12417.1650390625,2226
2022-12-01,13005.3466796875,13005.3466796875,12417.1650644558,12417.1650644558,3478
2022-12-02,12286.4580078125,13005.347273530097,12286.4580078125,13005.347273530097,9183
2022-12-05,12515.1943359375,12515.1943359375,12319.133806200827,12319.133806200827,2643
2022-12-06,12417.1650390625,12515.1948640273,12417.1650390625,12515.1948640273,1391
2022-12-07,12417.1650390625,12417.1650390625,12417.1650390625,12417.1650390625,416
2022-12-08,12417.1650390625,12417.1650390625,12384.488134714227,12384.488134714227,834
2022-12-09,12090.3974609375,12384.487816351872,12090.3974609375,12384.487816351872,695
2022-12-12,12090.3974609375,12090.3974609375,12090.3974609375,12090.3974609375,416
2022-12-13,12221.1044921875,12221.1044921875,12090.397762969244,12090.397762969244,834
2022-12-14,12188.427734375,12188.427734375,12090.397908302935,12188.427734375,2504
2022-12-15,12090.3974609375,12155.750379874027,12090.3974609375,12155.750379874027,1808
2022-12-16,12090.3974609375,12090.3974609375,12090.3974609375,12090.3974609375,416
2022-12-19,12155.7509765625,12155.7509765625,12090.398054417998,12090.398054417998,3617
2022-12-20,11763.6298828125,12155.750967714252,11763.6298828125,12155.750967714252,2226
2022-12-21,11436.8623046875,11763.629570743711,11436.8623046875,11763.629570743711,3061
2022-12-22,11306.15625,11436.862986599748,11306.15625,11436.862986599748,3339
2022-12-23,11371.5078125,11371.5078125,11306.1548960663,11306.1548960663,2365
2022-12-26,11371.5078125,11371.5078125,11371.5078125,11371.5078125,556
2022-12-27,11698.2763671875,11698.2763671875,11371.508220961709,11371.508220961709,2921
2022-12-28,11828.9833984375,11828.9833984375,11567.569052319095,11698.276669418306,6122
2022-12-29,11567.5693359375,11828.98368846537,11567.5693359375,11828.98368846537,1669
2022-12-30,11828.9833984375,11828.9833984375,11567.569052319095,11567.569052319095,4869
2023-01-03,11828.9833984375,11828.9833984375,11763.629589887894,11796.306494162698,3339
2023-01-04,11828.9833984375,11828.9833984375,11828.9833984375,11828.9833984375,2226
2023-01-05,11796.306640625,11796.306640625,11796.306640625,11796.306640625,556
2023-01-06,11828.9833984375,11828.9833984375,11796.306494162698,11796.306494162698,1251
2023-01-09,11828.9833984375,11828.9833984375,11828.9833984375,11828.9833984375,3061
2023-01-10,12057.7216796875,12057.7216796875,11828.984221920186,11828.984221920186,2226
2023-01-11,12057.7216796875,12090.398586237128,12057.7216796875,12057.7216796875,3199
2023-01-12,12155.7509765625,12155.7509765625,12057.721149305726,12057.721149305726,1948
2023-01-13,11763.6298828125,12155.750967714252,11763.6298828125,12155.750967714252,2365
2023-01-16,11110.0947265625,11763.629240317949,11110.0947265625,11763.629240317949,3061
2023-01-17,11502.2158203125,11502.2158203125,11110.094755795484,11110.094755795484,2226
2023-01-18,11567.5693359375,11567.5693359375,11110.09532911378,11502.216413865564,2783
2023-01-19,11567.5693359375,11567.5693359375,11567.5693359375,11567.5693359375,556
2023-01-27,11763.6298828125,11763.6298828125,11567.569340361622,11567.569340361622,1948
2023-01-30,11763.6298828125,11894.337503166444,11763.6298828125,11763.6298828125,2504
2023-01-31,11763.6298828125,11763.6298828125,11763.6298828125,11763.6298828125,834
2023-02-01,11632.923828125,11730.953661020392,11632.923828125,11730.953661020392,1948
2023-02-02,11273.478515625,11632.922680927826,11273.478515625,11632.922680927826,1948
2023-02-03,11273.478515625,11371.508338853042,11273.478515625,11273.478515625,2365
2023-02-06,11175.4482421875,11273.478957336534,11175.4482421875,11273.478957336534,973
2023-02-07,11175.4482421875,11175.4482421875,11175.4482421875,11175.4482421875,2921
2023-02-08,11175.4482421875,11175.4482421875,11175.4482421875,11175.4482421875,2226
2023-02-09,11175.4482421875,11175.4482421875,11175.4482421875,11175.4482421875,4869
2023-02-10,11110.0947265625,11175.44764509005,11110.0947265625,11175.44764509005,695
2023-02-13,11110.0947265625,11110.0947265625,11110.0947265625,11110.0947265625,2086
2023-02-14,11110.0947265625,11110.0947265625,11110.0947265625,11110.0947265625,416
2023-02-15,11110.0947265625,11110.0947265625,11110.0947265625,11110.0947265625,695
2023-02-16,11110.0947265625,11110.0947265625,11110.0947265625,11110.0947265625,556
2023-02-17,11110.0947265625,11110.0947265625,11110.0947265625,11110.0947265625,695
2023-02-20,11175.4482421875,11175.4482421875,11077.418415118504,11077.418415118504,2504
2023-02-21,11110.0947265625,11175.44764509005,11110.0947265625,11175.44764509005,2643
2023-02-22,11077.41796875,11077.41796875,11077.41796875,11077.41796875,278
2023-02-23,11077.41796875,11077.41796875,11077.41796875,11077.41796875,695
2023-02-24,10979.3876953125,11044.741505384136,10979.3876953125,11044.741505384136,556
2023-02-27,10979.3876953125,10979.3876953125,10979.3876953125,10979.3876953125,416
2023-02-28,10685.296875,10946.711216169177,10685.296875,10946.711216169177,2365
2023-03-01,10685.296875,10685.296875,10685.296875,10685.296875,834
2023-03-02,10685.296875,10685.296875,10685.296875,10685.296875,416
2023-03-03,10783.3271484375,10783.3271484375,10717.974226474633,10717.974226474633,556
2023-03-06,10783.3271484375,10783.3271484375,10717.974226474633,10783.3271484375,3061
2023-03-07,10783.3271484375,10783.3271484375,10783.3271484375,10783.3271484375,834
2023-03-08,10881.357421875,10881.357421875,10783.326710789275,10783.326710789275,695
2023-03-09,10946.7109375,10946.7109375,10881.357131851411,10881.357131851411,695
2023-03-10,11077.41796875,11077.41796875,10946.7112418982,10946.7112418982,556
2023-03-13,11077.41796875,11077.41796875,11077.41796875,11077.41796875,2086
2023-03-14,10783.3271484375,11077.418405550548,10783.3271484375,11077.418405550548,2643
2023-03-15,10979.3876953125,10979.3876953125,10783.327153177632,10783.327153177632,1530
2023-03-16,10979.3876953125,10979.3876953125,10979.3876953125,10979.3876953125,416
2023-03-17,10979.3876953125,10979.3876953125,10979.3876953125,10979.3876953125,1808
2023-03-20,10979.3876953125,10979.3876953125,10979.3876953125,10979.3876953125,278
2023-03-21,11110.0947265625,11110.0947265625,10979.38711334742,10979.38711334742,2226
2023-03-22,11110.0947265625,11110.0947265625,11110.0947265625,11110.0947265625,973
2023-03-23,11077.41796875,11110.09487248295,11077.41796875,11110.09487248295,556
2023-03-24,11175.4482421875,11175.4482421875,11077.418415118504,11077.418415118504,4313
2023-03-27,11175.4482421875,11175.4482421875,11175.4482421875,11175.4482421875,278
2023-03-28,11208.125,11208.125,11175.448095379588,11175.448095379588,1530
2023-03-29,11208.125,11208.125,11208.125,11208.125,695
2023-03-30,11208.125,11208.125,11208.125,11208.125,695
2023-03-31,11208.125,11208.125,11208.125,11208.125,2365
2023-04-03,11142.7724609375,11208.125384339324,11142.7724609375,11208.125384339324,695
2023-04-04,11240.8017578125,11240.8017578125,11142.771933311584,11142.771933311584,2365
2023-04-05,11338.8330078125,11338.8330078125,11110.095555695694,11240.802290585272,3478
2023-04-06,11110.0947265625,11436.861983440223,11110.0947265625,11436.861983440223,16836
2023-04-07,11208.125,11208.125,11110.09517421879,11110.09517421879,556
2023-04-10,11110.0947265625,11208.12454839382,11110.0947265625,11208.12454839382,3061
2023-04-11,11110.0947265625,11110.0947265625,11110.0947265625,11110.0947265625,2086
2023-04-12,11110.0947265625,11110.0947265625,10881.357291516098,11110.0947265625,2664209
2023-04-13,11240.8017578125,11240.8017578125,11175.447949425212,11175.447949425212,6400
2023-04-14,11142.7724609375,11240.802290080266,11142.7724609375,11240.802290080266,834
2023-04-17,11142.7724609375,11142.7724609375,11142.7724609375,11142.7724609375,416
2023-04-18,10979.3876953125,11142.77222049159,10979.3876953125,11142.77222049159,3199
2023-04-19,10979.3876953125,10979.3876953125,10979.3876953125,10979.3876953125,695
2023-04-20,10783.3271484375,10979.387690486185,10783.3271484375,10979.387690486185,2921
2023-04-21,10783.3271484375,10783.3271484375,10783.3271484375,10783.3271484375,834
2023-04-24,10783.3271484375,10783.3271484375,10783.3271484375,10783.3271484375,2086
2023-04-25,10783.3271484375,10783.3271484375,10783.3271484375,10783.3271484375,1948
2023-04-26,11110.0947265625,11110.0947265625,10783.326581604786,10783.326581604786,2504
2023-04-27,11110.0947265625,11110.0947265625,11110.0947265625,11110.0947265625,973
2023-04-28,11110.0947265625,11110.0947265625,11110.0947265625,11110.0947265625,2921
2023-05-04,10783.3271484375,11110.095310572,10783.3271484375,11110.095310572,2365
2023-05-05,10783.3271484375,10783.3271484375,10783.3271484375,10783.3271484375,695
2023-05-08,10521.9130859375,10783.326535079805,10521.9130859375,10783.326535079805,2643
2023-05-09,10521.9130859375,10521.9130859375,10521.9130859375,10521.9130859375,695
2023-05-10,10750.6513671875,10750.6513671875,10521.913915102648,10521.913915102648,1808
2023-05-11,10848.6806640625,10848.6806640625,10750.65083973857,10750.65083973857,695
2023-05-12,10848.6806640625,10848.6806640625,10848.6806640625,10848.6806640625,2921
2023-05-15,10979.3876953125,10979.3876953125,10848.680963249268,10848.680963249268,1948
2023-05-16,10979.3876953125,10979.3876953125,10979.3876953125,10979.3876953125,695
2023-05-17,10979.3876953125,10979.3876953125,10652.6204211144,10652.6204211144,2921
2023-05-18,10783.3271484375,10979.387690486185,10783.3271484375,10979.387690486185,1530
2023-05-19,10783.3271484375,10783.3271484375,10783.3271484375,10783.3271484375,278
2023-05-22,10816.00390625,10816.00390625,10783.327001673288,10783.327001673288,4731
2023-05-23,10816.00390625,10848.68081082671,10816.00390625,10816.00390625,5009
2023-05-24,10848.6806640625,10848.6806640625,10816.003759927851,10816.003759927851,2365
2023-05-25,10848.6806640625,10848.6806640625,10848.6806640625,10848.6806640625,5009
2023-05-26,10750.6513671875,10881.35810205882,10750.6513671875,10848.681196320977,4452
2023-05-29,10750.6513671875,10783.327384845286,10391.207180231328,10750.6513671875,12245
2023-05-30,10848.6806640625,10848.6806640625,10456.559590606746,10750.65083973857,6400
2023-05-31,10848.6806640625,10848.6806640625,10848.6806640625,10848.6806640625,556
2023-06-01,11240.8017578125,11404.185390700704,10783.32687526152,10848.680683648809,13497
2023-06-02,11567.5693359375,11567.5693359375,11240.802061337694,11240.802061337694,10714
2023-06-05,12351.810546875,12351.810546875,11567.568438232784,11567.568438232784,22959
2023-06-06,12090.3974609375,12417.164719860137,12090.3974609375,12351.810912843608,2921
2023-06-07,11698.2763671875,12090.397432194455,11698.2763671875,12090.397432194455,5148
2023-06-08,11534.8916015625,11534.8916015625,11012.063822175414,11012.063822175414,9322
2023-06-09,11436.8623046875,11534.892129272355,11436.8623046875,11534.892129272355,2504
2023-06-12,10783.3271484375,11436.86258462646,10652.620416431724,11436.86258462646,14471
2023-06-13,10717.9736328125,10946.71106721301,10260.498764011483,10946.71106721301,17949
2023-06-14,10979.3876953125,10979.3876953125,10456.559878979531,10685.297326150216,6261
2023-06-15,10783.3271484375,11110.095310572,10783.3271484375,10979.387690486185,5148
2023-06-16,10652.62109375,10717.974907948254,10587.26816763184,10717.974907948254,19897
2023-06-19,10554.58984375,10652.619663808371,10554.58984375,10652.619663808371,3061
2023-06-20,10554.58984375,10587.266746462785,10554.58984375,10554.58984375,4731
2023-06-21,10652.62109375,10652.62109375,10554.591260532714,10554.591260532714,7235
2023-06-22,10619.943359375,10652.620263928651,10619.943359375,10652.620263928651,4731
2023-06-23,10619.943359375,10685.297168482302,10619.943359375,10619.943359375,8627
2023-06-26,10554.58984375,10619.942761095588,10554.58984375,10619.942761095588,1669
2023-06-27,10554.58984375,10554.58984375,10456.559135611653,10554.58984375,8627
2023-06-28,10456.5595703125,10652.62010665986,10456.5595703125,10554.590282526186,11966
2023-06-29,10783.3271484375,10783.3271484375,10456.55987438304,10456.55987438304,11966
2023-06-30,10979.3876953125,10979.3876953125,10685.297326150216,10685.297326150216,9044
2023-07-03,11175.4482421875,11240.802052286856,10979.387699969471,10979.387699969471,5426
2023-07-04,11240.8017578125,11371.508486507058,11110.09502911794,11175.447949425212,3896
2023-07-05,11404.185546875,11404.185546875,11240.801911749344,11240.801911749344,4452
2023-07-06,11306.15625,11404.186080429794,10979.388076380526,11404.186080429794,2921
2023-07-07,11240.8017578125,11436.862294894348,11110.09502911794,11338.83247039343,5009
2023-07-10,11894.337890625,11894.337890625,11306.156244112328,11306.156244112328,16976
2023-07-11,11763.6298828125,11894.337503166444,11502.21641826469,11861.66059807796,5844
2023-07-12,11959.6904296875,11959.6904296875,11763.629887164096,11763.629887164096,7096
2023-07-13,12286.4580078125,12286.4580078125,11959.690724900907,11959.690724900907,7514
2023-07-14,11874.7314453125,11949.887883515232,11273.479051610591,11949.887883515232,5566
2023-07-17,11498.9482421875,11837.15309853186,11198.322492619214,11837.15309853186,4598
2023-07-18,11461.3701171875,11498.948336190737,11461.3701171875,11461.3701171875,1694
2023-07-19,11423.791015625,11461.369231725082,11273.478151224666,11461.369231725082,1331
2023-07-20,11273.478515625,11386.213167569247,11273.478515625,11386.213167569247,2783
2023-07-21,11498.9482421875,11498.9482421875,11273.478930011286,11273.478930011286,2178
2023-07-24,11574.1044921875,11574.1044921875,11498.94805601226,11498.94805601226,3509
2023-07-25,11574.1044921875,11724.417364537983,11574.1044921875,11574.1044921875,1089
2023-07-26,11574.1044921875,11574.1044921875,11498.94805601226,11574.1044921875,2178
2023-07-27,11423.791015625,11574.103880025334,11423.791015625,11574.103880025334,2299
2023-07-28,11423.791015625,11423.791015625,11423.791015625,11423.791015625,605
2023-07-31,10897.6953125,11423.791236136272,10897.6953125,11423.791236136272,9438
2023-08-01,11536.5263671875,11536.5263671875,10897.695766463235,10897.695766463235,5445
2023-08-02,11423.791015625,11536.52566392525,11423.791015625,11536.52566392525,3872
2023-08-03,11423.791015625,11423.791015625,11423.791015625,11423.791015625,1331
2023-08-04,12212.935546875,12212.935546875,11123.166293286546,11123.166293286546,22022
2023-08-07,13039.6572265625,13039.6572265625,12288.091950632212,12288.091950632212,16335
2023-08-08,13941.53515625,13941.53515625,13152.39167359585,13152.39167359585,28193
2023-08-09,13979.11328125,14054.270606404278,13941.535062712876,13979.11328125,3630
2023-08-10,13828.7998046875,13903.95623848776,13528.174069486466,13903.95623848776,3267
2023-08-11,13528.1748046875,13828.800556226315,12889.344194587473,13828.800556226315,26620
2023-08-14,13528.1748046875,13903.95699411102,13453.018366802797,13528.1748046875,35332
2023-08-15,13490.595703125,13528.173919608804,13152.390866690788,13528.173919608804,31702
2023-08-16,13114.8134765625,13490.596553158352,12626.296631491943,13490.596553158352,24926
2023-08-17,12776.609375,13114.81334117281,12212.935209965286,13114.81334117281,18755
2023-08-18,12400.826171875,12701.452804502773,12400.826171875,12701.452804502773,4235
2023-08-21,12250.513671875,12325.670110295823,12250.513671875,12250.513671875,3267
2023-08-22,12175.357421875,12250.513861458912,12175.357421875,12250.513861458912,605
2023-08-23,12175.357421875,12175.357421875,12137.779202083042,12175.357421875,9801
2023-08-24,12212.935546875,12212.935546875,12025.044449373552,12025.044449373552,726
2023-08-25,12025.0439453125,12175.356817012902,12025.0439453125,12175.356817012902,3025
2023-08-28,11874.7314453125,11949.887883515232,11799.575007109766,11949.887883515232,11374
2023-08-29,11799.5751953125,11874.731634713977,11649.26142842949,11874.731634713977,6776
2023-08-30,11874.7314453125,11874.7314453125,11761.9967880084,11761.9967880084,3267
2023-08-31,11423.791015625,11837.152280805893,11386.212799524916,11837.152280805893,5445
2023-09-05,12212.935546875,12212.935546875,11311.057390787992,11423.792049288862,119306
2023-09-06,12889.34375,12926.92196764618,12551.13979118438,12551.13979118438,8228
2023-09-07,13791.22265625,13791.22265625,13039.657371940571,13039.657371940571,53240
2023-09-08,13941.53515625,14091.848919487013,12851.765923281902,13903.956937460756,4114
2023-09-11,13753.64453125,13941.535631602575,13002.079241759617,13941.535631602575,11495
2023-09-12,13227.5478515625,13828.80022846989,13227.5478515625,13678.48735626305,2783
2023-09-13,13189.9697265625,13377.861706226602,13077.235071612056,13377.861706226602,3630
2023-09-14,12776.609375,13114.81334117281,12776.609375,13077.235122709164,9680
2023-09-15,12926.9228515625,13077.235732425304,12926.9228515625,12926.9228515625,363
2023-09-18,12551.140625,12776.609945855787,12551.140625,12551.140625,484
2023-09-19,12776.609375,12776.609375,12551.140064218129,12551.140064218129,484
2023-09-20,12776.609375,12776.609375,12776.609375,12776.609375,968
2023-09-21,12701.453125,12776.60956303337,12701.453125,12776.60956303337,363
2023-09-22,12325.669921875,12701.45299631462,12100.200610059248,12701.45299631462,7502
2023-09-25,12100.2001953125,12325.66949940006,12100.2001953125,12175.356630008351,363
2023-09-26,11949.8876953125,12100.200569350638,11949.8876953125,12100.200569350638,1089
2023-09-27,11874.7314453125,11874.7314453125,11649.261242624256,11649.261242624256,363
2023-09-28,11574.1044921875,11574.1044921875,11574.1044921875,11574.1044921875,363
2023-09-29,11837.1533203125,11837.1533203125,11574.104896431743,11574.104896431743,484
2023-10-02,11724.41796875,11949.88817697524,11724.41796875,11949.88817697524,968
2023-10-03,11649.2607421875,11799.574500215733,11649.2607421875,11724.417177161611,484
2023-10-04,11348.6357421875,11611.68328174679,11311.057522250458,11311.057522250458,363
2023-10-05,11949.8876953125,11949.8876953125,11273.478874060846,11348.635311079915,847
2023-10-06,12025.0439453125,12025.0439453125,11273.478698730469,11949.887509462298,2662
2023-10-09,12025.0439453125,12025.0439453125,12025.0439453125,12025.0439453125,121
2023-10-10,11949.8876953125,11949.8876953125,11949.8876953125,11949.8876953125,726
2023-10-11,12175.357421875,12175.357421875,11949.88810312326,11949.88810312326,242
2023-10-12,12025.0439453125,12250.513252863104,12025.0439453125,12250.513252863104,484
2023-10-13,11949.8876953125,12212.935224879242,11949.8876953125,12025.044132331568,605
2023-10-16,11649.2607421875,11649.2607421875,11649.2607421875,11649.2607421875,363
2023-10-17,11837.1533203125,11837.1533203125,11649.261335231944,11649.261335231944,363
2023-10-18,11912.30859375,11912.30859375,11498.947332707332,11498.947332707332,363
2023-10-19,11837.1533203125,11837.1533203125,11160.74448303064,11649.261335231944,1936
2023-10-20,11423.791015625,11649.2603122255,11423.791015625,11649.2603122255,1452
2023-10-23,11386.212890625,11423.791107025743,11386.212890625,11423.791107025743,363
2023-10-24,11498.9482421875,11498.9482421875,11386.213586099391,11386.213586099391,242
2023-10-25,11461.3701171875,11498.948336190737,11461.3701171875,11498.948336190737,363
2023-10-26,11423.791015625,11423.791015625,10822.53866994369,11273.478151224666,726
2023-10-27,11273.478515625,11273.478515625,10747.3825851385,11273.478515625,6413
2023-10-30,11423.791015625,11423.791015625,11085.587070724248,11273.478151224666,847
2023-10-31,11686.83984375,11686.83984375,11423.792301441828,11423.792301441828,363
2023-11-01,11198.3232421875,11423.792569455676,11198.3232421875,11423.792569455676,363
2023-11-02,11273.478515625,11273.478515625,11198.322080995502,11198.322080995502,484
2023-11-03,11273.478515625,11273.478515625,11273.478515625,11273.478515625,484
2023-11-06,11273.478515625,11273.478515625,11273.478515625,11273.478515625,242
2023-11-07,11273.478515625,11273.478515625,10972.851889026995,10972.851889026995,363
2023-11-08,11498.9482421875,11498.9482421875,11123.166055227142,11273.478930011286,726
2023-11-09,11498.9482421875,11498.9482421875,11498.9482421875,11498.9482421875,4114
2023-11-10,11498.9482421875,11498.9482421875,11423.79180479543,11423.79180479543,726
2023-11-13,11461.3701171875,11498.948336190737,11461.3701171875,11498.948336190737,363
2023-11-14,11649.2607421875,11649.2607421875,11461.36965475222,11461.36965475222,605
2023-11-15,11649.2607421875,11987.465587651011,11649.2607421875,11649.2607421875,3751
2023-11-16,11611.6826171875,11649.260834973868,11611.6826171875,11649.260834973868,363
2023-11-17,11761.99609375,11761.99609375,11611.68233813684,11611.68233813684,484
2023-11-20,11761.99609375,11761.99609375,11724.416988786714,11724.416988786714,363
2023-11-21,11686.83984375,11724.41806407974,11686.83984375,11724.41806407974,1331
2023-11-22,11498.9482421875,11649.261116971644,11498.9482421875,11649.261116971644,1331
2023-11-23,11649.2607421875,11649.2607421875,11649.2607421875,11649.2607421875,2662
2023-11-24,11724.41796875,11724.41796875,11724.41796875,11724.41796875,7744
2023-11-27,11874.7314453125,11874.7314453125,11874.7314453125,11874.7314453125,242
2023-11-28,11498.9482421875,11724.417554363716,11498.9482421875,11724.417554363716,605
2023-11-29,11574.1044921875,11574.1044921875,11498.94805601226,11498.94805601226,242
2023-11-30,11686.83984375,11686.83984375,11574.105182760784,11574.105182760784,242
2023-12-01,11498.9482421875,11498.9482421875,11498.9482421875,11498.9482421875,121
2023-12-04,11949.8876953125,11949.8876953125,11498.948185118054,11498.948185118054,726
2023-12-05,11874.7314453125,11874.7314453125,11874.7314453125,11874.7314453125,121
2023-12-06,11837.1533203125,11874.7315397126,11837.1533203125,11874.7315397126,363
2023-12-07,11837.1533203125,11837.1533203125,11649.261335231944,11649.261335231944,242
2023-12-08,11837.1533203125,11837.1533203125,11837.1533203125,11837.1533203125,242
2023-12-11,11874.7314453125,11874.7314453125,11837.153226211134,11837.153226211134,2541
2023-12-12,11799.5751953125,11949.88807411545,11348.63567082359,11949.88807411545,7260
2023-12-13,11649.2607421875,11799.574500215733,11649.2607421875,11799.574500215733,726
2023-12-14,11498.9482421875,11649.261116971644,11498.9482421875,11649.261116971644,242
2023-12-15,11649.2607421875,11649.2607421875,11498.947872239276,11498.947872239276,242
2023-12-18,11649.2607421875,11649.2607421875,11649.2607421875,11649.2607421875,121
2023-12-19,11574.1044921875,11611.68271027512,11574.1044921875,11611.68271027512,363
2023-12-20,11874.7314453125,11874.7314453125,11574.104804421522,11574.104804421522,363
2023-12-21,11874.7314453125,11874.7314453125,11799.575007109766,11799.575007109766,847
2023-12-22,11837.1533203125,11837.1533203125,11837.1533203125,11837.1533203125,242
2023-12-25,11649.2607421875,11649.2607421875,11649.2607421875,11649.2607421875,121
2023-12-26,11799.5751953125,11799.5751953125,11799.5751953125,11799.5751953125,6534
2023-12-27,11799.5751953125,11799.5751953125,11724.417867830964,11724.417867830964,242
2023-12-28,11649.2607421875,11649.2607421875,11649.2607421875,11649.2607421875,242
2023-12-29,11423.791015625,11649.2603122255,11423.791015625,11649.2603122255,363
2024-01-02,11498.9482421875,11536.526460883537,11498.9482421875,11498.9482421875,12342
2024-01-03,11498.9482421875,11498.9482421875,11498.9482421875,11498.9482421875,121
2024-01-04,11423.791015625,11423.791015625,11423.791015625,11423.791015625,121
2024-01-05,11423.791015625,11423.791015625,11123.165286824333,11386.212799524916,605
2024-01-08,11423.791015625,11423.791015625,11423.791015625,11423.791015625,242
2024-01-09,11423.791015625,11423.791015625,11423.791015625,11423.791015625,121
2024-01-10,11348.6357421875,11348.6357421875,11348.6357421875,11348.6357421875,121
2024-01-11,11498.9482421875,11498.9482421875,11348.635367403358,11348.635367403358,363
2024-01-12,11423.791015625,11423.791015625,11423.791015625,11423.791015625,121
2024-01-15,11348.6357421875,11423.792182061585,11348.6357421875,11423.792182061585,242
2024-01-16,11273.478515625,11348.6349502545,11273.478515625,11348.6349502545,242
2024-01-17,11273.478515625,11273.478515625,11273.478515625,11273.478515625,363
2024-01-18,11273.478515625,11273.478515625,11273.478515625,11273.478515625,121
2024-01-19,11536.5263671875,11536.5263671875,11273.478838451638,11273.478838451638,242
2024-01-22,11536.5263671875,11536.5263671875,11536.5263671875,11536.5263671875,121
2024-01-23,11423.791015625,11423.791015625,11423.791015625,11423.791015625,121
2024-01-24,11949.8876953125,11949.8876953125,11423.791748098984,11423.791748098984,9801
2024-01-25,11649.2607421875,12025.04380513807,11649.2607421875,12025.04380513807,26378
2024-01-26,11498.9482421875,11799.574879835824,11498.9482421875,11799.574879835824,12705
2024-01-29,11498.9482421875,11498.9482421875,11498.9482421875,11498.9482421875,605
2024-01-30,11498.9482421875,11498.9482421875,11498.9482421875,11498.9482421875,121
2024-01-31,11498.9482421875,11498.9482421875,11498.9482421875,11498.9482421875,121
2024-02-01,10709.8046875,11498.94816274484,10709.8046875,11498.94816274484,1210
2024-02-02,10070.9736328125,10709.804205564637,9995.817199321658,10709.804205564637,16456
2024-02-05,10559.4912109375,10559.4912109375,10070.973511072356,10070.973511072356,605
2024-02-06,10146.130859375,10521.913944282254,10070.97442000956,10521.913944282254,1210
2024-02-07,10559.4912109375,10597.069427228667,10146.129943654689,10146.129943654689,1815
2024-02-15,10446.7568359375,10597.069705042786,10221.286644199565,10597.069705042786,5082
2024-02-16,10446.7568359375,10446.7568359375,10371.600401384856,10446.7568359375,847
2024-02-19,10371.6005859375,10521.91345771746,10371.6005859375,10446.75702182748,605
2024-02-20,10221.287109375,10371.600873401138,10221.287109375,10371.600873401138,484
2024-02-21,10371.6005859375,10371.6005859375,10221.28682607752,10221.28682607752,968
2024-02-22,10935.2734375,10935.2734375,9920.66070365278,10221.28643573196,1936
2024-02-23,10672.2265625,10822.539437561683,10371.600812376637,10822.539437561683,4719
2024-02-26,10521.9130859375,10672.225952406325,10521.9130859375,10672.225952406325,242
2024-02-27,10221.287109375,10521.913749347232,10221.287109375,10484.33553036071,726
2024-02-28,10409.1787109375,10409.1787109375,9770.34812349686,10221.286734810245,8470
2024-02-29,10409.1787109375,10409.1787109375,10409.1787109375,10409.1787109375,121
2024-03-01,10221.287109375,10371.600873401138,10221.287109375,10371.600873401138,363
2024-03-04,10521.9130859375,10521.9130859375,10221.286464919864,10221.286464919864,3872
2024-03-05,10371.6005859375,10446.75702182748,10296.44415004752,10446.75702182748,1331
2024-03-06,10296.4443359375,10296.4443359375,10296.4443359375,10296.4443359375,121
2024-03-07,10371.6005859375,10371.6005859375,10296.44415004752,10296.44415004752,847
2024-03-08,10371.6005859375,10371.6005859375,10334.02236799251,10371.6005859375,605
2024-03-11,10221.287109375,10221.287109375,10221.287109375,10221.287109375,484
2024-03-12,10221.287109375,10221.287109375,10221.287109375,10221.287109375,121
2024-03-13,10146.130859375,10221.28729874044,10146.130859375,10221.28729874044,726
2024-03-14,10296.4443359375,10296.4443359375,10146.130573363786,10146.130573363786,242
2024-03-15,10296.4443359375,10296.4443359375,10296.4443359375,10296.4443359375,4915077
2024-03-18,9920.6611328125,10409.178856654033,9920.6611328125,10146.130441625504,5082
2024-03-19,10334.0224609375,10334.0224609375,9770.348298612902,9770.348298612902,1210
2024-03-20,10334.0224609375,10334.0224609375,10334.0224609375,10334.0224609375,121
2024-03-21,10296.4443359375,10296.4443359375,10296.4443359375,10296.4443359375,121
2024-03-22,10221.287109375,10296.444435428091,10221.287109375,10296.444435428091,484
2024-03-25,9920.6611328125,10146.130441625504,9920.6611328125,10146.130441625504,484
2024-03-26,9958.2392578125,10146.130346732733,9920.661040028452,9920.661040028452,363
2024-03-27,10634.6484375,10634.6484375,9732.77029109803,9770.348510194775,12705
2024-03-28,10634.6484375,10672.226656596746,10446.757342016266,10521.91378020976,6776
2024-03-29,10521.9130859375,10521.9130859375,10070.97359845104,10521.9130859375,4840
2024-04-01,10446.7568359375,10672.22613959543,10446.7568359375,10521.913270490142,1331
2024-04-02,10258.8662109375,10446.757305769312,10258.8662109375,10446.757305769312,3751
2024-04-03,10183.7080078125,10183.7080078125,9845.504066244395,10183.7080078125,5445
2024-04-04,10484.3359375,10521.914157945805,10146.1310654077,10221.287506299304,6413
2024-04-05,10371.6005859375,10371.6005859375,10371.6005859375,10371.6005859375,1331
2024-04-08,10334.0224609375,10334.0224609375,10296.444242654528,10334.0224609375,6171
2024-04-09,10296.4443359375,10296.4443359375,10296.4443359375,10296.4443359375,605
2024-04-10,10296.4443359375,10296.4443359375,10296.4443359375,10296.4443359375,726
2024-04-11,10221.287109375,10296.444435428091,10221.287109375,10296.444435428091,2662
2024-04-12,10672.2265625,10672.2265625,10221.287049234914,10221.287049234914,2662
2024-04-15,10484.3359375,10672.227039729012,10033.396404070292,10672.227039729012,15367
2024-04-16,10334.0224609375,10484.335334069385,10183.708699725588,10446.757115786417,1452
2024-04-17,10296.4443359375,10334.02255456092,10296.4443359375,10334.02255456092,2420
2024-04-19,10108.552734375,10108.552734375,9770.348754062708,9770.348754062708,1694
2024-04-22,10484.3359375,10709.805260174817,9920.661742732884,10521.914157945805,4235
2024-04-23,10296.4443359375,10446.75721043118,10296.4443359375,10446.75721043118,605
2024-04-24,10296.4443359375,10296.4443359375,10296.4443359375,10296.4443359375,363
2024-04-25,10033.3955078125,10521.913218049962,9995.817290723464,10521.913218049962,73806
2024-04-26,10146.130859375,10146.130859375,10108.55263969228,10108.55263969228,363
2024-05-02,10146.130859375,10221.28729874044,10146.130859375,10221.28729874044,1210
2024-05-03,9807.9267578125,10334.022714776864,9770.348538606477,10146.130730666702,1694
2024-05-06,10296.4443359375,10296.4443359375,9995.817698870109,9995.817698870109,6171
2024-05-07,9770.3486328125,10221.287267632735,9770.3486328125,10221.287267632735,4598
2024-05-08,10070.9736328125,10146.13006630334,9770.34789884914,9995.817199321658,3146
2024-05-09,10108.552734375,10146.130954409698,10108.552734375,10146.130954409698,242
2024-05-10,10108.552734375,10183.7091744444,9770.348754062708,10183.7091744444,3146
2024-05-13,9995.8173828125,10183.708469988673,9770.348078201092,10108.552035118204,14036
2024-05-14,10146.130859375,10597.070383647691,9620.03578381693,10597.070383647691,19481
2024-05-15,10146.130859375,10221.28729874044,10146.130859375,10221.28729874044,363
2024-05-16,10183.7080078125,10221.286223542287,9995.816929163551,10221.286223542287,1694
2024-05-17,10183.7080078125,10221.286223542287,10183.7080078125,10221.286223542287,3509
2024-05-20,10146.130859375,10221.28729874044,10146.130859375,10221.28729874044,847
2024-05-21,10146.130859375,10183.70907905772,10146.130859375,10183.70907905772,242
2024-05-22,10183.7080078125,10183.7080078125,9920.660497703971,10183.7080078125,1936
2024-05-23,10070.9736328125,10183.70828304876,10070.9736328125,10183.70828304876,605
2024-05-24,10146.130859375,10146.130859375,10070.97442000956,10146.130859375,1694
2024-05-27,10146.130859375,10146.130859375,10146.130859375,10146.130859375,121
2024-05-28,10221.287109375,10221.287109375,10146.130671401952,10146.130671401952,27709
2024-05-29,10146.130859375,10183.70907905772,10070.97442000956,10183.70907905772,7381
2024-05-30,10296.4443359375,10296.4443359375,10108.552354740366,10221.287010610626,4114
2024-05-31,10446.7568359375,10446.7568359375,10221.286644199565,10296.443966832212,726
2024-06-03,10371.6005859375,10446.75702182748,10371.6005859375,10446.75702182748,726
2024-06-04,10371.6005859375,10409.178803882489,10371.6005859375,10409.178803882489,242
2024-06-05,10296.4443359375,10409.17899180776,10146.130573363786,10409.17899180776,5324
2024-06-06,10221.287109375,10296.444435428091,9770.348481536716,10296.444435428091,17545
2024-06-07,9920.6611328125,10221.286877896506,9920.6611328125,10221.286877896506,3872
2024-06-10,10070.9736328125,10108.55184955792,10070.9736328125,10070.9736328125,2541
2024-06-11,9995.8173828125,10108.552035118204,9995.8173828125,10108.552035118204,7744
2024-06-12,9920.6611328125,10033.395787219002,9920.6611328125,10033.395787219002,3388
2024-06-13,10371.6005859375,10371.6005859375,9920.6610825176,10033.395736352571,16335
2024-06-14,10033.3955078125,10371.60034969382,10033.3955078125,10371.60034969382,2299
2024-06-17,10296.4443359375,10296.4443359375,9920.661261623269,10070.974136116947,1694
2024-06-18,10146.130859375,10296.444626185938,10070.97442000956,10296.444626185938,2541
2024-06-19,10146.130859375,10183.70907905772,9920.661541278683,10183.70907905772,1089
2024-06-20,10146.130859375,10183.70907905772,10146.130859375,10183.70907905772,1452
2024-06-21,10070.9736328125,10146.13006630334,10070.9736328125,10146.13006630334,2178
2024-06-24,10070.9736328125,10183.70828304876,9544.878598376616,10183.70828304876,22748
2024-06-25,10070.9736328125,10070.9736328125,9770.34789884914,10070.9736328125,2783
2024-06-26,9995.8173828125,10070.973817682969,9807.926295636327,10070.973817682969,6413
2024-06-27,9995.8173828125,10146.130252553436,9995.8173828125,9995.8173828125,3872
2024-06-28,10183.7080078125,10183.7080078125,10146.129792082713,10146.129792082713,5808
2024-07-01,10183.7080078125,10183.7080078125,10183.7080078125,10183.7080078125,121
2024-07-02,10146.130859375,10146.130859375,9995.817980644122,10146.130859375,2299
2024-07-03,10033.3955078125,10070.973724901536,10033.3955078125,10070.973724901536,7025663
2024-07-04,10070.9736328125,10070.9736328125,9958.238982576238,9995.817199321658,726
2024-07-05,10070.9736328125,10070.9736328125,10070.9736328125,10070.9736328125,726
2024-07-08,10033.3955078125,10070.973724901536,10033.3955078125,10070.973724901536,1210
2024-07-09,9995.8173828125,10033.395600247735,9995.8173828125,10033.395600247735,2541
2024-07-10,9958.2392578125,9995.817475596548,9920.661040028452,9995.817475596548,2541
2024-07-11,9920.6611328125,10033.395787219002,9920.6611328125,10033.395787219002,726
2024-07-12,9958.2392578125,9995.817475596548,9958.2392578125,9995.817475596548,1452
2024-07-15,9920.6611328125,9958.239350948,9883.082914677,9958.239350948,1815
2024-07-16,9920.6611328125,9920.6611328125,9920.6611328125,9920.6611328125,363
2024-07-17,10070.9736328125,10070.9736328125,9995.817199321658,9995.817199321658,484
2024-07-18,9995.8173828125,10070.973817682969,9995.8173828125,10070.973817682969,484
2024-07-19,10033.3955078125,10033.3955078125,9995.817290723464,9995.817290723464,726
2024-07-22,10033.3955078125,10033.3955078125,10033.3955078125,10033.3955078125,242
2024-07-23,10033.3955078125,10033.3955078125,9845.50442236732,10033.3955078125,2178
2024-07-24,10033.3955078125,10033.3955078125,10033.3955078125,10033.3955078125,242
2024-07-25,10033.3955078125,10033.3955078125,9995.817290723464,9995.817290723464,1089
2024-07-26,9995.8173828125,10033.395600247735,9995.8173828125,10033.395600247735,968
2024-07-29,9995.8173828125,9995.8173828125,9995.8173828125,9995.8173828125,121
2024-07-30,9995.8173828125,9995.8173828125,9995.8173828125,9995.8173828125,1573
2024-07-31,9920.6611328125,9995.8175690835,9920.6611328125,9995.8175690835,363
2024-08-01,9958.2392578125,9958.2392578125,9807.926386676314,9920.661040028452,2783
2024-08-02,9883.0830078125,9883.0830078125,9657.613696874734,9657.613696874734,5324
2024-08-05,9244.2529296875,9883.083568321854,9244.2529296875,9883.083568321854,2420
2024-08-06,9620.0361328125,9620.0361328125,8718.157939628847,9018.7837079967,6776
2024-08-07,9732.7705078125,9732.7705078125,9544.879408145094,9544.879408145094,6050
2024-08-08,9770.3486328125,9845.505071949206,9732.770413244149,9732.770413244149,8591
2024-08-09,9807.9267578125,9845.50497701852,9807.9267578125,9845.50497701852,6897
2024-08-12,9770.3486328125,9807.926852380851,9770.3486328125,9807.926852380851,1573
2024-08-13,9770.3486328125,9807.926852380851,9770.3486328125,9770.3486328125,4235
2024-08-14,9807.9267578125,9807.9267578125,9770.348538606477,9770.348538606477,2783
2024-08-15,9770.3486328125,9845.505071949206,9770.3486328125,9770.3486328125,2057
2024-08-19,10058.05859375,10144.766083745251,9841.290334475472,9841.290334475472,8250
2024-08-20,10058.05859375,10361.535274446986,10058.05859375,10058.05859375,2310
2024-08-21,9971.3525390625,10058.059102012074,9971.3525390625,10058.059102012074,1320
2024-08-22,9884.64453125,9884.64453125,9884.64453125,9884.64453125,11880
2024-08-23,9884.64453125,9884.64453125,9884.64453125,9884.64453125,110
2024-08-26,9884.64453125,9884.64453125,9451.107081884998,9451.107081884998,1320
2024-08-27,9711.2294921875,9711.2294921875,9711.2294921875,9711.2294921875,220
2024-08-28,9711.2294921875,9711.2294921875,9624.52200284411,9711.2294921875,770
2024-08-29,9537.814453125,9537.814453125,9537.814453125,9537.814453125,550
2024-08-30,9711.2294921875,9711.2294921875,9537.814513500723,9537.814513500723,220
2024-09-04,9711.2294921875,9711.2294921875,9711.2294921875,9711.2294921875,220
2024-09-05,9667.8759765625,9711.230190063348,9667.8759765625,9711.230190063348,1650
2024-09-06,9667.8759765625,9667.8759765625,9537.81519891449,9667.8759765625,3520
2024-09-09,9624.5224609375,9624.5224609375,9624.5224609375,9624.5224609375,3520
2024-09-10,9277.6923828125,9537.81486030086,9277.6923828125,9537.81486030086,770
2024-09-11,9537.814453125,9537.814453125,9451.106964330482,9451.106964330482,2420
2024-09-12,9537.814453125,9537.814453125,9537.814453125,9537.814453125,1210
2024-09-13,9537.814453125,9537.814453125,9537.814453125,9537.814453125,110
2024-09-16,9624.5224609375,9624.5224609375,9537.81496746714,9537.81496746714,220
2024-09-18,9624.5224609375,9624.5224609375,9451.10747399678,9451.10747399678,3410
2024-09-19,9711.2294921875,9711.2294921875,9624.52200284411,9624.52200284411,550
2024-09-20,9711.2294921875,9711.2294921875,9711.2294921875,9711.2294921875,110
2024-09-23,9711.2294921875,9711.2294921875,9190.98455612717,9190.98455612717,5500
2024-09-24,9624.5224609375,9624.5224609375,9190.9849935857,9624.5224609375,5830
2024-09-25,9277.6923828125,9277.6923828125,9190.98489031638,9190.98489031638,6600
2024-09-26,9321.046875,9537.815147043557,9190.98516663206,9277.692661734933,6380
2024-09-27,9494.4619140625,9537.815196123394,9190.985213927175,9190.985213927175,10120
2024-09-30,9451.107421875,9537.814914867178,9451.107421875,9494.461634084708,990
2024-10-01,9321.046875,9451.107651940682,9277.692661734933,9451.107651940682,15070
2024-10-02,9451.107421875,9451.107421875,8844.155902356993,9321.046648100351,5170
2024-10-03,9407.75390625,9451.107185950255,8974.216452111357,8974.216452111357,5940
2024-10-04,9104.27734375,9277.692327712328,9104.27734375,9277.692327712328,220
2024-10-07,8930.86328125,9624.522284898118,8930.86328125,9624.522284898118,660
2024-10-09,8844.15625,9104.277807774062,8844.15625,9104.277807774062,1100
2024-10-10,8887.5087890625,8930.862999349858,8584.033042759776,8930.862999349858,1650
2024-10-11,9104.27734375,9104.27734375,8930.863291214897,8930.863291214897,660
2024-10-14,9060.923828125,9104.277107275911,8844.155569516031,9104.277107275911,550
2024-10-15,8844.15625,8844.15625,8844.15625,8844.15625,1100
2024-10-16,9017.5712890625,9017.5712890625,8757.448798526691,8844.15629537196,11990
2024-10-17,9017.5712890625,9017.5712890625,9017.5712890625,9017.5712890625,220
2024-10-18,9017.5712890625,9017.5712890625,9017.5712890625,9017.5712890625,330
2024-10-21,9451.107421875,9451.107421875,9017.570888341348,9017.570888341348,770
2024-10-22,9364.3994140625,9364.3994140625,8844.155416137777,8844.155416137777,220
2024-10-23,9364.3994140625,9364.3994140625,9364.3994140625,9364.3994140625,110
2024-10-25,9321.046875,9321.046875,9321.046875,9321.046875,110
2024-10-28,9060.923828125,9104.277107275911,9060.923828125,9104.277107275911,220
2024-10-29,9190.9853515625,9190.9853515625,9190.9853515625,9190.9853515625,110
2024-10-30,9364.3994140625,9364.3994140625,9190.984437611864,9190.984437611864,990
2024-11-01,9364.3994140625,9364.3994140625,9364.3994140625,9364.3994140625,330
2024-11-04,9364.3994140625,9364.3994140625,8757.447927912459,8757.447927912459,220
2024-11-05,9364.3994140625,9364.3994140625,9364.3994140625,9364.3994140625,1100
2024-11-06,9277.6923828125,9321.046594774176,9277.6923828125,9321.046594774176,13860
2024-11-07,9277.6923828125,9277.6923828125,9277.6923828125,9277.6923828125,110
2024-11-11,9364.3994140625,9364.3994140625,9321.046135663431,9321.046135663431,440
2024-11-12,9321.046875,9321.046875,9321.046875,9321.046875,110
2024-11-13,9017.5712890625,9017.5712890625,9017.5712890625,9017.5712890625,110
2024-11-14,9104.27734375,9104.27734375,9104.27734375,9104.27734375,220
2024-11-15,9104.27734375,9104.27734375,9104.27734375,9104.27734375,220
2024-11-18,9364.3994140625,9364.3994140625,9364.3994140625,9364.3994140625,110
2024-11-20,9017.5712890625,9017.5712890625,9017.5712890625,9017.5712890625,110
2024-11-21,8844.15625,9321.047014488817,8844.15625,9321.047014488817,220
2024-11-25,9190.9853515625,9190.9853515625,8930.863792447271,8930.863792447271,220
2024-11-29,9104.27734375,9104.27734375,9104.27734375,9104.27734375,990
2024-12-02,9104.27734375,9190.984835731164,9104.27734375,9104.27734375,55880
2024-12-03,9104.27734375,9104.27734375,9104.27734375,9104.27734375,57750
2024-12-04,9104.27734375,9104.27734375,9104.27734375,9104.27734375,550
2024-12-05,9017.5712890625,9017.5712890625,8930.863792217231,8930.863792217231,220
2024-12-09,9060.923828125,9060.923828125,9017.570548974089,9017.570548974089,15180
2024-12-10,9017.5712890625,9017.5712890625,9017.5712890625,9017.5712890625,550
2024-12-11,9277.6923828125,9277.6923828125,8974.216624789697,8974.216624789697,330
2024-12-12,9104.27734375,9104.27734375,9104.27734375,9104.27734375,2640
2024-12-16,9537.814453125,9537.814453125,9537.814453125,9537.814453125,110
2024-12-18,9537.814453125,9537.814453125,9017.570451785088,9537.814453125,660
2024-12-19,9494.4619140625,9494.4619140625,9017.57115425633,9017.57115425633,6490
2024-12-23,9494.4619140625,9494.4619140625,9494.4619140625,9494.4619140625,220
2024-12-24,9364.3994140625,9364.3994140625,8844.155416137777,8930.862904363095,23320
2024-12-25,9190.9853515625,9190.9853515625,9190.9853515625,9190.9853515625,880
2024-12-26,9017.5712890625,9190.98535132576,8930.863792217231,8930.863792217231,24640
2024-12-27,9104.27734375,9407.754031397688,9060.92406347303,9407.754031397688,2200
2024-12-30,9104.27734375,9104.27734375,8887.509079510703,8930.863291214897,22660
2024-12-31,9407.75390625,9494.461397077728,8844.155681583372,9494.461397077728,330
2025-01-02,8844.15625,8974.217028887031,8844.15625,8974.217028887031,330
2025-01-03,8930.86328125,8930.86328125,8930.86328125,8930.86328125,220
2025-01-06,8844.15625,8930.863746400446,8844.15625,8930.863746400446,3410
2025-01-08,8584.033203125,8844.155675427119,8584.033203125,8844.155675427119,6490
2025-01-09,8887.5087890625,8930.862999349858,8670.740531907297,8670.740531907297,770
2025-01-13,8844.15625,8844.15625,8844.15625,8844.15625,3410
2025-01-15,8844.15625,8844.15625,8844.15625,8844.15625,220
2025-01-16,9017.5712890625,9017.5712890625,8584.033804836154,8584.033804836154,1320
2025-01-17,8670.7412109375,8670.7412109375,8497.32621906184,8497.32621906184,1430
2025-01-20,8844.15625,8844.15625,8670.741257199108,8670.741257199108,220
2025-01-21,8670.7412109375,8844.156202813158,8367.265440868732,8844.156202813158,1430
2025-01-22,8670.7412109375,8670.7412109375,8670.7412109375,8670.7412109375,660
2025-01-23,8670.7412109375,8670.7412109375,8670.7412109375,8670.7412109375,440
2025-01-24,8714.09375,8714.09375,8714.09375,8714.09375,110
2025-02-03,8844.15625,8844.15625,8757.448753599554,8757.448753599554,880
2025-02-05,8757.4482421875,8757.4482421875,8757.4482421875,8757.4482421875,5500
2025-02-06,8670.7412109375,8670.7412109375,8670.7412109375,8670.7412109375,5500
2025-02-07,8670.7412109375,8670.7412109375,8670.7412109375,8670.7412109375,5500
2025-02-12,9060.923828125,9104.277107275911,8670.740590057976,8670.740590057976,1870
2025-02-13,8974.216796875,9104.277572399547,8974.216796875,9104.277572399547,220
2025-02-20,8757.4482421875,8757.4482421875,8670.740750850546,8757.4482421875,5060
2025-02-21,8757.4482421875,8844.155733524456,8757.4482421875,8757.4482421875,2420
2025-02-24,8644.728515625,8714.093761408356,8627.38627275197,8714.093761408356,4180
2025-02-25,8670.7412109375,8670.7412109375,8636.058585133276,8670.7412109375,990
2025-02-26,8670.7412109375,8670.7412109375,8670.7412109375,8670.7412109375,5500
2025-02-27,8670.7412109375,8670.7412109375,8670.7412109375,8670.7412109375,5610
2025-02-28,8757.4482421875,8757.4482421875,8757.4482421875,8757.4482421875,110
2025-03-04,8757.4482421875,8974.216504816279,8757.4482421875,8757.4482421875,6930
2025-03-05,8844.15625,9017.571242800892,8800.80203608614,9017.571242800892,10560
2025-03-06,8844.15625,8844.15625,8844.15625,8844.15625,550
2025-03-07,9060.923828125,9060.923828125,9060.923828125,9060.923828125,110
2025-03-12,9017.5712890625,9104.27785448049,8584.033804836154,9104.27785448049,1650
2025-03-13,8844.15625,8844.15625,8662.07060070179,8844.15625,5280
2025-03-17,8757.4482421875,8844.155733524456,8757.4482421875,8844.155733524456,990
2025-03-18,9104.27734375,9104.27734375,8584.03332329024,8584.03332329024,1430
2025-03-19,8930.86328125,8930.86328125,8540.680033483733,8844.155789365583,1870
2025-03-20,8844.15625,8844.15625,8844.15625,8844.15625,3080
2025-03-21,8757.4482421875,8757.4482421875,8757.4482421875,8757.4482421875,330
2025-03-24,8757.4482421875,8757.4482421875,8757.4482421875,8757.4482421875,110
2025-03-25,8930.86328125,8930.86328125,8323.910838059075,8323.910838059075,2323741
2025-03-27,8930.86328125,8930.86328125,8323.910838059075,8323.910838059075,220
2025-03-31,8844.15625,8844.15625,8410.61876799777,8410.61876799777,220
2025-04-02,8844.15625,8844.15625,8844.15625,8844.15625,440
2025-04-03,8670.7412109375,8844.156202813158,8237.203731248354,8844.156202813158,2530
2025-04-04,8627.38671875,8627.38671875,8063.789410488778,8410.618451616665,1430
2025-04-08,8627.38671875,8627.38671875,8063.789410488778,8627.38671875,1650
2025-04-09,8627.38671875,8627.38671875,8029.105854376922,8063.789410488778,2530
2025-04-10,8636.05859375,8800.801997911707,8627.387005863022,8627.387005863022,2530
2025-04-11,8800.8017578125,8800.8017578125,8670.740983037877,8670.740983037877,220
2025-04-14,8653.3994140625,8653.3994140625,8237.20327055275,8237.20327055275,550
2025-04-15,8757.4482421875,8757.4482421875,8280.557505547857,8289.22816153883,1650
2025-04-16,8167.83837890625,8757.448598870033,8167.83837890625,8757.448598870033,3300
2025-04-17,8497.326171875,8497.326171875,8167.838434282756,8167.838434282756,2139823
2025-04-18,8584.033203125,8584.033203125,8471.313744555579,8497.325712357628,770
2025-04-21,8670.7412109375,8670.7412109375,8584.03371499967,8584.03371499967,550
2025-04-22,8670.7412109375,8670.7412109375,8115.8136095063,8670.7412109375,880
2025-04-23,8800.8017578125,8800.8017578125,8627.386770494839,8627.386770494839,1650
2025-04-24,8757.4482421875,8757.4482421875,8497.325768176635,8497.325768176635,220
2025-04-28,8670.7412109375,8670.7412109375,8670.7412109375,8670.7412109375,220
2025-04-29,8670.7412109375,8670.7412109375,8115.8136095063,8124.484265957356,1430
2025-05-05,9190.9853515625,9190.9853515625,8670.741301904764,8670.741301904764,27555
2025-05-06,8757.4482421875,9190.984767445056,8714.094030805412,9147.63148749019,11385
2025-05-07,8800.8017578125,9104.277519904785,8800.8017578125,9104.277519904785,9487
2025-05-08,9407.75390625,9407.75390625,8844.155681583372,8844.155681583372,90432
2025-05-09,10058.05859375,10058.05859375,10058.05859375,10058.05859375,42592
2025-05-12,10751.71875,10751.71875,10751.71875,10751.71875,47207
2025-05-13,10188.1201171875,10751.718326636666,10101.412628700922,10751.718326636666,86387
2025-05-14,10404.888671875,10491.596162854788,10058.058707955854,10448.2428830785,59978
2025-05-15,9797.9375,10404.889026094055,9797.9375,10404.889026094055,69080
2025-05-16,9927.998046875,10058.05881906786,9711.229782744487,10058.05881906786,23056
2025-05-19,9884.64453125,9884.64453125,9537.814571758,9754.582830726897,19581
2025-05-20,10058.05859375,10058.05859375,9624.522075200945,9624.522075200945,3872734
2025-05-21,10014.7060546875,10014.7060546875,9667.87606907109,10014.7060546875,4293
2025-05-22,10058.05859375,10231.473573740504,9841.290334475472,9927.997824470724,11330
2025-05-23,10058.05859375,10058.05859375,9754.58284448022,9754.58284448022,4290
2025-05-26,9971.3525390625,10014.705820537289,9754.583337406808,10014.705820537289,4401
2025-05-27,9971.3525390625,10101.413314914113,9407.754291326755,10101.413314914113,686
2025-05-28,9841.291015625,9884.645229336924,9667.876023631849,9667.876023631849,384705
2025-05-29,9971.3525390625,9971.3525390625,9797.937550308849,9841.290831783634,17270
2025-05-30,9971.3525390625,10101.413314914113,9711.23005593202,9927.99832616046,5292
2025-06-02,9624.5224609375,9841.290728899778,9624.5224609375,9711.22995440786,6490
2025-06-03,9451.107421875,9537.814914867178,9407.75414109253,9407.75414109253,9171
2025-06-04,9927.998046875,9927.998046875,9537.814798869187,9537.814798869187,5093
2025-06-05,10101.4130859375,10101.4130859375,9971.352313034076,9971.352313034076,2530
2025-06-06,9884.64453125,9884.64453125,9537.814571758,9884.64453125,12353
2025-06-09,9624.5224609375,9754.583235429418,9581.1682484887,9581.1682484887,14850
2025-06-10,9841.291015625,9841.291015625,9624.522741347197,9624.522741347197,550
2025-06-11,9797.9375,9797.9375,9537.815018205156,9537.815018205156,7370
2025-06-12,9797.9375,9797.9375,9494.461736952971,9537.815018205156,33127
2025-06-13,9797.9375,9797.9375,9537.815018205156,9581.168299457338,1650
2025-06-16,9667.8759765625,9711.230190063348,9147.631934543197,9537.81519891449,17820
2025-06-17,9407.75390625,9667.87544730597,9321.046415422272,9321.046415422272,1925
2025-06-18,9364.3994140625,9407.753623888751,9190.984437611864,9234.338647438117,25213
2025-06-19,9321.046875,9321.046875,9321.046875,9321.046875,6490
2025-06-20,9234.3388671875,9754.58287749246,9147.631376898806,9321.046357476194,1980
2025-06-23,9407.75390625,9407.75390625,9407.75390625,9407.75390625,220
2025-06-24,9364.3994140625,9407.753623888751,9104.276949386543,9407.753623888751,23964
2025-06-25,9364.3994140625,9364.3994140625,9104.276949386543,9190.984437611864,7590
2025-06-27,9364.3994140625,9364.3994140625,9364.3994140625,9364.3994140625,111
2025-06-30,9277.6923828125,9277.6923828125,9277.6923828125,9277.6923828125,880
2025-07-01,9277.6923828125,9277.6923828125,9190.98489031638,9277.6923828125,13090
2025-07-02,9234.3388671875,9234.3388671875,9104.277166040854,9190.984656329549,1874
2025-07-03,9537.814453125,9624.521941919516,9277.691986741447,9277.691986741447,15750
2025-07-04,9537.814453125,9537.814453125,9537.814453125,9537.814453125,666
2025-07-07,9971.3525390625,9971.3525390625,9537.815067178368,9537.815067178368,8803
2025-07-08,9797.9375,9927.998275183798,9537.815018205156,9624.522512136771,9257
2025-07-09,9884.64453125,10014.7053003459,9884.64453125,9884.64453125,44333
2025-07-10,9971.3525390625,10231.474090765723,9971.3525390625,10231.474090765723,27919
2025-07-11,10014.7060546875,10058.059337175917,9971.352772199089,10058.059337175917,28974
2025-07-14,9971.3525390625,10058.059102012074,9884.645044685672,10058.059102012074,38212
2025-07-15,10144.7666015625,10144.7666015625,9971.352544147663,10058.059107141456,43677
2025-07-16,10188.1201171875,10231.473395717196,10144.765907230616,10231.473395717196,16297
2025-07-17,10231.4736328125,10231.4736328125,10101.412862782312,10188.120353278176,53575
2025-07-18,10318.181640625,10491.596630311133,10231.474145781936,10231.474145781936,31716
2025-07-21,10050.0,10850.0,10050.0,10500.0,39243
2025-07-22,10150.0,10450.0,10050.0,10450.0,9291
2025-07-23,10400.0,10500.0,10200.0,10300.0,17288
2025-07-24,10450.0,10450.0,10200.0,10400.0,26608
2025-07-25,10450.0,10550.0,10350.0,10500.0,9361
2025-07-28,10450.0,10700.0,10450.0,10450.0,22636
2025-07-29,10350.0,10450.0,10350.0,10450.0,4614
2025-07-30,10250.0,10350.0,10200.0,10200.0,7675
2025-07-31,10550.0,10550.0,10300.0,10450.0,6919
2025-08-01,10600.0,10650.0,10600.0,10600.0,7014
2025-08-04,10650.0,10650.0,10600.0,10600.0,4800
2025-08-05,10650.0,10650.0,10600.0,10600.0,5910
2025-08-06,10650.0,10650.0,10500.0,10650.0,5900
2025-08-07,10750.0,11200.0,10650.0,11200.0,14311
2025-08-08,10750.0,10750.0,10600.0,10700.0,17500
2025-08-11,11000.0,11500.0,10800.0,10800.0,7959
2025-08-12,11400.0,11450.0,11200.0,11350.0,10101
2025-08-13,11150.0,11400.0,11000.0,11400.0,8900
2025-08-14,11400.0,11500.0,11150.0,11150.0,11595
2025-08-15,11300.0,11400.0,11200.0,11400.0,2507
2025-08-18,11350.0,11350.0,11250.0,11300.0,4574
2025-08-19,11400.0,11500.0,11200.0,11350.0,9756
2025-08-20,11500.0,11750.0,11300.0,11300.0,27734
2025-08-21,12300.0,12300.0,11600.0,11650.0,120717
2025-08-22,13150.0,13150.0,13150.0,13150.0,102611
2025-08-25,13750.0,14050.0,13300.0,14050.0,164455
2025-08-26,14000.0,14100.0,13550.0,14100.0,37583
2025-08-27,14050.0,14600.0,13600.0,14400.0,67260
2025-08-28,14050.0,14400.0,13600.0,14200.0,17558
2025-08-29,14000.0,14550.0,13100.0,14000.0,83819
2025-09-03,13950.0,14000.0,13600.0,13800.0,20055
2025-09-04,13950.0,14000.0,13650.0,13950.0,23260
2025-09-05,14900.0,14900.0,13950.0,13950.0,164577
2025-09-08,15900.0,15900.0,14900.0,14900.0,167497
2025-09-09,16700.0,16700.0,15150.0,16450.0,85992
2025-09-10,16700.0,16900.0,15800.0,16900.0,40133
2025-09-11,16700.0,16700.0,15700.0,16600.0,25100
2025-09-12,16700.0,16700.0,15800.0,15800.0,31223
2025-09-15,15550.0,16300.0,15550.0,16150.0,153647
2025-09-16,14800.0,15500.0,14650.0,15050.0,85148
2025-09-17,14700.0,15000.0,14600.0,14600.0,36770
2025-09-18,14850.0,15000.0,14600.0,14600.0,22228
2025-09-19,15200.0,15850.0,15000.0,15000.0,8516
2025-09-22,15100.0,15200.0,14700.0,15200.0,14095
2025-09-23,14750.0,15400.0,14600.0,14600.0,11913
2025-09-24,14900.0,14900.0,14500.0,14700.0,6714
2025-09-25,15200.0,15600.0,14800.0,14900.0,5733
2025-09-26,14900.0,15000.0,14650.0,15000.0,16750
2025-09-29,15000.0,15000.0,14650.0,14850.0,20180
2025-09-30,14450.0,15000.0,14400.0,15000.0,37300
2025-10-01,14750.0,14800.0,14450.0,14450.0,20254
2025-10-02,14450.0,15000.0,14450.0,14950.0,10428
2025-10-03,14450.0,14500.0,14450.0,14450.0,10050
2025-10-06,14700.0,14800.0,14500.0,14500.0,16579
2025-10-07,14500.0,14700.0,14400.0,14700.0,8858
2025-10-08,14500.0,14900.0,14200.0,14500.0,6401
2025-10-09,14750.0,14750.0,14300.0,14500.0,19100
2025-10-10,15550.0,15550.0,14500.0,14500.0,16949
2025-10-13,15050.0,16550.0,14500.0,15550.0,4905
2025-10-14,15750.0,15800.0,14700.0,15100.0,17308
2025-10-15,15000.0,15600.0,14700.0,15600.0,6516
2025-10-16,15100.0,15300.0,15100.0,15300.0,603
2025-10-17,15000.0,15700.0,15000.0,15300.0,11600
2025-10-20,13950.0,14300.0,13950.0,14300.0,19150
2025-10-21,13700.0,13950.0,13500.0,13950.0,6053
2025-10-22,14300.0,14500.0,13700.0,14000.0,6120
2025-10-23,14000.0,14000.0,13900.0,14000.0,4799
2025-10-24,14500.0,14500.0,13900.0,14000.0,1750
2025-10-27,14000.0,14500.0,14000.0,14500.0,6440
2025-10-28,14200.0,14300.0,13950.0,13950.0,801
2025-10-29,15000.0,15000.0,15000.0,15000.0,107
2025-10-30,14950.0,15300.0,14350.0,15300.0,5500
2025-10-31,15950.0,15950.0,15400.0,15500.0,163819
2025-11-03,16300.0,17000.0,15950.0,15950.0,5113
2025-11-04,15850.0,16000.0,15200.0,16000.0,45212
2025-11-05,15500.0,15850.0,15500.0,15800.0,3301
2025-11-06,15200.0,15250.0,15050.0,15050.0,4642
2025-11-07,15200.0,15400.0,15200.0,15200.0,2614
2025-11-10,14900.0,15200.0,14900.0,15200.0,8400
2025-11-11,15000.0,15000.0,14850.0,14850.0,5600
2025-11-12,14900.0,14950.0,14900.0,14950.0,6201
2025-11-13,15400.0,15400.0,14900.0,14900.0,300
2025-11-14,15100.0,15200.0,14650.0,15200.0,14620
2025-11-17,14900.0,15300.0,14700.0,15300.0,12000
2025-11-18,14950.0,15300.0,14800.0,15300.0,32851
2025-11-19,14600.0,14650.0,14400.0,14400.0,5196
2025-11-20,14800.0,14800.0,14650.0,14650.0,1402
2025-11-21,14800.0,14800.0,14500.0,14700.0,3500
2025-11-24,14400.0,14800.0,14400.0,14800.0,3563
2025-11-25,14500.0,14500.0,14200.0,14400.0,6191
2025-11-26,14700.0,14700.0,14300.0,14500.0,19322
2025-11-27,15700.0,15700.0,14500.0,14500.0,154377
2025-11-28,15700.0,16700.0,15650.0,16250.0,25871
2025-12-01,14900.0,16000.0,14650.0,16000.0,29320
2025-12-02,14750.0,15400.0,14400.0,15400.0,26221
2025-12-03,14900.0,15200.0,14550.0,14550.0,44389
2025-12-04,14950.0,15500.0,14550.0,14550.0,26700
2025-12-05,15000.0,15050.0,14600.0,14900.0,13400
2025-12-08,14700.0,15900.0,14700.0,14950.0,12555
2025-12-09,14600.0,15000.0,14400.0,14700.0,13800
2025-12-10,14550.0,14700.0,14400.0,14700.0,7008
2025-12-11,14400.0,14650.0,13650.0,13650.0,15798
2025-12-12,14400.0,14400.0,14400.0,14400.0,350
2025-12-15,14300.0,14400.0,14000.0,14400.0,21000
2025-12-16,14300.0,14300.0,14000.0,14000.0,7200
2025-12-17,14250.0,14250.0,14000.0,14000.0,2601
2025-12-18,14200.0,14250.0,14000.0,14250.0,2901
2025-12-19,14200.0,14200.0,14150.0,14200.0,1600
2025-12-22,14150.0,14150.0,14150.0,14150.0,106
2025-12-23,14200.0,14200.0,14050.0,14150.0,6300
2025-12-24,14100.0,14100.0,13800.0,14100.0,3403
2025-12-25,13700.0,14500.0,13700.0,14100.0,3300
2025-12-26,14050.0,14250.0,13000.0,14250.0,4701
2025-12-29,14000.0,14050.0,13900.0,14050.0,400
2025-12-30,13900.0,14000.0,13900.0,14000.0,10700
2025-12-31,13900.0,13950.0,13550.0,13950.0,8500
2026-01-05,13900.0,14000.0,13800.0,14000.0,2100
2026-01-06,13900.0,13900.0,13600.0,13900.0,3601
2026-01-07,13900.0,14050.0,13600.0,13600.0,22700
2026-01-08,13900.0,14200.0,13900.0,14200.0,12600
2026-01-09,13800.0,14100.0,13800.0,14100.0,7802
2026-01-12,14200.0,14200.0,13350.0,13350.0,4820
2026-01-13,14500.0,14550.0,14000.0,14200.0,9911
2026-01-14,14400.0,14550.0,14400.0,14450.0,13968
2026-01-15,14400.0,14400.0,14350.0,14400.0,11879
2026-01-16,14100.0,14500.0,14050.0,14050.0,6100
2026-01-19,14400.0,14400.0,14100.0,14400.0,7589
2026-01-20,14450.0,14500.0,14400.0,14400.0,19500
2026-01-21,14650.0,14650.0,14000.0,14100.0,20200
2026-01-22,14400.0,14850.0,14400.0,14650.0,2902
2026-01-23,14400.0,14400.0,14400.0,14400.0,20700
2026-01-26,14600.0,14600.0,14000.0,14050.0,9800
2026-01-27,14550.0,14550.0,14450.0,14450.0,6535
2026-01-28,13900.0,14200.0,13900.0,14200.0,11200
2026-01-29,14350.0,14350.0,14000.0,14000.0,401
2026-01-30,14250.0,14350.0,14250.0,14350.0,335
2026-02-02,15200.0,15200.0,15200.0,15200.0,62409
2026-02-03,16250.0,16250.0,16250.0,16250.0,37645
2026-02-04,17350.0,17350.0,17350.0,17350.0,15653
2026-02-05,18550.0,18550.0,18550.0,18550.0,24314
2026-02-06,17850.0,19800.0,17800.0,19800.0,163510
2026-02-09,17400.0,18000.0,17400.0,18000.0,7914
2026-02-10,16700.0,17200.0,16300.0,17200.0,68552
2026-02-11,16950.0,17100.0,16400.0,16500.0,10331
2026-02-12,16300.0,16500.0,16300.0,16500.0,19803
2026-02-13,17000.0,17000.0,16400.0,16400.0,1590
2026-02-23,16900.0,17000.0,16900.0,17000.0,19113
2026-02-24,17200.0,17400.0,16900.0,16900.0,35610
2026-02-25,16900.0,17000.0,16500.0,17000.0,10231
2026-02-26,16900.0,16900.0,16900.0,16900.0,5910
2026-02-27,16850.0,16900.0,16350.0,16550.0,42664
2026-03-02,16700.0,16900.0,16300.0,16300.0,6596
2026-03-03,17000.0,17000.0,16500.0,16700.0,6605
2026-03-04,16100.0,16800.0,16100.0,16800.0,6504
2026-03-05,16500.0,16950.0,16500.0,16950.0,1200
2026-03-06,16900.0,16900.0,16600.0,16600.0,2301
2026-03-09,15750.0,16000.0,15750.0,16000.0,43360
2026-03-10,15850.0,15900.0,15800.0,15850.0,10701
2026-03-11,16300.0,16850.0,15900.0,15900.0,7452
2026-03-12,16650.0,16650.0,16650.0,16650.0,398
2026-03-16,16000.0,16200.0,16000.0,16100.0,3408
2026-03-17,16700.0,16700.0,16200.0,16200.0,400
2026-03-19,16000.0,16600.0,16000.0,16600.0,3200
2026-03-20,16100.0,16100.0,16000.0,16050.0,6800
2026-03-23,16000.0,16000.0,15900.0,15900.0,3205
2026-03-24,16000.0,16000.0,16000.0,16000.0,1202
2026-03-25,16050.0,16050.0,16000.0,16000.0,1918
2026-03-26,16650.0,16650.0,15800.0,16050.0,4900
2026-03-27,16200.0,16200.0,16200.0,16200.0,5100
2026-03-30,16500.0,17000.0,16200.0,17000.0,13201
2026-03-31,16500.0,17000.0,16500.0,17000.0,10600
2026-04-01,16500.0,16500.0,16100.0,16500.0,3600
2026-04-02,15700.0,16500.0,15700.0,16100.0,13200
2026-04-03,15700.0,16000.0,15700.0,15750.0,5100
2026-04-06,15700.0,15700.0,15100.0,15100.0,1200
2026-04-07,15500.0,15650.0,15500.0,15650.0,700
2026-04-08,15950.0,16000.0,15800.0,15800.0,1600
2026-04-09,15950.0,15950.0,15950.0,15950.0,300
2026-04-10,15800.0,15900.0,15700.0,15800.0,14693
2026-04-13,15750.0,15750.0,15750.0,15750.0,500
2026-04-14,15650.0,15850.0,15600.0,15600.0,5817
2026-04-15,15700.0,15700.0,15650.0,15650.0,1301
2026-04-16,15800.0,16000.0,15800.0,15800.0,10310
2026-04-17,15700.0,15850.0,15100.0,15750.0,3700
2026-04-20,15900.0,15900.0,15700.0,15700.0,6211
2026-04-21,15800.0,16000.0,15800.0,16000.0,2001
2026-04-22,15850.0,15850.0,15850.0,15850.0,100
2026-04-23,15450.0,15800.0,15200.0,15800.0,9500
2026-04-24,15000.0,15200.0,14850.0,15150.0,10202
2026-04-28,15550.0,15550.0,13950.0,15000.0,1700
2026-04-29,15100.0,15100.0,14700.0,14700.0,559
2026-05-04,14200.0,14400.0,14050.0,14050.0,145750
2026-05-05,14200.0,14200.0,14000.0,14000.0,2645
2026-05-06,14000.0,14200.0,14000.0,14100.0,13012
2026-05-07,14000.0,14100.0,14000.0,14100.0,1700
2026-05-08,14500.0,14500.0,14000.0,14000.0,2255
2026-05-11,14200.0,14500.0,14200.0,14500.0,2031
2026-05-12,14200.0,14250.0,14200.0,14250.0,1500
2026-05-13,14300.0,14300.0,14300.0,14300.0,300
2026-05-14,14300.0,14300.0,14100.0,14300.0,7300
2026-05-15,14000.0,14200.0,14000.0,14100.0,6200
2026-05-18,13200.0,13200.0,13200.0,13200.0,128
2026-05-19,14100.0,14100.0,14100.0,14100.0,13220
2026-05-20,14600.0,14600.0,14600.0,14600.0,105
2026-05-21,14600.0,14600.0,13800.0,13800.0,4000
2026-05-25,13850.0,13850.0,13850.0,13850.0,100
2026-05-26,13900.0,13900.0,13900.0,13900.0,100
2026-05-27,14000.0,14000.0,13900.0,13900.0,1800
