Price,Close,High,Low,Open,Volume
Ticker,VCG.VN,VCG.VN,VCG.VN,VCG.VN,VCG.VN
Date,,,,,
2017-01-03,8203.88671875,8324.531379183349,8143.563918634436,8203.88671875,1220655
2017-01-04,8445.1767578125,8565.82235487788,8203.886503479496,8203.886503479496,4044975
2017-01-05,8626.1455078125,8686.46830882353,8445.177104779412,8505.499905790442,3931822
2017-01-06,8445.1767578125,8686.46795194326,8445.1767578125,8686.46795194326,1435032
2017-01-09,8505.5,8626.145603358367,8445.177198320816,8445.177198320816,1631017
2017-01-10,8686.4677734375,8746.790570730564,8445.176584265242,8505.499381558306,3277788
2017-01-11,8807.11328125,8867.436084385705,8686.468614776415,8686.468614776415,2442830
2017-01-12,8626.1455078125,8807.112971047794,8626.1455078125,8746.79110983456,1003797
2017-01-13,8505.5,8686.46840503755,8505.5,8686.46840503755,1253635
2017-01-16,8384.8544921875,8626.14570165376,8384.8544921875,8445.177294554065,3156413
2017-01-17,8324.53125,8445.176848358902,8324.53125,8445.176848358902,1832337
2017-01-18,8264.208984375,8384.854590523033,8264.208984375,8384.854590523033,1327799
2017-01-19,8203.88671875,8324.531379183349,8083.241118518872,8264.208579067785,932191
2017-01-20,8384.8544921875,8505.50009692063,8203.88702488562,8203.88702488562,1588190
2017-01-23,8324.53125,8445.176848358902,8203.886591438863,8384.85404917945,1130131
2017-01-24,8324.53125,8384.85404917945,8203.886591438863,8324.53125,661984
2017-01-25,8445.1767578125,8445.1767578125,8324.53116074712,8384.85395927981,746875
2017-02-03,8384.8544921875,8505.50009692063,8324.531689820935,8505.50009692063,1535201
2017-02-06,8565.822265625,8565.822265625,8384.853871912559,8384.853871912559,2205917
2017-02-07,8988.0810546875,9229.372250157285,8565.82240241314,8626.145201280586,8720053
2017-02-08,9169.0498046875,9350.017268467009,8927.75859991776,9108.727003495063,4372057
2017-02-09,8988.0810546875,9229.372250157285,8988.0810546875,9229.372250157285,1931030
2017-02-10,9169.0498046875,9229.372605879937,8988.081401110196,8988.081401110196,3108110
2017-02-13,9530.9853515625,9711.953749054695,9169.049496375876,9229.37229553994,6160446
2017-02-14,9530.9853515625,9711.953749054695,9410.33975323437,9591.308150726563,2610176
2017-02-15,9530.9853515625,9711.953749054695,9410.33975323437,9530.9853515625,2738376
2017-02-16,9289.6953125,9711.953976750505,9289.6953125,9591.308375593848,4457140
2017-02-17,9410.33984375,9530.98544323859,9350.017044005706,9410.33984375,3808891
2017-02-20,9832.599609375,9953.244271119973,9410.340003975329,9410.340003975329,5307007
2017-02-21,9711.9541015625,9953.244367178931,9711.9541015625,9892.921565825376,3072789
2017-02-22,9530.9853515625,9772.27654821876,9410.33975323437,9711.953749054695,3625642
2017-02-23,9410.33984375,9591.308242982885,9229.372384314893,9470.662643494295,4412159
2017-02-24,9289.6953125,9470.662774437194,9169.049711343345,9410.339973858869,2986215
2017-02-27,9350.017578125,9470.663184505464,9289.695714732596,9289.695714732596,1496391
2017-02-28,9169.0498046875,9651.63127442918,9169.0498046875,9651.63127442918,1732861
2017-03-01,9048.404296875,9229.372702343751,8988.081495052082,9229.372702343751,2998956
2017-03-02,9350.017578125,9410.34038131523,9048.40450197167,9289.695714732596,3105664
2017-03-03,9169.0498046875,9350.017268467009,9169.0498046875,9350.017268467009,1706186
2017-03-06,9470.6630859375,9530.98588849991,9229.372815485682,9229.372815485682,3180185
2017-03-07,9651.630859375,9711.95365797334,9410.339664981637,9470.662463579976,5577467
2017-03-08,9591.30859375,9953.244465654476,9530.98579179962,9651.63139570038,7530532
2017-03-09,9591.30859375,9711.954197650764,9530.98579179962,9591.30859375,2869267
2017-03-10,9651.630859375,9892.92111397061,9530.985262178316,9591.30806077666,4737128
2017-03-13,9470.6630859375,9711.954296187138,9470.6630859375,9651.631493624727,3260834
2017-03-14,9530.9853515625,9530.9853515625,9350.016954070305,9470.662552398437,2179737
2017-03-15,9410.33984375,9530.98544323859,9350.017044005706,9530.98544323859,2404783
2017-03-16,9591.30859375,9651.63139570038,9410.340187898855,9410.340187898855,2282724
2017-03-17,9892.921875,10013.567481477548,9651.63160184274,9651.63160184274,12445238
2017-03-20,9953.244140625,10254.858140527507,9953.244140625,10013.566940605502,5123233
2017-03-21,10073.8896484375,10073.8896484375,9832.599390520416,10013.566849008786,3074413
2017-03-22,9772.2763671875,10315.180609809027,9772.2763671875,10073.889417622684,6336988
2017-03-23,9892.921875,9892.921875,9711.954405081511,9772.277208320284,2652729
2017-03-24,9772.2763671875,10013.566619576097,9711.953569140916,9892.921023482924,3547841
2017-03-27,9711.9541015625,9953.244367178931,9711.9541015625,9772.27690291606,3045966
2017-03-28,9711.9541015625,9953.244367178931,9651.63130020894,9711.9541015625,3676268
2017-03-29,9651.630859375,9772.276456571684,9591.30806077666,9772.276456571684,2652819
2017-03-30,9591.30859375,9772.276999601145,9591.30859375,9651.63139570038,2646736
2017-03-31,9530.9853515625,9651.63094989063,9470.662552398437,9591.308150726563,2422329
2017-04-03,9470.6630859375,9591.30869106232,9410.340283375092,9530.98588849991,2736329
2017-04-04,9410.33984375,9591.308242982885,8565.822526925427,8565.822526925427,1670371
2017-04-05,9470.6630859375,9530.98588849991,9410.340283375092,9410.340283375092,2032105
2017-04-07,9410.33984375,9530.98544323859,9350.017044005706,9530.98544323859,1839994
2017-04-10,9289.6953125,9470.662774437194,9229.372511921672,9410.339973858869,2553512
2017-04-11,9470.6630859375,9651.631493624727,9350.017480812685,9350.017480812685,2972102
2017-04-12,9350.017578125,9530.985987695694,9229.372911542365,9530.985987695694,2119400
2017-04-13,9229.3720703125,9470.662321282707,9229.3720703125,9470.662321282707,1162492
2017-04-14,9169.0498046875,9229.372605879937,9048.40420230263,9229.372605879937,3183659
2017-04-17,8988.0810546875,9289.695049024727,8988.0810546875,9229.372250157285,2831164
2017-04-18,9048.404296875,9169.049900520837,8867.435891406245,8927.758693229163,3306207
2017-04-19,9108.7265625,9229.372159043864,9048.403764228067,9108.7265625,2134659
2017-04-20,8807.11328125,9169.050100064234,8807.11328125,9108.72729692853,2794716
2017-04-21,8927.7587890625,9048.404394003384,8807.113184121616,8867.435986592058,2271724
2017-04-24,8807.11328125,8988.081690657118,8807.11328125,8988.081690657118,1547414
2017-04-25,8746.791015625,8807.112876188523,8626.145414902385,8807.112876188523,1969871
2017-04-26,8927.7587890625,8927.7587890625,8746.79132144899,8746.79132144899,1794715
2017-04-27,9289.6953125,9289.6953125,8867.43570845171,8927.758509030036,3400692
2017-04-28,9470.6630859375,9591.30869106232,9169.050012923271,9169.050012923271,4275253
2017-05-03,9410.33984375,9470.662643494295,9289.695184059186,9470.662643494295,1491726
2017-05-04,9350.017578125,9530.985987695694,9350.017578125,9410.34038131523,2553365
2017-05-05,9229.3720703125,9350.016725898731,9229.3720703125,9350.016725898731,1877320
2017-05-08,9470.6630859375,9470.6630859375,9229.372815485682,9289.695618048092,2543034
2017-05-09,9591.30859375,9772.276999601145,9470.662989849236,9470.662989849236,3899940
2017-05-10,9530.9853515625,9772.27654821876,9470.662552398437,9651.63094989063,3536368
2017-05-11,9410.33984375,9591.308242982885,9410.33984375,9591.308242982885,2895796
2017-05-12,9530.9853515625,9530.9853515625,9410.33975323437,9530.9853515625,2376649
2017-05-15,10435.8251953125,10435.8251953125,9591.307907984616,9651.630705622,11940883
2017-05-16,10375.5029296875,11461.311463240638,10375.5029296875,10677.11693333992,7559595
2017-05-17,11280.34375,11400.989348778108,10375.502698961956,10375.502698961956,9890219
2017-05-18,11039.052734375,12366.152463210175,11039.052734375,12366.152463210175,7206849
2017-05-19,11039.052734375,11340.66673629108,10737.439672256707,11039.052734375,6352365
2017-05-22,10918.4072265625,11581.957096629225,10918.4072265625,11039.052828356049,6969602
2017-05-23,10737.439453125,11039.052509087916,10616.793854820726,10918.406910783644,6699215
2017-05-24,10797.7626953125,10918.407358769093,9711.954145618529,9711.954145618529,4020600
2017-05-25,11039.052734375,11280.343935907864,10797.762472639924,10858.085273023138,4221545
2017-05-26,11039.052734375,11099.375534758216,10978.729933991784,11039.052734375,2328409
2017-05-29,11400.9892578125,11762.925111461262,11159.698062181484,11159.698062181484,6378939
2017-05-30,11099.3759765625,11642.28026182365,11039.05317377817,11461.31185347066,4207965
2017-05-31,10858.0849609375,11159.69801438676,10737.439363638692,10978.72961843855,4303781
2017-06-01,10918.4072265625,11099.37562925282,10556.471360979644,10556.471360979644,2107118
2017-06-02,10737.439453125,11039.052509087916,10737.439453125,10918.406910783644,3784658
2017-06-05,10858.0849609375,11039.052417087953,10616.793766339886,10737.439363638692,3213214
2017-06-06,10978.7294921875,11039.052290143216,10858.084836073816,10858.084836073816,1572876
2017-06-07,11099.3759765625,11340.66718769982,10978.73037099384,10978.73037099384,2780206
2017-06-08,10978.7294921875,11159.697886054646,10978.7294921875,11159.697886054646,4228195
2017-06-09,11220.021484375,11280.344286633755,9892.92171427794,9892.92171427794,4048870
2017-06-12,11220.021484375,11280.344286633755,10254.85852783049,10254.85852783049,3009779
2017-06-13,11220.021484375,11220.021484375,10134.212923312973,10134.212923312973,1579007
2017-06-14,11400.9892578125,11762.925111461262,10134.212360345193,10134.212360345193,6575983
2017-06-15,11461.3115234375,11581.95712553212,11340.666861140671,11400.989662187983,2354232
2017-06-16,11762.92578125,12486.798469563071,11461.31176953713,12486.798469563071,4836580
2017-06-19,11702.6025390625,12245.506799942674,11702.6025390625,12245.506799942674,4499531
2017-06-20,11762.92578125,11762.92578125,11581.957374222278,11762.92578125,3693907
2017-06-21,11883.5712890625,11883.5712890625,11521.634477957496,11702.60288351,5309690
2017-06-22,12305.830078125,12426.475682962988,11883.571400989858,11883.571400989858,6022712
2017-06-23,12426.4755859375,12547.12025003568,12245.507180093511,12366.152783989504,4157740
2017-06-26,12547.1201171875,12788.411322424705,12366.152653057394,12366.152653057394,3860645
2017-06-27,12185.18359375,12607.44224040615,12185.18359375,12607.44224040615,6170033
2017-06-28,12848.734375,12848.734375,12124.861684930347,12185.184487419305,4529308
2017-06-29,12909.056640625,13150.346900748187,12848.733840644758,12909.056640625,3714072
2017-06-30,12909.056640625,13210.66970072843,12848.733840644758,12909.056640625,3298782
2017-07-03,12728.087890625,12909.05628558857,12607.44229398262,12909.05628558857,3751812
2017-07-04,12969.3798828125,13150.34734912576,12728.088674664408,12728.088674664408,4055854
2017-07-05,12969.3798828125,13150.34734912576,12848.734278738451,13090.024547088737,2501338
2017-07-06,13090.0244140625,13090.0244140625,12848.734148164309,13029.701612638502,2147171
2017-07-07,12788.4111328125,13512.283797993545,12788.4111328125,13210.669795919031,5158708
2017-07-10,12426.4755859375,12969.379863671653,12185.184378145515,12788.411457827664,6190831
2017-07-11,12124.861328125,12124.861328125,11642.279862212376,12004.215726697395,2360910
2017-07-12,12124.861328125,12305.829730266403,12004.215726697395,12185.184128838802,1017809
2017-07-13,12185.18359375,12366.151987944528,12064.537997620317,12124.860795685156,2083991
2017-07-14,12366.15234375,12486.797943350964,12124.861144548073,12245.506744149036,2613233
2017-07-17,11762.92578125,12486.798469563071,11762.92578125,12366.152864877924,3835152
2017-07-18,11943.8935546875,11943.8935546875,11521.633960689176,11762.925157259646,2728743
2017-07-19,11762.92578125,12064.538853165055,11762.92578125,12064.538853165055,1469993
2017-07-20,11762.92578125,11762.92578125,11521.634571879704,11762.92578125,1326324
2017-07-21,11400.9892578125,11823.247910369017,11340.666458904743,11823.247910369017,1816836
2017-07-24,11220.021484375,11400.989891151276,11039.053077598724,11400.989891151276,2237850
2017-07-25,11521.6337890625,11521.6337890625,11220.020737640016,11340.66633412811,1098512
2017-07-26,11943.8935546875,11943.8935546875,11521.633960689176,11521.633960689176,2100561
2017-07-27,11883.5712890625,11943.894090913334,11762.925685360831,11943.894090913334,1999645
2017-07-28,12064.5380859375,12366.152078469648,11823.24783170954,11883.570630215969,2575371
2017-07-31,12064.5380859375,12305.829279963218,11943.893428722396,12245.506481456789,1864898
2017-08-01,12305.830078125,12426.475682962988,12124.861670868018,12305.830078125,2374125
2017-08-02,12185.18359375,12366.151987944528,12004.215199555472,12245.506391814844,2365165
2017-08-03,12124.861328125,12305.829730266403,12064.538527411198,12124.861328125,1227441
2017-08-04,12426.4755859375,12547.12025003568,12124.861576197522,12124.861576197522,3512059
2017-08-07,12848.734375,13029.70184266905,12486.798499864082,12486.798499864082,4376541
2017-08-08,12667.765625,12909.05682843137,12547.120023284311,12909.05682843137,2042864
2017-08-09,12245.5068359375,12667.765497908218,12064.538435179573,12547.119897402932,4212637
2017-08-10,12124.861328125,12245.506929552605,12004.215726697395,12064.538527411198,3090061
2017-08-11,12185.18359375,12305.829189879683,12004.215199555472,12245.506391814844,1249863
2017-08-14,12366.15234375,12366.15234375,12124.861144548073,12245.506744149036,1227601
2017-08-15,12245.5068359375,12366.152436442786,12185.184035684855,12366.152436442786,1054315
2017-08-16,12245.5068359375,12305.829636190145,12064.538435179573,12245.5068359375,1675987
2017-08-17,12064.5380859375,12245.506481456789,12064.5380859375,12185.18368295036,1590138
2017-08-18,12004.2158203125,12124.86142268096,11762.925555373376,12004.2158203125,3465275
2017-08-21,12004.2158203125,12426.475428602113,12004.2158203125,12064.538621496731,2720320
2017-08-22,11943.8935546875,12124.86101231759,11883.570755544884,12004.215414032353,755315
2017-08-23,12064.5380859375,12064.5380859375,11823.24783170954,11943.893428722396,1222909
2017-08-24,12004.2158203125,12124.86142268096,12004.2158203125,12124.86142268096,1223863
2017-08-25,12667.765625,12667.765625,12004.21575536152,12004.21575536152,5458467
2017-08-28,13090.0244140625,13934.542694200669,12607.44294246832,13934.542694200669,4741018
2017-08-29,12788.4111328125,13150.34699550413,11823.248205769629,11823.248205769629,3004398
2017-08-30,12909.056640625,13210.66970072843,12788.411040664518,13210.66970072843,2779834
2017-08-31,13090.0244140625,14175.832960098858,12848.734148164309,14175.832960098858,5843583
2017-09-01,13150.3466796875,14356.800779415971,12909.056423620465,14356.800779415971,2217665
2017-09-05,12969.3798828125,13572.606023587108,12969.3798828125,13572.606023587108,3599374
2017-09-06,12667.765625,14236.15562791054,12667.765625,14236.15562791054,6068548
2017-09-07,12486.7978515625,12788.410908550026,12486.7978515625,12667.765309835908,2630806
2017-09-08,12486.7978515625,12607.44251047885,12486.7978515625,12607.44251047885,1675030
2017-09-11,12426.4755859375,12607.443051983675,12366.152783989504,12486.798387885496,1635151
2017-09-12,12667.765625,12667.765625,12366.152560508575,12486.798162224262,2025236
2017-09-13,12607.4423828125,12848.733577797357,12547.119584066286,12788.410779051144,2043080
2017-09-14,12486.7978515625,12667.765309835908,12486.7978515625,12607.44251047885,2740884
2017-09-15,12486.7978515625,12667.765309835908,12426.475052205442,12486.7978515625,1965378
2017-09-18,12607.4423828125,12788.410779051144,12426.474926371617,12607.4423828125,3175401
2017-09-19,12547.1201171875,12848.734123734006,12547.1201171875,12607.4429184968,2389842
2017-09-20,12607.4423828125,12667.765181558714,12486.79772511783,12667.765181558714,1366908
2017-09-21,12486.7978515625,12728.088109192968,12486.7978515625,12667.765309835908,1642940
2017-09-22,12366.15234375,12547.119803353671,12366.15234375,12547.119803353671,1661515
2017-09-25,12185.18359375,12426.47478600937,12185.18359375,12366.151987944528,1876714
2017-09-26,12305.830078125,12366.152880543994,12245.507275706006,12245.507275706006,1920436
2017-09-27,12667.765625,12788.411226715683,12305.829759650736,12305.829759650736,3260540
2017-09-28,12486.7978515625,12667.765309835908,12366.152252848382,12667.765309835908,1691026
2017-09-29,12486.7978515625,12547.11971112179,12426.475052205442,12486.7978515625,1303063
2017-10-02,12366.15234375,12486.797943350964,12305.829543949518,12486.797943350964,1128658
2017-10-03,12064.5380859375,12426.474876976075,12004.21528743107,12366.152078469648,3187923
2017-10-04,12305.830078125,12305.830078125,12124.861670868018,12124.861670868018,1436907
2017-10-05,12245.5068359375,12426.475236695427,12245.5068359375,12366.152436442786,1384466
2017-10-06,12547.1201171875,12547.1201171875,12245.507050438791,12245.507050438791,2423144
2017-10-09,12728.087890625,12909.05628558857,12547.11949566143,12547.11949566143,3634310
2017-10-10,12909.056640625,12909.056640625,12728.088240684276,12728.088240684276,2237103
2017-10-11,12848.734375,13090.024645158008,12788.411572511044,12909.057177488956,3260574
2017-10-12,12909.056640625,12909.056640625,12788.411040664518,12848.733840644758,1861727
2017-10-13,13572.60546875,13632.928268321077,12909.056553063709,12909.056553063709,7140512
2017-10-16,13693.2509765625,13813.896574899984,13451.960719685298,13572.605378225016,3219225
2017-10-17,13632.9287109375,13753.574313996618,13572.60590940794,13632.9287109375,2375044
2017-10-18,13451.9609375,13753.573998429674,13451.9609375,13632.928398138693,3898726
2017-10-19,13512.2841796875,13632.92884412748,13391.638575449706,13451.961377568605,1976648
2017-10-20,13512.2841796875,13813.89725048417,13451.961377568605,13572.606042008583,2335392
2017-10-23,12728.087890625,13874.219179132102,12728.087890625,13813.896380810913,7535737
2017-10-24,12848.734375,12848.734375,12667.765967533132,12788.411572511044,3991472
2017-10-25,12848.734375,12969.379979977912,12848.734375,12848.734375,1424238
2017-10-26,12969.3798828125,13210.670151162782,12909.057080775476,12969.3798828125,4475041
2017-10-27,12969.3798828125,13090.024547088737,12848.734278738451,12969.3798828125,2975506
2017-10-30,12969.3798828125,13270.992953199804,12969.3798828125,13090.024547088737,4250904
2017-10-31,12909.056640625,13029.701300787705,12909.056640625,12969.379440605242,2007750
2017-11-01,13029.701171875,13150.346770641843,12909.056512905923,12969.379312289348,2415898
2017-11-02,12969.3798828125,13090.024547088737,12848.734278738451,13029.701745051712,5199954
2017-11-03,12909.056640625,12969.379440605242,12426.475180580846,12788.411040664518,4661137
2017-11-06,13029.701171875,13090.023971258424,12909.056512905923,13029.701171875,1874389
2017-11-07,13029.701171875,13090.023971258424,12969.379312289348,13029.701171875,1476437
2017-11-08,13210.669921875,13391.638324845137,12909.05685672257,12909.05685672257,3269004
2017-11-09,13874.2197265625,14175.83279027134,13270.992659347026,13270.992659347026,7424991
2017-11-10,13753.57421875,14779.05995805518,13693.25141763819,14779.05995805518,3516454
2017-11-13,14899.705078125,15080.6734756043,13753.57377368496,13813.896572844726,13514912
2017-11-14,14960.0283203125,15321.96418619174,14718.737116527813,14899.705519366327,6819914
2017-11-15,14960.0283203125,15140.996723151016,14718.737116527813,15020.351121258673,4280297
2017-11-16,15442.609375,15985.5126893975,14899.705120804732,14960.027920137292,8180915
2017-11-17,15201.318359375,15985.512880476415,15140.996499119166,15683.899820006129,7538047
2017-11-20,15080.673828125,15382.286891176473,14960.028226985296,15201.318489466918,4546919
2017-11-21,15201.318359375,15623.577959750295,15140.996499119166,15140.996499119166,6189917
2017-11-22,15563.2548828125,15563.2548828125,15201.318088929998,15201.318088929998,4774791
2017-11-23,15985.5126953125,16226.80389273202,15382.286581359233,15382.286581359233,8170193
2017-11-24,16106.158203125,16226.80380115388,15804.54514785056,16045.836343908322,3226884
2017-11-27,16226.8037109375,16407.773046772447,15985.512516221246,16045.836254698068,3951224
2017-11-28,15925.19140625,16287.128215345092,15744.223001702454,16287.128215345092,8981714
2017-11-29,17191.966796875,17191.966796875,15985.51268978974,15985.51268978974,6594566
2017-11-30,17191.966796875,17493.581733342966,16950.677479134378,17372.93613467489,3393144
2017-12-01,17372.935546875,17372.935546875,16709.385716449025,17252.28995228887,5031035
2017-12-04,17312.61328125,17734.87195839311,17191.967676409735,17312.61328125,3437961
2017-12-05,16709.38671875,17493.582190801524,16709.38671875,17312.612848269273,4860922
2017-12-06,16890.353515625,17010.99911269038,16347.449268628548,16709.386059824687,3786537
2017-12-07,16588.740234375,17312.611927205915,16287.127185661742,17010.998878492657,4308120
2017-12-08,14960.0283203125,15321.96418619174,14960.0283203125,14960.0283203125,5055651
2017-12-11,13693.2509765625,14115.509630945928,13512.28351885404,13512.28351885404,10355921
2017-12-12,13451.9609375,14055.18799915713,12366.15241447672,12366.15241447672,6795403
2017-12-13,14115.509765625,14115.509765625,12124.86113325438,12124.86113325438,4083470
2017-12-14,13994.865234375,14175.832695470976,13813.896833481242,14115.509895173056,1675582
2017-12-15,14055.1884765625,14296.478745542468,14055.1884765625,14055.1884765625,5193041
2017-12-18,13813.896484375,14236.15513599129,13753.573685601565,14175.832337217857,4477141
2017-12-19,13874.2197265625,14055.188128666476,13874.2197265625,13874.2197265625,2540232
2017-12-20,14115.509765625,14175.832565369295,13813.896706701302,13874.219506445595,2133875
2017-12-21,13753.57421875,14236.155687846684,13753.57421875,14175.832886734874,2487595
2017-12-22,13270.9921875,13813.896434711312,13270.9921875,13813.896434711312,2973112
2017-12-25,12969.3798828125,13270.992953199804,12788.41147670143,13270.992953199804,2572174
2017-12-26,13029.701171875,13331.315168792113,12667.765315372237,12667.765315372237,4537755
2017-12-27,12909.056640625,12969.379440605242,12667.765440704034,12969.379440605242,1540047
2017-12-28,12909.056640625,13029.701300787705,12728.088240684276,12909.056640625,1744558
2017-12-29,13150.3466796875,13391.637875552298,12969.379222586662,12969.379222586662,2475827
2018-01-02,13331.3154296875,13391.638230251448,13150.34702799566,13270.992629123552,3362317
2018-01-03,14055.1884765625,14115.510338959131,13451.961394415865,13451.961394415865,7368402
2018-01-04,13934.5419921875,14296.477842699594,13934.5419921875,14175.832245929643,3103785
2018-01-05,13632.9287109375,13994.865520114856,13572.60590940794,13874.219917055736,3197430
2018-01-08,14175.8330078125,14175.8330078125,13451.96126788369,13572.605931339956,4314376
2018-01-09,14175.8330078125,14417.12421432064,13994.8655427292,14236.155809439537,4081885
2018-01-10,14356.80078125,14658.413836321766,14115.509585354375,14175.832384328283,4369103
2018-01-11,14236.1552734375,14477.446470860845,14175.832474081664,14356.800872149171,3037508
2018-01-12,13753.57421875,14296.478488958492,13753.57421875,14296.478488958492,4052176
2018-01-15,13813.896484375,14055.187679468743,12667.765187275245,13874.219283148435,2595555
2018-01-16,13813.896484375,13934.54208192187,13632.928088054694,13813.896484375,2116862
2018-01-17,13874.2197265625,14477.446793777972,13813.896925861174,13874.2197265625,4400389
2018-01-18,14055.1884765625,14175.833141153576,13813.89726778472,13994.865674368057,2795218
2018-01-19,14356.80078125,14779.05943426958,14055.187726178234,14055.187726178234,10893125
2018-01-22,14718.7373046875,14960.02851155678,14417.124235898706,14417.124235898706,5345439
2018-01-25,14718.7373046875,15201.318778628254,14598.092641050664,14960.02851155678,5207194
2018-01-26,14598.0927734375,14960.028647225929,14598.0927734375,14718.737438168431,3261764
2018-01-29,14718.7373046875,15020.3513132741,14598.092641050664,14718.7373046875,3301860
2018-01-30,16045.8369140625,16045.8369140625,14960.028372816232,15020.351173974112,14261040
2018-01-31,15321.9638671875,16588.740781087155,15321.9638671875,16166.482123053194,6493579
2018-02-01,14779.0595703125,15563.255024394122,14779.0595703125,15382.28662580657,3591567
2018-02-02,15080.673828125,15080.673828125,14658.414224136037,14779.05982527574,3349924
2018-02-05,13994.865234375,15080.673760141988,13813.896833481242,15080.673760141988,7172150
2018-02-06,13572.60546875,13813.896667034303,12667.765354779403,13813.896667034303,6437945
2018-02-07,13874.2197265625,14477.446793777972,13753.574125159848,13874.2197265625,1797402
2018-02-08,13090.0244140625,13934.542694200669,12848.734148164309,13270.992818334493,1460187
2018-02-09,13029.701171875,13090.023971258424,11943.893602366705,12667.765315372237,4058900
2018-02-12,13632.9287109375,13632.9287109375,13090.02443696927,13331.315643087508,1731654
2018-02-13,13934.5419921875,14055.18758895745,13753.573597032577,13753.573597032577,1866651
2018-02-21,14477.4462890625,14658.413745059768,13934.542041475184,14115.509497472452,4384101
2018-02-22,14356.80078125,14477.446379197812,14175.832384328283,14417.123580223906,3506278
2018-02-23,14296.478515625,14477.44691929798,14175.832913176346,14356.801316849327,3075532
2018-02-26,14115.509765625,14537.76936383506,14055.18790567848,14356.800964602178,3274684
2018-02-27,14175.8330078125,14356.801412693603,13813.897137848096,14115.510206185463,2910758
2018-02-28,14175.8330078125,14296.47861106657,13934.542741102165,14175.8330078125,2771372
2018-03-01,15080.673828125,15080.673828125,14055.188098033088,14115.509958805153,7659123
2018-03-02,15804.5458984375,15804.5458984375,14839.382947964612,15020.351353602457,8278519
2018-03-05,15201.318359375,15804.545420113356,15201.318359375,15804.545420113356,6878010
2018-03-06,15321.9638671875,15382.286666877746,14779.059609773043,15080.673608224282,6612364
2018-03-07,14658.4140625,15502.932321367773,14296.478202869685,15502.932321367773,3663246
2018-03-08,14658.4140625,14779.059662309364,14417.123802679049,14658.4140625,1925860
2018-03-09,14477.4462890625,14839.382140854792,14356.800691865816,14658.413745059768,1800094
2018-03-12,14236.1552734375,14658.413929130582,14236.1552734375,14537.76927021668,2166174
2018-03-13,14779.0595703125,14779.0595703125,14236.155314347616,14236.155314347616,1576388
2018-03-14,14718.7373046875,14839.38290812214,14477.447037616026,14779.06010640482,1483704
2018-03-15,14960.0283203125,15080.673922204844,14477.446852540916,14477.446852540916,2097106
2018-03-16,15080.673828125,15261.641290036769,14839.38262584559,14960.028226985296,3251294
2018-03-19,15080.673828125,15321.964090606622,14899.705426415445,15080.673828125,3535044
2018-03-20,14779.0595703125,15080.67356795842,14779.0595703125,14960.027968900053,1660642
2018-03-21,14779.0595703125,14960.027968900053,14356.800913405985,14899.705169370867,3096582
2018-03-22,14417.1240234375,14839.382689438224,14356.80122260914,14839.382689438224,1738872
2018-03-23,13934.5419921875,14236.15504431462,13029.700956210638,14236.15504431462,3525249
2018-03-26,14356.80078125,14356.80078125,13753.573731308705,13874.219329256515,1665813
2018-03-27,14477.4462890625,14598.091886259184,14236.155094669137,14417.12349046416,2592276
2018-03-28,13994.865234375,14356.801096364736,13994.865234375,14296.478296066816,1650417
2018-03-29,13874.2197265625,14115.509989570017,13874.2197265625,14115.509989570017,721333
2018-03-30,14115.509765625,14115.509765625,13813.896706701302,13994.865105934186,1075256
2018-04-02,14055.1884765625,14296.478745542468,13994.865674368057,14175.833141153576,1024304
2018-04-03,14477.4462890625,14477.4462890625,13934.542041475184,14055.187638671869,1537809
2018-04-04,14779.0595703125,15020.350768429236,14477.44651246435,14537.769311993536,3964350
2018-04-05,14658.4140625,14899.705262118729,14598.092202393094,14839.382462214047,815438
2018-04-06,14779.0595703125,14899.705169370867,14598.09211152272,14779.0595703125,3581082
2018-04-09,14175.8330078125,14779.060084285044,13934.542741102165,14779.060084285044,4686045
2018-04-10,13813.896484375,14175.832337217857,13693.25088682813,14175.832337217857,2742259
2018-04-11,12969.3798828125,14175.833104159528,12969.3798828125,13813.897231735202,4167739
2018-04-12,13150.3466796875,13391.637875552298,12848.733624654264,12969.379222586662,2108851
2018-04-13,12848.734375,13331.315855113831,12848.734375,13150.347447646964,999415
2018-04-16,12547.1201171875,12969.379726352608,12486.798255675996,12969.379726352608,1441309
2018-04-17,12728.087890625,12728.087890625,12426.474838816805,12667.76509230381,1703329
2018-04-18,12607.4423828125,13029.701034238238,12607.4423828125,12848.733577797357,1321410
2018-04-19,12366.15234375,12607.442603154152,12245.506744149036,12486.797943350964,1117383
2018-04-20,12547.1201171875,12667.765719806102,12305.829851748093,12426.475454366697,582372
2018-04-23,11823.248046875,12848.733760551098,11823.248046875,12667.765361738457,1782663
2018-04-24,12064.5380859375,12245.506481456789,11823.24783170954,11823.24783170954,2654414
2018-04-26,11159.6982421875,12245.506760445647,11159.6982421875,12064.538360803364,994170
2018-04-27,11039.052734375,11400.989536674297,10737.439672256707,11159.698335141433,3460364
2018-05-02,10616.7939453125,11220.021002177678,10375.502746647318,11159.698202511385,1756049
2018-05-03,10194.53515625,10556.471009792149,9591.308107147912,9591.308107147912,2335119
2018-05-04,10556.4716796875,10677.117285123431,9229.372839285728,9229.372839285728,2146895
2018-05-07,11099.3759765625,11099.3759765625,10556.471691301347,10556.471691301347,884536
2018-05-08,10978.7294921875,11159.697886054646,10858.084836073816,11099.37508809893,2590713
2018-05-09,10858.0849609375,11039.052417087953,10797.762162288096,10978.72961843855,857709
2018-05-10,10978.7294921875,11099.37508809893,10858.084836073816,10858.084836073816,2901108
2018-05-11,11039.052734375,11039.052734375,10858.085273023138,10918.407133608567,487670
2018-05-14,11039.052734375,11159.698335141433,10978.729933991784,11039.052734375,496135
2018-05-15,11461.3115234375,11642.279926579433,10978.730054856813,10978.730054856813,1795124
2018-05-16,11340.6669921875,11581.957259367173,11280.344190443133,11461.311655878431,489377
2018-05-17,11280.34375,11400.989348778108,11159.698151221892,11220.020950610946,497871
2018-05-18,10858.0849609375,11220.020813036164,10616.793766339886,11220.020813036164,1244731
2018-05-21,10616.7939453125,10858.085143977682,10556.471145646205,10858.085143977682,686080
2018-05-22,10134.212890625,10677.117169404872,10073.890088560813,10556.471565276495,1087445
2018-05-23,10616.7939453125,10616.7939453125,10134.21248777991,10134.21248777991,1305339
2018-05-24,10556.4716796875,10677.117285123431,10435.82607425157,10556.4716796875,1025838
2018-05-25,10435.8251953125,10616.793588224651,10375.502397675116,10616.793588224651,1080370
2018-05-28,10254.8583984375,10435.825863132564,10134.212795442256,10375.503061634943,2220145
2018-05-29,10737.439453125,10858.085051429272,10194.535200553535,10254.857999705671,1239543
2018-05-30,10616.7939453125,10737.43954464509,10496.14834597991,10737.43954464509,792061
2018-05-31,10737.439453125,10737.439453125,10496.148256516452,10556.47105566859,599223
2018-06-01,10858.0849609375,11099.375215737356,10737.439363638692,10737.439363638692,949942
2018-06-04,11039.052734375,11159.698335141433,10858.085273023138,10918.407133608567,963216
2018-06-05,11099.3759765625,11461.31185347066,10556.471691301347,10556.471691301347,1163224
2018-06-06,11340.6669921875,11461.311655878431,11039.052983465654,11099.375785210024,1506429
2018-06-07,11159.6982421875,11461.311301793528,11099.375442306738,11461.311301793528,1035243
2018-06-08,11220.021484375,11220.021484375,11099.375879857482,11099.375879857482,927080
2018-06-11,10797.7626953125,11220.021366905086,10797.7626953125,11220.021366905086,1671642
2018-06-12,10496.1484375,10797.762438461368,10435.825637307727,10797.762438461368,1306739
2018-06-13,10496.1484375,10616.794037884549,10496.1484375,10616.794037884549,329243
2018-06-14,10375.5029296875,10556.471331878953,10375.5029296875,10496.148531148468,749576
2018-06-15,10375.5029296875,10616.794132609435,10375.5029296875,10375.5029296875,2427523
2018-06-18,10375.5029296875,10556.471331878953,10254.858268024322,10375.5029296875,860674
2018-06-19,9953.244140625,10435.825600671236,9711.95388050077,10435.825600671236,1353165
2018-06-20,10435.8251953125,10435.8251953125,9953.243754011177,9953.243754011177,1632692
2018-06-21,9953.244140625,10435.825600671236,9953.244140625,10435.825600671236,807833
2018-06-22,10134.212890625,10134.212890625,9892.921682368253,9953.244484432438,855929
2018-06-25,10315.1806640625,10375.502522628603,10194.535067334782,10194.535067334782,652660
2018-06-26,10254.8583984375,10254.8583984375,10073.889993944636,10254.8583984375,527942
2018-06-27,10134.212890625,10315.18129681756,10073.890088560813,10134.212890625,660994
2018-06-28,10073.8896484375,10134.212447866214,9832.599390520416,10013.566849008786,753716
2018-06-29,9953.244140625,10073.889740586004,9651.63108052027,10073.889740586004,653752
2018-07-02,9651.630859375,9953.24391256895,9169.049410386026,9953.24391256895,851572
2018-07-03,9530.9853515625,9772.27654821876,9350.016954070305,9591.308150726563,2232374
2018-07-04,9591.30859375,9591.30859375,9289.695523795905,9530.98579179962,796820
2018-07-05,9591.30859375,9711.954197650764,9470.662989849236,9530.98579179962,1664273
2018-07-06,9711.9541015625,9711.9541015625,9289.695431885391,9470.662896148267,645711
2018-07-09,9410.33984375,9651.631042727178,9350.017044005706,9530.98544323859,280121
2018-07-10,9410.33984375,9591.308242982885,9350.017044005706,9470.662643494295,288726
2018-07-11,8988.0810546875,9350.016908094414,8505.499603545695,9229.372250157285,998219
2018-07-12,8988.0810546875,9108.726652422392,8746.790799015478,8927.758255820054,268333
2018-07-13,9108.7265625,9108.7265625,8867.435369412271,9048.403764228067,397778
2018-07-16,9108.7265625,9289.694957315796,9108.7265625,9108.7265625,802708
2018-07-17,9289.6953125,9289.6953125,9048.404110186691,9108.72691076502,467606
2018-07-18,10194.53515625,10194.53515625,9169.049454715778,9289.695052495748,5164576
2018-07-19,10496.1484375,10496.1484375,10013.566975759592,10254.858176528687,1944830
2018-07-20,10315.1806640625,10375.502522628603,10194.535067334782,10254.85786569864,469433
2018-07-23,9953.244140625,10315.18094050801,9953.244140625,10194.535340547009,1030228
2018-07-24,10013.5673828125,10013.5673828125,9711.954309388298,10013.5673828125,1017603
2018-07-25,9832.599609375,10073.889872662738,9470.66280474671,9470.66280474671,706394
2018-07-26,10797.7626953125,10797.7626953125,9530.985740736933,9832.599748872926,818375
2018-07-27,10073.8896484375,10496.148304640725,10073.8896484375,10375.502705783296,1068585
2018-07-30,10375.5029296875,10435.825730417984,10073.889865832867,10134.212666563351,666212
2018-07-31,10134.212890625,10254.858494753373,10013.567286496624,10254.858494753373,795436
2018-08-01,10134.212890625,10315.18129681756,10073.890088560813,10073.890088560813,951788
2018-08-02,10375.5029296875,10375.5029296875,10073.889865832867,10194.535467293836,1337896
2018-08-03,10496.1484375,10737.439638269096,10254.858176528687,10375.502837115451,1204943
2018-08-06,10254.8583984375,10556.471466127809,10254.8583984375,10496.148664630186,773259
2018-08-07,10194.53515625,10254.857955139983,10194.53515625,10254.857955139983,450532
2018-08-08,10254.8583984375,10435.825863132564,10134.212795442256,10194.53559693988,654351
2018-08-09,10496.1484375,10737.439638269096,10375.502837115451,10496.1484375,2210885
2018-08-10,10435.8251953125,10556.470790587267,10315.180539835475,10496.147992949884,1303935
2018-08-13,10737.439453125,10737.439453125,10375.50265821218,10435.825457364315,1492455
2018-08-14,10978.7294921875,11099.37508809893,10677.11644220667,10737.439240162385,2751589
2018-08-15,10616.7939453125,11039.052603178794,10496.14834597991,10978.7298035125,1278311
2018-08-16,10496.1484375,10616.794037884549,10435.825637307727,10556.471237692274,1534474
2018-08-17,10254.8583984375,10556.471466127809,10254.8583984375,10496.148664630186,707101
2018-08-20,10134.212890625,10435.825961148124,9953.244484432438,9953.244484432438,1564388
2018-08-21,10254.8583984375,10375.503061634943,10254.8583984375,10254.8583984375,655890
2018-08-22,10375.5029296875,10616.794132609435,10315.181068754806,10315.181068754806,2479927
2018-08-23,10616.7939453125,10737.43954464509,10375.502746647318,10435.825546313614,2312261
2018-08-24,11159.6982421875,11220.021042068262,10737.439582819949,10737.439582819949,3682744
2018-08-27,11159.6982421875,11400.989441710544,11099.375442306738,11220.021042068262,3036410
2018-08-28,11220.021484375,11461.31175361222,11159.69868211624,11159.69868211624,3841292
2018-08-29,11159.6982421875,11280.343841949025,11099.375442306738,11220.021042068262,3113994
2018-08-30,11159.6982421875,11280.343841949025,11039.052642425975,11159.6982421875,2733981
2018-08-31,10978.7294921875,11340.666279921792,10978.7294921875,11159.697886054646,3102539
2018-09-04,10556.4716796875,11039.0531616334,10556.4716796875,10858.085693277326,3362703
2018-09-05,10375.5029296875,10677.11693333992,10375.5029296875,10556.471331878953,1091695
2018-09-06,10556.4716796875,10556.4716796875,10194.53580317753,10435.82607425157,1655686
2018-09-07,10254.8583984375,10677.117069123053,10254.8583984375,10556.471466127809,864880
2018-09-10,10315.1806640625,10616.79371608404,10254.85786569864,10315.1806640625,1255799
2018-09-11,10375.5029296875,10496.148531148468,10375.5029296875,10496.148531148468,1034975
2018-09-12,10616.7939453125,10737.43954464509,10496.14834597991,10496.14834597991,1465895
2018-09-13,10677.1171875,10978.730258534284,10677.1171875,10677.1171875,2468868
2018-09-14,10556.4716796875,10918.407556197471,10556.4716796875,10677.117285123431,1551279
2018-09-17,10435.8251953125,10677.116385862031,10435.8251953125,10677.116385862031,1846223
2018-09-18,10858.0849609375,10858.0849609375,10496.148169041078,10496.148169041078,2756589
2018-09-19,10918.4072265625,11400.989633736694,10858.085365463518,10858.085365463518,4662833
2018-09-20,11039.052734375,11280.343935907864,11039.052734375,11099.375534758216,2350318
2018-09-21,10918.4072265625,11280.344031943145,10918.4072265625,11099.37562925282,3489417
2018-09-24,11039.052734375,11280.343935907864,10978.729933991784,10978.729933991784,2282165
2018-09-25,11581.95703125,11762.925432918772,10978.72996548522,11099.375566597731,8805304
2018-09-26,11581.95703125,11762.925432918772,11461.311430137486,11642.279831806258,3277369
2018-09-27,11642.2802734375,12124.861756395723,11581.957470592994,11642.2802734375,4239605
2018-09-28,11581.95703125,12064.538495902269,11581.95703125,11943.89383458754,4352910
2018-10-01,11220.021484375,11762.925764906013,11220.021484375,11642.280160388496,4403629
2018-10-02,11280.34375,11461.311208369394,11280.34375,11280.34375,2968130
2018-10-03,11461.3115234375,11581.95712553212,11340.666861140671,11340.666861140671,2354231
2018-10-04,11521.6337890625,11762.92498203869,11461.310990818452,11461.310990818452,4187766
2018-10-05,11581.95703125,11762.925432918772,11461.311430137486,11642.279831806258,3381307
2018-10-08,11883.5712890625,12245.507160369696,11461.311676106665,11642.280081659164,4886678
2018-10-09,11340.6669921875,12185.184337013055,11340.6669921875,12064.53873352432,5507377
2018-10-10,11581.95703125,11762.925432918772,11461.311430137486,11581.95703125,3883272
2018-10-11,10858.0849609375,11521.633866485425,10858.0849609375,11521.633866485425,6566190
2018-10-12,11039.052734375,11159.698335141433,10556.47127110706,10556.47127110706,1954498
2018-10-15,11099.3759765625,11280.34438491549,11099.3759765625,11159.698779346829,1810519
2018-10-16,11159.6982421875,11159.6982421875,11039.052642425975,11099.375442306738,1051870
2018-10-17,11220.021484375,11521.634555870978,11220.021484375,11220.021484375,1869451
2018-10-18,11340.6669921875,11400.989793931867,11159.698586954391,11280.344190443133,1008670
2018-10-19,11400.9892578125,11400.9892578125,11220.020861089237,11220.020861089237,996723
2018-10-22,11280.34375,11521.634007758448,11280.34375,11461.311208369394,1364396
2018-10-23,11159.6982421875,11340.666641829785,11039.052642425975,11280.343841949025,1739604
2018-10-24,11220.021484375,11400.989891151276,11220.021484375,11220.021484375,1806580
2018-10-25,11340.6669921875,11702.602862855909,10918.407379976914,11220.02138869876,2279557
2018-10-26,11220.021484375,11581.957358129735,11220.021484375,11400.989891151276,2399309
2018-10-29,10737.439453125,11220.020906544329,10737.439453125,11159.69810739219,1947864
2018-10-30,10978.7294921875,11159.697886054646,10616.793644250954,10797.7620381181,2856708
2018-10-31,11159.6982421875,11280.343841949025,10978.729842545215,11039.052642425975,1360512
2018-11-01,11159.6982421875,11400.989441710544,11039.052642425975,11280.343841949025,831489
2018-11-02,11099.3759765625,11340.66718769982,11099.3759765625,11340.66718769982,1351215
2018-11-05,11099.3759765625,12185.1845470848,11039.05317377817,12185.1845470848,1375121
2018-11-06,11461.3115234375,11823.248329721362,11159.698457998742,11159.698457998742,2635228
2018-11-07,11521.6337890625,11762.92498203869,11461.310990818452,11461.310990818452,1842934
2018-11-08,11642.2802734375,11823.248681971018,11642.2802734375,11702.603076282006,1406247
2018-11-09,11340.6669921875,11762.925664600278,11340.6669921875,11702.602862855909,1342651
2018-11-12,11340.6669921875,11642.28006111154,10556.471509308503,11159.698586954391,1273717
2018-11-13,11099.3759765625,11461.31185347066,10918.407568209508,11461.31185347066,3189684
2018-11-14,11099.3759765625,11220.02158213116,10858.085705223,10858.085705223,2454787
2018-11-15,10375.5029296875,11340.66680157746,10073.889865832867,11220.021200116493,11969657
2018-11-16,10978.7294921875,11400.989077877506,10737.439240162385,10918.406694231784,2565758
2018-11-19,10918.4072265625,12064.538564005625,10858.085365463518,12064.538564005625,2109805
2018-11-20,11039.052734375,11039.052734375,10737.439672256707,10858.085273023138,1820314
2018-11-21,11159.6982421875,11400.989441710544,10858.085182581472,10978.729842545215,6209407
2018-11-22,11159.6982421875,11400.989441710544,11039.052642425975,11400.989441710544,2670852
2018-11-23,12245.5068359375,12245.5068359375,11340.666711743424,12064.538435179573,11930031
2018-11-26,11159.6982421875,12969.379419217004,11159.6982421875,12366.15236020717,6037497
2018-11-27,11159.6982421875,11702.602501316574,11159.6982421875,11340.666641829785,3675663
2018-11-28,11220.021484375,11400.989891151276,11099.375879857482,11159.69868211624,4300867
2018-11-29,11340.6669921875,11400.989793931867,11280.344190443133,11340.6669921875,2358948
2018-11-30,11159.6982421875,12426.47516008793,11159.6982421875,12426.47516008793,7198245
2018-12-03,11581.95703125,12245.506897571038,11461.311430137486,12245.506897571038,6648639
2018-12-04,12426.4755859375,12728.088655879668,11702.60290235936,12728.088655879668,8415981
2018-12-05,12969.3798828125,13632.928825624133,12245.507198166031,13632.928825624133,8941411
2018-12-06,12607.4423828125,14236.155129567,12547.119584066286,14236.155129567,4685560
2018-12-07,12305.830078125,13270.993037233273,12305.830078125,13270.993037233273,7114663
2018-12-10,12185.18359375,12305.829189879683,11762.92494709385,11762.92494709385,5028386
2018-12-11,12486.7978515625,13391.637962322846,12124.861055420148,13391.637962322846,5109462
2018-12-12,12848.734375,12969.379979977912,12486.798499864082,12969.379979977912,3897999
2018-12-13,12547.1201171875,13693.251462468626,12547.1201171875,13693.251462468626,5329743
2018-12-14,12909.056640625,13029.701300787705,12305.829580620364,12305.829580620364,7413482
2018-12-17,12909.056640625,13753.573960752825,12788.411040664518,13753.573960752825,3360477
2018-12-18,13090.0244140625,13150.347215486498,12667.765743892316,12667.765743892316,5033691
2018-12-19,13934.5419921875,14115.509447544671,13090.023754595612,13512.283343290434,9513091
2018-12-20,14537.76953125,14537.76953125,13874.219666219187,14356.80112993311,7374979
2018-12-21,15683.900390625,15744.223192873304,14356.801560555725,14417.124362804028,9229124
2018-12-24,16045.8369140625,16347.44998005411,14477.44690335098,15683.900107115214,69396503
2018-12-25,14477.4462890625,16045.836233226106,14477.4462890625,15563.254784237131,4169226
2018-12-26,13934.5419921875,14598.091834624463,13753.573597032577,14356.800641084568,6959488
2018-12-27,13693.2509765625,14477.446425958378,13572.605378225016,14477.446425958378,3045170
2018-12-28,13632.9287109375,14175.83298490573,13270.992841557949,13693.25151246706,4871575
2019-01-02,13874.2197265625,14960.028259590792,13451.961061451006,14960.028259590792,4024499
2019-01-03,13753.57421875,14477.446892293923,13451.961152988744,14175.832886734874,3024583
2019-01-04,13210.669921875,14175.832858120131,12848.734055732524,14175.832858120131,3015235
2019-01-07,13874.2197265625,13934.542527263826,11943.89386331122,11943.89386331122,2497949
2019-01-08,13874.2197265625,14236.155590972669,13693.25132445852,14175.83279027134,4289248
2019-01-09,13693.2509765625,13994.864972406209,13693.2509765625,13874.219374068723,3280314
2019-01-10,13934.5419921875,13934.5419921875,13512.283343290434,13693.250798647605,2349492
2019-01-11,13934.5419921875,14115.509447544671,13874.219193802526,13934.5419921875,4567714
2019-01-14,14115.509765625,14356.800964602178,13813.896706701302,13934.542306189893,4223646
2019-01-15,14055.1884765625,14236.155943348022,14055.1884765625,14236.155943348022,1326610
2019-01-16,13813.896484375,14175.832337217857,13753.573685601565,13994.864880695306,2512041
2019-01-17,13632.9287109375,13874.219917055736,13632.9287109375,13874.219917055736,1781211
2019-01-18,13270.9921875,13693.250837598189,13270.9921875,13693.250837598189,3893039
2019-01-21,13150.3466796875,13512.283473484698,13090.0238807213,13270.992277619898,2991457
2019-01-22,13512.2841796875,13693.251646246375,13150.347366974122,13150.347366974122,1892391
2019-01-23,13994.865234375,14055.18803467292,13512.283771789424,13512.283771789424,3345768
2019-01-24,14537.76953125,14537.76953125,13994.865267097111,13994.865267097111,5793361
2019-01-25,14899.705078125,15020.350676444534,14236.155227165327,14477.446423804397,4015211
2019-01-28,15140.9970703125,15442.610142161126,14779.060256336772,15080.674267983211,4856031
2019-01-29,15020.3505859375,15261.640841324876,14839.382189548647,14960.027787141216,3798362
2019-01-30,14537.76953125,15020.350994963925,14537.76953125,14960.02819452496,2328981
2019-01-31,14718.7373046875,14779.06010640482,14296.478632464066,14477.447037616026,1450145
2019-02-01,15261.6416015625,15563.255610568409,14779.060126950855,14779.060126950855,2296953
2019-02-11,15382.287109375,15683.90017670487,15321.964307949464,15502.93271222607,1326030
2019-02-12,15382.287109375,15442.609910800536,15261.641506523933,15382.287109375,2303009
2019-02-13,15261.6416015625,15563.255610568409,15201.31879976132,15563.255610568409,1924258
2019-02-14,15080.673828125,15140.996628694851,14658.414224136037,14718.737024705886,3267786
2019-02-15,15140.9970703125,15261.641735173262,14899.705860995347,15080.674267983211,3269735
2019-02-18,16226.8037109375,16226.8037109375,15140.996154107635,15261.640811668003,5517310
2019-02-19,16287.1279296875,16649.062852839063,16226.804189431858,16287.1279296875,4130225
2019-02-20,16287.1279296875,16347.44979034757,16106.158588516146,16287.1279296875,1870904
2019-02-21,16769.708984375,17071.32205641001,16166.48284030498,16226.80470287373,3796980
2019-02-22,16588.740234375,16830.0314251838,16226.8034481618,16649.06209227946,1904707
2019-02-25,16528.41796875,16709.387317769873,16407.774242197618,16588.741711621842,2102063
2019-02-26,16830.03125,16950.676844148602,16468.0944675542,16468.0944675542,1830672
2019-02-27,17131.64453125,17312.611985164698,16830.03148152701,17071.320793548108,4147440
2019-02-28,16588.740234375,17252.290069301456,16588.740234375,17252.290069301456,2773202
2019-03-01,17011.0,17011.0,16588.74132804352,16588.74132804352,1762135
2019-03-04,16830.03125,17131.64429557377,15563.254391035163,17010.998701425167,2280380
2019-03-05,17011.0,17071.32186188138,16709.38693140189,16830.032534760256,2350753
2019-03-06,17131.64453125,17131.64453125,16890.35333963341,16890.35333963341,2099151
2019-03-07,17191.966796875,17734.87105108359,17071.32119820692,17191.966796875,3742968
2019-03-08,17372.935546875,17433.257404370328,17071.320620611943,17191.96621519807,2685356
2019-03-11,17252.291015625,17433.258478860294,17131.645413602942,17433.258478860294,1579735
2019-03-12,17372.935546875,17372.935546875,17191.96621519807,17252.28995228887,2055542
2019-03-13,17131.64453125,17493.581318674886,17010.998935441705,17372.93572286659,2559106
2019-03-14,17372.935546875,17433.257404370328,17071.320620611943,17131.644357702742,2847493
2019-03-15,17553.904296875,17795.195503888095,17252.291227906437,17372.936831412986,2114371
2019-03-18,17493.58203125,17674.549492536138,17252.29082980477,17252.29082980477,2313767
2019-03-19,17312.61328125,17433.258886090265,17191.967676409735,17433.258886090265,2319239
2019-03-20,17312.61328125,17312.61328125,16769.708999266626,17252.291418627683,5620439
2019-03-21,16890.353515625,17312.612165556075,16890.353515625,17312.612165556075,3070403
2019-03-22,17071.322265625,17071.322265625,16830.032932797287,16890.3547961053,1502243
2019-03-25,16830.03125,16950.676844148602,16709.3856558514,16950.676844148602,2043502
2019-03-26,17011.0,17071.32186188138,16890.354396641633,17011.0,754472
2019-03-27,17191.966796875,17372.93613467489,16830.031880466297,17372.93613467489,1424823
2019-03-28,15502.9326171875,17191.967287556865,15502.9326171875,17191.967287556865,7833778
2019-03-29,16287.1279296875,16649.062852839063,14779.059797836677,15140.99660058381,6761624
2019-04-01,16830.03125,17915.839717741936,16407.772610277632,17915.839717741936,2256803
2019-04-02,16166.482421875,16649.062948721472,15985.51307966144,16649.062948721472,3147393
2019-04-03,15321.9638671875,16166.482123053194,14960.028008843788,16166.482123053194,4698349
2019-04-04,15261.6416015625,15683.900274372963,14899.70573055322,14899.70573055322,822220
2019-04-05,16588.740234375,16588.740234375,15080.673111213226,15382.286159926483,2544677
2019-04-08,16407.7734375,16588.740898048913,15744.222636228797,16588.740898048913,3984967
2019-04-09,15985.5126953125,16407.77323059443,15985.5126953125,16407.77323059443,6391124
2019-04-10,16226.8037109375,16287.12744941432,15683.899462623687,15925.19065733994,1974829
2019-04-11,16287.1279296875,16347.44979034757,15985.512987600436,16226.804189431858,582097
2019-04-12,16226.8037109375,16287.12744941432,16106.158113579371,16287.12744941432,446389
2019-04-16,15804.5458984375,16166.482709713187,15804.5458984375,16166.482709713187,504083
2019-04-17,15683.900390625,15985.513462068717,15623.578528174508,15864.86973716773,755705
2019-04-18,15985.5126953125,16106.158294022262,15442.609380714111,15804.545237045628,898771
2019-04-19,16045.8369140625,16166.482516378264,15925.191311746736,16045.8369140625,562401
2019-04-22,15804.5458984375,16347.450175553224,15804.5458984375,16045.837105954624,833707
2019-04-23,16166.482421875,16166.482421875,15804.545617043465,15804.545617043465,680266
2019-04-24,16045.8369140625,16226.804377738348,15925.191311746736,16045.8369140625,378311
2019-04-25,16045.8369140625,16287.128118694023,16045.8369140625,16226.804377738348,355039
2019-04-26,16649.0625,16950.67743569502,16106.158247182706,16106.158247182706,4416630
2019-05-02,16528.41796875,16769.709181046066,16468.09610547381,16769.709181046066,722198
2019-05-03,16468.095703125,16588.741306325417,16468.095703125,16528.417564927404,482019
2019-05-06,15985.5126953125,16347.449491441785,15985.5126953125,16287.12763188467,849398
2019-05-07,15985.5126953125,16226.80389273202,15925.190835755388,16166.482033174909,506562
2019-05-08,16166.482421875,16166.482421875,15744.222816238203,15985.51307966144,711601
2019-05-09,16166.482421875,16287.128023485511,15925.191218653976,16287.128023485511,281168
2019-05-10,15985.5126953125,16287.12763188467,15985.5126953125,16226.80389273202,386595
2019-05-13,15744.22265625,15985.512917221316,15563.255195470962,15804.545456442274,801959
2019-05-14,15925.19140625,15985.513267968046,15623.578338468558,15744.223001702454,639322
2019-05-15,15744.22265625,15985.512917221316,15744.22265625,15925.19105682682,365172
2019-05-16,15623.578125,15804.545587277144,15623.578125,15744.222786585498,774824
2019-05-17,15563.2548828125,15985.512596079894,15563.2548828125,15623.577681792916,516958
2019-05-20,15804.5458984375,15864.869640114588,15623.578432597462,15623.578432597462,871965
2019-05-21,15864.869140625,15985.5128609896,15683.899800886988,15864.869140625,475635
2019-05-22,15864.869140625,15864.869140625,15744.222600867066,15864.869140625,441428
2019-05-23,15985.5126953125,15985.5126953125,15683.899638335866,15864.868976198277,455586
2019-05-24,16226.8037109375,16347.449308295623,15925.19065733994,15925.19065733994,1036427
2019-05-27,16226.8037109375,16287.12744941432,16045.836254698068,16226.8037109375,327805
2019-05-28,16045.8369140625,16226.804377738348,15985.513173106823,16226.804377738348,656039
2019-05-29,15864.869140625,16045.836600767456,15744.222600867066,16045.836600767456,365302
2019-05-30,15925.19140625,15925.19140625,15683.900200186605,15864.869544531952,176938
2019-05-31,15864.869140625,15925.1910008073,15683.899800886988,15864.869140625,412962
2019-06-03,15744.22265625,15804.545456442274,15683.899856057727,15804.545456442274,618444
2019-06-04,15864.869140625,15864.869140625,15623.577940704688,15683.899800886988,732863
2019-06-05,16045.8369140625,16045.8369140625,15744.222908273096,15864.869450386654,503502
2019-06-06,15804.5458984375,16106.1589680361,15804.5458984375,15985.513364277536,457859
2019-06-07,15864.869140625,15925.1910008073,15804.545400847144,15925.1910008073,432652
2019-06-10,15925.19140625,15985.513267968046,15864.869544531952,15985.513267968046,377252
2019-06-11,15925.19140625,15985.513267968046,15382.287132405165,15382.287132405165,279024
2019-06-12,15925.19140625,15985.513267968046,15804.5458032183,15864.869544531952,155351
2019-06-13,15925.19140625,15925.19140625,15744.223001702454,15925.19140625,304680
2019-06-14,15985.5126953125,15985.5126953125,15804.545237045628,15864.868976198277,140405
2019-06-17,16950.677734375,17191.96705574892,15985.512930497063,15985.512930497063,3979358
2019-06-18,16769.708984375,17131.64579857439,16769.708984375,17011.00019384126,518707
2019-06-19,16830.03125,16950.676844148602,16769.707513127967,16830.03125,931089
2019-06-20,16830.03125,16890.35310727657,16649.06191897937,16830.03125,1800667
2019-06-21,16950.677734375,17372.936396273813,16709.386533405515,16830.032133890258,1574985
2019-06-24,16890.353515625,17131.64470975576,16890.353515625,17131.64470975576,419274
2019-06-25,16166.482421875,16890.354151942498,15201.318548788688,16890.354151942498,2072443
2019-06-26,15985.5126953125,16287.12763188467,15925.190835755388,15985.5126953125,1058767
2019-06-27,15925.19140625,16106.158870999743,15744.223001702454,15985.513267968046,969135
2019-06-28,15864.869140625,16106.158460949757,14477.446620678758,15925.1910008073,1586197
2019-07-01,15925.19140625,16226.804474031442,15864.869544531952,15925.19140625,818512
2019-07-02,15985.5126953125,16106.158294022262,15804.545237045628,15925.190835755388,337725
2019-07-03,15925.19140625,16106.158870999743,15864.869544531952,16106.158870999743,314214
2019-07-04,15925.19140625,16106.158870999743,15864.869544531952,16106.158870999743,365585
2019-07-05,15925.19140625,15985.513267968046,15804.5458032183,15925.19140625,443676
2019-07-08,15925.19140625,15985.513267968046,15804.5458032183,15925.19140625,676527
2019-07-09,15864.869140625,16106.158460949757,14356.801020718602,15804.545400847144,504780
2019-07-10,15804.5458984375,15925.19150219606,15744.223096558218,15864.869640114588,1012809
2019-07-11,15804.5458984375,15804.5458984375,15442.61002695962,15744.223096558218,1498709
2019-07-12,15623.578125,15925.191188660432,15623.578125,15804.545587277144,1529795
2019-07-15,15804.5458984375,15864.869640114588,15502.9328288389,15623.578432597462,1209117
2019-07-16,15864.869140625,15925.1910008073,15744.222600867066,15864.869140625,550040
2019-07-17,15985.5126953125,16106.158294022262,15864.868976198277,15864.868976198277,6569983
2019-07-18,16045.8369140625,16045.8369140625,15925.191311746736,15985.513173106823,6552064
2019-07-19,15925.19140625,16045.837009281697,15925.19140625,16045.837009281697,723935
2019-07-22,15985.5126953125,15985.5126953125,15744.222437690749,15864.868976198277,384666
2019-07-23,15925.19140625,15985.513267968046,15804.5458032183,15985.513267968046,438782
2019-07-24,15864.869140625,15985.5128609896,15744.222600867066,15985.5128609896,506512
2019-07-25,15864.869140625,15864.869140625,15382.286740784377,15744.222600867066,1464343
2019-07-26,15744.22265625,15864.86919643233,15563.255195470962,15744.22265625,553824
2019-07-29,15744.22265625,15744.22265625,15563.255195470962,15623.577995663234,499394
2019-07-30,15623.578125,15925.191188660432,15623.578125,15864.869327766575,843781
2019-07-31,15804.5458984375,15804.5458984375,15442.61002695962,15683.900294678935,1517571
2019-08-01,15864.869140625,15864.869140625,15683.899800886988,15804.545400847144,904653
2019-08-02,16287.1279296875,16287.1279296875,15683.89992510894,15804.545526024653,806826
2019-08-05,16106.158203125,16347.449399182762,16045.836343908322,16287.127539966084,869404
2019-08-06,15804.5458984375,16166.482709713187,15804.5458984375,15985.513364277536,3849270
2019-08-07,15985.5126953125,16045.836434465147,15804.545237045628,15985.5126953125,428089
2019-08-08,15985.5126953125,16045.836434465147,15925.190835755388,15985.5126953125,157232
2019-08-09,15985.5126953125,16045.836434465147,15744.222437690749,15985.5126953125,3759599
2019-08-12,15985.5126953125,15985.5126953125,15804.545237045628,15925.190835755388,503406
2019-08-13,15925.19140625,15985.513267968046,15804.5458032183,15985.513267968046,320085
2019-08-14,15925.19140625,15925.19140625,15804.5458032183,15804.5458032183,316638
2019-08-15,15804.5458984375,15864.869640114588,15683.900294678935,15804.5458984375,343281
2019-08-16,16166.482421875,16287.128023485511,15683.90001543295,15744.222816238203,1171884
2019-08-19,16106.158203125,16166.481941937203,15985.51260509612,16166.481941937203,503143
2019-08-20,15864.869140625,16106.158460949757,15864.869140625,16045.836600767456,629120
2019-08-21,16045.8369140625,16106.158775422586,15683.900107115214,15864.869450386654,1178697
2019-08-22,16106.158203125,16287.127539966084,15985.51260509612,16045.836343908322,707241
2019-08-23,15804.5458984375,16045.837105954624,15804.5458984375,15985.513364277536,462787
2019-08-26,15925.19140625,15925.19140625,15744.223001702454,15804.5458032183,852189
2019-08-27,15925.19140625,15985.513267968046,15804.5458032183,15864.869544531952,794923
2019-08-28,15925.19140625,15925.19140625,15442.609933921012,15442.609933921012,831426
2019-08-29,15925.19140625,15925.19140625,15683.900200186605,15804.5458032183,1189539
2019-08-30,15925.19140625,15925.19140625,15804.5458032183,15925.19140625,693519
2019-09-03,15563.2548828125,15985.512596079894,15563.2548828125,15985.512596079894,799408
2019-09-04,15623.578125,15804.545587277144,15502.93252361671,15563.255324308357,625969
2019-09-05,15925.19140625,15925.19140625,15683.900200186605,15683.900200186605,700369
2019-09-06,15925.19140625,15925.19140625,15804.5458032183,15925.19140625,653292
2019-09-09,15925.19140625,15925.19140625,15804.5458032183,15864.869544531952,2625770
2019-09-10,15864.869140625,15925.1910008073,15804.545400847144,15864.869140625,1047369
2019-09-11,15925.19140625,15925.19140625,15804.5458032183,15804.5458032183,233715
2019-09-12,15925.19140625,15985.513267968046,15804.5458032183,15925.19140625,565796
2019-09-13,15985.5126953125,15985.5126953125,15804.545237045628,15925.190835755388,1058611
2019-09-16,16045.8369140625,16045.8369140625,15925.191311746736,15925.191311746736,1268085
2019-09-17,16045.8369140625,16106.158775422586,15985.513173106823,16106.158775422586,1061694
2019-09-18,16045.8369140625,16106.158775422586,15925.191311746736,15985.513173106823,710544
2019-09-19,16045.8369140625,16045.8369140625,15925.191311746736,16045.8369140625,951012
2019-09-20,15985.5126953125,16045.836434465147,15864.868976198277,16045.836434465147,1451597
2019-09-23,15925.19140625,15985.513267968046,15804.5458032183,15925.19140625,1094182
2019-09-24,15925.19140625,15925.19140625,15683.900200186605,15925.19140625,1240949
2019-09-25,15925.19140625,15925.19140625,15744.223001702454,15925.19140625,1135736
2019-09-26,15925.19140625,15925.19140625,15804.5458032183,15925.19140625,1346207
2019-09-27,15925.19140625,15925.19140625,15804.5458032183,15925.19140625,687605
2019-09-30,15925.19140625,15925.19140625,15804.5458032183,15804.5458032183,634793
2019-10-01,15925.19140625,15925.19140625,15804.5458032183,15864.869544531952,747961
2019-10-02,15925.19140625,15925.19140625,15864.869544531952,15925.19140625,589794
2019-10-03,15925.19140625,15925.19140625,15804.5458032183,15864.869544531952,1153188
2019-10-04,15985.5126953125,15985.5126953125,15804.545237045628,15925.190835755388,2359028
2019-10-07,15985.5126953125,15985.5126953125,15804.545237045628,15985.5126953125,739118
2019-10-08,15985.5126953125,15985.5126953125,15804.545237045628,15985.5126953125,746008
2019-10-09,16407.7734375,16588.740898048913,15985.512896893271,15985.512896893271,2065588
2019-10-10,16045.8369140625,16588.741184685634,16045.8369140625,16407.773721009788,1213941
2019-10-11,16045.8369140625,16106.158775422586,16045.8369140625,16045.8369140625,1397197
2019-10-14,16045.8369140625,16045.8369140625,15804.545709430977,15925.191311746736,5261370
2019-10-15,16045.8369140625,16045.8369140625,15864.869450386654,15925.191311746736,585088
2019-10-16,15985.5126953125,16045.836434465147,15925.190835755388,16045.836434465147,604233
2019-10-17,15985.5126953125,16106.158294022262,15925.190835755388,15925.190835755388,571814
2019-10-18,15985.5126953125,16045.836434465147,15985.5126953125,16045.836434465147,549979
2019-10-21,15985.5126953125,16106.158294022262,15925.190835755388,15985.5126953125,498844
2019-10-22,15985.5126953125,16045.836434465147,15925.190835755388,15985.5126953125,679682
2019-10-23,15985.5126953125,16045.836434465147,15925.190835755388,15925.190835755388,447473
2019-10-24,16045.8369140625,16045.8369140625,15985.513173106823,15985.513173106823,530161
2019-10-25,16045.8369140625,16045.8369140625,15925.191311746736,15985.513173106823,1100541
2019-10-28,16045.8369140625,16045.8369140625,15925.191311746736,15985.513173106823,468565
2019-10-29,16045.8369140625,16045.8369140625,15925.191311746736,15985.513173106823,455307
2019-10-30,16045.8369140625,16045.8369140625,15985.513173106823,15985.513173106823,584259
2019-10-31,16287.1279296875,16347.44979034757,16106.158588516146,16106.158588516146,975675
2019-11-01,16166.482421875,16528.417347110957,16166.482421875,16407.773625096026,1020405
2019-11-04,16166.482421875,16287.128023485511,15985.51307966144,16287.128023485511,989031
2019-11-05,16287.1279296875,16287.1279296875,16045.836727856076,16106.158588516146,896499
2019-11-06,16468.095703125,16649.06316812782,16166.48263492176,16287.128238122175,965104
2019-11-07,16347.4501953125,16528.417661371273,16347.4501953125,16468.095799216888,506947
2019-11-08,16468.095703125,16468.095703125,16347.450099924585,16407.773841322592,682009
2019-11-11,16347.4501953125,16588.741403121276,15864.869659290564,16588.741403121276,420529
2019-11-12,16468.095703125,16468.095703125,16226.804496724166,16226.804496724166,491341
2019-11-13,16468.095703125,16468.095703125,16287.128238122175,16407.773841322592,703676
2019-11-14,16468.095703125,16468.095703125,15683.900222120094,15683.900222120094,803191
2019-11-15,16528.41796875,16528.41796875,16226.804893177745,16407.774242197618,599796
2019-11-18,16528.41796875,16528.41796875,16347.450499325778,16528.41796875,375559
2019-11-19,16468.095703125,16528.417564927404,16287.128238122175,16528.417564927404,544408
2019-11-20,16468.095703125,16468.095703125,16347.450099924585,16468.095703125,329986
2019-11-21,16468.095703125,16468.095703125,16347.450099924585,16347.450099924585,886496
2019-11-22,16468.095703125,16468.095703125,16347.450099924585,16468.095703125,1218952
2019-11-25,16468.095703125,16468.095703125,16287.128238122175,16287.128238122175,683509
2019-11-26,16407.7734375,16407.7734375,16347.449697586657,16347.449697586657,284401
2019-11-27,16407.7734375,16407.7734375,16287.127837268872,16407.7734375,489419
2019-11-28,16407.7734375,16588.740898048913,16347.449697586657,16588.740898048913,319765
2019-11-29,16347.4501953125,16407.773937062502,16287.128333158114,16407.773937062502,323898
2019-12-02,16347.4501953125,16347.4501953125,16166.482729253728,16287.128333158114,329118
2019-12-03,16347.4501953125,16347.4501953125,16166.482729253728,16287.128333158114,5408434
2019-12-04,16347.4501953125,16347.4501953125,16166.482729253728,16226.804591408112,781712
2019-12-05,16347.4501953125,16347.4501953125,16166.482729253728,16226.804591408112,388143
2019-12-06,16347.4501953125,16347.4501953125,16166.482729253728,16347.4501953125,282471
2019-12-09,16347.4501953125,16347.4501953125,16287.128333158114,16287.128333158114,193845
2019-12-10,16407.7734375,16588.740898048913,16287.127837268872,16347.449697586657,412560
2019-12-11,16407.7734375,16407.7734375,16347.449697586657,16407.7734375,168350
2019-12-12,16347.4501953125,16528.417661371273,16287.128333158114,16287.128333158114,462862
2019-12-13,16226.8037109375,16347.449308295623,16226.8037109375,16287.12744941432,321457
2019-12-16,16226.8037109375,16226.8037109375,15683.899462623687,16106.158113579371,191596
2019-12-17,16226.8037109375,16347.449308295623,16106.158113579371,16347.449308295623,327041
2019-12-18,16226.8037109375,16226.8037109375,15925.19065733994,16166.481852056197,575129
2019-12-19,16226.8037109375,16226.8037109375,16106.158113579371,16166.481852056197,4472843
2019-12-20,16347.4501953125,16407.773937062502,16226.804591408112,16226.804591408112,6853105
2019-12-23,16287.1279296875,16588.74099217899,16106.158588516146,16588.74099217899,2434179
2019-12-24,16226.8037109375,16287.12744941432,16106.158113579371,16226.8037109375,178311
2019-12-25,16226.8037109375,16287.12744941432,16106.158113579371,16106.158113579371,23197855
2019-12-26,16226.8037109375,16287.12744941432,16226.8037109375,16226.8037109375,13496438
2019-12-27,16287.1279296875,16468.095391263283,16226.804189431858,16226.804189431858,5030960
2019-12-30,16226.8037109375,16407.773046772447,16166.481852056197,16287.12744941432,10116691
2019-12-31,16226.8037109375,16226.8037109375,16166.481852056197,16226.8037109375,154940
2020-01-02,15985.5126953125,16166.482033174909,15985.5126953125,16166.482033174909,50090
2020-01-03,15744.22265625,16166.482257595915,15744.22265625,16166.482257595915,126496
2020-01-06,15623.578125,15744.222786585498,15623.578125,15744.222786585498,215936
2020-01-07,15563.2548828125,15623.577681792916,15563.2548828125,15623.577681792916,193271
2020-01-08,15321.9638671875,15623.577865638736,15261.641067497252,15563.25506594849,399327
2020-01-09,15321.9638671875,16287.12772243369,15201.318267807004,16287.12772243369,345711
2020-01-10,15442.609375,15442.609375,13874.219411746752,15201.318177669762,421690
2020-01-13,15442.609375,15442.609375,15140.99631813497,15442.609375,181387
2020-01-14,15442.609375,15442.609375,15201.318177669762,15201.318177669762,153963
2020-01-15,15442.609375,15442.609375,15201.318177669762,15201.318177669762,61385
2020-01-16,15442.609375,15442.609375,15201.318177669762,15261.640977002322,260835
2020-01-17,15563.2548828125,15623.577681792916,15382.28648587125,15442.609284851666,41501
2020-01-20,15563.2548828125,15563.2548828125,15382.28648587125,15563.2548828125,31152
2020-01-21,15563.2548828125,15563.2548828125,15321.963686890833,15563.2548828125,313960
2020-01-22,15502.9326171875,15502.9326171875,15321.9642140203,15502.9326171875,147002
2020-01-30,15563.2548828125,15563.2548828125,15140.996229747345,15502.932083832084,188869
2020-01-31,15261.6416015625,15502.932808767226,15261.6416015625,15382.287205164865,103867
2020-02-03,15261.6416015625,15261.6416015625,14658.414523348494,14779.060126950855,92686
2020-02-04,15261.6416015625,15261.6416015625,15080.674135956762,15080.674135956762,213931
2020-02-05,15140.9970703125,15261.641735173262,15020.351465653925,15140.9970703125,295469
2020-02-06,15140.9970703125,15140.9970703125,15080.674267983211,15140.9970703125,144225
2020-02-07,15140.9970703125,15140.9970703125,15020.351465653925,15080.674267983211,70653
2020-02-10,15140.9970703125,15140.9970703125,15020.351465653925,15140.9970703125,438396
2020-02-11,15140.9970703125,15140.9970703125,15020.351465653925,15080.674267983211,237126
2020-02-12,15140.9970703125,15201.318932843971,15020.351465653925,15140.9970703125,165202
2020-02-13,15140.9970703125,15140.9970703125,14960.028663324636,15020.351465653925,70032
2020-02-14,14960.0283203125,15080.673922204844,14960.0283203125,14960.0283203125,86127
2020-02-17,14960.0283203125,15140.996723151016,14899.705519366327,15140.996723151016,60347
2020-02-18,14960.0283203125,14960.0283203125,14899.705519366327,14960.0283203125,48184
2020-02-19,14960.0283203125,14960.0283203125,14899.705519366327,14960.0283203125,15316
2020-02-20,14960.0283203125,14960.0283203125,14899.705519366327,14899.705519366327,82810
2020-02-21,14960.0283203125,14960.0283203125,14779.059917473984,14839.382718420156,55897
2020-02-24,14537.76953125,14839.382593647031,14477.446730811036,14839.382593647031,185154
2020-02-25,14598.0927734375,14598.0927734375,13874.220086062827,13874.220086062827,117574
2020-02-26,14658.4140625,14658.4140625,14356.801002774366,14537.769402488411,101780
2020-02-27,14779.0595703125,14779.0595703125,14477.44651246435,14598.09211152272,120141
2020-02-28,15080.673828125,15080.673828125,14477.446762224265,14477.446762224265,185087
2020-03-02,15321.9638671875,15321.9638671875,15020.350808534036,15080.673608224282,35573
2020-03-03,15442.609375,15683.899632532472,15382.286575667442,15382.286575667442,237002
2020-03-04,15382.287109375,15744.222978130403,15261.641506523933,15442.609910800536,101780
2020-03-05,15382.287109375,15442.609910800536,15261.641506523933,15261.641506523933,150437
2020-03-06,15382.287109375,15382.287109375,15080.67404204513,15261.641506523933,132570
2020-03-09,15140.9970703125,15563.255746819705,14537.769986817431,15321.96453750255,324009
2020-03-10,14899.705078125,15201.31813412607,14779.059479805466,14779.059479805466,263547
2020-03-11,15080.673828125,15080.673828125,14779.05982527574,14960.028226985296,147725
2020-03-12,15080.673828125,15080.673828125,14477.446762224265,14477.446762224265,144066
2020-03-13,15140.9970703125,15140.9970703125,14718.737454007483,14718.737454007483,132441
2020-03-16,15020.3505859375,15080.673384733784,14779.059390752363,15020.3505859375,160345
2020-03-17,14960.0283203125,15080.673922204844,14598.09245443326,14779.059917473984,244775
2020-03-18,15020.3505859375,15020.3505859375,14598.09193416127,14718.736591956078,276281
2020-03-19,15020.3505859375,15020.3505859375,14477.4463365687,14658.413793159794,398353
2020-03-20,14598.0927734375,15080.674251754675,14537.769971173126,14899.705844961556,678452
2020-03-23,14658.4140625,14658.4140625,13994.86514314405,14537.769402488411,583198
2020-03-24,14779.0595703125,14779.0595703125,14356.800913405985,14658.413971254133,234317
2020-03-25,14779.0595703125,14899.705169370867,14658.413971254133,14779.0595703125,277110
2020-03-26,14779.0595703125,14839.382369841684,14658.413971254133,14779.0595703125,339375
2020-03-27,14839.3828125,14839.3828125,14718.73720984278,14718.73720984278,267696
2020-03-30,14839.3828125,14839.3828125,14598.092546983356,14839.3828125,287828
2020-03-31,14779.0595703125,14899.705169370867,14598.09211152272,14598.09211152272,229973
2020-04-01,14839.3828125,14839.3828125,14658.414408514169,14779.060011171388,182055
2020-04-03,14899.705078125,14899.705078125,14779.059479805466,14839.382278965231,356715
2020-04-06,14960.0283203125,14960.0283203125,14779.059917473984,14779.059917473984,228847
2020-04-07,14960.0283203125,14960.0283203125,14839.382718420156,14839.382718420156,116935
2020-04-08,14960.0283203125,14960.0283203125,14779.059917473984,14899.705519366327,256049
2020-04-09,14899.705078125,14960.027877284769,14779.059479805466,14899.705078125,830985
2020-04-10,14839.3828125,14899.705613828612,14839.3828125,14839.3828125,193320
2020-04-13,14899.705078125,14899.705078125,14779.059479805466,14839.382278965231,251933
2020-04-14,14899.705078125,14899.705078125,14779.059479805466,14839.382278965231,103852
2020-04-15,15080.673828125,15080.673828125,14779.05982527574,14839.38262584559,656981
2020-04-16,15080.673828125,15080.673828125,14960.028226985296,15080.673828125,198972
2020-04-17,15140.9970703125,15140.9970703125,15020.351465653925,15020.351465653925,423735
2020-04-20,15140.9970703125,15201.318932843971,15080.674267983211,15140.9970703125,133702
2020-04-21,15140.9970703125,15140.9970703125,14839.38305866606,15140.9970703125,115882
2020-04-22,15080.673828125,15140.996628694851,14899.705426415445,15140.996628694851,161101
2020-04-23,15140.9970703125,15140.9970703125,14960.028663324636,15080.674267983211,136350
2020-04-24,15140.9970703125,15140.9970703125,15080.674267983211,15080.674267983211,163838
2020-04-27,15201.318359375,15201.318359375,15020.35089901194,15080.673699065552,243318
2020-04-28,15382.287109375,15382.287109375,15201.318705098398,15201.318705098398,122359
2020-04-29,15623.578125,15623.578125,15442.609722925066,15442.609722925066,94893
2020-05-04,15502.9326171875,15623.578219298968,15442.609816131768,15623.578219298968,41466
2020-05-05,15321.9638671875,15382.286666877746,15321.9638671875,15382.286666877746,66242
2020-05-06,15321.9638671875,15382.286666877746,15080.673608224282,15140.99640791453,67521
2020-05-07,15442.609375,15442.609375,15261.640977002322,15321.963776334882,121827
2020-05-08,15321.9638671875,15442.609466567994,15321.9638671875,15321.9638671875,71046
2020-05-11,15321.9638671875,15321.9638671875,15020.350808534036,15261.641067497252,151937
2020-05-12,15321.9638671875,15321.9638671875,15201.318267807004,15261.641067497252,109855
2020-05-13,15261.6416015625,15321.96440336368,15201.31879976132,15321.96440336368,50487
2020-05-14,15201.318359375,15201.318359375,15140.996499119166,15201.318359375,46363
2020-05-15,15261.6416015625,15261.6416015625,15080.674135956762,15140.996937757944,81751
2020-05-18,15080.673828125,15201.318489466918,15080.673828125,15201.318489466918,53590
2020-05-19,15201.318359375,15201.318359375,15020.35089901194,15020.35089901194,188664
2020-05-20,15140.9970703125,15140.9970703125,14960.028663324636,15140.9970703125,132824
2020-05-21,15140.9970703125,15140.9970703125,14960.028663324636,15080.674267983211,104396
2020-05-22,15020.3505859375,15080.673384733784,15020.3505859375,15080.673384733784,108416
2020-05-25,15140.9970703125,15140.9970703125,14839.38305866606,14960.028663324636,217610
2020-05-26,15201.318359375,15201.318359375,14960.028098958326,15020.35089901194,105930
2020-05-27,15140.9970703125,15201.318932843971,15080.674267983211,15201.318932843971,87254
2020-05-28,15140.9970703125,15140.9970703125,15080.674267983211,15140.9970703125,62155
2020-05-29,15140.9970703125,15140.9970703125,15020.351465653925,15080.674267983211,855088
2020-06-01,15140.9970703125,15140.9970703125,14960.028663324636,15140.9970703125,118117
2020-06-02,15140.9970703125,15140.9970703125,15020.351465653925,15080.674267983211,158065
2020-06-03,15201.318359375,15201.318359375,14960.028098958326,15020.35089901194,140597
2020-06-04,15201.318359375,15201.318359375,14899.705298904712,15140.996499119166,93498
2020-06-05,15201.318359375,15201.318359375,15080.673699065552,15080.673699065552,84101
2020-06-08,15201.318359375,15201.318359375,15080.673699065552,15080.673699065552,281350
2020-06-09,15201.318359375,15321.963959482227,15020.35089901194,15321.963959482227,972988
2020-06-10,15201.318359375,15201.318359375,15020.35089901194,15140.996499119166,966776
2020-06-11,15201.318359375,15201.318359375,15080.673699065552,15080.673699065552,98316
2020-06-12,15201.318359375,15201.318359375,14960.028098958326,15080.673699065552,179472
2020-06-15,15080.673828125,15140.996628694851,14960.028226985296,14960.028226985296,171320
2020-06-16,15623.578125,16588.74105647073,15020.351057881346,15020.351057881346,155197
2020-06-17,15683.900390625,15683.900390625,15563.255725926205,15683.900390625,228530
2020-06-18,15804.5458984375,15864.869640114588,15623.578432597462,15623.578432597462,239977
2020-06-19,16528.41796875,17372.937211786226,15925.19181760549,15925.19181760549,462526
2020-06-22,16347.4501953125,16649.06326527566,16287.128333158114,16588.741403121276,174447
2020-06-23,16588.740234375,16649.06209227946,16287.127185661742,16287.127185661742,465792
2020-06-24,17433.2578125,18157.129517367848,16588.740510221593,16588.740510221593,1991507
2020-06-25,16950.677734375,18096.8081195867,16890.353994334848,17372.936396273813,329259
2020-06-26,16950.677734375,17372.936396273813,16950.677734375,17191.96705574892,638798
2020-06-29,15925.19140625,17071.32181565772,15442.609933921012,16950.678092221624,688484
2020-06-30,15804.5458984375,16166.482709713187,15623.578432597462,16045.837105954624,465611
2020-07-01,16468.095703125,16588.741306325417,15804.545825320509,15804.545825320509,246518
2020-07-02,16588.740234375,16649.06209227946,16407.77278106614,16468.0946389706,188806
2020-07-03,16528.41796875,16649.06357489803,16347.450499325778,16347.450499325778,35573
2020-07-06,16106.158203125,16528.41685642832,16106.158203125,16528.41685642832,77561
2020-07-07,15985.5126953125,16226.80389273202,15985.5126953125,16106.158294022262,238227
2020-07-08,15985.5126953125,16287.12763188467,15864.868976198277,15985.5126953125,102669
2020-07-09,15985.5126953125,16588.740688861304,15744.222437690749,15744.222437690749,115499
2020-07-10,16045.8369140625,16287.128118694023,15985.513173106823,16106.158775422586,57668
2020-07-13,16045.8369140625,16709.386787001396,15985.513173106823,16709.386787001396,46260
2020-07-14,16226.8037109375,16950.677295086258,16106.158113579371,16709.386100370004,89392
2020-07-15,16287.1279296875,16287.1279296875,15864.869266280297,16287.1279296875,62214
2020-07-16,16106.158203125,16528.41685642832,15985.51260509612,16287.127539966084,121546
2020-07-17,15864.869140625,16106.158460949757,15864.869140625,16106.158460949757,231651
2020-07-20,15683.900390625,15864.86973716773,15080.674247737574,15864.86973716773,351768
2020-07-21,15623.578125,15744.222786585498,15382.28692223342,15744.222786585498,46176
2020-07-22,15442.609375,15683.899632532472,15321.963776334882,15623.57777299768,172134
2020-07-23,15804.5458984375,15804.5458984375,15382.287225080338,15382.287225080338,79614
2020-07-24,15442.609375,15864.868970327918,15201.318177669762,15864.868970327918,359427
2020-07-27,15321.9638671875,15382.286666877746,15020.350808534036,15382.286666877746,394940
2020-07-28,15683.900390625,15683.900390625,15321.96451693298,15321.96451693298,8173
2020-07-29,15744.22265625,15804.545456442274,15140.996533922826,15502.932395278687,117414
2020-07-30,15864.869140625,15985.5128609896,15744.222600867066,15744.222600867066,54787
2020-07-31,15563.2548828125,15804.545138936406,15563.2548828125,15683.899540975572,42198
2020-08-03,15683.900390625,15804.54599512161,15683.900390625,15683.900390625,46548
2020-08-04,15623.578125,15683.899985893857,15623.578125,15683.899985893857,23644
2020-08-05,15744.22265625,15744.22265625,15502.932395278687,15502.932395278687,16587
2020-08-06,15744.22265625,15744.22265625,15563.255195470962,15623.577995663234,44349
2020-08-07,15683.900390625,15683.900390625,15563.255725926205,15683.900390625,59150
2020-08-10,15563.2548828125,15804.545138936406,15563.2548828125,15744.22233995599,105118
2020-08-11,15804.5458984375,15864.869640114588,15623.578432597462,15623.578432597462,96099
2020-08-12,14477.4462890625,16106.158092026692,14477.4462890625,15804.54503883274,736325
2020-08-13,15925.19140625,15925.19140625,15925.19140625,15925.19140625,35419448
2020-08-14,17493.58203125,17493.58203125,16890.354027636928,16890.354027636928,170522534
2020-08-17,18217.453125,19061.970421211547,16890.35344261299,17795.194476894227,759303
2020-08-18,18096.80859375,18519.06726671262,17795.195524433217,18398.421663066783,420995
2020-08-19,19484.23046875,19906.489147184024,17493.58268178898,17493.58268178898,1778912
2020-08-20,19363.583984375,19604.87518383784,19182.61652457565,19604.87518383784,703168
2020-08-21,19303.26171875,19846.16596633732,19303.26171875,19363.583577550584,723446
2020-08-24,19303.26171875,19785.84222794122,19182.61612155332,19303.26171875,831325
2020-08-25,19544.552734375,20208.100693494205,19303.26154218865,19303.26154218865,1147058
2020-08-26,21112.943359375,21112.943359375,19544.55424789919,19544.55424789919,3351737
2020-08-27,21535.201171875,22621.00969750216,21112.94250964172,21716.17051254324,26294589
2020-08-28,21655.84765625,21957.460730212075,21535.20205074604,21836.81512470812,25834447
2020-08-31,21293.91015625,21836.814423793952,20871.651490337543,21836.814423793952,16838092
2020-09-01,21112.943359375,21293.91082773108,20811.330285583,21293.91082773108,5294619
2020-09-03,21716.169921875,21957.4592368771,21052.62007652932,21173.26567382813,552261
2020-09-04,22198.751953125,22862.30184395481,21354.23459374002,21655.847667863847,1946400
2020-09-07,22138.4296875,22741.6558247766,22078.105946014974,22198.751549389413,829438
2020-09-08,22379.71875,22621.009953895475,22017.78382375238,22138.42942570012,582217
2020-09-09,22078.10546875,22741.65533316759,21716.17054604628,22319.396670282866,1118711
2020-09-10,21897.138671875,22259.0754851574,21897.138671875,22078.106138718387,490950
2020-09-11,21897.138671875,22259.0754851574,21414.55625416513,21716.171205031613,712094
2020-09-14,21716.169921875,22017.782975324262,21716.169921875,21897.13737802545,676537
2020-09-15,21535.201171875,21716.17051254324,21535.201171875,21716.17051254324,4009298
2020-09-16,21716.169921875,22017.782975324262,21414.554988830223,21535.20058612903,14135362
2020-09-17,21957.458984375,22078.104580286432,21535.20033848274,21716.16967214764,301887
2020-09-18,21776.4921875,22017.78338660481,21655.8465879476,21957.45964703083,425624
2020-09-21,21836.814453125,22078.10565671209,21716.170730927035,22017.783795613115,19322165
2020-09-22,22500.36328125,22621.00887745672,21595.52412909285,21655.84598739846,949438
2020-09-23,22560.6875,22801.978697556217,22560.6875,22621.009359591284,689731
2020-09-24,22982.947265625,23706.819013649245,22560.68858931122,22560.68858931122,874534
2020-09-25,23525.8515625,24129.07770633011,22801.97981398474,22982.94728121465,9741207
2020-09-28,23525.8515625,24671.98198761546,22319.39739524415,23586.17342504476,1555441
2020-09-29,24068.755859375,24189.40146413829,23646.49718250129,23646.49718250129,5099767
2020-09-30,24189.400390625,24430.6915894432,23887.78733190002,24129.07665112268,693057
2020-10-01,24068.755859375,24370.368931485413,23827.46464984841,24189.40146413829,782941
2020-10-02,24129.076171875,24611.65855992644,23767.14126043193,24129.076171875,1060779
2020-10-05,24249.72265625,24551.33572002122,24008.431453394795,24249.72265625,404684
2020-10-06,24129.076171875,24430.691104204903,24008.43057486214,24129.076171875,494152
2020-10-07,24068.755859375,24068.755859375,23767.142787264584,24068.755859375,719255
2020-10-08,24310.046875,24310.046875,23887.78820149431,23948.110063597,945510
2020-10-09,24430.69140625,24491.01326570445,24129.07647019113,24430.69140625,225722
2020-10-12,24430.69140625,25033.91751917668,24430.69140625,24551.33512515891,334094
2020-10-13,24732.3046875,24732.3046875,24310.046028694404,24310.046028694404,687526
2020-10-14,24913.271484375,25033.91708076662,24852.94962597694,25033.91708076662,401845
2020-10-15,25637.14453125,26541.98561197016,24913.272794431232,24913.272794431232,1714423
2020-10-16,26059.40234375,26300.69354128369,25637.14368786381,25637.14368786381,680437
2020-10-19,25757.7890625,26300.693312428968,25757.7890625,26240.371453368203,542874
2020-10-20,25576.822265625,26119.726529561336,25395.85480417808,25818.11346728461,512441
2020-10-21,25697.46875,26240.373032602787,25516.50128233095,25576.82314502209,543839
2020-10-22,26481.6640625,26541.985924780987,25757.790437554413,25938.75978358862,785877
2020-10-23,26300.693359375,27627.79305703587,26300.693359375,27024.5669469694,737538
2020-10-26,25214.884765625,26300.693263461333,24732.304255250805,26300.693263461333,4044662
2020-10-27,24792.626953125,25576.8224235634,24732.3050921354,24732.3050921354,763312
2020-10-28,24732.3046875,24732.3046875,23646.496170686874,24370.36788869711,5965280
2020-10-29,24249.72265625,24852.95066338802,24068.755193906385,24732.30506196041,1069611
2020-10-30,24129.076171875,24310.045507192044,23948.108716153467,24310.045507192044,207756
2020-11-02,24671.98046875,24732.30420717672,24008.4306236292,24129.07622088712,244192
2020-11-03,24973.595703125,25275.208760112528,24671.98076654194,24732.304505696764,4174533
2020-11-04,24852.951171875,25275.20984571316,24852.951171875,25033.91863792118,1796591
2020-11-05,24792.626953125,25576.8224235634,24129.0770842614,25033.9181562746,311545
2020-11-06,25094.240234375,25335.531439612205,24973.596511351992,25275.2095781007,956612
2020-11-09,25154.564453125,25335.53192069137,25033.91884821554,25275.21005803446,1770969
2020-11-10,24671.98046875,25637.143367217843,24671.98046875,25154.56285778168,261920
2020-11-11,24732.3046875,24792.626547502707,24370.36788869711,24671.980947901742,4112419
2020-11-12,24913.271484375,24973.59522236856,24430.690978404025,24732.304029585324,87984
2020-11-13,25154.564453125,25335.53192069137,24792.62763839661,24913.27324330608,389108
2020-11-16,25154.564453125,25335.53192069137,24732.305775739707,25214.88631578191,1569310
2020-11-17,25094.240234375,25275.2095781007,24913.272770244894,24973.596511351992,5173490
2020-11-18,24913.271484375,25214.88453555629,24913.271484375,25094.23893916468,6416556
2020-11-19,24792.626953125,25094.24001726421,24732.3050921354,24792.626953125,10279707
2020-11-20,24852.951171875,25033.91863792118,24792.6274301292,24792.6274301292,11301374
2020-11-23,25818.11328125,25938.758881210484,25033.91782130464,25033.91782130464,5497653
2020-11-24,25395.85546875,25938.75974689333,25154.564260776155,25878.436005102067,3729209
2020-11-25,25576.822265625,25697.467866454805,25154.563602518465,25395.85480417808,2409728
2020-11-26,25637.14453125,25637.14453125,25154.56399990269,25576.822669679936,3456344
2020-11-27,25456.17578125,25637.143236415817,25335.53018460762,25637.143236415817,3103593
2020-11-30,25154.564453125,25697.468735419752,25154.564453125,25697.468735419752,9301192
2020-12-01,25154.564453125,25335.53192069137,24792.62763839661,25154.564453125,5757435
2020-12-02,25275.208984375,25335.53084446952,25033.91778480583,25275.208984375,3872781
2020-12-03,25154.564453125,25335.53192069137,25094.24071087245,25335.53192069137,170601
2020-12-04,25033.91796875,25335.53103062988,24973.59610821225,25275.209170092126,230667
2020-12-07,24430.69140625,25033.91751917668,24430.69140625,25033.91751917668,475549
2020-12-08,24491.013671875,24551.33553232986,24129.076870359146,24310.04621091485,764646
2020-12-09,24913.271484375,25335.530131947915,24491.012836802085,24551.334695200145,601459
2020-12-10,24430.69140625,24973.59565972222,24430.69140625,24913.271920672232,126943
2020-12-11,24430.69140625,24671.98072366335,24310.045807745555,24430.69140625,191814
2020-12-14,25094.240234375,25214.8858369936,23465.52741841726,24430.692239366083,13644227
2020-12-15,25033.91796875,25154.563569421065,24913.27236807893,25033.91796875,1211315
2020-12-16,25757.7890625,26421.338910146016,25033.91735579322,25033.91735579322,1089391
2020-12-17,26240.373046875,26541.98611968601,25637.145021657343,25757.79062670088,727225
2020-12-18,26421.33984375,26722.95290890244,26240.37238057766,26541.98544573009,2913950
2020-12-21,26602.306640625,27446.825833333296,26421.33918198528,26541.984780943607,1535307
2020-12-29,27205.53515625,27265.85701708622,26662.630890341723,27084.889554981983,1617386
2020-12-30,27386.501953125,27567.47129042899,27265.85635478752,27567.47129042899,1529369
2020-12-31,27808.76171875,28050.052925067,27265.857444334568,27476.98677996304,2169199
2021-01-04,28351.666015625,28351.666015625,27989.7310854584,28231.02041237093,1748332
2021-01-05,28562.794921875,28713.60239357355,28170.698126892585,28231.019987814656,1128861
2021-01-06,28562.794921875,28653.28053265148,27748.439461651345,28562.794921875,2087821
2021-01-07,28562.794921875,28592.956792133828,28170.698126892585,28562.794921875,659830
2021-01-08,28985.052734375,29166.02207100825,28653.27968967101,28653.27968967101,1646867
2021-01-11,28472.310546875,28653.27988474028,28291.343088605263,28351.66494816333,1439632
2021-01-12,28321.505859375,28472.311452866583,27869.08531970905,28472.311452866583,927687
2021-01-13,28291.34375,28411.989351532124,28050.05254693576,28351.66561096827,1308654
2021-01-14,28291.34375,28351.66561096827,27748.439482903235,28170.69814846788,995648
2021-01-15,28291.34375,28351.66561096827,27989.730685967483,27989.730685967483,1278982
2021-01-18,28321.505859375,28351.66585031596,27748.439717158424,28231.020247765333,1905153
2021-01-19,28231.01953125,28321.505140563106,26361.017438165745,28321.505140563106,4005101
2021-01-20,28291.34375,28291.34375,27265.857076774744,28170.69814846788,1308017
2021-01-21,28351.666015625,28351.666015625,27748.43987895026,28050.05294728763,1312962
2021-01-22,28834.248046875,29316.82857390629,28291.34377921756,28411.98938087428,4361659
2021-01-25,28864.41015625,28864.41015625,28472.31147771931,28834.24828568712,1918713
2021-01-26,28894.5703125,28894.5703125,28351.66603724057,28834.248450624786,1157896
2021-01-27,28864.41015625,28894.570147217284,28050.052808221342,28411.989616189145,1295892
2021-01-28,26873.759765625,28653.28000456978,26873.759765625,27748.43895024592,1427029
2021-01-29,28411.98828125,28411.98828125,26873.75926915513,26873.75926915513,430419
2021-02-01,28472.310546875,28472.310546875,27748.438834200508,28472.310546875,1378690
2021-02-02,28623.119140625,28653.281011387768,27808.76178719956,28472.31166640677,365488
2021-02-03,28713.6015625,28713.6015625,28351.664768656567,28351.664768656567,272640
2021-02-04,28592.95703125,28713.60263369865,27748.43969370501,28713.60263369865,136558
2021-02-05,28351.666015625,28592.95722213314,28170.6985505417,28351.666015625,811707
2021-02-08,28351.666015625,28351.666015625,28050.05294728763,28351.666015625,372189
2021-02-09,29075.5390625,30161.347590805774,27869.084933316302,28050.05239483541,199414
2021-02-17,29799.41015625,30161.3469512086,29075.538445928327,29075.538445928327,1918554
2021-02-18,29980.37890625,30040.70264780781,29678.76583724776,29799.411440767773,375061
2021-02-19,29980.37890625,30040.70264780781,29799.411440767773,29980.37890625,432333
2021-02-22,29980.37890625,29980.37890625,29256.50716472549,29558.12023372773,350333
2021-02-23,29799.41015625,29980.37761393153,29316.827762971865,29980.37761393153,5072544
2021-02-24,29135.861328125,29739.08934089941,29075.53946664536,29558.11999726929,3732617
2021-02-25,28954.892578125,29135.860034122263,28834.24698092832,29135.860034122263,306780
2021-02-26,28954.892578125,28954.892578125,28351.664592141587,28351.664592141587,2608858
2021-03-01,29015.21484375,29135.860442638263,28773.92364597347,28954.89298410364,539063
2021-03-02,29015.21484375,29015.21484375,28683.43991670616,28773.92364597347,281255
2021-03-03,28834.248046875,29015.215509562287,28653.28058418772,28954.89364853172,429621
2021-03-04,28653.28125,28954.894321352545,28351.66629905183,28954.894321352545,6822474
2021-03-05,28532.634765625,28623.118496280786,28050.05236266673,28050.05236266673,291466
2021-03-08,28592.95703125,28592.95703125,28170.69836247751,28170.69836247751,507794
2021-03-09,28351.666015625,28592.95722213314,28110.37668871247,28592.95722213314,392450
2021-03-10,28351.666015625,28532.63536030391,28291.34415379577,28351.666015625,419092
2021-03-11,28291.34375,28653.280554596367,28291.34375,28351.66561096827,355120
2021-03-12,28351.666015625,28381.82788633742,28170.6985505417,28200.86042125412,5662341
2021-03-15,28472.310546875,28532.63428602861,28231.019349451657,28411.98868731693,368519
2021-03-16,28231.01953125,28472.31073022718,28170.69767130348,28472.31073022718,1867503
2021-03-17,27929.40625,28231.01930652277,27929.40625,28231.01930652277,1018622
2021-03-18,26541.984375,27929.405922407685,26481.662516241195,27808.76032529456,1912493
2021-03-19,27145.2109375,27748.43893321076,27145.2109375,27748.43893321076,4703222
2021-03-22,27205.53515625,27808.761282994496,27205.53515625,27265.85701708622,1308495
2021-03-23,25938.759765625,27748.44006754445,25938.759765625,27265.857651248265,518164
2021-03-24,26119.7265625,27688.115616074167,26119.7265625,27688.115616074167,15272200
2021-03-25,26240.373046875,27356.34348383094,26240.373046875,27356.34348383094,17484140
2021-03-26,26119.7265625,26662.63082712097,26119.7265625,26180.048423193188,5054996
2021-03-29,26843.59765625,26843.59765625,26119.7259470113,26119.7259470113,1867982
2021-03-30,26873.759765625,27145.21095416483,26783.27603611172,27145.21095416483,918595
2021-03-31,27084.888671875,27145.21053074441,26873.75934643877,26873.75934643877,683920
2021-04-01,28291.34375,28291.34375,27084.889614274347,27084.889614274347,888283
2021-04-02,28592.95703125,28592.95703125,28291.343964926164,28321.505835437223,1423040
2021-04-05,28773.923828125,30462.960343657487,28411.988908764542,30462.960343657487,1200969
2021-04-06,28894.5703125,28954.89405397083,28653.280985403508,28834.248450624786,1437080
2021-04-07,29316.828125,29558.11932461873,28834.247605358098,28894.569465465003,1841179
2021-04-08,29618.443359375,29618.443359375,29497.797758363788,29558.119619071607,4792881
2021-04-09,29678.765625,29799.411227657223,29558.120022342777,29678.765625,1538863
2021-04-12,29497.796875,29739.088069796537,29497.796875,29739.088069796537,1115298
2021-04-13,28653.28125,29497.79860162537,28653.28125,29497.79860162537,631911
2021-04-14,28050.052734375,29015.215673485924,27748.43966832701,28351.66580042299,804048
2021-04-15,28050.052734375,28834.248209776248,28050.052734375,28834.248209776248,5677658
2021-04-16,28050.052734375,28592.95700509962,26511.823654055974,28050.052734375,4838826
2021-04-19,28411.98828125,28411.98828125,27145.21045268013,27989.729631591883,2114303
2021-04-20,28894.5703125,28954.89405397083,28411.98977871141,28411.98977871141,650418
2021-04-22,28834.248046875,28954.89364853172,27869.085113216835,28894.569907905567,2778762
2021-04-23,28834.248046875,28894.569907905567,28351.665640248128,28834.248046875,642281
2021-04-26,28954.892578125,29256.50563131896,28231.018994944905,29256.50563131896,3536071
2021-04-27,28954.892578125,28954.892578125,28532.63392773437,28954.892578125,2219435
2021-04-28,28894.5703125,28954.89405397083,28653.280985403508,28954.89405397083,685355
2021-04-29,28894.5703125,28894.5703125,28653.280985403508,28894.5703125,581977
2021-05-04,28351.666015625,28894.57029047051,28170.6985505417,28894.57029047051,291466
2021-05-05,28351.666015625,28653.28096355798,28291.34415379577,28351.666015625,374424
2021-05-06,28351.666015625,28653.28096355798,27869.08548220433,28351.666015625,583891
2021-05-07,28050.052734375,28291.34393905163,27808.761529698368,27808.761529698368,599047
2021-05-10,28351.666015625,28351.666015625,27205.53560410475,28050.05294728763,949384
2021-05-11,27838.923828125,28592.957444633863,27838.923828125,28592.957444633863,1162204
2021-05-12,27838.923828125,28050.05316556365,27507.148886493447,27507.148886493447,2824867
2021-05-13,27869.083984375,27869.083984375,27446.825335477934,27838.92211528364,406170
2021-05-14,27989.73046875,28291.343530441816,27718.277397510472,27869.08486815416,1122319
2021-05-17,27537.310546875,28110.376692510355,27537.310546875,27989.731089239987,4234191
2021-05-18,28050.052734375,28050.052734375,27748.43966832701,27748.43966832701,2743026
2021-05-19,28110.376953125,28170.69881552163,27778.60201095446,27808.762002354964,3111071
2021-05-20,27959.568359375,28110.37582872781,27748.43903003839,28110.37582872781,1031385
2021-05-21,27778.6015625,27989.730896873203,27778.6015625,27778.6015625,1556253
2021-05-24,27869.083984375,27869.083984375,27778.600256696416,27778.600256696416,2140625
2021-05-25,27929.40625,27959.568119530937,27748.438792005447,27778.600661536384,1248989
2021-05-26,27748.439453125,27929.406915431187,27688.115712625884,27929.406915431187,563630
2021-05-27,28954.892578125,28954.892578125,27688.114747357587,27748.43848575369,2438317
2021-05-28,28894.5703125,28954.89405397083,28592.95724393268,28954.89405397083,7330112
2021-05-31,28532.634765625,28894.56968824813,28351.665424717867,28894.56968824813,587402
2021-06-01,27989.73046875,28532.63473163349,27446.826205866502,28532.63473163349,1111312
2021-06-02,27989.73046875,28170.697929845977,27748.43926755832,27808.761128058457,1764444
2021-06-03,28170.697265625,28231.01912470284,27748.438613293543,27748.438613293543,502688
2021-06-04,28170.697265625,28351.664722454047,27446.82555871329,27838.922341708065,518324
2021-06-07,27989.73046875,28231.019790346112,27989.73046875,28231.019790346112,1940411
2021-06-08,27808.76171875,28170.698528225494,27748.439856968555,27989.731063285548,1069034
2021-06-09,27748.439453125,27989.730655930303,26602.307179597592,27748.439453125,437438
2021-06-10,27748.439453125,27929.406915431187,27748.439453125,27929.406915431187,1295892
2021-06-11,27567.47265625,27869.08572723926,27145.212101350287,27869.08572723926,1053879
2021-06-14,27929.40625,28050.05184852821,27627.79319347723,27748.438792005447,330392
2021-06-15,28231.01953125,28472.31073022718,27929.406472326304,27929.406472326304,1349655
2021-06-16,29678.765625,30161.34803562889,27145.211728389524,28291.34401383534,1904196
2021-06-17,29980.37890625,30161.348251327832,29075.539699243265,29075.539699243265,996446
2021-06-18,29950.21875,30101.024343872174,29950.21875,30101.024343872174,4893388
2021-06-21,29256.505859375,29950.21757876457,29256.505859375,29950.21757876457,3607222
2021-06-22,30523.283203125,30764.57441032973,30161.348271913525,30161.348271913525,1389220
2021-06-23,29558.119140625,30523.2820534964,29558.119140625,30523.2820534964,5144016
2021-06-24,29739.08984375,29799.411706249608,29316.82928787022,29558.12049705992,2673630
2021-06-25,29799.41015625,30101.023212251068,29316.827762971865,30101.023212251068,574319
2021-06-28,29950.21875,29980.37874101708,29437.47446796694,29980.37874101708,564588
2021-06-29,29558.119140625,29920.055937800105,29558.119140625,29920.055937800105,351928
2021-06-30,30040.701171875,30342.31422605866,29256.505727321062,29256.505727321062,282213
2021-07-01,30161.34765625,30161.34765625,29859.73271360296,30040.70205511029,19599883
2021-07-02,29920.056640625,30221.669705558063,29859.73289988104,29920.056640625,489448
2021-07-05,31560.833984375,31692.338007525268,30245.79751206345,31692.338007525268,1468153
2021-07-06,29358.1484375,30903.31503507156,29358.1484375,30903.31503507156,4292785
2021-07-07,29062.267578125,29358.14975708885,27681.480943634386,29325.27563017784,1699550
2021-07-08,29522.529296875,29522.529296875,28010.238661598905,29062.26709306015,569492
2021-07-09,28273.24609375,29522.52865416597,28273.24609375,29522.52865416597,588519
2021-07-12,28273.24609375,28404.75011471869,27286.969695675885,27615.727868502083,1740385
2021-07-13,27681.48046875,28602.004875951865,27681.48046875,28602.004875951865,463673
2021-07-14,29391.025390625,29391.025390625,27944.488641073232,28207.494810192944,1292372
2021-07-15,29456.77734375,29785.53552438945,28667.756958377096,29785.53552438945,4048214
2021-07-16,28865.013671875,29456.77803499345,28865.013671875,29456.77803499345,595105
2021-07-19,28865.013671875,28865.013671875,27812.9852136268,28799.26165828504,745565
2021-07-20,29062.267578125,29062.267578125,28141.74315513125,28832.13741217436,3240884
2021-07-21,29325.275390625,29588.2815609338,29062.267340720628,29062.267340720628,1518794
2021-07-22,29588.28125,29588.28125,28930.763011744297,29391.025214644626,3664600
2021-07-23,29456.77734375,29917.03954848345,29259.523187204555,29851.28753643645,2664366
2021-07-26,29391.025390625,29456.77740280382,29259.52324586293,29456.77740280382,3718023
2021-07-27,29423.90234375,29456.778350897555,28733.509952842607,29391.026336602445,949447
2021-07-28,28602.005859375,29391.026269935337,28602.005859375,29391.026269935337,1609391
2021-07-29,28799.26171875,28865.01373247801,28273.24748852152,28404.751515977543,1148059
2021-07-30,28996.515625,29062.26763814901,28799.261465148564,29062.26763814901,789766
2021-08-02,28338.998046875,29062.26640154781,28338.998046875,28602.00420868452,971547
2021-08-03,28010.23828125,28733.50852290671,27944.48814982261,28733.50852290671,725660
2021-08-04,28010.23828125,28273.246325341726,27812.984127776745,28010.23828125,1459077
2021-08-05,27878.736328125,28207.49450587673,27812.984316655544,28207.49450587673,1397166
2021-08-06,28010.23828125,28075.99029227293,27878.736138799675,27944.48814982261,1147474
2021-08-09,27812.984375,28075.99054183399,27812.984375,27812.984375,1328670
2021-08-10,29456.77734375,29752.66139796152,27812.98456095719,27878.73657300419,2693638
2021-08-11,29522.529296875,29917.03948877408,29259.52312880747,29719.78533262232,940811
2021-08-12,29654.033203125,29752.661220607588,29325.27502444525,29325.27502444525,5311315
2021-08-13,29456.77734375,29654.03337989101,27582.85251879268,29456.77734375,3302063
2021-08-16,28634.880859375,29456.77724810268,28634.880859375,29456.77724810268,2950356
2021-08-17,28306.123046875,28865.01327511188,28273.247040531915,28602.00522436719,4460369
2021-08-18,27944.48828125,28602.004635380647,27944.48828125,28141.742435650976,815672
2021-08-19,28207.494140625,28602.00432473777,27878.73596713028,27878.73596713028,5474216
2021-08-20,27549.9765625,28602.004997959943,27286.9703934328,28207.49480456136,1055705
2021-08-23,27155.466796875,27418.47484968087,26892.460623664723,27155.466796875,1044728
2021-08-24,27286.970703125,27352.72271603694,26760.95647942505,27155.46667730112,2001348
2021-08-25,27286.970703125,27352.72271603694,26826.708492336995,27286.970703125,609449
2021-08-26,28174.619140625,28667.757358260693,27089.71656550296,27089.71656550296,1008430
2021-08-27,27878.736328125,28174.618500142,27418.47412743436,27418.47412743436,1348868
2021-08-30,28010.23828125,28404.750347387588,27878.736138799675,28273.246325341726,692729
2021-08-31,28536.25390625,28602.00592053657,27681.481479715883,28010.23967155309,1239828
2021-09-01,28207.494140625,28733.508345973867,28010.238108770853,28536.25231411972,777472
2021-09-06,28273.24609375,28470.50024560751,27944.4879209238,28075.99006229697,9950246
2021-09-07,28338.998046875,28404.75005722625,28141.742015821223,28141.742015821223,1078099
2021-09-08,28338.998046875,28602.00420868452,28174.61802099685,28338.998046875,652625
2021-09-09,28141.7421875,28338.998219757137,28010.23816599524,28273.24620900476,17408540
2021-09-10,28141.7421875,28602.004383171126,28141.7421875,28273.24620900476,10639756
2021-09-13,27944.48828125,28470.5006127163,27944.48828125,28207.49444698315,3767346
2021-09-14,27878.736328125,28240.37051161145,27089.715949682635,28240.37051161145,1105468
2021-09-15,27484.2265625,27812.98474531866,27155.46650008576,27155.46650008576,10277511
2021-09-16,27681.48046875,27812.984492520427,27385.598294862102,27747.23248063521,5884760
2021-09-17,27648.60546875,27944.489532998647,27484.22731265194,27944.489532998647,1101224
2021-09-20,27878.736328125,28273.246517346182,27484.226138903818,27648.604287981907,6171921
2021-09-21,27155.466796875,27254.094816677203,26958.212636866192,27254.094816677203,4453051
2021-09-22,27418.474609375,27549.97675502981,27155.46655887423,27352.722596749805,4768752
2021-09-23,27352.72265625,27484.226681786447,27221.21863071356,27221.21863071356,1175283
2021-09-24,27221.21875,27484.226802225425,26925.336570841995,27484.226802225425,8861315
2021-09-27,26695.205078125,27221.21931387642,26596.57893609306,26958.213135798527,1555530
2021-09-28,26695.205078125,26958.213135798527,26432.198900047104,26695.205078125,1124496
2021-09-29,26563.701171875,26826.70733255682,26432.19715173633,26695.20331241816,6891581
2021-09-30,26695.205078125,26826.709106961764,26563.702928883868,26760.95709254338,1704233
2021-10-01,26629.453125,26826.70727519068,26497.949105142547,26826.70727519068,901397
2021-10-04,26629.453125,26629.453125,26300.69307535636,26300.69307535636,5061768
2021-10-05,26629.453125,26826.70727519068,26432.19709521381,26629.453125,627744
2021-10-06,26563.701171875,26695.20331241816,26465.073156771003,26695.20331241816,587640
2021-10-07,26695.205078125,26958.213135798527,26563.702928883868,26629.45494330225,1389702
2021-10-08,26760.95703125,26892.461059785564,26629.454882310063,26892.461059785564,545928
2021-10-11,26695.205078125,26826.709106961764,26596.57893609306,26662.32907091581,821526
2021-10-12,26366.4453125,26695.20348538124,26234.94129150929,26695.20348538124,1487911
2021-10-13,26497.94921875,26629.453239171267,26432.197208539368,26629.453239171267,523681
2021-10-14,26497.94921875,26695.203369786388,26300.6931881181,26497.94921875,605643
2021-10-15,26432.197265625,26629.45329668292,26300.693244919723,26629.45329668292,1725017
2021-10-18,26432.197265625,26695.20342744004,26300.693244919723,26497.94927597764,590861
2021-10-19,26300.693359375,26497.94939129133,26267.81735405561,26432.19738065256,535683
2021-10-20,26300.693359375,26497.94939129133,26103.43920705419,26234.94134873622,3514434
2021-10-21,26300.693359375,26497.94939129133,26267.81735405561,26300.693359375,2747792
2021-10-22,26037.6875,26300.693666026087,25840.43146578377,25840.43146578377,531584
2021-10-25,26366.4453125,26563.701343986053,26234.94129150929,26267.817296756974,3128625
2021-10-26,26300.693359375,26497.94939129133,26234.94134873622,26399.32137533317,1725017
2021-10-27,26366.4453125,26432.19732299535,25840.43110813271,26432.19732299535,430302
2021-10-28,27286.970703125,27747.232913913005,25971.936083672925,26300.69426863705,953252
2021-10-29,27352.72265625,27484.226681786447,27089.716484772696,27418.474669018226,3019293
2021-11-01,27352.72265625,27549.976814959085,27221.21863071356,27319.84664986589,575785
2021-11-02,28766.384765625,28865.01278297268,27286.97014419644,27286.97014419644,3043589
2021-11-03,28207.494140625,28799.26035659192,27878.73596713028,28799.26035659192,1386629
2021-11-04,27944.48828125,28207.49444698315,27451.350075854243,27451.350075854243,1436538
2021-11-05,27615.728515625,28010.23870818015,26958.21215456494,27615.728515625,1321644
2021-11-08,28075.990234375,28273.24626703701,27352.72187380534,27582.85203231549,2853611
2021-11-09,28010.23828125,28207.4943143188,27747.23211675381,28141.742303295865,3004803
2021-11-10,28108.8671875,28404.75124646866,27780.109001574863,27944.48903433523,1188894
2021-11-11,29062.267578125,29654.03381564829,28141.74315513125,28174.61916163786,2902496
2021-11-12,29719.78515625,29982.79132275672,29095.142926352662,29095.142926352662,6584807
2021-11-15,30114.294921875,30508.80510587915,29851.286879475218,29982.79090067511,5225109
2021-11-16,31560.833984375,32218.350340935223,29588.28115550323,30114.29536850874,9364799
2021-11-17,31330.703125,31823.839471213167,31100.5729554069,31560.835174188727,4091977
2021-11-18,32382.728515625,33270.378792988544,31396.453980012662,31429.329985825963,8857364
2021-11-19,31889.58984375,32678.61397178203,30147.17095899023,32481.35793977402,6983935
2021-11-22,30443.0546875,31922.46936458797,29917.040454784565,31922.46936458797,4198235
2021-11-23,30443.0546875,30574.55871557776,29917.040454784565,30180.04851094009,6726046
2021-11-24,29982.791015625,30771.811386658293,29982.791015625,30541.68122827172,3271767
2021-11-25,30771.8125,31166.32269979025,29917.04008718852,29982.79210041949,6313014
2021-11-26,30640.310546875,31133.44689003425,29982.792290003305,30771.81269457285,6766003
2021-11-29,31232.07421875,31758.0903162732,30114.295650299915,30114.295650299915,7201721
2021-11-30,33204.62890625,33401.88495375295,31560.836028774786,31560.836028774786,20400625
2021-12-01,33533.38671875,34848.41942816469,33138.87465041094,33270.37867319062,12519331
2021-12-02,32941.6171875,33599.133513689594,32810.113170423894,33533.38526434248,9070466
2021-12-03,30903.31640625,33138.875449428975,30903.31640625,32842.99327063614,14019976
2021-12-06,29259.5234375,30837.564221744884,28766.38522252458,30706.06019652595,16136366
2021-12-07,29621.158203125,29851.28837213654,28470.50171928044,29719.78622395664,7231872
2021-12-08,29325.275390625,30640.31000136013,29160.89535943477,29719.785585885984,6921439
2021-12-09,29160.89453125,29785.53487284161,28963.63849942389,29588.28072061104,16049134
2021-12-10,30015.66796875,30541.682192578806,29259.52357926861,29259.52357926861,12349845
2021-12-13,30508.806640625,30969.0688583826,30245.798584994594,30245.798584994594,14131065
2021-12-14,30114.294921875,31034.8193110832,30015.66690597508,30837.56327928336,16483096
2021-12-15,29456.77734375,30114.295584624462,29325.27519925156,30048.543572577462,15385823
2021-12-16,30015.66796875,30508.80618611478,29423.901731993144,29456.77773845717,13457655
2021-12-17,32086.845703125,32086.845703125,30245.79693267088,30245.79693267088,38914621
2021-12-20,32612.86328125,34190.90408280953,32284.10321459543,32612.86328125,28348777
2021-12-21,32711.48828125,33467.63452859884,32284.10208909437,32415.60611117165,16451189
2021-12-22,33073.125,34322.40954639816,32415.60859835477,32810.11693566537,35904987
2021-12-23,35374.4375,35374.4375,32875.86844566604,33336.13255116646,27174372
2021-12-24,35111.4296875,36886.726588576086,34585.41356321593,35966.20213027029,13471998
2021-12-27,35505.9375,35768.9455582789,33862.14465413945,34848.421113494034,15132910
2021-12-28,35177.1796875,36492.21240448052,34716.91560512304,35834.696045990255,15021822
2021-12-29,34914.171875,35637.44025011771,34848.419862790106,35242.93193604948,10421969
2021-12-30,34190.90234375,34979.92270439764,34190.90234375,34848.418684424534,12433856
2021-12-31,33993.6484375,34782.668847440684,33927.89642340567,34322.40850797164,10389038
2022-01-04,35242.93359375,35505.93789576922,34388.16115400709,34519.66142542104,11474017
2022-01-05,36820.97265625,37675.74505452337,35505.93617318804,35637.44019741335,22215495
2022-01-06,36623.71484375,37478.48720056897,36294.9547991308,36492.21082590232,13707641
2022-01-07,36755.21875,37807.24713039628,36360.7066976548,36689.4667412758,13255384
2022-01-10,34190.90234375,37872.99986623302,34190.90234375,36820.97146563915,26050461
2022-01-11,35242.93359375,36557.96638142003,34256.65712340182,34848.4215019342,18701938
2022-01-12,34388.16015625,36097.70498613415,32777.24146686255,34848.42049082287,24097558
2022-01-13,32086.845703125,34848.41885880619,32086.845703125,34519.6588072283,19915275
2022-01-14,33401.8828125,33664.88709978583,31363.57797068596,31363.57797068596,10007474
2022-01-17,31067.6953125,33993.6466266632,31067.6953125,33533.38631171215,15894430
2022-01-18,30706.060546875,31889.59114856247,30180.048199188743,30245.798332952825,13238552
2022-01-19,31462.20703125,31790.96522065065,30706.0607521542,31232.07498295261,6315648
2022-01-20,32349.85546875,32810.11580630153,31363.57902063531,31626.587075916887,8308508
2022-01-21,31889.58984375,32941.618255268324,31692.337570933043,32349.85391843535,8419743
2022-01-24,29686.91015625,31692.339057339515,29686.91015625,31692.339057339515,11849727
2022-01-25,30443.0546875,30508.80670153888,28602.005812793795,28930.76400339258,8791501
2022-01-26,28338.998046875,30870.439167825363,28338.998046875,30443.05298013769,12731556
2022-01-27,27286.970703125,28273.24713761295,26366.44628154899,28207.49512470101,14358072
2022-01-28,27484.2265625,27911.61276404293,26629.454159414137,27484.2265625,5526466
2022-02-07,28207.494140625,28536.25231411972,27812.98395651223,28141.74213000695,3387831
2022-02-08,27681.48046875,28240.370690178752,27549.976444979573,28207.494684236142,6655500
2022-02-09,28733.509765625,29193.771983096227,27418.475127078007,27681.48130294916,8900101
2022-02-10,28700.6328125,29259.523032345984,28536.252783252487,28930.76297385096,4624001
2022-02-11,28634.880859375,29128.01906853072,28437.62482387449,28437.62482387449,3411981
2022-02-14,28075.990234375,28569.12843643451,27681.480048646503,27977.364097639525,7964850
2022-02-15,28569.12890625,28667.75692420293,28075.990696080906,28273.246731986765,4583605
2022-02-16,29588.28125,29917.039429330074,28799.2608677696,28799.2608677696,9116132
2022-02-17,29391.025390625,29785.535584102352,29259.52324586293,29785.535584102352,4240387
2022-02-18,29588.28125,29785.53540575982,29029.391029421982,29029.391029421982,5702686
2022-02-21,30015.66796875,30410.178166722708,29456.77773845717,29588.28176431327,6730437
2022-02-22,29128.01953125,29851.287913717053,28832.137352894497,29555.40573536155,9511308
2022-02-23,29160.89453125,29522.52871000233,29062.26651533695,29259.52254716305,5335611
2022-02-24,28075.990234375,29062.266638494013,27286.969862918,28996.51462760668,13721985
2022-02-25,28141.7421875,28602.004383171126,28075.99017674762,28404.750230509515,6146600
2022-02-28,28404.75,28996.51433277809,28075.98994890605,28273.24597956242,5803237
2022-03-01,29193.771484375,29456.777655753183,28503.37723016445,28667.757262023053,7608022
2022-03-02,28437.625,29128.01924893212,28404.750873475205,29128.01924893212,6074299
2022-03-03,28667.7578125,28733.509826506008,28075.991566041543,28536.253784487984,6740390
2022-03-04,28930.763671875,29193.77172501672,28766.385518257022,28930.763671875,6897436
2022-03-07,29654.033203125,29917.039370149683,28930.762954514907,28930.762954514907,10465147
2022-03-08,28733.509765625,29522.53017283407,28667.757751758305,29193.771983096227,7068971
2022-03-09,28371.875,28996.51536001615,28141.74295608152,28766.38519569325,6101375
2022-03-10,28437.625,28930.76321220992,28404.750873475205,28930.76321220992,3672504
2022-03-11,28338.998046875,29095.142406723444,28207.49402617248,28207.49402617248,6019266
2022-03-14,27747.232421875,28470.50079188956,27615.72839838306,28470.50079188956,5163343
2022-03-15,28569.12890625,29095.14312240341,27812.98452780198,28273.246731986765,7271683
2022-03-16,28667.7578125,28930.76398892841,28667.7578125,28930.76398892841,3570636
2022-03-17,28963.638671875,29325.27473237606,28667.75650196967,28667.75650196967,5685123
2022-03-18,28930.763671875,29325.27575158758,28667.75749832888,28930.763671875,7473076
2022-03-21,29062.267578125,29292.39962367124,28865.013418680966,28930.763552098582,6909730
2022-03-22,29719.78515625,30377.30151231457,29193.77094364101,29325.274966692148,15980198
2022-03-23,29358.1484375,30180.046683626875,29358.1484375,29917.03864339572,6483086
2022-03-24,29358.1484375,29851.286633337924,29160.894286922136,29193.77029195104,5761523
2022-03-25,29456.77734375,30048.543572577462,29292.39919322806,29423.9013377265,6317551
2022-03-28,28536.25390625,29358.15032564084,28273.24772869936,29062.26814094691,9098129
2022-03-29,28667.7578125,29029.392009937423,28602.005798493992,28799.261840512016,4480713
2022-03-30,28306.123046875,28996.51542088863,28240.37103418883,28306.123046875,6949248
2022-03-31,28273.24609375,28733.50828754489,28273.24609375,28470.50024560751,3004364
2022-04-01,28437.625,28667.75704284256,27878.73665514492,28141.74282451228,3797643
2022-04-04,28766.384765625,29259.52297276785,28602.0047367122,28832.13677719012,4761289
2022-04-05,29325.275390625,29785.5357187665,28865.013182887928,28865.013182887928,9252979
2022-04-06,29325.275390625,29917.039743718684,29095.14334695868,29095.14334695868,8579131
2022-04-07,28667.7578125,29489.654228383864,28602.005798493992,29358.15020037185,4560041
2022-04-08,28043.115234375,28700.63348722718,28010.23922775261,28667.757480604792,5278384
2022-04-12,26958.212890625,28404.751555886844,26958.212890625,28075.991486784867,5961892
2022-04-13,27582.853515625,27582.853515625,26300.694873158485,27089.71716664188,4799781
2022-04-14,26826.708984375,27812.9854369526,26826.708984375,27615.729394598824,3826769
2022-04-15,25182.916015625,26859.584848315582,25182.916015625,26826.7088414318,8572836
2022-04-18,23440.494140625,24985.6588779804,23440.494140625,24985.6588779804,12579485
2022-04-19,21829.576171875,23736.37702665441,21829.576171875,23440.49484834559,8789745
2022-04-20,20317.287109375,21665.19771547212,20317.287109375,21040.55548158494,10106268
2022-04-21,21040.5546875,21665.196897812748,19199.505940889256,19396.76196928133,10462366
2022-04-22,20350.1640625,21632.32271632673,19594.01776952861,21106.30847587574,5029862
2022-04-25,18936.5,20514.540726868912,18936.5,20054.27853493289,7622951
2022-04-26,19265.2578125,19298.133816996768,17818.719253428677,17851.595257925444,7450829
2022-04-27,19396.763671875,19659.769853221555,18739.245399115123,19199.50762616834,3824720
2022-04-28,19068.001953125,19889.900193173096,19068.001953125,19429.63800576817,4083781
2022-04-29,19265.2578125,19462.5138394806,18804.995629140736,18936.499647127806,4823638
2022-05-04,20613.169921875,20613.169921875,19528.265450367635,19725.52149231284,8070524
2022-05-05,20711.796875,21336.43721643036,20120.03065926997,21336.43721643036,8208397
2022-05-06,19396.763671875,20613.170314945764,19396.763671875,20054.28006503922,4822614
2022-05-09,18048.8515625,19035.126073785625,18048.8515625,18541.98975794057,5730642
2022-05-10,18048.8515625,18147.47769791171,16832.443136602033,16963.94715661165,5245306
2022-05-11,18278.982421875,18673.49261750159,18015.976251322467,18278.982421875,3311284
2022-05-12,17029.69921875,18739.243965726502,17029.69921875,18213.22976367324,5289654
2022-05-13,15846.1689453125,17226.955544510463,15846.1689453125,16963.947499180063,9443542
2022-05-16,15813.29296875,16733.817369909502,15780.416963023194,16437.93331836824,4187697
2022-05-17,16898.1953125,16898.1953125,15944.79491726154,16109.174943887318,5922813
2022-05-18,17292.705078125,17917.34728458394,17161.202939603758,17292.705078125,5036887
2022-05-19,17818.720703125,18081.72876049696,16733.81810525256,16733.81810525256,5760499
2022-05-20,18015.9765625,18541.990792286124,17752.96850780913,18147.478710249823,6730876
2022-05-23,18081.728515625,18476.23871674465,17358.458247242637,18410.48670329211,4910870
2022-05-24,17095.451171875,17424.209342212267,16503.684961591513,17424.209342212267,4100612
2022-05-25,18048.8515625,18081.727567502403,17194.079191628487,17226.95519663089,5600818
2022-05-26,17687.216796875,18278.98305046265,17687.216796875,18081.728885663862,4855838
2022-05-27,17720.091796875,18015.975846645444,17621.46565988039,17720.091796875,3800863
2022-05-30,17752.96875,18147.478957822703,17687.216735430276,17884.47277913945,4395092
2022-05-31,17917.34765625,18147.477813132457,17588.58948373413,17720.091624983168,6149821
2022-06-01,18015.9765625,18311.85874443161,17818.72052148185,17884.472535154564,3886193
2022-06-02,17489.962890625,18278.98332067529,17489.962890625,18048.853145075485,5670047
2022-06-03,16963.947265625,17555.713479875576,16733.817108724816,17489.961469448233,7011744
2022-06-06,16503.685546875,17292.70593550431,16437.93353455663,16832.443728871283,4833298
2022-06-07,16240.6796875,16470.809855415715,15451.658343997453,16437.93384862838,5922375
2022-06-08,16963.947265625,17029.699276052343,16437.933061801767,16437.933061801767,4568238
2022-06-09,17095.451171875,17391.33333721899,16963.94715190189,16963.94715190189,4849544
2022-06-10,16963.947265625,17489.961469448233,16832.44324477031,16832.44324477031,5797528
2022-06-13,15780.4169921875,16503.685360322856,15780.4169921875,16372.181337172591,6533142
2022-06-14,15385.90625,15879.045409434511,15188.651150104874,15385.90625,5779818
2022-06-15,14333.87890625,16043.423752023738,14333.87890625,16043.423752023738,6988472
2022-06-16,14333.87890625,14827.017131699444,14333.87890625,14596.886022476225,3685824
2022-06-17,13347.6025390625,13873.61677481392,13347.6025390625,13742.113685774972,9834620
2022-06-20,12427.078125,13676.361702835664,12427.078125,13150.347465873509,3671187
2022-06-21,11605.181640625,12394.202991890685,11572.305633514205,11638.057647735795,8393983
2022-06-22,12394.2021484375,12394.2021484375,11638.056855739993,11835.311945183308,4729674
2022-06-23,12558.58203125,12558.58203125,12131.195820324532,12394.202936232006,3855456
2022-06-24,12690.0849609375,13084.596099774271,12558.581874523774,12690.0849609375,4626489
2022-06-27,12985.9677734375,13018.843779213978,12492.829566385892,12722.96066702346,3160971
2022-06-28,13281.8505859375,13643.484761723315,13084.59549552726,13084.59549552726,5549591
2022-06-29,13380.478515625,13413.354522758891,13051.720323881713,13248.975426887248,4945411
2022-06-30,12657.208984375,13886.767121336665,12657.208984375,13597.458826864497,3194274
2022-07-01,13163.498046875,13308.151726981654,12367.901866490583,12657.209226703892,3369110
2022-07-04,13308.1513671875,13488.968462432316,13127.334271942686,13452.805043383352,3650257
2022-07-05,12693.373046875,13380.477998169634,12693.373046875,13380.477998169634,2718067
2022-07-06,12367.9013671875,12874.190166919285,12367.9013671875,12584.881878587788,3031680
2022-07-07,12440.228515625,12621.045612983336,12187.08457932333,12295.574837738332,2387822
2022-07-08,13308.1513671875,13308.1513671875,12584.882046410446,12584.882046410446,3720777
2022-07-11,13669.7861328125,13922.93005940224,13344.314430256494,13416.641266424993,5499735
2022-07-12,14212.2373046875,14284.564140350203,13597.458261756768,13669.786037217227,5560808
2022-07-13,14031.4208984375,14573.873132106586,14031.4208984375,14320.72825516885,4823811
2022-07-14,14248.4013671875,14248.4013671875,13886.767172511854,13886.767172511854,3305776
2022-07-15,14393.0546875,14610.036138712854,14248.401013223283,14248.401013223283,5780750
2022-07-18,15152.4873046875,15369.467814490696,14465.38141717961,14537.708253780676,9909876
2022-07-19,14899.34375,15152.487684448171,14573.872977138066,15116.32426524129,3801409
2022-07-20,15224.814453125,15658.776421417624,15116.324196001293,15333.304710248707,5937091
2022-07-21,15007.833984375,15333.304756732814,14935.507146073263,15043.99740352587,3620586
2022-07-22,15260.9775390625,15731.10291613486,15007.833611299262,15007.833611299262,6122704
2022-07-25,15080.1611328125,15405.631911863884,15043.997712917902,15260.978232285492,4237034
2022-07-26,15550.2861328125,15767.265706822853,15080.160746430403,15080.160746430403,8750293
2022-07-27,16201.228515625,16201.228515625,15333.304586068813,15333.304586068813,5862047
2022-07-28,16201.228515625,16743.679796850385,16201.228515625,16562.862703108593,6043934
2022-07-29,16273.5556640625,16526.699600137865,16056.575147426474,16237.392244623165,6473040
2022-08-01,16852.169921875,16960.660177275313,16490.535737207298,16562.862574140836,6840275
2022-08-02,16996.82421875,17322.29499688086,16888.333959373045,16996.82421875,6856641
2022-08-03,16924.49609375,17213.80343011565,16562.861923292934,16779.842425567174,8584905
2022-08-04,16816.005859375,17249.96686435605,16779.842442293244,16960.659527702017,4605733
2022-08-05,17141.4765625,17141.4765625,16635.188724850275,16779.842392750197,4668402
2022-08-08,17141.4765625,17647.764400149725,17069.14972855004,17213.803396449963,4971503
2022-08-09,17032.986328125,17249.96683018571,16960.659494104766,17249.96683018571,5690937
2022-08-10,17286.130859375,17647.765042283267,16852.169839885082,16996.823513048388,5976741
2022-08-11,16635.189453125,17683.928591312357,16562.86261600863,17683.928591312357,6970004
2022-08-12,16671.353515625,16924.497455310142,16562.863255759938,16635.19009566998,5938554
2022-08-15,16888.333984375,16924.497404220856,16635.190045454012,16743.68030499158,7257938
2022-08-16,17213.8046875,17358.45836624907,16888.33391031459,16996.824169376392,6860765
2022-08-17,16924.49609375,17539.27418352701,16888.332676704293,17430.78393238989,7025222
2022-08-18,16743.6796875,16996.82361708527,16743.6796875,16852.169943036544,4208694
2022-08-19,16273.5556640625,16852.170375091908,16092.738566865812,16743.680116773892,8021946
2022-08-22,15622.61328125,16201.228936036225,15586.449861563224,16092.738676975898,7476948
2022-08-23,16345.8818359375,16345.8818359375,15333.30425335928,15333.30425335928,4527628
2022-08-24,16382.0458984375,16635.189834142886,16309.719059664534,16382.0458984375,3566566
2022-08-25,16382.0458984375,16526.699575983435,16273.55564027805,16345.882479051015,3196536
2022-08-26,16128.9013671875,16526.698965750515,16128.9013671875,16309.718457443416,5732850
2022-08-29,15694.939453125,15984.247738112868,15405.63116813713,15514.122362381187,6030629
2022-08-30,15694.939453125,16020.41115626163,15694.939453125,15875.755604071042,5367345
2022-08-31,15658.7763671875,15875.75594088567,15550.28611043952,15622.612948271506,3180304
2022-09-05,16237.3916015625,16382.045273591031,15694.93939165774,15694.93939165774,5984326
2022-09-06,16707.515625,16960.65954482789,16345.881453817305,16418.208288053844,10974591
2022-09-07,16273.5556640625,16924.497213970582,16273.5556640625,16635.18985845588,10563049
2022-09-08,15911.9189453125,16562.86234843955,15839.592109364554,16562.86234843955,5801507
2022-09-09,16128.9013671875,16201.228203289866,15007.833528005289,16056.574531085133,5570255
2022-09-12,15948.0830078125,16490.53617894034,15948.0830078125,16454.372759504855,4558764
2022-09-13,16635.189453125,16635.189453125,15948.082620923931,16020.41133763586,5880808
2022-09-14,17503.111328125,17647.765000949505,16273.555109116704,16273.555109116704,22591843
2022-09-15,17358.45703125,17900.91016443581,17322.293614343977,17720.091200310224,7072059
2022-09-16,18262.544921875,18443.36201223064,17177.640500145626,17286.13075435901,21197417
2022-09-19,18045.564453125,18913.48648874037,17937.07419867308,18443.36205278205,14151036
2022-09-20,17611.6015625,18298.70838722216,17286.13079901897,18262.5449690576,11259730
2022-09-21,17973.23828125,18660.343251512742,17358.45827036667,17358.45827036667,12888602
2022-09-22,18660.34375,18660.34375,17900.911920474977,17973.238761382123,10489203
2022-09-23,18226.3828125,19275.122011864594,18226.3828125,18768.83412251617,13996958
2022-09-26,18804.99609375,18804.99609375,17430.78433470024,17864.747228860262,17037820
2022-09-27,18660.34375,19166.63163635001,18660.34375,19094.30479544288,8451583
2022-09-28,17358.45703125,18588.01508565024,17358.45703125,18479.524834932166,19347007
2022-09-29,16165.0654296875,17430.785111939058,16165.0654296875,17322.294853460353,16833978
2022-09-30,15441.794921875,15875.755949091215,15043.997313593469,15405.631502940314,16369879
2022-10-03,14393.0546875,15767.265532926587,14393.0546875,15188.65083581972,9583756
2022-10-04,13416.6416015625,14718.526564711085,13416.6416015625,14573.87288876075,10488804
2022-10-05,13850.603515625,14139.910866406371,13525.13180619817,13705.949840234314,6428733
2022-10-06,12910.353515625,13995.257006553546,12910.353515625,13742.113077956365,8762268
2022-10-07,12042.4306640625,12621.045364203825,12042.4306640625,12367.901432891997,12702456
2022-10-10,12440.228515625,12657.209032455004,11463.81525009218,12006.267481964993,7682653
2022-10-11,11572.3056640625,12367.901842931416,11572.3056640625,12367.901842931416,6065623
2022-10-12,11138.3447265625,12150.921434450198,10921.364204828957,11282.998407718196,9878210
2022-10-13,11644.6318359375,11716.958671703738,11319.161074989428,11427.651328638784,5912076
2022-10-14,12006.267578125,12259.41151645414,11933.940738602389,12114.757837408915,6760308
2022-10-17,12838.0263671875,12838.0263671875,11825.449737585435,12006.266825050492,9534659
2022-10-18,12729.5361328125,13380.477648612476,12693.372715268057,13163.497143345818,8587434
2022-10-19,12801.86328125,13163.497465546076,12693.373025961177,12765.699862820393,5978871
2022-10-20,12295.57421875,13127.333764523406,12295.57421875,12693.372752710024,8534224
2022-10-21,11463.8154296875,12512.55555059351,11463.8154296875,12295.575030364227,10328472
2022-10-24,10668.21875,11572.305148460866,10668.21875,11536.141730114345,6704957
2022-10-25,10270.4208984375,11174.507274913263,9944.950141233416,10487.401403240225,9309794
2022-10-26,9800.2958984375,10632.055471115624,9800.2958984375,10487.401795832087,5179337
2022-10-27,10451.23828125,10451.23828125,9800.295808640663,9908.787003907037,5028052
2022-10-28,10885.2001953125,11174.507541963376,10704.382163857928,10740.545582189288,9173146
2022-10-31,11536.1416015625,11572.30501950604,10595.89179523269,10993.690332409396,8292182
2022-11-01,11499.978515625,11897.777064286209,11499.978515625,11789.28680732346,5519694
2022-11-02,11427.6513671875,11897.776741051675,11427.6513671875,11644.631875218152,5785140
2022-11-03,12223.248046875,12223.248046875,11210.671357887551,11210.671357887551,11292994
2022-11-04,11391.48828125,12223.247859411473,11391.48828125,12006.26734505573,11626566
2022-11-07,10595.8916015625,11789.28625148216,10595.8916015625,11463.81455614146,10383290
2022-11-08,11066.017578125,11210.671255256391,10198.094575538857,10198.094575538857,5977274
2022-11-09,11282.998046875,11716.959076463518,11066.01753208074,11210.671208610249,5475919
2022-11-10,10523.5654296875,11138.34450200248,10523.5654296875,10849.03714552381,5713956
2022-11-11,9800.2958984375,10849.036923838716,9800.2958984375,10812.873505017831,10564779
2022-11-14,9149.3544921875,9547.152104979215,9149.3544921875,9402.49842760041,4574465
2022-11-15,8534.5751953125,8751.555705578581,8534.5751953125,8534.5751953125,4538140
2022-11-16,9113.19140625,9113.19140625,7955.960065286502,7955.960065286502,17498194
2022-11-17,9330.171875,9619.47923862858,9185.51819318571,9438.662136360716,3972652
2022-11-18,9981.1142578125,9981.1142578125,8715.392678212236,9113.191238011508,10994682
2022-11-21,10270.4208984375,10487.401403240225,10017.276976167655,10198.094063503258,7362387
2022-11-22,10125.767578125,10921.36372966452,9981.113903262867,10270.421252987137,10103740
2022-11-23,9438.662109375,10234.258296876766,9438.662109375,9908.787513725154,5967162
2022-11-24,9402.498046875,9547.151718396495,8932.373614430131,9221.680957473129,6746737
2022-11-25,10053.4404296875,10053.4404296875,9547.151643534457,9764.132149115294,6886844
2022-11-28,10740.5458984375,10740.5458984375,10559.728801456664,10595.892220852833,7311160
2022-11-29,11066.017578125,11174.507835973543,10342.748252670246,10921.363900993609,14179112
2022-11-30,11282.998046875,11355.324885139751,10776.709239223934,11174.50778947787,11810316
2022-12-01,11282.998046875,12042.4307884527,11029.854112948364,11572.305399934012,16379193
2022-12-02,12042.4306640625,12042.4306640625,10921.3637427409,10993.690580258566,15451526
2022-12-05,12874.1904296875,12874.1904296875,12404.065038926952,12584.882135451087,14072667
2022-12-06,12006.267578125,12801.863752671534,12006.267578125,12440.228615260668,26705669
2022-12-07,11789.287109375,12367.901828000931,11391.488550521855,11933.940789031483,11192936
2022-12-08,12223.248046875,12584.882243014155,11825.450431121926,11933.940689963674,11131730
2022-12-09,13055.0078125,13055.0078125,11825.450589374652,12187.084790353338,18280297
2022-12-12,13018.84375,13922.930147633271,13018.84375,13742.113056066171,19084620
2022-12-13,13742.11328125,13742.11328125,12584.881996662156,13018.843963332043,14924092
2022-12-14,13380.478515625,14320.728372503478,13380.478515625,13814.440494075428,11763480
2022-12-15,13271.98828125,13525.13222094636,12910.354081683772,13380.478541119868,9545303
2022-12-16,13597.458984375,13995.257541458082,12946.517428817282,12982.68084857049,13443711
2022-12-19,12874.1904296875,13669.786594191486,12874.1904296875,13235.824622735769,16255584
2022-12-20,12006.267578125,12946.517431716757,12006.267578125,12801.863752671534,18164405
2022-12-21,11499.978515625,12295.574673149626,11174.50774473675,12295.574673149626,9904554
2022-12-22,11572.3056640625,11861.613963522534,11138.344624569174,11861.613963522534,7101331
2022-12-23,11716.958984375,12078.594112654317,11572.305308982388,11644.632146678694,5792459
2022-12-26,11427.6513671875,12404.064593123196,11282.997695167063,11825.44990504146,11176304
2022-12-27,12150.9208984375,12150.9208984375,11427.65158476672,11644.63209692862,5728858
2022-12-28,11897.77734375,12259.411542120166,11825.450504075969,12150.921282609115,5710098
2022-12-29,12042.4306640625,12440.22827040966,11825.450151509503,11825.450151509503,8412331
2022-12-30,12476.3916015625,12801.8633079044,11970.103742493864,12187.08425352328,9376854
2023-01-03,13344.314453125,13344.314453125,12765.699762785434,12801.863180931658,10255689
2023-01-04,13199.6611328125,13995.257293060033,13199.6611328125,13705.94994016922,16129181
2023-01-05,13850.603515625,13850.603515625,13163.497617721454,13271.987874264469,14019976
2023-01-06,13235.82421875,13959.093522568604,13235.82421875,13959.093522568604,12500876
2023-01-09,13091.1708984375,13561.295347709569,12982.680640913177,13416.641671010471,8878027
2023-01-10,13995.2568359375,13995.2568359375,12765.699686514374,13091.170447885794,20938223
2023-01-11,14103.7470703125,14393.054413355496,13995.256816671375,14320.727577594747,11714648
2023-01-12,14718.5263671875,14718.5263671875,13959.093638842096,14176.074149855704,14971194
2023-01-13,14248.4013671875,14971.670696336596,14248.4013671875,14790.853598998772,12266298
2023-01-16,14537.7080078125,14827.016289119632,14176.07383092578,14320.727501680469,11565892
2023-01-17,14827.0166015625,15152.487367619044,14682.362927759592,14682.362927759592,11694557
2023-01-18,15116.32421875,15333.304733323952,14646.199770506437,14863.180285080389,11404095
2023-01-19,15333.3046875,15333.3046875,14899.343659649,14971.670497624167,10547215
2023-01-27,15622.61328125,16056.575257289122,15369.468403644758,15550.286441876447,12213475
2023-01-30,15080.1611328125,16020.411929667684,15043.997712917902,15622.613371029289,18189819
2023-01-31,15803.4287109375,15803.4287109375,14899.343260469925,14971.670096507329,11579729
2023-02-01,14718.5263671875,16056.574731366967,14718.5263671875,15911.919177762342,16700257
2023-02-02,14356.8916015625,14863.180413058884,14320.72818215546,14754.69015483776,11286341
2023-02-03,14899.34375,15188.651103655056,14465.381779719624,14465.381779719624,9290102
2023-02-06,14827.0166015625,15043.997112266865,14646.199509308864,14682.362927759592,6196018
2023-02-07,13995.2568359375,15007.83347777968,13886.766582147027,15007.83347777968,10477760
2023-02-08,14284.564453125,14646.199579154636,13597.458559486691,14212.237615878628,9133495
2023-02-09,14356.8916015625,14573.873057802552,14176.074504527292,14284.564762748418,4962589
2023-02-10,13959.09375,14429.21819427314,13959.09375,14320.727937902417,5277931
2023-02-13,13525.1318359375,13886.766965007171,13235.824484519992,13705.94987037123,8585836
2023-02-14,13633.623046875,13886.766979631915,13525.13185018139,13705.949884805546,4393641
2023-02-15,14573.873046875,14573.873046875,13669.78662257905,13669.78662257905,13367603
2023-02-16,14827.0166015625,14935.50685691468,14610.03609085814,14827.0166015625,6511760
2023-02-17,15080.1611328125,15441.795331758482,14754.690353761116,14790.853773655714,11578798
2023-02-20,15694.939453125,15694.939453125,15116.32382294703,15333.304331839605,9491415
2023-02-21,15550.2861328125,16309.71887093878,15369.468098174591,15875.75596372692,19323323
2023-02-22,14935.5068359375,15875.755714335806,14935.5068359375,15188.650764737044,15854287
2023-02-23,15116.32421875,15116.32421875,14176.074382465082,14935.507123271707,12600003
2023-02-24,14573.873046875,15260.978015093597,14501.545268317348,15116.324337573891,5338206
2023-02-27,13886.7666015625,14393.054453292563,13742.112929639625,14320.727617331127,9317512
2023-02-28,13886.7666015625,14284.564199350409,13814.439765601062,14067.583691466094,5495878
2023-03-01,14754.689453125,14754.689453125,13778.276235773948,13886.766488835428,6719993
2023-03-02,14429.2177734375,14935.506561532491,14393.054355701985,14863.179726061457,3912244
2023-03-03,14176.07421875,14754.68985739608,14176.07421875,14465.381568174147,6377639
2023-03-06,14320.7275390625,14682.36265669097,14212.237285713289,14465.381210194784,4485450
2023-03-07,14537.7080078125,14610.0357829876,14320.727501680469,14537.7080078125,4537475
2023-03-08,15188.6513671875,15188.6513671875,14320.728351365544,14429.218610868562,11929401
2023-03-09,15116.32421875,15369.46815241961,15080.16079965434,15260.977895132632,7955284
2023-03-10,14899.34375,15116.32426524129,14682.36323475871,14971.670588413765,9253245
2023-03-13,14573.873046875,14790.853563154556,14465.381848937424,14718.526724394706,5960243
2023-03-14,13886.7666015625,14682.36273693608,13850.60318358178,14465.381289254005,10470974
2023-03-15,14646.19921875,14718.526054216596,14176.07384841936,14393.054354819153,5523685
2023-03-16,14393.0546875,14537.708361776717,14103.747338946569,14393.0546875,5056793
2023-03-17,14501.544921875,14610.03611722072,14320.727829295094,14573.87269870474,5380252
2023-03-20,14103.7470703125,14754.689531957005,14103.7470703125,14320.727577594747,6154238
2023-03-21,14429.2177734375,14465.381191173015,14031.420178346816,14320.72752023095,5158846
2023-03-22,14248.4013671875,14682.36334059608,14248.4013671875,14501.545303460452,5942546
2023-03-23,14248.4013671875,14393.05504505776,14103.747689317242,14176.074528252371,4064195
2023-03-24,14573.873046875,14827.016982534484,14320.728171417715,14320.728171417715,15056749
2023-03-27,15188.6513671875,15188.6513671875,14537.70887037158,14646.20006967241,17026244
2023-03-28,15007.833984375,15694.93988803929,15007.833984375,15297.141337581945,14860492
2023-03-29,15007.833984375,15080.160822676737,14790.853469469792,14971.670565224133,9975074
2023-03-30,14790.853515625,15333.304804580754,14790.853515625,15260.97796605332,10346833
2023-03-31,14718.5263671875,14935.506878201108,14429.218079371578,14863.180041196572,12660809
2023-04-03,15152.4873046875,15152.4873046875,14827.016539982707,15043.997049785905,14402114
2023-04-04,15043.9970703125,15441.794672161128,15043.9970703125,15260.97758041175,15677189
2023-04-05,15224.814453125,15333.304710248707,14971.670519836349,15043.99735791882,13627861
2023-04-06,15188.6513671875,15875.756344039946,15152.48794735316,15369.468466359196,34049561
2023-04-07,15116.32421875,15260.977895132632,14935.507123271707,15188.651056941317,9452298
2023-04-10,14429.2177734375,15297.140738887656,14429.2177734375,15188.650485681106,28130565
2023-04-11,14537.7080078125,14573.872365298928,14320.727501680469,14429.217754746483,10013660
2023-04-12,14537.7080078125,14754.689453742289,14465.381172435156,14610.0357829876,12033052
2023-04-13,14393.0546875,14610.036138712854,14393.0546875,14537.708361776717,6569511
2023-04-14,14103.7470703125,14501.54466699662,14103.7470703125,14465.381249116244,11054158
2023-04-17,14103.7470703125,14320.727577594747,14031.42023455175,14176.073906073249,5822396
2023-04-18,14573.873046875,14646.199885634853,14103.747655138162,14176.074493898011,16384381
2023-04-19,14248.4013671875,14610.03650166095,14248.4013671875,14610.03650166095,5517965
2023-04-20,14176.07421875,14356.891312140093,14103.747381393963,14284.564474784056,4158531
2023-04-21,13886.7666015625,14248.40078136969,13778.276347620344,14176.073945408252,10074600
2023-04-24,13742.11328125,13995.257213592058,13633.623024531977,13886.766956874031,6510030
2023-04-25,13669.7861328125,14031.420313654988,13669.7861328125,13850.603223233744,4967113
2023-04-26,13959.09375,13959.09375,13561.295203509557,13669.786399678069,5252711
2023-04-27,13886.7666015625,14139.910527427532,13886.7666015625,13959.093437523938,4509267
2023-04-28,13850.603515625,14031.420609863357,13814.440096777327,14031.420609863357,5119329
2023-05-04,13959.09375,14139.910843951207,13705.949818468309,13778.276656048793,5613765
2023-05-05,13850.603515625,13995.257191015686,13850.603515625,13886.766934472673,2998549
2023-05-08,14139.9111328125,14139.9111328125,13922.9306156384,13922.9306156384,5470197
2023-05-09,14212.2373046875,14393.054393844255,14176.07388685615,14248.40072251885,5929241
2023-05-10,14248.4013671875,14356.891625590197,14103.747689317242,14248.4013671875,7367310
2023-05-11,14248.4013671875,14393.05504505776,14212.237947719936,14320.72820612263,10978183
2023-05-12,14501.544921875,14682.36295425268,14176.074155231172,14176.074155231172,12523496
2023-05-15,14393.0546875,14827.01665012793,14393.0546875,14754.68981298957,8393703
2023-05-16,14356.8916015625,14646.199896616634,14320.72818215546,14429.218440376584,7826220
2023-05-17,13959.09375,14429.21819427314,13959.09375,14393.054775482897,10431057
2023-05-18,13959.09375,14176.07426274145,13959.09375,14031.420587580482,5967427
2023-05-19,14103.7470703125,14176.073906073249,13886.766563030253,13995.256816671375,5704642
2023-05-22,14863.1796875,14971.66994042508,14212.237230151766,14248.40064779346,21017259
2023-05-23,14646.19921875,14935.506560616386,14573.872383283402,14899.343142883088,10899015
2023-05-24,14646.19921875,14899.343142883088,14573.872383283402,14682.362636483298,14548475
2023-05-25,14899.34375,15080.160846034409,14501.545198926506,14610.036396344947,19074242
2023-05-26,15007.833984375,15333.304756732814,14935.507146073263,15043.99740352587,12707911
2023-05-29,15260.9775390625,15477.95804857385,15007.833611299262,15188.650702558718,18879181
2023-05-30,15333.3046875,15477.958363450334,15152.487592562084,15369.468106487584,14301922
2023-05-31,15116.32421875,15694.939864078333,15080.16079965434,15369.46815241961,14926487
2023-06-01,15080.1611328125,15297.14165218009,15007.834293023305,15152.487972601695,13323828
2023-06-02,15694.939453125,15767.265349624757,15116.32382294703,15405.63116813713,22830679
2023-06-05,15550.2861328125,16056.574938162616,15550.2861328125,15911.919382694943,11616586
2023-06-06,15767.265625,15767.265625,15441.794855976792,15550.286052115647,15069390
2023-06-07,16237.3916015625,16454.372109605298,16020.411093519702,16056.574511526836,20328827
2023-06-08,15550.2861328125,16345.882289906804,15550.2861328125,16345.882289906804,27255057
2023-06-09,15514.123046875,15694.940145596587,15188.651329378332,15622.613306107953,14858629
2023-06-12,15911.9189453125,16056.574496803922,15514.122287396558,15622.612541318478,19513193
2023-06-13,15767.265625,16020.411436058066,15622.61288967636,16020.411436058066,16915009
2023-06-14,15752.80078125,16150.59931712574,15752.80078125,16150.59931712574,12082210
2023-06-15,15633.4619140625,15832.359777540798,15514.122632096847,15673.241674717716,6275041
2023-06-16,15752.80078125,16150.59931712574,15633.461502426606,15872.139120275631,11503175
2023-06-19,16150.599609375,16548.39721265123,15911.919167813709,15911.919167813709,17637540
2023-06-20,16787.076171875,16787.076171875,16190.37975284012,16349.498797916089,12191437
2023-06-21,16946.1953125,17065.534596979855,16787.07626652686,16946.1953125,13407448
2023-06-22,16946.1953125,17105.31435847314,16826.856028020145,17105.31435847314,13009127
2023-06-23,16985.974609375,17383.772213426873,16866.63532815944,16985.974609375,11658003
2023-06-26,17264.43359375,17423.55264146787,16866.635974455316,17304.21335567947,18491518
2023-06-27,17184.873046875,17423.55160424327,17145.093287313623,17423.55160424327,8320596
2023-06-28,16946.1953125,17343.992927432853,16906.415551006714,17304.213165939567,11855289
2023-06-29,16588.177734375,17105.314642370646,16588.177734375,16946.1955937566,15315834
2023-06-30,16588.177734375,16826.856307296068,16548.397972221486,16627.95749652851,5875752
2023-07-03,16747.296875,17145.094498720646,16667.73735025587,16747.296875,8090046
2023-07-04,16985.974609375,16985.974609375,16747.296046943877,16787.075807349065,7552742
2023-07-05,16985.974609375,17503.111494642435,16985.974609375,17184.87341140094,14843727
2023-07-06,16906.416015625,17145.09459114402,16787.07672786549,17065.535065971013,10050929
2023-07-07,17622.451171875,17741.79045577239,16866.63570719153,16866.63570719153,22776888
2023-07-10,17662.23046875,17980.4704303706,17582.67094824374,17900.910909864335,9418429
2023-07-11,17463.33203125,17821.349880985777,17343.99274800474,17741.790358822273,15074640
2023-07-12,17582.671875,17821.350449099173,17423.552825600553,17463.332587950412,9433791
2023-07-13,17702.009765625,17940.6902004915,17622.450247201334,17702.009765625,9001480
2023-07-14,18139.58984375,18258.92912695917,17662.230831317724,17741.79035345717,17543191
2023-07-17,18060.029296875,18418.0471261884,18060.029296875,18298.7078497506,10221966
2023-07-18,18298.708984375,18656.726835887544,17821.34996942934,17861.13161030411,15940592
2023-07-19,18338.48828125,18696.506123696097,18298.708520978213,18378.26804152179,12193372
2023-07-20,18537.38671875,18616.94623773196,18219.14864282219,18298.708161804145,10005932
2023-07-21,18656.7265625,18736.28608389251,18418.04799832246,18537.387280411232,9733046
2023-07-24,19929.681640625,19929.681640625,18736.286888869297,18815.846413679967,14418311
2023-07-25,20128.580078125,20884.395549763125,19889.90150813401,20526.37769477665,16120097
2023-07-26,19969.4609375,20128.57998341194,19770.56213011008,20128.57998341194,10805114
2023-07-27,20924.173828125,21003.7333458154,20049.019133530623,20049.019133530623,16606114
2023-07-28,20208.138671875,20963.95410874539,19492.10111524436,20924.17434891011,34397153
2023-07-31,20486.59765625,20844.61550639813,20327.47861173972,20526.37741737757,11881416
2023-08-01,21918.669921875,21918.669921875,20605.935985832934,20605.935985832934,30195728
2023-08-02,21719.771484375,22356.24764347327,21242.41248545576,22038.009563924137,19303159
2023-08-03,20884.39453125,21481.090927127123,20566.15645344887,21321.971888226555,22718102
2023-08-04,21481.091796875,21878.891289828443,20804.83585416667,20924.175138174025,14253926
2023-08-07,21083.29296875,21401.531041100185,20963.953691618684,21242.41200492509,16361896
2023-08-08,21162.853515625,21600.430886378403,21123.07375464742,21242.413037580165,9637246
2023-08-09,21242.412109375,21520.8704240506,21083.29307241752,21202.632350135627,11339637
2023-08-10,20844.615234375,21361.75212228475,20645.71643133279,21282.192601067865,10830879
2023-08-11,20685.49609375,21043.51393752652,20128.57944787541,20884.394895848065,13141094
2023-08-14,21162.853515625,21600.430886378403,20765.05590584918,20884.395188781928,8507237
2023-08-15,21162.853515625,21600.430886378403,20924.17494975951,21043.51423269225,15402925
2023-08-16,21162.853515625,21560.65112540082,21003.73447171468,21162.853515625,9262632
2023-08-17,21321.97265625,21878.89119205787,21123.073850459903,21361.75241740802,23064894
2023-08-18,20287.69921875,22157.349905267805,20247.919456900592,21321.97302683461,49608961
2023-08-21,20526.376953125,21003.73407585928,20287.698391757865,20924.17455540357,10267205
2023-08-22,20685.49609375,21003.734177106904,19691.00020366412,20924.17465626768,21311337
2023-08-23,21043.513671875,21441.31127104937,20605.9363127832,20924.174392122688,17739630
2023-08-24,21560.650390625,21640.21178946433,21043.51351554019,21242.412313649733,14909045
2023-08-25,21083.29296875,22515.36617392132,21083.29296875,22236.907860614905,40342095
2023-08-28,21321.97265625,21441.31193972406,20605.93695540565,21242.41313393396,22957724
2023-08-29,21719.771484375,22117.56908381142,21401.531525230326,21401.531525230326,35468254
2023-08-30,21839.111328125,21878.89108909581,21520.871360762885,21878.89108909581,18284313
2023-08-31,22992.724609375,22992.724609375,21958.450814548145,22117.56985990612,40354312
2023-09-05,23032.50390625,23350.741990548493,22833.605103563445,23191.622948399247,19288765
2023-09-06,23151.84375,23271.18303450955,22714.266373464983,23032.50446549045,18855365
2023-09-07,22793.826171875,23470.082125599896,22714.266647907367,23390.522601632263,26180219
2023-09-08,23390.521484375,23390.521484375,22594.92628270056,22674.485802868006,23536275
2023-09-11,22356.248046875,23589.42250697515,22356.248046875,23509.86298565227,23895889
2023-09-12,22913.1640625,22992.723581622755,22038.00935214968,22515.36646688622,14878805
2023-09-13,22913.1640625,23470.08069635929,22594.925986008973,22992.723581622755,24411179
2023-09-14,22157.349609375,23072.2841196932,22157.349609375,22873.38531310229,17087051
2023-09-15,21719.771484375,22435.80716336056,21520.87080506125,22236.908363642346,21072683
2023-09-18,21242.412109375,21839.11037756108,21242.412109375,21481.090664811232,13320840
2023-09-19,21600.431640625,21600.431640625,20765.05663092605,21401.53282879192,14738129
2023-09-20,22038.009765625,22157.349046548166,21600.430522644496,21640.21216254777,9287926
2023-09-21,21600.431640625,22435.8085299196,21600.431640625,22077.79066862005,16839337
2023-09-22,20208.138671875,21361.75170709823,20088.79939236915,21083.293388251244,18000541
2023-09-25,18815.845703125,20605.93682336036,18815.845703125,20208.13921432929,17827096
2023-09-26,18298.708984375,19452.32206147098,18298.708984375,18577.1673133292,15954261
2023-09-27,19094.3046875,19094.3046875,18099.81063064877,18258.92967974497,14196712
2023-09-28,19054.5234375,19253.422233340763,18537.386568314017,19094.303196668152,12698380
2023-09-29,19213.642578125,19492.100893808623,19014.74378120813,19452.32113442525,10706052
2023-10-02,19770.5625,19969.461311111147,19134.084424848686,19293.203473737605,8410838
2023-10-03,18656.7265625,19850.121262983263,18537.387280411232,19332.98249433636,16661030
2023-10-04,19253.423828125,19492.102402903947,18457.82857886184,18537.38810378816,13806253
2023-10-05,19372.76171875,19730.77955510555,19213.64268036976,19492.10099753518,10501021
2023-10-06,20287.69921875,20287.69921875,19531.88186401562,19651.221149563844,13329550
2023-10-09,20247.91796875,20407.037004452945,19929.67989734411,20208.138209824265,10270108
2023-10-10,19929.681640625,20605.93760151569,19929.681640625,20566.15783911036,10985708
2023-10-11,20526.376953125,20526.376953125,19969.46030993501,20049.019830390724,9672929
2023-10-12,20486.59765625,20765.05598414299,20287.698850612152,20605.93693963271,9567331
2023-10-13,20367.2578125,20605.936372698623,19889.90069210276,20168.359012334484,9588378
2023-10-16,19889.900390625,20526.37654150738,19889.900390625,20446.817022647083,8663155
2023-10-17,18497.607421875,20208.13900236204,18497.607421875,20128.57948139033,10229466
2023-10-18,17821.349609375,18815.84550085756,17224.653202242804,18776.06574038208,18086906
2023-10-19,17105.314453125,17900.911566988732,17065.534691411594,17861.131805275327,12549841
2023-10-20,18258.9296875,18258.9296875,16946.195652303184,16946.195652303184,10824105
2023-10-23,18219.1484375,18338.487714628023,17781.56920843508,18179.36867845733,7314209
2023-10-24,18537.38671875,18616.94623773196,17861.130807403406,18099.809364349265,6844642
2023-10-25,18139.58984375,18736.28625979586,18060.03032161056,18577.16721551696,5465456
2023-10-26,16906.416015625,17702.011267355072,16906.416015625,17702.011267355072,18995195
2023-10-27,17025.75390625,17184.872943538696,16190.378960484348,17105.313424894346,8804678
2023-10-30,15911.9189453125,17065.533858277777,15911.9189453125,16906.414819192294,5341351
2023-10-31,15116.32421875,16230.159406491872,15076.544457744776,16071.040362470974,11172107
2023-11-01,15713.021484375,15752.80124515427,15156.103893667398,15195.88365444667,8412526
2023-11-02,16787.076171875,16787.076171875,15991.48094649516,16031.260707764151,11407737
2023-11-03,17224.65234375,17582.670170185374,16826.854758821806,16985.973792793084,14059301
2023-11-06,17463.33203125,17503.111792331754,16946.195137187206,17503.111792331754,9226707
2023-11-07,17025.75390625,17821.34909269348,16946.19438760565,17343.99198082739,11768682
2023-11-08,18179.369140625,18179.369140625,17065.533979517975,17105.313739571957,12537866
2023-11-09,18338.48828125,18855.62516478325,18139.58947989106,18298.708520978213,14598541
2023-11-10,18298.708984375,18855.625642283405,18060.03041669997,18060.03041669997,15976033
2023-11-13,18497.607421875,18656.72646381839,17900.91101458728,18378.26814041745,7498915
2023-11-14,18656.7265625,18895.40512667754,18457.82775901872,18736.28608389251,10227288
2023-11-15,18537.38671875,19173.86287060562,18418.04744027707,19094.303351623665,9337144
2023-11-16,18736.28515625,18736.28515625,18258.928051529103,18378.267327709327,8855723
2023-11-17,18378.267578125,19173.86276350032,18298.70805958747,18776.06517081266,15823261
2023-11-20,18418.048828125,18577.16787807894,17821.350511202072,17900.911915774697,9917873
2023-11-21,18776.06640625,18815.846168136217,18537.387834932702,18696.50688247757,7234738
2023-11-22,19094.3046875,19412.542785692392,18855.626113855706,18935.185638403804,15056616
2023-11-23,17821.349609375,19293.20262656332,17821.349609375,19134.083584661395,14831631
2023-11-24,18020.25,18139.589279496984,17184.873163925575,18139.589279496984,11707718
2023-11-27,17582.671875,18258.929714543312,17582.671875,18020.251140444136,5621253
2023-11-28,18020.25,18060.029759832327,17582.670762248857,17622.450522081184,8582232
2023-11-29,18258.9296875,18298.709449790946,18060.03087604528,18298.709449790946,5451062
2023-11-30,18060.029296875,18577.166161438792,18060.029296875,18298.7078497506,6785615
2023-12-01,18060.029296875,18258.928090938,17821.34886440392,18258.928090938,5864261
2023-12-04,19293.203125,19293.203125,18457.82813343315,18457.82813343315,18312134
2023-12-05,19492.1015625,19651.2206054922,19372.76228025585,19412.5420410039,14177963
2023-12-06,19730.779296875,19810.340694619368,19452.32098335395,19571.660260577257,8513890
2023-12-07,19492.1015625,19810.34152807997,18696.50634753901,19810.34152807997,21431208
2023-12-08,19253.423828125,19611.44169029342,19134.084540735526,19492.102402903947,7790307
2023-12-11,19412.541015625,19531.8802915656,19134.082705096946,19531.8802915656,6989310
2023-12-12,19412.541015625,19611.43980885933,19332.98149833127,19531.8802915656,5179144
2023-12-13,19571.66015625,20128.578659918927,19372.761361938057,19651.21967397477,21170298
2023-12-14,19094.3046875,19850.12205030258,19014.745162951906,19810.34228802853,11190251
2023-12-15,18855.625,19332.98211908974,18736.285720227566,19253.422599241447,12666931
2023-12-18,18577.16796875,18974.96559557641,18577.16796875,18855.626307528488,7537259
2023-12-19,18935.185546875,18935.185546875,18497.60816397562,18696.50697438443,5620406
2023-12-20,19253.423828125,19253.423828125,18935.185728419736,18974.965490882896,5063990
2023-12-21,19134.083984375,19253.423268294453,19014.744700455547,19094.30422306852,4262872
2023-12-22,19173.86328125,19332.982322621738,18935.18471919239,19213.64304159293,5019356
2023-12-25,19492.1015625,19492.1015625,19173.86347651561,19213.64323726365,5883615
2023-12-26,19571.66015625,19889.9001067446,19531.880397387613,19571.66015625,9910494
2023-12-27,19452.322265625,19730.78059750165,19452.322265625,19691.000835804985,6753317
2023-12-28,19492.1015625,19571.6610839961,19412.5420410039,19452.32180175195,5621736
2023-12-29,19651.220703125,19730.780225016373,19492.101659342254,19492.101659342254,8145688
2024-01-02,19412.541015625,19889.89999898286,19372.76125697813,19889.89999898286,6965965
2024-01-03,19969.4609375,20247.919267845893,19293.20311277865,19332.982874256635,14854613
2024-01-04,19691.0,20009.239959660907,19571.660719975487,19969.46019965273,11201863
2024-01-05,19730.779296875,19929.67997184268,19571.660260577257,19730.779296875,8835281
2024-01-08,19850.12109375,20128.579416249784,19810.341333392887,19889.90085410712,10375464
2024-01-09,19611.44140625,19969.46114282868,19492.102120588985,19929.681380941674,7577781
2024-01-10,19094.3046875,19730.780883884785,18974.96540067785,19691.001121610738,11450436
2024-01-11,19372.76171875,19372.76171875,19094.30340158457,19253.422439964816,7054024
2024-01-12,18815.845703125,19213.643312156066,18696.50642041568,19213.643312156066,12398279
2024-01-15,18974.96484375,19253.423171495404,18935.18508264351,19014.744604856485,5443079
2024-01-16,19412.541015625,19412.541015625,18855.624394568888,18855.624394568888,5670846
2024-01-17,19372.76171875,19571.660516725304,19332.98195915494,19492.10099753518,6619777
2024-01-18,19730.779296875,19730.779296875,19372.76146520508,19372.76146520508,10944339
2024-01-19,19691.0,20009.239959660907,19611.440479983656,19850.12091962822,7229779
2024-01-22,19889.900390625,19929.68015005515,19651.2199544486,19889.900390625,10381633
2024-01-23,20208.138671875,20367.25771121613,19889.90059319273,20009.23987269858,15414416
2024-01-24,20088.798828125,20247.91786299688,19929.67979325312,20208.13810427891,7805790
2024-01-25,20088.798828125,20128.57858684297,19770.56075838124,20088.798828125,6793476
2024-01-26,20247.91796875,20327.47748660147,20049.01917412132,20168.35845089853,8623843
2024-01-29,19969.4609375,20327.478790801862,19969.4609375,20287.69902932388,6227867
2024-01-30,20327.478515625,20446.81779844344,19969.460667169693,19969.460667169693,6783194
2024-01-31,20327.478515625,20605.93684220135,20049.02018904865,20526.3773203224,10695767
2024-02-01,20208.138671875,20367.25771121613,20128.579152204435,20208.138671875,3966157
2024-02-02,20049.01953125,20446.81712759324,20049.01953125,20208.138569787294,6882986
2024-02-05,19929.681640625,20208.139977462342,19889.901878219665,20128.58045265168,6392131
2024-02-06,19969.4609375,20088.80022193396,19889.90141454403,20009.240698977985,3950916
2024-02-07,20168.359375,20486.59746098736,20009.24033200632,20208.13913574842,6938628
2024-02-15,20208.138671875,20446.817230886703,20208.138671875,20247.918431710284,7415694
2024-02-16,20208.138671875,20526.376750557272,20128.579152204435,20327.477951380853,9178928
2024-02-19,20327.478515625,20367.25827656448,20049.02018904865,20247.918993746043,7866270
2024-02-20,20168.359375,20486.59746098736,20168.359375,20446.81770023893,9714176
2024-02-21,19889.900390625,20208.13846606619,19889.900390625,20168.35870663604,9829330
2024-02-22,19730.779296875,20168.35852628929,19730.779296875,19889.90021276824,11783923
2024-02-23,19173.86328125,19889.900847018376,19134.083520907065,19730.779926051084,13073477
2024-02-26,19253.423828125,19412.54287797764,19014.745253346053,19213.644065661843,7217562
2024-02-27,19571.66015625,19611.43991511239,19253.42208535089,19253.42208535089,6148880
2024-02-28,19492.1015625,19730.7801269883,19372.76228025585,19730.7801269883,6682193
2024-02-29,19412.541015625,19651.219567506192,19332.98149833127,19492.10053291873,7743859
2024-03-01,19969.4609375,20049.02046045597,19412.542397212605,19452.32215869059,12274295
2024-03-04,19889.900390625,20208.13846606619,19810.340871764703,20128.578947205893,9625633
2024-03-05,19969.4609375,20247.919267845893,19810.34189158806,19810.34189158806,9459555
2024-03-06,19571.66015625,20247.91793650609,19492.100638525226,20049.01914219415,10052380
2024-03-07,19691.0,19730.77976000817,19571.660719975487,19611.440479983656,7028380
2024-03-08,19452.322265625,19770.562238793933,19452.322265625,19730.78059750165,11822146
2024-03-11,19054.5234375,19452.321029181523,19014.743678331848,19372.76151084522,8612835
2024-03-12,19054.5234375,19253.422233340763,19014.743678331848,19173.862715004456,6026952
2024-03-13,19412.541015625,19452.320774271862,19014.743429156348,19173.862463743808,7514881
2024-03-14,19531.880859375,19690.9998985882,19372.76182016181,19492.1010995717,8084603
2024-03-15,19531.880859375,19850.12081739692,19492.1010995717,19492.1010995717,8443128
2024-03-18,20049.01953125,20049.01953125,19014.74390116205,19571.66053604259,17578632
2024-03-19,20049.01953125,20685.495685399183,20049.01953125,20287.698089055943,14322994
2024-03-20,20009.240234375,20168.359276592288,19770.561671049072,20128.579516037964,7400574
2024-03-21,20327.478515625,20605.93684220135,19969.460667169693,20208.139232806563,20812982
2024-03-22,20407.037109375,20924.17397806841,20327.477591114475,20605.935905026312,16223639
2024-03-25,20168.359375,20924.17482921997,20128.57961425158,20526.377221735776,13609088
2024-03-26,20367.2578125,20407.037572533103,19969.460212168964,20128.57925230138,6613488
2024-03-27,20327.478515625,20804.835646898744,20327.478515625,20605.93684220135,9304727
2024-03-28,20287.69921875,20566.15755169586,20208.139695051184,20486.598027997043,5450094
2024-03-29,20287.69921875,20407.038504298223,19969.461123954738,20327.478980599408,7605601
2024-04-01,20367.2578125,20645.716132731726,20208.138772367587,20327.478052466897,8341522
2024-04-02,20526.376953125,20526.376953125,19969.46030993501,20327.47815198572,6567644
2024-04-03,20566.15625,21282.191917969223,20526.37649066837,20526.37649066837,21806547
2024-04-04,20208.138671875,20645.71603006312,20168.35891203972,20526.376750557272,6806782
2024-04-05,19730.779296875,20128.57876721485,19730.779296875,20088.799008140417,9295050
2024-04-08,19571.66015625,19850.120347882206,19492.100638525226,19730.77919169956,4724092
2024-04-09,19810.341796875,19810.341796875,19492.101826977017,19691.00063341601,3867696
2024-04-10,19452.322265625,19929.68128558059,19452.322265625,19889.901523883927,4483019
2024-04-11,19412.541015625,19492.10053291873,19173.862463743808,19253.42198103754,4402702
2024-04-12,19571.66015625,19651.21967397477,19412.541120800448,19452.320879662835,4358188
2024-04-15,18219.1484375,19531.880485908267,18219.1484375,19492.100726865592,10569000
2024-04-16,17463.33203125,18219.1493713989,17184.873703677727,18219.1493713989,12044350
2024-04-17,17184.873046875,17702.009921172914,17184.873046875,17662.230161611536,5347520
2024-04-19,16707.515625,17264.432248621357,16548.396589679614,16787.075142660193,8158510
2024-04-22,16866.634765625,17184.87283825265,16588.176452075804,17065.53356101728,3843141
2024-04-23,16588.177734375,17065.534880217136,16548.397972221486,16866.636069449578,4671475
2024-04-24,17224.65234375,17423.551136214097,16707.515483343348,16826.854758821806,4058087
2024-04-25,17264.43359375,17542.891927256278,17105.314546032125,17264.43359375,3019524
2024-04-26,17622.451171875,17622.451171875,16906.41546849066,16946.195229789788,4180377
2024-05-02,18298.708984375,18457.828029491688,17900.911371583283,17900.911371583283,7100593
2024-05-03,18099.810546875,18378.26888150452,17900.911736425343,18378.26888150452,3237978
2024-05-06,18219.1484375,18378.267473670698,18060.029401329302,18258.928196542674,4931176
2024-05-07,18219.1484375,18497.606750798725,18099.809160371977,18298.70795558535,4722157
2024-05-08,18179.369140625,18258.928660732963,17861.131060193147,18219.14890067898,5280992
2024-05-09,18139.58984375,18577.16721551696,17980.470799471106,18219.149365889447,5517953
2024-05-10,17821.349609375,18219.14909372536,17821.349609375,18219.14909372536,5122897
2024-05-13,17702.009765625,17900.910441279666,17662.230006413167,17821.3490432605,3907975
2024-05-14,17702.009765625,18020.24971891516,17702.009765625,17821.3490432605,2732123
2024-05-15,17861.130859375,18060.029657408628,17702.00994135258,17900.910618981725,4787596
2024-05-16,17900.91015625,18258.927983455906,17900.91015625,18060.02919056373,6450554
2024-05-17,18099.810546875,18179.370071054866,17980.471260605205,18020.25102269513,4320933
2024-05-20,18497.607421875,18616.946703332545,18179.369337988217,18338.48837993161,10609885
2024-05-21,18378.267578125,18537.386615200063,18139.5890225124,18497.6068559313,5625728
2024-05-22,18099.810546875,18537.38792986424,18020.25102269513,18298.709357324657,7157445
2024-05-23,18418.048828125,18457.828590613484,18099.81072821712,18099.81072821712,6834602
2024-05-24,17980.470703125,18378.26831169069,17662.23073667687,18298.708789977554,9287066
2024-05-27,17940.69140625,18099.810453791408,17702.01095534226,18060.030691906057,3300635
2024-05-28,18179.369140625,18179.369140625,17940.69058030111,17940.69058030111,4141791
2024-05-29,18338.48828125,18656.72636342431,17980.470438803906,18179.369240162847,10486264
2024-05-30,18616.947265625,18935.18535912361,18099.81036368976,18179.369887064408,10976757
2024-05-31,18298.708984375,18815.845881004232,18298.708984375,18696.50659716672,4907226
2024-06-03,18497.607421875,18776.065745275937,18378.26814041745,18577.166942846696,7878608
2024-06-04,18577.16796875,18815.84654484585,18497.60844338472,18537.38820606736,7089223
2024-06-05,18338.48828125,18696.506123696097,18338.48828125,18577.16684288073,6611310
2024-06-06,18418.048828125,18776.06669052136,18338.48930314803,18457.828590613484,8127786
2024-06-07,18418.048828125,18656.72740305591,18418.048828125,18577.16787807894,4577610
2024-06-10,18378.267578125,18696.50565227513,18338.487818856232,18696.50565227513,6292097
2024-06-11,18099.810546875,18457.82840568438,18020.25102269513,18457.82840568438,8724602
2024-06-12,18298.708984375,18378.268506933346,18020.2506554208,18099.810177979143,5473802
2024-06-13,18338.48828125,18537.387082608944,18298.708520978213,18457.82756206537,10824710
2024-06-14,18355.9921875,18935.185832894585,18355.9921875,18667.86597803488,8809236
2024-06-17,17910.45703125,18445.09669803559,17865.903099152696,18400.5446455338,5291784
2024-06-18,17821.349609375,18133.22338260569,17821.349609375,18133.22338260569,4117716
2024-06-19,17464.923828125,17955.011455851865,17464.923828125,17865.903589213038,5117580
2024-06-20,17331.263671875,17643.13744167501,17197.6037533315,17643.13744167501,3781404
2024-06-21,17063.943359375,17331.263189014287,17019.389427903287,17242.155326070864,3678804
2024-06-24,16930.283203125,17375.816922165246,16930.283203125,17019.39107469045,4493988
2024-06-25,16974.8359375,17153.049788422002,16930.282004870613,17108.49585579262,2806164
2024-06-26,16930.283203125,17242.15699441274,16841.17721115522,17019.39107469045,2400300
2024-06-27,16752.0703125,17108.49614068368,16662.962445757403,16930.282286794056,2812428
2024-06-28,16261.982421875,16885.72996062902,16172.874556569832,16841.17602797644,3942324
2024-07-01,16618.408203125,16618.408203125,16261.982381574246,16395.64229960522,1837404
2024-07-02,16752.0703125,16752.0703125,16573.856458610375,16618.408512386104,2291868
2024-07-03,16796.623046875,16974.836907985853,16707.517056117398,16752.070991294022,1348272
2024-07-04,16662.962890625,16930.282738798556,16662.962890625,16930.282738798556,1839888
2024-07-05,16618.408203125,16796.622053698145,16573.856150178366,16752.070000751508,2078028
2024-07-08,16529.302734375,16841.17651272891,16529.302734375,16752.070524454477,2466396
2024-07-09,17375.81640625,17375.81640625,16529.30292908655,16707.516787330333,5266944
2024-07-10,17153.05078125,17509.47850372424,17108.49684604181,17509.47850372424,4379292
2024-07-11,17153.05078125,17375.816698099665,17108.49684604181,17331.26464248712,2840940
2024-07-12,16974.8359375,17286.70970671462,16930.282004870613,17153.049788422002,2036772
2024-07-15,16841.17578125,17108.49561405814,16796.62184925014,17108.49561405814,2163996
2024-07-16,16841.17578125,17063.943561653792,16841.17578125,16841.17578125,2523204
2024-07-17,16395.642578125,17019.390125929105,15950.108883921434,17019.390125929105,3664008
2024-07-18,16573.857421875,16573.857421875,16261.983629341095,16573.857421875,2390040
2024-07-19,16573.857421875,16662.963414200825,16351.08962166692,16484.749549953496,2902824
2024-07-22,16395.642578125,16618.408485428998,16217.42872452446,16618.408485428998,1958040
2024-07-23,16039.21484375,16529.302470422277,16039.21484375,16529.302470422277,2536164
2024-07-24,16128.3232421875,16351.089156461989,15816.449458526718,16039.215372801204,3349944
2024-07-25,16128.3232421875,16440.197025848283,16128.3232421875,16128.3232421875,2055456
2024-07-26,16306.5361328125,16306.5361328125,16172.874336672106,16261.982200765702,1141884
2024-07-29,16261.982421875,16440.196272889796,16172.874556569832,16306.536354527583,1596024
2024-07-30,16128.3232421875,16351.089156461989,16039.215372801204,16261.983166671318,2099628
2024-07-31,16128.3232421875,16261.983166671318,16039.215372801204,16217.42923197817,2499228
2024-08-01,15771.8955078125,16440.197009148353,15682.788578314532,16217.429215504526,3552660
2024-08-02,15682.7880859375,15950.108866038596,15370.915252182896,15682.7880859375,2979396
2024-08-05,14613.5078125,15638.235121993255,14613.5078125,15415.468274720904,6000804
2024-08-06,15014.4873046875,15059.041237222338,14613.507550660546,14880.827386678517,2416392
2024-08-07,14969.9345703125,15148.148423932069,14925.380637008717,15059.041497122284,1256148
2024-08-08,15816.44921875,15994.663075225251,14880.827881951634,14880.827881951634,8253817
2024-08-09,16128.3232421875,16172.875297285023,15816.449458526718,16128.3232421875,2919888
2024-08-12,16573.857421875,16662.963414200825,15994.663772767944,16128.323701054518,4463316
2024-08-13,16484.748046875,16618.40796297447,16128.322230474909,16618.40796297447,2708532
2024-08-14,16395.642578125,16752.070285326077,16261.982657823486,16573.856431725537,2842668
2024-08-15,16484.748046875,16707.515826771123,16217.428214676054,16395.642062673855,3123252
2024-08-16,16974.8359375,17063.94380275877,16484.748317363374,16618.408235655992,5577120
2024-08-19,16841.17578125,17286.709462462073,16841.17578125,17108.49561405814,3191724
2024-08-20,17108.49609375,17153.050026999073,16796.622320197614,16841.176253446687,5193828
2024-08-21,17242.15625,17598.583961682056,17063.94427375456,17063.94427375456,7950636
2024-08-22,16930.283203125,17242.15699441274,16885.731146937946,17242.15699441274,3215484
2024-08-23,16930.283203125,17063.945010473177,16796.623275372494,16974.837138907726,3155868
2024-08-26,16796.623046875,17286.710695030928,16796.623046875,17286.710695030928,3300696
2024-08-27,17063.943359375,17153.04934272293,16752.069598264003,16885.729513083646,3363228
2024-08-28,17063.943359375,17242.155326070864,16841.175581611933,17108.49541125122,3386880
2024-08-29,16841.17578125,17063.943561653792,16841.17578125,17063.943561653792,1763856
2024-08-30,16752.0703125,16930.282286794056,16752.0703125,16841.176299647028,1678860
2024-09-04,17197.603515625,17375.815484822713,16529.302052549276,16529.302052549276,6288624
2024-09-05,16885.73046875,17286.710235902818,16841.176534756712,17197.604247511834,2274912
2024-09-06,16930.283203125,17153.051002442957,16885.731146937946,16885.731146937946,2565216
2024-09-09,16752.0703125,17108.49614068368,16752.0703125,16930.282286794056,3370356
2024-09-10,16618.408203125,16974.835904271287,16573.856150178366,16930.28197172912,2502576
2024-09-11,16395.642578125,16662.962418728024,16306.536591122513,16618.408485428998,2666844
2024-09-12,16039.21484375,16573.85640364582,16039.21484375,16573.85640364582,2962116
2024-09-13,16128.3232421875,16306.537101364464,16039.215372801204,16217.42923197817,2477520
2024-09-16,16217.4287109375,16484.748551316567,16039.214857486268,16306.536577460898,2670840
2024-09-17,16752.0703125,16752.0703125,16217.428750831128,16217.428750831128,4492044
2024-09-18,16351.0888671875,16796.622567449962,16306.536812878168,16662.962645330783,5564712
2024-09-19,16484.748046875,16618.40796297447,16306.536078472707,16484.748046875,5537484
2024-09-20,16618.408203125,16662.96213566717,16440.19623214739,16618.408203125,5882340
2024-09-23,16618.408203125,17019.389836813458,16618.408203125,16618.408203125,10591776
2024-09-24,16796.623046875,16796.623046875,16618.40918576415,16662.963120940774,2957256
2024-09-25,16796.623046875,17019.390843162477,16796.623046875,16930.28297280923,5937192
2024-09-26,16885.73046875,17063.944325127562,16752.07054636573,16885.73046875,5528088
2024-09-27,16662.962890625,17019.39060792015,16662.962890625,17019.39060792015,6151356
2024-09-30,16707.515625,16930.28152261035,16662.961693639736,16662.961693639736,3799548
2024-10-01,17197.603515625,17375.815484822713,16796.62188594136,16841.175818038544,12498624
2024-10-02,17019.390625,17286.710473441824,17019.390625,17108.4966146154,5157216
2024-10-03,16662.962890625,17286.710456093708,16618.408956064202,17063.944542480953,7147224
2024-10-04,16395.642578125,16752.070285326077,16306.536591122513,16662.962418728024,5607144
2024-10-07,16306.5361328125,16573.855965902258,16128.322284220822,16484.748101808662,5183460
2024-10-08,16306.5361328125,16440.19604935738,16172.874336672106,16261.982200765702,2548260
2024-10-09,16573.857421875,16618.409478240075,16395.64355762767,16395.64355762767,2736072
2024-10-10,16395.642578125,16707.51635202705,16395.642578125,16662.962418728024,2981880
2024-10-11,16440.197265625,16573.857192058218,16395.643330282044,16440.197265625,2031372
2024-10-14,16529.302734375,16796.6225787939,16529.302734375,16573.856668310014,4188996
2024-10-15,16306.5361328125,16752.069814493934,16306.5361328125,16618.408018353544,4090824
2024-10-16,16217.4287109375,16440.19649765043,16172.8747776758,16306.536577460898,1930716
2024-10-17,16440.197265625,16440.197265625,16083.76954207265,16351.089394939088,2749140
2024-10-18,16217.4287109375,16484.748551316567,16217.4287109375,16484.748551316567,3951612
2024-10-21,16128.3232421875,16351.089156461989,16128.3232421875,16217.42923197817,2646864
2024-10-22,15950.109375,16261.983158504152,15905.55544032923,16128.323234087462,4738176
2024-10-23,15994.6630859375,16128.323008484556,15905.5552178424,15950.10915188995,3576960
2024-10-24,15994.6630859375,16217.42899698406,15905.5552178424,16172.87506293651,3235788
2024-10-25,15771.8955078125,16083.76929115648,15771.8955078125,15994.663301456323,3015576
2024-10-28,15861.0029296875,15994.662850265153,15771.895062905352,15816.448996296427,1528308
2024-10-29,15816.44921875,15994.663075225251,15816.44921875,15994.663075225251,2795484
2024-10-30,15816.44921875,16083.769063665077,15682.788356494664,15950.109141207538,9983736
2024-10-31,15816.44921875,15950.109141207538,15771.895284732287,15950.109141207538,2470728
2024-11-01,15593.6826171875,15950.10939603466,15593.6826171875,15816.4494714417,3019680
2024-11-04,15281.80859375,15727.342295275252,15237.254659718796,15727.342295275252,4884732
2024-11-05,15237.2548828125,15549.128666405984,15237.2548828125,15370.915747065288,2580552
2024-11-06,15638.2353515625,15638.2353515625,15326.361572843343,15460.021495209328,4550580
2024-11-07,15549.1279296875,15771.894773157024,15504.5749369127,15771.894773157024,2889432
2024-11-08,15460.021484375,15638.235340603282,15370.915496058657,15638.235340603282,2032560
2024-11-11,15950.109375,16039.21536474592,15415.468737535428,15460.021732408388,3896100
2024-11-12,15682.7880859375,16083.768786190254,15682.7880859375,15950.108866038596,2128788
2024-11-13,15549.1279296875,15816.44870572959,15460.021004340137,15682.78784780966,3336228
2024-11-14,15326.361328125,15682.788095342428,15326.361328125,15593.682108386409,2036556
2024-11-15,15370.9150390625,15504.57495736094,15192.701188132734,15281.808113597615,4433724
2024-11-18,15415.46875,15638.235604140546,15281.808825475237,15370.915755091017,3869532
2024-11-19,15415.46875,15593.68260923156,15148.148900950471,15504.57567961578,3893832
2024-11-20,15415.46875,15682.788599049529,15326.36182038422,15460.021744908983,4909248
2024-11-21,15460.021484375,15549.12841248914,15281.808567944516,15415.468490216828,4159944
2024-11-22,15549.1279296875,15905.554691279183,15415.468011565335,15460.021004340137,4884732
2024-11-25,15638.2353515625,15727.342279739089,15549.128423385911,15593.682357373104,3000672
2024-11-26,15771.8955078125,15950.109366808434,15638.235583464451,15638.235583464451,3700296
2024-11-27,15593.6826171875,15771.895536712173,15593.6826171875,15771.895536712173,1615140
2024-11-28,15593.6826171875,15771.895536712173,15593.6826171875,15771.895536712173,1880172
2024-11-29,15504.5751953125,15682.788109179564,15504.5751953125,15682.788109179564,3002076
2024-12-02,16039.21484375,16306.53656349569,15593.682090099046,15638.235083524807,8233164
2024-12-03,15771.8955078125,16039.21535650859,15771.8955078125,16039.21535650859,3398976
2024-12-04,15682.7880859375,16039.21485294118,15638.23509248621,15861.002879136013,3476628
2024-12-05,16039.21484375,16039.21484375,15593.682090099046,15682.788076950568,3829528
2024-12-06,15905.5546875,16306.536321366746,15905.5546875,16083.768538152382,4979772
2024-12-09,16083.7685546875,16217.428472915317,15950.108636459683,15994.66256906747,3796308
2024-12-10,15950.109375,16217.429223833382,15950.109375000002,16083.769299416692,2931012
2024-12-11,15861.0029296875,16083.768837451733,15861.0029296875,16039.214904060656,3943404
2024-12-12,15816.44921875,15994.663075225251,15771.895284732287,15950.109141207538,2380428
2024-12-13,15593.6826171875,15816.4494714417,15593.6826171875,15816.4494714417,5944104
2024-12-16,15682.7880859375,15727.342019186572,15549.128165785844,15682.7880859375,1958472
2024-12-17,15638.2353515625,15727.342279739089,15638.2353515625,15682.788345751896,4254660
2024-12-18,15682.7880859375,15771.895012637866,15593.682099034915,15682.7880859375,1882440
2024-12-19,15504.5751953125,15593.682122144925,15370.915274962756,15593.682122144925,6506676
2024-12-20,15415.46875,15593.68260923156,15370.915755091017,15504.57567961578,5073192
2024-12-23,15415.46875,15549.128674524763,15370.915755091017,15504.57567961578,2600748
2024-12-24,15370.9150390625,15460.021024729616,15326.361106431174,15415.468031896056,2768904
2024-12-25,16217.4287109375,16440.19649765043,15415.46825000252,15415.46825000252,19624032
2024-12-26,15950.109375,16351.089148250072,15950.109375000002,16261.983158504152,4078728
2024-12-27,16217.4287109375,16351.088631127031,15905.554937296736,16039.214857486268,7180488
2024-12-30,16440.197265625,16662.96318314848,16172.87553316291,16217.429468505868,8601228
2024-12-31,16172.875,16573.85664567635,16172.875,16395.64278977526,2753676
2025-01-02,16306.5361328125,16484.748101808662,16172.874336672106,16217.428268718904,4171392
2025-01-03,16128.3232421875,16440.197025848283,16128.3232421875,16306.537101364464,3479220
2025-01-06,16261.982421875,16618.408244309056,16083.768570860202,16128.322503512789,7804728
2025-01-07,15950.109375,16440.197017591614,15861.003385254082,16440.197017591614,5018544
2025-01-08,16172.875,16172.875,15861.003101667578,15950.10908982033,2193480
2025-01-09,16039.21484375,16440.196483570755,16039.21484375,16217.428697048605,4075920
2025-01-10,16217.4287109375,16484.748551316567,16039.214857486268,16039.214857486268,5624964
2025-01-13,16440.197265625,16752.071053834396,16172.87553316291,16217.429468505868,7624368
2025-01-14,16529.302734375,16796.6225787939,16484.748800439986,16529.302734375,8236512
2025-01-15,17375.81640625,17554.030264493784,16529.30292908655,16618.408918410634,21522024
2025-01-16,17375.81640625,17509.47820962955,17197.604427601833,17375.81640625,9335520
2025-01-17,17420.369140625,17643.136917982214,17242.15529465832,17375.815209234457,9782263
2025-01-20,17331.263671875,17687.689494792485,17242.155806448973,17554.029576248984,6719760
2025-01-21,17331.263671875,17554.029576248984,17242.155806448973,17554.029576248984,7838825
2025-01-22,17375.81640625,17554.030264493784,17286.71041692592,17420.37034070985,7601688
2025-01-23,17643.138671875,17821.350655962127,17375.816936552965,17554.030800235763,13926816
2025-01-24,17554.029296875,17732.243145295222,17420.369380458713,17554.029296875,5580684
2025-02-03,17910.45703125,17999.563015849093,17554.0293336626,17598.583265759902,7893720
2025-02-04,18266.884765625,18445.096735182087,17999.563052098332,17999.563052098332,11926116
2025-02-05,18355.9921875,18355.9921875,18133.2243887198,18311.438251824828,7869204
2025-02-06,18133.22265625,18578.75633164791,18088.67060442705,18445.096416988086,8283060
2025-02-07,18088.671875,18400.545657644525,18088.671875,18177.77786450032,11200356
2025-02-10,18088.671875,18400.545657644525,17910.458016403754,18133.223929952343,8250984
2025-02-11,18578.7578125,18712.419617409058,18177.77803655974,18177.77803655974,11417544
2025-02-12,19202.50390625,19336.16382127961,18578.75638304816,18623.31031458986,16830288
2025-02-13,19380.71875,19425.272683834093,19024.291038518422,19202.50489425921,9545688
2025-02-14,19157.953125,19469.82690728668,19068.84525600631,19469.82690728668,9406584
2025-02-17,19247.05859375,19737.146221171188,19157.952606762312,19291.612527041627,11757420
2025-02-18,19380.71875,19425.272683834093,19068.84497235252,19247.058828093308,8473788
2025-02-19,19469.826171875,19648.038143939742,19202.504454586782,19380.71830624708,7679664
2025-02-20,19157.953125,19603.4868311816,19113.399190503154,19558.93289668476,6886620
2025-02-21,19113.3984375,19469.826140241483,19024.290572016856,19068.84450475843,8264052
2025-02-24,19113.3984375,19380.71827475834,19024.290572016856,19247.05835612917,6680988
2025-02-25,19603.486328125,19603.486328125,19157.952633376502,19291.612553841496,12456072
2025-02-26,19247.05859375,19959.912128438187,19247.05859375,19603.48630089188,10031256
2025-02-27,19291.61328125,19291.61328125,18890.63162514006,19247.05934621653,9553464
2025-02-28,19024.291015625,19380.718726677656,18979.738961440107,19380.718726677656,7917264
2025-03-03,19380.71875,19425.272683834093,18935.185050445823,19113.39890618661,9600120
2025-03-04,19514.37890625,19781.69875327357,19202.505124857304,19336.165048369086,13804776
2025-03-05,19157.953125,19648.038886082828,19157.953125,19558.93289668476,6117768
2025-03-06,19603.486328125,19603.486328125,19113.398700022983,19157.952633376502,9511560
2025-03-07,19247.05859375,19870.8061414505,19247.05859375,19692.59228787956,11950740
2025-03-10,19336.1640625,19558.93184339206,19247.058077900485,19247.058077900485,8311140
2025-03-11,19781.69921875,20138.12694289881,19157.95352088307,19202.50557670493,21027708
2025-03-12,19692.591796875,19826.251713821708,19514.37794774755,19826.251713821708,7527924
2025-03-13,18623.310546875,19781.697744643632,18534.20456227569,19737.14569214173,27039744
2025-03-14,18623.310546875,18712.418411069822,18355.990713481548,18534.20456227569,14483988
2025-03-17,18623.310546875,18801.524395669137,18534.20456227569,18712.418411069822,13172544
2025-03-18,18266.884765625,18801.5244334873,18266.884765625,18756.970501300268,6911784
2025-03-19,18534.205078125,18578.757131866885,18222.33130395397,18222.33130395397,10406556
2025-03-20,18712.419921875,18979.739776851347,18400.54613120404,18623.31205048577,7292700
2025-03-21,18667.865234375,18979.739012485963,18578.757366574388,18712.419168275308,6384528
2025-03-24,18801.525390625,18979.73924885002,18623.31153239998,18667.86546685514,4632336
2025-03-25,18667.865234375,18846.07909038064,18667.865234375,18801.52515648033,7165476
2025-03-26,18756.970703125,19024.290539932503,18667.86471738768,18712.418650054107,7333632
2025-03-27,18756.970703125,18979.738486861614,18712.418650054107,18846.078568457862,5976720
2025-03-28,18890.630859375,19202.504632775646,18667.864952429147,18801.524872515773,8819820
2025-03-31,19380.71875,19514.37867190669,18756.97119470504,18846.079062373225,16524324
2025-04-01,19425.2734375,19558.93336459246,19291.61351040754,19425.2734375,5439528
2025-04-02,19291.61328125,19870.806918302533,19247.05934621653,19558.93313225953,8753184
2025-04-03,17955.01171875,19068.845031279645,17955.01171875,18355.9914857092,21774096
2025-04-04,18445.09765625,18846.07930676552,17197.604409078413,17197.604409078413,19509984
2025-04-08,17197.603515625,18133.222932497298,17197.603515625,17999.563015801254,12772944
2025-04-09,16217.4287109375,17509.477738762256,16083.768790747969,16083.768790747969,14877972
2025-04-10,17331.263671875,17331.263671875,17331.263671875,17331.263671875,233928
2025-04-11,18534.205078125,18534.205078125,17554.029822274475,17821.34966310805,18252864
2025-04-14,19336.1640625,19336.1640625,18623.31054691734,18846.0783278094,13621500
2025-04-15,19870.806640625,20316.340345946814,18756.971437522658,19157.95308802922,29868264
2025-04-16,19959.912109375,20138.12596277573,19514.378415670955,20138.12596277573,11720376
2025-04-17,19959.912109375,20138.12596277573,19648.038335822614,19648.038335822614,10286892
2025-04-18,19514.37890625,20271.78639254717,19514.37890625,20227.23245817804,17463168
2025-04-21,19603.486328125,20227.23199709644,19514.37846141796,19514.37846141796,15344748
2025-04-22,19336.1640625,19692.59176008909,18266.884728923764,19514.377911294545,30526092
2025-04-23,19291.61328125,20004.4668438073,19291.61328125,19826.252983269063,9944424
2025-04-24,19157.953125,19514.378962187908,18801.525408216472,19514.378962187908,10515204
2025-04-25,19202.50390625,19737.14544596393,19157.951854303792,19247.0578377917,9342000
2025-04-28,19024.291015625,19291.612738712287,18979.738961440107,19247.058804931807,4506300
2025-04-29,18979.73828125,19113.398198205785,18890.63041688246,19068.844266022017,4496796
2025-05-05,19514.37890625,19514.37890625,18712.419365179307,18846.07928869109,11870323
2025-05-06,19113.3984375,19558.93212612908,18979.73851887083,19558.93212612908,9863807
2025-05-07,19247.05859375,19336.164580737684,18979.738753191374,19113.39867347069,6145681
2025-05-08,19247.05859375,19425.27244732094,19068.84474017906,19336.164580737684,6961552
2025-05-09,18979.73828125,19692.5917982127,18979.73828125,19291.61204734534,12506248
2025-05-12,18935.185546875,19113.39940728807,18712.41963105539,19068.84547228589,11638944
2025-05-13,19113.3984375,19202.5044233876,18979.73851887083,19157.95237024157,7146819
2025-05-14,19113.3984375,19514.37819338751,19024.290572016856,19202.5044233876,10739778
2025-05-15,19648.0390625,19781.69898759503,19113.399362119868,19157.95329701676,24334236
2025-05-16,19469.826171875,19915.35986122796,19425.27223906104,19692.592076753703,14231062
2025-05-19,19514.37890625,19737.146698500044,19336.165048369086,19380.718982738217,11422360
2025-05-20,19469.826171875,19915.35986122796,19425.27223906104,19603.486090721333,13280781
2025-05-21,20806.427734375,20806.427734375,19425.27270068058,19692.5925447258,35164108
2025-05-22,20450.0,21029.19362132353,20271.78614430147,20761.87377757353,15156558
2025-05-23,20539.10546875,20940.08710383235,20405.4455502544,20494.553415648494,12666639
2025-05-26,20450.0,20672.76778952206,19915.3603125,20672.76778952206,20120324
2025-05-27,20694.4453125,21064.814453125,20509.259765625,20787.037109375,14035863
2025-05-28,20555.5546875,21111.111328125,20509.259765625,20833.333984375,10086399
2025-05-29,20601.8515625,20972.22265625,20509.259765625,20648.1484375,12507674
2025-05-30,20185.185546875,20648.1484375,20185.185546875,20601.8515625,16168183
2025-06-02,20879.62890625,21018.517578125,20046.296875,20092.591796875,12113820
2025-06-03,20833.333984375,21064.814453125,20648.1484375,20925.92578125,11574824
2025-06-04,20740.740234375,21481.482421875,20648.1484375,20925.92578125,12634747
2025-06-05,20601.8515625,21203.703125,20555.5546875,20740.740234375,10239893
2025-06-06,20324.07421875,20694.4453125,20231.482421875,20601.8515625,11411809
2025-06-09,19814.814453125,20370.37109375,19768.517578125,20231.482421875,10919232
2025-06-10,19861.111328125,20138.888671875,19768.517578125,19768.517578125,9804514
2025-06-11,20000.0,20200.0,19600.0,20200.0,4884921
2025-06-12,20050.0,20200.0,20000.0,20000.0,3799382
2025-06-13,19700.0,20000.0,19350.0,19750.0,10803650
2025-06-16,20150.0,20150.0,19500.0,19500.0,5868664
2025-06-17,20600.0,20700.0,20050.0,20200.0,12359510
2025-06-18,20850.0,21400.0,20750.0,20800.0,15301100
2025-06-19,20750.0,21050.0,20750.0,20900.0,6686350
2025-06-20,21350.0,21400.0,20800.0,20850.0,17938890
2025-06-23,21950.0,22350.0,21250.0,21250.0,17189770
2025-06-24,21600.0,22150.0,21450.0,22100.0,11707710
2025-06-25,21550.0,21950.0,21550.0,21700.0,7195524
2025-06-26,21750.0,22000.0,21450.0,21600.0,10709600
2025-06-27,22000.0,22150.0,21900.0,21950.0,13849380
2025-06-30,22050.0,22300.0,21850.0,22050.0,6431115
2025-07-01,23050.0,23500.0,22800.0,23250.0,25348750
2025-07-02,22700.0,23050.0,22600.0,23000.0,8882223
2025-07-03,23000.0,23400.0,22600.0,22700.0,20544450
2025-07-04,22850.0,23500.0,22700.0,23250.0,9556550
2025-07-07,22900.0,23000.0,22750.0,23000.0,8068021
2025-07-08,22850.0,23150.0,22750.0,23100.0,7974889
2025-07-09,22800.0,23300.0,22750.0,23000.0,11860380
2025-07-10,23100.0,23650.0,23000.0,23100.0,14092050
2025-07-11,22800.0,23200.0,22600.0,23150.0,12248290
2025-07-14,23150.0,23300.0,22550.0,23000.0,12486500
2025-07-15,22850.0,23450.0,22850.0,23300.0,10184500
2025-07-16,23300.0,23600.0,22800.0,22850.0,20367430
2025-07-17,23350.0,24000.0,23250.0,23500.0,15324580
2025-07-18,23350.0,23900.0,23000.0,23700.0,11247230
2025-07-21,23350.0,23850.0,23200.0,23550.0,11268400
2025-07-22,23400.0,23450.0,23050.0,23250.0,9233089
2025-07-23,24300.0,25000.0,23450.0,23700.0,26429320
2025-07-24,24050.0,24500.0,23800.0,24500.0,10980760
2025-07-25,25700.0,25700.0,24450.0,24700.0,30006750
2025-07-28,26350.0,26600.0,25650.0,26300.0,15120460
2025-07-29,24650.0,26450.0,24650.0,26400.0,37001730
2025-07-30,25400.0,25500.0,24500.0,25200.0,16649900
2025-07-31,25900.0,25900.0,24650.0,25700.0,16842470
2025-08-01,26400.0,27450.0,25400.0,25800.0,22522100
2025-08-04,26600.0,26700.0,26150.0,26350.0,10768350
2025-08-05,25600.0,27300.0,25000.0,26800.0,26263500
2025-08-06,25900.0,26350.0,25850.0,26000.0,10679330
2025-08-07,26400.0,26600.0,25850.0,26300.0,11921720
2025-08-08,26350.0,26800.0,25900.0,26750.0,10143690
2025-08-11,26350.0,27350.0,26300.0,26550.0,16654320
2025-08-12,26250.0,26500.0,25950.0,26500.0,11883740
2025-08-13,26800.0,27300.0,26250.0,26400.0,20879120
2025-08-14,26800.0,27100.0,26400.0,27000.0,15908970
2025-08-15,26950.0,28250.0,26600.0,27100.0,46834830
2025-08-18,27600.0,27850.0,26900.0,27150.0,32141280
2025-08-19,27200.0,28150.0,27150.0,28000.0,19345470
2025-08-20,25950.0,27200.0,25500.0,27200.0,34004200
2025-08-21,25800.0,26500.0,25700.0,26100.0,15648440
2025-08-22,24550.0,25650.0,24250.0,25300.0,20126650
2025-08-25,24550.0,25100.0,23900.0,24750.0,10655290
2025-08-26,25500.0,25550.0,24500.0,24500.0,10623280
2025-08-27,25400.0,25750.0,25300.0,25700.0,7745889
2025-08-28,25550.0,26100.0,25400.0,25600.0,9229185
2025-08-29,25400.0,25800.0,25300.0,25550.0,9763857
2025-09-03,26250.0,26450.0,25400.0,25450.0,11109600
2025-09-04,26400.0,26650.0,26150.0,26300.0,9548240
2025-09-05,25900.0,27100.0,25800.0,26500.0,15008950
2025-09-08,25200.0,25950.0,25000.0,25700.0,15311480
2025-09-09,25450.0,25500.0,25050.0,25400.0,7591837
2025-09-10,25300.0,25700.0,25200.0,25500.0,6030363
2025-09-11,25750.0,25800.0,25050.0,25400.0,12244840
2025-09-12,26950.0,27550.0,25900.0,25900.0,25984930
2025-09-15,28600.0,28650.0,26950.0,27100.0,30341690
2025-09-16,27650.0,28700.0,27550.0,28700.0,16271180
2025-09-17,26900.0,28000.0,26850.0,27750.0,14595230
2025-09-18,27300.0,27350.0,26700.0,26950.0,10629190
2025-09-19,26700.0,27450.0,26650.0,27450.0,10307250
2025-09-22,26950.0,27150.0,26450.0,27000.0,11581150
2025-09-23,26550.0,27400.0,26500.0,27000.0,5378667
2025-09-24,27350.0,27350.0,26300.0,26550.0,8153991
2025-09-25,27950.0,28400.0,27300.0,27550.0,22482260
2025-09-26,27700.0,28450.0,27600.0,28000.0,12102870
2025-09-29,28000.0,29100.0,27700.0,27700.0,16878160
2025-09-30,27700.0,28150.0,26500.0,28000.0,13127880
2025-10-01,27400.0,27950.0,27350.0,27950.0,7141572
2025-10-02,27400.0,27900.0,27200.0,27550.0,8125363
2025-10-03,27250.0,27600.0,27000.0,27400.0,7941380
2025-10-06,28000.0,28200.0,27300.0,27550.0,10029290
2025-10-07,28000.0,28650.0,28000.0,28250.0,16884360
2025-10-08,27700.0,28300.0,27400.0,28300.0,12539970
2025-10-09,27750.0,28400.0,27600.0,27900.0,8469339
2025-10-10,27950.0,28600.0,27900.0,27900.0,13108360
2025-10-13,28250.0,28250.0,27450.0,27600.0,13041170
2025-10-14,27600.0,28900.0,27500.0,28600.0,20843420
2025-10-15,27250.0,27850.0,27150.0,27700.0,13603610
2025-10-16,27700.0,27900.0,27150.0,27300.0,12136530
2025-10-17,27650.0,28300.0,27500.0,27750.0,16057930
2025-10-20,25750.0,28100.0,25750.0,27650.0,18797630
2025-10-21,25500.0,25950.0,24750.0,25800.0,18209390
2025-10-22,26000.0,26000.0,24600.0,25800.0,10084520
2025-10-23,25650.0,26600.0,25600.0,26050.0,7532316
2025-10-24,25550.0,25700.0,25100.0,25550.0,6692390
2025-10-27,25400.0,26000.0,25300.0,25700.0,6017383
2025-10-28,26000.0,26000.0,25250.0,25300.0,5342185
2025-10-29,26250.0,26600.0,26000.0,26150.0,6450338
2025-10-30,26350.0,26800.0,26200.0,26300.0,6390260
2025-10-31,26050.0,27300.0,26050.0,26800.0,16314310
2025-11-03,24650.0,26050.0,24650.0,26050.0,10458330
2025-11-04,24900.0,24950.0,23250.0,24750.0,16737750
2025-11-05,24200.0,24750.0,24050.0,24550.0,7202500
2025-11-06,24250.0,24550.0,24100.0,24350.0,4859198
2025-11-07,23450.0,24250.0,23200.0,24200.0,9828582
2025-11-10,23400.0,23800.0,23200.0,23400.0,4226677
2025-11-11,23500.0,23600.0,23300.0,23450.0,3152713
2025-11-12,24150.0,24200.0,23700.0,23700.0,4069967
2025-11-13,23900.0,24250.0,23850.0,24150.0,3820347
2025-11-14,24100.0,24400.0,23800.0,23850.0,4255847
2025-11-17,24600.0,24700.0,24250.0,24350.0,4418619
2025-11-18,24500.0,24750.0,24300.0,24750.0,2964918
2025-11-19,24500.0,24850.0,24350.0,24450.0,4424632
2025-11-20,24100.0,24550.0,24050.0,24500.0,2551695
2025-11-21,24250.0,24400.0,23950.0,24050.0,4554304
2025-11-24,23950.0,24400.0,23850.0,24400.0,2958475
2025-11-25,23750.0,24100.0,23500.0,23950.0,4081970
2025-11-26,24300.0,24300.0,23650.0,23650.0,4654828
2025-11-27,24050.0,24550.0,23950.0,24500.0,3281186
2025-11-28,23750.0,24050.0,23700.0,23950.0,4304626
2025-12-01,23750.0,24150.0,23750.0,23800.0,3422822
2025-12-02,23700.0,23750.0,23300.0,23700.0,4415311
2025-12-03,24100.0,24100.0,23750.0,23800.0,3660465
2025-12-04,24400.0,24550.0,24200.0,24200.0,6619588
2025-12-05,24600.0,24750.0,24150.0,24500.0,5116598
2025-12-08,24400.0,24900.0,24200.0,24650.0,3746169
2025-12-09,24450.0,24500.0,23900.0,24400.0,5873182
2025-12-10,24250.0,24800.0,24200.0,24650.0,3537503
2025-12-11,24350.0,24550.0,24200.0,24250.0,2729224
2025-12-12,23100.0,24450.0,23100.0,24400.0,6357555
2025-12-15,22900.0,23300.0,22900.0,23250.0,3189360
2025-12-16,23500.0,23600.0,22400.0,23050.0,5539238
2025-12-17,23800.0,24050.0,23450.0,23450.0,2968254
2025-12-18,24000.0,24000.0,23650.0,23850.0,3120934
2025-12-19,23850.0,24250.0,23700.0,24250.0,3829364
2025-12-22,23950.0,24150.0,23700.0,23700.0,6044145
2025-12-23,23600.0,24050.0,23500.0,24050.0,5565199
2025-12-24,23450.0,23800.0,23400.0,23550.0,3621162
2025-12-25,23200.0,23600.0,23200.0,23400.0,5051305
2025-12-26,22900.0,23450.0,22600.0,23100.0,4290050
2025-12-29,22900.0,23400.0,22800.0,22800.0,3724038
2025-12-30,22850.0,23150.0,22800.0,22900.0,3661625
2025-12-31,22600.0,22950.0,22600.0,22900.0,5574406
2026-01-05,22150.0,22850.0,21900.0,22650.0,4398235
2026-01-06,22150.0,22350.0,21750.0,22200.0,4706638
2026-01-07,22450.0,22600.0,22200.0,22250.0,3747458
2026-01-08,22350.0,22750.0,22350.0,22500.0,5117263
2026-01-09,21450.0,22550.0,21350.0,22550.0,9234070
2026-01-12,22500.0,22800.0,21400.0,21700.0,6765954
2026-01-13,22900.0,23150.0,22700.0,22950.0,6726765
2026-01-14,23500.0,23600.0,22800.0,23000.0,8763291
2026-01-15,23300.0,23900.0,23050.0,23500.0,4688722
2026-01-16,23300.0,23600.0,23150.0,23500.0,4591952
2026-01-19,23600.0,24200.0,23300.0,23300.0,7437952
2026-01-20,23300.0,23900.0,23300.0,23850.0,4294241
2026-01-21,22950.0,23400.0,22700.0,23250.0,6106175
2026-01-22,23100.0,23700.0,22800.0,23000.0,6493018
2026-01-23,22800.0,23400.0,22700.0,23150.0,4411609
2026-01-26,21250.0,22700.0,21250.0,22600.0,24737650
2026-01-27,19800.0,20200.0,19800.0,19800.0,38338110
2026-01-28,19450.0,20250.0,18950.0,19500.0,17353710
2026-01-29,19000.0,19700.0,18900.0,19450.0,9415215
2026-01-30,19150.0,19450.0,18850.0,18950.0,7768773
2026-02-02,19200.0,19650.0,19050.0,19250.0,7937105
2026-02-03,19200.0,19500.0,19200.0,19350.0,6168851
2026-02-04,19200.0,19450.0,18550.0,19200.0,8890653
2026-02-05,18900.0,19250.0,18900.0,19250.0,4668104
2026-02-06,18200.0,18750.0,18150.0,18600.0,8297280
2026-02-09,18200.0,18500.0,18100.0,18400.0,3779061
2026-02-10,18200.0,18550.0,18150.0,18200.0,3598215
2026-02-11,18450.0,18650.0,18250.0,18250.0,3171942
2026-02-12,18800.0,19100.0,18450.0,18450.0,5348473
2026-02-13,18900.0,18950.0,18650.0,18900.0,2673646
2026-02-23,19250.0,19400.0,18950.0,19100.0,6372042
2026-02-24,19200.0,19350.0,19100.0,19250.0,4784807
2026-02-25,19650.0,19950.0,19350.0,19400.0,9804521
2026-02-26,19300.0,19550.0,19150.0,19500.0,6064004
2026-02-27,19150.0,19250.0,19100.0,19250.0,5095604
2026-03-02,18700.0,19000.0,18500.0,18500.0,6164095
2026-03-03,18950.0,19300.0,18600.0,18600.0,5341788
2026-03-04,19150.0,19200.0,18600.0,18950.0,9242924
2026-03-05,19700.0,20400.0,19250.0,19300.0,13444090
2026-03-06,20050.0,20650.0,19450.0,19750.0,11766990
2026-03-09,18650.0,19500.0,18650.0,18800.0,14193300
2026-03-10,19950.0,19950.0,18900.0,19500.0,16323200
2026-03-11,21300.0,21300.0,20600.0,20800.0,7679137
2026-03-12,22750.0,22750.0,22000.0,22750.0,42847240
2026-03-13,23500.0,24000.0,22200.0,22600.0,22392730
2026-03-16,23600.0,24500.0,22950.0,24000.0,18830300
2026-03-17,22700.0,23650.0,22700.0,23550.0,17218010
2026-03-18,22100.0,23100.0,21700.0,22450.0,19647610
2026-03-19,23000.0,23600.0,21700.0,21750.0,20281310
2026-03-20,22300.0,23050.0,22200.0,22850.0,10015060
2026-03-23,20750.0,22000.0,20750.0,21750.0,18802190
2026-03-24,20550.0,21500.0,20200.0,20850.0,13418920
2026-03-25,21950.0,21950.0,20950.0,21000.0,15465960
2026-03-26,21750.0,22600.0,21750.0,22000.0,9274916
2026-03-27,21900.0,22200.0,21650.0,21750.0,9377868
2026-03-30,22150.0,22500.0,21200.0,21300.0,9938905
2026-03-31,22000.0,22850.0,22000.0,22500.0,7890395
2026-04-01,22500.0,22950.0,22150.0,22450.0,12305750
2026-04-02,22200.0,23000.0,22150.0,22400.0,9446563
2026-04-03,21400.0,22350.0,21300.0,22300.0,14479840
2026-04-06,20950.0,21750.0,20950.0,21400.0,6719992
2026-04-07,21350.0,22000.0,21050.0,21250.0,5108688
2026-04-08,22250.0,22700.0,22000.0,22700.0,11840210
2026-04-09,22950.0,23450.0,22050.0,22400.0,28066660
2026-04-10,22850.0,23400.0,22800.0,23300.0,8437757
2026-04-13,22700.0,23450.0,22600.0,22650.0,13924170
2026-04-14,22850.0,23200.0,22550.0,23200.0,8550213
2026-04-15,22400.0,23150.0,22300.0,23000.0,11563460
2026-04-16,22000.0,22500.0,21800.0,22450.0,12151430
2026-04-17,22250.0,22350.0,21900.0,22100.0,4772631
2026-04-20,22200.0,22700.0,22150.0,22250.0,5495993
2026-04-21,22000.0,22450.0,22000.0,22350.0,5170648
2026-04-22,21650.0,22100.0,21650.0,21900.0,6132315
2026-04-23,22700.0,23000.0,21550.0,21800.0,13154360
2026-04-24,22900.0,23300.0,22550.0,22900.0,13729510
2026-04-28,22050.0,22850.0,22000.0,22800.0,10684990
2026-04-29,22150.0,22400.0,22000.0,22150.0,5443077
2026-05-04,22800.0,23250.0,22250.0,22350.0,13012360
2026-05-05,22850.0,23450.0,22550.0,22900.0,11599100
2026-05-06,23200.0,23250.0,22700.0,22900.0,9476915
2026-05-07,22350.0,23700.0,22350.0,23500.0,21956980
2026-05-08,22050.0,22500.0,21750.0,22300.0,14325380
2026-05-11,21800.0,22200.0,21750.0,22150.0,10928800
2026-05-12,22000.0,22050.0,21850.0,21900.0,3407764
2026-05-13,21750.0,22150.0,21600.0,22150.0,5854706
2026-05-14,21750.0,21900.0,21750.0,21750.0,3705482
2026-05-15,21600.0,21950.0,21550.0,21800.0,5401996
2026-05-18,21200.0,21600.0,21000.0,21550.0,10040000
2026-05-19,21100.0,21500.0,21050.0,21300.0,3811844
2026-05-20,20900.0,21300.0,20000.0,21100.0,8517847
2026-05-21,20800.0,21100.0,20550.0,21050.0,2844172
2026-05-22,21000.0,21050.0,20500.0,20800.0,3192413
2026-05-25,20900.0,21150.0,20800.0,21100.0,2243283
2026-05-26,20750.0,21000.0,20650.0,20650.0,2666800
2026-05-27,20800.0,21050.0,20750.0,20800.0,2787400
